<?xml version="1.0" encoding="UTF-8"?>
<kml xmlns="http://www.opengis.net/kml/2.2" xmlns:gx="http://www.google.com/kml/ext/2.2">
    <Document id="13">
        <Placemark id="15">
            <name>RF04</name>
            <LineString id="14">
                <coordinates>15.438096666666668,78.24768666666667,78.24768666666667 15.439838333333334,78.24758833333334,78.24758833333334 15.441635000000002,78.24749333333332,78.24749333333332 15.443478333333335,78.24740166666668,78.24740166666668 15.445358333333333,78.24730833333334,78.24730833333334 15.447265,78.24721,78.24721 15.449195000000001,78.247105,78.247105 15.45115333333333,78.246995,78.246995 15.453135000000001,78.24687833333334,78.24687833333334 15.455139999999998,78.24676,78.24676 15.457171666666666,78.24664333333334,78.24664333333334 15.45922,78.24652833333332,78.24652833333332 15.461281666666666,78.24641499999998,78.24641499999998 15.463346666666666,78.24629666666667,78.24629666666667 15.46542,78.24618166666667,78.24618166666667 15.467495000000001,78.24606999999999,78.24606999999999 15.469565,78.24596333333335,78.24596333333335 15.471619999999998,78.24585833333333,78.24585833333333 15.473666666666666,78.24575333333334,78.24575333333334 15.475708333333333,78.24564666666667,78.24564666666667 15.477743333333335,78.24553666666667,78.24553666666667 15.479775,78.24542666666666,78.24542666666666 15.481799999999998,78.24531499999999,78.24531499999999 15.483818333333334,78.24520166666666,78.24520166666666 15.485831666666664,78.24508666666667,78.24508666666667 15.487845,78.24496833333333,78.24496833333333 15.489858333333334,78.244845,78.244845 15.491869999999999,78.24472,78.24472 15.493881666666667,78.24459333333333,78.24459333333333 15.495888333333335,78.24446166666667,78.24446166666667 15.49789333333333,78.24433166666665,78.24433166666665 15.499895,78.24419833333333,78.24419833333333 15.501891666666664,78.24406333333334,78.24406333333334 15.503884999999999,78.24392666666667,78.24392666666667 15.505888333333333,78.24379166666667,78.24379166666667 15.507905000000001,78.24365499999999,78.24365499999999 15.509936666666665,78.24351499999999,78.24351499999999 15.511983333333333,78.24336833333334,78.24336833333334 15.514045,78.24321833333335,78.24321833333335 15.51612,78.24306666666665,78.24306666666665 15.518200000000002,78.24291000000001,78.24291000000001 15.520281666666666,78.24274833333334,78.24274833333334 15.522361666666665,78.24258166666667,78.24258166666667 15.524438333333336,78.24241,78.24241 15.52651,78.24223666666667,78.24223666666667 15.528573333333334,78.24206500000001,78.24206500000001 15.53062,78.24189333333335,78.24189333333335 15.532646666666668,78.24172166666666,78.24172166666666 15.534651666666667,78.24155333333333,78.24155333333333 15.53664,78.24138666666666,78.24138666666666 15.53861166666667,78.24122000000001,78.24122000000001 15.540573333333336,78.241055,78.241055 15.542528333333333,78.24089166666666,78.24089166666666 15.544471666666668,78.24072999999999,78.24072999999999 15.546405,78.24056666666667,78.24056666666667 15.548331666666666,78.24040333333335,78.24040333333335 15.550259999999998,78.24024166666666,78.24024166666666 15.552193333333332,78.24008500000001,78.24008500000001 15.554141666666665,78.23993666666667,78.23993666666667 15.556108333333336,78.23979666666666,78.23979666666666 15.55811,78.23966999999999,78.23966999999999 15.560151666666666,78.23955666666669,78.23955666666669 15.562238333333335,78.23946,78.23946 15.56436333333333,78.23938166666667,78.23938166666667 15.566525000000002,78.23932333333335,78.23932333333335 15.568711666666664,78.23928666666667,78.23928666666667 15.570916666666669,78.23927166666667,78.23927166666667 15.573131666666665,78.23928333333333,78.23928333333333 15.575345,78.23931833333333,78.23931833333333 15.577551666666668,78.23937666666666,78.23937666666666 15.579750000000002,78.23945666666667,78.23945666666667 15.58194,78.23956000000001,78.23956000000001 15.584109999999999,78.23969166666667,78.23969166666667 15.586249999999998,78.23984999999999,78.23984999999999 15.588349999999998,78.24003666666668,78.24003666666668 15.590396666666667,78.24025166666668,78.24025166666668 15.592386666666668,78.24049333333333,78.24049333333333 15.594311666666666,78.24076166666667,78.24076166666667 15.596161666666667,78.24105833333333,78.24105833333333 15.597935,78.24138,78.24138 15.599643333333333,78.24172,78.24172 15.60127,78.24208333333331,78.24208333333331 15.60279833333333,78.24246666666666,78.24246666666666 15.604210000000002,78.24287666666669,78.24287666666669 15.605498333333333,78.24330666666667,78.24330666666667 15.606674999999997,78.24375500000001,78.24375500000001 15.60774166666667,78.24421999999998,78.24421999999998 15.608688333333335,78.24470166666667,78.24470166666667 15.609498333333333,78.2452,78.2452 15.61016,78.245715,78.245715 15.61067,78.24624499999999,78.24624499999999 15.611035000000001,78.246785,78.246785 15.611256666666668,78.24733666666665,78.24733666666665 15.611345,78.247895,78.247895 15.611305,78.24846,78.24846 15.611131666666665,78.24902833333333,78.24902833333333 15.610828333333332,78.24959833333334,78.24959833333334 15.610398333333334,78.25016666666669,78.25016666666669 15.609826666666665,78.250735,78.250735 15.609126666666668,78.25129833333334,78.25129833333334 15.608321666666667,78.25185833333335,78.25185833333335 15.607425,78.25241333333334,78.25241333333334 15.606433333333332,78.25296166666666,78.25296166666666 15.605346666666668,78.25350166666666,78.25350166666666 15.604175000000001,78.254035,78.254035 15.60293,78.25455833333335,78.25455833333335 15.601610000000003,78.255075,78.255075 15.600213333333333,78.25558,78.25558 15.598746666666669,78.25607666666666,78.25607666666666 15.597211666666665,78.25656166666667,78.25656166666667 15.595615,78.25703666666668,78.25703666666668 15.593974999999999,78.25750500000001,78.25750500000001 15.592313333333333,78.25796833333334,78.25796833333334 15.590639999999999,78.25842666666667,78.25842666666667 15.588958333333336,78.25888166666665,78.25888166666665 15.587258333333333,78.25933166666665,78.25933166666665 15.585533333333336,78.259775,78.259775 15.583781666666669,78.26021333333333,78.26021333333333 15.582008333333333,78.26064833333334,78.26064833333334 15.580218333333335,78.26107666666665,78.26107666666665 15.578406666666668,78.26150166666667,78.26150166666667 15.576576666666666,78.26191999999999,78.26191999999999 15.574741666666666,78.262335,78.262335 15.57290333333333,78.26274333333333,78.26274333333333 15.571056666666667,78.26314500000001,78.26314500000001 15.569205,78.26354166666667,78.26354166666667 15.567353333333331,78.263935,78.263935 15.565503333333334,78.26432666666668,78.26432666666668 15.563649999999999,78.26471666666666,78.26471666666666 15.561788333333334,78.265105,78.265105 15.559915000000002,78.26549,78.26549 15.55803,78.26586999999999,78.26586999999999 15.556143333333333,78.26624666666666,78.26624666666666 15.554253333333333,78.26662166666665,78.26662166666665 15.552356666666668,78.26699833333335,78.26699833333335 15.550444999999998,78.26737333333334,78.26737333333334 15.548518333333336,78.26774833333334,78.26774833333334 15.546570000000001,78.26812333333335,78.26812333333335 15.544605000000002,78.26849666666666,78.26849666666666 15.542628333333335,78.26887166666666,78.26887166666666 15.540646666666666,78.26924666666666,78.26924666666666 15.538661666666668,78.26962333333333,78.26962333333333 15.536671666666667,78.27000166666667,78.27000166666667 15.534676666666666,78.27038,78.27038 15.532676666666667,78.27076000000001,78.27076000000001 15.530668333333333,78.27114,78.27114 15.52865,78.27151999999998,78.27151999999998 15.526626666666669,78.2719,78.2719 15.524601666666667,78.27228333333333,78.27228333333333 15.522566666666666,78.27266666666667,78.27266666666667 15.520518333333332,78.27305000000001,78.27305000000001 15.518463333333333,78.27343333333334,78.27343333333334 15.516406666666667,78.27381999999999,78.27381999999999 15.514355000000002,78.27420833333333,78.27420833333333 15.512308333333333,78.2746,78.2746 15.510273333333334,78.27499666666667,78.27499666666667 15.508249999999997,78.27539499999999,78.27539499999999 15.506236666666666,78.27579833333331,78.27579833333331 15.504233333333332,78.276205,78.276205 15.502231666666667,78.27661166666665,78.27661166666665 15.500233333333332,78.27701833333334,78.27701833333334 15.498239999999997,78.27742666666666,78.27742666666666 15.496255,78.27783666666667,78.27783666666667 15.494273333333334,78.27824833333334,78.27824833333334 15.492291666666667,78.27865833333334,78.27865833333334 15.490303333333335,78.27906999999999,78.27906999999999 15.488308333333336,78.27948166666665,78.27948166666665 15.486313333333332,78.279895,78.279895 15.484318333333333,78.28030833333335,78.28030833333335 15.482324999999998,78.28072333333331,78.28072333333331 15.480331666666665,78.28114,78.28114 15.478336666666666,78.28155833333334,78.28155833333334 15.476345,78.28197833333334,78.28197833333334 15.474351666666667,78.28240000000001,78.28240000000001 15.472361666666666,78.28282333333333,78.28282333333333 15.470375,78.28324833333333,78.28324833333333 15.468398333333333,78.28367499999999,78.28367499999999 15.466421666666669,78.284105,78.284105 15.464443333333335,78.284535,78.284535 15.462463333333334,78.284965,78.284965 15.460485,78.28539500000001,78.28539500000001 15.45852,78.28582833333334,78.28582833333334 15.456568333333335,78.28626166666666,78.28626166666666 15.454624999999998,78.28669833333335,78.28669833333335 15.452686666666665,78.28713666666665,78.28713666666665 15.45074,78.28757666666667,78.28757666666667 15.448783333333331,78.288015,78.288015 15.446814999999999,78.28845166666666,78.28845166666666 15.444836666666667,78.28888833333333,78.28888833333333 15.442846666666666,78.28932333333334,78.28932333333334 15.440848333333333,78.28975666666668,78.28975666666668 15.438848333333333,78.29019000000001,78.29019000000001 15.43685,78.29062333333333,78.29062333333333 15.434845,78.291055,78.291055 15.432828333333335,78.29148500000001,78.29148500000001 15.430805000000003,78.29191333333333,78.29191333333333 15.428791666666667,78.29234166666666,78.29234166666666 15.426796666666668,78.29277166666667,78.29277166666667 15.424818333333334,78.293205,78.293205 15.422853333333334,78.29364000000001,78.29364000000001 15.420898333333332,78.29407833333333,78.29407833333333 15.418946666666665,78.29451666666667,78.29451666666667 15.416993333333334,78.294955,78.294955 15.415031666666668,78.29539499999998,78.29539499999998 15.413063333333334,78.29583333333332,78.29583333333332 15.411090000000002,78.29627166666667,78.29627166666667 15.409113333333334,78.29670833333331,78.29670833333331 15.407133333333336,78.29714666666668,78.29714666666668 15.40515,78.297585,78.297585 15.403161666666666,78.29802333333333,78.29802333333333 15.401168333333333,78.29846166666665,78.29846166666665 15.399173333333334,78.29889999999999,78.29889999999999 15.397178333333331,78.29933833333334,78.29933833333334 15.395183333333332,78.29977833333334,78.29977833333334 15.393185000000003,78.30021833333333,78.30021833333333 15.391183333333332,78.30065666666665,78.30065666666665 15.389181666666666,78.30109499999999,78.30109499999999 15.387179999999999,78.30153166666668,78.30153166666668 15.385179999999998,78.30196833333332,78.30196833333332 15.38317666666667,78.30240500000001,78.30240500000001 15.381171666666669,78.30283833333333,78.30283833333333 15.379161666666668,78.30327166666666,78.30327166666666 15.377149999999999,78.30370166666667,78.30370166666667 15.375139999999998,78.30413333333333,78.30413333333333 15.373129999999998,78.30456333333333,78.30456333333333 15.371123333333333,78.30499333333334,78.30499333333334 15.36912,78.30542166666667,78.30542166666667 15.367121666666664,78.30585333333335,78.30585333333335 15.365126666666665,78.30628333333335,78.30628333333335 15.363135,78.306715,78.306715 15.361143333333333,78.30714499999999,78.30714499999999 15.359153333333332,78.30757833333335,78.30757833333335 15.35716666666667,78.30801166666667,78.30801166666667 15.355181666666665,78.308445,78.308445 15.353196666666667,78.30887833333334,78.30887833333334 15.351213333333332,78.30931333333332,78.30931333333332 15.349235,78.30974666666665,78.30974666666665 15.347258333333333,78.31018,78.31018 15.345281666666665,78.310615,78.310615 15.343303333333331,78.31105,78.31105 15.341324999999998,78.311485,78.311485 15.339350000000001,78.31192166666666,78.31192166666666 15.337378333333334,78.31235666666667,78.31235666666667 15.335410000000001,78.31279333333333,78.31279333333333 15.333438333333334,78.31322833333334,78.31322833333334 15.331461666666666,78.31366333333334,78.31366333333334 15.329476666666668,78.31409666666666,78.31409666666666 15.327483333333332,78.31452999999999,78.31452999999999 15.325483333333333,78.31496166666668,78.31496166666668 15.323479999999998,78.31539333333332,78.31539333333332 15.321471666666667,78.31582499999999,78.31582499999999 15.319461666666667,78.31625666666667,78.31625666666667 15.317451666666667,78.31668833333332,78.31668833333332 15.315436666666669,78.31712166666665,78.31712166666665 15.313423333333333,78.31755333333334,78.31755333333334 15.311408333333333,78.31798666666667,78.31798666666667 15.309391666666667,78.31841833333334,78.31841833333334 15.307376666666666,78.31885333333332,78.31885333333332 15.305364999999998,78.31929000000001,78.31929000000001 15.303356666666664,78.31972833333332,78.31972833333332 15.30136,78.32016833333334,78.32016833333334 15.299373333333332,78.32061166666668,78.32061166666668 15.29739666666667,78.32105833333333,78.32105833333333 15.295428333333332,78.321505,78.321505 15.293463333333333,78.32195333333334,78.32195333333334 15.291501666666667,78.32240333333331,78.32240333333331 15.289544999999999,78.32285333333331,78.32285333333331 15.287601666666667,78.323305,78.323305 15.285671666666666,78.32375833333333,78.32375833333333 15.283745,78.32421333333335,78.32421333333335 15.281828333333332,78.32466833333334,78.32466833333334 15.279921666666668,78.32512333333334,78.32512333333334 15.27802,78.32557833333333,78.32557833333333 15.276119999999999,78.32603166666665,78.32603166666665 15.274218333333334,78.32648333333334,78.32648333333334 15.272319999999997,78.326935,78.326935 15.270428333333333,78.327385,78.327385 15.268548333333335,78.32783500000001,78.32783500000001 15.266675000000003,78.32828500000001,78.32828500000001 15.264806666666667,78.32873500000001,78.32873500000001 15.26294333333333,78.32918500000001,78.32918500000001 15.261088333333332,78.32963500000001,78.32963500000001 15.259239999999998,78.33008499999998,78.33008499999998 15.257398333333333,78.33053499999998,78.33053499999998 15.255556666666665,78.33098333333335,78.33098333333335 15.253710000000002,78.33143166666666,78.33143166666666 15.251861666666665,78.33188,78.33188 15.250015000000001,78.33232833333334,78.33232833333334 15.248163333333332,78.33277666666666,78.33277666666666 15.246310000000003,78.33322666666666,78.33322666666666 15.244459999999998,78.33367833333334,78.33367833333334 15.242611666666669,78.33413166666666,78.33413166666666 15.240766666666664,78.33458499999999,78.33458499999999 15.238926666666668,78.33504,78.33504 15.237093333333332,78.33549666666666,78.33549666666666 15.235268333333334,78.33595333333334,78.33595333333334 15.233451666666667,78.33641333333333,78.33641333333333 15.231636666666667,78.33687499999999,78.33687499999999 15.229819999999998,78.337335,78.337335 15.227998333333336,78.33779666666665,78.33779666666665 15.226176666666667,78.33825666666668,78.33825666666668 15.224355,78.33871833333333,78.33871833333333 15.222535,78.33917833333334,78.33917833333334 15.22071833333333,78.33964,78.33964 15.2189,78.34010333333335,78.34010333333335 15.21708,78.34056500000001,78.34056500000001 15.215258333333335,78.34102666666666,78.34102666666666 15.213435,78.34148833333333,78.34148833333333 15.211608333333334,78.34195,78.34195 15.209778333333336,78.34241166666668,78.34241166666668 15.207944999999997,78.34287166666665,78.34287166666665 15.206106666666669,78.34333333333333,78.34333333333333 15.204261666666664,78.34379333333334,78.34379333333334 15.202411666666666,78.34425333333334,78.34425333333334 15.200556666666666,78.34471,78.34471 15.198696666666667,78.34516666666666,78.34516666666666 15.19683,78.34561999999998,78.34561999999998 15.194958333333334,78.34607166666667,78.34607166666667 15.193076666666666,78.34652333333334,78.34652333333334 15.191184999999999,78.34697333333334,78.34697333333334 15.189280000000002,78.347425,78.347425 15.187366666666668,78.347875,78.347875 15.185448333333333,78.348325,78.348325 15.183523333333335,78.348775,78.348775 15.181590000000002,78.349225,78.349225 15.179646666666669,78.349675,78.349675 15.177698333333334,78.350125,78.350125 15.175748333333333,78.350575,78.350575 15.173800000000002,78.35102666666667,78.35102666666667 15.171851666666663,78.35148000000002,78.35148000000002 15.169903333333332,78.35193333333335,78.35193333333335 15.167956666666665,78.35238666666667,78.35238666666667 15.166010000000002,78.35284166666666,78.35284166666666 15.16406,78.35329666666667,78.35329666666667 15.162106666666668,78.35374999999999,78.35374999999999 15.160151666666666,78.35420333333332,78.35420333333332 15.158195000000001,78.35465500000001,78.35465500000001 15.156238333333333,78.35510666666667,78.35510666666667 15.154280000000004,78.35555500000001,78.35555500000001 15.152316666666664,78.35600333333332,78.35600333333332 15.150351666666667,78.35645166666666,78.35645166666666 15.148386666666665,78.35689833333332,78.35689833333332 15.146426666666665,78.35734333333333,78.35734333333333 15.144468333333334,78.35778833333335,78.35778833333335 15.142515,78.35823166666667,78.35823166666667 15.140565,78.35867499999999,78.35867499999999 15.138621666666664,78.35911666666667,78.35911666666667 15.13668,78.35955666666666,78.35955666666666 15.134739999999999,78.35999666666666,78.35999666666666 15.132801666666667,78.36043666666667,78.36043666666667 15.130863333333332,78.36087500000001,78.36087500000001 15.128921666666667,78.361315,78.361315 15.126976666666666,78.36175333333335,78.36175333333335 15.125031666666665,78.36219166666666,78.36219166666666 15.123085,78.36263000000001,78.36263000000001 15.121138333333333,78.36306833333332,78.36306833333332 15.119186666666668,78.36350666666667,78.36350666666667 15.11723,78.363945,78.363945 15.115266666666667,78.36438333333334,78.36438333333334 15.113298333333335,78.36482166666666,78.36482166666666 15.111328333333333,78.36526166666665,78.36526166666665 15.109358333333335,78.3657,78.3657 15.107386666666667,78.36614166666666,78.36614166666666 15.105413333333336,78.36658166666666,78.36658166666666 15.103439999999999,78.36702166666667,78.36702166666667 15.101468333333333,78.36746166666667,78.36746166666667 15.099498333333333,78.36790333333333,78.36790333333333 15.097531666666665,78.368345,78.368345 15.095566666666667,78.36878666666667,78.36878666666667 15.09360333333333,78.36922666666666,78.36922666666666 15.091641666666664,78.36966833333334,78.36966833333334 15.089685000000003,78.37011,78.37011 15.08773333333333,78.37055333333332,78.37055333333332 15.085781666666666,78.37099666666667,78.37099666666667 15.083836666666665,78.37144,78.37144 15.081896666666669,78.37188333333333,78.37188333333333 15.079965,78.37232666666668,78.37232666666668 15.078041666666664,78.37277,78.37277 15.076126666666667,78.37321166666668,78.37321166666668 15.074223333333334,78.37365333333334,78.37365333333334 15.072326666666665,78.37409333333333,78.37409333333333 15.070435000000003,78.37453500000001,78.37453500000001 15.06854333333333,78.37497666666667,78.37497666666667 15.066645000000003,78.37541833333333,78.37541833333333 15.064739999999999,78.37586166666667,78.37586166666667 15.062821666666665,78.37630333333333,78.37630333333333 15.060889999999999,78.37674333333332,78.37674333333332 15.058946666666667,78.37718166666667,78.37718166666667 15.056993333333333,78.37761833333334,78.37761833333334 15.05503,78.37805166666668,78.37805166666668 15.053061666666668,78.37848333333334,78.37848333333334 15.051088333333333,78.37891333333334,78.37891333333334 15.049116666666663,78.37934333333332,78.37934333333332 15.047141666666667,78.37977166666667,78.37977166666667 15.045164999999999,78.38020166666666,78.38020166666666 15.043188333333335,78.38063166666667,78.38063166666667 15.041211666666667,78.38106333333334,78.38106333333334 15.039238333333333,78.38149666666666,78.38149666666666 15.037271666666667,78.38193166666666,78.38193166666666 15.035313333333335,78.38236833333333,78.38236833333333 15.033361666666668,78.38280666666665,78.38280666666665 15.031419999999999,78.38324666666668,78.38324666666668 15.029489999999997,78.38368666666666,78.38368666666666 15.027576666666667,78.38412833333335,78.38412833333335 15.025678333333333,78.38457333333334,78.38457333333334 15.023800000000001,78.38501833333332,78.38501833333332 15.021939999999999,78.385465,78.385465 15.020096666666666,78.38591333333333,78.38591333333333 15.018271666666664,78.38636,78.38636 15.016468333333334,78.38680833333333,78.38680833333333 15.014685000000002,78.38725666666667,78.38725666666667 15.01292,78.38770500000001,78.38770500000001 15.011175,78.38815333333335,78.38815333333335 15.009450000000001,78.3886,78.3886 15.007745,78.38904833333333,78.38904833333333 15.006059999999998,78.38949500000001,78.38949500000001 15.004395,78.38994166666666,78.38994166666666 15.002748333333335,78.390385,78.390385 15.00112,78.39082833333335,78.39082833333335 14.999506666666665,78.39127,78.39127 14.997908333333331,78.39171166666667,78.39171166666667 14.996325000000002,78.392155,78.392155 14.994758333333333,78.39259666666666,78.39259666666666 14.993203333333334,78.39304000000001,78.39304000000001 14.991654999999998,78.39348333333334,78.39348333333334 14.990108333333334,78.39392500000001,78.39392500000001 14.98856,78.39436500000001,78.39436500000001 14.987015000000001,78.39480499999999,78.39480499999999 14.985470000000003,78.39524500000002,78.39524500000002 14.983924999999997,78.39568500000001,78.39568500000001 14.982376666666669,78.396125,78.396125 14.980823333333335,78.39656666666666,78.39656666666666 14.979263333333332,78.39701000000001,78.39701000000001 14.977693333333333,78.39745333333333,78.39745333333333 14.976111666666668,78.39789666666667,78.39789666666667 14.97452,78.398345,78.398345 14.972919999999998,78.398795,78.398795 14.971313333333335,78.39924666666667,78.39924666666667 14.969700000000001,78.39970333333333,78.39970333333333 14.968075,78.40016000000001,78.40016000000001 14.96644,78.40061833333333,78.40061833333333 14.96479833333333,78.40108000000001,78.40108000000001 14.963146666666667,78.401545,78.401545 14.961486666666667,78.40201,78.40201 14.959818333333331,78.40247666666669,78.40247666666669 14.958141666666666,78.40294499999999,78.40294499999999 14.956458333333336,78.403415,78.403415 14.954773333333332,78.40388500000002,78.40388500000002 14.953084999999998,78.40435500000001,78.40435500000001 14.951393333333334,78.404825,78.404825 14.949696666666666,78.40529666666667,78.40529666666667 14.947995,78.40576833333333,78.40576833333333 14.946285000000001,78.40623833333335,78.40623833333335 14.944561666666667,78.40670666666666,78.40670666666666 14.942819999999998,78.40717333333333,78.40717333333333 14.94106,78.40763666666666,78.40763666666666 14.939283333333334,78.40809666666668,78.40809666666668 14.937488333333333,78.40855333333333,78.40855333333333 14.935675000000002,78.40900666666666,78.40900666666666 14.933845,78.40945666666666,78.40945666666666 14.932,78.40990666666666,78.40990666666666 14.930146666666666,78.41035333333333,78.41035333333333 14.928281666666665,78.41079833333332,78.41079833333332 14.926406666666667,78.41123999999999,78.41123999999999 14.924520000000001,78.41167999999999,78.41167999999999 14.922625,78.41211666666666,78.41211666666666 14.920726666666667,78.41255333333335,78.41255333333335 14.918828333333334,78.41299,78.41299 14.916933333333333,78.41342833333334,78.41342833333334 14.915036666666667,78.41386666666668,78.41386666666668 14.913136666666666,78.41430666666666,78.41430666666666 14.911231666666668,78.41474666666666,78.41474666666666 14.909331666666665,78.41519000000001,78.41519000000001 14.907434999999998,78.415635,78.415635 14.905536666666666,78.41608333333333,78.41608333333333 14.903635000000001,78.41653,78.41653 14.901724999999999,78.41697666666667,78.41697666666667 14.899809999999999,78.41742333333335,78.41742333333335 14.89789,78.41787,78.41787 14.895961666666668,78.418315,78.418315 14.894023333333335,78.41875999999999,78.41875999999999 14.892081666666664,78.41920333333334,78.41920333333334 14.890133333333333,78.41964833333334,78.41964833333334 14.888179999999998,78.42009333333333,78.42009333333333 14.886218333333334,78.42053666666668,78.42053666666668 14.884251666666668,78.42098,78.42098 14.88228,78.42142333333334,78.42142333333334 14.880301666666666,78.421865,78.421865 14.878311666666663,78.422305,78.422305 14.876308333333334,78.42274333333334,78.42274333333334 14.874298333333336,78.42317999999999,78.42317999999999 14.87228,78.42361500000001,78.42361500000001 14.870253333333334,78.42405,78.42405 14.868213333333333,78.42448166666667,78.42448166666667 14.866161666666668,78.42491333333334,78.42491333333334 14.864101666666667,78.42534166666665,78.42534166666665 14.862036666666665,78.42577166666668,78.42577166666668 14.859963333333335,78.42619833333333,78.42619833333333 14.857886666666664,78.42662499999999,78.42662499999999 14.855801666666665,78.42705000000001,78.42705000000001 14.85370666666667,78.427475,78.427475 14.851600000000001,78.42789833333333,78.42789833333333 14.849485,78.42832333333334,78.42832333333334 14.847361666666666,78.42874666666667,78.42874666666667 14.845233333333333,78.42916833333334,78.42916833333334 14.843101666666666,78.42959166666667,78.42959166666667 14.840966666666668,78.43001666666666,78.43001666666666 14.838821666666668,78.43043999999999,78.43043999999999 14.836666666666668,78.43086333333335,78.43086333333335 14.834501666666666,78.43128499999999,78.43128499999999 14.832321666666665,78.43170666666666,78.43170666666666 14.830129999999999,78.43212833333332,78.43212833333332 14.827926666666666,78.43254666666667,78.43254666666667 14.825711666666665,78.43296666666667,78.43296666666667 14.823486666666668,78.43338333333334,78.43338333333334 14.82124833333333,78.43380000000002,78.43380000000002 14.818996666666663,78.43421499999998,78.43421499999998 14.816735000000003,78.43462666666666,78.43462666666666 14.814464999999998,78.43503833333332,78.43503833333332 14.812193333333333,78.43545166666665,78.43545166666665 14.809916666666668,78.43586333333333,78.43586333333333 14.807626666666664,78.43627666666666,78.43627666666666 14.805325,78.43668833333332,78.43668833333332 14.803009999999999,78.43709833333334,78.43709833333334 14.800684999999998,78.43751,78.43751 14.798350000000001,78.43792333333333,78.43792333333333 14.796004999999997,78.43833500000001,78.43833500000001 14.793651666666664,78.43875,78.43875 14.79129333333333,78.43916499999999,78.43916499999999 14.788936666666666,78.43958166666667,78.43958166666667 14.786578333333333,78.43999833333334,78.43999833333334 14.78421,78.44041500000002,78.44041500000002 14.781831666666669,78.44083,78.44083 14.779443333333333,78.44124333333333,78.44124333333333 14.777046666666669,78.44165500000001,78.44165500000001 14.774641666666666,78.44206500000001,78.44206500000001 14.772221666666667,78.44247166666668,78.44247166666668 14.76979,78.442875,78.442875 14.767349999999999,78.44327666666665,78.44327666666665 14.764901666666665,78.443675,78.443675 14.762450000000001,78.44407500000001,78.44407500000001 14.759991666666666,78.44447166666667,78.44447166666667 14.757530000000001,78.44487000000001,78.44487000000001 14.75506666666667,78.44526666666667,78.44526666666667 14.752601666666667,78.44566499999999,78.44566499999999 14.750135000000002,78.44606166666668,78.44606166666668 14.747673333333333,78.44646166666666,78.44646166666666 14.745221666666666,78.44686333333334,78.44686333333334 14.742778333333334,78.44726833333333,78.44726833333333 14.740339999999998,78.44767333333333,78.44767333333333 14.737906666666666,78.44807833333333,78.44807833333333 14.735483333333331,78.44848666666667,78.44848666666667 14.733063333333334,78.448895,78.448895 14.730646666666667,78.449305,78.449305 14.728233333333334,78.449715,78.449715 14.725816666666667,78.45012499999999,78.45012499999999 14.723404999999998,78.45053666666665,78.45053666666665 14.720998333333332,78.45094999999999,78.45094999999999 14.718598333333334,78.45136666666667,78.45136666666667 14.716201666666665,78.45178500000002,78.45178500000002 14.71381,78.45220499999999,78.45220499999999 14.711428333333334,78.45262666666666,78.45262666666666 14.70906,78.45305333333334,78.45305333333334 14.706703333333335,78.45348166666666,78.45348166666666 14.704353333333332,78.45391166666666,78.45391166666666 14.702011666666666,78.45434333333333,78.45434333333333 14.699676666666669,78.45477833333332,78.45477833333332 14.697345,78.455215,78.455215 14.69501166666667,78.45565333333333,78.45565333333333 14.692676666666667,78.45609333333334,78.45609333333334 14.690338333333335,78.45653333333334,78.45653333333334 14.687996666666667,78.45697666666666,78.45697666666666 14.685653333333335,78.45742,78.45742 14.683309999999997,78.45786499999998,78.45786499999998 14.680966666666665,78.45831166666666,78.45831166666666 14.678626666666666,78.45876,78.45876 14.676289999999998,78.45920833333334,78.45920833333334 14.673958333333333,78.45965666666665,78.45965666666665 14.671630000000002,78.46010666666665,78.46010666666665 14.669305000000001,78.46055833333334,78.46055833333334 14.666983333333334,78.46100833333334,78.46100833333334 14.664659999999998,78.46146166666666,78.46146166666666 14.66234,78.46191499999999,78.46191499999999 14.660023333333335,78.46236833333334,78.46236833333334 14.657706666666664,78.46282500000001,78.46282500000001 14.655391666666665,78.46328166666666,78.46328166666666 14.653076666666669,78.46374,78.46374 14.650761666666666,78.46419833333334,78.46419833333334 14.648446666666667,78.46465833333333,78.46465833333333 14.646135000000001,78.46511833333334,78.46511833333334 14.643823333333332,78.46557833333334,78.46557833333334 14.641513333333336,78.46603833333333,78.46603833333333 14.639203333333334,78.4665,78.4665 14.636895,78.46696166666668,78.46696166666668 14.634591666666665,78.467425,78.467425 14.632295,78.46789166666667,78.46789166666667 14.630005000000002,78.46835833333333,78.46835833333333 14.627721666666666,78.46882666666666,78.46882666666666 14.62544,78.46929666666666,78.46929666666666 14.623161666666666,78.46976666666666,78.46976666666666 14.620884999999998,78.47023833333331,78.47023833333331 14.618608333333336,78.47071166666666,78.47071166666666 14.616335000000001,78.47118333333333,78.47118333333333 14.614065,78.47165666666668,78.47165666666668 14.611800000000002,78.47213166666668,78.47213166666668 14.609536666666667,78.47260666666666,78.47260666666666 14.607276666666667,78.47308166666667,78.47308166666667 14.605016666666666,78.47355666666668,78.47355666666668 14.60276,78.47403166666666,78.47403166666666 14.600503333333332,78.47450833333333,78.47450833333333 14.598246666666666,78.47498333333333,78.47498333333333 14.595993333333334,78.47546000000001,78.47546000000001 14.593748333333334,78.47593833333333,78.47593833333333 14.591510000000003,78.47641833333334,78.47641833333334 14.589281666666666,78.47689999999999,78.47689999999999 14.587056666666669,78.47738166666666,78.47738166666666 14.584834999999998,78.47786500000001,78.47786500000001 14.582618333333334,78.47834833333333,78.47834833333333 14.580406666666665,78.478835,78.478835 14.5782,78.47932166666666,78.47932166666666 14.575996666666668,78.47981166666666,78.47981166666666 14.573795,78.48030333333332,78.48030333333332 14.571594999999997,78.48079333333334,78.48079333333334 14.5694,78.48128833333334,78.48128833333334 14.567208333333333,78.48178500000002,78.48178500000002 14.565018333333335,78.48228333333334,78.48228333333334 14.56283,78.48278,78.48278 14.560643333333331,78.48327666666668,78.48327666666668 14.55846166666667,78.48377500000001,78.48377500000001 14.556281666666667,78.48427333333333,78.48427333333333 14.554105000000002,78.48477333333334,78.48477333333334 14.551931666666666,78.48527333333332,78.48527333333332 14.549763333333333,78.48577333333331,78.48577333333331 14.547598333333333,78.48627666666665,78.48627666666665 14.54544,78.48678,78.48678 14.543286666666667,78.48728666666666,78.48728666666666 14.541139999999999,78.48779333333333,78.48779333333333 14.539001666666664,78.48830166666666,78.48830166666666 14.536871666666666,78.48881166666668,78.48881166666668 14.534748333333335,78.48932333333333,78.48932333333333 14.53263,78.48983666666668,78.48983666666668 14.530518333333335,78.49035166666665,78.49035166666665 14.528411666666667,78.49086833333334,78.49086833333334 14.526310000000002,78.49138833333333,78.49138833333333 14.524210000000002,78.49190833333334,78.49190833333334 14.522113333333335,78.49243166666666,78.49243166666666 14.520018333333333,78.49295666666666,78.49295666666666 14.517921666666666,78.49348166666665,78.49348166666665 14.515825,78.49400833333334,78.49400833333334 14.513728333333331,78.49453666666668,78.49453666666668 14.511631666666664,78.495065,78.495065 14.509533333333332,78.49559500000001,78.49559500000001 14.507431666666665,78.49612333333333,78.49612333333333 14.505325000000001,78.49665166666666,78.49665166666666 14.503213333333333,78.49718166666668,78.49718166666668 14.501095000000001,78.49771166666666,78.49771166666666 14.498966666666668,78.49824000000001,78.49824000000001 14.496831666666667,78.49877,78.49877 14.494686666666665,78.49929833333334,78.49929833333334 14.492533333333332,78.49982666666668,78.49982666666668 14.490373333333332,78.50035333333334,78.50035333333334 14.488206666666668,78.50088,78.50088 14.486035,78.50140666666667,78.50140666666667 14.483865,78.50193166666666,78.50193166666666 14.48169333333333,78.50245833333332,78.50245833333332 14.479525,78.50298500000001,78.50298500000001 14.477355,78.50351333333334,78.50351333333334 14.475186666666666,78.50404,78.50404 14.473018333333334,78.50456833333332,78.50456833333332 14.470848333333333,78.50509666666667,78.50509666666667 14.468676666666665,78.50562333333335,78.50562333333335 14.466504999999998,78.50615,78.50615 14.464336666666668,78.506675,78.506675 14.462173333333332,78.50720000000001,78.50720000000001 14.460014999999997,78.50772333333332,78.50772333333332 14.457861666666668,78.50824666666668,78.50824666666668 14.45571666666667,78.50876833333334,78.50876833333334 14.453579999999999,78.50929,78.50929 14.451448333333332,78.50981166666666,78.50981166666666 14.449315000000002,78.51032833333333,78.51032833333333 14.447176666666667,78.51084499999999,78.51084499999999 14.445034999999999,78.51135833333333,78.51135833333333 14.44289333333333,78.51187166666668,78.51187166666668 14.440751666666666,78.51238333333335,78.51238333333335 14.438610000000002,78.512895,78.512895 14.43646666666667,78.51340499999999,78.51340499999999 14.434323333333335,78.51391166666666,78.51391166666666 14.43218,78.51441833333332,78.51441833333332 14.430038333333336,78.51492333333333,78.51492333333333 14.427900000000001,78.51542666666666,78.51542666666666 14.425765,78.51592833333333,78.51592833333333 14.423631666666665,78.51643000000001,78.51643000000001 14.421503333333332,78.51692833333334,78.51692833333334 14.41937666666667,78.517425,78.517425 14.417253333333333,78.51792000000002,78.51792000000002 14.41514,78.51841333333333,78.51841333333333 14.413040000000002,78.51890833333334,78.51890833333334 14.410955000000003,78.51940333333334,78.51940333333334 14.408876666666668,78.51989833333333,78.51989833333333 14.406801666666668,78.52039166666667,78.52039166666667 14.404723333333333,78.52088666666667,78.52088666666667 14.402648333333332,78.52138333333335,78.52138333333335 14.400578333333334,78.52187999999998,78.52187999999998 14.398511666666664,78.52237833333334,78.52237833333334 14.396446666666668,78.52287833333334,78.52287833333334 14.394381666666668,78.52337833333333,78.52337833333333 14.392316666666668,78.52387666666665,78.52387666666665 14.390251666666664,78.52437666666667,78.52437666666667 14.38818,78.52487500000001,78.52487500000001 14.386093333333335,78.525375,78.525375 14.383983333333333,78.52587666666668,78.52587666666668 14.38185,78.52637999999999,78.52637999999999 14.379693333333334,78.52688833333332,78.52688833333332 14.377513333333331,78.52740166666666,78.52740166666666 14.375304999999999,78.52791500000001,78.52791500000001 14.373063333333334,78.52843166666666,78.52843166666666 14.370800000000001,78.52894666666667,78.52894666666667 14.368514999999997,78.529465,78.529465 14.366216666666666,78.52998333333332,78.52998333333332 14.363901666666667,78.53050333333334,78.53050333333334 14.361571666666668,78.53102499999999,78.53102499999999 14.359228333333332,78.53154666666667,78.53154666666667 14.356871666666665,78.53207,78.53207 14.3545,78.53259333333334,78.53259333333334 14.352115,78.53311833333335,78.53311833333335 14.349713333333334,78.53364166666665,78.53364166666665 14.3473,78.53416666666666,78.53416666666666 14.344876666666668,78.53469333333335,78.53469333333335 14.342438333333334,78.53521999999998,78.53521999999998 14.339985,78.53574666666667,78.53574666666667 14.337514999999998,78.53627333333334,78.53627333333334 14.335031666666664,78.5368,78.5368 14.332533333333332,78.53732833333332,78.53732833333332 14.330023333333335,78.53785833333333,78.53785833333333 14.327494999999999,78.53838999999999,78.53838999999999 14.324948333333333,78.53892166666667,78.53892166666667 14.32238166666667,78.53945666666667,78.53945666666667 14.319800000000003,78.53999,78.53999 14.317201666666666,78.540525,78.540525 14.314583333333335,78.54106166666666,78.54106166666666 14.311950000000003,78.54159833333333,78.54159833333333 14.309306666666664,78.54213666666666,78.54213666666666 14.306656666666667,78.54267666666665,78.54267666666665 14.303998333333334,78.54321833333333,78.54321833333333 14.301331666666668,78.54376166666667,78.54376166666667 14.298656666666668,78.54430666666666,78.54430666666666 14.295969999999999,78.54485,78.54485 14.293271666666666,78.545395,78.545395 14.290564999999999,78.54594166666668,78.54594166666668 14.28785333333333,78.54648666666668,78.54648666666668 14.285134999999999,78.54703333333333,78.54703333333333 14.282406666666667,78.54758,78.54758 14.279671666666665,78.54812666666666,78.54812666666666 14.276934999999998,78.54867333333334,78.54867333333334 14.274196666666668,78.54922,78.54922 14.271451666666668,78.549765,78.549765 14.268701666666669,78.55030833333333,78.55030833333333 14.265944999999999,78.55085166666667,78.55085166666667 14.263188333333334,78.55139166666666,78.55139166666666 14.260426666666667,78.55193166666666,78.55193166666666 14.25766,78.55246833333332,78.55246833333332 14.254886666666666,78.55300166666666,78.55300166666666 14.252111666666668,78.55353166666667,78.55353166666667 14.249346666666668,78.55406166666667,78.55406166666667 14.246593333333331,78.55459000000002,78.55459000000002 14.243851666666668,78.55511499999999,78.55511499999999 14.241118333333334,78.55563500000001,78.55563500000001 14.238396666666665,78.55615333333333,78.55615333333333 14.235686666666668,78.55667,78.55667 14.232985000000001,78.557185,78.557185 14.230291666666668,78.55769833333333,78.55769833333333 14.227603333333333,78.55820833333333,78.55820833333333 14.224920000000001,78.55871999999998,78.55871999999998 14.222241666666664,78.55923,78.55923 14.219565,78.55973999999999,78.55973999999999 14.21688666666667,78.56024833333332,78.56024833333332 14.214208333333334,78.56075666666668,78.56075666666668 14.211533333333334,78.56126666666667,78.56126666666667 14.20886,78.56177833333332,78.56177833333332 14.206188333333333,78.56228999999999,78.56228999999999 14.203518333333333,78.56280333333333,78.56280333333333 14.200851666666665,78.56331666666668,78.56331666666668 14.19819333333333,78.56383333333333,78.56383333333333 14.195538333333332,78.56435,78.56435 14.19289,78.56487,78.56487 14.19025,78.56538999999998,78.56538999999998 14.187616666666667,78.56591333333334,78.56591333333334 14.184991666666669,78.56643666666666,78.56643666666666 14.18237333333333,78.56696333333332,78.56696333333332 14.17976,78.56748833333333,78.56748833333333 14.17715,78.56801666666668,78.56801666666668 14.174546666666666,78.568545,78.568545 14.171946666666667,78.56907333333332,78.56907333333332 14.169350000000001,78.56960333333333,78.56960333333333 14.166753333333332,78.57013333333333,78.57013333333333 14.164155000000003,78.570665,78.570665 14.161555,78.57119666666668,78.57119666666668 14.158956666666667,78.57173166666668,78.57173166666668 14.156359999999998,78.57226833333334,78.57226833333334 14.153763333333332,78.57280666666666,78.57280666666666 14.151163333333333,78.57334666666667,78.57334666666667 14.148561666666668,78.57388499999999,78.57388499999999 14.145966666666668,78.574425,78.574425 14.14338166666667,78.57496500000002,78.57496500000002 14.140803333333336,78.57550666666667,78.57550666666667 14.138238333333334,78.57604833333333,78.57604833333333 14.135681666666668,78.57659000000001,78.57659000000001 14.133133333333335,78.57713333333332,78.57713333333332 14.130593333333335,78.577675,78.577675 14.12806166666667,78.57821833333333,78.57821833333333 14.125543333333335,78.57876166666667,78.57876166666667 14.12304,78.57930666666667,78.57930666666667 14.120549999999998,78.57985166666668,78.57985166666668 14.118070000000001,78.58039833333335,78.58039833333335 14.115596666666665,78.58094666666666,78.58094666666666 14.113131666666666,78.58149499999999,78.58149499999999 14.110673333333335,78.58204333333333,78.58204333333333 14.108216666666664,78.58259333333335,78.58259333333335 14.105758333333332,78.58314166666666,78.58314166666666 14.103301666666669,78.58369166666665,78.58369166666665 14.100846666666667,78.58424166666666,78.58424166666666 14.098389999999998,78.58479166666667,78.58479166666667 14.095929999999997,78.58534333333334,78.58534333333334 14.093469999999996,78.58589333333333,78.58589333333333 14.091013333333333,78.58644666666669,78.58644666666669 14.088558333333332,78.58700166666665,78.58700166666665 14.086108333333334,78.58755666666666,78.58755666666666 14.083669999999998,78.588115,78.588115 14.081241666666664,78.58867333333332,78.58867333333332 14.078821666666666,78.58923166666666,78.58923166666666 14.076415,78.58978999999998,78.58978999999998 14.074024999999999,78.59035000000002,78.59035000000002 14.07165,78.59091166666666,78.59091166666666 14.069291666666667,78.59147166666666,78.59147166666666 14.066953333333334,78.59203333333333,78.59203333333333 14.064625000000001,78.59259666666667,78.59259666666667 14.0623,78.59315666666666,78.59315666666666 14.059975,78.59371666666667,78.59371666666667 14.057648333333335,78.59427500000001,78.59427500000001 14.05531833333333,78.59483333333333,78.59483333333333 14.05298666666667,78.59539000000001,78.59539000000001 14.050650000000001,78.595945,78.595945 14.048313333333333,78.59649833333334,78.59649833333334 14.045976666666666,78.59705333333333,78.59705333333333 14.043634999999998,78.597605,78.597605 14.041288333333332,78.59815499999999,78.59815499999999 14.038938333333332,78.59870333333333,78.59870333333333 14.03658,78.59925,78.59925 14.034215,78.59979333333334,78.59979333333334 14.031846666666668,78.60033333333334,78.60033333333334 14.02947666666667,78.60087333333333,78.60087333333333 14.027099999999999,78.60140833333332,78.60140833333332 14.024714999999999,78.60194,78.60194 14.022325000000002,78.60247,78.60247 14.01993,78.60299499999999,78.60299499999999 14.017526666666669,78.60351833333333,78.60351833333333 14.015118333333332,78.60403833333332,78.60403833333332 14.012715,78.60455499999999,78.60455499999999 14.01032,78.60507166666667,78.60507166666667 14.007923333333334,78.60558666666668,78.60558666666668 14.005531666666666,78.60609833333334,78.60609833333334 14.003146666666666,78.60661,78.60661 14.000771666666667,78.60712,78.60712 13.998405,78.60762833333332,78.60762833333332 13.996049999999999,78.60813499999999,78.60813499999999 13.993711666666664,78.60864333333335,78.60864333333335 13.991386666666664,78.60914999999999,78.60914999999999 13.989063333333334,78.60965499999999,78.60965499999999 13.986743333333333,78.61015833333333,78.61015833333333 13.984425,78.61065833333333,78.61065833333333 13.982108333333334,78.61115666666666,78.61115666666666 13.979786666666666,78.61165166666666,78.61165166666666 13.977455000000003,78.61214333333335,78.61214333333335 13.975118333333334,78.61263000000001,78.61263000000001 13.972781666666668,78.613115,78.613115 13.970441666666666,78.61359499999999,78.61359499999999 13.968098333333334,78.61407500000001,78.61407500000001 13.965756666666667,78.61455166666666,78.61455166666666 13.96342,78.61502833333333,78.61502833333333 13.96108833333333,78.61550333333334,78.61550333333334 13.958756666666666,78.61597666666667,78.61597666666667 13.956428333333333,78.61644833333332,78.61644833333332 13.954108333333332,78.61692166666667,78.61692166666667 13.951793333333333,78.61739166666666,78.61739166666666 13.949483333333335,78.61786166666667,78.61786166666667 13.947178333333332,78.61833166666666,78.61833166666666 13.944875000000001,78.6188,78.6188 13.942571666666666,78.61926499999998,78.61926499999998 13.940271666666668,78.61972999999999,78.61972999999999 13.937968333333332,78.62019333333332,78.62019333333332 13.935661666666666,78.62065666666666,78.62065666666666 13.933348333333335,78.62112166666668,78.62112166666668 13.93102,78.62158833333332,78.62158833333332 13.928680000000002,78.62205166666665,78.62205166666665 13.92633666666667,78.62251666666666,78.62251666666666 13.923996666666667,78.62298166666667,78.62298166666667 13.921653333333333,78.62344666666665,78.62344666666665 13.919306666666667,78.62391166666667,78.62391166666667 13.916959999999998,78.62437666666665,78.62437666666665 13.914603333333334,78.62484500000001,78.62484500000001 13.912238333333336,78.62531333333332,78.62531333333332 13.909866666666668,78.62578666666667,78.62578666666667 13.907486666666667,78.626265,78.626265 13.905096666666667,78.626745,78.626745 13.902693333333332,78.62722833333335,78.62722833333335 13.900280000000002,78.62771500000001,78.62771500000001 13.897855,78.62820166666666,78.62820166666666 13.895420000000001,78.62869166666665,78.62869166666665 13.892976666666666,78.62918499999999,78.62918499999999 13.890521666666665,78.62967833333335,78.62967833333335 13.888058333333333,78.63017333333335,78.63017333333335 13.885588333333333,78.63067,78.63067 13.883111666666666,78.63116833333335,78.63116833333335 13.880625,78.63166666666665,78.63166666666665 13.87813,78.632165,78.632165 13.875634999999999,78.632665,78.632665 13.873143333333331,78.63316666666665,78.63316666666665 13.870648333333333,78.63367,78.63367 13.868151666666664,78.63417333333334,78.63417333333334 13.865646666666665,78.63467666666668,78.63467666666668 13.863130000000002,78.63517999999999,78.63517999999999 13.860601666666666,78.635685,78.635685 13.858066666666666,78.63619166666666,78.63619166666666 13.855528333333332,78.63669999999999,78.63669999999999 13.852983333333336,78.63720833333332,78.63720833333332 13.850435,78.63771833333334,78.63771833333334 13.847888333333332,78.63823166666666,78.63823166666666 13.845341666666664,78.638745,78.638745 13.84279166666667,78.63925833333333,78.63925833333333 13.840234999999998,78.63977166666668,78.63977166666668 13.837678333333335,78.64028499999999,78.64028499999999 13.835119999999998,78.64079833333334,78.64079833333334 13.832565,78.64131166666667,78.64131166666667 13.830013333333333,78.64182500000001,78.64182500000001 13.827459999999999,78.64233666666667,78.64233666666667 13.824903333333337,78.64284833333332,78.64284833333332 13.822343333333334,78.64335833333334,78.64335833333334 13.819775000000002,78.64386666666667,78.64386666666667 13.817199999999998,78.64437500000001,78.64437500000001 13.814618333333334,78.64488333333334,78.64488333333334 13.81203,78.64538999999999,78.64538999999999 13.80943833333333,78.64589666666667,78.64589666666667 13.806841666666665,78.64640333333334,78.64640333333334 13.804236666666668,78.64690999999999,78.64690999999999 13.801623333333335,78.64741666666667,78.64741666666667 13.799005,78.64792333333334,78.64792333333334 13.796381666666667,78.64842833333334,78.64842833333334 13.793758333333336,78.64893333333333,78.64893333333333 13.791136666666667,78.64943833333334,78.64943833333334 13.78852,78.64994166666668,78.64994166666668 13.785911666666669,78.65044666666665,78.65044666666665 13.78331166666667,78.65095,78.65095 13.780723333333334,78.651455,78.651455 13.778146666666665,78.65196166666666,78.65196166666666 13.775578333333332,78.65246833333333,78.65246833333333 13.77302,78.65297666666666,78.65297666666666 13.77047,78.65348666666668,78.65348666666668 13.767928333333336,78.65399833333333,78.65399833333333 13.765389999999998,78.65451166666666,78.65451166666666 13.762853333333332,78.65502499999998,78.65502499999998 13.76031833333333,78.65554000000002,78.65554000000002 13.757786666666668,78.656055,78.656055 13.755256666666666,78.65657333333334,78.65657333333334 13.75272333333333,78.65709000000001,78.65709000000001 13.750191666666668,78.65760833333333,78.65760833333333 13.747661666666666,78.65812666666669,78.65812666666669 13.745131666666667,78.65864666666667,78.65864666666667 13.742594999999998,78.65916666666666,78.65916666666666 13.740051666666668,78.65968833333334,78.65968833333334 13.737498333333333,78.66021166666665,78.66021166666665 13.734935,78.66073666666665,78.66073666666665 13.732361666666668,78.66126333333334,78.66126333333334 13.729778333333334,78.66179000000001,78.66179000000001 13.727188333333334,78.66232,78.66232 13.724588333333335,78.66285,78.66285 13.721976666666668,78.66338166666665,78.66338166666665 13.719355,78.66391499999999,78.66391499999999 13.716725,78.66444833333333,78.66444833333333 13.714086666666667,78.66498,78.66498 13.711445,78.66551333333334,78.66551333333334 13.708801666666666,78.66604666666667,78.66604666666667 13.706155,78.66658000000001,78.66658000000001 13.703511666666667,78.66711333333333,78.66711333333333 13.700871666666668,78.66764666666667,78.66764666666667 13.698235,78.66818,78.66818 13.6956,78.668715,78.668715 13.69297,78.66924833333334,78.66924833333334 13.690344999999999,78.66978166666665,78.66978166666665 13.687726666666665,78.67031499999999,78.67031499999999 13.685111666666668,78.67085000000002,78.67085000000002 13.682501666666667,78.67138333333335,78.67138333333335 13.679886666666668,78.67191666666666,78.67191666666666 13.677265,78.67244666666667,78.67244666666667 13.674636666666668,78.67297666666666,78.67297666666666 13.672005000000002,78.67350499999999,78.67350499999999 13.669359999999998,78.67403166666668,78.67403166666668 13.666703333333333,78.67455833333334,78.67455833333334 13.664029999999999,78.67508166666667,78.67508166666667 13.661346666666667,78.67560333333333,78.67560333333333 13.658654999999998,78.67612333333334,78.67612333333334 13.655958333333334,78.67664333333333,78.67664333333333 13.653261666666666,78.67716166666668,78.67716166666668 13.650575,78.67768166666667,78.67768166666667 13.647901666666666,78.67820333333334,78.67820333333334 13.645238333333337,78.678725,78.678725 13.642581666666668,78.67924666666666,78.67924666666666 13.639938333333335,78.67976999999999,78.67976999999999 13.637308333333332,78.68029333333332,78.68029333333332 13.634688333333333,78.68081833333333,78.68081833333333 13.632071666666665,78.68134166666667,78.68134166666667 13.629458333333334,78.681865,78.681865 13.626848333333333,78.68238833333332,78.68238833333332 13.62424,78.68291166666666,78.68291166666666 13.62163,78.68343333333334,78.68343333333334 13.619018333333333,78.68395333333332,78.68395333333332 13.616406666666668,78.68447333333334,78.68447333333334 13.613796666666667,78.68499333333332,78.68499333333332 13.611185,78.68551000000002,78.68551000000002 13.608571666666666,78.68602666666668,78.68602666666668 13.60596,78.68654333333335,78.68654333333335 13.603348333333335,78.68705833333333,78.68705833333333 13.600735000000002,78.68757166666667,78.68757166666667 13.598118333333332,78.68808333333332,78.68808333333332 13.595503333333331,78.68859333333333,78.68859333333333 13.592888333333335,78.68910333333332,78.68910333333332 13.590264999999999,78.68961333333334,78.68961333333334 13.587638333333333,78.69011999999998,78.69011999999998 13.585006666666667,78.69062666666667,78.69062666666667 13.582375000000003,78.691135,78.691135 13.579748333333336,78.69164333333333,78.69164333333333 13.577123333333335,78.69215166666666,78.69215166666666 13.574503333333332,78.69266166666665,78.69266166666665 13.571885000000002,78.69317000000001,78.69317000000001 13.569271666666667,78.69368,78.69368 13.566660000000002,78.69418999999999,78.69418999999999 13.564051666666666,78.6947,78.6947 13.561441666666665,78.69521166666665,78.69521166666665 13.558828333333334,78.69572166666667,78.69572166666667 13.556216666666668,78.69623333333335,78.69623333333335 13.553608333333333,78.696745,78.696745 13.551001666666666,78.69725833333334,78.69725833333334 13.548396666666667,78.69777166666665,78.69777166666665 13.545798333333334,78.69828666666666,78.69828666666666 13.543203333333334,78.698805,78.698805 13.540614999999999,78.69932333333334,78.69932333333334 13.538033333333333,78.69984500000001,78.69984500000001 13.535461666666667,78.70036833333333,78.70036833333333 13.532896666666666,78.70089333333333,78.70089333333333 13.530334999999997,78.70142000000001,78.70142000000001 13.527778333333334,78.70194666666666,78.70194666666666 13.525224999999999,78.702475,78.702475 13.522675000000001,78.70300333333333,78.70300333333333 13.520125,78.70353166666668,78.70353166666668 13.517573333333333,78.70406166666668,78.70406166666668 13.515021666666668,78.70459166666666,78.70459166666666 13.512468333333334,78.70512166666667,78.70512166666667 13.509913333333335,78.70565166666665,78.70565166666665 13.50735833333333,78.70618333333333,78.70618333333333 13.504805,78.70671333333333,78.70671333333333 13.502249999999998,78.707245,78.707245 13.499698333333333,78.70777666666667,78.70777666666667 13.497143333333335,78.70830833333332,78.70830833333332 13.494586666666667,78.70884,78.70884 13.492028333333336,78.70937166666667,78.70937166666667 13.489466666666667,78.70990333333332,78.70990333333332 13.486905000000002,78.71043500000002,78.71043500000002 13.48434166666667,78.710965,78.710965 13.481778333333333,78.71149333333334,78.71149333333334 13.479214999999998,78.71202333333335,78.71202333333335 13.476651666666665,78.71255166666667,78.71255166666667 13.47409,78.71307999999999,78.71307999999999 13.471528333333332,78.71360666666666,78.71360666666666 13.468966666666665,78.71413500000001,78.71413500000001 13.466403333333334,78.71466166666667,78.71466166666667 13.46383666666667,78.71518833333333,78.71518833333333 13.461265000000001,78.71571333333334,78.71571333333334 13.458693333333335,78.71624,78.71624 13.456119999999999,78.71676666666666,78.71676666666666 13.453545000000002,78.717295,78.717295 13.450969999999998,78.71782166666668,78.71782166666668 13.448396666666667,78.71835,78.71835 13.445824999999997,78.71887833333332,78.71887833333332 13.443251666666665,78.71940833333333,78.71940833333333 13.440680000000002,78.71993666666667,78.71993666666667 13.438108333333332,78.72046666666668,78.72046666666668 13.435535000000002,78.72099666666666,78.72099666666666 13.432958333333332,78.72152666666665,78.72152666666665 13.430373333333334,78.722055,78.722055 13.427781666666665,78.72258333333333,78.72258333333333 13.425186666666665,78.72311333333334,78.72311333333334 13.422583333333334,78.72364333333333,78.72364333333333 13.419971666666669,78.72417166666668,78.72417166666668 13.417355000000002,78.72470166666666,78.72470166666666 13.414733333333333,78.72523,78.72523 13.412108333333334,78.72576000000001,78.72576000000001 13.409478333333334,78.72628833333333,78.72628833333333 13.406846666666668,78.72681833333331,78.72681833333331 13.404213333333333,78.72734833333332,78.72734833333332 13.401578333333333,78.72787833333334,78.72787833333334 13.398941666666666,78.72841,78.72841 13.396305,78.72894166666667,78.72894166666667 13.393668333333336,78.72947500000001,78.72947500000001 13.391034999999999,78.73000833333334,78.73000833333334 13.3884,78.730545,78.730545 13.385765,78.73108166666667,78.73108166666667 13.383130000000001,78.73162,78.73162 13.380495,78.73215833333333,78.73215833333333 13.37785833333333,78.73269666666666,78.73269666666666 13.375225,78.73323500000001,78.73323500000001 13.372595000000002,78.73377333333333,78.73377333333333 13.369968333333336,78.73431166666666,78.73431166666666 13.367345,78.73485000000001,78.73485000000001 13.364726666666666,78.73538833333333,78.73538833333333 13.362116666666669,78.73592833333333,78.73592833333333 13.359511666666666,78.73646833333335,78.73646833333335 13.356911666666667,78.73700833333334,78.73700833333334 13.354315000000001,78.73754833333335,78.73754833333335 13.351724999999998,78.73809,78.73809 13.349138333333334,78.73863,78.73863 13.346555,78.73916999999999,78.73916999999999 13.343970000000002,78.73971,78.73971 13.341384999999997,78.74024833333333,78.74024833333333 13.338798333333333,78.74078666666665,78.74078666666665 13.336213333333335,78.741325,78.741325 13.333628333333337,78.74186166666667,78.74186166666667 13.331043333333332,78.74239666666668,78.74239666666668 13.328458333333334,78.74293333333334,78.74293333333334 13.32587166666667,78.74346666666666,78.74346666666666 13.323288333333336,78.744,78.744 13.320708333333334,78.74453333333334,78.74453333333334 13.318133333333334,78.74506833333334,78.74506833333334 13.315563333333332,78.74560166666667,78.74560166666667 13.312999999999999,78.74613500000001,78.74613500000001 13.310443333333334,78.74667000000001,78.74667000000001 13.30789,78.74720333333335,78.74720333333335 13.305338333333335,78.74773833333334,78.74773833333334 13.302785,78.74826999999999,78.74826999999999 13.300231666666665,78.7488,78.7488 13.297678333333332,78.74932666666666,78.74932666666666 13.295121666666667,78.74985166666667,78.74985166666667 13.292565000000002,78.750375,78.750375 13.290008333333333,78.750895,78.750895 13.287458333333332,78.75141333333332,78.75141333333332 13.284916666666666,78.75193166666668,78.75193166666668 13.28238,78.75244833333333,78.75244833333333 13.279849999999998,78.75296333333334,78.75296333333334 13.27732166666667,78.75347666666666,78.75347666666666 13.2748,78.75399,78.75399 13.272281666666666,78.75450333333333,78.75450333333333 13.26976833333333,78.75501500000001,78.75501500000001 13.267256666666666,78.75552833333333,78.75552833333333 13.264746666666667,78.75603833333332,78.75603833333332 13.262238333333334,78.75655,78.75655 13.259731666666667,78.75706,78.75706 13.257225000000002,78.75757,78.75757 13.25472,78.75807833333333,78.75807833333333 13.252216666666666,78.75858666666666,78.75858666666666 13.249710000000002,78.75909333333333,78.75909333333333 13.247203333333333,78.75959999999999,78.75959999999999 13.244695,78.760105,78.760105 13.242188333333337,78.76061,78.76061 13.23968,78.761115,78.761115 13.237168333333333,78.76161833333335,78.76161833333335 13.234651666666666,78.76212166666667,78.76212166666667 13.232131666666664,78.76262333333335,78.76262333333335 13.229606666666665,78.76312333333334,78.76312333333334 13.227076666666669,78.76362333333333,78.76362333333333 13.224541666666669,78.76412,78.76412 13.221999999999998,78.764615,78.764615 13.219451666666664,78.76510833333333,78.76510833333333 13.216896666666665,78.7656,78.7656 13.214341666666668,78.76608833333334,78.76608833333334 13.211783333333337,78.76657666666667,78.76657666666667 13.209226666666668,78.76706166666665,78.76706166666665 13.206671666666667,78.76754833333332,78.76754833333332 13.204123333333333,78.76803333333334,78.76803333333334 13.20158,78.76852,78.76852 13.199036666666666,78.76900666666667,78.76900666666667 13.196488333333331,78.76949333333334,78.76949333333334 13.193940000000001,78.76998,78.76998 13.191388333333334,78.77046833333334,78.77046833333334 13.188831666666665,78.77095666666668,78.77095666666668 13.186266666666665,78.771445,78.771445 13.183691666666666,78.77193000000001,78.77193000000001 13.181110000000002,78.77241666666669,78.77241666666669 13.178524999999997,78.77290333333333,78.77290333333333 13.175936666666665,78.77338833333333,78.77338833333333 13.173346666666664,78.773875,78.773875 13.170758333333332,78.77436166666668,78.77436166666668 13.16816833333333,78.77484833333332,78.77484833333332 13.165578333333332,78.77533499999998,78.77533499999998 13.162986666666667,78.77582166666666,78.77582166666666 13.160393333333332,78.77630833333333,78.77630833333333 13.157798333333336,78.77679333333333,78.77679333333333 13.15520166666667,78.77727833333334,78.77727833333334 13.152601666666664,78.77776333333333,78.77776333333333 13.149998333333334,78.77824666666667,78.77824666666667 13.147394999999998,78.77872833333333,78.77872833333333 13.144788333333334,78.77920833333333,78.77920833333333 13.142181666666668,78.77968666666668,78.77968666666668 13.139574999999997,78.780165,78.780165 13.136966666666668,78.78064166666667,78.78064166666667 13.134355000000003,78.78112,78.78112 13.131743333333333,78.78159833333333,78.78159833333333 13.129125,78.782075,78.782075 13.126503333333336,78.78255166666668,78.78255166666668 13.123881666666668,78.78302833333335,78.78302833333335 13.121256666666666,78.78350499999999,78.78350499999999 13.11863,78.78398,78.78398 13.115996666666668,78.78445499999998,78.78445499999998 13.113363333333334,78.78493166666668,78.78493166666668 13.110726666666668,78.78540833333332,78.78540833333332 13.10809,78.78588666666666,78.78588666666666 13.105451666666667,78.78636499999999,78.78636499999999 13.10281,78.78684499999999,78.78684499999999 13.100163333333333,78.78732499999998,78.78732499999998 13.097514999999998,78.787805,78.787805 13.094861666666667,78.788285,78.788285 13.092205000000002,78.788765,78.788765 13.089548333333335,78.789245,78.789245 13.086893333333334,78.78972666666668,78.78972666666668 13.084245,78.79020833333334,78.79020833333334 13.081603333333332,78.79069166666666,78.79069166666666 13.078966666666668,78.79117666666666,78.79117666666666 13.07633666666667,78.79166333333333,78.79166333333333 13.073711666666668,78.79215166666667,78.79215166666667 13.071091666666666,78.79263999999999,78.79263999999999 13.068475000000001,78.79313166666668,78.79313166666668 13.065856666666665,78.79362166666667,78.79362166666667 13.063235,78.79411166666667,78.79411166666667 13.060604999999999,78.7946,78.7946 13.057965000000001,78.795085,78.795085 13.055303333333333,78.795565,78.795565 13.052616666666664,78.79603833333334,78.79603833333334 13.049905000000003,78.796505,78.796505 13.047171666666669,78.79696833333334,78.79696833333334 13.044416666666667,78.79742333333333,78.79742333333333 13.041630000000001,78.79787166666667,78.79787166666667 13.038813333333335,78.79831166666668,78.79831166666668 13.035968333333335,78.798745,78.798745 13.033091666666666,78.79916999999999,78.79916999999999 13.030186666666667,78.79958666666667,78.79958666666667 13.027254999999998,78.79999666666666,78.79999666666666 13.024294999999999,78.80039833333333,78.80039833333333 13.02131,78.80079333333333,78.80079333333333 13.018305000000002,78.80118000000002,78.80118000000002 13.015299999999998,78.80156499999998,78.80156499999998 13.012304999999998,78.80195166666667,78.80195166666667 13.009326666666668,78.80234166666668,78.80234166666668 13.006368333333334,78.80273333333334,78.80273333333334 13.003428333333334,78.80312666666667,78.80312666666667 13.000504999999999,78.80352166666667,78.80352166666667 12.997596666666668,78.80391833333333,78.80391833333333 12.994698333333334,78.804315,78.804315 12.991808333333331,78.80471166666666,78.80471166666666 12.988924999999998,78.80510999999998,78.80510999999998 12.986046666666667,78.80551,78.80551 12.983173333333331,78.80591166666667,78.80591166666667 12.980303333333334,78.80631333333334,78.80631333333334 12.977433333333332,78.80671500000001,78.80671500000001 12.974564999999998,78.80711666666666,78.80711666666666 12.971691666666667,78.80751833333333,78.80751833333333 12.968811666666666,78.80791833333333,78.80791833333333 12.965921666666668,78.80831833333332,78.80831833333332 12.963028333333332,78.80871833333333,78.80871833333333 12.960128333333333,78.80911666666665,78.80911666666665 12.957225000000003,78.80951333333334,78.80951333333334 12.954320000000001,78.80991,78.80991 12.95142,78.81030666666668,78.81030666666668 12.948525,78.81070333333334,78.81070333333334 12.945636666666667,78.8111,78.8111 12.942753333333334,78.811495,78.811495 12.939874999999999,78.81189166666665,78.81189166666665 12.937001666666667,78.81228833333331,78.81228833333331 12.934131666666667,78.81268333333334,78.81268333333334 12.931260000000002,78.81307833333334,78.81307833333334 12.928391666666668,78.81347166666667,78.81347166666667 12.925528333333334,78.81386833333333,78.81386833333333 12.922666666666666,78.81426333333333,78.81426333333333 12.919803333333334,78.81466000000002,78.81466000000002 12.916935000000002,78.81505833333334,78.81505833333334 12.914065,78.815455,78.815455 12.91119333333333,78.81585333333334,78.81585333333334 12.908323333333332,78.81625333333332,78.81625333333332 12.905451666666664,78.81665333333333,78.81665333333333 12.90258,78.81705333333332,78.81705333333332 12.899703333333331,78.81745333333333,78.81745333333333 12.896818333333332,78.817855,78.817855 12.893926666666669,78.81825500000001,78.81825500000001 12.891026666666669,78.81865500000002,78.81865500000002 12.888119999999999,78.81905666666667,78.81905666666667 12.885208333333333,78.81945666666667,78.81945666666667 12.882293333333331,78.81985666666665,78.81985666666665 12.879375000000001,78.82025833333333,78.82025833333333 12.876451666666668,78.82065833333334,78.82065833333334 12.873525,78.82106,78.82106 12.870595,78.82145999999999,78.82145999999999 12.867664999999999,78.82186166666666,78.82186166666666 12.864733333333335,78.82226333333334,78.82226333333334 12.861798333333335,78.822665,78.822665 12.85886,78.82306666666668,78.82306666666668 12.855918333333333,78.82346833333332,78.82346833333332 12.852970000000001,78.82387166666668,78.82387166666668 12.850016666666665,78.82427666666668,78.82427666666668 12.847061666666665,78.82468166666665,78.82468166666665 12.844103333333331,78.82508666666666,78.82508666666666 12.84114,78.82549333333333,78.82549333333333 12.838178333333333,78.82590166666667,78.82590166666667 12.835216666666666,78.82631166666668,78.82631166666668 12.832256666666668,78.82672166666666,78.82672166666666 12.829295000000002,78.82713333333334,78.82713333333334 12.826334999999997,78.827545,78.827545 12.823376666666663,78.82795999999999,78.82795999999999 12.820421666666666,78.82837500000001,78.82837500000001 12.817468333333332,78.82879333333334,78.82879333333334 12.814516666666668,78.82921166666668,78.82921166666668 12.811569999999998,78.82963166666666,78.82963166666666 12.808628333333333,78.83005499999999,78.83005499999999 12.805694999999998,78.83048000000001,78.83048000000001 12.802766666666667,78.83090666666666,78.83090666666666 12.799845000000001,78.831335,78.831335 12.796931666666666,78.83176833333333,78.83176833333333 12.794026666666664,78.83220166666666,78.83220166666666 12.79113166666667,78.83264,78.83264 12.788245,78.83307833333333,78.83307833333333 12.785363333333331,78.83352000000001,78.83352000000001 12.782486666666667,78.83396333333333,78.83396333333333 12.779616666666666,78.83440666666668,78.83440666666668 12.776748333333334,78.83485166666667,78.83485166666667 12.773886666666664,78.83529666666666,78.83529666666666 12.771029999999998,78.83574166666668,78.83574166666668 12.768178333333331,78.83618666666666,78.83618666666666 12.76533166666667,78.83663166666668,78.83663166666668 12.762489999999998,78.83707833333332,78.83707833333332 12.759659999999998,78.83752333333334,78.83752333333334 12.756839999999999,78.83797,78.83797 12.754033333333334,78.83841666666667,78.83841666666667 12.751235000000001,78.83886333333332,78.83886333333332 12.748444999999998,78.83931166666666,78.83931166666666 12.745658333333331,78.83976166666666,78.83976166666666 12.742873333333334,78.84021333333332,78.84021333333332 12.74008833333333,78.84066666666665,78.84066666666665 12.737305,78.84112166666667,78.84112166666667 12.734520000000002,78.84157666666667,78.84157666666667 12.73173,78.84203166666666,78.84203166666666 12.728935000000002,78.84248666666667,78.84248666666667 12.726133333333333,78.84294166666666,78.84294166666666 12.723321666666669,78.84339499999999,78.84339499999999 12.720501666666667,78.84384666666668,78.84384666666668 12.717668333333332,78.84429666666668,78.84429666666668 12.714823333333333,78.84474499999999,78.84474499999999 12.711968333333335,78.84519333333333,78.84519333333333 12.709103333333333,78.84563833333334,78.84563833333334 12.706228333333335,78.84608333333333,78.84608333333333 12.703343333333333,78.84652833333332,78.84652833333332 12.700448333333336,78.84696999999998,78.84696999999998 12.697543333333334,78.84741166666664,78.84741166666664 12.694629999999998,78.84785333333333,78.84785333333333 12.691708333333333,78.84829333333334,78.84829333333334 12.688780000000001,78.84873333333334,78.84873333333334 12.685844999999997,78.84917166666668,78.84917166666668 12.682903333333336,78.84961,78.84961 12.679960000000003,78.85005,78.85005 12.677014999999997,78.85048833333335,78.85048833333335 12.67406833333333,78.85092833333334,78.85092833333334 12.671118333333332,78.85136833333333,78.85136833333333 12.66817,78.85180666666666,78.85180666666666 12.66522333333333,78.85224666666666,78.85224666666666 12.662281666666669,78.85268500000001,78.85268500000001 12.659341666666666,78.853125,78.853125 12.656406666666665,78.85356333333334,78.85356333333334 12.653476666666664,78.85400166666666,78.85400166666666 12.650551666666669,78.85443833333333,78.85443833333333 12.647630000000001,78.85487833333335,78.85487833333335 12.644710000000002,78.85531666666668,78.85531666666668 12.641791666666665,78.855755,78.855755 12.638873333333333,78.85619166666667,78.85619166666667 12.635951666666665,78.85663,78.85663 12.633028333333336,78.857065,78.857065 12.630101666666668,78.85749833333334,78.85749833333334 12.627166666666668,78.85793166666666,78.85793166666666 12.624225000000003,78.85836333333333,78.85836333333333 12.621276666666665,78.85879333333334,78.85879333333334 12.618320000000002,78.85922166666666,78.85922166666666 12.615355000000001,78.85965166666665,78.85965166666665 12.612378333333332,78.86007833333333,78.86007833333333 12.609391666666665,78.86050666666668,78.86050666666668 12.606396666666669,78.86093333333334,78.86093333333334 12.603395,78.86136166666667,78.86136166666667 12.600385000000001,78.86178833333332,78.86178833333332 12.597371666666668,78.86221666666667,78.86221666666667 12.594353333333334,78.86264666666665,78.86264666666665 12.591331666666667,78.86307666666667,78.86307666666667 12.588301666666666,78.86350833333331,78.86350833333331 12.585271666666666,78.86394000000001,78.86394000000001 12.582238333333333,78.86437333333333,78.86437333333333 12.579205000000002,78.86480833333333,78.86480833333333 12.576171666666667,78.86524333333334,78.86524333333334 12.573138333333333,78.86568,78.86568 12.570108333333334,78.86611666666666,78.86611666666666 12.567081666666663,78.86655499999999,78.86655499999999 12.564056666666666,78.86699333333333,78.86699333333333 12.561036666666666,78.86743166666668,78.86743166666668 12.558019999999999,78.86786999999998,78.86786999999998 12.555006666666667,78.86831000000001,78.86831000000001 12.551996666666664,78.86874833333333,78.86874833333333 12.548990000000002,78.86918833333333,78.86918833333333 12.545988333333334,78.86962833333334,78.86962833333334 12.54299,78.87006833333334,78.87006833333334 12.539994999999998,78.87050833333333,78.87050833333333 12.537,78.87094833333335,78.87094833333335 12.534003333333333,78.87138666666665,78.87138666666665 12.531006666666668,78.871825,78.871825 12.528005,78.87226166666665,78.87226166666665 12.524999999999999,78.87269666666667,78.87269666666667 12.521988333333336,78.87313000000002,78.87313000000002 12.518973333333333,78.87356166666666,78.87356166666666 12.515953333333336,78.87399,78.87399 12.512923333333331,78.87441833333334,78.87441833333334 12.509888333333333,78.87484333333333,78.87484333333333 12.506843333333332,78.875265,78.875265 12.503786666666667,78.87568666666667,78.87568666666667 12.500720000000001,78.87610333333333,78.87610333333333 12.497641666666668,78.87652000000001,78.87652000000001 12.494555,78.87693333333334,78.87693333333334 12.491453333333332,78.87734333333333,78.87734333333333 12.488338333333335,78.87775166666667,78.87775166666667 12.485208333333333,78.87815833333335,78.87815833333335 12.482065,78.87856166666666,78.87856166666666 12.478908333333333,78.87896333333333,78.87896333333333 12.475736666666666,78.87936333333334,78.87936333333334 12.472555,78.87976,78.87976 12.469365000000002,78.88015666666666,78.88015666666666 12.466168333333332,78.88055333333334,78.88055333333334 12.462966666666667,78.88094833333334,78.88094833333334 12.459760000000001,78.88134333333333,78.88134333333333 12.456548333333334,78.88173666666667,78.88173666666667 12.453330000000003,78.88212833333334,78.88212833333334 12.450108333333331,78.88251833333334,78.88251833333334 12.446883333333336,78.88290666666666,78.88290666666666 12.443658333333333,78.883295,78.883295 12.440431666666665,78.88368166666666,78.88368166666666 12.437204999999997,78.88406666666667,78.88406666666667 12.433980000000002,78.88445166666666,78.88445166666666 12.430755,78.88483333333333,78.88483333333333 12.427530000000003,78.88521500000002,78.88521500000002 12.424305,78.88559333333333,78.88559333333333 12.421081666666664,78.88596833333334,78.88596833333334 12.417860000000001,78.88634333333334,78.88634333333334 12.41464,78.88671666666667,78.88671666666667 12.411419999999998,78.88708666666666,78.88708666666666 12.4082,78.88745499999999,78.88745499999999 12.404978333333336,78.88782333333334,78.88782333333334 12.401758333333332,78.88819000000001,78.88819000000001 12.398535,78.88855499999998,78.88855499999998 12.395309999999998,78.88892000000001,78.88892000000001 12.392083333333334,78.88928499999999,78.88928499999999 12.388851666666667,78.88964833333333,78.88964833333333 12.385621666666669,78.89001333333333,78.89001333333333 12.382390000000003,78.89037833333333,78.89037833333333 12.379156666666667,78.89074166666666,78.89074166666666 12.375925,78.89110833333334,78.89110833333334 12.372694999999998,78.89147333333334,78.89147333333334 12.369466666666666,78.89184166666666,78.89184166666666 12.366238333333335,78.89220999999999,78.89220999999999 12.363010000000003,78.89258000000001,78.89258000000001 12.35978833333333,78.89295166666669,78.89295166666669 12.35657,78.893325,78.893325 12.353354999999999,78.89369833333333,78.89369833333333 12.350141666666666,78.89407333333334,78.89407333333334 12.346933333333332,78.89445,78.89445 12.343726666666665,78.89482833333332,78.89482833333332 12.340525,78.89520666666668,78.89520666666668 12.337326666666668,78.89558833333332,78.89558833333332 12.334131666666666,78.89597,78.89597 12.330941666666668,78.89635333333334,78.89635333333334 12.327758333333334,78.89674,78.89674 12.324578333333333,78.89712666666667,78.89712666666667 12.321401666666668,78.89751500000001,78.89751500000001 12.318230000000002,78.89790500000002,78.89790500000002 12.315063333333333,78.89829666666667,78.89829666666667 12.311905000000001,78.89869166666666,78.89869166666666 12.308755,78.89908999999999,78.89908999999999 12.305613333333334,78.89949,78.89949 12.302481666666665,78.89989166666666,78.89989166666666 12.29935833333333,78.90029833333332,78.90029833333332 12.296241666666667,78.900705,78.900705 12.293128333333334,78.90111333333333,78.90111333333333 12.290019999999998,78.90152499999999,78.90152499999999 12.286911666666668,78.90193666666667,78.90193666666667 12.283808333333333,78.90235,78.90235 12.280706666666667,78.90276666666668,78.90276666666668 12.277608333333333,78.90318333333333,78.90318333333333 12.274511666666667,78.90360166666666,78.90360166666666 12.271418333333333,78.90402333333333,78.90402333333333 12.268324999999999,78.90444666666667,78.90444666666667 12.265233333333335,78.90487166666666,78.90487166666666 12.262141666666666,78.90529666666666,78.90529666666666 12.259053333333336,78.905725,78.905725 12.255969999999998,78.90615333333335,78.90615333333335 12.252889999999999,78.90658166666667,78.90658166666667 12.249813333333334,78.90701166666666,78.90701166666666 12.246743333333331,78.90744166666667,78.90744166666667 12.243676666666666,78.90787166666668,78.90787166666668 12.240614999999998,78.90830333333334,78.90830333333334 12.237553333333334,78.90873333333334,78.90873333333334 12.234493333333333,78.90916333333332,78.90916333333332 12.231433333333332,78.90959333333333,78.90959333333333 12.22837333333333,78.91002166666667,78.91002166666667 12.225313333333336,78.91045000000001,78.91045000000001 12.222254999999999,78.91087833333333,78.91087833333333 12.219196666666669,78.91130833333334,78.91130833333334 12.216138333333333,78.91173666666667,78.91173666666667 12.213079999999998,78.91216500000002,78.91216500000002 12.210021666666668,78.912595,78.912595 12.206966666666665,78.913025,78.913025 12.20391333333333,78.913455,78.913455 12.20086333333333,78.91388666666667,78.91388666666667 12.197820000000002,78.91431833333334,78.91431833333334 12.194781666666666,78.91475166666666,78.91475166666666 12.191746666666667,78.915185,78.915185 12.188713333333332,78.91562,78.91562 12.185683333333335,78.91605333333334,78.91605333333334 12.18265,78.91648666666667,78.91648666666667 12.179620000000002,78.91691833333333,78.91691833333333 12.176589999999997,78.91735166666666,78.91735166666666 12.173563333333334,78.91778500000001,78.91778500000001 12.170536666666665,78.91821666666665,78.91821666666665 12.167511666666668,78.91864999999999,78.91864999999999 12.164488333333335,78.91908333333333,78.91908333333333 12.16146333333333,78.91951666666667,78.91951666666667 12.158438333333333,78.91995,78.91995 12.155409999999998,78.92038166666666,78.92038166666666 12.152378333333335,78.92081333333333,78.92081333333333 12.149343333333336,78.92124333333334,78.92124333333334 12.146305,78.92167166666667,78.92167166666667 12.143260000000001,78.92209833333332,78.92209833333332 12.140211666666668,78.92252333333332,78.92252333333332 12.13715833333333,78.92294666666668,78.92294666666668 12.134101666666666,78.92337,78.92337 12.131043333333333,78.92379166666667,78.92379166666667 12.127983333333335,78.92421333333334,78.92421333333334 12.124925,78.92463500000001,78.92463500000001 12.121866666666666,78.92505666666665,78.92505666666665 12.118805000000002,78.92547666666665,78.92547666666665 12.11574,78.92589666666666,78.92589666666666 12.112671666666664,78.92631666666666,78.92631666666666 12.109601666666666,78.926735,78.926735 12.106525,78.92715333333334,78.92715333333334 12.103439999999999,78.92756999999999,78.92756999999999 12.100346666666665,78.92798666666667,78.92798666666667 12.097246666666667,78.9284,78.9284 12.094141666666667,78.928815,78.928815 12.091033333333334,78.92922833333333,78.92922833333333 12.08792,78.92964166666668,78.92964166666668 12.084803333333333,78.930055,78.930055 12.081688333333334,78.93046833333332,78.93046833333332 12.078573333333335,78.93088166666665,78.93088166666665 12.07545833333333,78.93129666666667,78.93129666666667 12.07234,78.93171166666667,78.93171166666667 12.06922,78.93212666666666,78.93212666666666 12.066103333333333,78.93254333333331,78.93254333333331 12.062986666666665,78.93295833333333,78.93295833333333 12.059868333333334,78.933375,78.933375 12.056751666666667,78.93379166666668,78.93379166666668 12.053636666666668,78.93421,78.93421 12.050519999999997,78.93462666666665,78.93462666666665 12.047403333333333,78.93504333333333,78.93504333333333 12.044281666666667,78.93545999999999,78.93545999999999 12.041158333333332,78.93587666666667,78.93587666666667 12.038031666666667,78.93629333333332,78.93629333333332 12.034903333333332,78.93670833333334,78.93670833333334 12.031771666666668,78.93712166666666,78.93712166666666 12.028640000000001,78.93753666666667,78.93753666666667 12.025508333333336,78.93795,78.93795 12.022375,78.93836333333333,78.93836333333333 12.01924166666667,78.938775,78.938775 12.016108333333333,78.93918833333333,78.93918833333333 12.012978333333335,78.9396,78.9396 12.009849999999997,78.94001333333334,78.94001333333334 12.006724999999998,78.94042666666667,78.94042666666667 12.003603333333334,78.94084,78.94084 12.000481666666667,78.941255,78.941255 11.99736333333333,78.94167000000002,78.94167000000002 11.994251666666667,78.942085,78.942085 11.991146666666669,78.94250166666666,78.94250166666666 11.988045,78.94292,78.94292 11.984948333333332,78.94333833333333,78.94333833333333 11.981858333333333,78.94376000000001,78.94376000000001 11.978773333333333,78.94418,78.94418 11.975696666666664,78.94460333333333,78.94460333333333 11.972623333333335,78.94502833333333,78.94502833333333 11.969558333333337,78.94545333333333,78.94545333333333 11.966498333333336,78.94587999999999,78.94587999999999 11.963443333333332,78.94630666666667,78.94630666666667 11.960389999999999,78.94673333333333,78.94673333333333 11.957339999999999,78.94715833333332,78.94715833333332 11.954295000000002,78.94758666666667,78.94758666666667 11.951253333333334,78.94801166666666,78.94801166666666 11.948211666666667,78.94843833333333,78.94843833333333 11.945171666666665,78.94886166666666,78.94886166666666 11.942136666666666,78.94928666666665,78.94928666666665 11.939104999999998,78.94971000000001,78.94971000000001 11.936076666666668,78.95013166666665,78.95013166666665 11.93305,78.95055333333332,78.95055333333332 11.930025000000002,78.95097333333332,78.95097333333332 11.926999999999998,78.95139166666667,78.95139166666667 11.923973333333334,78.95180833333333,78.95180833333333 11.920948333333333,78.95222500000001,78.95222500000001 11.917926666666666,78.95264,78.95264 11.914906666666665,78.95305499999999,78.95305499999999 11.911891666666667,78.95347,78.95347 11.908881666666664,78.95388500000001,78.95388500000001 11.905878333333332,78.9543,78.9543 11.902878333333335,78.95471666666668,78.95471666666668 11.899881666666666,78.95513333333334,78.95513333333334 11.896886666666669,78.95555166666666,78.95555166666666 11.893893333333331,78.95596833333335,78.95596833333335 11.8909,78.95638666666666,78.95638666666666 11.887906666666668,78.95680333333334,78.95680333333334 11.884913333333333,78.95722166666665,78.95722166666665 11.88192,78.95763833333334,78.95763833333334 11.878925,78.958055,78.958055 11.875926666666667,78.95847166666668,78.95847166666668 11.872928333333332,78.95888666666667,78.95888666666667 11.869925,78.9593,78.9593 11.866920000000002,78.95971166666668,78.95971166666668 11.863913333333336,78.96012333333334,78.96012333333334 11.860903333333333,78.96053333333333,78.96053333333333 11.857895000000001,78.96094333333333,78.96094333333333 11.854885000000003,78.96135166666666,78.96135166666666 11.851876666666666,78.96176,78.96176 11.848868333333334,78.96216833333332,78.96216833333332 11.845860000000002,78.962575,78.962575 11.842851666666663,78.96298166666666,78.96298166666666 11.83984333333333,78.96338833333331,78.96338833333331 11.836836666666668,78.963795,78.963795 11.833831666666667,78.96419999999999,78.96419999999999 11.830826666666665,78.96460666666668,78.96460666666668 11.827818333333333,78.96501333333333,78.96501333333333 11.824805,78.96541833333333,78.96541833333333 11.82179,78.96582333333335,78.96582333333335 11.818769999999999,78.96622666666666,78.96622666666666 11.815748333333334,78.96662833333333,78.96662833333333 11.812723333333333,78.96703000000001,78.96703000000001 11.809696666666667,78.96743166666667,78.96743166666667 11.806668333333334,78.96783166666668,78.96783166666668 11.803638333333332,78.96823166666667,78.96823166666667 11.800606666666667,78.96862999999999,78.96862999999999 11.797573333333332,78.96902833333334,78.96902833333334 11.794538333333334,78.969425,78.969425 11.7915,78.96982333333334,78.96982333333334 11.788454999999999,78.97021833333334,78.97021833333334 11.785408333333333,78.97061333333333,78.97061333333333 11.782358333333333,78.97100833333333,78.97100833333333 11.779304999999999,78.97140166666667,78.97140166666667 11.77625,78.971795,78.971795 11.773193333333332,78.97218833333334,78.97218833333334 11.770135000000002,78.97258000000001,78.97258000000001 11.76708,78.97297166666667,78.97297166666667 11.764021666666666,78.97336166666668,78.97336166666668 11.760966666666665,78.97375166666669,78.97375166666669 11.757914999999999,78.97414166666667,78.97414166666667 11.754863333333335,78.97453166666665,78.97453166666665 11.751811666666665,78.97492166666666,78.97492166666666 11.748758333333335,78.97531000000001,78.97531000000001 11.745703333333333,78.97569666666668,78.97569666666668 11.742651666666667,78.976085,78.976085 11.739601666666667,78.97647166666668,78.97647166666668 11.73656,78.97686,78.97686 11.733525,78.97724833333334,78.97724833333334 11.730503333333333,78.97763833333335,78.97763833333335 11.727491666666667,78.97803000000002,78.97803000000002 11.724490000000001,78.97842500000002,78.97842500000002 11.721503333333331,78.97881999999998,78.97881999999998 11.718528333333332,78.97921833333334,78.97921833333334 11.715565000000002,78.97961666666667,78.97961666666667 11.71261666666667,78.98001999999998,78.98001999999998 11.709681666666665,78.98042500000001,78.98042500000001 11.706760000000001,78.98083166666666,78.98083166666666 11.703846666666669,78.98124166666668,78.98124166666668 11.700943333333331,78.981655,78.981655 11.698043333333333,78.98207,78.98207 11.69515,78.98248833333334,78.98248833333334 11.69226,78.98290833333334,78.98290833333334 11.689375,78.98333166666666,78.98333166666666 11.686493333333331,78.98375666666666,78.98375666666666 11.683613333333334,78.98418333333335,78.98418333333335 11.680736666666668,78.98461166666667,78.98461166666667 11.677859999999999,78.98504000000001,78.98504000000001 11.674985000000001,78.98547,78.98547 11.67211,78.98590000000002,78.98590000000002 11.669231666666667,78.98633,78.98633 11.666351666666666,78.98676,78.98676 11.663468333333332,78.98718833333334,78.98718833333334 11.660578333333333,78.98761666666665,78.98761666666665 11.657683333333333,78.988045,78.988045 11.654783333333334,78.98847166666665,78.98847166666665 11.651880000000004,78.98889833333334,78.98889833333334 11.648970000000002,78.98932333333333,78.98932333333333 11.646058333333333,78.98974833333334,78.98974833333334 11.643143333333335,78.99017333333333,78.99017333333333 11.640225000000001,78.99059833333332,78.99059833333332 11.637304999999998,78.99102333333335,78.99102333333335 11.634381666666664,78.99144833333334,78.99144833333334 11.631456666666669,78.991875,78.991875 11.628530000000001,78.99230166666668,78.99230166666668 11.625603333333334,78.99273,78.99273 11.622675,78.99315833333333,78.99315833333333 11.61975,78.99358833333334,78.99358833333334 11.616824999999999,78.99402,78.99402 11.613903333333333,78.99445333333333,78.99445333333333 11.610983333333333,78.99488666666666,78.99488666666666 11.608065,78.99532166666667,78.99532166666667 11.605148333333334,78.99575666666667,78.99575666666667 11.602231666666668,78.99619166666666,78.99619166666666 11.599313333333335,78.99662666666667,78.99662666666667 11.596396666666665,78.99706166666667,78.99706166666667 11.59348,78.99749666666668,78.99749666666668 11.590563333333334,78.99793166666667,78.99793166666667 11.587645000000002,78.99836499999999,78.99836499999999 11.584730000000002,78.99879833333333,78.99879833333333 11.581816666666667,78.99923,78.99923 11.578908333333334,78.99966166666665,78.99966166666665 11.575999999999999,79.00009333333334,79.00009333333334 11.573095,79.000525,79.000525 11.570189999999998,79.000955,79.000955 11.567284999999998,79.00138333333332,79.00138333333332 11.564381666666668,79.00181333333333,79.00181333333333 11.561471666666668,79.00224,79.00224 11.558556666666666,79.002665,79.002665 11.555638333333333,79.00309000000001,79.00309000000001 11.552713333333333,79.00351166666665,79.00351166666665 11.549779999999998,79.00393333333332,79.00393333333332 11.546840000000003,79.00435333333333,79.00435333333333 11.543893333333333,79.00477166666666,79.00477166666666 11.54094,79.00518833333334,79.00518833333334 11.537980000000001,79.00560499999999,79.00560499999999 11.535011666666666,79.00601833333334,79.00601833333334 11.532038333333333,79.00643166666667,79.00643166666667 11.529056666666667,79.00684333333335,79.00684333333335 11.52607,79.00725333333332,79.00725333333332 11.52307666666667,79.00766166666668,79.00766166666668 11.520081666666666,79.00806833333333,79.00806833333333 11.517083333333336,79.00847499999999,79.00847499999999 11.514083333333334,79.00888166666667,79.00888166666667 11.511080000000002,79.00928833333333,79.00928833333333 11.508073333333336,79.00969333333335,79.00969333333335 11.505059999999999,79.01009833333332,79.01009833333332 11.502044999999999,79.01050166666668,79.01050166666668 11.499023333333332,79.01090500000001,79.01090500000001 11.495996666666668,79.01130666666666,79.01130666666666 11.492968333333334,79.01170666666667,79.01170666666667 11.489936666666665,79.01210666666665,79.01210666666665 11.4869,79.01250333333334,79.01250333333334 11.483860000000002,79.01289833333334,79.01289833333334 11.480815,79.01329166666667,79.01329166666667 11.477765,79.01368333333335,79.01368333333335 11.474711666666666,79.01407166666667,79.01407166666667 11.471653333333334,79.01445833333332,79.01445833333332 11.468589999999999,79.01484333333333,79.01484333333333 11.465524999999998,79.01522666666666,79.01522666666666 11.462455,79.01560833333333,79.01560833333333 11.45938,79.01598833333335,79.01598833333335 11.456298333333333,79.01637,79.01637 11.453215,79.01675000000002,79.01675000000002 11.450124999999998,79.01713,79.01713 11.447029999999998,79.01750999999999,79.01750999999999 11.443931666666666,79.01789,79.01789 11.440831666666668,79.01827000000002,79.01827000000002 11.437731666666666,79.01865166666666,79.01865166666666 11.43463,79.01903166666665,79.01903166666665 11.431530000000002,79.01941333333332,79.01941333333332 11.428429999999999,79.019795,79.019795 11.425328333333335,79.02017666666667,79.02017666666667 11.422223333333335,79.02055666666666,79.02055666666666 11.419115,79.02093666666667,79.02093666666667 11.416000000000002,79.021315,79.021315 11.412880000000001,79.02169166666665,79.02169166666665 11.409753333333333,79.02206666666666,79.02206666666666 11.40661833333333,79.02244166666667,79.02244166666667 11.403481666666666,79.022815,79.022815 11.400338333333332,79.02318666666667,79.02318666666667 11.397191666666666,79.02355666666666,79.02355666666666 11.394039999999999,79.02392666666665,79.02392666666665 11.390886666666667,79.02429500000001,79.02429500000001 11.387731666666665,79.02466333333334,79.02466333333334 11.384576666666666,79.02503166666666,79.02503166666666 11.381421666666665,79.0254,79.0254 11.378264999999999,79.02576666666667,79.02576666666667 11.375113333333333,79.02613333333333,79.02613333333333 11.371965,79.02650166666666,79.02650166666666 11.368823333333333,79.02686999999999,79.02686999999999 11.365685000000001,79.02724,79.02724 11.362551666666665,79.02760833333333,79.02760833333333 11.359421666666666,79.02797999999999,79.02797999999999 11.356295000000001,79.02835333333334,79.02835333333334 11.353175,79.02872666666666,79.02872666666666 11.350056666666667,79.02910333333332,79.02910333333332 11.346945000000002,79.02947999999999,79.02947999999999 11.343835000000002,79.02985833333334,79.02985833333334 11.340729999999999,79.03024,79.03024 11.337626666666665,79.03062,79.03062 11.334521666666667,79.03100333333333,79.03100333333333 11.331418333333332,79.03138666666668,79.03138666666668 11.328311666666666,79.03177000000001,79.03177000000001 11.325205,79.03215333333333,79.03215333333333 11.322095000000001,79.03253833333332,79.03253833333332 11.31898333333333,79.03292333333334,79.03292333333334 11.31587,79.03330833333332,79.03330833333332 11.312755000000001,79.03369333333335,79.03369333333335 11.309638333333332,79.03407666666668,79.03407666666668 11.306523333333333,79.03446166666666,79.03446166666666 11.30341,79.03484499999999,79.03484499999999 11.300298333333334,79.03522833333332,79.03522833333332 11.297186666666667,79.03561166666667,79.03561166666667 11.294075000000001,79.03599333333334,79.03599333333334 11.290965000000002,79.03637666666667,79.03637666666667 11.28785333333333,79.03676000000002,79.03676000000002 11.284741666666667,79.03714166666666,79.03714166666666 11.281628333333334,79.037525,79.037525 11.278516666666668,79.03790833333333,79.03790833333333 11.275405000000001,79.03829333333333,79.03829333333333 11.272295000000002,79.03867666666667,79.03867666666667 11.269181666666668,79.03906,79.03906 11.266068333333331,79.03944499999999,79.03944499999999 11.262954999999998,79.03983000000001,79.03983000000001 11.259843333333333,79.04021333333334,79.04021333333334 11.25673,79.0406,79.0406 11.25361666666667,79.040985,79.040985 11.250503333333333,79.04137166666666,79.04137166666666 11.247391666666665,79.04176166666667,79.04176166666667 11.24428,79.04215166666665,79.04215166666665 11.241166666666667,79.04254333333333,79.04254333333333 11.238055000000003,79.04293833333332,79.04293833333332 11.234943333333334,79.04333499999998,79.04333499999998 11.231829999999999,79.043735,79.043735 11.228713333333333,79.04413666666667,79.04413666666667 11.22559666666667,79.04454,79.04454 11.222478333333335,79.044945,79.044945 11.219358333333334,79.04535166666666,79.04535166666666 11.216238333333335,79.04576166666666,79.04576166666666 11.213118333333334,79.04617166666667,79.04617166666667 11.209998333333333,79.04658166666665,79.04658166666665 11.206878333333336,79.04699333333332,79.04699333333332 11.20376,79.04740666666666,79.04740666666666 11.200643333333336,79.04782166666668,79.04782166666668 11.19752833333333,79.04823666666667,79.04823666666667 11.194416666666667,79.04865333333335,79.04865333333335 11.191306666666668,79.04907,79.04907 11.188203333333336,79.04948666666667,79.04948666666667 11.18510333333333,79.04990500000001,79.04990500000001 11.182006666666666,79.05032166666666,79.05032166666666 11.178913333333334,79.05074,79.05074 11.175823333333334,79.05115833333332,79.05115833333332 11.172738333333333,79.051575,79.051575 11.169653333333333,79.05199333333333,79.05199333333333 11.16657166666667,79.05241166666667,79.05241166666667 11.163490000000003,79.05282833333335,79.05282833333335 11.16041,79.053245,79.053245 11.157328333333332,79.05366166666666,79.05366166666666 11.15424833333333,79.05407833333334,79.05407833333334 11.151164999999999,79.05449333333334,79.05449333333334 11.14808,79.05490833333333,79.05490833333333 11.144989999999998,79.05532333333335,79.05532333333335 11.141891666666668,79.05573666666666,79.05573666666666 11.13878833333333,79.05614833333335,79.05614833333335 11.135678333333331,79.05655999999999,79.05655999999999 11.132561666666668,79.05697,79.05697 11.129436666666667,79.05737999999998,79.05737999999998 11.126306666666668,79.05778833333333,79.05778833333333 11.123171666666666,79.05819833333334,79.05819833333334 11.120031666666668,79.05860666666668,79.05860666666668 11.116888333333334,79.059015,79.059015 11.113741666666666,79.05942333333334,79.05942333333334 11.110593333333334,79.05983333333333,79.05983333333333 11.107441666666666,79.06024333333333,79.06024333333333 11.104289999999999,79.06065500000001,79.06065500000001 11.101136666666667,79.06106833333334,79.06106833333334 11.097985000000001,79.06148166666667,79.06148166666667 11.094836666666668,79.06189833333333,79.06189833333333 11.091690000000003,79.06231500000001,79.06231500000001 11.088545,79.06273500000002,79.06273500000002 11.085405,79.063155,79.063155 11.082268333333332,79.06357666666666,79.06357666666666 11.079130000000003,79.064,79.064 11.075991666666667,79.06442166666669,79.06442166666669 11.07285,79.06484166666667,79.06484166666667 11.069704999999999,79.06526333333333,79.06526333333333 11.066558333333333,79.06568333333334,79.06568333333334 11.063406666666666,79.06610166666665,79.06610166666665 11.060249999999998,79.06651833333333,79.06651833333333 11.057088333333336,79.066935,79.066935 11.053921666666668,79.06734833333333,79.06734833333333 11.050748333333335,79.06776166666666,79.06776166666666 11.047571666666665,79.06817500000001,79.06817500000001 11.04439,79.068585,79.068585 11.041205,79.068995,79.068995 11.038018333333332,79.06940500000002,79.06940500000002 11.034828333333333,79.06981333333333,79.06981333333333 11.03163666666667,79.07022166666668,79.07022166666668 11.028441666666668,79.07063,79.07063 11.025243333333332,79.07103666666666,79.07103666666666 11.022040000000002,79.07144333333333,79.07144333333333 11.018833333333333,79.07184833333334,79.07184833333334 11.015621666666666,79.07225333333334,79.07225333333334 11.012405000000001,79.07265833333332,79.07265833333332 11.009183333333333,79.07306333333332,79.07306333333332 11.005958333333336,79.07346666666668,79.07346666666668 11.002731666666667,79.07387166666668,79.07387166666668 10.999500000000001,79.07427500000001,79.07427500000001 10.996265000000003,79.07467833333334,79.07467833333334 10.993028333333333,79.07508166666668,79.07508166666668 10.989793333333333,79.07548499999999,79.07548499999999 10.986558333333335,79.07588833333332,79.07588833333332 10.983321666666667,79.07629333333331,79.07629333333331 10.980081666666669,79.07669833333334,79.07669833333334 10.976840000000001,79.07710333333333,79.07710333333333 10.973591666666668,79.07750833333333,79.07750833333333 10.970338333333332,79.07791166666667,79.07791166666667 10.967078333333333,79.07831666666665,79.07831666666665 10.963811666666667,79.07872000000002,79.07872000000002 10.96054,79.07912166666667,79.07912166666667 10.957263333333334,79.07952333333333,79.07952333333333 10.95398,79.07992333333334,79.07992333333334 10.950691666666668,79.08032166666666,79.08032166666666 10.947401666666666,79.08071833333332,79.08071833333332 10.944108333333334,79.08111333333332,79.08111333333332 10.940808333333333,79.08150666666668,79.08150666666668 10.937505,79.08189833333333,79.08189833333333 10.934201666666668,79.08228833333334,79.08228833333334 10.930898333333335,79.08267666666666,79.08267666666666 10.927593333333334,79.08306333333333,79.08306333333333 10.924285000000001,79.08344666666666,79.08344666666666 10.920976666666663,79.08382999999999,79.08382999999999 10.917663333333335,79.08421166666668,79.08421166666668 10.914346666666667,79.08459166666665,79.08459166666665 10.911024999999999,79.08497000000001,79.08497000000001 10.9077,79.08534666666667,79.08534666666667 10.90436833333333,79.08572166666667,79.08572166666667 10.90103,79.08609499999999,79.08609499999999 10.897686666666667,79.08646666666667,79.08646666666667 10.894336666666668,79.08683833333333,79.08683833333333 10.890985,79.08720833333332,79.08720833333332 10.887630000000001,79.08758,79.08758 10.884269999999999,79.08795166666668,79.08795166666668 10.880909999999998,79.08832333333334,79.08832333333334 10.877546666666667,79.088695,79.088695 10.874186666666667,79.08906999999998,79.08906999999998 10.870826666666668,79.08944499999998,79.08944499999998 10.867469999999999,79.08981999999999,79.08981999999999 10.864115,79.09019666666667,79.09019666666667 10.860763333333333,79.090575,79.090575 10.857416666666667,79.09095500000001,79.09095500000001 10.854076666666668,79.09133666666666,79.09133666666666 10.85074,79.09171833333333,79.09171833333333 10.847409999999998,79.09210333333333,79.09210333333333 10.844086666666666,79.09249,79.09249 10.840768333333331,79.09287666666668,79.09287666666668 10.83745833333333,79.09326666666666,79.09326666666666 10.834151666666667,79.09365833333334,79.09365833333334 10.830853333333334,79.09405333333333,79.09405333333333 10.827560000000002,79.09445,79.09445 10.824271666666668,79.09484833333332,79.09484833333332 10.820988333333332,79.09524833333333,79.09524833333333 10.817706666666668,79.09565166666665,79.09565166666665 10.814430000000002,79.09605666666666,79.09605666666666 10.811155000000001,79.09646333333333,79.09646333333333 10.807883333333331,79.09687333333332,79.09687333333332 10.804613333333334,79.09728333333335,79.09728333333335 10.801346666666666,79.09769833333333,79.09769833333333 10.798083333333333,79.09811333333334,79.09811333333334 10.794821666666667,79.09853166666666,79.09853166666666 10.791564999999999,79.09895166666666,79.09895166666666 10.788311666666667,79.09937166666667,79.09937166666667 10.78506,79.099795,79.099795 10.781809999999998,79.10021666666667,79.10021666666667 10.778558333333335,79.10064,79.10064 10.77530833333333,79.10106166666667,79.10106166666667 10.772058333333332,79.10148333333333,79.10148333333333 10.768808333333334,79.10190333333334,79.10190333333334 10.765556666666663,79.10232166666665,79.10232166666665 10.762305,79.10273833333333,79.10273833333333 10.759051666666668,79.103155,79.103155 10.755798333333333,79.10356833333333,79.10356833333333 10.752545000000001,79.10398166666666,79.10398166666666 10.749291666666666,79.10439333333333,79.10439333333333 10.746038333333333,79.10480333333334,79.10480333333334 10.742786666666667,79.105215,79.105215 10.739535,79.10562333333336,79.10562333333336 10.736285000000002,79.10603333333333,79.10603333333333 10.733036666666665,79.10644166666665,79.10644166666665 10.729788333333333,79.10685,79.10685 10.726541666666666,79.10725833333332,79.10725833333332 10.723295,79.107665,79.107665 10.720048333333333,79.10807166666666,79.10807166666666 10.716800000000001,79.10847833333334,79.10847833333334 10.713553333333333,79.10888333333334,79.10888333333334 10.710305000000004,79.10928833333334,79.10928833333334 10.707056666666665,79.10969333333333,79.10969333333333 10.703809999999999,79.11009666666666,79.11009666666666 10.700564999999997,79.1105,79.1105 10.697319999999998,79.11090333333333,79.11090333333333 10.694078333333334,79.111305,79.111305 10.690838333333334,79.11170833333334,79.11170833333334 10.687603333333335,79.11211,79.11211 10.684373333333333,79.112515,79.112515 10.68115,79.11292166666667,79.11292166666667 10.677931666666666,79.11332833333331,79.11332833333331 10.674716666666665,79.11373666666667,79.11373666666667 10.671503333333332,79.11414499999998,79.11414499999998 10.668293333333333,79.11455500000001,79.11455500000001 10.665088333333332,79.114965,79.114965 10.661886666666666,79.11537666666666,79.11537666666666 10.658690000000002,79.11578833333334,79.11578833333334 10.655493333333332,79.1162,79.1162 10.6523,79.11661000000001,79.11661000000001 10.64911,79.11702,79.11702 10.645924999999998,79.11743,79.11743 10.642744999999998,79.11783999999999,79.11783999999999 10.639573333333333,79.11824833333333,79.11824833333333 10.636408333333334,79.11865666666665,79.11865666666665 10.633246666666665,79.11906333333333,79.11906333333333 10.630088333333333,79.11946999999999,79.11946999999999 10.626931666666666,79.11987500000001,79.11987500000001 10.623775000000002,79.12027833333332,79.12027833333332 10.620618333333335,79.12068166666666,79.12068166666666 10.617458333333332,79.121085,79.121085 10.614298333333334,79.12148833333335,79.12148833333335 10.611138333333333,79.12189166666668,79.12189166666668 10.607978333333334,79.12229833333333,79.12229833333333 10.604819999999998,79.122705,79.122705 10.601663333333335,79.123115,79.123115 10.598506666666667,79.12352500000001,79.12352500000001 10.595355,79.12393666666668,79.12393666666668 10.59221,79.12435,79.12435 10.58907,79.12476500000001,79.12476500000001 10.585934999999997,79.12518,79.12518 10.582805,79.12559666666665,79.12559666666665 10.579678333333332,79.12601166666667,79.12601166666667 10.576553333333333,79.12642666666667,79.12642666666667 10.573431666666666,79.12684166666666,79.12684166666666 10.570311666666665,79.12725666666665,79.12725666666665 10.567196666666666,79.12767166666666,79.12767166666666 10.564084999999999,79.12808666666668,79.12808666666668 10.560976666666667,79.12850166666666,79.12850166666666 10.55787,79.12891666666665,79.12891666666665 10.554763333333335,79.12933,79.12933 10.551658333333332,79.12974500000001,79.12974500000001 10.548554999999999,79.13016166666667,79.13016166666667 10.54545,79.13057833333335,79.13057833333335 10.542340000000001,79.13099666666666,79.13099666666666 10.539231666666668,79.131415,79.131415 10.536129999999998,79.131835,79.131835 10.533034999999998,79.132255,79.132255 10.529935,79.13267166666665,79.13267166666665 10.52683,79.13308666666667,79.13308666666667 10.523718333333333,79.1335,79.1335 10.520598333333332,79.13391166666668,79.13391166666668 10.517475000000003,79.13432333333334,79.13432333333334 10.514345,79.13473166666667,79.13473166666667 10.511206666666665,79.13513499999999,79.13513499999999 10.508063333333334,79.13553333333331,79.13553333333331 10.504919999999998,79.13593,79.13593 10.501775000000002,79.13632333333334,79.13632333333334 10.498626666666665,79.13671333333332,79.13671333333332 10.495478333333331,79.13710166666667,79.13710166666667 10.49233,79.13748666666667,79.13748666666667 10.489185,79.13787,79.13787 10.486038333333333,79.13825333333332,79.13825333333332 10.482890000000001,79.13863166666667,79.13863166666667 10.47974,79.13901000000001,79.13901000000001 10.476586666666666,79.13938666666665,79.13938666666665 10.473431666666665,79.13976333333335,79.13976333333335 10.470273333333333,79.14013666666666,79.14013666666666 10.467113333333335,79.14050999999999,79.14050999999999 10.463954999999997,79.14088166666667,79.14088166666667 10.460796666666665,79.14125333333332,79.14125333333332 10.457641666666667,79.141625,79.141625 10.454486666666666,79.141995,79.141995 10.451333333333332,79.14236666666666,79.14236666666666 10.448173333333331,79.14273666666665,79.14273666666665 10.44501166666667,79.14310666666667,79.14310666666667 10.441845,79.14347666666666,79.14347666666666 10.438678333333332,79.14385,79.14385 10.435506666666669,79.14422333333333,79.14422333333333 10.432333333333336,79.14459833333333,79.14459833333333 10.429158333333332,79.14497666666666,79.14497666666666 10.425983333333333,79.14535500000001,79.14535500000001 10.422805,79.14573666666666,79.14573666666666 10.419625,79.14611666666667,79.14611666666667 10.416438333333332,79.14649833333333,79.14649833333333 10.413251666666667,79.14688,79.14688 10.410068333333333,79.14726499999999,79.14726499999999 10.40689166666667,79.14765166666666,79.14765166666666 10.403730000000001,79.148045,79.148045 10.400591666666665,79.14844666666666,79.14844666666666 10.397488333333333,79.14885833333334,79.14885833333334 10.394428333333336,79.14928333333334,79.14928333333334 10.391416666666666,79.14971833333334,79.14971833333334 10.388458333333332,79.15016833333334,79.15016833333334 10.385554999999998,79.15063166666667,79.15063166666667 10.382703333333335,79.15110500000002,79.15110500000002 10.379898333333331,79.15159,79.15159 10.377138333333335,79.152085,79.152085 10.374418333333333,79.15258833333334,79.15258833333334 10.371731666666667,79.1531,79.1531 10.369073333333333,79.15361666666666,79.15361666666666 10.366435,79.15413833333334,79.15413833333334 10.363811666666667,79.154665,79.154665 10.361194999999999,79.15519333333333,79.15519333333333 10.358580000000002,79.15572333333334,79.15572333333334 10.35596,79.15625499999999,79.15625499999999 10.353336666666667,79.15678833333332,79.15678833333332 10.350721666666667,79.15732333333335,79.15732333333335 10.348126666666667,79.15786166666668,79.15786166666668 10.345558333333335,79.15840666666666,79.15840666666666 10.34302,79.15895666666668,79.15895666666668 10.340510000000002,79.15951166666667,79.15951166666667 10.338025000000002,79.16006999999999,79.16006999999999 10.335555,79.16063333333332,79.16063333333332 10.333095,79.16119833333335,79.16119833333335 10.330641666666667,79.16176666666667,79.16176666666667 10.328193333333333,79.16233833333334,79.16233833333334 10.325746666666667,79.16291,79.16291 10.323298333333334,79.16348333333333,79.16348333333333 10.320843333333332,79.16405833333333,79.16405833333333 10.318381666666667,79.16463333333331,79.16463333333331 10.315918333333332,79.16520666666668,79.16520666666668 10.313455000000001,79.16578166666666,79.16578166666666 10.310996666666666,79.166355,79.166355 10.308543333333335,79.16692833333333,79.16692833333333 10.306093333333331,79.16750166666668,79.16750166666668 10.303648333333332,79.16807499999999,79.16807499999999 10.301208333333335,79.16864833333334,79.16864833333334 10.298776666666667,79.16922166666667,79.16922166666667 10.296355,79.16979500000001,79.16979500000001 10.293943333333333,79.17036833333333,79.17036833333333 10.291539999999998,79.17094,79.17094 10.289151666666667,79.17151000000001,79.17151000000001 10.286775,79.17208166666666,79.17208166666666 10.284406666666666,79.17265166666665,79.17265166666665 10.282046666666668,79.17322,79.17322 10.27969,79.17378833333335,79.17378833333335 10.277331666666667,79.174355,79.174355 10.274968333333335,79.17492,79.17492 10.272601666666667,79.17548166666667,79.17548166666667 10.270235,79.17604333333334,79.17604333333334 10.267865,79.17660166666666,79.17660166666666 10.265491666666668,79.17715833333334,79.17715833333334 10.263113333333335,79.17771333333333,79.17771333333333 10.260725,79.17826500000001,79.17826500000001 10.258326666666667,79.17881499999999,79.17881499999999 10.25592,79.17936166666668,79.17936166666668 10.253511666666665,79.17990833333333,79.17990833333333 10.251104999999999,79.180455,79.180455 10.248701666666667,79.181,79.181 10.246298333333334,79.18154333333332,79.18154333333332 10.243888333333334,79.18208666666666,79.18208666666666 10.241476666666665,79.18262833333334,79.18262833333334 10.239061666666668,79.18316833333333,79.18316833333333 10.236648333333335,79.18370833333333,79.18370833333333 10.234231666666668,79.18424666666665,79.18424666666665 10.231811666666667,79.18478333333334,79.18478333333334 10.229386666666667,79.18531833333334,79.18531833333334 10.226963333333332,79.18585333333334,79.18585333333334 10.224538333333335,79.18638666666668,79.18638666666668 10.222115,79.18691999999999,79.18691999999999 10.219695,79.18745166666666,79.18745166666666 10.217276666666667,79.187985,79.187985 10.21486,79.18851666666666,79.18851666666666 10.212445000000002,79.18904833333333,79.18904833333333 10.210028333333335,79.18957833333334,79.18957833333334 10.207613333333333,79.19010666666667,79.19010666666667 10.205196666666666,79.19063666666665,79.19063666666665 10.202784999999999,79.191165,79.191165 10.200381666666667,79.19169333333333,79.19169333333333 10.197985,79.19222333333335,79.19222333333335 10.195590000000001,79.19275166666667,79.19275166666667 10.1932,79.19328000000002,79.19328000000002 10.190816666666667,79.19381,79.19381 10.188440000000002,79.19434,79.19434 10.186068333333331,79.19487000000001,79.19487000000001 10.1837,79.19539999999999,79.19539999999999 10.181341666666667,79.19593,79.19593 10.178988333333333,79.19646333333334,79.19646333333334 10.176641666666665,79.19699499999999,79.19699499999999 10.1743,79.19752833333332,79.19752833333332 10.171965000000002,79.19806333333332,79.19806333333332 10.169640000000001,79.19860166666668,79.19860166666668 10.167320000000002,79.19914,79.19914 10.165004999999999,79.19968000000001,79.19968000000001 10.16269,79.20022,79.20022 10.160370000000002,79.20075833333334,79.20075833333334 10.158036666666668,79.20129666666666,79.20129666666666 10.155690000000002,79.20183333333333,79.20183333333333 10.153321666666667,79.20236666666666,79.20236666666666 10.150936666666666,79.20289833333332,79.20289833333332 10.148536666666667,79.20342666666667,79.20342666666667 10.146128333333332,79.203955,79.203955 10.14371,79.20448166666665,79.20448166666665 10.141281666666666,79.20500666666666,79.20500666666666 10.138846666666664,79.20553166666666,79.20553166666666 10.136398333333334,79.20605499999999,79.20605499999999 10.133938333333333,79.20657500000002,79.20657500000002 10.131466666666666,79.207095,79.207095 10.128991666666668,79.20761333333333,79.20761333333333 10.126513333333333,79.20813,79.20813 10.12403,79.20864666666665,79.20864666666665 10.121543333333335,79.20916166666666,79.20916166666666 10.119056666666667,79.209675,79.209675 10.116568333333333,79.21018833333332,79.21018833333332 10.11408,79.21069999999999,79.21069999999999 10.111589999999998,79.21121166666667,79.21121166666667 10.1091,79.21172166666666,79.21172166666666 10.106604999999998,79.21223166666668,79.21223166666668 10.104106666666667,79.21274166666667,79.21274166666667 10.10161,79.21325166666666,79.21325166666666 10.099116666666665,79.21376333333333,79.21376333333333 10.096630000000001,79.21427499999999,79.21427499999999 10.094151666666665,79.21478833333333,79.21478833333333 10.091685,79.215305,79.215305 10.089233333333333,79.21582333333335,79.21582333333335 10.086796666666666,79.216345,79.216345 10.084375,79.21687,79.21687 10.081963333333336,79.21739833333332,79.21739833333332 10.079563333333335,79.21792833333333,79.21792833333333 10.077168333333333,79.21846000000001,79.21846000000001 10.074774999999999,79.21899333333334,79.21899333333334 10.07238,79.21952666666667,79.21952666666667 10.069981666666665,79.22006,79.22006 10.067583333333333,79.220595,79.220595 10.065183333333332,79.22113,79.22113 10.062783333333334,79.22166666666666,79.22166666666666 10.060379999999999,79.22220333333333,79.22220333333333 10.057975000000003,79.22273833333334,79.22273833333334 10.055568333333333,79.223275,79.223275 10.053164999999998,79.22381333333333,79.22381333333333 10.050765,79.22435166666668,79.22435166666668 10.048365,79.22489,79.22489 10.04597,79.22543166666665,79.22543166666665 10.043578333333333,79.22597166666667,79.22597166666667 10.041193333333332,79.22651333333333,79.22651333333333 10.038810000000002,79.22705666666667,79.22705666666667 10.036426666666665,79.22760000000001,79.22760000000001 10.034041666666665,79.22814166666667,79.22814166666667 10.031651666666667,79.22868499999998,79.22868499999998 10.029253333333333,79.229225,79.229225 10.026846666666668,79.22976499999999,79.22976499999999 10.024428333333333,79.23030333333334,79.23030333333334 10.022003333333332,79.23084166666666,79.23084166666666 10.019571666666668,79.23137666666666,79.23137666666666 10.017140000000001,79.23191333333332,79.23191333333332 10.014705,79.23244833333334,79.23244833333334 10.012273333333335,79.23298333333334,79.23298333333334 10.009846666666666,79.23352,79.23352 10.007425,79.23405833333332,79.23405833333332 10.005004999999999,79.23459666666665,79.23459666666665 10.002581666666668,79.235135,79.235135 10.000158333333333,79.23567166666666,79.23567166666666 9.997731666666665,79.23620833333332,79.23620833333332 9.995296666666666,79.23674333333332,79.23674333333332 9.992851666666667,79.23727666666666,79.23727666666666 9.990396666666667,79.23780833333333,79.23780833333333 9.987931666666665,79.23833666666665,79.23833666666665 9.985456666666668,79.238865,79.238865 9.982973333333334,79.23939000000001,79.23939000000001 9.980483333333332,79.23991500000001,79.23991500000001 9.977986666666668,79.24043833333333,79.24043833333333 9.975483333333335,79.24096,79.24096 9.972975000000002,79.24148166666667,79.24148166666667 9.970463333333335,79.24200166666667,79.24200166666667 9.967949999999998,79.24252,79.24252 9.965433333333333,79.24304000000001,79.24304000000001 9.962909999999999,79.24355833333334,79.24355833333334 9.960381666666667,79.24407666666666,79.24407666666666 9.957848333333335,79.24459499999999,79.24459499999999 9.955306666666665,79.24511166666666,79.24511166666666 9.952755,79.24562833333331,79.24562833333331 9.950193333333335,79.24614333333335,79.24614333333335 9.947626666666666,79.24665833333333,79.24665833333333 9.945053333333336,79.24717166666666,79.24717166666666 9.942476666666666,79.247685,79.247685 9.939891666666668,79.24819666666669,79.24819666666669 9.937300000000002,79.24870666666668,79.24870666666668 9.934705000000001,79.24921833333333,79.24921833333333 9.932111666666668,79.24972833333332,79.24972833333332 9.929516666666666,79.25023833333333,79.25023833333333 9.926926666666667,79.25074666666666,79.25074666666666 9.924346666666667,79.25125500000001,79.25125500000001 9.921784999999998,79.25176333333334,79.25176333333334 9.91924,79.25227166666667,79.25227166666667 9.916710000000002,79.25278166666666,79.25278166666666 9.914190000000001,79.25329333333335,79.25329333333335 9.911678333333334,79.25380333333334,79.25380333333334 9.909173333333332,79.25431666666667,79.25431666666667 9.906675,79.25482833333332,79.25482833333332 9.904183333333334,79.25534166666667,79.25534166666667 9.901696666666668,79.25585500000001,79.25585500000001 9.899213333333334,79.25636833333333,79.25636833333333 9.89673,79.25688166666666,79.25688166666666 9.894243333333332,79.25739166666668,79.25739166666668 9.891751666666666,79.25790166666667,79.25790166666667 9.889255000000002,79.25841166666669,79.25841166666669 9.886754999999999,79.25892000000002,79.25892000000002 9.884256666666667,79.25942666666666,79.25942666666666 9.881754999999998,79.25993499999998,79.25993499999998 9.879251666666665,79.26044333333334,79.26044333333334 9.876741666666666,79.26095000000001,79.26095000000001 9.874226666666669,79.26145666666667,79.26145666666667 9.871706666666666,79.26196333333334,79.26196333333334 9.869178333333332,79.26246833333335,79.26246833333335 9.866643333333332,79.26297500000001,79.26297500000001 9.864099999999999,79.26347999999999,79.26347999999999 9.861553333333335,79.26398499999999,79.26398499999999 9.859003333333334,79.26449166666666,79.26449166666666 9.856456666666666,79.26499999999999,79.26499999999999 9.853915,79.26551,79.26551 9.851378333333335,79.26602333333334,79.26602333333334 9.848846666666665,79.26654,79.26654 9.846318333333333,79.26705666666668,79.26705666666668 9.843793333333332,79.26757833333332,79.26757833333332 9.84127,79.2681,79.2681 9.838750000000003,79.268625,79.268625 9.836231666666668,79.26915333333332,79.26915333333332 9.833716666666668,79.26968166666667,79.26968166666667 9.831205,79.27021333333333,79.27021333333333 9.828700000000001,79.27074666666667,79.27074666666667 9.826203333333332,79.27128333333333,79.27128333333333 9.82372,79.27182333333333,79.27182333333333 9.82125,79.27236666666667,79.27236666666667 9.818795,79.27291166666667,79.27291166666667 9.816355,79.27345999999999,79.27345999999999 9.813933333333333,79.27401166666667,79.27401166666667 9.81153,79.27456666666666,79.27456666666666 9.809143333333333,79.27512333333334,79.27512333333334 9.806773333333334,79.27568333333335,79.27568333333335 9.804415,79.27624499999999,79.27624499999999 9.802068333333334,79.27680833333335,79.27680833333335 9.799733333333336,79.27737333333332,79.27737333333332 9.797406666666665,79.27794,79.27794 9.795088333333332,79.27850833333335,79.27850833333335 9.792773333333333,79.27907666666667,79.27907666666667 9.790458333333333,79.27964666666666,79.27964666666666 9.788141666666666,79.28021666666667,79.28021666666667 9.785821666666667,79.280785,79.280785 9.783496666666666,79.281355,79.281355 9.781161666666664,79.28192333333332,79.28192333333332 9.778811666666668,79.28249,79.28249 9.776443333333333,79.28305499999999,79.28305499999999 9.774051666666665,79.28361666666666,79.28361666666666 9.771640000000001,79.28417666666665,79.28417666666665 9.76921,79.284735,79.284735 9.766766666666667,79.28529166666668,79.28529166666668 9.76431,79.28584666666667,79.28584666666667 9.761846666666667,79.28640333333333,79.28640333333333 9.759373333333334,79.28695833333333,79.28695833333333 9.756896666666668,79.28751333333332,79.28751333333332 9.754413333333334,79.28806833333334,79.28806833333334 9.751925,79.28862166666666,79.28862166666666 9.749431666666668,79.28917666666668,79.28917666666668 9.746933333333333,79.28972999999998,79.28972999999998 9.744433333333335,79.29028333333333,79.29028333333333 9.741933333333332,79.29083666666668,79.29083666666668 9.739438333333334,79.29139,79.29139 9.736953333333336,79.291945,79.291945 9.73448,79.29250166666667,79.29250166666667 9.732023333333332,79.29306000000001,79.29306000000001 9.729581666666666,79.29361999999999,79.29361999999999 9.727158333333332,79.29418166666666,79.29418166666666 9.724751666666666,79.29474499999999,79.29474499999999 9.722359999999998,79.29531166666668,79.29531166666668 9.719981666666666,79.29587833333333,79.29587833333333 9.717615,79.29644666666667,79.29644666666667 9.715253333333333,79.29701666666665,79.29701666666665 9.712896666666666,79.29758666666666,79.29758666666666 9.710538333333334,79.29815666666667,79.29815666666667 9.708175,79.298725,79.298725 9.7058,79.29929333333332,79.29929333333332 9.70341,79.29985833333332,79.29985833333332 9.701008333333334,79.30042166666668,79.30042166666668 9.698589999999998,79.30098333333332,79.30098333333332 9.696161666666665,79.30154166666667,79.30154166666667 9.693725,79.30209666666667,79.30209666666667 9.691283333333331,79.30265166666666,79.30265166666666 9.688843333333335,79.30320333333333,79.30320333333333 9.686404999999999,79.30375666666667,79.30375666666667 9.683971666666668,79.30430666666665,79.30430666666665 9.681545,79.30485833333334,79.30485833333334 9.679118333333335,79.30540833333333,79.30540833333333 9.67669,79.30595833333334,79.30595833333334 9.674258333333334,79.30650666666666,79.30650666666666 9.671820000000002,79.30705333333334,79.30705333333334 9.669373333333333,79.30760000000001,79.30760000000001 9.666916666666667,79.30814333333332,79.30814333333332 9.664446666666668,79.30868666666667,79.30868666666667 9.661963333333334,79.30922666666666,79.30922666666666 9.65947,79.30976666666668,79.30976666666668 9.656966666666667,79.310305,79.310305 9.654451666666667,79.31084166666666,79.31084166666666 9.651923333333334,79.31137666666666,79.31137666666666 9.649386666666668,79.31191166666669,79.31191166666669 9.646838333333331,79.312445,79.312445 9.644281666666666,79.31297833333333,79.31297833333333 9.641718333333333,79.31351000000001,79.31351000000001 9.63915,79.31404166666665,79.31404166666665 9.636579999999999,79.31457333333333,79.31457333333333 9.634015,79.31510666666667,79.31510666666667 9.631455,79.31564,79.31564 9.628901666666666,79.31617666666666,79.31617666666666 9.626361666666666,79.31671500000002,79.31671500000002 9.623836666666667,79.317255,79.317255 9.621323333333335,79.31779833333334,79.31779833333334 9.618816666666667,79.31834166666665,79.31834166666665 9.616314999999998,79.31888833333333,79.31888833333333 9.61382,79.31943500000001,79.31943500000001 9.611326666666669,79.31998333333331,79.31998333333331 9.608836666666667,79.32053166666667,79.32053166666667 9.606345000000003,79.32108000000001,79.32108000000001 9.603851666666667,79.32163,79.32163 9.601355,79.32217833333334,79.32217833333334 9.598853333333333,79.32272833333333,79.32272833333333 9.596346666666667,79.32327833333333,79.32327833333333 9.593833333333333,79.32382833333332,79.32382833333332 9.591313333333332,79.32437833333333,79.32437833333333 9.588785,79.32492833333333,79.32492833333333 9.586245,79.32547833333332,79.32547833333332 9.583695,79.32602833333333,79.32602833333333 9.581135000000002,79.32657666666668,79.32657666666668 9.578560000000001,79.327125,79.327125 9.57597,79.32767333333332,79.32767333333332 9.573366666666667,79.32822,79.32822 9.570749999999999,79.328765,79.328765 9.568123333333332,79.32931,79.32931 9.565483333333333,79.32985333333333,79.32985333333333 9.562833333333334,79.33039500000001,79.33039500000001 9.560171666666669,79.33093666666666,79.33093666666666 9.557503333333335,79.33147500000001,79.33147500000001 9.554828333333335,79.33201333333334,79.33201333333334 9.552145,79.33254833333334,79.33254833333334 9.549459999999998,79.33308333333333,79.33308333333333 9.546769999999999,79.33361666666667,79.33361666666667 9.544075,79.33414833333335,79.33414833333335 9.541374999999999,79.33467999999999,79.33467999999999 9.538666666666666,79.33520833333334,79.33520833333334 9.535956666666667,79.33573666666666,79.33573666666666 9.533248333333335,79.33626333333333,79.33626333333333 9.530541666666666,79.33679166666668,79.33679166666668 9.527841666666665,79.33731833333331,79.33731833333331 9.52515,79.337845,79.337845 9.52247,79.33837333333334,79.33837333333334 9.519801666666666,79.33890333333335,79.33890333333335 9.517144999999998,79.33943333333333,79.33943333333333 9.514496666666666,79.339965,79.339965 9.511861666666666,79.34049666666665,79.34049666666665 9.509235,79.34102999999999,79.34102999999999 9.506618333333334,79.34156500000002,79.34156500000002 9.504006666666669,79.34209999999999,79.34209999999999 9.501399999999999,79.34263499999999,79.34263499999999 9.498795,79.34317166666665,79.34317166666665 9.496189999999999,79.34370666666668,79.34370666666668 9.493593333333333,79.34424333333334,79.34424333333334 9.491003333333332,79.34478333333333,79.34478333333333 9.488418333333334,79.34532333333334,79.34532333333334 9.485833333333332,79.34586333333333,79.34586333333333 9.483243333333334,79.34640499999999,79.34640499999999 9.480648333333335,79.346945,79.346945 9.478048333333335,79.34748666666665,79.34748666666665 9.475441666666669,79.34802666666667,79.34802666666667 9.472833333333332,79.34856833333333,79.34856833333333 9.470228333333335,79.34911000000001,79.34911000000001 9.467628333333332,79.34965333333332,79.34965333333332 9.465036666666666,79.35019833333334,79.35019833333334 9.462451666666666,79.350745,79.350745 9.459878333333336,79.35129166666667,79.35129166666667 9.457320000000001,79.35183999999998,79.35183999999998 9.454779999999998,79.35239166666666,79.35239166666666 9.452255,79.35294333333333,79.35294333333333 9.449743333333332,79.35349833333332,79.35349833333332 9.44724833333333,79.35405333333333,79.35405333333333 9.444765,79.35461000000001,79.35461000000001 9.442291666666668,79.35516666666666,79.35516666666666 9.439820000000001,79.35572333333332,79.35572333333332 9.437351666666666,79.35628,79.35628 9.434891666666667,79.35683666666667,79.35683666666667 9.432438333333334,79.35739333333332,79.35739333333332 9.429986666666666,79.35795,79.35795 9.427533333333333,79.35850666666666,79.35850666666666 9.425080000000001,79.35906166666668,79.35906166666668 9.422625,79.35961666666668,79.35961666666668 9.420171666666667,79.36017166666667,79.36017166666667 9.417718333333333,79.360725,79.360725 9.415264999999998,79.36127833333335,79.36127833333335 9.412813333333334,79.36182999999998,79.36182999999998 9.410365,79.36238166666666,79.36238166666666 9.407921666666665,79.36293333333333,79.36293333333333 9.405481666666665,79.36348333333333,79.36348333333333 9.403043333333333,79.36403333333332,79.36403333333332 9.400606666666667,79.36457999999999,79.36457999999999 9.398171666666668,79.36512666666667,79.36512666666667 9.395738333333332,79.36567166666667,79.36567166666667 9.393301666666668,79.366215,79.366215 9.390863333333336,79.36675666666667,79.36675666666667 9.388418333333332,79.367295,79.367295 9.385966666666668,79.36783333333332,79.36783333333332 9.383511666666667,79.36837000000001,79.36837000000001 9.381050000000002,79.36890499999998,79.36890499999998 9.378583333333333,79.36944000000001,79.36944000000001 9.376106666666667,79.36997166666666,79.36997166666666 9.373618333333333,79.37050333333333,79.37050333333333 9.37112,79.371035,79.371035 9.36861,79.37156333333333,79.37156333333333 9.36609,79.37209166666666,79.37209166666666 9.36356,79.37261833333335,79.37261833333335 9.361021666666668,79.37314500000001,79.37314500000001 9.358476666666666,79.37366999999999,79.37366999999999 9.355925,79.37419499999999,79.37419499999999 9.353369999999998,79.37471999999998,79.37471999999998 9.350811666666667,79.37524333333334,79.37524333333334 9.34825,79.37576833333333,79.37576833333333 9.345686666666666,79.37629333333332,79.37629333333332 9.343123333333333,79.37681666666667,79.37681666666667 9.340564999999998,79.37734333333333,79.37734333333333 9.338011666666667,79.37786833333332,79.37786833333332 9.335463333333333,79.378395,79.378395 9.33292,79.37892166666668,79.37892166666668 9.330378333333336,79.37944833333331,79.37944833333331 9.327838333333332,79.37997666666666,79.37997666666666 9.3253,79.380505,79.380505 9.322756666666667,79.38103500000001,79.38103500000001 9.320206666666666,79.38156666666669,79.38156666666669 9.317646666666667,79.38209833333333,79.38209833333333 9.31508,79.38263,79.38263 9.312501666666666,79.38316499999998,79.38316499999998 9.309911666666668,79.3837,79.3837 9.307308333333332,79.38423666666667,79.38423666666667 9.304693333333335,79.38477333333333,79.38477333333333 9.302064999999999,79.38530999999999,79.38530999999999 9.299425000000001,79.38584833333334,79.38584833333334 9.296790000000001,79.386385,79.386385 9.294128333333333,79.38692333333333,79.38692333333333 9.291456666666665,79.38746333333333,79.38746333333333 9.288781666666665,79.38800333333334,79.38800333333334 9.286103333333333,79.38854166666667,79.38854166666667 9.283426666666665,79.38907999999999,79.38907999999999 9.280755,79.38961833333332,79.38961833333332 9.278088333333333,79.39015666666667,79.39015666666667 9.275431666666664,79.39069500000001,79.39069500000001 9.272783333333333,79.39123333333333,79.39123333333333 9.270145,79.39177166666666,79.39177166666666 9.267521666666667,79.39231166666667,79.39231166666667 9.26491,79.39285333333335,79.39285333333335 9.262306666666667,79.393395,79.393395 9.259706666666668,79.39393833333332,79.39393833333332 9.257108333333335,79.39448166666666,79.39448166666666 9.25451,79.39502666666667,79.39502666666667 9.25191,79.39556999999999,79.39556999999999 9.249313333333333,79.396115,79.396115 9.246719999999998,79.39666333333334,79.39666333333334 9.244125,79.39721166666666,79.39721166666666 9.241521666666667,79.39775833333333,79.39775833333333 9.238911666666667,79.39830500000001,79.39830500000001 9.236298333333332,79.39885166666667,79.39885166666667 9.233681666666667,79.39939666666666,79.39939666666666 9.231061666666665,79.39994166666666,79.39994166666666 9.228438333333335,79.40048333333334,79.40048333333334 9.225818333333333,79.40102333333333,79.40102333333333 9.2232,79.40156333333333,79.40156333333333 9.220586666666666,79.40209999999999,79.40209999999999 9.217976666666667,79.40263499999999,79.40263499999999 9.215376666666666,79.40316833333333,79.40316833333333 9.212786666666668,79.40370166666666,79.40370166666666 9.210208333333334,79.40423333333334,79.40423333333334 9.20765,79.40476666666667,79.40476666666667 9.205113333333333,79.40529833333333,79.40529833333333 9.202601666666666,79.40583333333333,79.40583333333333 9.20012,79.40636833333333,79.40636833333333 9.197666666666668,79.40690500000001,79.40690500000001 9.195235,79.40744166666667,79.40744166666667 9.192820000000001,79.40797666666667,79.40797666666667 9.190418333333335,79.40850833333334,79.40850833333334 9.188026666666667,79.40904,79.40904 9.185640000000001,79.40957166666668,79.40957166666668 9.183256666666667,79.4101,79.4101 9.180873333333333,79.41062666666666,79.41062666666666 9.178488333333332,79.41115333333333,79.41115333333333 9.1761,79.41167833333333,79.41167833333333 9.173704999999998,79.4122,79.4122 9.171298333333333,79.41272000000002,79.41272000000002 9.168876666666668,79.41323666666668,79.41323666666668 9.166443333333332,79.41375,79.41375 9.163996666666666,79.41425999999998,79.41425999999998 9.161541666666668,79.41476833333331,79.41476833333331 9.159085000000001,79.41527666666667,79.41527666666667 9.156633333333334,79.41578333333334,79.41578333333334 9.154185,79.41629166666667,79.41629166666667 9.151738333333332,79.41679833333333,79.41679833333333 9.149293333333333,79.417305,79.417305 9.14685,79.41781333333333,79.41781333333333 9.144406666666667,79.41832,79.41832 9.141960000000001,79.41882999999999,79.41882999999999 9.139513333333333,79.41933833333331,79.41933833333331 9.137065,79.41985,79.41985 9.134621666666668,79.42036166666666,79.42036166666666 9.132179999999998,79.42087499999998,79.42087499999998 9.129741666666666,79.42139000000002,79.42139000000002 9.127305,79.42190666666667,79.42190666666667 9.124871666666667,79.422425,79.422425 9.122436666666665,79.422945,79.422945 9.119998333333333,79.42346666666667,79.42346666666667 9.117556666666667,79.42398833333333,79.42398833333333 9.115103333333334,79.42451,79.42451 9.112636666666667,79.42503166666667,79.42503166666667 9.11016,79.42555333333333,79.42555333333333 9.107673333333334,79.426075,79.426075 9.105184999999999,79.42659666666668,79.42659666666668 9.102693333333335,79.42711666666666,79.42711666666666 9.100198333333333,79.42763666666666,79.42763666666666 9.097701666666667,79.428155,79.428155 9.095201666666668,79.428675,79.428675 9.092698333333333,79.42919333333333,79.42919333333333 9.090195,79.42970999999999,79.42970999999999 9.08769,79.43022666666668,79.43022666666668 9.085186666666667,79.43074166666666,79.43074166666666 9.082686666666666,79.43125666666666,79.43125666666666 9.080191666666668,79.43177,79.43177 9.077703333333332,79.43228000000002,79.43228000000002 9.075223333333335,79.43279000000001,79.43279000000001 9.072748333333333,79.4333,79.4333 9.070276666666667,79.43380833333335,79.43380833333335 9.067805,79.43431666666667,79.43431666666667 9.065331666666667,79.43482166666666,79.43482166666666 9.062853333333335,79.43532833333333,79.43532833333333 9.060375,79.43583166666667,79.43583166666667 9.057895,79.43633666666668,79.43633666666668 9.055416666666668,79.43684166666668,79.43684166666668 9.052936666666668,79.43734666666666,79.43734666666666 9.050455,79.43785166666666,79.43785166666666 9.04797,79.43835833333333,79.43835833333333 9.045485,79.43886666666668,79.43886666666668 9.042998333333331,79.43937500000001,79.43937500000001 9.040508333333333,79.43988166666668,79.43988166666668 9.038018333333335,79.44039000000001,79.44039000000001 9.035526666666668,79.44089833333334,79.44089833333334 9.033035,79.441405,79.441405 9.030541666666664,79.44191333333333,79.44191333333333 9.028041666666669,79.44242,79.44242 9.025533333333335,79.44292833333334,79.44292833333334 9.023013333333335,79.44343666666667,79.44343666666667 9.020481666666665,79.443945,79.443945 9.017941666666665,79.44445499999999,79.44445499999999 9.015391666666668,79.44496333333332,79.44496333333332 9.012833333333333,79.44547333333334,79.44547333333334 9.01026833333333,79.44598166666667,79.44598166666667 9.007698333333334,79.44649,79.44649 9.005131666666665,79.44699999999999,79.44699999999999 9.002569999999999,79.44751000000001,79.44751000000001 9.000021666666669,79.44802333333334,79.44802333333334 8.997489999999997,79.44853833333332,79.44853833333332 8.994975,79.44905499999999,79.44905499999999 8.992475,79.44957166666667,79.44957166666667 8.989988333333335,79.45009166666667,79.45009166666667 8.987516666666664,79.45061166666666,79.45061166666666 8.985058333333333,79.45113166666667,79.45113166666667 8.982613333333333,79.451655,79.451655 8.98018,79.45217833333332,79.45217833333332 8.977756666666666,79.45270500000001,79.45270500000001 8.975343333333333,79.45323166666667,79.45323166666667 8.972934999999998,79.45375833333334,79.45375833333334 8.970533333333332,79.45428666666666,79.45428666666666 8.968133333333334,79.45481499999998,79.45481499999998 8.965731666666668,79.45534333333333,79.45534333333333 8.963323333333333,79.45587166666667,79.45587166666667 8.96091,79.45639833333333,79.45639833333333 8.95849,79.45692500000001,79.45692500000001 8.956061666666667,79.45745000000001,79.45745000000001 8.953630000000002,79.45797666666668,79.45797666666668 8.951198333333334,79.45850166666668,79.45850166666668 8.94877,79.45902833333334,79.45902833333334 8.946351666666668,79.45955500000001,79.45955500000001 8.94395,79.46008333333333,79.46008333333333 8.941563333333333,79.460615,79.460615 8.939195000000002,79.46114666666668,79.46114666666668 8.936841666666668,79.46168166666665,79.46168166666665 8.93451,79.46221833333334,79.46221833333334 8.9322,79.46275833333335,79.46275833333335 8.92991,79.46330166666667,79.46330166666667 8.927636666666665,79.46384499999999,79.46384499999999 8.925376666666665,79.46439166666669,79.46439166666669 8.923123333333335,79.46493666666667,79.46493666666667 8.920871666666669,79.46548333333334,79.46548333333334 8.918621666666667,79.46603,79.46603 8.916364999999999,79.46657499999999,79.46657499999999 8.914093333333334,79.46712000000002,79.46712000000002 8.9118,79.467665,79.467665 8.909481666666666,79.46820666666666,79.46820666666666 8.907133333333334,79.46874500000001,79.46874500000001 8.904760000000001,79.46928166666667,79.46928166666667 8.902363333333334,79.46981666666667,79.46981666666667 8.899943333333333,79.47034666666666,79.47034666666666 8.897504999999997,79.47087499999999,79.47087499999999 8.895055000000001,79.47140333333334,79.47140333333334 8.8926,79.47193,79.47193 8.890143333333334,79.47245833333332,79.47245833333332 8.88768,79.47298666666667,79.47298666666667 8.885201666666667,79.47351333333334,79.47351333333334 8.882710000000001,79.47403833333334,79.47403833333334 8.880203333333332,79.474565,79.474565 8.877685000000001,79.47509166666667,79.47509166666667 8.875155,79.47561666666667,79.47561666666667 8.872615,79.47614333333333,79.47614333333333 8.870064999999999,79.47666833333334,79.47666833333334 8.867510000000001,79.477195,79.477195 8.864948333333334,79.47771999999999,79.47771999999999 8.862371666666668,79.47824333333334,79.47824333333334 8.859776666666665,79.47876333333335,79.47876333333335 8.857168333333332,79.47928166666668,79.47928166666668 8.85455,79.4798,79.4798 8.851921666666668,79.480315,79.480315 8.849276666666666,79.48083000000001,79.48083000000001 8.846615000000002,79.48134333333334,79.48134333333334 8.843943333333334,79.48185333333332,79.48185333333332 8.841263333333334,79.48236499999999,79.48236499999999 8.838581666666668,79.482875,79.482875 8.835896666666667,79.48338666666666,79.48338666666666 8.833219999999999,79.4839,79.4839 8.830556666666666,79.484415,79.484415 8.82791,79.48493166666667,79.48493166666667 8.825278333333333,79.48545166666666,79.48545166666666 8.82266,79.485975,79.485975 8.820053333333334,79.48649833333333,79.48649833333333 8.817456666666668,79.48702666666667,79.48702666666667 8.814873333333331,79.48755500000001,79.48755500000001 8.812293333333335,79.488085,79.488085 8.809703333333331,79.48861333333332,79.48861333333332 8.807101666666666,79.48913999999999,79.48913999999999 8.804495,79.48966499999999,79.48966499999999 8.801884999999999,79.49018999999998,79.49018999999998 8.79927,79.49071333333333,79.49071333333333 8.796646666666666,79.49123666666667,79.49123666666667 8.794015,79.49175666666666,79.49175666666666 8.791374999999999,79.49227666666667,79.49227666666667 8.788723333333333,79.492795,79.492795 8.786061666666665,79.49331166666666,79.49331166666666 8.783393333333334,79.49382999999999,79.49382999999999 8.780711666666667,79.49434833333333,79.49434833333333 8.778015,79.49486333333331,79.49486333333331 8.77531,79.49537999999998,79.49537999999998 8.772603333333333,79.49589666666667,79.49589666666667 8.769895000000002,79.49641333333334,79.49641333333334 8.767186666666667,79.49693,79.49693 8.764483333333335,79.49744833333332,79.49744833333332 8.761793333333332,79.49797000000001,79.49797000000001 8.759126666666665,79.498495,79.498495 8.756483333333332,79.49902499999999,79.49902499999999 8.753856666666666,79.49955666666666,79.49955666666666 8.751244999999999,79.50009333333333,79.50009333333333 8.748651666666666,79.50063166666668,79.50063166666668 8.74607166666667,79.50117499999999,79.50117499999999 8.743501666666667,79.50171999999999,79.50171999999999 8.740936666666666,79.50226500000001,79.50226500000001 8.738378333333332,79.50281333333334,79.50281333333334 8.735825,79.50336333333334,79.50336333333334 8.733276666666667,79.50391333333333,79.50391333333333 8.730736666666667,79.504465,79.504465 8.728203333333331,79.50501833333333,79.50501833333333 8.725674999999999,79.50557333333333,79.50557333333333 8.723148333333334,79.50612833333332,79.50612833333332 8.720628333333334,79.506685,79.506685 8.718111666666665,79.50724333333332,79.50724333333332 8.715596666666668,79.50780166666667,79.50780166666667 8.713073333333334,79.50835833333333,79.50835833333333 8.710539999999998,79.50891499999999,79.50891499999999 8.707999999999998,79.50947166666667,79.50947166666667 8.705451666666667,79.51002666666666,79.51002666666666 8.702891666666666,79.51058166666667,79.51058166666667 8.700315000000002,79.51113333333333,79.51113333333333 8.697723333333332,79.51168333333334,79.51168333333334 8.695123333333333,79.51223166666666,79.51223166666666 8.692515,79.51277833333333,79.51277833333333 8.689905,79.51332333333332,79.51332333333332 8.687296666666667,79.51386833333332,79.51386833333332 8.684691666666666,79.51441333333334,79.51441333333334 8.682088333333333,79.51495666666665,79.51495666666665 8.67949,79.51550000000002,79.51550000000002 8.67689,79.51604333333333,79.51604333333333 8.674284999999998,79.51658499999999,79.51658499999999 8.671676666666666,79.51712333333332,79.51712333333332 8.669061666666666,79.51765999999998,79.51765999999998 8.666438333333334,79.518195,79.518195 8.663815,79.51872833333334,79.51872833333334 8.661185,79.51925999999999,79.51925999999999 8.65855,79.51979166666666,79.51979166666666 8.655918333333334,79.52032166666666,79.52032166666666 8.653295000000002,79.52085333333333,79.52085333333333 8.650676666666667,79.52138666666667,79.52138666666667 8.64806,79.52192000000001,79.52192000000001 8.64544,79.52245166666665,79.52245166666665 8.642816666666667,79.52298499999999,79.52298499999999 8.640191666666668,79.52351833333333,79.52351833333333 8.637563333333334,79.52405166666667,79.52405166666667 8.634931666666668,79.524585,79.524585 8.632298333333333,79.52511833333334,79.52511833333334 8.629658333333332,79.52565166666668,79.52565166666668 8.627013333333334,79.52618500000001,79.52618500000001 8.624366666666667,79.52671833333335,79.52671833333335 8.621718333333332,79.52725166666666,79.52725166666666 8.619061666666667,79.527785,79.527785 8.616404999999999,79.52831833333333,79.52831833333333 8.61375,79.52885166666667,79.52885166666667 8.611098333333334,79.52938833333333,79.52938833333333 8.608445,79.52992499999999,79.52992499999999 8.605786666666667,79.53045999999999,79.53045999999999 8.603123333333334,79.53099666666668,79.53099666666668 8.600463333333332,79.531535,79.531535 8.597803333333333,79.53207166666667,79.53207166666667 8.595143333333334,79.53260833333333,79.53260833333333 8.592480000000002,79.53314499999999,79.53314499999999 8.589813333333332,79.53368000000002,79.53368000000002 8.587148333333332,79.53421333333335,79.53421333333335 8.584489999999999,79.53474666666666,79.53474666666666 8.581836666666668,79.53528,79.53528 8.579188333333333,79.53581333333334,79.53581333333334 8.57655,79.53634666666667,79.53634666666667 8.573925000000001,79.53688166666667,79.53688166666667 8.571313333333334,79.53741666666667,79.53741666666667 8.568711666666667,79.53795166666667,79.53795166666667 8.566116666666666,79.53848833333333,79.53848833333333 8.563533333333334,79.53902500000002,79.53902500000002 8.560958333333334,79.53956333333335,79.53956333333335 8.558391666666665,79.54010166666667,79.54010166666667 8.555825000000002,79.54063833333333,79.54063833333333 8.553258333333334,79.54117666666666,79.54117666666666 8.550688333333333,79.541715,79.541715 8.548113333333333,79.54225333333335,79.54225333333335 8.545531666666665,79.54278999999998,79.54278999999998 8.542938333333334,79.54332500000001,79.54332500000001 8.540333333333333,79.54385833333335,79.54385833333335 8.53772,79.54438999999999,79.54438999999999 8.535095,79.54492,79.54492 8.532461666666668,79.54545,79.54545 8.52982,79.54597666666666,79.54597666666666 8.527171666666666,79.54650499999998,79.54650499999998 8.524518333333331,79.54703166666667,79.54703166666667 8.521866666666666,79.54755833333334,79.54755833333334 8.519211666666667,79.54808333333334,79.54808333333334 8.516556666666666,79.54861,79.54861 8.5139,79.549135,79.549135 8.511248333333333,79.54966166666667,79.54966166666667 8.508596666666667,79.55018666666666,79.55018666666666 8.505948333333333,79.55071333333333,79.55071333333333 8.503311666666667,79.55124333333335,79.55124333333335 8.500688333333331,79.55177499999999,79.55177499999999 8.498076666666666,79.55230833333333,79.55230833333333 8.495476666666667,79.55284499999999,79.55284499999999 8.492885,79.55338333333334,79.55338333333334 8.490298333333334,79.55392333333333,79.55392333333333 8.487716666666667,79.554465,79.554465 8.485131666666666,79.55500833333333,79.55500833333333 8.48254,79.55554999999998,79.55554999999998 8.479941666666667,79.55609166666666,79.55609166666666 8.477328333333332,79.55663,79.55663 8.474698333333334,79.55716833333332,79.55716833333332 8.472056666666667,79.55770333333332,79.55770333333332 8.469408333333332,79.55823666666666,79.55823666666666 8.46675,79.55876833333333,79.55876833333333 8.464083333333333,79.55929833333333,79.55929833333333 8.46141,79.55982666666668,79.55982666666668 8.458738333333333,79.56035333333331,79.56035333333331 8.456071666666666,79.56088166666666,79.56088166666666 8.453406666666666,79.56141,79.56141 8.450738333333334,79.56193666666665,79.56193666666665 8.448073333333333,79.562465,79.562465 8.445413333333335,79.56299166666666,79.56299166666666 8.442765000000001,79.56352166666667,79.56352166666667 8.440126666666666,79.56405166666667,79.56405166666667 8.437499999999998,79.56458333333335,79.56458333333335 8.434886666666667,79.56511666666668,79.56511666666668 8.432286666666664,79.56565333333334,79.56565333333334 8.429696666666667,79.56619,79.56619 8.427116666666665,79.56672833333333,79.56672833333333 8.424545000000002,79.56726833333333,79.56726833333333 8.421985000000001,79.56780999999998,79.56780999999998 8.419426666666668,79.56835166666666,79.56835166666666 8.41687,79.56889500000001,79.56889500000001 8.414313333333332,79.56943833333332,79.56943833333332 8.411760000000001,79.56998166666666,79.56998166666666 8.409201666666666,79.570525,79.570525 8.406635,79.57106666666667,79.57106666666667 8.404063333333333,79.57160999999998,79.57160999999998 8.401486666666667,79.57215166666666,79.57215166666666 8.398905,79.57269166666667,79.57269166666667 8.396318333333333,79.57323166666667,79.57323166666667 8.393723333333332,79.57377166666666,79.57377166666666 8.391123333333333,79.57430833333332,79.57430833333332 8.388518333333336,79.57484500000001,79.57484500000001 8.385909999999999,79.57537999999998,79.57537999999998 8.383298333333334,79.57591500000001,79.57591500000001 8.380683333333334,79.57644833333335,79.57644833333335 8.378065,79.57698166666668,79.57698166666668 8.375443333333333,79.57751166666667,79.57751166666667 8.372826666666667,79.57804333333334,79.57804333333334 8.370211666666668,79.57857333333334,79.57857333333334 8.367600000000001,79.57910166666669,79.57910166666669 8.364991666666667,79.57962833333332,79.57962833333332 8.362385,79.580155,79.580155 8.359785,79.58068000000002,79.58068000000002 8.357183333333335,79.58120333333332,79.58120333333332 8.354581666666668,79.581725,79.581725 8.35198,79.58224666666668,79.58224666666668 8.349374999999998,79.58276500000001,79.58276500000001 8.34677,79.58328166666666,79.58328166666666 8.344161666666668,79.58379499999998,79.58379499999998 8.341551666666668,79.58431000000002,79.58431000000002 8.338941666666667,79.58482166666667,79.58482166666667 8.336328333333334,79.585335,79.585335 8.333711666666666,79.58584833333332,79.58584833333332 8.331091666666667,79.58636166666666,79.58636166666666 8.328465000000001,79.58687666666667,79.58687666666667 8.325833333333332,79.58739333333332,79.58739333333332 8.323198333333332,79.58791,79.58791 8.320558333333333,79.58842833333333,79.58842833333333 8.317910000000001,79.58894666666667,79.58894666666667 8.315256666666667,79.58946833333333,79.58946833333333 8.312595,79.58999,79.58999 8.309925,79.590515,79.590515 8.307246666666666,79.59104,79.59104 8.30456,79.591565,79.591565 8.301866666666667,79.59209166666666,79.59209166666666 8.299166666666668,79.59262,79.59262 8.296463333333334,79.59314833333332,79.59314833333332 8.293758333333333,79.59367666666667,79.59367666666667 8.291053333333334,79.59420666666665,79.59420666666665 8.28835,79.59473833333332,79.59473833333332 8.285648333333333,79.59526833333332,79.59526833333332 8.282948333333334,79.59579833333333,79.59579833333333 8.280248333333333,79.59632833333335,79.59632833333335 8.277551666666666,79.59685999999999,79.59685999999999 8.274855,79.59739,79.59739 8.272160000000001,79.59792000000002,79.59792000000002 8.269468333333332,79.59845166666666,79.59845166666666 8.26678,79.59898166666667,79.59898166666667 8.264091666666667,79.59951166666667,79.59951166666667 8.261405,79.60004333333335,79.60004333333335 8.258718333333334,79.60057499999999,79.60057499999999 8.256031666666665,79.60110666666667,79.60110666666667 8.253348333333333,79.60164,79.60164 8.250668333333333,79.602175,79.602175 8.247995,79.60271,79.60271 8.245326666666669,79.60324666666666,79.60324666666666 8.242663333333333,79.60378333333333,79.60378333333333 8.240008333333334,79.60432166666668,79.60432166666668 8.237354999999999,79.60486166666666,79.60486166666666 8.234703333333334,79.60540333333333,79.60540333333333 8.232053333333333,79.605945,79.605945 8.229403333333332,79.60648666666665,79.60648666666665 8.226755,79.60703166666667,79.60703166666667 8.224108333333334,79.60757499999998,79.60757499999998 8.221461666666668,79.60811999999999,79.60811999999999 8.218816666666667,79.60866666666666,79.60866666666666 8.216175,79.60921333333333,79.60921333333333 8.213533333333334,79.60976000000001,79.60976000000001 8.210896666666667,79.61030666666667,79.61030666666667 8.208265,79.61085333333334,79.61085333333334 8.205641666666665,79.61139999999999,79.61139999999999 8.203025,79.61194666666668,79.61194666666668 8.200415,79.612495,79.612495 8.197811666666666,79.61304166666666,79.61304166666666 8.195211666666667,79.61358833333334,79.61358833333334 8.192616666666666,79.614135,79.614135 8.19002,79.61468,79.61468 8.18742,79.61522333333333,79.61522333333333 8.184811666666667,79.61576666666667,79.61576666666667 8.1822,79.61630833333335,79.61630833333335 8.179580000000001,79.61684833333334,79.61684833333334 8.176951666666666,79.61738833333334,79.61738833333334 8.174316666666666,79.61792666666666,79.61792666666666 8.171676666666668,79.61846499999999,79.61846499999999 8.169028333333333,79.61900166666665,79.61900166666665 8.166371666666668,79.61953833333334,79.61953833333334 8.16371166666667,79.62007333333334,79.62007333333334 8.161048333333333,79.62061,79.62061 8.158383333333335,79.62114666666666,79.62114666666666 8.155715,79.62168333333335,79.62168333333335 8.153043333333333,79.62222000000001,79.62222000000001 8.150371666666667,79.62275833333334,79.62275833333334 8.147703333333334,79.62329666666666,79.62329666666666 8.145036666666666,79.623835,79.623835 8.14237,79.62437499999999,79.62437499999999 8.139705000000001,79.624915,79.624915 8.13704,79.62545666666668,79.62545666666668 8.134376666666668,79.62599833333334,79.62599833333334 8.131715,79.62653999999999,79.62653999999999 8.129053333333333,79.62708166666667,79.62708166666667 8.126391666666667,79.62762333333335,79.62762333333335 8.123733333333332,79.62816666666666,79.62816666666666 8.121078333333333,79.62871000000001,79.62871000000001 8.118421666666668,79.62925499999999,79.62925499999999 8.115760000000002,79.62979999999999,79.62979999999999 8.113095,79.63034666666667,79.63034666666667 8.110425,79.63089166666667,79.63089166666667 8.107748333333332,79.63143833333332,79.63143833333332 8.10506166666667,79.63198500000001,79.63198500000001 8.102364999999999,79.63253166666667,79.63253166666667 8.09966,79.63307999999999,79.63307999999999 8.096944999999998,79.63362666666667,79.63362666666667 8.094221666666666,79.63417166666667,79.63417166666667 8.091491666666666,79.63471666666668,79.63471666666668 8.088759999999999,79.63526,79.63526 8.086025,79.63580333333331,79.63580333333331 8.083291666666666,79.63634333333333,79.63634333333333 8.080556666666668,79.63688333333334,79.63688333333334 8.077828333333333,79.63742333333333,79.63742333333333 8.075103333333333,79.63796,79.63796 8.072381666666667,79.63849666666667,79.63849666666667 8.069663333333333,79.63903,79.63903 8.06695,79.63956166666667,79.63956166666667 8.064241666666668,79.64009166666668,79.64009166666668 8.061538333333333,79.64062,79.64062 8.058843333333334,79.64114666666666,79.64114666666666 8.056153333333334,79.64167166666667,79.64167166666667 8.053473333333333,79.64219666666666,79.64219666666666 8.050803333333333,79.64272,79.64272 8.048146666666668,79.64324333333334,79.64324333333334 8.0455,79.64376833333334,79.64376833333334 8.042863333333335,79.64429166666667,79.64429166666667 8.040236666666669,79.644815,79.644815 8.03762,79.64533833333333,79.64533833333333 8.035011666666666,79.64586333333334,79.64586333333334 8.03241,79.64638666666667,79.64638666666667 8.029813333333335,79.64691166666667,79.64691166666667 8.027223333333334,79.64743666666668,79.64743666666668 8.024636666666668,79.64796166666667,79.64796166666667 8.022055,79.64848833333333,79.64848833333333 8.01948,79.649015,79.649015 8.016909999999998,79.64954,79.64954 8.014344999999999,79.65006666666666,79.65006666666666 8.011786666666666,79.65059333333333,79.65059333333333 8.009233333333333,79.65112000000002,79.65112000000002 8.006681666666667,79.65164666666665,79.65164666666665 8.004135,79.65217166666666,79.65217166666666 8.001588333333332,79.65269833333335,79.65269833333335 7.999044999999999,79.65322333333334,79.65322333333334 7.996501666666667,79.65374833333334,79.65374833333334 7.993961666666667,79.65427166666666,79.65427166666666 7.991416666666667,79.654795,79.654795 7.9888650000000005,79.65531666666668,79.65531666666668 7.9863066666666676,79.655835,79.655835 7.983745000000001,79.65635166666667,79.65635166666667 7.981175,79.65686500000001,79.65686500000001 7.9786,79.65737666666668,79.65737666666668 7.976016666666666,79.65788666666667,79.65788666666667 7.97343,79.658395,79.658395 7.970841666666667,79.65890333333333,79.65890333333333 7.968253333333333,79.65941166666666,79.65941166666666 7.9656633333333335,79.65991833333332,79.65991833333332 7.963073333333333,79.66042499999999,79.66042499999999 7.960485,79.66093333333332,79.66093333333332 7.9579,79.66144333333334,79.66144333333334 7.955316666666666,79.66195166666667,79.66195166666667 7.952731666666667,79.66246333333335,79.66246333333335 7.950146666666665,79.662975,79.662975 7.94756,79.66348666666666,79.66348666666666 7.9449700000000005,79.66399999999999,79.66399999999999 7.942378333333333,79.66451166666667,79.66451166666667 7.939785000000001,79.66502500000001,79.66502500000001 7.937188333333334,79.665535,79.665535 7.934588333333333,79.66604666666667,79.66604666666667 7.931983333333333,79.666555,79.666555 7.9293733333333325,79.66706333333333,79.66706333333333 7.926758333333333,79.66757,79.66757 7.9241383333333335,79.668075,79.668075 7.9215133333333325,79.66858,79.66858 7.918885,79.66908166666667,79.66908166666667 7.916253333333333,79.66958333333335,79.66958333333335 7.913616666666666,79.67008333333334,79.67008333333334 7.910978333333333,79.67058166666666,79.67058166666666 7.908333333333333,79.67108,79.67108 7.905681666666667,79.67157666666667,79.67157666666667 7.903023333333334,79.67207333333333,79.67207333333333 7.900358333333333,79.67256833333332,79.67256833333332 7.897686666666668,79.67306166666668,79.67306166666668 7.89501,79.67355500000001,79.67355500000001 7.892335,79.67404833333332,79.67404833333332 7.889656666666667,79.67454166666667,79.67454166666667 7.886974999999999,79.67503333333335,79.67503333333335 7.884290000000001,79.67552666666667,79.67552666666667 7.8816016666666675,79.67602000000001,79.67602000000001 7.878909999999999,79.67651333333333,79.67651333333333 7.876216666666665,79.67700666666667,79.67700666666667 7.873518333333334,79.6775,79.6775 7.870819999999999,79.677995,79.677995 7.868118333333332,79.67849,79.67849 7.865414999999999,79.67898500000001,79.67898500000001 7.8627166666666675,79.67948166666667,79.67948166666667 7.8600216666666665,79.67997999999999,79.67997999999999 7.857333333333334,79.68048,79.68048 7.854653333333332,79.68097999999999,79.68097999999999 7.851986666666666,79.68148333333333,79.68148333333333 7.849333333333335,79.68198833333334,79.68198833333334 7.846689999999999,79.68249000000002,79.68249000000002 7.84405,79.68299833333334,79.68299833333334 7.841408333333334,79.68350666666667,79.68350666666667 7.838763333333333,79.68401666666666,79.68401666666666 7.8361116666666675,79.68453000000001,79.68453000000001 7.833451666666667,79.685045,79.685045 7.830778333333335,79.68556166666667,79.68556166666667 7.828095,79.68608,79.68608 7.825403333333332,79.68659833333332,79.68659833333332 7.822706666666666,79.68712000000001,79.68712000000001 7.820008333333335,79.68763999999999,79.68763999999999 7.817308333333333,79.68816166666667,79.68816166666667 7.814611666666667,79.688685,79.688685 7.811916666666668,79.68920833333333,79.68920833333333 7.809225,79.68973333333332,79.68973333333332 7.806533333333334,79.69025833333332,79.69025833333332 7.803841666666667,79.69078333333333,79.69078333333333 7.801149999999999,79.69130833333332,79.69130833333332 7.798461666666667,79.69183500000001,79.69183500000001 7.795774999999999,79.69236166666666,79.69236166666666 7.793090000000001,79.69288833333334,79.69288833333334 7.790406666666666,79.693415,79.693415 7.787728333333333,79.69394166666666,79.69394166666666 7.785053333333334,79.69446833333333,79.69446833333333 7.782388333333334,79.69499666666668,79.69499666666668 7.779731666666668,79.69552666666667,79.69552666666667 7.777083333333333,79.69605666666665,79.69605666666665 7.774441666666667,79.69658833333332,79.69658833333332 7.771809999999999,79.69712,79.69712 7.7691816666666655,79.69765333333334,79.69765333333334 7.766558333333334,79.69818666666667,79.69818666666667 7.763936666666665,79.69871833333333,79.69871833333333 7.761316666666667,79.69925,79.69925 7.758695,79.69978166666668,79.69978166666668 7.756071666666666,79.70031333333333,79.70031333333333 7.753451666666667,79.70084333333331,79.70084333333331 7.750831666666667,79.70137333333332,79.70137333333332 7.748211666666667,79.70190166666666,79.70190166666666 7.745591666666667,79.70242833333334,79.70242833333334 7.742970000000001,79.702955,79.702955 7.740348333333333,79.70348,79.70348 7.737728333333332,79.70400500000001,79.70400500000001 7.7351116666666675,79.70453,79.70453 7.732496666666666,79.70505499999999,79.70505499999999 7.7298849999999995,79.70557999999998,79.70557999999998 7.727278333333334,79.70610666666667,79.70610666666667 7.7246716666666675,79.70663166666667,79.70663166666667 7.722064999999999,79.70715499999999,79.70715499999999 7.719459999999999,79.70767999999998,79.70767999999998 7.716855000000001,79.70820333333333,79.70820333333333 7.714248333333334,79.70872833333333,79.70872833333333 7.711641666666665,79.70925,79.70925 7.709033333333333,79.70977166666665,79.70977166666665 7.706423333333334,79.71029333333333,79.71029333333333 7.703814999999999,79.71081333333335,79.71081333333335 7.701209999999999,79.71133166666667,79.71133166666667 7.698600000000001,79.71184833333334,79.71184833333334 7.69599,79.71236333333334,79.71236333333334 7.693383333333332,79.71287833333334,79.71287833333334 7.69078,79.71339166666665,79.71339166666665 7.68818,79.713905,79.713905 7.685580000000001,79.71441499999999,79.71441499999999 7.682981666666667,79.71492666666667,79.71492666666667 7.680384999999999,79.71543666666666,79.71543666666666 7.677793333333334,79.71594833333333,79.71594833333333 7.675208333333335,79.71646166666665,79.71646166666665 7.672631666666666,79.71697333333333,79.71697333333333 7.670063333333333,79.71748666666667,79.71748666666667 7.667506666666666,79.71800166666667,79.71800166666667 7.664955,79.71851666666667,79.71851666666667 7.6624083333333335,79.71903166666665,79.71903166666665 7.659865,79.71954833333332,79.71954833333332 7.657321666666666,79.72006666666667,79.72006666666667 7.654775000000001,79.720585,79.720585 7.652221666666666,79.72110500000001,79.72110500000001 7.649661666666666,79.721625,79.721625 7.647086666666666,79.72214500000001,79.72214500000001 7.644496666666667,79.72266166666668,79.72266166666668 7.641883333333333,79.72317666666666,79.72317666666666 7.6392500000000005,79.72368833333333,79.72368833333333 7.636598333333334,79.72420000000001,79.72420000000001 7.633926666666668,79.72470833333334,79.72470833333334 7.631238333333332,79.72521666666667,79.72521666666667 7.628534999999999,79.72572166666667,79.72572166666667 7.625820000000001,79.72622666666665,79.72622666666665 7.623096666666667,79.72673166666665,79.72673166666665 7.6203650000000005,79.72723333333333,79.72723333333333 7.617626666666666,79.72773666666667,79.72773666666667 7.614881666666667,79.72823666666667,79.72823666666667 7.6121283333333345,79.72873666666666,79.72873666666666 7.609369999999998,79.72923499999999,79.72923499999999 7.606606666666665,79.72973333333333,79.72973333333333 7.603841666666667,79.73023166666668,79.73023166666668 7.601078333333334,79.73072999999998,79.73072999999998 7.598319999999999,79.73122833333333,79.73122833333333 7.595573333333334,79.73173,79.73173 7.592839999999999,79.732235,79.732235 7.590121666666666,79.73274166666667,79.73274166666667 7.587413333333335,79.73325166666667,79.73325166666667 7.584718333333332,79.73376499999999,79.73376499999999 7.582035,79.73428,79.73428 7.57936,79.73479666666667,79.73479666666667 7.5766849999999994,79.73531500000001,79.73531500000001 7.574013333333332,79.73583500000001,79.73583500000001 7.571348333333333,79.73635499999999,79.73635499999999 7.568695000000001,79.73687666666667,79.73687666666667 7.566048333333333,79.73739833333335,79.73739833333335 7.563406666666666,79.73792166666667,79.73792166666667 7.560768333333335,79.73844666666666,79.73844666666666 7.558131666666666,79.73897166666666,79.73897166666666 7.555491666666668,79.73949666666667,79.73949666666667 7.552848333333333,79.74002,79.74002 7.550198333333333,79.74054333333333,79.74054333333333 7.5475433333333335,79.74106499999999,79.74106499999999 7.544881666666666,79.74158666666666,79.74158666666666 7.542215,79.74210500000002,79.74210500000002 7.539541666666666,79.74262333333333,79.74262333333333 7.536861666666666,79.74313833333335,79.74313833333335 7.53418,79.74365166666666,79.74365166666666 7.531501666666665,79.74416666666667,79.74416666666667 7.528829999999998,79.74468166666666,79.74468166666666 7.526163333333334,79.74519499999998,79.74519499999998 7.523501666666668,79.74570666666666,79.74570666666666 7.520840000000001,79.74622000000001,79.74622000000001 7.518176666666667,79.74673166666666,79.74673166666666 7.515510000000001,79.74724166666667,79.74724166666667 7.512836666666668,79.74775,79.74775 7.510158333333333,79.74825833333333,79.74825833333333 7.5074749999999995,79.74876499999999,79.74876499999999 7.504784999999999,79.74927333333332,79.74927333333332 7.502088333333333,79.74977999999999,79.74977999999999 7.499386666666666,79.75028499999999,79.75028499999999 7.496679999999999,79.75079166666666,79.75079166666666 7.493973333333335,79.75129666666666,79.75129666666666 7.4912616666666665,79.7518,79.7518 7.488546666666667,79.75230499999999,79.75230499999999 7.485828333333334,79.75280666666667,79.75280666666667 7.483103333333334,79.75330999999998,79.75330999999998 7.480373333333334,79.75381,79.75381 7.477635,79.75430999999999,79.75430999999999 7.4748883333333325,79.75480999999999,79.75480999999999 7.472135,79.75530666666668,79.75530666666668 7.4693716666666665,79.75580166666666,79.75580166666666 7.466598333333333,79.75629500000001,79.75629500000001 7.463815,79.756785,79.756785 7.4610183333333335,79.75727499999999,79.75727499999999 7.458208333333332,79.75776166666667,79.75776166666667 7.4553899999999995,79.75824666666666,79.75824666666666 7.452565000000001,79.75873166666668,79.75873166666668 7.4497366666666665,79.759215,79.759215 7.446906666666666,79.75969666666666,79.75969666666666 7.444078333333333,79.76018,79.76018 7.441258333333334,79.760665,79.760665 7.43845,79.76115166666668,79.76115166666668 7.435648333333334,79.76163833333332,79.76163833333332 7.43286,79.76212666666667,79.76212666666667 7.430081666666666,79.76261833333334,79.76261833333334 7.427316666666666,79.76311000000001,79.76311000000001 7.4245600000000005,79.76360166666667,79.76360166666667 7.421808333333333,79.764095,79.764095 7.419054999999999,79.76458666666667,79.76458666666667 7.416295,79.76507666666667,79.76507666666667 7.413528333333333,79.76556333333333,79.76556333333333 7.410755,79.76605,79.76605 7.407981666666666,79.76653666666665,79.76653666666665 7.40521,79.76702333333333,79.76702333333333 7.402443333333333,79.76750999999999,79.76750999999999 7.399678333333333,79.76800000000001,79.76800000000001 7.396921666666666,79.76849,79.76849 7.394173333333334,79.76898500000001,79.76898500000001 7.3914349999999995,79.76948166666665,79.76948166666665 7.388713333333334,79.76998166666667,79.76998166666667 7.386008333333332,79.770485,79.770485 7.3833199999999986,79.77099333333334,79.77099333333334 7.380654999999999,79.77150499999999,79.77150499999999 7.378011666666667,79.77202166666666,79.77202166666666 7.3753866666666665,79.77254333333333,79.77254333333333 7.37278,79.77306666666668,79.77306666666668 7.370188333333334,79.773595,79.773595 7.36761,79.77412500000001,79.77412500000001 7.365038333333334,79.77465833333335,79.77465833333335 7.362468333333334,79.77519333333332,79.77519333333332 7.359898333333333,79.77572833333335,79.77572833333335 7.357328333333333,79.77626666666667,79.77626666666667 7.354755,79.776805,79.776805 7.352176666666666,79.77734333333332,79.77734333333332 7.349595,79.77788333333334,79.77788333333334 7.347011666666666,79.77842333333334,79.77842333333334 7.344424999999999,79.77896499999999,79.77896499999999 7.341835,79.779505,79.779505 7.339241666666667,79.78004500000002,79.78004500000002 7.336639999999999,79.780585,79.780585 7.334031666666667,79.781125,79.781125 7.331415,79.78166166666666,79.78166166666666 7.328786666666668,79.78219999999999,79.78219999999999 7.326146666666667,79.78273499999999,79.78273499999999 7.323495,79.78326833333333,79.78326833333333 7.320831666666668,79.78380166666666,79.78380166666666 7.318161666666666,79.78433166666667,79.78433166666667 7.315483333333333,79.78486166666667,79.78486166666667 7.312798333333333,79.78539166666665,79.78539166666665 7.310108333333334,79.78591833333334,79.78591833333334 7.307418333333334,79.786445,79.786445 7.304726666666666,79.78697166666667,79.78697166666667 7.30203,79.78749833333333,79.78749833333333 7.299328333333333,79.78802166666667,79.78802166666667 7.296618333333334,79.78854500000001,79.78854500000001 7.2939,79.78906666666666,79.78906666666666 7.291171666666665,79.78958666666668,79.78958666666668 7.28843,79.790105,79.790105 7.2856733333333334,79.79062166666667,79.79062166666667 7.2829000000000015,79.79113500000001,79.79113500000001 7.28011,79.79164666666667,79.79164666666667 7.277301666666667,79.79215500000001,79.79215500000001 7.274474999999999,79.79266,79.79266 7.271633333333334,79.79316333333334,79.79316333333334 7.268774999999999,79.79366166666667,79.79366166666667 7.265905,79.79415999999999,79.79415999999999 7.26303,79.79465666666667,79.79465666666667 7.260151666666666,79.79515333333333,79.79515333333333 7.257271666666667,79.79564833333333,79.79564833333333 7.254393333333334,79.79614333333335,79.79614333333335 7.251518333333333,79.79663999999998,79.79663999999998 7.248655,79.79713666666666,79.79713666666666 7.245804999999999,79.79763666666668,79.79763666666668 7.242975,79.79813833333333,79.79813833333333 7.240166666666666,79.79864333333333,79.79864333333333 7.237383333333335,79.79915333333332,79.79915333333332 7.234619999999999,79.79966666666667,79.79966666666667 7.231875,79.80018499999998,79.80018499999998 7.229143333333333,79.80070500000001,79.80070500000001 7.226418333333333,79.80122833333334,79.80122833333334 7.223698333333335,79.801755,79.801755 7.220979999999999,79.80228166666667,79.80228166666667 7.218263333333335,79.80280833333333,79.80280833333333 7.215543333333333,79.80333666666668,79.80333666666668 7.21282,79.80386666666666,79.80386666666666 7.21009,79.80439500000001,79.80439500000001 7.207351666666667,79.80492333333335,79.80492333333335 7.204610000000001,79.80545000000001,79.80545000000001 7.201863333333334,79.80597833333333,79.80597833333333 7.199115000000001,79.80650666666666,79.80650666666666 7.196368333333334,79.80703666666668,79.80703666666668 7.193623333333333,79.80756833333332,79.80756833333332 7.190884999999999,79.8081,79.8081 7.188151666666665,79.80863333333333,79.80863333333333 7.1854216666666675,79.80916666666667,79.80916666666667 7.1827,79.80970333333333,79.80970333333333 7.1799849999999985,79.81024000000002,79.81024000000002 7.1772783333333345,79.81078000000001,79.81078000000001 7.174586666666666,79.81132166666666,79.81132166666666 7.171908333333333,79.81186500000001,79.81186500000001 7.169241666666666,79.81241166666668,79.81241166666668 7.1665866666666656,79.81295999999999,79.81295999999999 7.163943333333332,79.81351000000001,79.81351000000001 7.161315,79.81406166666667,79.81406166666667 7.158701666666667,79.814615,79.814615 7.156105,79.81517166666667,79.81517166666667 7.153528333333332,79.81573166666668,79.81573166666668 7.150970000000001,79.81629333333335,79.81629333333335 7.148431666666666,79.81685833333334,79.81685833333334 7.145911666666667,79.817425,79.817425 7.1434050000000004,79.81799333333333,79.81799333333333 7.140910000000001,79.81856333333334,79.81856333333334 7.138420000000001,79.81913500000002,79.81913500000002 7.135933333333333,79.81970500000001,79.81970500000001 7.133445000000001,79.820275,79.820275 7.1309483333333334,79.82084499999998,79.82084499999998 7.128441666666667,79.82141166666666,79.82141166666666 7.125918333333335,79.82197833333332,79.82197833333332 7.123378333333333,79.82253999999999,79.82253999999999 7.120818333333334,79.8231,79.8231 7.118236666666666,79.82365833333334,79.82365833333334 7.1156283333333326,79.82421166666667,79.82421166666667 7.11299,79.82476,79.82476 7.1103233333333336,79.825305,79.825305 7.10763,79.82584666666666,79.82584666666666 7.104914999999999,79.82638666666668,79.82638666666668 7.102181666666666,79.82692333333331,79.82692333333331 7.099431666666667,79.82745833333334,79.82745833333334 7.096666666666667,79.82798999999999,79.82798999999999 7.093895,79.82852166666666,79.82852166666666 7.091121666666667,79.82905166666666,79.82905166666666 7.088345,79.82958,79.82958 7.085561666666667,79.83010666666667,79.83010666666667 7.082771666666668,79.83063,79.83063 7.079978333333335,79.83115166666666,79.83115166666666 7.077186666666667,79.83167166666667,79.83167166666667 7.074395,79.83219,79.83219 7.071604999999999,79.83270833333333,79.83270833333333 7.068813333333333,79.83322333333332,79.83322333333332 7.066025000000001,79.83373833333333,79.83373833333333 7.0632383333333335,79.83425333333334,79.83425333333334 7.060454999999999,79.83476833333333,79.83476833333333 7.057673333333335,79.83528166666667,79.83528166666667 7.054893333333332,79.83579333333333,79.83579333333333 7.052113333333333,79.83630499999998,79.83630499999998 7.049335000000001,79.836815,79.836815 7.0465550000000015,79.83732499999999,79.83732499999999 7.043778333333335,79.837835,79.837835 7.041001666666667,79.83834166666666,79.83834166666666 7.038225000000001,79.83884833333333,79.83884833333333 7.035448333333334,79.839355,79.839355 7.0326699999999995,79.83985833333332,79.83985833333332 7.029890000000001,79.84036,79.84036 7.027108333333333,79.84086166666665,79.84086166666665 7.024323333333333,79.84136166666667,79.84136166666667 7.021533333333334,79.84186,79.84186 7.018740000000001,79.84235833333334,79.84235833333334 7.015941666666667,79.84285333333334,79.84285333333334 7.013138333333334,79.84334833333334,79.84334833333334 7.0103316666666675,79.84384166666666,79.84384166666666 7.0075216666666655,79.844335,79.844335 7.004709999999999,79.84482666666666,79.84482666666666 7.001895,79.84531833333334,79.84531833333334 6.999081666666666,79.84581,79.84581 6.996270000000001,79.84630333333332,79.84630333333332 6.993463333333334,79.84679666666666,79.84679666666666 6.990658333333332,79.84729333333333,79.84729333333333 6.987853333333335,79.84779333333333,79.84779333333333 6.985048333333333,79.84829333333334,79.84829333333334 6.982239999999999,79.84879666666669,79.84879666666669 6.979425,79.84930166666666,79.84930166666666 6.976605000000001,79.84980666666667,79.84980666666667 6.973775000000001,79.85031333333333,79.85031333333333 6.970930000000001,79.85082166666666,79.85082166666666 6.968070000000001,79.85132833333333,79.85132833333333 6.96519,79.85183666666666,79.85183666666666 6.962296666666666,79.85234333333332,79.85234333333332 6.959386666666668,79.85285166666665,79.85285166666665 6.956460000000001,79.85335666666666,79.85335666666666 6.953519999999999,79.85386,79.85386 6.950568333333333,79.85436166666668,79.85436166666668 6.947603333333332,79.85485999999999,79.85485999999999 6.944631666666667,79.85535833333334,79.85535833333334 6.941656666666668,79.85585333333334,79.85585333333334 6.938678333333334,79.85634833333333,79.85634833333333 6.9357066666666665,79.85684166666667,79.85684166666667 6.932745,79.85733666666667,79.85733666666667 6.929798333333334,79.85783333333335,79.85783333333335 6.926866666666666,79.85832999999998,79.85832999999998 6.9239516666666665,79.85882666666666,79.85882666666666 6.921054999999999,79.85932666666668,79.85932666666668 6.918178333333333,79.85982666666666,79.85982666666666 6.915320000000001,79.86033,79.86033 6.912473333333333,79.86083333333332,79.86083333333332 6.909636666666667,79.86133833333332,79.86133833333332 6.90681,79.86184666666665,79.86184666666665 6.9039883333333325,79.86235833333333,79.86235833333333 6.90117,79.86287166666665,79.86287166666665 6.898355,79.86339,79.86339 6.895541666666666,79.86391000000002,79.86391000000002 6.892731666666666,79.86443500000001,79.86443500000001 6.889923333333333,79.86496166666667,79.86496166666667 6.887113333333334,79.86549333333333,79.86549333333333 6.8843016666666665,79.86602666666667,79.86602666666667 6.8814866666666665,79.86656166666667,79.86656166666667 6.878666666666668,79.86709833333333,79.86709833333333 6.875841666666668,79.867635,79.867635 6.873013333333333,79.86816999999999,79.86816999999999 6.870183333333334,79.86870333333333,79.86870333333333 6.867348333333333,79.86923666666667,79.86923666666667 6.864511666666668,79.86976833333334,79.86976833333334 6.861669999999999,79.87029666666666,79.87029666666666 6.8588216666666675,79.87082499999998,79.87082499999998 6.855968333333334,79.87134999999999,79.87134999999999 6.853105,79.87187333333333,79.87187333333333 6.850238333333333,79.87239333333333,79.87239333333333 6.847366666666667,79.87291166666667,79.87291166666667 6.8444883333333335,79.87342833333334,79.87342833333334 6.841608333333332,79.87394166666667,79.87394166666667 6.838726666666667,79.87445666666667,79.87445666666667 6.835848333333333,79.87497166666668,79.87497166666668 6.832975,79.87548666666666,79.87548666666666 6.8301099999999995,79.876005,79.876005 6.827258333333332,79.876525,79.876525 6.824421666666666,79.87704833333333,79.87704833333333 6.821598333333333,79.877575,79.877575 6.818788333333333,79.878105,79.878105 6.815989999999999,79.87863666666667,79.87863666666667 6.813203333333334,79.87917166666666,79.87917166666666 6.8104249999999995,79.87970833333334,79.87970833333334 6.80765,79.88024666666666,79.88024666666666 6.804880000000001,79.88078666666668,79.88078666666668 6.802115000000001,79.88132833333333,79.88132833333333 6.799356666666668,79.88187333333333,79.88187333333333 6.796605,79.88242000000001,79.88242000000001 6.793860000000001,79.88297,79.88297 6.791118333333333,79.88352166666667,79.88352166666667 6.788383333333333,79.884075,79.884075 6.7856483333333335,79.88463,79.88463 6.782913333333332,79.88518499999999,79.88518499999999 6.780175000000001,79.88574166666668,79.88574166666668 6.777439999999999,79.88629833333333,79.88629833333333 6.774706666666667,79.886855,79.886855 6.771973333333333,79.88741166666668,79.88741166666668 6.769238333333335,79.88796833333333,79.88796833333333 6.766496666666665,79.88852166666666,79.88852166666666 6.763746666666667,79.889075,79.889075 6.760983333333334,79.88962333333335,79.88962333333335 6.758205,79.89017000000001,79.89017000000001 6.75541,79.89071166666666,79.89071166666666 6.752598333333332,79.89125,79.89125 6.749775,79.891785,79.891785 6.746941666666667,79.89231666666666,79.89231666666666 6.744103333333334,79.89284666666667,79.89284666666667 6.74126,79.89337166666667,79.89337166666667 6.73842,79.893895,79.893895 6.7355833333333335,79.89441833333335,79.89441833333335 6.73275,79.89493833333333,79.89493833333333 6.729914999999999,79.89545666666666,79.89545666666666 6.727080000000002,79.89597333333333,79.89597333333333 6.724248333333333,79.89648833333332,79.89648833333332 6.7214166666666655,79.89700333333333,79.89700333333333 6.718583333333333,79.89751500000001,79.89751500000001 6.715748333333333,79.89802666666667,79.89802666666667 6.712908333333333,79.898535,79.898535 6.710066666666667,79.89904499999999,79.89904499999999 6.707218333333333,79.89955166666667,79.89955166666667 6.704363333333333,79.90006,79.90006 6.7014983333333324,79.90056666666666,79.90056666666666 6.698625,79.90107166666667,79.90107166666667 6.695741666666667,79.90157833333333,79.90157833333333 6.692853333333334,79.90208666666666,79.90208666666666 6.689956666666666,79.90259499999999,79.90259499999999 6.68706,79.90310500000001,79.90310500000001 6.684166666666666,79.90361833333333,79.90361833333333 6.681281666666666,79.90413333333333,79.90413333333333 6.678403333333335,79.90465333333334,79.90465333333334 6.675533333333334,79.90517666666666,79.90517666666666 6.672673333333334,79.90570166666666,79.90570166666666 6.6698200000000005,79.90623166666667,79.90623166666667 6.666971666666665,79.90676166666668,79.90676166666668 6.664126666666667,79.90729499999999,79.90729499999999 6.661281666666668,79.90782999999999,79.90782999999999 6.658434999999999,79.90836499999999,79.90836499999999 6.655588333333332,79.90889833333333,79.90889833333333 6.652741666666666,79.90943333333333,79.90943333333333 6.649896666666667,79.90996666666666,79.90996666666666 6.647051666666665,79.9105,79.9105 6.644206666666666,79.91103333333334,79.91103333333334 6.6413666666666655,79.91156333333333,79.91156333333333 6.638531666666668,79.91209333333335,79.91209333333335 6.635705,79.91262499999999,79.91262499999999 6.632886666666668,79.913155,79.913155 6.630081666666666,79.91368499999999,79.91368499999999 6.627285000000001,79.914215,79.914215 6.624501666666666,79.914745,79.914745 6.62173,79.91527500000001,79.91527500000001 6.618964999999998,79.91580666666668,79.91580666666668 6.616205000000001,79.91633833333333,79.91633833333333 6.613451666666666,79.91687,79.91687 6.6107016666666665,79.917405,79.917405 6.607958333333333,79.91793833333334,79.91793833333334 6.60522,79.918475,79.918475 6.60249,79.91901166666666,79.91901166666666 6.599768333333333,79.91954999999999,79.91954999999999 6.597055,79.92008833333334,79.92008833333334 6.5943499999999995,79.92062833333333,79.92062833333333 6.5916516666666665,79.92116666666666,79.92116666666666 6.588958333333333,79.92170333333333,79.92170333333333 6.586266666666668,79.92223999999999,79.92223999999999 6.583571666666667,79.92277333333332,79.92277333333332 6.580868333333333,79.92330166666667,79.92330166666667 6.578151666666667,79.92382833333332,79.92382833333332 6.575421666666667,79.92434999999999,79.92434999999999 6.572678333333332,79.92486833333335,79.92486833333335 6.569921666666667,79.92538333333333,79.92538333333333 6.567153333333333,79.925895,79.925895 6.564374999999999,79.92640333333333,79.92640333333333 6.561595,79.92690833333333,79.92690833333333 6.558818333333333,79.92741333333333,79.92741333333333 6.556050000000001,79.92791833333334,79.92791833333334 6.55329,79.92842166666667,79.92842166666667 6.550536666666666,79.92892333333332,79.92892333333332 6.547783333333333,79.92942500000002,79.92942500000002 6.545028333333333,79.92992333333332,79.92992333333332 6.54227,79.93042166666667,79.93042166666667 6.539503333333333,79.93091833333332,79.93091833333332 6.536731666666667,79.93141499999999,79.93141499999999 6.533951666666666,79.93191166666666,79.93191166666666 6.531163333333334,79.93240666666667,79.93240666666667 6.528365,79.93290166666667,79.93290166666667 6.525558333333334,79.93339500000002,79.93339500000002 6.522743333333334,79.93388999999999,79.93388999999999 6.519918333333334,79.93438166666668,79.93438166666668 6.517084999999999,79.93487333333333,79.93487333333333 6.514241666666668,79.93536499999999,79.93536499999999 6.5113900000000005,79.935855,79.935855 6.508533333333332,79.93634333333331,79.93634333333331 6.505671666666665,79.93682999999999,79.93682999999999 6.502805000000001,79.93731666666666,79.93731666666666 6.499938333333334,79.9378,79.9378 6.49707,79.93828333333332,79.93828333333332 6.4942,79.93876666666667,79.93876666666667 6.491329999999999,79.93924833333335,79.93924833333335 6.48846,79.93972833333335,79.93972833333335 6.485591666666665,79.94021166666667,79.94021166666667 6.482733333333334,79.940695,79.940695 6.479886666666666,79.94117999999999,79.94117999999999 6.477058333333334,79.94166833333333,79.94166833333333 6.474251666666667,79.94216,79.94216 6.4714633333333325,79.94265499999999,79.94265499999999 6.4686900000000005,79.94315166666668,79.94315166666668 6.465921666666667,79.94364833333334,79.94364833333334 6.463151666666666,79.94414499999999,79.94414499999999 6.460378333333334,79.94464333333335,79.94464333333335 6.457601666666667,79.94514000000001,79.94514000000001 6.4548250000000005,79.94563833333335,79.94563833333335 6.452048333333333,79.94613666666667,79.94613666666667 6.449269999999999,79.94663666666666,79.94663666666666 6.446491666666666,79.94713666666667,79.94713666666667 6.443713333333333,79.94763666666665,79.94763666666665 6.440935,79.94813666666667,79.94813666666667 6.438161666666668,79.94863833333335,79.94863833333335 6.435389999999998,79.94914166666666,79.94914166666666 6.432625,79.94964499999999,79.94964499999999 6.429865,79.95015,79.95015 6.427111666666667,79.95065666666666,79.95065666666666 6.424365,79.95116333333334,79.95116333333334 6.421621666666667,79.95167166666667,79.95167166666667 6.4188833333333335,79.95218166666666,79.95218166666666 6.41615,79.95269166666668,79.95269166666668 6.413421666666666,79.95320333333333,79.95320333333333 6.410700000000001,79.95371666666668,79.95371666666668 6.407985,79.95423166666666,79.95423166666666 6.405276666666666,79.95474833333331,79.95474833333331 6.402574999999999,79.95526499999998,79.95526499999998 6.399878333333333,79.95578333333333,79.95578333333333 6.3971849999999995,79.95630166666666,79.95630166666666 6.394491666666667,79.95682166666667,79.95682166666667 6.391795000000001,79.95734166666666,79.95734166666666 6.389091666666667,79.95786166666667,79.95786166666667 6.386385,79.95838166666667,79.95838166666667 6.383674999999999,79.95890166666666,79.95890166666666 6.380966666666665,79.95941833333332,79.95941833333332 6.378261666666666,79.95993499999999,79.95993499999999 6.375559999999999,79.96045000000001,79.96045000000001 6.372861666666668,79.96096333333332,79.96096333333332 6.370166666666667,79.96147333333334,79.96147333333334 6.367475,79.96198166666667,79.96198166666667 6.364783333333332,79.96248833333334,79.96248833333334 6.362091666666666,79.96299333333332,79.96299333333332 6.359399999999999,79.96349833333335,79.96349833333335 6.356708333333334,79.964,79.964 6.354016666666667,79.96450166666666,79.96450166666666 6.351325000000002,79.96500333333334,79.96500333333334 6.348633333333333,79.96550333333333,79.96550333333333 6.345941666666667,79.96600499999998,79.96600499999998 6.343250000000001,79.966505,79.966505 6.340556666666667,79.967005,79.967005 6.337861666666666,79.96750499999999,79.96750499999999 6.335166666666667,79.96800666666667,79.96800666666667 6.332468333333333,79.96850666666666,79.96850666666666 6.329766666666666,79.96900666666667,79.96900666666667 6.327056666666666,79.96950500000001,79.96950500000001 6.324338333333333,79.97000333333334,79.97000333333334 6.321611666666666,79.97049999999999,79.97049999999999 6.31887,79.97099499999999,79.97099499999999 6.316113333333334,79.97148999999999,79.97148999999999 6.313341666666667,79.97198166666668,79.97198166666668 6.310553333333334,79.97247333333333,79.97247333333333 6.30775,79.97296333333333,79.97296333333333 6.304933333333334,79.97345333333332,79.97345333333332 6.302103333333334,79.97394166666665,79.97394166666665 6.299259999999999,79.97442666666669,79.97442666666669 6.296406666666667,79.97491166666667,79.97491166666667 6.293545,79.97539499999999,79.97539499999999 6.290679999999999,79.975875,79.975875 6.287811666666666,79.976355,79.976355 6.2849433333333335,79.97683333333333,79.97683333333333 6.28208,79.97731166666667,79.97731166666667 6.2792216666666665,79.97778833333334,79.97778833333334 6.276369999999999,79.97826333333335,79.97826333333335 6.2735216666666656,79.97873833333334,79.97873833333334 6.270681666666667,79.97921166666666,79.97921166666666 6.267854999999999,79.979685,79.979685 6.265043333333333,79.98015999999998,79.98015999999998 6.262251666666667,79.98063499999999,79.98063499999999 6.259483333333333,79.98111499999999,79.98111499999999 6.256738333333335,79.98159499999998,79.98159499999998 6.2540200000000015,79.98208,79.98208 6.251326666666667,79.98256666666667,79.98256666666667 6.248658333333333,79.98305666666666,79.98305666666666 6.246009999999999,79.98354833333332,79.98354833333332 6.24338,79.98404,79.98404 6.240761666666667,79.98453333333335,79.98453333333335 6.238151666666666,79.98502666666666,79.98502666666666 6.235545000000001,79.98551833333332,79.98551833333332 6.2329366666666655,79.98601,79.98601 6.230321666666667,79.98649999999999,79.98649999999999 6.227696666666666,79.98699,79.98699 6.225058333333334,79.98747833333334,79.98747833333334 6.222404999999999,79.98796833333334,79.98796833333334 6.219731666666667,79.98845666666666,79.98845666666666 6.217036666666666,79.988945,79.988945 6.2143233333333345,79.98943166666668,79.98943166666668 6.211589999999999,79.98991833333334,79.98991833333334 6.2088399999999995,79.99040166666666,79.99040166666666 6.206074999999999,79.990885,79.990885 6.203295000000001,79.99136666666666,79.99136666666666 6.200499999999999,79.99184666666666,79.99184666666666 6.197688333333333,79.99232666666666,79.99232666666666 6.194859999999999,79.99280499999999,79.99280499999999 6.192016666666666,79.99328500000001,79.99328500000001 6.189155,79.99376333333332,79.99376333333332 6.186279999999999,79.99424166666665,79.99424166666665 6.183393333333333,79.99472000000002,79.99472000000002 6.180501666666666,79.99519666666666,79.99519666666666 6.177601666666667,79.99567666666668,79.99567666666668 6.174698333333334,79.99615499999999,79.99615499999999 6.1717916666666675,79.99663333333332,79.99663333333332 6.168885,79.99711333333335,79.99711333333335 6.165981666666666,79.997595,79.997595 6.163083333333332,79.99807833333332,79.99807833333332 6.160193333333332,79.99856333333332,79.99856333333332 6.157315,79.99905,79.99905 6.154451666666667,79.99953833333333,79.99953833333333 6.151603333333332,80.00003,80.00003 6.148768333333334,80.00052166666666,80.00052166666666 6.145951666666668,80.00101666666666,80.00101666666666 6.143150000000001,80.00151333333332,80.00151333333332 6.140360000000001,80.00201166666668,80.00201166666668 6.137578333333333,80.00251166666668,80.00251166666668 6.134801666666668,80.00301166666667,80.00301166666667 6.132028333333333,80.00351333333332,80.00351333333332 6.129256666666667,80.00401666666666,80.00401666666666 6.126481666666667,80.00452,80.00452 6.123701666666666,80.00502499999999,80.00502499999999 6.120915000000001,80.00552833333333,80.00552833333333 6.118120000000001,80.00603333333333,80.00603333333333 6.115315,80.00653833333334,80.00653833333334 6.112498333333335,80.007045,80.007045 6.109671666666666,80.00755333333333,80.00755333333333 6.106835000000001,80.00806166666666,80.00806166666666 6.103988333333332,80.00857166666667,80.00857166666667 6.101134999999999,80.00908333333332,80.00908333333332 6.098276666666668,80.00959666666667,80.00959666666667 6.095416666666666,80.01011166666667,80.01011166666667 6.09256,80.01062499999999,80.01062499999999 6.089708333333334,80.01114166666667,80.01114166666667 6.086861666666665,80.01165666666668,80.01165666666668 6.084023333333334,80.01217333333334,80.01217333333334 6.08119,80.01269,80.01269 6.078365000000001,80.01320666666668,80.01320666666668 6.075548333333335,80.013725,80.013725 6.072735,80.01424333333333,80.01424333333333 6.069923333333333,80.01476166666666,80.01476166666666 6.067113333333333,80.01528,80.01528 6.064303333333333,80.0158,80.0158 6.061491666666666,80.01632000000001,80.01632000000001 6.058676666666666,80.01684,80.01684 6.055859999999999,80.01736166666667,80.01736166666667 6.053041666666667,80.01788333333334,80.01788333333334 6.050225000000001,80.018405,80.018405 6.047408333333334,80.01892833333333,80.01892833333333 6.0445899999999995,80.01945166666665,80.01945166666665 6.0417700000000005,80.01997500000002,80.01997500000002 6.038946666666668,80.02049833333334,80.02049833333334 6.0361199999999995,80.02102166666667,80.02102166666667 6.033289999999999,80.021545,80.021545 6.030451666666666,80.02206666666666,80.02206666666666 6.027606666666666,80.02258833333333,80.02258833333333 6.02475,80.02310833333333,80.02310833333333 6.02188,80.02362666666666,80.02362666666666 6.018998333333333,80.02414166666668,80.02414166666668 6.016101666666666,80.02465666666666,80.02465666666666 6.013198333333333,80.02517,80.02517 6.010286666666667,80.02568166666667,80.02568166666667 6.007368333333333,80.02619166666666,80.02619166666666 6.004451666666667,80.02669999999999,80.02669999999999 6.0015366666666665,80.02720999999998,80.02720999999998 5.998625,80.02771833333334,80.02771833333334 5.995716666666667,80.02822666666667,80.02822666666667 5.9928099999999995,80.02873333333334,80.02873333333334 5.989908333333333,80.02924,80.02924 5.98701,80.029745,80.029745 5.984113333333332,80.03024999999998,80.03024999999998 5.98122,80.03075499999998,80.03075499999998 5.978326666666667,80.03125666666666,80.03125666666666 5.975436666666667,80.03175833333333,80.03175833333333 5.972549999999999,80.03225833333332,80.03225833333332 5.969668333333334,80.03275833333333,80.03275833333333 5.966793333333333,80.03325833333332,80.03325833333332 5.9639266666666675,80.03375666666668,80.03375666666668 5.9610683333333325,80.03425666666668,80.03425666666668 5.958218333333334,80.03475666666667,80.03475666666667 5.955378333333334,80.03525833333332,80.03525833333332 5.952545,80.03576,80.03576 5.949714999999999,80.03626333333334,80.03626333333334 5.946884999999999,80.03676833333334,80.03676833333334 5.944053333333333,80.03727333333333,80.03727333333333 5.941223333333332,80.03778000000001,80.03778000000001 5.938388333333335,80.03828666666666,80.03828666666666 5.935550000000001,80.038795,80.038795 5.932705,80.03930333333332,80.03930333333332 5.929853333333333,80.03981333333333,80.03981333333333 5.926991666666666,80.04032166666666,80.04032166666666 5.924123333333333,80.04083166666665,80.04083166666665 5.921245,80.04134166666667,80.04134166666667 5.918358333333333,80.04185166666666,80.04185166666666 5.915463333333333,80.04236166666668,80.04236166666668 5.912558333333333,80.04287166666667,80.04287166666667 5.909648333333333,80.04338,80.04338 5.906728333333333,80.04388999999999,80.04388999999999 5.903796666666666,80.04439833333332,80.04439833333332 5.900855,80.04490666666666,80.04490666666666 5.897903333333334,80.04541333333333,80.04541333333333 5.89494,80.04592,80.04592 5.891966666666668,80.046425,80.046425 5.888985,80.04692833333334,80.04692833333334 5.885995000000001,80.04743,80.04743 5.882994999999999,80.04793166666666,80.04793166666666 5.879988333333334,80.04843000000001,80.04843000000001 5.876978333333334,80.04892833333334,80.04892833333334 5.873966666666666,80.04942666666668,80.04942666666668 5.870956666666666,80.049925,80.049925 5.8679499999999996,80.05042666666665,80.05042666666665 5.864956666666665,80.05093,80.05093 5.861976666666668,80.05143666666666,80.05143666666666 5.8590100000000005,80.05194833333334,80.05194833333334 5.856055,80.05246166666669,80.05246166666669 5.853110000000001,80.05297666666667,80.05297666666667 5.850174999999999,80.05349500000001,80.05349500000001 5.847244999999999,80.054015,80.054015 5.844311666666666,80.05453499999999,80.05453499999999 5.841371666666666,80.05505333333335,80.05505333333335 5.838431666666666,80.05557499999999,80.05557499999999 5.835493333333333,80.05609500000001,80.05609500000001 5.8325516666666655,80.05661666666666,80.05661666666666 5.829601666666668,80.05713833333334,80.05713833333334 5.826646666666666,80.05766000000001,80.05766000000001 5.823689999999999,80.05818166666667,80.05818166666667 5.820731666666668,80.058705,80.058705 5.817773333333334,80.05922833333334,80.05922833333334 5.814815,80.05975333333335,80.05975333333335 5.811859999999999,80.06028,80.06028 5.808908333333333,80.06080833333333,80.06080833333333 5.805965,80.06134,80.06134 5.803025,80.061875,80.061875 5.80009,80.06241,80.06241 5.797161666666668,80.06294833333332,80.06294833333332 5.794243333333333,80.06349,80.06349 5.791333333333333,80.06403333333334,80.06403333333334 5.788433333333334,80.06457999999999,80.06457999999999 5.785538333333333,80.06512833333332,80.06512833333332 5.782653333333334,80.06568000000001,80.06568000000001 5.779778333333334,80.06623333333333,80.06623333333333 5.77691,80.06679000000001,80.06679000000001 5.774046666666668,80.06734666666667,80.06734666666667 5.77119,80.06790666666667,80.06790666666667 5.768341666666667,80.06846666666668,80.06846666666668 5.765501666666666,80.06903000000001,80.06903000000001 5.762670000000001,80.06959333333332,80.06959333333332 5.7598466666666654,80.07016,80.07016 5.757031666666667,80.07072666666666,80.07072666666666 5.754223333333335,80.07129666666667,80.07129666666667 5.7514183333333335,80.07186499999999,80.07186499999999 5.74861,80.07243333333332,80.07243333333332 5.745791666666666,80.07300000000001,80.07300000000001 5.742956666666667,80.07356333333334,80.07356333333334 5.740098333333332,80.07412166666666,80.07412166666666 5.737211666666668,80.07467666666666,80.07467666666666 5.734294999999999,80.075225,80.075225 5.731348333333333,80.07576833333331,80.07576833333331 5.728376666666666,80.07630666666667,80.07630666666667 5.725383333333334,80.07683833333334,80.07683833333334 5.722373333333333,80.07736666666666,80.07736666666666 5.719346666666667,80.07789,80.07789 5.716311666666667,80.07841166666668,80.07841166666668 5.71327,80.07893,80.07893 5.71022,80.07944666666667,80.07944666666667 5.707160000000002,80.07996166666668,80.07996166666668 5.704088333333335,80.08047333333334,80.08047333333334 5.701008333333333,80.08098333333334,80.08098333333334 5.697923333333333,80.08149166666666,80.08149166666666 5.6948316666666665,80.082,80.082 5.6917333333333335,80.082505,80.082505 5.688626666666667,80.08300666666668,80.08300666666668 5.6855150000000005,80.08350666666668,80.08350666666668 5.682398333333333,80.084005,80.084005 5.67928,80.08450166666667,80.08450166666667 5.6761583333333325,80.08499666666665,80.08499666666665 5.673033333333333,80.08548833333333,80.08548833333333 5.669906666666666,80.08597833333333,80.08597833333333 5.666776666666668,80.08646666666667,80.08646666666667 5.663646666666667,80.08695166666666,80.08695166666666 5.66052,80.08743666666665,80.08743666666665 5.657398333333334,80.08792,80.08792 5.654285000000001,80.08840333333332,80.08840333333332 5.651183333333334,80.08888833333334,80.08888833333334 5.648093333333333,80.08937333333333,80.08937333333333 5.645011666666666,80.08985833333334,80.08985833333334 5.641938333333334,80.09034333333335,80.09034333333335 5.63887,80.09082833333333,80.09082833333333 5.635804999999999,80.09131000000001,80.09131000000001 5.632741666666667,80.09179166666667,80.09179166666667 5.62968,80.09227166666666,80.09227166666666 5.626623333333334,80.09275166666666,80.09275166666666 5.623568333333333,80.09323166666665,80.09323166666665 5.620518333333333,80.09371166666665,80.09371166666665 5.617474999999999,80.09419333333334,80.09419333333334 5.614434999999999,80.09467833333332,80.09467833333332 5.611398333333333,80.09516333333333,80.09516333333333 5.608361666666666,80.09564999999999,80.09564999999999 5.6053266666666675,80.09613833333333,80.09613833333333 5.602295,80.09662666666667,80.09662666666667 5.599266666666667,80.09711833333334,80.09711833333334 5.596240000000001,80.09760833333334,80.09760833333334 5.593215,80.09810000000002,80.09810000000002 5.590191666666667,80.09859166666668,80.09859166666668 5.5871666666666675,80.09908333333333,80.09908333333333 5.584141666666667,80.09957666666665,80.09957666666665 5.5811150000000005,80.10007000000002,80.10007000000002 5.578088333333333,80.10056666666667,80.10056666666667 5.575058333333334,80.10106666666668,80.10106666666668 5.572028333333332,80.10156833333333,80.10156833333333 5.568998333333333,80.10207333333334,80.10207333333334 5.56597,80.10258,80.10258 5.562941666666668,80.10309,80.10309 5.559915,80.10360333333334,80.10360333333334 5.556890000000001,80.10411833333333,80.10411833333333 5.553866666666665,80.10463666666666,80.10463666666666 5.550845,80.10515666666667,80.10515666666667 5.5478266666666665,80.10567999999999,80.10567999999999 5.544813333333334,80.10620499999999,80.10620499999999 5.541803333333333,80.10673333333334,80.10673333333334 5.538796666666667,80.10726333333334,80.10726333333334 5.535791666666667,80.10779500000001,80.10779500000001 5.53279,80.10832833333335,80.10832833333335 5.529793333333333,80.10886333333332,80.10886333333332 5.526799999999999,80.10939833333335,80.10939833333335 5.523809999999998,80.10993500000001,80.10993500000001 5.520825,80.11047333333333,80.11047333333333 5.5178449999999994,80.11101166666667,80.11101166666667 5.514871666666667,80.11155166666668,80.11155166666668 5.511901666666668,80.11209166666664,80.11209166666664 5.508935000000001,80.11263166666666,80.11263166666666 5.505973333333333,80.11317333333334,80.11317333333334 5.5030149999999995,80.113715,80.113715 5.5000583333333335,80.11425666666668,80.11425666666668 5.497108333333333,80.11479999999999,80.11479999999999 5.494161666666668,80.11534166666667,80.11534166666667 5.491219999999999,80.11588499999999,80.11588499999999 5.488286666666666,80.11643000000002,80.11643000000002 5.485359999999999,80.11697333333333,80.11697333333333 5.482441666666666,80.11751833333332,80.11751833333332 5.479531666666666,80.11806333333335,80.11806333333335 5.476631666666667,80.11861,80.11861 5.473741666666665,80.119155,80.119155 5.470863333333333,80.11970166666667,80.11970166666667 5.467993333333334,80.12024833333332,80.12024833333332 5.465134999999999,80.12079499999999,80.12079499999999 5.4622850000000005,80.12134166666667,80.12134166666667 5.459441666666667,80.12188833333333,80.12188833333333 5.456601666666668,80.12243333333333,80.12243333333333 5.453765,80.12297666666666,80.12297666666666 5.450929999999999,80.12351833333334,80.12351833333334 5.448095000000001,80.12405833333335,80.12405833333335 5.445258333333333,80.12459833333334,80.12459833333334 5.442424999999999,80.12513666666668,80.12513666666668 5.439593333333333,80.12567333333332,80.12567333333332 5.436761666666666,80.12621166666666,80.12621166666666 5.433928333333333,80.12674833333332,80.12674833333332 5.43109,80.12728333333332,80.12728333333332 5.428245,80.12781833333332,80.12781833333332 5.425393333333333,80.12835166666666,80.12835166666666 5.422533333333333,80.128885,80.128885 5.419666666666665,80.12941666666667,80.12941666666667 5.416793333333334,80.12994833333333,80.12994833333333 5.413913333333333,80.13047833333334,80.13047833333334 5.411028333333332,80.13100666666666,80.13100666666666 5.408135000000001,80.13153499999999,80.13153499999999 5.405235000000001,80.13206333333332,80.13206333333332 5.40233,80.13259000000001,80.13259000000001 5.399416666666667,80.13311666666667,80.13311666666667 5.396496666666668,80.13364333333332,80.13364333333332 5.3935716666666655,80.13417,80.13417 5.39064,80.134695,80.134695 5.3877,80.13522166666665,80.13522166666665 5.384754999999999,80.13574833333334,80.13574833333334 5.381803333333333,80.13627333333335,80.13627333333335 5.378843333333332,80.13679833333335,80.13679833333335 5.375878333333333,80.13732499999999,80.13732499999999 5.372906666666666,80.13784999999999,80.13784999999999 5.369928333333333,80.13837499999998,80.13837499999998 5.3669416666666665,80.13890166666667,80.13890166666667 5.363948333333333,80.13942666666668,80.13942666666668 5.360943333333334,80.13995166666668,80.13995166666668 5.357930000000001,80.14047666666667,80.14047666666667 5.3549033333333345,80.14100166666668,80.14100166666668 5.351863333333333,80.14152666666668,80.14152666666668 5.348813333333333,80.14205,80.14205 5.345751666666667,80.14257166666667,80.14257166666667 5.342678333333333,80.14309499999999,80.14309499999999 5.339595000000001,80.14361666666666,80.14361666666666 5.3365,80.14413666666665,80.14413666666665 5.333395,80.144655,80.144655 5.330279999999998,80.14517166666667,80.14517166666667 5.32716,80.14568833333333,80.14568833333333 5.3240316666666665,80.146205,80.146205 5.320898333333333,80.14672,80.14672 5.317756666666666,80.147235,80.147235 5.314608333333333,80.14774833333331,80.14774833333331 5.311456666666667,80.14826166666666,80.14826166666666 5.308300000000001,80.14877666666666,80.14877666666666 5.305141666666667,80.14929,80.14929 5.301981666666668,80.149805,80.149805 5.29882,80.15031833333335,80.15031833333335 5.295654999999999,80.15083333333334,80.15083333333334 5.292484999999998,80.15134499999999,80.15134499999999 5.289306666666667,80.15185666666667,80.15185666666667 5.2861216666666655,80.152365,80.152365 5.282928333333333,80.15287333333333,80.15287333333333 5.279726666666666,80.15337833333334,80.15337833333334 5.276516666666667,80.15387999999999,80.15387999999999 5.273296666666665,80.15438166666667,80.15438166666667 5.270066666666666,80.15488,80.15488 5.266828333333333,80.155375,80.155375 5.263585,80.15587000000001,80.15587000000001 5.260339999999999,80.15636333333333,80.15636333333333 5.2570950000000005,80.156855,80.156855 5.2538599999999995,80.15734833333333,80.15734833333333 5.250634999999999,80.157845,80.157845 5.247421666666667,80.15834166666667,80.15834166666667 5.244219999999999,80.15884166666666,80.15884166666666 5.2410283333333325,80.159345,80.159345 5.237848333333333,80.15984833333334,80.15984833333334 5.234678333333333,80.16035666666667,80.16035666666667 5.2315249999999995,80.160865,80.160865 5.228384999999999,80.16137666666668,80.16137666666668 5.225264999999999,80.16189166666666,80.16189166666666 5.222166666666667,80.16241000000001,80.16241000000001 5.219095,80.16293333333333,80.16293333333333 5.216048333333332,80.16345833333332,80.16345833333332 5.213021666666666,80.16398500000001,80.16398500000001 5.210006666666667,80.16451333333333,80.16451333333333 5.207005,80.16504,80.16504 5.204015,80.165565,80.165565 5.201029999999999,80.16609,80.16609 5.198045,80.16661166666665,80.16661166666665 5.195063333333334,80.16713166666666,80.16713166666666 5.19209,80.16765166666669,80.16765166666669 5.189125000000001,80.16816999999999,80.16816999999999 5.186166666666667,80.16869,80.16869 5.183213333333334,80.16920833333333,80.16920833333333 5.180268333333333,80.16972499999999,80.16972499999999 5.177333333333333,80.17024166666668,80.17024166666668 5.174408333333333,80.17075833333334,80.17075833333334 5.171493333333334,80.17127500000001,80.17127500000001 5.168584999999999,80.17178999999999,80.17178999999999 5.165686666666667,80.17230666666666,80.17230666666666 5.162795,80.17282166666668,80.17282166666668 5.159910000000001,80.17333666666666,80.17333666666666 5.157028333333333,80.17385333333333,80.17385333333333 5.154148333333333,80.17437000000001,80.17437000000001 5.151269999999999,80.17488833333334,80.17488833333334 5.148388333333333,80.17540666666666,80.17540666666666 5.145505000000001,80.17592500000002,80.17592500000002 5.142618333333333,80.17644666666666,80.17644666666666 5.139725000000001,80.17696666666669,80.17696666666669 5.136825,80.17748999999999,80.17748999999999 5.133918333333334,80.17801333333334,80.17801333333334 5.131005,80.17853833333334,80.17853833333334 5.128085,80.17906333333333,80.17906333333333 5.125158333333333,80.17959,80.17959 5.1222216666666665,80.18011666666666,80.18011666666666 5.119276666666668,80.18064166666666,80.18064166666666 5.116316666666667,80.18116666666667,80.18116666666667 5.113345,80.18168833333334,80.18168833333334 5.110355,80.18220666666667,80.18220666666667 5.107349999999999,80.18272166666667,80.18272166666667 5.104333333333333,80.18323333333332,80.18323333333332 5.101305,80.18374333333334,80.18374333333334 5.098274999999999,80.18425,80.18425 5.095241666666667,80.18475666666667,80.18475666666667 5.0922133333333335,80.18526333333331,80.18526333333331 5.089186666666667,80.18576833333334,80.18576833333334 5.086163333333333,80.18627166666666,80.18627166666666 5.083143333333333,80.18677666666666,80.18677666666666 5.080126666666667,80.18728,80.18728 5.077118333333333,80.187785,80.187785 5.074116666666668,80.18829000000001,80.18829000000001 5.071125,80.18879666666666,80.18879666666666 5.0681400000000005,80.189305,80.189305 5.065158333333333,80.18981333333333,80.18981333333333 5.062183333333333,80.19032333333332,80.19032333333332 5.05921,80.19083333333332,80.19083333333332 5.056241666666666,80.19134666666666,80.19134666666666 5.053273333333332,80.19186,80.19186 5.050306666666667,80.192375,80.192375 5.047341666666667,80.19289166666667,80.19289166666667 5.0443783333333325,80.19340833333334,80.19340833333334 5.041413333333334,80.193925,80.193925 5.038450000000001,80.19444499999999,80.19444499999999 5.0354866666666664,80.194965,80.194965 5.032523333333334,80.19548499999999,80.19548499999999 5.029565000000001,80.19600833333332,80.19600833333332 5.026608333333333,80.19653166666667,80.19653166666667 5.023655000000001,80.197055,80.197055 5.020705,80.19758,80.19758 5.017754999999999,80.19810500000001,80.19810500000001 5.014803333333333,80.19863000000001,80.19863000000001 5.011843333333334,80.19915333333333,80.19915333333333 5.008876666666667,80.199675,80.199675 5.005898333333334,80.200195,80.200195 5.002906666666666,80.20071166666668,80.20071166666668 4.999903333333332,80.20122666666666,80.20122666666666 4.9968916666666665,80.20174,80.20174 4.993875,80.20225166666667,80.20225166666667 4.990856666666667,80.20276333333332,80.20276333333332 4.987838333333333,80.20327333333331,80.20327333333331 4.984821666666666,80.20378166666667,80.20378166666667 4.981805,80.20429,80.20429 4.97879,80.20479666666667,80.20479666666667 4.975776666666667,80.20530333333333,80.20530333333333 4.972768333333334,80.20581,80.20581 4.969763333333333,80.20631666666667,80.20631666666667 4.966761666666667,80.20682333333333,80.20682333333333 4.963765,80.20732833333334,80.20732833333334 4.96077,80.207835,80.207835 4.957776666666668,80.20834166666667,80.20834166666667 4.954785,80.20884666666667,80.20884666666667 4.951791666666668,80.20935166666665,80.20935166666665 4.948798333333333,80.20985666666668,80.20985666666668 4.945803333333333,80.21036166666666,80.21036166666666 4.942806666666667,80.210865,80.210865 4.939808333333334,80.21137,80.21137 4.9368050000000006,80.21187499999999,80.21187499999999 4.933798333333333,80.21237833333333,80.21237833333333 4.930785,80.21288333333334,80.21288333333334 4.927765,80.21338666666668,80.21338666666668 4.924736666666666,80.21389000000002,80.21389000000002 4.921703333333334,80.214395,80.214395 4.918663333333334,80.21489833333334,80.21489833333334 4.915618333333333,80.21540333333334,80.21540333333334 4.912564999999999,80.21590833333332,80.21590833333332 4.909503333333334,80.21641333333332,80.21641333333332 4.906434999999999,80.21691833333333,80.21691833333333 4.903356666666666,80.21742499999999,80.21742499999999 4.900263333333333,80.21792833333333,80.21792833333333 4.897151666666667,80.21843,80.21843 4.894013333333333,80.21892666666666,80.21892666666666 4.890841666666666,80.21941333333334,80.21941333333334 4.887626666666668,80.21989166666667,80.21989166666667 4.884368333333334,80.22035833333334,80.22035833333334 4.881061666666667,80.22081166666666,80.22081166666666 4.877706666666667,80.22125,80.22125 4.8743083333333335,80.22167499999999,80.22167499999999 4.870861666666667,80.22208333333334,80.22208333333334 4.867368333333333,80.22247666666668,80.22247666666668 4.863829999999999,80.22285333333333,80.22285333333333 4.860245,80.22321166666667,80.22321166666667 4.856613333333334,80.223555,80.223555 4.852938333333333,80.22388,80.22388 4.849221666666667,80.22418833333333,80.22418833333333 4.845468333333333,80.22448166666666,80.22448166666666 4.841683333333332,80.22476166666667,80.22476166666667 4.8378749999999995,80.22503,80.22503 4.834048333333333,80.22528999999999,80.22528999999999 4.830206666666668,80.22554500000001,80.22554500000001 4.826355,80.22579499999999,80.22579499999999 4.822494999999999,80.22604166666667,80.22604166666667 4.818626666666666,80.22628666666667,80.22628666666667 4.814751666666667,80.22653000000001,80.22653000000001 4.8108699999999995,80.22676999999999,80.22676999999999 4.806985,80.22700833333334,80.22700833333334 4.803098333333334,80.227245,80.227245 4.799208333333333,80.22748166666666,80.22748166666666 4.795319999999999,80.22771833333333,80.22771833333333 4.791436666666667,80.22795833333333,80.22795833333333 4.787558333333333,80.2282,80.2282 4.783686666666667,80.22844333333335,80.22844333333335 4.779821666666667,80.22869,80.22869 4.7759599999999995,80.22893999999998,80.22893999999998 4.772103333333332,80.22918999999999,80.22918999999999 4.768250000000001,80.22944333333332,80.22944333333332 4.7643949999999995,80.22969666666665,80.22969666666665 4.760540000000001,80.22994833333333,80.22994833333333 4.756681666666667,80.2302,80.2302 4.752819999999999,80.23045166666667,80.23045166666667 4.748953333333334,80.2307,80.2307 4.74508,80.23094833333334,80.23094833333334 4.741205,80.23119333333334,80.23119333333334 4.737326666666666,80.23143999999999,80.23143999999999 4.733448333333333,80.23168833333334,80.23168833333334 4.729571666666667,80.23193833333333,80.23193833333333 4.725698333333333,80.23219166666667,80.23219166666667 4.721825,80.23244666666666,80.23244666666666 4.717958333333333,80.23270333333333,80.23270333333333 4.714098333333333,80.23296333333332,80.23296333333332 4.7102450000000005,80.23322833333334,80.23322833333334 4.7063983333333335,80.23349499999999,80.23349499999999 4.702558333333334,80.233765,80.233765 4.698728333333333,80.23403833333333,80.23403833333333 4.694903333333334,80.23431500000001,80.23431500000001 4.691083333333333,80.23459333333332,80.23459333333332 4.687271666666667,80.23487499999999,80.23487499999999 4.683466666666666,80.23516000000001,80.23516000000001 4.679663333333334,80.23544333333334,80.23544333333334 4.675861666666666,80.23572666666666,80.23572666666666 4.672059999999999,80.23601,80.23601 4.66826,80.23629333333332,80.23629333333332 4.664463333333334,80.23657499999999,80.23657499999999 4.660665,80.23685499999999,80.23685499999999 4.656861666666666,80.23712999999998,80.23712999999998 4.653055,80.23740333333333,80.23740333333333 4.6492450000000005,80.23767500000001,80.23767500000001 4.645426666666666,80.23794166666666,80.23794166666666 4.6415999999999995,80.238205,80.238205 4.637763333333334,80.23846166666668,80.23846166666668 4.633918333333334,80.23871666666668,80.23871666666668 4.630065,80.23896666666666,80.23896666666666 4.626205,80.23921333333334,80.23921333333334 4.622343333333333,80.23945499999999,80.23945499999999 4.618479999999999,80.239695,80.239695 4.614621666666666,80.23993333333333,80.23993333333333 4.610768333333334,80.24017166666667,80.24017166666667 4.606921666666667,80.24041000000001,80.24041000000001 4.60308,80.24064833333334,80.24064833333334 4.599240000000001,80.24088666666667,80.24088666666667 4.595401666666667,80.24112499999998,80.24112499999998 4.591561666666666,80.24136166666668,80.24136166666668 4.587718333333333,80.24159833333333,80.24159833333333 4.58387,80.24183500000002,80.24183500000002 4.580011666666667,80.24207166666666,80.24207166666666 4.576143333333333,80.24230666666668,80.24230666666668 4.572264999999999,80.24254166666665,80.24254166666665 4.5683750000000005,80.24277666666667,80.24277666666667 4.564471666666666,80.24301166666667,80.24301166666667 4.560560000000001,80.24324499999999,80.24324499999999 4.556636666666666,80.24347833333333,80.24347833333333 4.55271,80.24371,80.24371 4.548778333333333,80.24394333333333,80.24394333333333 4.544843333333334,80.24417499999998,80.24417499999998 4.540906666666667,80.24440666666666,80.24440666666666 4.536970000000001,80.24463833333333,80.24463833333333 4.533031666666666,80.24487,80.24487 4.529093333333333,80.24510166666668,80.24510166666668 4.525155,80.245335,80.245335 4.521216666666667,80.24556999999999,80.24556999999999 4.51728,80.24580500000002,80.24580500000002 4.513345,80.24604,80.24604 4.509413333333333,80.24627499999998,80.24627499999998 4.5054816666666655,80.24651166666665,80.24651166666665 4.501553333333334,80.24674833333333,80.24674833333333 4.497623333333332,80.246985,80.246985 4.493691666666667,80.24722333333334,80.24722333333334 4.489754999999999,80.24746333333333,80.24746333333333 4.485808333333333,80.24770333333332,80.24770333333332 4.481851666666667,80.24794499999999,80.24794499999999 4.477883333333334,80.24818499999999,80.24818499999999 4.473901666666667,80.24842666666667,80.24842666666667 4.469913333333333,80.24867,80.24867 4.465921666666667,80.24891333333333,80.24891333333333 4.461923333333332,80.24916,80.24916 4.4579249999999995,80.24940833333335,80.24940833333335 4.453925,80.24965666666667,80.24965666666667 4.4499249999999995,80.24990666666665,80.24990666666665 4.445925,80.25015833333335,80.25015833333335 4.441925,80.25040999999999,80.25040999999999 4.437925000000001,80.25066333333332,80.25066333333332 4.433926666666666,80.25091833333332,80.25091833333332 4.4299316666666675,80.25117333333331,80.25117333333331 4.4259416666666676,80.25142833333334,80.25142833333334 4.421956666666667,80.25168666666666,80.25168666666666 4.41798,80.251945,80.251945 4.414011666666667,80.252205,80.252205 4.41005,80.25246666666668,80.25246666666668 4.4060966666666666,80.25272833333332,80.25272833333332 4.402151666666668,80.25299166666667,80.25299166666667 4.398218333333333,80.25325500000001,80.25325500000001 4.394295,80.25352166666667,80.25352166666667 4.390383333333333,80.25378999999998,80.25378999999998 4.3864833333333335,80.25405833333333,80.25405833333333 4.382594999999999,80.25433,80.25433 4.3787166666666675,80.25460333333332,80.25460333333332 4.3748483333333334,80.25487666666666,80.25487666666666 4.370988333333333,80.25515333333334,80.25515333333334 4.367133333333333,80.25542833333333,80.25542833333333 4.363285,80.255705,80.255705 4.359441666666667,80.25598166666666,80.25598166666666 4.355603333333334,80.25626,80.25626 4.351768333333333,80.25653666666668,80.25653666666668 4.347936666666667,80.256815,80.256815 4.344106666666668,80.25709333333332,80.25709333333332 4.34028,80.25737333333335,80.25737333333335 4.336456666666667,80.25765166666666,80.25765166666666 4.332635000000001,80.25793166666666,80.25793166666666 4.3288150000000005,80.25821166666667,80.25821166666667 4.324996666666666,80.25849166666667,80.25849166666667 4.321176666666667,80.25877166666668,80.25877166666668 4.317358333333333,80.25905166666665,80.25905166666665 4.313538333333334,80.25933166666665,80.25933166666665 4.3097183333333335,80.25961166666666,80.25961166666666 4.305896666666666,80.25989,80.25989 4.302071666666667,80.26017,80.26017 4.298245,80.26044833333334,80.26044833333334 4.294415000000001,80.26072666666667,80.26072666666667 4.290583333333334,80.26100499999998,80.26100499999998 4.286748333333334,80.26128499999999,80.26128499999999 4.282911666666667,80.26156333333333,80.26156333333333 4.279069999999999,80.26184166666667,80.26184166666667 4.275225000000001,80.26212000000001,80.26212000000001 4.271376666666667,80.26239999999999,80.26239999999999 4.267528333333333,80.26267999999999,80.26267999999999 4.263674999999999,80.26295999999999,80.26295999999999 4.2598199999999995,80.26324,80.26324 4.255965,80.26352,80.26352 4.252111666666668,80.26380166666667,80.26380166666667 4.248258333333333,80.26408166666667,80.26408166666667 4.2444033333333335,80.26436166666667,80.26436166666667 4.24055,80.26464333333334,80.26464333333334 4.236691666666666,80.26492333333334,80.26492333333334 4.232831666666667,80.26520666666667,80.26520666666667 4.228973333333333,80.26549,80.26549 4.225113333333334,80.26577499999999,80.26577499999999 4.221256666666667,80.26606166666667,80.26606166666667 4.217401666666667,80.26634833333333,80.26634833333333 4.213551666666667,80.26663833333333,80.26663833333333 4.209703333333334,80.26692666666666,80.26692666666666 4.20586,80.26721833333333,80.26721833333333 4.20202,80.26750833333334,80.26750833333334 4.198185,80.2678,80.2678 4.194353333333333,80.26809166666666,80.26809166666666 4.190526666666666,80.26838166666667,80.26838166666667 4.186705,80.26867166666666,80.26867166666666 4.18289,80.26896166666667,80.26896166666667 4.179078333333334,80.26925166666668,80.26925166666668 4.175268333333333,80.26954166666665,80.26954166666665 4.171463333333334,80.26983166666668,80.26983166666668 4.1676616666666675,80.27012166666668,80.27012166666668 4.163865,80.27041166666666,80.27041166666666 4.160076666666667,80.27070333333332,80.27070333333332 4.156289999999999,80.27099499999998,80.27099499999998 4.1525099999999995,80.27128833333333,80.27128833333333 4.148733333333333,80.27158166666666,80.27158166666666 4.14496,80.27187833333333,80.27187833333333 4.141193333333334,80.27217499999999,80.27217499999999 4.13743,80.27247333333332,80.27247333333332 4.133671666666666,80.272775,80.272775 4.1299183333333325,80.27307666666668,80.27307666666668 4.126173333333333,80.27338166666667,80.27338166666667 4.122435,80.27369,80.27369 4.118704999999999,80.27399833333334,80.27399833333334 4.114976666666666,80.27430833333334,80.27430833333334 4.11125,80.27462,80.27462 4.107525,80.27493,80.27493 4.103798333333334,80.27524166666666,80.27524166666666 4.1000749999999995,80.27555333333332,80.27555333333332 4.09635,80.27586666666667,80.27586666666667 4.092626666666666,80.27618000000001,80.27618000000001 4.088905,80.27649333333333,80.27649333333333 4.085188333333333,80.27680833333335,80.27680833333335 4.081473333333333,80.27712333333334,80.27712333333334 4.0777616666666665,80.27743833333335,80.27743833333335 4.074053333333333,80.27775166666667,80.27775166666667 4.070348333333333,80.27806666666667,80.27806666666667 4.066645,80.27838,80.27838 4.062941666666667,80.27869166666666,80.27869166666666 4.059236666666666,80.27900333333332,80.27900333333332 4.055528333333334,80.27931333333332,80.27931333333332 4.051816666666666,80.27962166666666,80.27962166666666 4.048098333333333,80.27992833333333,80.27992833333333 4.0443750000000005,80.28023166666667,80.28023166666667 4.040641666666666,80.28053333333335,80.28053333333335 4.036901666666666,80.28083333333335,80.28083333333335 4.033155,80.28113,80.28113 4.029401666666667,80.28142500000001,80.28142500000001 4.025641666666667,80.28171666666668,80.28171666666668 4.021871666666667,80.282005,80.282005 4.018096666666667,80.28229333333333,80.28229333333333 4.014315,80.28257833333335,80.28257833333335 4.0105233333333326,80.28285999999999,80.28285999999999 4.006723333333333,80.28313999999999,80.28313999999999 4.002913333333334,80.28341666666667,80.28341666666667 3.9990949999999996,80.28369166666667,80.28369166666667 3.9952683333333328,80.283965,80.283965 3.9914333333333327,80.28423666666666,80.28423666666666 3.987591666666667,80.28450833333333,80.28450833333333 3.9837416666666665,80.28477833333334,80.28477833333334 3.9798866666666672,80.28504833333334,80.28504833333334 3.9760266666666664,80.28531833333332,80.28531833333332 3.9721616666666666,80.28558666666666,80.28558666666666 3.9682916666666674,80.28585500000001,80.28585500000001 3.9644166666666667,80.28612166666666,80.28612166666666 3.96054,80.28638833333332,80.28638833333332 3.9566583333333334,80.286655,80.286655 3.952773333333334,80.28691833333333,80.28691833333333 3.9488833333333333,80.28718166666667,80.28718166666667 3.9449883333333333,80.28744333333333,80.28744333333333 3.941091666666667,80.287705,80.287705 3.937188333333333,80.28796666666668,80.28796666666668 3.93328,80.28822833333334,80.28822833333334 3.9293650000000007,80.28849000000001,80.28849000000001 3.9254466666666663,80.28875,80.28875 3.921526666666667,80.28901166666667,80.28901166666667 3.917605000000001,80.28927166666666,80.28927166666666 3.9136833333333336,80.28953333333334,80.28953333333334 3.9097649999999993,80.28979333333335,80.28979333333335 3.90585,80.29005166666667,80.29005166666667 3.9019416666666666,80.29031,80.29031 3.898035,80.29056833333333,80.29056833333333 3.8941333333333334,80.29082499999998,80.29082499999998 3.8902366666666666,80.29108166666667,80.29108166666667 3.8863416666666666,80.29133833333333,80.29133833333333 3.8824483333333335,80.29159500000002,80.29159500000002 3.8785600000000002,80.29185333333334,80.29185333333334 3.8746750000000003,80.29211166666667,80.29211166666667 3.870795,80.29237166666665,80.29237166666665 3.86692,80.29263166666667,80.29263166666667 3.8630516666666663,80.29289166666668,80.29289166666668 3.85919,80.293155,80.293155 3.855336666666667,80.29341666666664,80.29341666666664 3.851491666666666,80.29368000000001,80.29368000000001 3.8476566666666665,80.29394333333333,80.29394333333333 3.8438299999999996,80.29420833333333,80.29420833333333 3.840008333333334,80.29447166666667,80.29447166666667 3.8361916666666667,80.29473500000002,80.29473500000002 3.832378333333333,80.29499833333333,80.29499833333333 3.8285616666666673,80.29526333333334,80.29526333333334 3.824741666666667,80.29552666666667,80.29552666666667 3.8209166666666667,80.29578833333335,80.29578833333335 3.8170866666666665,80.29605166666667,80.29605166666667 3.8132516666666665,80.296315,80.296315 3.8094150000000004,80.29657833333334,80.29657833333334 3.8055766666666666,80.29684333333333,80.29684333333333 3.8017399999999997,80.29710833333333,80.29710833333333 3.797905,80.297375,80.297375 3.794076666666667,80.29764166666666,80.29764166666666 3.7902500000000003,80.29791,80.29791 3.7864283333333333,80.29817833333333,80.29817833333333 3.782608333333334,80.29844833333333,80.29844833333333 3.778795,80.29872,80.29872 3.774985,80.29899333333333,80.29899333333333 3.771183333333333,80.29926833333334,80.29926833333334 3.7673866666666664,80.29954666666666,80.29954666666666 3.7635916666666662,80.29982666666666,80.29982666666666 3.759796666666667,80.30010833333333,80.30010833333333 3.755998333333333,80.30039,80.30039 3.752193333333333,80.30067333333332,80.30067333333332 3.7483816666666665,80.30095666666665,80.30095666666665 3.74456,80.30124,80.30124 3.7407299999999997,80.30152166666667,80.30152166666667 3.736888333333334,80.30180000000001,80.30180000000001 3.7330383333333335,80.30207833333333,80.30207833333333 3.729183333333333,80.30235333333333,80.30235333333333 3.7253200000000004,80.30262500000002,80.30262500000002 3.721448333333334,80.30289499999999,80.30289499999999 3.71757,80.30316333333334,80.30316333333334 3.7136883333333333,80.30342833333333,80.30342833333333 3.7098016666666664,80.30369333333333,80.30369333333333 3.705915,80.30395666666666,80.30395666666666 3.7020250000000003,80.30421999999999,80.30421999999999 3.6981383333333335,80.30448500000001,80.30448500000001 3.6942499999999994,80.30475,80.30475 3.6903633333333334,80.305015,80.305015 3.6864733333333337,80.30528166666666,80.30528166666666 3.6825783333333333,80.30554833333333,80.30554833333333 3.6786799999999995,80.30581666666667,80.30581666666667 3.6747783333333333,80.306085,80.306085 3.6708733333333337,80.306355,80.306355 3.6669666666666663,80.30662500000001,80.30662500000001 3.663056666666666,80.30689500000001,80.30689500000001 3.659145,80.307165,80.307165 3.65523,80.307435,80.307435 3.6513116666666674,80.307705,80.307705 3.6473916666666666,80.30797500000001,80.30797500000001 3.6434683333333333,80.30824333333332,80.30824333333332 3.6395400000000007,80.30851166666667,80.30851166666667 3.6356083333333338,80.30877666666666,80.30877666666666 3.6316683333333337,80.30904,80.30904 3.627726666666666,80.30929833333334,80.30929833333334 3.6237783333333327,80.309555,80.309555 3.6198233333333327,80.30980666666667,80.30980666666667 3.615863333333333,80.31005333333333,80.31005333333333 3.611895,80.31029666666666,80.31029666666666 3.6079199999999996,80.31053666666668,80.31053666666668 3.603936666666667,80.31077333333333,80.31077333333333 3.5999466666666673,80.31100666666667,80.31100666666667 3.595955,80.31123666666669,80.31123666666669 3.5919600000000003,80.31146333333332,80.31146333333332 3.587965,80.31168833333332,80.31168833333332 3.5839700000000003,80.31191333333332,80.31191333333332 3.579978333333333,80.31214000000001,80.31214000000001 3.5759866666666666,80.31236833333334,80.31236833333334 3.5719966666666663,80.31259833333334,80.31259833333334 3.5680066666666663,80.31282999999999,80.31282999999999 3.564015,80.31306333333333,80.31306333333333 3.56002,80.31329833333334,80.31329833333334 3.556023333333333,80.31353333333333,80.31353333333333 3.5520199999999997,80.31377000000002,80.31377000000002 3.5480150000000004,80.31400666666667,80.31400666666667 3.544001666666667,80.314245,80.314245 3.5399833333333337,80.31448166666668,80.31448166666668 3.5359583333333338,80.31472000000001,80.31472000000001 3.5319316666666674,80.31495666666667,80.31495666666667 3.5279016666666667,80.31519499999999,80.31519499999999 3.5238700000000005,80.31543333333335,80.31543333333335 3.5198349999999996,80.31567,80.31567 3.5158033333333334,80.31590666666666,80.31590666666666 3.5117733333333327,80.31614333333333,80.31614333333333 3.5077433333333334,80.31637666666666,80.31637666666666 3.5037133333333332,80.31661,80.31661 3.499685,80.31684000000001,80.31684000000001 3.49566,80.31707,80.31707 3.49164,80.31729666666666,80.31729666666666 3.4876249999999995,80.31752333333334,80.31752333333334 3.4836166666666664,80.31774999999999,80.31774999999999 3.479615,80.31797833333333,80.31797833333333 3.475621666666667,80.31820666666668,80.31820666666668 3.471635,80.31843666666667,80.31843666666667 3.4676533333333333,80.31866833333335,80.31866833333335 3.4636766666666667,80.31890166666668,80.31890166666668 3.459703333333333,80.31913833333334,80.31913833333334 3.455731666666667,80.31937666666667,80.31937666666667 3.4517599999999997,80.31961666666665,80.31961666666665 3.4477866666666674,80.31985833333333,80.31985833333333 3.443811666666666,80.32010333333332,80.32010333333332 3.4398366666666664,80.32034666666665,80.32034666666665 3.4358583333333335,80.32059166666666,80.32059166666666 3.431876666666667,80.32083500000002,80.32083500000002 3.4278900000000005,80.32107666666668,80.32107666666668 3.4239000000000006,80.32131666666668,80.32131666666668 3.4199066666666664,80.32155333333333,80.32155333333333 3.4159083333333333,80.32178833333333,80.32178833333333 3.4119033333333335,80.32202166666667,80.32202166666667 3.4078950000000003,80.32225166666667,80.32225166666667 3.40388,80.32248,80.32248 3.399858333333333,80.322705,80.322705 3.395831666666667,80.32292666666667,80.32292666666667 3.3918,80.32314666666667,80.32314666666667 3.387763333333334,80.32336166666667,80.32336166666667 3.383726666666666,80.32357499999999,80.32357499999999 3.379688333333333,80.323785,80.323785 3.375653333333333,80.323995,80.323995 3.371623333333333,80.32420333333332,80.32420333333332 3.367596666666666,80.32441333333334,80.32441333333334 3.3635750000000004,80.32462333333332,80.32462333333332 3.3595566666666663,80.32483500000001,80.32483500000001 3.3555416666666664,80.32504833333334,80.32504833333334 3.351528333333334,80.32526333333334,80.32526333333334 3.3475200000000003,80.32548000000001,80.32548000000001 3.343513333333333,80.32569833333334,80.32569833333334 3.3395100000000006,80.32591999999998,80.32591999999998 3.335508333333333,80.32614166666666,80.32614166666666 3.331511666666666,80.32636833333332,80.32636833333332 3.327518333333333,80.32659666666667,80.32659666666667 3.323526666666667,80.32682666666666,80.32682666666666 3.3195366666666666,80.32706,80.32706 3.315548333333334,80.32729499999999,80.32729499999999 3.3115583333333327,80.32753166666666,80.32753166666666 3.307573333333334,80.32776833333334,80.32776833333334 3.3035899999999994,80.32800333333331,80.32800333333331 3.299611666666667,80.32823666666665,80.32823666666665 3.2956366666666668,80.32846833333333,80.32846833333333 3.291665,80.3287,80.3287 3.2876950000000003,80.32893000000001,80.32893000000001 3.283726666666667,80.32915666666665,80.32915666666665 3.279758333333334,80.32938333333334,80.32938333333334 3.2757883333333333,80.32960666666665,80.32960666666665 3.2718199999999995,80.32982666666666,80.32982666666666 3.2678500000000006,80.33004666666668,80.33004666666668 3.263881666666667,80.33026499999998,80.33026499999998 3.259913333333334,80.33048166666667,80.33048166666667 3.2559466666666674,80.33069666666667,80.33069666666667 3.2519800000000005,80.33091166666668,80.33091166666668 3.2480116666666663,80.33112500000001,80.33112500000001 3.2440416666666665,80.33134166666667,80.33134166666667 3.2400666666666664,80.33155666666666,80.33155666666666 3.236088333333333,80.33177500000001,80.33177500000001 3.232108333333333,80.33199499999999,80.33199499999999 3.2281283333333337,80.33221666666667,80.33221666666667 3.224146666666667,80.33244333333333,80.33244333333333 3.2201600000000004,80.33267,80.33267 3.216166666666667,80.33290166666667,80.33290166666667 3.2121649999999997,80.33313499999998,80.33313499999998 3.208158333333334,80.33337499999999,80.33337499999999 3.204146666666667,80.33362000000001,80.33362000000001 3.200126666666667,80.33386666666668,80.33386666666668 3.1961000000000004,80.33411666666666,80.33411666666666 3.1920700000000006,80.33437166666666,80.33437166666666 3.1880350000000006,80.33462833333334,80.33462833333334 3.183995,80.33488666666668,80.33488666666668 3.1799549999999996,80.33514833333332,80.33514833333332 3.175913333333334,80.33541,80.33541 3.1718700000000006,80.33567333333333,80.33567333333333 3.167823333333333,80.33593666666668,80.33593666666668 3.1637733333333333,80.33619999999999,80.33619999999999 3.159721666666667,80.33646166666668,80.33646166666668 3.1556666666666664,80.33672166666666,80.33672166666666 3.1516100000000007,80.33697999999998,80.33697999999998 3.14755,80.33723666666667,80.33723666666667 3.1434900000000003,80.33749166666666,80.33749166666666 3.1394283333333335,80.337745,80.337745 3.135368333333333,80.33799666666667,80.33799666666667 3.13131,80.33824666666665,80.33824666666665 3.1272533333333334,80.33849833333335,80.33849833333335 3.1231933333333326,80.33874833333333,80.33874833333333 3.1191316666666666,80.33899666666666,80.33899666666666 3.115065,80.339245,80.339245 3.1109916666666666,80.33949333333332,80.33949333333332 3.106911666666666,80.33974,80.33974 3.1028250000000006,80.339985,80.339985 3.09873,80.34023,80.34023 3.09463,80.34047333333334,80.34047333333334 3.0905199999999997,80.34071333333333,80.34071333333333 3.0864049999999996,80.34095,80.34095 3.0822833333333337,80.34118500000001,80.34118500000001 3.0781549999999998,80.34141666666666,80.34141666666666 3.074021666666667,80.34164666666666,80.34164666666666 3.0698849999999998,80.34187333333333,80.34187333333333 3.0657433333333333,80.34209833333333,80.34209833333333 3.0616016666666663,80.34232166666666,80.34232166666666 3.0574616666666663,80.34254333333334,80.34254333333334 3.0533233333333336,80.34276666666666,80.34276666666666 3.0491849999999996,80.34298833333334,80.34298833333334 3.0450516666666667,80.34321333333334,80.34321333333334 3.040918333333334,80.34343833333334,80.34343833333334 3.0367850000000005,80.34366666666666,80.34366666666666 3.032648333333334,80.34389666666667,80.34389666666667 3.0285066666666665,80.34412833333334,80.34412833333334 3.0243599999999997,80.34436,80.34436 3.0202066666666667,80.34459166666667,80.34459166666667 3.016048333333333,80.34482166666666,80.34482166666666 3.0118833333333335,80.34505166666666,80.34505166666666 3.0077133333333337,80.34527833333333,80.34527833333333 3.0035383333333336,80.34550499999999,80.34550499999999 2.9993599999999994,80.34572999999999,80.34572999999999 2.995176666666667,80.34595499999999,80.34595499999999 2.990993333333334,80.34617666666666,80.34617666666666 2.986813333333333,80.34639833333334,80.34639833333334 2.9826383333333335,80.34661833333334,80.34661833333334 2.978466666666667,80.346835,80.346835 2.9743000000000004,80.34705166666666,80.34705166666666 2.9701383333333333,80.34726666666667,80.34726666666667 2.9659816666666674,80.34748166666667,80.34748166666667 2.961833333333333,80.347695,80.347695 2.957691666666667,80.34790833333332,80.34790833333332 2.953558333333334,80.34812333333332,80.34812333333332 2.9494316666666665,80.34833833333333,80.34833833333333 2.945313333333333,80.34855500000002,80.34855500000002 2.9412016666666667,80.34877166666668,80.34877166666668 2.9370966666666667,80.34899166666666,80.34899166666666 2.932996666666667,80.349215,80.349215 2.928901666666667,80.34943833333334,80.34943833333334 2.9248116666666664,80.34966333333334,80.34966333333334 2.920723333333333,80.34989,80.34989 2.91664,80.35011999999999,80.35011999999999 2.91256,80.35035333333333,80.35035333333333 2.9084849999999998,80.35058666666667,80.35058666666667 2.9044166666666666,80.35082333333332,80.35082333333332 2.9003550000000002,80.35106166666665,80.35106166666665 2.8963033333333335,80.35130333333332,80.35130333333332 2.8922566666666665,80.35154666666668,80.35154666666668 2.8882166666666667,80.35179,80.35179 2.8841849999999996,80.35203666666665,80.35203666666665 2.8801599999999996,80.352285,80.352285 2.8761433333333333,80.35253333333334,80.35253333333334 2.8721316666666667,80.35278333333333,80.35278333333333 2.8681250000000005,80.353035,80.353035 2.8641183333333333,80.35328500000001,80.35328500000001 2.860115,80.353535,80.353535 2.8561149999999995,80.353785,80.353785 2.852116666666667,80.35403333333335,80.35403333333335 2.8481216666666667,80.35428166666667,80.35428166666667 2.84413,80.35452833333333,80.35452833333333 2.8401366666666665,80.35477500000002,80.35477500000002 2.8361416666666672,80.35502166666667,80.35502166666667 2.8321449999999997,80.35526499999999,80.35526499999999 2.828145,80.35550833333335,80.35550833333335 2.8241433333333337,80.35575166666665,80.35575166666665 2.8201416666666663,80.35599333333333,80.35599333333333 2.816138333333333,80.35623333333334,80.35623333333334 2.8121366666666665,80.356475,80.356475 2.808133333333333,80.35671333333333,80.35671333333333 2.8041316666666662,80.35695000000001,80.35695000000001 2.8001316666666667,80.35718499999999,80.35718499999999 2.796135,80.35741833333333,80.35741833333333 2.7921416666666667,80.35765166666667,80.35765166666667 2.7881516666666664,80.35788333333333,80.35788333333333 2.7841666666666667,80.35811499999998,80.35811499999998 2.780183333333334,80.35834666666666,80.35834666666666 2.776205,80.35857666666668,80.35857666666668 2.7722283333333335,80.35880833333334,80.35880833333334 2.768255,80.35903833333333,80.35903833333333 2.764283333333333,80.35927000000001,80.35927000000001 2.7603116666666665,80.3595,80.3595 2.756338333333334,80.35972833333335,80.35972833333335 2.752365,80.35995500000001,80.35995500000001 2.748391666666667,80.36018166666668,80.36018166666668 2.7444166666666665,80.36040666666668,80.36040666666668 2.74044,80.36063000000001,80.36063000000001 2.736458333333333,80.36085,80.36085 2.732475,80.36107000000001,80.36107000000001 2.7284883333333334,80.36128666666667,80.36128666666667 2.7244983333333335,80.36150166666665,80.36150166666665 2.720506666666667,80.36171333333333,80.36171333333333 2.7165099999999995,80.36192333333332,80.36192333333332 2.7125133333333333,80.36213,80.36213 2.708513333333333,80.36233166666666,80.36233166666666 2.704511666666667,80.36253166666665,80.36253166666665 2.700508333333333,80.36272666666666,80.36272666666666 2.6965049999999997,80.36292,80.36292 2.6925033333333332,80.36311166666667,80.36311166666667 2.6885033333333337,80.3633,80.3633 2.6845049999999997,80.36349000000001,80.36349000000001 2.680508333333333,80.36367666666666,80.36367666666666 2.676511666666667,80.36386500000002,80.36386500000002 2.672518333333333,80.36405500000001,80.36405500000001 2.6685266666666667,80.36424333333333,80.36424333333333 2.6645366666666663,80.364435,80.364435 2.660546666666667,80.36462666666665,80.36462666666665 2.6565583333333334,80.36482,80.36482 2.6525716666666668,80.36501333333334,80.36501333333334 2.648586666666667,80.36520833333334,80.36520833333334 2.6446050000000003,80.36540499999998,80.36540499999998 2.640625,80.36559999999999,80.36559999999999 2.636646666666667,80.36579666666665,80.36579666666665 2.6326699999999996,80.36599333333332,80.36599333333332 2.6286916666666666,80.36619000000002,80.36619000000002 2.6247116666666663,80.36638833333332,80.36638833333332 2.6207299999999996,80.36658666666668,80.36658666666668 2.616743333333334,80.36678666666667,80.36678666666667 2.6127549999999995,80.36698833333332,80.36698833333332 2.608766666666667,80.36719166666667,80.36719166666667 2.6047783333333334,80.36739666666666,80.36739666666666 2.600791666666667,80.36760166666667,80.36760166666667 2.5968016666666665,80.36780666666668,80.36780666666668 2.592811666666667,80.368015,80.368015 2.5888150000000003,80.36822166666667,80.36822166666667 2.5848166666666668,80.36842833333334,80.36842833333334 2.5808116666666665,80.36863666666666,80.36863666666666 2.5768050000000002,80.36884333333333,80.36884333333333 2.572795,80.36904833333334,80.36904833333334 2.56878,80.36925333333333,80.36925333333333 2.5647633333333335,80.36945833333331,80.36945833333331 2.5607433333333334,80.36966,80.36966 2.5567233333333332,80.36986333333334,80.36986333333334 2.552701666666667,80.37006500000001,80.37006500000001 2.54868,80.37026666666667,80.37026666666667 2.5446533333333337,80.37046666666666,80.37046666666666 2.5406233333333335,80.37066833333334,80.37066833333334 2.5365899999999995,80.37086833333333,80.37086833333333 2.5325533333333334,80.37106666666666,80.37106666666666 2.5285133333333336,80.37126666666666,80.37126666666666 2.524471666666667,80.37146500000001,80.37146500000001 2.520428333333333,80.37166333333334,80.37166333333334 2.516385,80.37186000000001,80.37186000000001 2.512341666666667,80.37205666666668,80.37205666666668 2.5082983333333333,80.37225166666668,80.37225166666668 2.504255,80.37244666666666,80.37244666666666 2.500215,80.37264166666667,80.37264166666667 2.4961766666666665,80.37283666666667,80.37283666666667 2.492138333333333,80.37302999999999,80.37302999999999 2.4880949999999995,80.37322499999999,80.37322499999999 2.4840466666666665,80.37341833333333,80.37341833333333 2.479988333333333,80.37361333333334,80.37361333333334 2.4759216666666664,80.37380833333333,80.37380833333333 2.4718449999999996,80.37400166666667,80.37400166666667 2.4677583333333333,80.37419666666668,80.37419666666668 2.463663333333333,80.37438999999999,80.37438999999999 2.4595633333333335,80.37458333333333,80.37458333333333 2.455456666666667,80.37477833333334,80.37477833333334 2.451346666666667,80.37497333333334,80.37497333333334 2.44723,80.37516833333335,80.37516833333335 2.443111666666667,80.37536666666665,80.37536666666665 2.438991666666667,80.37556500000001,80.37556500000001 2.4348683333333327,80.375765,80.375765 2.4307433333333335,80.375965,80.375965 2.426616666666667,80.37616833333334,80.37616833333334 2.422488333333334,80.37637333333333,80.37637333333333 2.418358333333333,80.37658,80.37658 2.414226666666667,80.37678833333334,80.37678833333334 2.4100916666666667,80.376995,80.376995 2.405956666666667,80.37720500000002,80.37720500000002 2.4018200000000003,80.37741666666666,80.37741666666666 2.397683333333333,80.37762833333332,80.37762833333332 2.3935500000000003,80.37783833333333,80.37783833333333 2.3894216666666663,80.37805000000002,80.37805000000002 2.3853000000000004,80.37826499999998,80.37826499999998 2.3811850000000003,80.37848166666666,80.37848166666666 2.377075,80.37869666666668,80.37869666666668 2.37297,80.378915,80.378915 2.3688700000000003,80.37913166666667,80.37913166666667 2.3647733333333334,80.37935166666666,80.37935166666666 2.360678333333334,80.37956999999999,80.37956999999999 2.3565866666666664,80.37978833333334,80.37978833333334 2.3525,80.38000666666666,80.38000666666666 2.3484216666666664,80.38022500000001,80.38022500000001 2.344351666666667,80.38044500000001,80.38044500000001 2.34029,80.380665,80.380665 2.3362316666666665,80.380885,80.380885 2.3321783333333337,80.38110499999999,80.38110499999999 2.328128333333334,80.381325,80.381325 2.324078333333334,80.381545,80.381545 2.320026666666667,80.38176499999999,80.38176499999999 2.3159749999999995,80.381985,80.381985 2.31192,80.38220500000001,80.38220500000001 2.3078633333333336,80.38242333333332,80.38242333333332 2.303803333333333,80.38264166666667,80.38264166666667 2.2997433333333333,80.38286,80.38286 2.2956816666666664,80.38307833333334,80.38307833333334 2.291621666666667,80.38329666666667,80.38329666666667 2.28756,80.38351333333334,80.38351333333334 2.2834999999999996,80.38373166666666,80.38373166666666 2.2794416666666666,80.38394833333332,80.38394833333332 2.275383333333333,80.38416833333333,80.38416833333333 2.271325,80.38438666666667,80.38438666666667 2.2672683333333334,80.38460833333335,80.38460833333335 2.2632116666666664,80.38483,80.38483 2.259155,80.38505166666667,80.38505166666667 2.2551,80.38527666666667,80.38527666666667 2.251043333333333,80.38550166666667,80.38550166666667 2.2469883333333334,80.38572833333333,80.38572833333333 2.2429333333333337,80.38595666666666,80.38595666666666 2.238881666666667,80.38618499999998,80.38618499999998 2.23483,80.386415,80.386415 2.23078,80.38664666666666,80.38664666666666 2.2267300000000003,80.38688,80.38688 2.2226833333333333,80.38711500000001,80.38711500000001 2.2186383333333333,80.38735,80.38735 2.2145949999999996,80.38758833333333,80.38758833333333 2.210555,80.38782833333333,80.38782833333333 2.2065166666666665,80.38806833333332,80.38806833333332 2.2024816666666664,80.38830833333333,80.38830833333333 2.1984483333333333,80.38854833333335,80.38854833333335 2.1944216666666665,80.38878999999999,80.38878999999999 2.1903966666666665,80.38903166666667,80.38903166666667 2.186373333333333,80.389275,80.389275 2.18235,80.38951833333333,80.38951833333333 2.178325,80.38976166666667,80.38976166666667 2.1742966666666668,80.39000666666666,80.39000666666666 2.1702683333333335,80.39025166666666,80.39025166666666 2.166236666666667,80.39049833333334,80.39049833333334 2.162201666666667,80.39074666666667,80.39074666666667 2.158165,80.39099666666665,80.39099666666665 2.1541249999999996,80.39124833333335,80.39124833333335 2.150081666666667,80.39150333333335,80.39150333333335 2.146036666666667,80.39176,80.39176 2.1419916666666667,80.39201833333333,80.39201833333333 2.137945,80.39227833333332,80.39227833333332 2.1338983333333332,80.39254,80.39254 2.1298516666666663,80.39280333333333,80.39280333333333 2.1258033333333333,80.39306833333332,80.39306833333332 2.1217566666666667,80.39333333333335,80.39333333333335 2.1177133333333336,80.39359833333333,80.39359833333333 2.1136766666666666,80.39386500000002,80.39386500000002 2.1096500000000002,80.39413166666667,80.39413166666667 2.1056350000000004,80.39439833333333,80.39439833333333 2.1016266666666668,80.394665,80.394665 2.0976283333333337,80.39493166666666,80.39493166666666 2.0936383333333333,80.39519666666666,80.39519666666666 2.0896566666666665,80.39546333333334,80.39546333333334 2.085683333333333,80.39572666666668,80.39572666666668 2.081716666666667,80.39598833333334,80.39598833333334 2.077758333333333,80.39624666666666,80.39624666666666 2.073805,80.39650333333334,80.39650333333334 2.069853333333333,80.39675833333334,80.39675833333334 2.065901666666667,80.39701000000001,80.39701000000001 2.0619483333333335,80.39726000000002,80.39726000000002 2.0579933333333336,80.39751,80.39751 2.0540383333333336,80.39775666666667,80.39775666666667 2.0500833333333337,80.39800333333332,80.39800333333332 2.0461250000000004,80.39825,80.39825 2.042165,80.398495,80.398495 2.0382000000000002,80.39874,80.39874 2.0342300000000004,80.398985,80.398985 2.030256666666667,80.39922999999999,80.39922999999999 2.026278333333333,80.399475,80.399475 2.0222966666666666,80.39971833333335,80.39971833333335 2.018311666666667,80.39996333333335,80.39996333333335 2.0143233333333335,80.40020833333332,80.40020833333332 2.0103333333333335,80.40045333333335,80.40045333333335 2.006341666666667,80.40069833333334,80.40069833333334 2.002348333333333,80.40094166666667,80.40094166666667 1.998351666666667,80.40118666666667,80.40118666666667 1.99435,80.40143,80.40143 1.990346666666667,80.401675,80.401675 1.9863366666666669,80.40191833333334,80.40191833333334 1.9823216666666668,80.40216166666667,80.40216166666667 1.9783000000000002,80.40240333333333,80.40240333333333 1.9742733333333335,80.40264499999999,80.40264499999999 1.9702433333333331,80.402885,80.402885 1.96621,80.40312333333333,80.40312333333333 1.9621766666666667,80.40336166666665,80.40336166666665 1.9581433333333333,80.40359666666667,80.40359666666667 1.9541133333333334,80.40383166666668,80.40383166666668 1.9500883333333336,80.40406666666667,80.40406666666667 1.9460699999999997,80.40429833333332,80.40429833333332 1.9420550000000003,80.40453000000002,80.40453000000002 1.9380466666666667,80.40475833333335,80.40475833333335 1.9340416666666664,80.40498666666667,80.40498666666667 1.9300433333333336,80.40521333333334,80.40521333333334 1.9260466666666667,80.40543833333334,80.40543833333334 1.9220549999999998,80.40566166666667,80.40566166666667 1.9180666666666668,80.40588500000001,80.40588500000001 1.9140799999999998,80.40610666666666,80.40610666666666 1.9100966666666666,80.40632666666667,80.40632666666667 1.9061133333333333,80.406545,80.406545 1.9021316666666668,80.406765,80.406765 1.8981516666666671,80.40698333333334,80.40698333333334 1.89417,80.40720166666667,80.40720166666667 1.8901883333333336,80.40741999999999,80.40741999999999 1.8862066666666668,80.40764,80.40764 1.882225,80.40786166666666,80.40786166666666 1.8782433333333337,80.40808333333334,80.40808333333334 1.87426,80.40830666666668,80.40830666666668 1.870275,80.40852833333332,80.40852833333332 1.8662916666666665,80.40875333333332,80.40875333333332 1.862305,80.40897833333332,80.40897833333332 1.8583183333333333,80.40920500000001,80.40920500000001 1.85433,80.40943166666665,80.40943166666665 1.8503399999999997,80.40966,80.40966 1.8463500000000002,80.40988999999999,80.40988999999999 1.8423583333333338,80.41012166666665,80.41012166666665 1.8383633333333331,80.41035333333333,80.41035333333333 1.834366666666667,80.41058500000001,80.41058500000001 1.830366666666667,80.41081666666668,80.41081666666668 1.826361666666667,80.41104999999999,80.41104999999999 1.8223533333333333,80.41128166666667,80.41128166666667 1.81834,80.41151333333335,80.41151333333335 1.8143249999999997,80.41174500000001,80.41174500000001 1.8103083333333334,80.41197666666666,80.41197666666666 1.80629,80.41220666666665,80.41220666666665 1.8022733333333334,80.412435,80.412435 1.7982566666666666,80.41266333333333,80.41266333333333 1.7942416666666672,80.41289166666668,80.41289166666668 1.7902283333333333,80.41311833333332,80.41311833333332 1.7862150000000003,80.41334333333332,80.41334333333332 1.7822016666666665,80.41356833333332,80.41356833333332 1.7781883333333335,80.41379333333332,80.41379333333332 1.7741766666666667,80.41401666666668,80.41401666666668 1.7701616666666666,80.41423833333333,80.41423833333333 1.7661466666666663,80.41446166666667,80.41446166666667 1.762128333333333,80.41468166666665,80.41468166666665 1.7581083333333334,80.41490333333333,80.41490333333333 1.7540850000000003,80.41512333333334,80.41512333333334 1.7500583333333333,80.41534166666668,80.41534166666668 1.7460299999999997,80.41556,80.41556 1.742,80.41577666666666,80.41577666666666 1.7379649999999998,80.41599166666667,80.41599166666667 1.7339266666666666,80.416205,80.416205 1.7298850000000001,80.41641833333333,80.41641833333333 1.7258383333333334,80.41663166666666,80.41663166666666 1.72179,80.41684333333333,80.41684333333333 1.7177383333333336,80.41705333333333,80.41705333333333 1.7136816666666665,80.41726333333332,80.41726333333332 1.7096249999999995,80.41747166666667,80.41747166666667 1.705566666666667,80.41768,80.41768 1.7015099999999999,80.41788666666666,80.41788666666666 1.6974516666666668,80.41809333333333,80.41809333333333 1.6933966666666669,80.41829666666665,80.41829666666665 1.689345,80.41850166666667,80.41850166666667 1.6852933333333335,80.41870333333333,80.41870333333333 1.681245,80.41890499999998,80.41890499999998 1.6771983333333336,80.41910666666666,80.41910666666666 1.6731549999999997,80.41930833333332,80.41930833333332 1.6691133333333337,80.41951,80.41951 1.6650716666666667,80.41971333333332,80.41971333333332 1.6610316666666667,80.41991666666665,80.41991666666665 1.65699,80.42012,80.42012 1.6529466666666663,80.42032666666667,80.42032666666667 1.648905,80.42053499999999,80.42053499999999 1.6448616666666667,80.42074500000001,80.42074500000001 1.6408183333333333,80.42095499999999,80.42095499999999 1.636775,80.42116666666668,80.42116666666668 1.6327299999999998,80.42137999999998,80.42137999999998 1.628685,80.421595,80.421595 1.6246366666666665,80.42180833333333,80.42180833333333 1.6205849999999997,80.42202333333333,80.42202333333333 1.6165300000000002,80.42224,80.42224 1.6124733333333336,80.422455,80.422455 1.608413333333333,80.42267,80.42267 1.6043516666666666,80.42288500000001,80.42288500000001 1.6002883333333333,80.4231,80.4231 1.5962199999999998,80.42331333333333,80.42331333333333 1.5921483333333333,80.423525,80.423525 1.5880750000000001,80.42373500000001,80.42373500000001 1.5839983333333332,80.42394333333334,80.42394333333334 1.579918333333333,80.42415166666667,80.42415166666667 1.5758366666666666,80.42435833333333,80.42435833333333 1.5717500000000002,80.42456333333334,80.42456333333334 1.5676616666666665,80.42476833333335,80.42476833333335 1.5635716666666668,80.42497166666666,80.42497166666666 1.5594800000000002,80.425175,80.425175 1.5553833333333336,80.42537833333334,80.42537833333334 1.551285,80.42558166666666,80.42558166666666 1.547185,80.425785,80.425785 1.5430816666666667,80.42598833333334,80.42598833333334 1.5389750000000002,80.42619166666665,80.42619166666665 1.5348666666666668,80.426395,80.426395 1.5307566666666665,80.42660000000001,80.42660000000001 1.526646666666667,80.426805,80.426805 1.5225366666666669,80.42701166666667,80.42701166666667 1.5184283333333335,80.42721833333334,80.42721833333334 1.5143216666666666,80.427425,80.427425 1.5102183333333332,80.42763166666667,80.42763166666667 1.5061183333333332,80.42783833333334,80.42783833333334 1.5020250000000002,80.42804666666666,80.42804666666666 1.4979383333333331,80.42825666666666,80.42825666666666 1.493856666666667,80.42846833333333,80.42846833333333 1.4897833333333335,80.42868000000001,80.42868000000001 1.4857133333333334,80.42889499999998,80.42889499999998 1.4816449999999999,80.42910833333333,80.42910833333333 1.4775783333333332,80.42932333333333,80.42932333333333 1.4735116666666666,80.42953833333333,80.42953833333333 1.469445,80.42975333333334,80.42975333333334 1.465375,80.42997,80.42997 1.4613033333333334,80.430185,80.430185 1.4572316666666665,80.4304,80.4304 1.4531566666666669,80.43061666666667,80.43061666666667 1.4490783333333332,80.43083333333333,80.43083333333333 1.4450000000000003,80.43104833333334,80.43104833333334 1.4409166666666668,80.431265,80.431265 1.4368316666666667,80.43148166666666,80.43148166666666 1.4327416666666666,80.4317,80.4317 1.4286483333333335,80.43191666666668,80.43191666666668 1.4245483333333333,80.43213333333334,80.43213333333334 1.4204433333333335,80.43235,80.43235 1.4163316666666668,80.43256666666667,80.43256666666667 1.4122149999999998,80.432785,80.432785 1.4080933333333332,80.43300333333332,80.43300333333332 1.4039666666666668,80.43322333333333,80.43322333333333 1.3998383333333333,80.43344333333333,80.43344333333333 1.3957066666666669,80.433665,80.433665 1.391575,80.43388666666668,80.43388666666668 1.3874416666666665,80.43410999999999,80.43410999999999 1.3833066666666667,80.43433166666667,80.43433166666667 1.3791733333333331,80.434555,80.434555 1.3750399999999998,80.43477833333334,80.43477833333334 1.3709049999999998,80.43500000000002,80.43500000000002 1.36677,80.43521833333332,80.43521833333332 1.362635,80.43543666666667,80.43543666666667 1.3584966666666667,80.43565166666667,80.43565166666667 1.3543583333333333,80.43586333333333,80.43586333333333 1.350218333333333,80.436075,80.436075 1.3460766666666666,80.43628333333334,80.43628333333334 1.3419333333333334,80.43648999999999,80.43648999999999 1.33779,80.436695,80.436695 1.3336449999999997,80.43689833333332,80.43689833333332 1.3295016666666666,80.43710166666666,80.43710166666666 1.3253566666666667,80.437305,80.437305 1.3212133333333334,80.43750666666665,80.43750666666665 1.3170716666666666,80.43771,80.43771 1.3129300000000002,80.43791166666668,80.43791166666668 1.3087883333333334,80.438115,80.438115 1.3046483333333332,80.43831666666667,80.43831666666667 1.3005066666666667,80.43852000000001,80.43852000000001 1.2963666666666664,80.43872333333333,80.43872333333333 1.292228333333333,80.43892666666667,80.43892666666667 1.28809,80.43912999999999,80.43912999999999 1.2839533333333333,80.43933333333332,80.43933333333332 1.27982,80.43953833333333,80.43953833333333 1.27569,80.43974333333334,80.43974333333334 1.2715633333333334,80.43994833333333,80.43994833333333 1.2674400000000001,80.44015333333334,80.44015333333334 1.2633199999999998,80.44035999999998,80.44035999999998 1.2592033333333332,80.44056666666667,80.44056666666667 1.2550883333333336,80.44077333333334,80.44077333333334 1.2509766666666664,80.44098166666667,80.44098166666667 1.246865,80.44118833333333,80.44118833333333 1.2427566666666665,80.44139666666666,80.44139666666666 1.2386499999999998,80.44160333333333,80.44160333333333 1.2345416666666666,80.44181333333331,80.44181333333331 1.230435,80.44202166666668,80.44202166666668 1.2263266666666668,80.44223,80.44223 1.2222166666666665,80.44244000000002,80.44244000000002 1.2181033333333333,80.44265,80.44265 1.2139883333333332,80.44286166666669,80.44286166666669 1.2098683333333333,80.44307333333333,80.44307333333333 1.205745,80.44328499999999,80.44328499999999 1.2016216666666666,80.44349833333332,80.44349833333332 1.1974966666666667,80.44371166666667,80.44371166666667 1.1933683333333331,80.44392500000001,80.44392500000001 1.1892416666666668,80.44413833333333,80.44413833333333 1.1851133333333337,80.44435166666666,80.44435166666666 1.1809849999999997,80.444565,80.444565 1.1768599999999998,80.44477666666666,80.44477666666666 1.1727366666666668,80.44498833333333,80.44498833333333 1.1686166666666666,80.44520000000001,80.44520000000001 1.1644983333333334,80.44540833333333,80.44540833333333 1.1603816666666669,80.44561833333333,80.44561833333333 1.1562666666666668,80.445825,80.445825 1.1521500000000002,80.44603166666668,80.44603166666668 1.1480350000000001,80.44623833333333,80.44623833333333 1.14392,80.44644333333333,80.44644333333333 1.139805,80.44664666666667,80.44664666666667 1.1356883333333332,80.44684833333335,80.44684833333335 1.1315716666666666,80.44705,80.44705 1.1274516666666665,80.44725,80.44725 1.1233316666666666,80.44744833333333,80.44744833333333 1.11921,80.447645,80.447645 1.1150849999999999,80.44784166666666,80.44784166666666 1.1109616666666668,80.44803833333333,80.44803833333333 1.106836666666667,80.44823333333333,80.44823333333333 1.1027099999999999,80.44842833333334,80.44842833333334 1.098585,80.44862333333334,80.44862333333334 1.09446,80.44881666666666,80.44881666666666 1.09032,80.44901,80.44901 1.0861983333333332,80.44920333333333,80.44920333333333 1.0820766666666666,80.44939666666667,80.44939666666667 1.077956666666667,80.44959000000001,80.44959000000001 1.0738366666666668,80.44978166666667,80.44978166666667 1.0697200000000002,80.44997499999998,80.44997499999998 1.0656033333333332,80.45016666666666,80.45016666666666 1.0614883333333334,80.45035833333333,80.45035833333333 1.057375,80.45054833333334,80.45054833333334 1.0532616666666668,80.45074,80.45074 1.0491516666666665,80.45092999999999,80.45092999999999 1.0450433333333333,80.45112,80.45112 1.0409366666666666,80.45131,80.45131 1.03683,80.4515,80.4515 1.0327233333333332,80.45168666666666,80.45168666666666 1.0286183333333334,80.451875,80.451875 1.0245166666666667,80.45206333333333,80.45206333333333 1.0204166666666665,80.45225166666668,80.45225166666668 1.0163183333333334,80.45244166666666,80.45244166666666 1.0122216666666668,80.45263000000001,80.45263000000001 1.0081266666666668,80.45281833333334,80.45281833333334 1.004035,80.45300833333333,80.45300833333333 0.9999466666666669,80.4532,80.4532 0.9958600000000002,80.45339000000001,80.45339000000001 0.9917766666666666,80.45358166666666,80.45358166666666 0.9876966666666666,80.45377500000001,80.45377500000001 0.9836216666666666,80.45396833333332,80.45396833333332 0.9795500000000003,80.45416333333333,80.45416333333333 0.9754833333333334,80.45436,80.45436 0.9714200000000001,80.45455833333332,80.45455833333332 0.9673600000000001,80.45475666666665,80.45475666666665 0.9633033333333334,80.45495666666667,80.45495666666667 0.9592466666666666,80.45515666666667,80.45515666666667 0.95519,80.45535833333332,80.45535833333332 0.951135,80.45556166666667,80.45556166666667 0.9470816666666666,80.455765,80.455765 0.9430249999999999,80.45596833333335,80.45596833333335 0.9389666666666666,80.45617333333333,80.45617333333333 0.934905,80.45637833333333,80.45637833333333 0.93084,80.45658333333333,80.45658333333333 0.92677,80.45678833333334,80.45678833333334 0.9226933333333333,80.45699166666668,80.45699166666668 0.9186133333333334,80.457195,80.457195 0.9145283333333334,80.45739833333333,80.45739833333333 0.9104416666666667,80.45760166666668,80.45760166666668 0.9063533333333333,80.45780333333333,80.45780333333333 0.9022633333333333,80.45800666666668,80.45800666666668 0.8981750000000002,80.45820833333333,80.45820833333333 0.8940866666666667,80.45841166666666,80.45841166666666 0.89,80.45861333333335,80.45861333333335 0.885915,80.45881666666666,80.45881666666666 0.8818333333333335,80.45902000000001,80.45902000000001 0.8777533333333334,80.45922333333333,80.45922333333333 0.8736733333333333,80.45942666666666,80.45942666666666 0.8695916666666667,80.45963,80.45963 0.8655050000000001,80.45983333333335,80.45983333333335 0.8614133333333333,80.46003666666667,80.46003666666667 0.8573166666666666,80.46024,80.46024 0.8532133333333333,80.46044333333332,80.46044333333332 0.8491033333333333,80.460645,80.460645 0.8449866666666667,80.46084833333332,80.46084833333332 0.8408616666666667,80.46105,80.46105 0.8367316666666668,80.46125333333333,80.46125333333333 0.8325950000000001,80.46145499999999,80.46145499999999 0.8284533333333334,80.46165666666667,80.46165666666667 0.824305,80.46185833333335,80.46185833333335 0.8201533333333334,80.46205833333335,80.46205833333335 0.8159966666666667,80.46225833333334,80.46225833333334 0.8118366666666667,80.46245666666667,80.46245666666667 0.8076716666666666,80.462655,80.462655 0.8035066666666667,80.46285166666667,80.46285166666667 0.7993383333333333,80.46304666666667,80.46304666666667 0.79517,80.46323999999998,80.46323999999998 0.7910016666666667,80.46343166666666,80.46343166666666 0.7868333333333333,80.46362333333332,80.46362333333332 0.7826666666666667,80.46381333333333,80.46381333333333 0.7785016666666666,80.46400333333334,80.46400333333334 0.7743366666666667,80.46419166666666,80.46419166666666 0.7701750000000002,80.46437999999999,80.46437999999999 0.7660133333333333,80.46456666666667,80.46456666666667 0.7618533333333333,80.46475333333333,80.46475333333333 0.7576933333333332,80.46494,80.46494 0.753535,80.46512666666665,80.46512666666665 0.7493733333333333,80.46531166666668,80.46531166666668 0.74521,80.46549833333333,80.46549833333333 0.7410433333333333,80.46568333333333,80.46568333333333 0.7368716666666666,80.46587,80.46587 0.7326933333333332,80.46605500000001,80.46605500000001 0.72851,80.46624166666668,80.46624166666668 0.7243166666666667,80.46642666666666,80.46642666666666 0.7201166666666666,80.46661333333333,80.46661333333333 0.7159083333333334,80.46679999999999,80.46679999999999 0.7116916666666667,80.46698500000001,80.46698500000001 0.707465,80.46717166666667,80.46717166666667 0.7032316666666667,80.46735666666667,80.46735666666667 0.6989899999999999,80.46754166666666,80.46754166666666 0.69474,80.46772666666666,80.46772666666666 0.6904833333333334,80.46791166666668,80.46791166666668 0.686215,80.46809499999999,80.46809499999999 0.6819400000000001,80.46827833333334,80.46827833333334 0.6776583333333334,80.46846333333332,80.46846333333332 0.6733733333333334,80.46864833333333,80.46864833333333 0.6690866666666667,80.46883666666666,80.46883666666666 0.6648,80.46902833333334,80.46902833333334 0.6605166666666666,80.46922166666666,80.46922166666666 0.6562366666666667,80.46941833333332,80.46941833333332 0.6519616666666667,80.46961666666665,80.46961666666665 0.6476883333333333,80.46982,80.46982 0.6434200000000001,80.47002333333334,80.47002333333334 0.6391583333333334,80.47023166666666,80.47023166666666 0.6349016666666666,80.47044166666666,80.47044166666666 0.6306533333333334,80.47065333333333,80.47065333333333 0.6264149999999999,80.47086833333334,80.47086833333334 0.622185,80.471085,80.471085 0.6179683333333333,80.47130333333332,80.47130333333332 0.6137633333333334,80.47152333333334,80.47152333333334 0.6095716666666666,80.471745,80.471745 0.605395,80.47196833333334,80.47196833333334 0.60123,80.472195,80.472195 0.5970749999999999,80.47242,80.47242 0.5929300000000001,80.47264666666666,80.47264666666666 0.5887916666666667,80.47287333333334,80.47287333333334 0.5846566666666666,80.4731,80.4731 0.5805283333333333,80.473325,80.473325 0.5764016666666667,80.47354999999999,80.47354999999999 0.5722750000000001,80.47377499999999,80.47377499999999 0.5681516666666666,80.47399833333334,80.47399833333334 0.5640266666666667,80.47422166666666,80.47422166666666 0.5599066666666667,80.47444666666667,80.47444666666667 0.5557883333333333,80.47467166666667,80.47467166666667 0.5516733333333333,80.47489833333334,80.47489833333334 0.5475599999999999,80.47512666666667,80.47512666666667 0.5434483333333334,80.47535833333332,80.47535833333332 0.53934,80.47559166666666,80.47559166666666 0.5352333333333333,80.47582666666668,80.47582666666668 0.531125,80.47606333333334,80.47606333333334 0.52702,80.47630166666667,80.47630166666667 0.5229133333333333,80.47654166666665,80.47654166666665 0.5188083333333333,80.47678166666667,80.47678166666667 0.5147016666666667,80.47702166666667,80.47702166666667 0.5105933333333335,80.47726333333334,80.47726333333334 0.5064883333333333,80.477505,80.477505 0.5023883333333334,80.47774666666666,80.47774666666666 0.4982916666666667,80.47799,80.47799 0.49419833333333335,80.47823166666667,80.47823166666667 0.49011000000000005,80.47847499999999,80.47847499999999 0.4860283333333334,80.47871833333335,80.47871833333335 0.4819500000000001,80.47896166666665,80.47896166666665 0.477875,80.47920500000001,80.47920500000001 0.4738016666666667,80.47944666666666,80.47944666666666 0.4697316666666667,80.47968999999999,80.47968999999999 0.465665,80.47993333333334,80.47993333333334 0.4616,80.480175,80.480175 0.4575350000000001,80.48041666666667,80.48041666666667 0.45347166666666666,80.48065833333332,80.48065833333332 0.44940833333333335,80.48089999999999,80.48089999999999 0.44534500000000005,80.48113833333335,80.48113833333335 0.44128166666666674,80.48137666666666,80.48137666666666 0.4372150000000001,80.48161,80.48161 0.43314833333333336,80.48184333333334,80.48184333333334 0.42908,80.48207333333333,80.48207333333333 0.42501000000000005,80.48230166666667,80.48230166666667 0.42094000000000004,80.48252833333332,80.48252833333332 0.41686499999999993,80.482755,80.482755 0.41278999999999993,80.48298,80.48298 0.4087133333333334,80.483205,80.483205 0.40463499999999997,80.48343,80.48343 0.400555,80.483655,80.483655 0.3964733333333333,80.48387833333332,80.48387833333332 0.3923883333333333,80.48410166666666,80.48410166666666 0.3883,80.48432166666667,80.48432166666667 0.3842083333333333,80.48454166666669,80.48454166666669 0.3801133333333333,80.48476000000001,80.48476000000001 0.37601666666666667,80.48497833333333,80.48497833333333 0.37191166666666664,80.485195,80.485195 0.3678016666666667,80.48540833333334,80.48540833333334 0.36368333333333336,80.48562166666667,80.48562166666667 0.359555,80.48583333333333,80.48583333333333 0.355415,80.48604166666668,80.48604166666668 0.351265,80.48624666666666,80.48624666666666 0.3471033333333333,80.48644833333331,80.48644833333331 0.3429316666666667,80.48664666666667,80.48664666666667 0.338745,80.48684333333334,80.48684333333334 0.33454666666666666,80.48703499999999,80.48703499999999 0.3303383333333333,80.48722500000001,80.48722500000001 0.32611833333333334,80.48741333333335,80.48741333333335 0.3218916666666667,80.48760166666665,80.48760166666665 0.31766,80.48779166666667,80.48779166666667 0.3134266666666666,80.48798833333333,80.48798833333333 0.3091983333333333,80.48819333333331,80.48819333333331 0.30497833333333335,80.48841,80.48841 0.30077500000000007,80.48864166666668,80.48864166666668 0.29660000000000003,80.48889,80.48889 0.292465,80.48915999999998,80.48915999999998 0.2883833333333334,80.48945166666667,80.48945166666667 0.2843666666666667,80.48976833333332,80.48976833333332 0.2804266666666667,80.49011,80.49011 0.27657000000000004,80.490475,80.490475 0.272795,80.49086166666666,80.49086166666666 0.26910666666666666,80.49126833333332,80.49126833333332 0.265515,80.49169666666667,80.49169666666667 0.2620283333333333,80.49214833333333,80.49214833333333 0.25864333333333334,80.49261666666666,80.49261666666666 0.2553683333333333,80.493105,80.493105 0.2522066666666667,80.49361166666667,80.49361166666667 0.24916166666666667,80.49413666666666,80.49413666666666 0.24623500000000004,80.49467666666668,80.49467666666668 0.24342666666666668,80.49523166666667,80.49523166666667 0.24073500000000003,80.49580166666668,80.49580166666668 0.23813999999999996,80.49638166666668,80.49638166666668 0.23562499999999997,80.49697333333334,80.49697333333334 0.23318500000000003,80.49757500000001,80.49757500000001 0.23081666666666667,80.498185,80.498185 0.22851833333333338,80.498805,80.498805 0.2262916666666667,80.49943333333334,80.49943333333334 0.22413999999999998,80.50007000000001,80.50007000000001 0.22206833333333334,80.50071666666665,80.50071666666665 0.22008333333333333,80.50137166666666,80.50137166666666 0.21818833333333335,80.50203333333333,80.50203333333333 0.21637666666666663,80.50270333333333,80.50270333333333 0.21465,80.50337833333333,80.50337833333333 0.2130166666666667,80.50406,80.50406 0.21147833333333335,80.50474833333332,80.50474833333332 0.21003000000000002,80.50544166666666,80.50544166666666 0.2086633333333333,80.50614166666666,80.50614166666666 0.207375,80.50684666666666,80.50684666666666 0.20618,80.50756166666666,80.50756166666666 0.20509166666666667,80.50828333333332,80.50828333333332 0.20411166666666666,80.50901333333333,80.50901333333333 0.20323833333333333,80.50975000000001,80.50975000000001 0.20248166666666667,80.51049333333334,80.51049333333334 0.20184499999999997,80.51124166666668,80.51124166666668 0.20133333333333336,80.51199666666666,80.51199666666666 0.2009466666666667,80.51275333333334,80.51275333333334 0.20069166666666663,80.51351333333334,80.51351333333334 0.200565,80.514275,80.514275 0.2005666666666667,80.51503666666666,80.51503666666666 0.2006983333333333,80.51579833333332,80.51579833333332 0.20095833333333332,80.51655666666666,80.51655666666666 0.2013383333333333,80.517315,80.517315 0.201835,80.51807000000001,80.51807000000001 0.2024483333333333,80.51882166666665,80.51882166666665 0.20317500000000002,80.51957000000002,80.51957000000002 0.204005,80.52031500000001,80.52031500000001 0.2049116666666667,80.52105499999999,80.52105499999999 0.20588666666666666,80.52179333333332,80.52179333333332 0.20693166666666665,80.52252833333334,80.52252833333334 0.2080366666666667,80.52326000000001,80.52326000000001 0.2091816666666667,80.52399000000001,80.52399000000001 0.2103483333333334,80.52471833333333,80.52471833333333 0.21152666666666664,80.52544666666667,80.52544666666667 0.21271833333333331,80.52617333333333,80.52617333333333 0.213925,80.52689999999998,80.52689999999998 0.21515333333333334,80.52762666666666,80.52762666666666 0.2163966666666667,80.52835333333334,80.52835333333334 0.21765166666666672,80.52908166666666,80.52908166666666 0.21892166666666665,80.52981,80.52981 0.2202083333333333,80.53053833333334,80.53053833333334 0.22150999999999998,80.53126833333334,80.53126833333334 0.22282000000000002,80.532,80.532 0.22413666666666665,80.53273166666666,80.53273166666666 0.22546000000000002,80.53346333333334,80.53346333333334 0.22678166666666666,80.53419333333333,80.53419333333333 0.2281,80.53492333333334,80.53492333333334 0.229425,80.53565166666668,80.53565166666668 0.23076,80.53638,80.53638 0.23209999999999997,80.53710666666665,80.53710666666665 0.2334433333333333,80.53783333333332,80.53783333333332 0.23479666666666668,80.53855833333334,80.53855833333334 0.23616333333333334,80.53927999999999,80.53927999999999 0.23754500000000003,80.53999833333333,80.53999833333333 0.23893666666666663,80.54071666666668,80.54071666666668 0.24032833333333337,80.54143333333333,80.54143333333333 0.24172833333333332,80.54214833333333,80.54214833333333 0.24314000000000002,80.54286166666667,80.54286166666667 0.24456166666666665,80.54357166666667,80.54357166666667 0.24599500000000002,80.54428166666668,80.54428166666668 0.24743333333333337,80.54499,80.54499 0.248885,80.545695,80.545695 0.25035166666666664,80.54639999999999,80.54639999999999 0.2518333333333333,80.54710333333335,80.54710333333335 0.25333,80.547805,80.547805 0.25484166666666663,80.54850666666667,80.54850666666667 0.25635833333333335,80.54920499999999,80.54920499999999 0.25788,80.54990333333333,80.54990333333333 0.2594,80.55059833333334,80.55059833333334 0.26092,80.55129333333333,80.55129333333333 0.262435,80.55198666666666,80.55198666666666 0.26394333333333336,80.55267666666668,80.55267666666668 0.26543833333333333,80.55336666666666,80.55336666666666 0.26692166666666667,80.55405499999999,80.55405499999999 0.2683916666666667,80.55474166666666,80.55474166666666 0.26985499999999996,80.55542666666668,80.55542666666668 0.2713116666666667,80.55611000000002,80.55611000000002 0.2727666666666667,80.55679333333333,80.55679333333333 0.27422166666666664,80.55747333333333,80.55747333333333 0.2756783333333333,80.55815166666666,80.55815166666666 0.277135,80.55883000000001,80.55883000000001 0.27859333333333325,80.55950500000002,80.55950500000002 0.2800516666666667,80.56018000000002,80.56018000000002 0.28151,80.56085333333333,80.56085333333333 0.2829683333333334,80.56152333333333,80.56152333333333 0.2844166666666667,80.56219333333334,80.56219333333334 0.28585,80.56286499999999,80.56286499999999 0.28727,80.563535,80.563535 0.2886816666666667,80.56420499999999,80.56420499999999 0.29009,80.56487666666666,80.56487666666666 0.2914916666666667,80.56554666666666,80.56554666666666 0.29288166666666665,80.56622,80.56622 0.29426166666666664,80.56689166666668,80.56689166666668 0.29563833333333334,80.56756499999999,80.56756499999999 0.2970166666666667,80.56823999999999,80.56823999999999 0.29839166666666667,80.56891666666668,80.56891666666668 0.29976,80.569595,80.569595 0.3011216666666666,80.57027500000001,80.57027500000001 0.30247833333333335,80.57095666666666,80.57095666666666 0.30383166666666667,80.57163833333334,80.57163833333334 0.30519,80.572325,80.572325 0.306555,80.57301166666666,80.57301166666666 0.3079216666666667,80.57370333333334,80.57370333333334 0.309295,80.57439666666667,80.57439666666667 0.3106733333333333,80.57509166666667,80.57509166666667 0.31206,80.57579166666666,80.57579166666666 0.31345166666666663,80.57649333333333,80.57649333333333 0.31484666666666666,80.57719833333334,80.57719833333334 0.316245,80.577905,80.577905 0.3176466666666667,80.57861500000001,80.57861500000001 0.3190516666666667,80.57932666666669,80.57932666666669 0.32045,80.58004166666666,80.58004166666666 0.32183666666666666,80.58075666666667,80.58075666666667 0.32321999999999995,80.58147333333334,80.58147333333334 0.3246,80.58218666666666,80.58218666666666 0.32597499999999996,80.5829,80.5829 0.327345,80.58361333333333,80.58361333333333 0.32871666666666666,80.58432333333333,80.58432333333333 0.33010166666666674,80.58503166666665,80.58503166666665 0.33149833333333334,80.58573666666665,80.58573666666665 0.3328966666666667,80.58643999999998,80.58643999999998 0.334295,80.58714166666665,80.58714166666665 0.3356883333333333,80.58784166666666,80.58784166666666 0.3370783333333333,80.58854,80.58854 0.33847166666666667,80.58923833333334,80.58923833333334 0.33986999999999995,80.58993666666666,80.58993666666666 0.34126999999999996,80.59063333333334,80.59063333333334 0.3426666666666666,80.59133166666666,80.59133166666666 0.3440583333333333,80.59203000000001,80.59203000000001 0.345445,80.59272833333334,80.59272833333334 0.346825,80.59342833333335,80.59342833333335 0.3481933333333333,80.59412833333333,80.59412833333333 0.349545,80.59483166666666,80.59483166666666 0.3508733333333333,80.595535,80.595535 0.35218,80.59624166666669,80.59624166666669 0.3534616666666666,80.59695,80.59695 0.35471833333333336,80.59765999999999,80.59765999999999 0.35594666666666663,80.59837333333334,80.59837333333334 0.35714666666666667,80.59908666666668,80.59908666666668 0.3583183333333333,80.59980166666666,80.59980166666666 0.35945666666666665,80.60051833333333,80.60051833333333 0.3605666666666667,80.601235,80.601235 0.3616466666666666,80.60195333333333,80.60195333333333 0.36269666666666667,80.60267166666667,80.60267166666667 0.36371833333333337,80.60339166666665,80.60339166666665 0.36472000000000004,80.60411166666665,80.60411166666665 0.3657083333333333,80.60483333333333,80.60483333333333 0.36668333333333336,80.605555,80.605555 0.367645,80.60627833333332,80.60627833333332 0.3685933333333334,80.60700166666668,80.60700166666668 0.369525,80.60772666666668,80.60772666666668 0.37044333333333335,80.60845166666667,80.60845166666667 0.3713533333333333,80.60917833333332,80.60917833333332 0.372255,80.609905,80.609905 0.37315333333333334,80.61063166666666,80.61063166666666 0.37405000000000005,80.61136,80.61136 0.37494500000000003,80.61208833333335,80.61208833333335 0.37584499999999993,80.61281833333335,80.61281833333335 0.3767533333333334,80.61354666666666,80.61354666666666 0.37766666666666665,80.61427833333333,80.61427833333333 0.3785833333333333,80.61501,80.61501 0.379505,80.61574166666666,80.61574166666666 0.38043333333333335,80.61647500000002,80.61647500000002 0.3813666666666667,80.61720999999999,80.61720999999999 0.3823016666666666,80.617945,80.617945 0.38323999999999997,80.61868166666666,80.61868166666666 0.3841866666666667,80.61941833333333,80.61941833333333 0.38514,80.62015500000001,80.62015500000001 0.38609666666666664,80.62089333333333,80.62089333333333 0.387055,80.62163166666667,80.62163166666667 0.3880133333333333,80.62237166666667,80.62237166666667 0.38897166666666666,80.62310999999998,80.62310999999998 0.3899283333333334,80.62384999999999,80.62384999999999 0.39088500000000004,80.62459166666666,80.62459166666666 0.39184500000000005,80.62533166666668,80.62533166666668 0.39280333333333334,80.62607333333335,80.62607333333335 0.393765,80.62681500000001,80.62681500000001 0.39471999999999996,80.62755666666668,80.62755666666668 0.39566666666666667,80.62829833333335,80.62829833333335 0.39660833333333334,80.62904166666667,80.62904166666667 0.3975416666666666,80.629785,80.629785 0.3984683333333333,80.63053,80.63053 0.39938333333333337,80.631275,80.631275 0.40029000000000003,80.63202166666666,80.63202166666666 0.40118666666666664,80.63276833333333,80.63276833333333 0.40207666666666664,80.63351666666667,80.63351666666667 0.4029616666666667,80.63426333333335,80.63426333333335 0.40383833333333335,80.63501333333335,80.63501333333335 0.40470833333333334,80.63576166666667,80.63576166666667 0.4055683333333333,80.63650666666668,80.63650666666668 0.40642000000000006,80.63725000000001,80.63725000000001 0.4072633333333333,80.63799166666666,80.63799166666666 0.4080833333333333,80.63873000000001,80.63873000000001 0.40887166666666663,80.63946666666666,80.63946666666666 0.40963,80.64020166666666,80.64020166666666 0.4103716666666667,80.64093333333335,80.64093333333335 0.41110166666666664,80.64166166666666,80.64166166666666 0.4118233333333333,80.64238999999998,80.64238999999998 0.41253666666666666,80.64311333333333,80.64311333333333 0.41324166666666673,80.64383500000001,80.64383500000001 0.4139416666666667,80.64455500000001,80.64455500000001 0.41463666666666665,80.64527166666667,80.64527166666667 0.41533333333333333,80.64598666666666,80.64598666666666 0.41603666666666667,80.6467,80.6467 0.4167516666666666,80.64740833333335,80.64740833333335 0.4174766666666666,80.64811666666667,80.64811666666667 0.4182166666666666,80.64882166666666,80.64882166666666 0.4189733333333333,80.649525,80.649525 0.41974500000000003,80.65022666666667,80.65022666666667 0.42053333333333337,80.65092666666668,80.65092666666668 0.4213333333333334,80.651625,80.651625 0.4221516666666666,80.65232166666665,80.65232166666665 0.42298833333333336,80.65301833333334,80.65301833333334 0.423845,80.65371166666668,80.65371166666668 0.4247216666666666,80.65440499999998,80.65440499999998 0.4256133333333333,80.65509666666667,80.65509666666667 0.4265133333333334,80.65579,80.65579 0.42742166666666664,80.65648166666666,80.65648166666666 0.42833666666666664,80.65717166666666,80.65717166666666 0.42926,80.65786333333332,80.65786333333332 0.43019,80.65855333333334,80.65855333333334 0.43112333333333336,80.65924166666666,80.65924166666666 0.4320633333333334,80.65993166666668,80.65993166666668 0.43301166666666663,80.66062,80.66062 0.4339683333333333,80.66130833333332,80.66130833333332 0.4349316666666667,80.66199499999999,80.66199499999999 0.435905,80.66268166666667,80.66268166666667 0.43688999999999995,80.66336666666668,80.66336666666668 0.437885,80.66405166666667,80.66405166666667 0.43889,80.66473500000001,80.66473500000001 0.439895,80.66541833333335,80.66541833333335 0.4408983333333334,80.6661,80.6661 0.4419016666666667,80.66678166666667,80.66678166666667 0.44291,80.66746333333334,80.66746333333334 0.44392500000000007,80.668145,80.668145 0.4449316666666666,80.66882833333334,80.66882833333334 0.4459233333333334,80.66951499999999,80.66951499999999 0.44690500000000005,80.67020166666666,80.67020166666666 0.44788333333333336,80.67089,80.67089 0.44886,80.67158166666665,80.67158166666665 0.4498266666666666,80.67227333333332,80.67227333333332 0.45078,80.67296833333333,80.67296833333333 0.45172166666666674,80.67366333333332,80.67366333333332 0.4526550000000001,80.67436166666667,80.67436166666667 0.45358000000000004,80.67505999999999,80.67505999999999 0.4544983333333334,80.67575833333333,80.67575833333333 0.45540500000000006,80.67645666666667,80.67645666666667 0.45629833333333336,80.67715333333335,80.67715333333335 0.45718333333333333,80.67785,80.67785 0.45805833333333335,80.67854666666666,80.67854666666666 0.4589216666666667,80.67924000000001,80.67924000000001 0.45977333333333337,80.67993166666668,80.67993166666668 0.46061500000000005,80.68062,80.68062 0.4614516666666667,80.68130833333332,80.68130833333332 0.46228166666666665,80.68199333333335,80.68199333333335 0.46310833333333334,80.68267833333333,80.68267833333333 0.46393166666666663,80.68336333333332,80.68336333333332 0.46475000000000005,80.68404833333335,80.68404833333335 0.46556666666666674,80.684735,80.684735 0.4663833333333334,80.68542000000001,80.68542000000001 0.4672,80.68610500000001,80.68610500000001 0.4680149999999999,80.68679,80.68679 0.4688349999999999,80.687475,80.687475 0.46965999999999997,80.68816166666667,80.68816166666667 0.47048999999999996,80.68884666666666,80.68884666666666 0.47133,80.68953499999999,80.68953499999999 0.47217833333333326,80.69022166666667,80.69022166666667 0.47304,80.69091,80.69091 0.4739149999999999,80.69160000000001,80.69160000000001 0.4748066666666666,80.69229,80.69229 0.4757133333333333,80.69298,80.69298 0.47663333333333335,80.69367,80.69367 0.4775683333333333,80.69436,80.69436 0.4785133333333333,80.69505000000002,80.69505000000002 0.47947166666666674,80.69573999999999,80.69573999999999 0.4804383333333333,80.69642833333333,80.69642833333333 0.4814066666666667,80.69711833333334,80.69711833333334 0.48237,80.69780666666666,80.69780666666666 0.4833283333333333,80.69849333333333,80.69849333333333 0.48427833333333337,80.69917999999998,80.69917999999998 0.48522499999999996,80.69986666666668,80.69986666666668 0.48616833333333337,80.70055166666666,80.70055166666666 0.48710666666666674,80.70123499999998,80.70123499999998 0.48804166666666665,80.70192000000002,80.70192000000002 0.48897,80.70260333333334,80.70260333333334 0.48989999999999995,80.70328833333332,80.70328833333332 0.49082833333333337,80.70397333333335,80.70397333333335 0.49175500000000005,80.70465833333333,80.70465833333333 0.4926816666666667,80.70534333333332,80.70534333333332 0.493605,80.70602999999998,80.70602999999998 0.4945300000000001,80.70671666666667,80.70671666666667 0.4954566666666666,80.70740666666669,80.70740666666669 0.49638999999999994,80.70809833333333,80.70809833333333 0.4973283333333333,80.70879166666667,80.70879166666667 0.49827333333333335,80.70948833333333,80.70948833333333 0.4992216666666666,80.71018833333333,80.71018833333333 0.5001733333333332,80.71088833333334,80.71088833333334 0.5011266666666667,80.71158999999999,80.71158999999999 0.5020849999999999,80.71229499999998,80.71229499999998 0.5030433333333333,80.71299999999998,80.71299999999998 0.5040033333333334,80.713705,80.713705 0.5049666666666666,80.71441166666666,80.71441166666666 0.5059316666666666,80.71511999999998,80.71511999999998 0.5068966666666666,80.71582833333333,80.71582833333333 0.5078666666666666,80.71653666666666,80.71653666666666 0.5088416666666666,80.71724666666668,80.71724666666668 0.5098183333333334,80.71795666666667,80.71795666666667 0.510795,80.71866833333334,80.71866833333334 0.5117766666666667,80.71938,80.71938 0.5127616666666667,80.720095,80.720095 0.5137483333333334,80.72081,80.72081 0.5147366666666666,80.72152500000001,80.72152500000001 0.5157266666666666,80.72224166666668,80.72224166666668 0.51672,80.72295666666666,80.72295666666666 0.5177199999999998,80.72367333333332,80.72367333333332 0.5187266666666667,80.72439166666666,80.72439166666666 0.5197416666666667,80.72510833333335,80.72510833333335 0.5207683333333334,80.72582333333334,80.72582333333334 0.5218,80.72654,80.72654 0.522835,80.727255,80.727255 0.5238666666666667,80.72797166666665,80.72797166666665 0.5248849999999999,80.72868666666668,80.72868666666668 0.52589,80.72940333333332,80.72940333333332 0.5268833333333334,80.73012000000001,80.73012000000001 0.52787,80.73083666666666,80.73083666666666 0.5288416666666667,80.73155166666666,80.73155166666666 0.5297933333333333,80.73226833333334,80.73226833333334 0.530715,80.732985,80.732985 0.5316000000000001,80.73370333333334,80.73370333333334 0.5324516666666667,80.73442166666666,80.73442166666666 0.5332766666666667,80.73514166666666,80.73514166666666 0.5340783333333333,80.73586166666668,80.73586166666668 0.5348533333333334,80.73658166666668,80.73658166666668 0.5356000000000001,80.7373,80.7373 0.5363266666666667,80.73802,80.73802 0.5370366666666667,80.73873666666667,80.73873666666667 0.5377350000000001,80.739455,80.739455 0.53842,80.74017,80.74017 0.5390966666666666,80.74088666666665,80.74088666666665 0.5397633333333334,80.74160166666668,80.74160166666668 0.5404216666666667,80.74231499999999,80.74231499999999 0.5410750000000001,80.74302833333331,80.74302833333331 0.54172,80.74373999999999,80.74373999999999 0.5423600000000001,80.74445166666666,80.74445166666666 0.5429966666666666,80.74516333333332,80.74516333333332 0.5436316666666666,80.74587333333334,80.74587333333334 0.5442616666666668,80.74658166666666,80.74658166666666 0.5448916666666667,80.74729166666667,80.74729166666667 0.5455166666666666,80.748,80.748 0.54614,80.74870666666666,80.74870666666666 0.5467650000000001,80.74941499999998,80.74941499999998 0.5474000000000001,80.75012166666667,80.75012166666667 0.5480433333333332,80.75083,80.75083 0.5486883333333333,80.75153666666668,80.75153666666668 0.5493349999999999,80.75224333333334,80.75224333333334 0.549985,80.75295,80.75295 0.5506366666666667,80.753655,80.753655 0.5512883333333333,80.75435999999999,80.75435999999999 0.5519350000000001,80.75506333333333,80.75506333333333 0.5525816666666666,80.75576666666666,80.75576666666666 0.55323,80.75646833333333,80.75646833333333 0.5538766666666666,80.75717166666666,80.75717166666666 0.5545300000000001,80.757875,80.757875 0.55519,80.75858,80.75858 0.5558583333333333,80.75928666666667,80.75928666666667 0.5565333333333334,80.75999333333333,80.75999333333333 0.55722,80.76069999999999,80.76069999999999 0.5579216666666666,80.76140666666667,80.76140666666667 0.55864,80.76211333333333,80.76211333333333 0.5593766666666667,80.76281999999999,80.76281999999999 0.5601283333333333,80.76352499999999,80.76352499999999 0.5608916666666668,80.76423000000001,80.76423000000001 0.5616583333333333,80.76493333333332,80.76493333333332 0.5624316666666667,80.76563666666665,80.76563666666665 0.5632083333333333,80.76633833333335,80.76633833333335 0.5639916666666667,80.76703833333333,80.76703833333333 0.56478,80.76773666666665,80.76773666666665 0.5655733333333333,80.768435,80.768435 0.5663699999999999,80.76913,80.76913 0.5671649999999999,80.769825,80.769825 0.5679583333333333,80.77051999999999,80.77051999999999 0.56875,80.77121166666667,80.77121166666667 0.5695383333333334,80.771905,80.771905 0.5703233333333333,80.77259666666667,80.77259666666667 0.5710999999999999,80.77328833333333,80.77328833333333 0.5718733333333333,80.77397833333333,80.77397833333333 0.5726433333333334,80.77466833333332,80.77466833333332 0.5734083333333333,80.77535833333333,80.77535833333333 0.5741716666666666,80.77605000000001,80.77605000000001 0.574935,80.77674166666668,80.77674166666668 0.5756983333333332,80.77743333333333,80.77743333333333 0.57646,80.77812666666667,80.77812666666667 0.5772200000000001,80.77881833333332,80.77881833333332 0.5779783333333334,80.77951166666668,80.77951166666668 0.5787366666666668,80.78020499999998,80.78020499999998 0.5794966666666665,80.78089833333334,80.78089833333334 0.5802583333333333,80.78159333333332,80.78159333333332 0.5810216666666668,80.78228666666668,80.78228666666668 0.581785,80.78298166666667,80.78298166666667 0.58255,80.78367499999999,80.78367499999999 0.5833149999999999,80.78437000000001,80.78437000000001 0.5840816666666667,80.78506333333333,80.78506333333333 0.5848533333333333,80.78576000000001,80.78576000000001 0.5856283333333334,80.78645666666667,80.78645666666667 0.5864066666666666,80.78715499999998,80.78715499999998 0.5871833333333334,80.787855,80.787855 0.5879616666666667,80.78855666666666,80.78855666666666 0.5887366666666667,80.78925833333332,80.78925833333332 0.5895133333333333,80.78996000000001,80.78996000000001 0.5902916666666665,80.79066166666667,80.79066166666667 0.5910733333333332,80.79136333333334,80.79136333333334 0.5918616666666666,80.79206500000001,80.79206500000001 0.592655,80.79276499999999,80.79276499999999 0.5934566666666666,80.793465,80.793465 0.5942633333333334,80.79416166666665,80.79416166666665 0.5950783333333334,80.79485833333334,80.79485833333334 0.5958983333333333,80.79555500000001,80.79555500000001 0.5967216666666666,80.79624833333334,80.79624833333334 0.5975483333333333,80.79694166666667,80.79694166666667 0.5983833333333333,80.79763500000001,80.79763500000001 0.5992283333333334,80.79832499999999,80.79832499999999 0.600085,80.79901666666667,80.79901666666667 0.6009533333333333,80.79970666666665,80.79970666666665 0.60183,80.80039500000001,80.80039500000001 0.6027149999999999,80.80108333333332,80.80108333333332 0.60361,80.80177000000002,80.80177000000002 0.6045116666666667,80.80245666666666,80.80245666666666 0.6054166666666667,80.80314333333334,80.80314333333334 0.6063283333333334,80.80382833333334,80.80382833333334 0.60725,80.80451333333333,80.80451333333333 0.6081833333333333,80.80519833333334,80.80519833333334 0.6091283333333334,80.80588166666668,80.80588166666668 0.6100833333333333,80.806565,80.806565 0.6110616666666666,80.80724666666666,80.80724666666666 0.612065,80.80793,80.80793 0.613095,80.80861166666668,80.80861166666668 0.61415,80.80929166666667,80.80929166666667 0.6152266666666667,80.80997166666666,80.80997166666666 0.6163283333333334,80.81065,80.81065 0.6174533333333333,80.81132833333332,80.81132833333332 0.6186016666666667,80.81200333333332,80.81200333333332 0.6197699999999999,80.81267833333332,80.81267833333332 0.6209450000000001,80.81335166666666,80.81335166666666 0.6221166666666667,80.81402666666666,80.81402666666666 0.6232766666666667,80.81469999999999,80.81469999999999 0.6244216666666667,80.81537333333334,80.81537333333334 0.6255483333333334,80.81604833333334,80.81604833333334 0.6266483333333334,80.81672333333333,80.81672333333333 0.6277083333333333,80.81739999999999,80.81739999999999 0.6287283333333333,80.81807833333333,80.81807833333333 0.6297050000000001,80.81875833333332,80.81875833333332 0.6306366666666666,80.81944,80.81944 0.6315199999999999,80.82012333333334,80.82012333333334 0.6323516666666666,80.82080833333333,80.82080833333333 0.6331333333333333,80.82149333333334,80.82149333333334 0.63386,80.82218166666667,80.82218166666667 0.634535,80.82286833333332,80.82286833333332 0.6351666666666667,80.82355666666668,80.82355666666668 0.6357633333333333,80.82424499999999,80.82424499999999 0.6363300000000001,80.82493333333335,80.82493333333335 0.6368733333333334,80.82562,80.82562 0.6374000000000001,80.82630833333333,80.82630833333333 0.6379133333333332,80.826995,80.826995 0.6384150000000001,80.82767999999999,80.82767999999999 0.6389066666666667,80.82836333333333,80.82836333333333 0.6393883333333333,80.82904666666667,80.82904666666667 0.6398583333333333,80.82972833333334,80.82972833333334 0.6403166666666666,80.83040833333332,80.83040833333332 0.6407566666666668,80.83108666666668,80.83108666666668 0.6411783333333334,80.831765,80.831765 0.6415766666666667,80.83244166666667,80.83244166666667 0.64195,80.83311833333333,80.83311833333333 0.6422950000000001,80.833795,80.833795 0.6426133333333334,80.83447,80.83447 0.6429,80.83514666666666,80.83514666666666 0.64316,80.83582166666666,80.83582166666666 0.6434,80.83649666666666,80.83649666666666 0.6436283333333334,80.83717333333335,80.83717333333335 0.64386,80.83784999999999,80.83784999999999 0.64411,80.83852666666668,80.83852666666668 0.64439,80.839205,80.839205 0.6447066666666667,80.83988500000001,80.83988500000001 0.6450549999999999,80.840565,80.840565 0.6454383333333333,80.84124833333334,80.84124833333334 0.6458566666666666,80.84193333333332,80.84193333333332 0.6463083333333333,80.84262,80.84262 0.6467849999999999,80.84330833333333,80.84330833333333 0.64728,80.84399666666667,80.84399666666667 0.6477883333333333,80.84468666666666,80.84468666666666 0.64831,80.84537833333333,80.84537833333333 0.6488466666666667,80.84607166666667,80.84607166666667 0.6493933333333333,80.84676833333333,80.84676833333333 0.649945,80.84746499999999,80.84746499999999 0.6504983333333333,80.84816666666666,80.84816666666666 0.6510616666666665,80.84886833333333,80.84886833333333 0.6516433333333334,80.84957333333332,80.84957333333332 0.6522483333333333,80.85028166666665,80.85028166666665 0.6528733333333333,80.85099166666669,80.85099166666669 0.65352,80.85170333333333,80.85170333333333 0.6541883333333334,80.85241666666668,80.85241666666668 0.6548783333333333,80.85313333333335,80.85313333333335 0.655585,80.85385,80.85385 0.6563,80.85456833333332,80.85456833333332 0.6570216666666667,80.855285,80.855285 0.6577516666666666,80.85600500000001,80.85600500000001 0.6584866666666667,80.85672333333332,80.85672333333332 0.6592266666666667,80.85744333333334,80.85744333333334 0.65997,80.85816166666667,80.85816166666667 0.6607116666666666,80.85888166666668,80.85888166666668 0.66145,80.85960166666666,80.85960166666666 0.6621849999999999,80.86032333333333,80.86032333333333 0.6629183333333334,80.86104666666667,80.86104666666667 0.663655,80.86176999999999,80.86176999999999 0.6643933333333334,80.86249333333332,80.86249333333332 0.6651316666666667,80.86321833333334,80.86321833333334 0.6658683333333334,80.86394333333334,80.86394333333334 0.6666083333333332,80.86466999999999,80.86466999999999 0.667355,80.865395,80.865395 0.6681099999999999,80.86612166666666,80.86612166666666 0.6688716666666666,80.86684833333334,80.86684833333334 0.669645,80.867575,80.867575 0.670435,80.86830333333334,80.86830333333334 0.6712366666666666,80.86903166666666,80.86903166666666 0.67205,80.86976,80.86976 0.67287,80.87049166666667,80.87049166666667 0.673695,80.87122333333333,80.87122333333333 0.6745266666666667,80.871955,80.871955 0.6753616666666667,80.87268999999999,80.87268999999999 0.676195,80.87342500000001,80.87342500000001 0.677015,80.87416166666667,80.87416166666667 0.6778216666666667,80.87489833333333,80.87489833333333 0.6786083333333334,80.87563833333334,80.87563833333334 0.6793750000000001,80.87637833333332,80.87637833333332 0.6801216666666666,80.87712,80.87712 0.6808533333333333,80.87786333333334,80.87786333333334 0.6815683333333333,80.87860833333335,80.87860833333335 0.6822766666666666,80.87935333333334,80.87935333333334 0.6829833333333333,80.88009666666667,80.88009666666667 0.6836866666666667,80.88084166666665,80.88084166666665 0.6843866666666667,80.88158333333335,80.88158333333335 0.68508,80.88232333333333,80.88232333333333 0.68577,80.88306166666666,80.88306166666666 0.6864600000000001,80.88379499999999,80.88379499999999 0.6871533333333333,80.88452666666666,80.88452666666666 0.6878466666666667,80.88525666666666,80.88525666666666 0.6885416666666667,80.88598499999999,80.88598499999999 0.6892416666666666,80.88671000000001,80.88671000000001 0.689945,80.887435,80.887435 0.6906483333333333,80.88815833333332,80.88815833333332 0.6913533333333334,80.88888,80.88888 0.6920566666666668,80.88960166666666,80.88960166666666 0.6927633333333334,80.89032,80.89032 0.6934733333333334,80.89104000000002,80.89104000000002 0.6941866666666667,80.89175666666667,80.89175666666667 0.6949033333333334,80.89247166666667,80.89247166666667 0.6956283333333332,80.893185,80.893185 0.6963683333333334,80.893895,80.893895 0.6971333333333334,80.89460333333332,80.89460333333332 0.6979250000000001,80.89531000000001,80.89531000000001 0.69874,80.896015,80.896015 0.69958,80.89671666666665,80.89671666666665 0.7004416666666666,80.89741666666666,80.89741666666666 0.7013199999999999,80.89811666666667,80.89811666666667 0.7022066666666665,80.89881333333334,80.89881333333334 0.7030883333333333,80.89950999999999,80.89950999999999 0.7039633333333333,80.90020500000001,80.90020500000001 0.704835,80.90090000000001,80.90090000000001 0.7057049999999999,80.90159333333332,80.90159333333332 0.7065699999999999,80.90228666666665,80.90228666666665 0.70743,80.90297833333334,80.90297833333334 0.70828,80.90366833333331,80.90366833333331 0.7091166666666666,80.90435666666667,80.90435666666667 0.7099449999999999,80.90504499999999,80.90504499999999 0.7107600000000001,80.90573166666665,80.90573166666665 0.7115616666666668,80.90641666666667,80.90641666666667 0.7123516666666667,80.90710166666665,80.90710166666665 0.7131316666666667,80.90778499999999,80.90778499999999 0.7139049999999999,80.90846833333333,80.90846833333333 0.714675,80.90915,80.90915 0.7154433333333333,80.90983333333334,80.90983333333334 0.716215,80.91051666666668,80.91051666666668 0.7169916666666667,80.91119833333333,80.91119833333333 0.71777,80.91188166666666,80.91188166666666 0.71855,80.912565,80.912565 0.71933,80.91324833333334,80.91324833333334 0.7201133333333334,80.91393166666667,80.91393166666667 0.7209016666666667,80.91461500000001,80.91461500000001 0.7217,80.91529833333335,80.91529833333335 0.7225066666666666,80.91598166666667,80.91598166666667 0.7233183333333333,80.91666666666666,80.91666666666666 0.7241316666666666,80.91735166666666,80.91735166666666 0.7249450000000001,80.91803833333333,80.91803833333333 0.7257616666666666,80.91872333333335,80.91872333333335 0.7265783333333333,80.91940666666666,80.91940666666666 0.727395,80.92009,80.92009 0.72821,80.92076999999999,80.92076999999999 0.729025,80.92145,80.92145 0.7298366666666667,80.92212833333332,80.92212833333332 0.7306400000000001,80.92280333333332,80.92280333333332 0.731435,80.92348000000001,80.92348000000001 0.7322183333333333,80.92415333333332,80.92415333333332 0.7329899999999999,80.924825,80.924825 0.7337433333333333,80.925495,80.925495 0.7344833333333334,80.92616333333335,80.92616333333335 0.7352116666666667,80.92683000000001,80.92683000000001 0.7359316666666668,80.92749666666667,80.92749666666667 0.7366433333333333,80.92816333333334,80.92816333333334 0.737345,80.92883,80.92883 0.7380366666666668,80.92949666666667,80.92949666666667 0.7387183333333334,80.93016333333334,80.93016333333334 0.7393916666666667,80.93083,80.93083 0.7400566666666666,80.93149666666666,80.93149666666666 0.7407133333333333,80.932165,80.932165 0.7413649999999999,80.93283333333335,80.93283333333335 0.7420116666666666,80.93350333333333,80.93350333333333 0.7426583333333334,80.93417500000001,80.93417500000001 0.7433150000000001,80.93484833333332,80.93484833333332 0.7439916666666667,80.93552166666666,80.93552166666666 0.744695,80.93619666666666,80.93619666666666 0.7454283333333334,80.93687,80.93687 0.7461899999999999,80.93754333333332,80.93754333333332 0.746975,80.938215,80.938215 0.7477816666666667,80.93888833333334,80.93888833333334 0.7486116666666667,80.93956333333334,80.93956333333334 0.74946,80.94023833333334,80.94023833333334 0.7503233333333333,80.940915,80.940915 0.7511933333333333,80.94159333333333,80.94159333333333 0.7520716666666667,80.94227333333333,80.94227333333333 0.75296,80.94295333333332,80.94295333333332 0.7538549999999999,80.94363166666668,80.94363166666668 0.7547550000000001,80.94431,80.94431 0.7556599999999999,80.94499000000002,80.94499000000002 0.7565683333333334,80.94566833333334,80.94566833333334 0.7574816666666667,80.94634833333333,80.94634833333333 0.758395,80.94703166666666,80.94703166666666 0.7593,80.947715,80.947715 0.760195,80.9484,80.9484 0.7610833333333333,80.94908666666666,80.94908666666666 0.7619633333333333,80.94977166666666,80.94977166666666 0.762835,80.950455,80.950455 0.7636966666666667,80.95113833333333,80.95113833333333 0.7645466666666666,80.95181833333332,80.95181833333332 0.7653866666666667,80.95249666666668,80.95249666666668 0.7662183333333333,80.953175,80.953175 0.7670433333333333,80.95385333333333,80.95385333333333 0.7678649999999999,80.95453166666665,80.95453166666665 0.7686833333333334,80.95521166666667,80.95521166666667 0.7695,80.95589333333334,80.95589333333334 0.7703166666666666,80.95657500000002,80.95657500000002 0.7711383333333334,80.95725666666667,80.95725666666667 0.771965,80.95793833333335,80.95793833333335 0.7728,80.95862000000001,80.95862000000001 0.773645,80.95930499999999,80.95930499999999 0.7745,80.95998999999999,80.95998999999999 0.7753633333333333,80.96067666666666,80.96067666666666 0.776235,80.961365,80.961365 0.777115,80.96205499999999,80.96205499999999 0.7780033333333334,80.96274833333335,80.96274833333335 0.7788983333333334,80.96344166666665,80.96344166666665 0.7797999999999999,80.96413666666668,80.96413666666668 0.7807066666666665,80.96483333333335,80.96483333333335 0.7816150000000001,80.96553166666666,80.96553166666666 0.7825283333333334,80.96622833333332,80.96622833333332 0.7834466666666666,80.96692666666667,80.96692666666667 0.7843716666666667,80.967625,80.967625 0.7853000000000001,80.96832333333334,80.96832333333334 0.7862333333333335,80.96902166666666,80.96902166666666 0.7871683333333334,80.96972000000001,80.96972000000001 0.7881033333333334,80.97041999999999,80.97041999999999 0.7890416666666668,80.97111833333334,80.97111833333334 0.78998,80.97181666666667,80.97181666666667 0.790925,80.97251500000002,80.97251500000002 0.7918783333333334,80.97321333333333,80.97321333333333 0.792845,80.97390999999999,80.97390999999999 0.7938316666666665,80.97460666666666,80.97460666666666 0.79484,80.97529999999999,80.97529999999999 0.7958649999999999,80.97599333333332,80.97599333333332 0.796905,80.976685,80.976685 0.7979566666666666,80.97737500000001,80.97737500000001 0.7990166666666666,80.97806333333334,80.97806333333334 0.8000783333333334,80.97875333333332,80.97875333333332 0.8011399999999999,80.97944166666667,80.97944166666667 0.8021966666666667,80.98012999999999,80.98012999999999 0.8032483333333333,80.98082000000001,80.98082000000001 0.8042916666666667,80.98150999999999,80.98150999999999 0.8053266666666666,80.98220333333333,80.98220333333333 0.8063533333333335,80.98289666666666,80.98289666666666 0.8073666666666667,80.98359500000001,80.98359500000001 0.8083666666666666,80.98429499999999,80.98429499999999 0.8093533333333334,80.98499666666666,80.98499666666666 0.8103266666666666,80.9857,80.9857 0.8112933333333332,80.98640499999999,80.98640499999999 0.8122583333333334,80.98711166666668,80.98711166666668 0.8132233333333332,80.98782,80.98782 0.8141900000000001,80.98852666666666,80.98852666666666 0.8151583333333333,80.98923500000001,80.98923500000001 0.8161283333333333,80.989945,80.989945 0.8171016666666666,80.99065333333333,80.99065333333333 0.8180766666666667,80.99136333333331,80.99136333333331 0.819055,80.99207333333335,80.99207333333335 0.8200366666666665,80.99278333333334,80.99278333333334 0.8210183333333333,80.99349333333333,80.99349333333333 0.8220016666666666,80.99420499999998,80.99420499999998 0.8229850000000001,80.99491500000002,80.99491500000002 0.8239683333333333,80.99562666666667,80.99562666666667 0.82495,80.99633999999999,80.99633999999999 0.8259266666666666,80.99705333333333,80.99705333333333 0.8268983333333334,80.99777,80.99777 0.8278650000000001,80.99848666666666,80.99848666666666 0.8288266666666665,80.999205,80.999205 0.8297816666666668,80.99992666666668,80.99992666666668 0.8307266666666667,81.00064833333333,81.00064833333333 0.8316616666666667,81.00137,81.00137 0.8325850000000001,81.00209333333333,81.00209333333333 0.8334966666666666,81.002815,81.002815 0.8343966666666668,81.003535,81.003535 0.8352799999999999,81.00425333333332,81.00425333333332 0.8361516666666667,81.00497,81.00497 0.8370166666666666,81.00568666666666,81.00568666666666 0.8378783333333334,81.00640166666668,81.00640166666668 0.8387316666666667,81.00711666666665,81.00711666666665 0.8395766666666667,81.00783333333334,81.00783333333334 0.8404183333333334,81.00854999999999,81.00854999999999 0.8412583333333332,81.00926833333334,81.00926833333334 0.8421000000000002,81.00998666666665,81.00998666666665 0.8429433333333332,81.010705,81.010705 0.8437866666666667,81.011425,81.011425 0.8446366666666667,81.01214499999999,81.01214499999999 0.8454999999999999,81.01286499999999,81.01286499999999 0.8463816666666667,81.01358666666665,81.01358666666665 0.8472799999999999,81.01430666666667,81.01430666666667 0.8481949999999998,81.01502666666667,81.01502666666667 0.8491366666666667,81.01574666666667,81.01574666666667 0.8501050000000001,81.016465,81.016465 0.8510983333333333,81.01718333333334,81.01718333333334 0.8521033333333334,81.01790166666666,81.01790166666666 0.8531133333333333,81.01862,81.01862 0.854125,81.01933833333332,81.01933833333332 0.8551333333333333,81.02005666666666,81.02005666666666 0.8561466666666666,81.02077666666668,81.02077666666668 0.85717,81.02149666666665,81.02149666666665 0.8582016666666666,81.02221666666667,81.02221666666667 0.8592366666666666,81.02293666666667,81.02293666666667 0.8602683333333333,81.02365833333333,81.02365833333333 0.8612966666666666,81.02438000000001,81.02438000000001 0.86232,81.025105,81.025105 0.8633333333333333,81.02582833333332,81.02582833333332 0.8643366666666668,81.02655333333334,81.02655333333334 0.8653283333333335,81.02728,81.02728 0.8663066666666667,81.02800666666668,81.02800666666668 0.867275,81.02873166666667,81.02873166666667 0.868235,81.02945833333332,81.02945833333332 0.8691883333333335,81.030185,81.030185 0.8701383333333333,81.03090833333334,81.03090833333334 0.8710883333333334,81.03163166666667,81.03163166666667 0.8720416666666666,81.03235166666667,81.03235166666667 0.8729983333333333,81.03307,81.03307 0.8739583333333334,81.03378666666667,81.03378666666667 0.8749166666666667,81.03450166666667,81.03450166666667 0.8758750000000001,81.03521666666667,81.03521666666667 0.8768366666666666,81.03593,81.03593 0.8777966666666667,81.03664333333333,81.03664333333333 0.8787566666666666,81.03735833333333,81.03735833333333 0.879715,81.03806999999999,81.03806999999999 0.8806683333333334,81.03878500000002,81.03878500000002 0.88162,81.0395,81.0395 0.8825666666666667,81.04021333333334,81.04021333333334 0.88351,81.04092833333334,81.04092833333334 0.8844466666666667,81.04164333333333,81.04164333333333 0.8853766666666667,81.04235666666666,81.04235666666666 0.8862983333333333,81.04307166666668,81.04307166666668 0.8872116666666667,81.04378499999999,81.04378499999999 0.8881183333333332,81.04449666666666,81.04449666666666 0.8890166666666668,81.04521,81.04521 0.8899116666666667,81.04592,81.04592 0.8908066666666665,81.04663000000001,81.04663000000001 0.8917050000000001,81.04733833333333,81.04733833333333 0.8926099999999999,81.04804666666668,81.04804666666668 0.893525,81.04875166666667,81.04875166666667 0.89445,81.04945666666667,81.04945666666667 0.8953816666666667,81.05016,81.05016 0.8963183333333334,81.05086166666668,81.05086166666668 0.89726,81.05156333333332,81.05156333333332 0.8981983333333334,81.05226333333333,81.05226333333333 0.899135,81.05296333333334,81.05296333333334 0.9000666666666666,81.05366166666666,81.05366166666666 0.9009916666666667,81.05435833333333,81.05435833333333 0.90191,81.05505499999998,81.05505499999998 0.9028199999999998,81.05575,81.05575 0.903725,81.056445,81.056445 0.9046233333333332,81.05713833333334,81.05713833333334 0.9055166666666667,81.05782999999998,81.05782999999998 0.906405,81.05852166666666,81.05852166666666 0.9072866666666667,81.05921166666667,81.05921166666667 0.9081600000000001,81.05990166666668,81.05990166666668 0.9090266666666668,81.06059,81.06059 0.9098849999999998,81.06127666666667,81.06127666666667 0.9107350000000002,81.06196333333332,81.06196333333332 0.9115783333333332,81.06264833333333,81.06264833333333 0.912415,81.06333500000001,81.06333500000001 0.9132433333333334,81.06402333333334,81.06402333333334 0.9140633333333333,81.06471,81.06471 0.9148733333333332,81.06539833333332,81.06539833333332 0.9156766666666668,81.06608666666665,81.06608666666665 0.91647,81.06677333333333,81.06677333333333 0.9172566666666666,81.06746166666666,81.06746166666666 0.9180366666666667,81.06814833333333,81.06814833333333 0.9188099999999999,81.068835,81.068835 0.9195816666666667,81.06952000000001,81.06952000000001 0.9203533333333335,81.070205,81.070205 0.9211266666666668,81.07088833333334,81.07088833333334 0.9219066666666667,81.07157166666666,81.07157166666666 0.9226966666666667,81.07225333333334,81.07225333333334 0.9235033333333333,81.072935,81.072935 0.9243283333333333,81.07361666666668,81.07361666666668 0.9251699999999999,81.07429833333333,81.07429833333333 0.92602,81.07497833333335,81.07497833333335 0.9268799999999999,81.07566,81.07566 0.9277416666666667,81.07634166666666,81.07634166666666 0.9285999999999999,81.07702333333334,81.07702333333334 0.929455,81.07770666666669,81.07770666666669 0.9303066666666667,81.07838833333334,81.07838833333334 0.9311566666666666,81.07907333333333,81.07907333333333 0.932,81.07975833333333,81.07975833333333 0.9328366666666668,81.08044333333333,81.08044333333333 0.933665,81.08112999999999,81.08112999999999 0.9344866666666667,81.08181666666665,81.08181666666665 0.9353,81.08250666666666,81.08250666666666 0.9361100000000001,81.08319666666665,81.08319666666665 0.9369183333333333,81.08388666666666,81.08388666666666 0.9377316666666666,81.08457666666668,81.08457666666668 0.9385549999999999,81.08526666666666,81.08526666666666 0.9393950000000002,81.08595666666668,81.08595666666668 0.9402583333333332,81.08664499999999,81.08664499999999 0.9411499999999999,81.08733333333332,81.08733333333332 0.9420683333333334,81.08802,81.08802 0.9430116666666665,81.08870666666667,81.08870666666667 0.9439783333333334,81.08939333333333,81.08939333333333 0.9449633333333334,81.09007833333332,81.09007833333332 0.9459633333333334,81.09076499999999,81.09076499999999 0.9469783333333334,81.09145,81.09145 0.9480016666666667,81.09213333333332,81.09213333333332 0.94903,81.09281666666666,81.09281666666666 0.95006,81.0935,81.0935 0.9510899999999999,81.09418166666666,81.09418166666666 0.952125,81.09486166666666,81.09486166666666 0.9531616666666666,81.09554166666668,81.09554166666668 0.9542,81.09622,81.09622 0.9552399999999999,81.09689666666667,81.09689666666667 0.9562800000000001,81.09757333333333,81.09757333333333 0.9573200000000001,81.09825000000002,81.09825000000002 0.9583566666666664,81.098925,81.098925 0.9593916666666668,81.0996,81.0996 0.9604233333333333,81.100275,81.100275 0.9614483333333333,81.10094833333333,81.10094833333333 0.9624666666666667,81.10162333333334,81.10162333333334 0.9634750000000001,81.10229833333334,81.10229833333334 0.9644733333333332,81.10297333333334,81.10297333333334 0.9654633333333332,81.10365,81.10365 0.9664416666666666,81.10432833333333,81.10432833333333 0.96741,81.10500666666668,81.10500666666668 0.9683633333333332,81.10568666666667,81.10568666666667 0.9693033333333333,81.10636833333334,81.10636833333334 0.9702283333333334,81.10705166666668,81.10705166666668 0.9711416666666667,81.10773333333333,81.10773333333333 0.9720416666666667,81.10841666666667,81.10841666666667 0.9729333333333333,81.10909666666666,81.10909666666666 0.9738133333333334,81.10977666666666,81.10977666666666 0.9746883333333335,81.11045666666668,81.11045666666668 0.9755533333333334,81.11113333333331,81.11113333333331 0.9764116666666666,81.11181,81.11181 0.9772599999999999,81.112485,81.112485 0.9780966666666666,81.11316000000001,81.11316000000001 0.9789183333333334,81.11383500000001,81.11383500000001 0.9797266666666667,81.11450833333332,81.11450833333332 0.9805183333333334,81.11518166666666,81.11518166666666 0.9812999999999998,81.11585333333333,81.11585333333333 0.9820683333333333,81.11652333333333,81.11652333333333 0.9828266666666666,81.11719333333335,81.11719333333335 0.9835716666666666,81.11786333333333,81.11786333333333 0.9843050000000001,81.11853166666666,81.11853166666666 0.9850283333333333,81.1192,81.1192 0.985745,81.11986833333334,81.11986833333334 0.986455,81.12053833333333,81.12053833333333 0.9871583333333332,81.12120833333334,81.12120833333334 0.9878516666666667,81.12188166666665,81.12188166666665 0.9885349999999999,81.12255499999999,81.12255499999999 0.9892099999999999,81.12322999999999,81.12322999999999 0.9898800000000001,81.12390833333335,81.12390833333335 0.990545,81.12458666666667,81.12458666666667 0.991205,81.12526833333332,81.12526833333332 0.99186,81.12595,81.12595 0.9925116666666668,81.12663333333333,81.12663333333333 0.9931583333333334,81.12731500000001,81.12731500000001 0.993805,81.12800000000001,81.12800000000001 0.9944500000000001,81.12868333333333,81.12868333333333 0.9950949999999998,81.12936833333332,81.12936833333332 0.9957383333333335,81.13005333333335,81.13005333333335 0.9963816666666665,81.13073833333333,81.13073833333333 0.9970216666666667,81.13142333333334,81.13142333333334 0.997665,81.13210833333332,81.13210833333332 0.99831,81.13279333333334,81.13279333333334 0.9989616666666667,81.13347833333334,81.13347833333334 0.9996166666666665,81.13416500000001,81.13416500000001 1.0002849999999999,81.13485166666666,81.13485166666666 1.0009700000000001,81.13554000000002,81.13554000000002 1.0016800000000001,81.13623,81.13623 1.00242,81.13691999999999,81.13691999999999 1.0031983333333334,81.13761,81.13761 1.0040250000000002,81.13830166666668,81.13830166666668 1.0049,81.13899166666666,81.13899166666666 1.0058200000000002,81.13968166666668,81.13968166666668 1.0067766666666664,81.14037166666668,81.14037166666668 1.0077699999999998,81.14106166666667,81.14106166666667 1.0087949999999999,81.14174999999999,81.14174999999999 1.0098449999999999,81.14244000000001,81.14244000000001 1.0109199999999998,81.14312833333332,81.14312833333332 1.0120183333333335,81.14381666666668,81.14381666666668 1.0131383333333335,81.144505,81.144505 1.0142766666666667,81.14519333333332,81.14519333333332 1.0154283333333334,81.14588166666667,81.14588166666667 1.01659,81.14657,81.14657 1.0177583333333335,81.14725833333334,81.14725833333334 1.01893,81.14794666666667,81.14794666666667 1.0201066666666667,81.14863333333334,81.14863333333334 1.0212816666666666,81.14932166666668,81.14932166666668 1.0224533333333332,81.15000833333335,81.15000833333335 1.0236183333333335,81.15069666666666,81.15069666666666 1.0247783333333333,81.15138499999999,81.15138499999999 1.0259283333333333,81.15207333333333,81.15207333333333 1.0270700000000001,81.15276333333333,81.15276333333333 1.028205,81.15345166666665,81.15345166666665 1.0293316666666665,81.15414,81.15414 1.0304516666666665,81.15482666666666,81.15482666666666 1.03156,81.15551333333332,81.15551333333332 1.03266,81.15619666666666,81.15619666666666 1.0337483333333333,81.15688,81.15688 1.0348299999999997,81.15756,81.15756 1.035905,81.15823999999999,81.15823999999999 1.0369733333333333,81.15892166666664,81.15892166666664 1.0380316666666665,81.15960166666666,81.15960166666666 1.0390800000000002,81.160285,81.160285 1.0401183333333333,81.16096833333333,81.16096833333333 1.0411449999999998,81.16165166666667,81.16165166666667 1.0421566666666666,81.16233500000001,81.16233500000001 1.0431533333333334,81.16302,81.16302 1.0441383333333334,81.16370500000001,81.16370500000001 1.0451133333333336,81.16439333333334,81.16439333333334 1.0460783333333332,81.16507999999999,81.16507999999999 1.0470299999999997,81.16576833333335,81.16576833333335 1.0479666666666667,81.16645666666666,81.16645666666666 1.0488866666666665,81.16714499999999,81.16714499999999 1.0497933333333334,81.16783166666667,81.16783166666667 1.0506866666666668,81.16851666666668,81.16851666666668 1.0515683333333332,81.16920333333334,81.16920333333334 1.0524399999999998,81.16988833333333,81.16988833333333 1.0533016666666668,81.170575,81.170575 1.0541566666666666,81.17126166666667,81.17126166666667 1.0550083333333333,81.17194833333332,81.17194833333332 1.0558516666666669,81.17263666666668,81.17263666666668 1.05669,81.17332499999999,81.17332499999999 1.0575283333333336,81.17401499999998,81.17401499999998 1.0583716666666667,81.17470499999999,81.17470499999999 1.0592200000000003,81.17539666666667,81.17539666666667 1.0600733333333332,81.17609,81.17609 1.0609316666666666,81.17678333333333,81.17678333333333 1.0617983333333332,81.17747833333334,81.17747833333334 1.0626766666666667,81.178175,81.178175 1.0635716666666668,81.17887333333334,81.17887333333334 1.0644799999999996,81.17957500000001,81.17957500000001 1.0654033333333333,81.18027666666666,81.18027666666666 1.0663383333333334,81.18098166666665,81.18098166666665 1.0672866666666667,81.18168666666668,81.18168666666668 1.0682450000000001,81.18239333333334,81.18239333333334 1.0692133333333333,81.18310166666666,81.18310166666666 1.070185,81.18381166666667,81.18381166666667 1.0711616666666666,81.18452166666665,81.18452166666665 1.07214,81.18523333333331,81.18523333333331 1.0731200000000003,81.18594499999999,81.18594499999999 1.0740999999999998,81.18665833333333,81.18665833333333 1.0750783333333334,81.18737166666665,81.18737166666665 1.076055,81.18808666666668,81.18808666666668 1.0770283333333333,81.18880333333333,81.18880333333333 1.0780000000000003,81.18952333333334,81.18952333333334 1.0789683333333335,81.19024333333334,81.19024333333334 1.0799366666666668,81.19096833333333,81.19096833333333 1.0809033333333335,81.19169333333333,81.19169333333333 1.0818766666666666,81.19242333333334,81.19242333333334 1.0828599999999997,81.19315333333334,81.19315333333334 1.08386,81.19388666666667,81.19388666666667 1.0848816666666667,81.19462,81.19462 1.08593,81.19535333333333,81.19535333333333 1.0870083333333334,81.196085,81.196085 1.0881100000000001,81.19681666666666,81.19681666666666 1.0892316666666666,81.197545,81.197545 1.090371666666667,81.19827166666668,81.19827166666668 1.091525,81.19899666666667,81.19899666666667 1.0926900000000002,81.19971833333334,81.19971833333334 1.0938633333333334,81.20043666666666,81.20043666666666 1.0950466666666665,81.20115333333334,81.20115333333334 1.0962433333333335,81.20187,81.20187 1.0974533333333334,81.20258333333334,81.20258333333334 1.0986733333333334,81.203295,81.203295 1.0998966666666663,81.20400666666667,81.20400666666667 1.10112,81.204715,81.204715 1.10234,81.20542333333334,81.20542333333334 1.1035516666666665,81.20612833333334,81.20612833333334 1.1047550000000002,81.20683000000001,81.20683000000001 1.10594,81.20753166666668,81.20753166666668 1.107106666666667,81.20823166666666,81.20823166666666 1.1082466666666666,81.20892999999998,81.20892999999998 1.1093616666666668,81.20962833333333,81.20962833333333 1.1104500000000002,81.21032333333333,81.21032333333333 1.1115149999999998,81.21101999999999,81.21101999999999 1.1125583333333335,81.21171500000001,81.21171500000001 1.1135816666666667,81.21241,81.21241 1.1145866666666668,81.21310499999998,81.21310499999998 1.1155850000000003,81.21379833333334,81.21379833333334 1.1165816666666668,81.21449,81.21449 1.1175733333333333,81.21518,81.21518 1.1185566666666666,81.21587,81.21587 1.1195333333333333,81.21655833333331,81.21655833333331 1.120505,81.21724666666667,81.21724666666667 1.1214666666666668,81.21793500000001,81.21793500000001 1.1224200000000002,81.218625,81.218625 1.1233633333333333,81.21931500000001,81.21931500000001 1.1242983333333332,81.22000666666666,81.22000666666666 1.1252233333333335,81.22069833333333,81.22069833333333 1.1261399999999997,81.22139,81.22139 1.127045,81.22208333333334,81.22208333333334 1.1279366666666666,81.22277666666668,81.22277666666668 1.128815,81.22346999999999,81.22346999999999 1.1296783333333333,81.22416333333335,81.22416333333335 1.1305266666666667,81.22485833333334,81.22485833333334 1.13136,81.22555166666666,81.22555166666666 1.1321766666666664,81.22624499999999,81.22624499999999 1.1329783333333334,81.22693999999998,81.22693999999998 1.1337683333333333,81.22763499999999,81.22763499999999 1.1345516666666664,81.22832833333335,81.22832833333335 1.1353316666666666,81.22902166666665,81.22902166666665 1.136115,81.229715,81.229715 1.1369083333333332,81.23040833333333,81.23040833333333 1.1377166666666667,81.2311,81.2311 1.1385450000000004,81.23179166666668,81.23179166666668 1.1393916666666668,81.23248166666666,81.23248166666666 1.1402599999999998,81.23317000000002,81.23317000000002 1.1411499999999999,81.23385666666667,81.23385666666667 1.1420566666666667,81.23454166666667,81.23454166666667 1.1429783333333334,81.23522500000001,81.23522500000001 1.1439083333333335,81.23590666666668,81.23590666666668 1.1448399999999999,81.23658833333333,81.23658833333333 1.1457749999999998,81.23726833333332,81.23726833333332 1.1467133333333333,81.23794666666664,81.23794666666664 1.1476533333333334,81.238625,81.238625 1.1485983333333334,81.23930333333332,81.23930333333332 1.1495416666666667,81.23997833333333,81.23997833333333 1.1504849999999998,81.24065499999999,81.24065499999999 1.1514266666666668,81.24132999999999,81.24132999999999 1.1523633333333334,81.24200333333333,81.24200333333333 1.1532966666666669,81.24267833333333,81.24267833333333 1.1542233333333332,81.24335166666667,81.24335166666667 1.1551449999999999,81.24402499999998,81.24402499999998 1.1560583333333332,81.24469666666666,81.24469666666666 1.156965,81.24537166666666,81.24537166666666 1.157865,81.246045,81.246045 1.1587566666666667,81.24672,81.24672 1.1596433333333331,81.24739666666666,81.24739666666666 1.1605200000000002,81.24807333333332,81.24807333333332 1.1613866666666668,81.24875166666668,81.24875166666668 1.162248333333333,81.24943166666667,81.24943166666667 1.163105,81.25010999999999,81.25010999999999 1.1639583333333334,81.25079000000001,81.25079000000001 1.164805,81.25147166666667,81.25147166666667 1.1656466666666667,81.25215166666666,81.25215166666666 1.166478333333333,81.25283333333334,81.25283333333334 1.1673016666666667,81.253515,81.253515 1.1681166666666667,81.25419833333333,81.25419833333333 1.1689233333333333,81.25488,81.25488 1.1697266666666668,81.25556166666668,81.25556166666668 1.1705333333333332,81.25624333333333,81.25624333333333 1.1713433333333336,81.25692333333335,81.25692333333335 1.172155,81.25760333333334,81.25760333333334 1.172975,81.25828333333334,81.25828333333334 1.1738033333333333,81.25896166666666,81.25896166666666 1.174645,81.25963833333333,81.25963833333333 1.1754966666666664,81.26031333333333,81.26031333333333 1.1763566666666667,81.26098666666667,81.26098666666667 1.1772216666666666,81.26165999999999,81.26165999999999 1.1780966666666666,81.26233,81.26233 1.1789833333333335,81.26299999999999,81.26299999999999 1.17988,81.26366833333334,81.26366833333334 1.1807816666666668,81.26433666666667,81.26433666666667 1.1816866666666668,81.26500333333334,81.26500333333334 1.1825949999999998,81.26567,81.26567 1.18351,81.26633666666666,81.26633666666666 1.1844249999999998,81.26700333333334,81.26700333333334 1.18534,81.26766833333333,81.26766833333333 1.1862516666666665,81.268335,81.268335 1.18716,81.269,81.269 1.1880616666666663,81.26966666666667,81.26966666666667 1.1889566666666669,81.27033166666666,81.27033166666666 1.1898483333333334,81.27099833333334,81.27099833333334 1.1907366666666666,81.271665,81.271665 1.1916233333333333,81.27233333333332,81.27233333333332 1.1925083333333333,81.27300166666667,81.27300166666667 1.1933883333333335,81.27366999999998,81.27366999999998 1.1942616666666668,81.27434,81.27434 1.1951316666666665,81.27501166666667,81.27501166666667 1.195995,81.27568166666666,81.27568166666666 1.1968533333333333,81.27635333333333,81.27635333333333 1.1977033333333333,81.27702500000001,81.27702500000001 1.198545,81.27769833333333,81.27769833333333 1.1993783333333332,81.27837000000001,81.27837000000001 1.200205,81.27904500000001,81.27904500000001 1.2010249999999998,81.27971833333332,81.27971833333332 1.2018333333333333,81.28039500000001,81.28039500000001 1.2026299999999999,81.28107166666668,81.28107166666668 1.2034183333333333,81.28175,81.28175 1.2042083333333333,81.28242833333334,81.28242833333334 1.2049983333333332,81.28310833333333,81.28310833333333 1.2057950000000002,81.28378833333332,81.28378833333332 1.2066050000000001,81.28447,81.28447 1.2074349999999998,81.28515000000002,81.28515000000002 1.2082899999999999,81.28583,81.28583 1.2091633333333336,81.28650999999999,81.28650999999999 1.2100483333333332,81.28719,81.28719 1.2109450000000002,81.28786833333332,81.28786833333332 1.2118583333333335,81.28854833333334,81.28854833333334 1.2127866666666667,81.28922833333333,81.28922833333333 1.2137249999999997,81.28991,81.28991 1.2146683333333332,81.29059333333333,81.29059333333333 1.2156133333333337,81.29127666666668,81.29127666666668 1.216555,81.29196333333334,81.29196333333334 1.2174966666666667,81.29265,81.29265 1.2184416666666666,81.29333833333332,81.29333833333332 1.2193883333333335,81.29402999999999,81.29402999999999 1.220338333333333,81.29472166666667,81.29472166666667 1.2212983333333334,81.295415,81.295415 1.2222666666666666,81.29610833333332,81.29610833333332 1.2232433333333332,81.29680333333334,81.29680333333334 1.2242266666666666,81.2975,81.2975 1.2252133333333333,81.29819666666668,81.29819666666668 1.226205,81.29889333333334,81.29889333333334 1.2272,81.29959166666667,81.29959166666667 1.2282066666666667,81.30028999999999,81.30028999999999 1.229225,81.30098833333334,81.30098833333334 1.2302566666666666,81.30168666666665,81.30168666666665 1.2313016666666667,81.30238333333334,81.30238333333334 1.2323583333333334,81.30308166666667,81.30308166666667 1.23343,81.30378000000002,81.30378000000002 1.2345133333333334,81.30447833333334,81.30447833333334 1.2356016666666667,81.30517833333334,81.30517833333334 1.23669,81.30587999999999,81.30587999999999 1.2377783333333334,81.30658499999998,81.30658499999998 1.2388649999999999,81.30728999999998,81.30728999999998 1.2399533333333332,81.30799666666667,81.30799666666667 1.2410416666666666,81.30870499999999,81.30870499999999 1.24213,81.309415,81.309415 1.243215,81.310125,81.310125 1.2442966666666664,81.31083666666667,81.31083666666667 1.2453766666666668,81.31154833333335,81.31154833333335 1.2464549999999999,81.31226,81.31226 1.247525,81.31297500000001,81.31297500000001 1.24859,81.31369000000001,81.31369000000001 1.2496516666666666,81.314405,81.314405 1.2507066666666669,81.31512,81.31512 1.2517599999999998,81.31583666666667,81.31583666666667 1.2528133333333333,81.31655333333333,81.31655333333333 1.25387,81.31726833333333,81.31726833333333 1.2549299999999999,81.31798500000001,81.31798500000001 1.2559916666666666,81.31870166666667,81.31870166666667 1.2570533333333331,81.31942000000001,81.31942000000001 1.2581150000000003,81.32013500000001,81.32013500000001 1.2591766666666666,81.32085166666668,81.32085166666668 1.2602366666666667,81.32156499999999,81.32156499999999 1.2612883333333333,81.32227833333333,81.32227833333333 1.2623316666666669,81.32298999999999,81.32298999999999 1.2633666666666667,81.32369833333334,81.32369833333334 1.26439,81.32440666666666,81.32440666666666 1.265405,81.32511166666666,81.32511166666666 1.2664133333333334,81.32581499999999,81.32581499999999 1.2674166666666666,81.32651666666666,81.32651666666666 1.2684199999999999,81.32721666666667,81.32721666666667 1.2694266666666667,81.32791666666668,81.32791666666668 1.2704366666666669,81.32861666666666,81.32861666666666 1.271455,81.32931666666667,81.32931666666667 1.2724766666666667,81.33001833333333,81.33001833333333 1.2734999999999999,81.33072166666668,81.33072166666668 1.2745233333333335,81.33142333333333,81.33142333333333 1.2755516666666669,81.33212666666667,81.33212666666667 1.2765833333333334,81.33283,81.33283 1.2776183333333333,81.33353333333334,81.33353333333334 1.2786550000000003,81.33423666666667,81.33423666666667 1.2796950000000002,81.33494,81.33494 1.2807350000000002,81.33564333333334,81.33564333333334 1.281775,81.33634500000001,81.33634500000001 1.2828116666666665,81.33704666666665,81.33704666666665 1.2838483333333335,81.33774833333335,81.33774833333335 1.284881666666667,81.33845,81.33845 1.2859133333333335,81.33915166666667,81.33915166666667 1.2869383333333335,81.339855,81.339855 1.2879583333333335,81.34055833333333,81.34055833333333 1.2889683333333333,81.34126166666667,81.34126166666667 1.2899733333333332,81.34196333333331,81.34196333333331 1.2909716666666666,81.34266833333334,81.34266833333334 1.2919633333333331,81.34337166666667,81.34337166666667 1.2929483333333331,81.344075,81.344075 1.293925,81.34478,81.34478 1.2948983333333333,81.345485,81.345485 1.295865,81.34618999999999,81.34618999999999 1.2968266666666668,81.34689499999999,81.34689499999999 1.2977833333333335,81.34759999999999,81.34759999999999 1.2987383333333336,81.34830500000001,81.34830500000001 1.2996916666666667,81.34901,81.34901 1.3006433333333332,81.349715,81.349715 1.3015883333333331,81.35041833333334,81.35041833333334 1.3025266666666666,81.35112166666667,81.35112166666667 1.3034566666666667,81.35182333333334,81.35182333333334 1.30438,81.35252333333332,81.35252333333332 1.3053016666666668,81.35322333333333,81.35322333333333 1.306225,81.35392333333331,81.35392333333331 1.307155,81.35462,81.35462 1.3080916666666667,81.35531833333333,81.35531833333333 1.309038333333333,81.35601333333335,81.35601333333335 1.3099983333333334,81.35671,81.35671 1.31097,81.357405,81.357405 1.3119566666666667,81.35810166666667,81.35810166666667 1.312955,81.35879833333333,81.35879833333333 1.3139633333333331,81.35949833333333,81.35949833333333 1.3149816666666667,81.36019833333332,81.36019833333332 1.31601,81.36090166666665,81.36090166666665 1.3170449999999998,81.36160499999998,81.36160499999998 1.3180883333333333,81.36230999999998,81.36230999999998 1.3191350000000002,81.363015,81.363015 1.3201866666666668,81.36372,81.36372 1.321238333333333,81.364425,81.364425 1.3222949999999998,81.36513,81.36513 1.323355,81.36583499999999,81.36583499999999 1.3244150000000001,81.36654000000001,81.36654000000001 1.325475,81.36724333333335,81.36724333333335 1.3265266666666666,81.36794666666665,81.36794666666665 1.3275766666666668,81.36865166666668,81.36865166666668 1.3286233333333333,81.36935333333332,81.36935333333332 1.3296683333333335,81.37005666666668,81.37005666666668 1.33071,81.37075833333333,81.37075833333333 1.3317466666666664,81.37146,81.37146 1.3327833333333334,81.37216000000001,81.37216000000001 1.3338183333333333,81.37285833333333,81.37285833333333 1.3348566666666668,81.37355666666667,81.37355666666667 1.335895,81.37425333333334,81.37425333333334 1.3369316666666666,81.37495,81.37495 1.3379666666666665,81.37564499999999,81.37564499999999 1.3389983333333335,81.37634,81.37634 1.3400266666666667,81.37703499999999,81.37703499999999 1.3410499999999999,81.37772833333332,81.37772833333332 1.3420683333333334,81.37842166666667,81.37842166666667 1.3430833333333332,81.379115,81.379115 1.3440950000000003,81.37980999999999,81.37980999999999 1.345105,81.380505,81.380505 1.3461133333333333,81.38120166666666,81.38120166666666 1.34712,81.38189833333331,81.38189833333331 1.3481249999999998,81.38259833333332,81.38259833333332 1.3491316666666666,81.38329666666667,81.38329666666667 1.3501366666666668,81.38399833333332,81.38399833333332 1.3511416666666667,81.38470166666666,81.38470166666666 1.3521466666666666,81.385405,81.385405 1.3531566666666668,81.38610999999999,81.38610999999999 1.3541733333333332,81.38681666666666,81.38681666666666 1.3552,81.38752333333332,81.38752333333332 1.356231666666667,81.38823166666667,81.38823166666667 1.357265,81.38893999999999,81.38893999999999 1.3582983333333334,81.38964833333334,81.38964833333334 1.3593333333333333,81.39035833333334,81.39035833333334 1.3603716666666668,81.39106833333332,81.39106833333332 1.3614100000000002,81.39177833333333,81.39177833333333 1.3624450000000001,81.39248833333332,81.39248833333332 1.3634749999999998,81.39319833333334,81.39319833333334 1.3644983333333331,81.39390999999999,81.39390999999999 1.3655199999999998,81.39462333333333,81.39462333333333 1.3665366666666665,81.39533833333333,81.39533833333333 1.3675483333333334,81.396055,81.396055 1.3685533333333335,81.39677333333334,81.39677333333334 1.3695483333333334,81.39749499999999,81.39749499999999 1.370536666666667,81.39822000000001,81.39822000000001 1.3715166666666665,81.39894666666666,81.39894666666666 1.3724866666666666,81.39967666666666,81.39967666666666 1.3734483333333332,81.40040833333333,81.40040833333333 1.3743983333333334,81.40114333333332,81.40114333333332 1.37534,81.40187833333331,81.40187833333331 1.3762716666666666,81.40261666666666,81.40261666666666 1.3771933333333333,81.40335333333334,81.40335333333334 1.3781133333333333,81.40409166666667,81.40409166666667 1.379045,81.40482833333333,81.40482833333333 1.38001,81.40556499999998,81.40556499999998 1.3810200000000001,81.40629833333334,81.40629833333334 1.3820933333333336,81.40702666666665,81.40702666666665 1.3832433333333334,81.40775000000001,81.40775000000001 1.3844833333333333,81.40846666666667,81.40846666666667 1.38582,81.40917500000002,81.40917500000002 1.38726,81.409875,81.409875 1.3888033333333334,81.41056666666667,81.41056666666667 1.390456666666667,81.41125000000001,81.41125000000001 1.3922183333333331,81.41192333333332,81.41192333333332 1.39408,81.41258833333333,81.41258833333333 1.3960299999999999,81.41324500000002,81.41324500000002 1.39806,81.41389666666667,81.41389666666667 1.4001583333333332,81.41454166666668,81.41454166666668 1.4023266666666665,81.41517999999999,81.41517999999999 1.4045633333333332,81.41581333333333,81.41581333333333 1.4068749999999999,81.41644000000001,81.41644000000001 1.4092583333333333,81.41706166666667,81.41706166666667 1.41171,81.41767666666668,81.41767666666668 1.414226666666667,81.41828499999998,81.41828499999998 1.4168016666666667,81.41888666666668,81.41888666666668 1.4194349999999998,81.41948166666667,81.41948166666667 1.4221199999999998,81.42007000000001,81.42007000000001 1.4248516666666668,81.42065166666667,81.42065166666667 1.427625,81.42122666666667,81.42122666666667 1.4304350000000001,81.42179666666667,81.42179666666667 1.4332766666666665,81.42236,81.42236 1.436145,81.42292,81.42292 1.4390399999999999,81.42347666666667,81.42347666666667 1.441955,81.42402833333334,81.42402833333334 1.444888333333333,81.42457833333333,81.42457833333333 1.4478349999999998,81.42512499999998,81.42512499999998 1.450795,81.42567166666667,81.42567166666667 1.4537716666666665,81.426215,81.426215 1.4567616666666665,81.42675500000001,81.42675500000001 1.4597683333333333,81.427295,81.427295 1.4627866666666665,81.42783166666666,81.42783166666666 1.4658166666666668,81.42836833333335,81.42836833333335 1.4688599999999998,81.42890333333332,81.42890333333332 1.4719166666666665,81.42943666666666,81.42943666666666 1.4749866666666667,81.42996833333333,81.42996833333333 1.4780649999999997,81.43050166666667,81.43050166666667 1.4811533333333338,81.43103500000001,81.43103500000001 1.4842433333333331,81.43156833333335,81.43156833333335 1.4873299999999998,81.432105,81.432105 1.4904083333333331,81.43264333333333,81.43264333333333 1.4934833333333337,81.43318333333335,81.43318333333335 1.4965650000000004,81.43372500000001,81.43372500000001 1.49966,81.434265,81.434265 1.5027766666666666,81.43480166666666,81.43480166666666 1.5059216666666666,81.43533666666666,81.43533666666666 1.509095,81.43586833333333,81.43586833333333 1.5122949999999997,81.43639833333333,81.43639833333333 1.5155233333333331,81.43692333333333,81.43692333333333 1.5187766666666667,81.43744833333332,81.43744833333332 1.5220433333333334,81.43797,81.43797 1.5253066666666668,81.438495,81.438495 1.5285466666666665,81.43902166666666,81.43902166666666 1.5317416666666668,81.43955666666666,81.43955666666666 1.5348699999999997,81.44009833333334,81.44009833333334 1.537908333333333,81.44065166666665,81.44065166666665 1.540845,81.441215,81.441215 1.54366,81.44179166666666,81.44179166666666 1.546336666666667,81.44238166666666,81.44238166666666 1.54886,81.44298333333333,81.44298333333333 1.5512116666666667,81.4436,81.4436 1.5533816666666667,81.44422999999999,81.44422999999999 1.5553616666666663,81.44487333333333,81.44487333333333 1.5571366666666666,81.44552999999998,81.44552999999998 1.558696666666667,81.44619833333333,81.44619833333333 1.5600299999999998,81.44687833333334,81.44687833333334 1.5611483333333334,81.44756666666667,81.44756666666667 1.5620633333333336,81.44826666666665,81.44826666666665 1.5627649999999997,81.44897333333334,81.44897333333334 1.563246666666667,81.44968666666666,81.44968666666666 1.5634883333333334,81.45040833333334,81.45040833333334 1.5634833333333333,81.45113166666667,81.45113166666667 1.5632283333333332,81.45185666666666,81.45185666666666 1.5627266666666668,81.45257833333334,81.45257833333334 1.561985,81.45329499999998,81.45329499999998 1.56101,81.45400333333333,81.45400333333333 1.5598066666666668,81.45470166666668,81.45470166666668 1.5583783333333332,81.45538833333335,81.45538833333335 1.556728333333333,81.45605833333333,81.45605833333333 1.5548566666666668,81.45671333333334,81.45671333333334 1.5527666666666669,81.45735,81.45735 1.5504600000000002,81.45796499999999,81.45796499999999 1.5479416666666665,81.45855666666665,81.45855666666665 1.5452183333333336,81.459125,81.459125 1.5422966666666666,81.45966499999999,81.45966499999999 1.5391866666666667,81.46017666666667,81.46017666666667 1.535895,81.46065833333334,81.46065833333334 1.532435,81.46110666666667,81.46110666666667 1.5288150000000003,81.46152333333332,81.46152333333332 1.5250499999999998,81.46190333333332,81.46190333333332 1.5211533333333338,81.46224666666667,81.46224666666667 1.5171466666666666,81.46255166666666,81.46255166666666 1.5130366666666664,81.46281666666668,81.46281666666668 1.508845,81.46303999999999,81.46303999999999 1.504588333333333,81.46322333333333,81.46322333333333 1.5002849999999999,81.46336333333333,81.46336333333333 1.4959516666666666,81.46346,81.46346 1.4916083333333332,81.46351333333334,81.46351333333334 1.4872766666666668,81.46352333333334,81.46352333333334 1.4829733333333335,81.46349,81.46349 1.47872,81.46341333333334,81.46341333333334 1.4745300000000001,81.46329666666668,81.46329666666668 1.470415,81.46314,81.46314 1.4664016666666666,81.46294333333333,81.46294333333333 1.4624966666666666,81.46271,81.46271 1.4587150000000002,81.46243666666666,81.46243666666666 1.45508,81.46212833333333,81.46212833333333 1.4516166666666666,81.46178499999999,81.46178499999999 1.448345,81.46140833333335,81.46140833333335 1.4452866666666666,81.46100166666666,81.46100166666666 1.4424499999999998,81.46056666666668,81.46056666666668 1.4398466666666667,81.46011,81.46011 1.4374933333333333,81.45963166666667,81.45963166666667 1.4353916666666668,81.45913833333334,81.45913833333334 1.4335383333333331,81.45863,81.45863 1.431941666666667,81.45810833333334,81.45810833333334 1.430605,81.45757666666667,81.45757666666667 1.4295349999999998,81.45703666666665,81.45703666666665 1.4287300000000003,81.45649166666666,81.45649166666666 1.4281933333333332,81.455945,81.455945 1.4279149999999998,81.45539833333333,81.45539833333333 1.4278416666666667,81.45485500000001,81.45485500000001 1.427905,81.454315,81.454315 1.428055,81.45377833333333,81.45377833333333 1.428256666666667,81.45324666666669,81.45324666666669 1.428478333333333,81.45271833333334,81.45271833333334 1.428695,81.45219166666666,81.45219166666666 1.4288883333333335,81.45166333333334,81.45166333333334 1.4290583333333335,81.45113166666667,81.45113166666667 1.429205,81.45059666666667,81.45059666666667 1.4293133333333332,81.45005666666665,81.45005666666665 1.4293616666666666,81.44951,81.44951 1.429335,81.44895833333332,81.44895833333332 1.42924,81.44840166666667,81.44840166666667 1.4291,81.44783833333334,81.44783833333334 1.428928333333333,81.44726999999999,81.44726999999999 1.4287333333333336,81.446695,81.446695 1.428525,81.44611499999999,81.44611499999999 1.42831,81.44553499999999,81.44553499999999 1.4280899999999999,81.44495333333333,81.44495333333333 1.4278666666666668,81.44437333333335,81.44437333333335 1.4276283333333335,81.44379333333335,81.44379333333335 1.42736,81.443215,81.443215 1.42705,81.44263666666669,81.44263666666669 1.4267016666666663,81.44206,81.44206 1.4263166666666667,81.44148833333334,81.44148833333334 1.4259016666666668,81.44092000000002,81.44092000000002 1.4254583333333337,81.440355,81.440355 1.424985,81.43979500000002,81.43979500000002 1.4244866666666665,81.43923833333334,81.43923833333334 1.4239616666666668,81.43868666666668,81.43868666666668 1.4234066666666665,81.43813833333334,81.43813833333334 1.4228166666666666,81.437595,81.437595 1.4221766666666666,81.43705499999999,81.43705499999999 1.4214833333333334,81.436515,81.436515 1.4207299999999998,81.43597666666666,81.43597666666666 1.4199199999999998,81.43543833333334,81.43543833333334 1.4190566666666666,81.43489833333332,81.43489833333332 1.4181466666666667,81.43435833333334,81.43435833333334 1.4171933333333333,81.43381666666666,81.43381666666666 1.41621,81.43327333333333,81.43327333333333 1.415215,81.43273000000002,81.43273000000002 1.414215,81.43218499999999,81.43218499999999 1.413215,81.43163833333334,81.43163833333334 1.4122033333333333,81.43109166666667,81.43109166666667 1.4111833333333332,81.43054333333333,81.43054333333333 1.4101683333333335,81.42999166666665,81.42999166666665 1.4091750000000003,81.42943833333335,81.42943833333335 1.4082149999999998,81.42888166666667,81.42888166666667 1.4072899999999997,81.42832166666668,81.42832166666668 1.4063966666666667,81.42775833333333,81.42775833333333 1.4055333333333333,81.42719333333334,81.42719333333334 1.4047033333333334,81.42662499999999,81.42662499999999 1.4039066666666664,81.426055,81.426055 1.4031283333333335,81.425485,81.425485 1.4023516666666667,81.42491666666666,81.42491666666666 1.4015716666666669,81.42434666666668,81.42434666666668 1.4007966666666667,81.42377666666667,81.42377666666667 1.4000350000000001,81.42320666666666,81.42320666666666 1.3992883333333335,81.42263666666666,81.42263666666666 1.3985533333333335,81.42206500000002,81.42206500000002 1.3978316666666666,81.42149333333334,81.42149333333334 1.3971366666666665,81.42092166666666,81.42092166666666 1.3964783333333333,81.42034833333335,81.42034833333335 1.39586,81.41977666666668,81.41977666666668 1.3952700000000002,81.41920499999999,81.41920499999999 1.3947,81.41863166666668,81.41863166666668 1.39414,81.41805833333332,81.41805833333332 1.393585,81.41748166666667,81.41748166666667 1.3930333333333331,81.41690333333332,81.41690333333332 1.39248,81.41632166666666,81.41632166666666 1.391925,81.41573499999998,81.41573499999998 1.3913700000000002,81.41514500000001,81.41514500000001 1.390815,81.41454999999999,81.41454999999999 1.3902616666666665,81.41394833333332,81.41394833333332 1.3897033333333333,81.41334333333332,81.41334333333332 1.3891366666666667,81.412735,81.412735 1.3885616666666665,81.41212166666665,81.41212166666665 1.3879816666666667,81.41150833333333,81.41150833333333 1.3873983333333335,81.41089166666669,81.41089166666669 1.38681,81.41027333333332,81.41027333333332 1.3862166666666667,81.40965333333332,81.40965333333332 1.3856200000000003,81.40903333333335,81.40903333333335 1.3850233333333335,81.40841166666667,81.40841166666667 1.3844266666666667,81.40779,81.40779 1.3838299999999997,81.40716833333332,81.40716833333332 1.383236666666667,81.40654666666666,81.40654666666666 1.3826450000000001,81.40592666666666,81.40592666666666 1.3820583333333334,81.405305,81.405305 1.3814783333333334,81.40468333333334,81.40468333333334 1.3809049999999998,81.40406,81.40406 1.3803316666666667,81.40343833333334,81.40343833333334 1.3797566666666667,81.40281499999999,81.40281499999999 1.37918,81.40219333333333,81.40219333333333 1.3785916666666667,81.40156999999998,81.40156999999998 1.37798,81.40094666666666,81.40094666666666 1.3773400000000002,81.400325,81.400325 1.376665,81.39970333333333,81.39970333333333 1.375955,81.39908166666667,81.39908166666667 1.3752083333333334,81.39846,81.39846 1.37443,81.39783833333334,81.39783833333334 1.37362,81.39721666666665,81.39721666666665 1.3727816666666668,81.39659333333333,81.39659333333333 1.371925,81.39596833333334,81.39596833333334 1.3710566666666666,81.39534166666667,81.39534166666667 1.3701766666666666,81.39471000000002,81.39471000000002 1.3692849999999999,81.394075,81.394075 1.3683916666666665,81.39343666666667,81.39343666666667 1.3675033333333333,81.39279499999999,81.39279499999999 1.3666216666666666,81.39215166666668,81.39215166666668 1.3657466666666669,81.39150333333335,81.39150333333335 1.36488,81.39085166666666,81.39085166666666 1.364018333333333,81.39019666666665,81.39019666666665 1.3631666666666666,81.38953833333333,81.38953833333333 1.3623266666666665,81.38887666666665,81.38887666666665 1.3614950000000001,81.38821333333334,81.38821333333334 1.3606633333333331,81.38754666666667,81.38754666666667 1.35982,81.38687833333334,81.38687833333334 1.358965,81.38620999999999,81.38620999999999 1.3581,81.38554,81.38554 1.3572333333333333,81.38487166666667,81.38487166666667 1.356365,81.38420166666666,81.38420166666666 1.35549,81.38353166666667,81.38353166666667 1.3546,81.38286166666666,81.38286166666666 1.3536916666666667,81.38219333333333,81.38219333333333 1.3527633333333335,81.38152333333333,81.38152333333333 1.3518166666666667,81.38085500000001,81.38085500000001 1.3508433333333334,81.38018833333335,81.38018833333335 1.349848333333333,81.37952,81.37952 1.3488400000000003,81.37885166666666,81.37885166666666 1.3478283333333332,81.378185,81.378185 1.3468149999999999,81.37751666666668,81.37751666666668 1.3457966666666668,81.37684666666668,81.37684666666668 1.3447683333333333,81.37617833333333,81.37617833333333 1.3437283333333334,81.37550666666665,81.37550666666665 1.3426699999999998,81.37483333333331,81.37483333333331 1.3415983333333337,81.37415666666668,81.37415666666668 1.3405133333333337,81.37347833333332,81.37347833333332 1.3394216666666667,81.37279666666667,81.37279666666667 1.3383233333333335,81.37211166666665,81.37211166666665 1.3372233333333334,81.37142499999999,81.37142499999999 1.3361199999999998,81.37073500000001,81.37073500000001 1.33501,81.37004333333333,81.37004333333333 1.3338983333333334,81.36935,81.36935 1.33279,81.368655,81.368655 1.3316850000000002,81.36796,81.36796 1.3305833333333335,81.367265,81.367265 1.3294849999999996,81.36656666666666,81.36656666666666 1.3283883333333333,81.36587,81.36587 1.3272966666666666,81.36517,81.36517 1.326215,81.36447,81.36447 1.32514,81.36377000000002,81.36377000000002 1.324075,81.36306833333332,81.36306833333332 1.3230250000000001,81.36236500000001,81.36236500000001 1.3219916666666667,81.36165999999999,81.36165999999999 1.320975,81.36095333333333,81.36095333333333 1.3199800000000002,81.360245,81.360245 1.3190116666666665,81.35953500000001,81.35953500000001 1.3180733333333334,81.35882166666667,81.35882166666667 1.317155,81.35810666666666,81.35810666666666 1.3162566666666666,81.35739,81.35739 1.3153766666666669,81.35667166666667,81.35667166666667 1.3145033333333331,81.35595333333333,81.35595333333333 1.3136349999999999,81.35523166666667,81.35523166666667 1.31277,81.35450999999999,81.35450999999999 1.311915,81.35378666666666,81.35378666666666 1.3110583333333332,81.35306166666668,81.35306166666668 1.3101983333333336,81.35233833333334,81.35233833333334 1.3093316666666668,81.35161166666666,81.35161166666666 1.3084500000000001,81.35088666666667,81.35088666666667 1.3075449999999997,81.35016000000002,81.35016000000002 1.30661,81.349435,81.349435 1.3056483333333333,81.34871166666666,81.34871166666666 1.30466,81.34798833333333,81.34798833333333 1.3036566666666665,81.34726500000001,81.34726500000001 1.3026449999999998,81.34654333333333,81.34654333333333 1.3016316666666667,81.34582166666667,81.34582166666667 1.3006216666666668,81.3451,81.3451 1.2996216666666667,81.34437833333332,81.34437833333332 1.2986366666666664,81.34365833333332,81.34365833333332 1.2976733333333335,81.34293666666667,81.34293666666667 1.2967216666666666,81.34221500000001,81.34221500000001 1.2957883333333333,81.34149333333335,81.34149333333335 1.294875,81.34077166666665,81.34077166666665 1.2939816666666668,81.34004833333334,81.34004833333334 1.2931,81.33932666666668,81.33932666666668 1.292231666666667,81.33860333333334,81.33860333333334 1.29138,81.33788166666668,81.33788166666668 1.2905433333333334,81.33715833333335,81.33715833333335 1.289705,81.33643666666667,81.33643666666667 1.2888633333333335,81.33571666666667,81.33571666666667 1.2880133333333335,81.33499666666667,81.33499666666667 1.2871516666666665,81.33427833333334,81.33427833333334 1.2862683333333333,81.33356,81.33356 1.2853583333333332,81.332845,81.332845 1.2844183333333334,81.33213,81.33213 1.2834533333333333,81.33141666666668,81.33141666666668 1.2824633333333333,81.33070333333332,81.33070333333332 1.2814366666666668,81.32999333333333,81.32999333333333 1.2803699999999998,81.32928333333334,81.32928333333334 1.2792766666666668,81.32857666666668,81.32857666666668 1.27816,81.32786999999999,81.32786999999999 1.2770233333333332,81.327165,81.327165 1.2758699999999998,81.32646,81.32646 1.2747083333333333,81.325755,81.325755 1.2735416666666663,81.32505166666667,81.32505166666667 1.272365,81.32434666666667,81.32434666666667 1.2711799999999998,81.32364333333334,81.32364333333334 1.2699933333333333,81.32293833333334,81.32293833333334 1.2688033333333335,81.322235,81.322235 1.267605,81.32153166666667,81.32153166666667 1.2664,81.32082833333334,81.32082833333334 1.2651933333333334,81.32012333333334,81.32012333333334 1.2639816666666666,81.31942000000001,81.31942000000001 1.2627683333333333,81.31871666666665,81.31871666666665 1.2615566666666664,81.31801333333334,81.31801333333334 1.2603516666666665,81.31731,81.31731 1.2591500000000002,81.31660666666667,81.31660666666667 1.2579566666666666,81.31590166666668,81.31590166666668 1.2567733333333333,81.31519666666665,81.31519666666665 1.2555983333333334,81.31449333333332,81.31449333333332 1.2544333333333335,81.31378833333332,81.31378833333332 1.2532816666666666,81.31308499999999,81.31308499999999 1.2521433333333334,81.31238166666668,81.31238166666668 1.25102,81.31167833333335,81.31167833333335 1.2499083333333334,81.31097499999998,81.31097499999998 1.2488116666666669,81.31027166666665,81.31027166666665 1.2477233333333333,81.30956833333332,81.30956833333332 1.2466433333333333,81.30886666666667,81.30886666666667 1.2455733333333332,81.308165,81.308165 1.244516666666667,81.30746333333333,81.30746333333333 1.24348,81.30676166666666,81.30676166666666 1.242465,81.30605999999999,81.30605999999999 1.2414733333333334,81.30535833333334,81.30535833333334 1.24051,81.30465500000001,81.30465500000001 1.239565,81.30395333333334,81.30395333333334 1.2386366666666668,81.30325,81.30325 1.2377199999999997,81.30254833333333,81.30254833333333 1.236805,81.30184666666668,81.30184666666668 1.2358849999999997,81.30114499999999,81.30114499999999 1.2349566666666665,81.300445,81.300445 1.2340283333333333,81.29974666666668,81.29974666666668 1.2331066666666666,81.29904833333333,81.29904833333333 1.2321883333333334,81.29835333333334,81.29835333333334 1.231265,81.29766,81.29766 1.230335,81.29696833333335,81.29696833333335 1.2293933333333331,81.29627833333333,81.29627833333333 1.2284400000000002,81.29559333333334,81.29559333333334 1.227471666666667,81.29490833333331,81.29490833333331 1.2264916666666668,81.29422833333332,81.29422833333332 1.2254966666666665,81.29355,81.29355 1.2244916666666668,81.292875,81.292875 1.22348,81.29220166666666,81.29220166666666 1.2224716666666666,81.29152999999998,81.29152999999998 1.2214699999999998,81.29086,81.29086 1.2204833333333334,81.29019166666667,81.29019166666667 1.2195150000000001,81.28952333333334,81.28952333333334 1.2185650000000001,81.28885333333332,81.28885333333332 1.2176283333333333,81.288185,81.288185 1.2166966666666665,81.28751500000001,81.28751500000001 1.21577,81.286845,81.286845 1.2148449999999997,81.286175,81.286175 1.21392,81.28550499999999,81.28550499999999 1.2129916666666665,81.28483166666668,81.28483166666668 1.2120616666666668,81.28415833333334,81.28415833333334 1.2111266666666667,81.28348333333334,81.28348333333334 1.2101883333333332,81.28280666666667,81.28280666666667 1.20924,81.28212666666666,81.28212666666666 1.2082833333333334,81.28144666666667,81.28144666666667 1.2073183333333333,81.280765,81.280765 1.206345,81.28008333333335,81.28008333333335 1.2053616666666669,81.27940166666667,81.27940166666667 1.2043683333333335,81.27871999999999,81.27871999999999 1.2033666666666667,81.27803999999999,81.27803999999999 1.202355,81.27736166666666,81.27736166666666 1.2013366666666667,81.27668333333334,81.27668333333334 1.2003116666666667,81.27600500000001,81.27600500000001 1.1992816666666668,81.27533000000001,81.27533000000001 1.1982449999999998,81.27465500000001,81.27465500000001 1.1972049999999999,81.27398166666667,81.27398166666667 1.1961633333333335,81.27331166666666,81.27331166666666 1.195125,81.27264166666666,81.27264166666666 1.1940916666666666,81.271975,81.271975 1.1930633333333331,81.27130666666667,81.27130666666667 1.192046666666667,81.27064166666666,81.27064166666666 1.1910433333333332,81.269975,81.269975 1.1900966666666666,81.26930666666668,81.26930666666668 1.1891283333333333,81.26863833333333,81.26863833333333 1.1881783333333336,81.26796999999999,81.26796999999999 1.1872466666666668,81.26729999999998,81.26729999999998 1.1863366666666666,81.26662833333333,81.26662833333333 1.185445,81.26595499999999,81.26595499999999 1.1845716666666668,81.26527999999999,81.26527999999999 1.1837166666666668,81.26460166666666,81.26460166666666 1.182885,81.263925,81.263925 1.1820733333333335,81.26324666666665,81.26324666666665 1.1812833333333335,81.26256833333332,81.26256833333332 1.1805166666666669,81.26189333333332,81.26189333333332 1.1797783333333332,81.26121833333332,81.26121833333332 1.1790666666666667,81.26054666666667,81.26054666666667 1.1783850000000002,81.25987833333335,81.25987833333335 1.1777250000000001,81.25921166666667,81.25921166666667 1.1770833333333333,81.25855,81.25855 1.1764583333333336,81.25789,81.25789 1.17584,81.25723500000001,81.25723500000001 1.1752216666666666,81.25658333333335,81.25658333333335 1.1745999999999999,81.255935,81.255935 1.1739766666666664,81.25528833333333,81.25528833333333 1.17335,81.25464500000001,81.25464500000001 1.172715,81.254,81.254 1.172075,81.253355,81.253355 1.1714316666666666,81.25270833333335,81.25270833333335 1.170785,81.25205833333334,81.25205833333334 1.1701383333333333,81.25140666666665,81.25140666666665 1.1694833333333334,81.25075000000001,81.25075000000001 1.168815,81.25009333333334,81.25009333333334 1.1681266666666665,81.24943333333333,81.24943333333333 1.1674133333333332,81.24877166666667,81.24877166666667 1.1666700000000003,81.24810500000001,81.24810500000001 1.1659016666666664,81.24743666666666,81.24743666666666 1.1651133333333332,81.24676666666667,81.24676666666667 1.1643133333333335,81.24609333333333,81.24609333333333 1.1635083333333336,81.24541833333333,81.24541833333333 1.162695,81.24474000000001,81.24474000000001 1.1618733333333333,81.24406166666665,81.24406166666665 1.1610349999999998,81.24338333333333,81.24338333333333 1.1601849999999998,81.24270333333334,81.24270333333334 1.1593299999999997,81.24202499999998,81.24202499999998 1.1584650000000003,81.241345,81.241345 1.157585,81.240665,81.240665 1.1566783333333333,81.23998666666667,81.23998666666667 1.1557416666666667,81.23930666666668,81.23930666666668 1.1547733333333334,81.23862833333332,81.23862833333332 1.153775,81.23795,81.23795 1.1527416666666666,81.23727166666664,81.23727166666664 1.151675,81.23659500000001,81.23659500000001 1.150575,81.23591666666665,81.23591666666665 1.1494483333333334,81.23524166666665,81.23524166666665 1.1482900000000003,81.23456666666665,81.23456666666665 1.147093333333333,81.23389333333331,81.23389333333331 1.1458583333333334,81.23322166666667,81.23322166666667 1.144588333333333,81.23255166666665,81.23255166666665 1.1432866666666666,81.23188333333333,81.23188333333333 1.1419550000000003,81.23121833333332,81.23121833333332 1.1406,81.23055333333335,81.23055333333335 1.1392300000000002,81.22989166666666,81.22989166666666 1.1378483333333331,81.22923166666668,81.22923166666668 1.1364566666666667,81.22857166666665,81.22857166666665 1.1350616666666666,81.227915,81.227915 1.1336683333333333,81.22725833333335,81.22725833333335 1.1322800000000002,81.22660333333334,81.22660333333334 1.1308966666666667,81.22595,81.22595 1.1295266666666668,81.22529666666667,81.22529666666667 1.1281716666666666,81.22464500000001,81.22464500000001 1.126836666666667,81.22399333333333,81.22399333333333 1.1255216666666665,81.22334333333333,81.22334333333333 1.124233333333333,81.22269166666668,81.22269166666668 1.1229716666666665,81.22204166666666,81.22204166666666 1.1217400000000002,81.22139166666666,81.22139166666666 1.1205450000000001,81.22073999999999,81.22073999999999 1.1193883333333334,81.22009,81.22009 1.1182750000000004,81.21943833333334,81.21943833333334 1.1172016666666669,81.21878666666666,81.21878666666666 1.1161683333333334,81.218135,81.218135 1.115171666666667,81.21748333333332,81.21748333333332 1.1142083333333337,81.21683166666666,81.21683166666666 1.1132716666666667,81.21617833333333,81.21617833333333 1.1123616666666665,81.21552499999999,81.21552499999999 1.1114733333333333,81.21487166666667,81.21487166666667 1.1106,81.21421666666666,81.21421666666666 1.1097366666666666,81.21356333333333,81.21356333333333 1.1088783333333336,81.21290833333335,81.21290833333335 1.1080200000000002,81.212255,81.212255 1.1071650000000002,81.21160166666665,81.21160166666665 1.1063166666666666,81.21094833333333,81.21094833333333 1.1054733333333335,81.21029666666666,81.21029666666666 1.1046416666666665,81.20964333333335,81.20964333333335 1.103825,81.20898833333334,81.20898833333334 1.1030283333333333,81.20833333333333,81.20833333333333 1.10226,81.20767666666667,81.20767666666667 1.1015216666666667,81.20701833333334,81.20701833333334 1.10081,81.206355,81.206355 1.1001283333333332,81.20568999999999,81.20568999999999 1.09948,81.20502,81.20502 1.0988649999999998,81.204345,81.204345 1.09828,81.20366666666668,81.20366666666668 1.0977183333333336,81.202985,81.202985 1.0971783333333331,81.20229833333332,81.20229833333332 1.0966466666666665,81.20160999999999,81.20160999999999 1.0961183333333333,81.20092000000001,81.20092000000001 1.0955849999999998,81.20022833333333,81.20022833333333 1.0950433333333334,81.19953666666666,81.19953666666666 1.0944916666666666,81.19884333333333,81.19884333333333 1.0939316666666667,81.19815000000001,81.19815000000001 1.0933616666666666,81.19745666666665,81.19745666666665 1.092775,81.19676333333334,81.19676333333334 1.092175,81.19606999999998,81.19606999999998 1.0915616666666668,81.19537666666668,81.19537666666668 1.0909299999999997,81.19468499999999,81.19468499999999 1.090275,81.19399333333335,81.19399333333335 1.0895966666666665,81.19330166666667,81.19330166666667 1.0888966666666664,81.19261333333333,81.19261333333333 1.0881816666666664,81.19192333333334,81.19192333333334 1.0874516666666665,81.19123666666665,81.19123666666665 1.0867049999999998,81.19054833333333,81.19054833333333 1.0859466666666668,81.18986166666667,81.18986166666667 1.0851816666666667,81.18917499999998,81.18917499999998 1.0844083333333334,81.18849,81.18849 1.0836316666666665,81.18780333333335,81.18780333333335 1.0828483333333334,81.18712000000001,81.18712000000001 1.0820583333333336,81.186435,81.186435 1.081265,81.18575166666668,81.18575166666668 1.080466666666667,81.18507,81.18507 1.0796666666666668,81.18439000000001,81.18439000000001 1.0788633333333333,81.18370999999999,81.18370999999999 1.0780583333333333,81.18302999999999,81.18302999999999 1.0772516666666667,81.18235333333334,81.18235333333334 1.0764500000000001,81.181675,81.181675 1.0756516666666667,81.18099833333333,81.18099833333333 1.074855,81.18032333333333,81.18032333333333 1.0740566666666664,81.17965000000001,81.17965000000001 1.0732533333333334,81.17897833333333,81.17897833333333 1.0724483333333332,81.17830666666666,81.17830666666666 1.0716350000000003,81.17763833333333,81.17763833333333 1.0708116666666665,81.17697166666667,81.17697166666667 1.0699800000000002,81.17630666666666,81.17630666666666 1.0691433333333331,81.17564333333333,81.17564333333333 1.0682983333333331,81.17498166666665,81.17498166666665 1.067448333333333,81.17432166666669,81.17432166666669 1.066595,81.17366333333332,81.17366333333332 1.0657416666666666,81.17300333333334,81.17300333333334 1.0648866666666665,81.172345,81.172345 1.06403,81.171685,81.171685 1.0631766666666667,81.171025,81.171025 1.062328333333333,81.17036166666666,81.17036166666666 1.061485,81.16969833333332,81.16969833333332 1.0606449999999998,81.16903166666665,81.16903166666665 1.0598083333333332,81.16836333333335,81.16836333333335 1.0589716666666669,81.16769333333333,81.16769333333333 1.0581333333333334,81.16702333333332,81.16702333333332 1.0572916666666667,81.16635166666667,81.16635166666667 1.0564466666666668,81.16568166666666,81.16568166666666 1.0555966666666667,81.16501166666667,81.16501166666667 1.0547433333333331,81.16434166666666,81.16434166666666 1.0538866666666666,81.16367499999998,81.16367499999998 1.0530216666666665,81.16300666666666,81.16300666666666 1.0521516666666666,81.16234166666666,81.16234166666666 1.0512666666666666,81.16167666666668,81.16167666666668 1.050365,81.16101166666668,81.16101166666668 1.0494416666666668,81.16034666666665,81.16034666666665 1.048495,81.15968333333333,81.15968333333333 1.0475233333333331,81.15901833333334,81.15901833333334 1.0465183333333334,81.15835499999999,81.15835499999999 1.0454833333333333,81.15769333333334,81.15769333333334 1.0444216666666668,81.15703166666668,81.15703166666668 1.0433383333333333,81.15637166666667,81.15637166666667 1.0422366666666667,81.15571166666668,81.15571166666668 1.04112,81.15505166666667,81.15505166666667 1.039995,81.15439166666667,81.15439166666667 1.0388616666666668,81.15373333333334,81.15373333333334 1.0377216666666664,81.15307333333332,81.15307333333332 1.03658,81.15241499999999,81.15241499999999 1.03544,81.15175500000001,81.15175500000001 1.0343033333333336,81.15109666666667,81.15109666666667 1.0331750000000002,81.15043666666666,81.15043666666666 1.0320616666666667,81.149775,81.149775 1.0309699999999997,81.14911166666667,81.14911166666667 1.0299066666666665,81.14844833333332,81.14844833333332 1.0288716666666666,81.14778,81.14778 1.0278683333333334,81.14711166666667,81.14711166666667 1.0269000000000001,81.14643833333334,81.14643833333334 1.0259566666666666,81.145765,81.145765 1.0250366666666668,81.14508833333333,81.14508833333333 1.0241333333333331,81.14441000000001,81.14441000000001 1.02324,81.14373166666665,81.14373166666665 1.0223483333333334,81.14305166666666,81.14305166666666 1.0214566666666667,81.14236999999999,81.14236999999999 1.0205700000000002,81.14168666666666,81.14168666666666 1.0196800000000001,81.14100166666668,81.14100166666668 1.0187816666666667,81.14031499999999,81.14031499999999 1.0178699999999998,81.13962833333333,81.13962833333333 1.0169466666666667,81.13894,81.13894 1.016005,81.13825,81.13825 1.0150449999999998,81.13756000000001,81.13756000000001 1.0140683333333331,81.13687,81.13687 1.0130766666666666,81.13617999999998,81.13617999999998 1.01207,81.13549,81.13549 1.011045,81.13479999999998,81.13479999999998 1.010005,81.13411,81.13411 1.0089500000000002,81.13341833333332,81.13341833333332 1.0078783333333332,81.13272833333335,81.13272833333335 1.0067849999999998,81.13203666666666,81.13203666666666 1.0056666666666667,81.131345,81.131345 1.0045199999999996,81.13065499999999,81.13065499999999 1.0033433333333333,81.12996333333334,81.12996333333334 1.0021383333333331,81.12927166666667,81.12927166666667 1.0009,81.12858333333334,81.12858333333334 0.9996300000000001,81.12789500000001,81.12789500000001 0.9983333333333334,81.12720999999999,81.12720999999999 0.9970166666666667,81.12652833333334,81.12652833333334 0.99569,81.12584666666666,81.12584666666666 0.99436,81.12516833333333,81.12516833333333 0.9930383333333332,81.12449333333333,81.12449333333333 0.991745,81.12381833333333,81.12381833333333 0.99049,81.12314333333333,81.12314333333333 0.989275,81.12246999999999,81.12246999999999 0.9880916666666666,81.12179666666665,81.12179666666665 0.9869416666666667,81.12112333333332,81.12112333333332 0.9858299999999999,81.12045,81.12045 0.98475,81.11977666666667,81.11977666666667 0.9836950000000001,81.11910166666667,81.11910166666667 0.9826616666666667,81.11842666666666,81.11842666666666 0.9816449999999999,81.11775166666666,81.11775166666666 0.9806416666666669,81.11707666666666,81.11707666666666 0.9796516666666666,81.11640166666666,81.11640166666666 0.97867,81.115725,81.115725 0.9776966666666667,81.11504833333333,81.11504833333333 0.97673,81.11436833333335,81.11436833333335 0.9757666666666667,81.113685,81.113685 0.9748100000000001,81.11299833333335,81.11299833333335 0.9738583333333334,81.11231,81.11231 0.9729183333333333,81.111615,81.111615 0.9719949999999999,81.11091833333334,81.11091833333334 0.9710933333333333,81.11021666666667,81.11021666666667 0.9702116666666667,81.10951166666668,81.10951166666668 0.9693466666666668,81.10880666666668,81.10880666666668 0.9684933333333334,81.10809833333333,81.10809833333333 0.9676533333333333,81.10738833333332,81.10738833333332 0.9668283333333333,81.10667833333333,81.10667833333333 0.9660166666666666,81.10596666666667,81.10596666666667 0.9652216666666666,81.10525333333334,81.10525333333334 0.96444,81.10454166666666,81.10454166666666 0.9636683333333333,81.10383,81.10383 0.9629083333333335,81.10311833333333,81.10311833333333 0.9621533333333333,81.10240833333334,81.10240833333334 0.9614016666666667,81.1017,81.1017 0.9606533333333334,81.10099166666667,81.10099166666667 0.959905,81.10028333333334,81.10028333333334 0.9591566666666665,81.09957666666665,81.09957666666665 0.9584,81.09886833333333,81.09886833333333 0.9576266666666666,81.09816333333333,81.09816333333333 0.9568316666666666,81.09745833333334,81.09745833333334 0.9560133333333334,81.09675166666665,81.09675166666665 0.9551716666666666,81.09604666666668,81.09604666666668 0.9543083333333334,81.09534,81.09534 0.9534266666666668,81.09463333333333,81.09463333333333 0.9525316666666667,81.093925,81.093925 0.9516333333333333,81.09321499999999,81.09321499999999 0.9507283333333333,81.09250333333331,81.09250333333331 0.94982,81.09179,81.09179 0.9489166666666666,81.09107666666668,81.09107666666668 0.9480250000000001,81.09035999999999,81.09035999999999 0.9471449999999999,81.08964166666668,81.08964166666668 0.9462766666666668,81.08892333333333,81.08892333333333 0.9454133333333333,81.08820333333333,81.08820333333333 0.9445566666666665,81.08748333333332,81.08748333333332 0.9436999999999999,81.08676333333334,81.08676333333334 0.9428383333333336,81.08604333333334,81.08604333333334 0.9419649999999999,81.08532333333332,81.08532333333332 0.9410816666666665,81.08460500000001,81.08460500000001 0.94019,81.08388833333332,81.08388833333332 0.9392916666666667,81.08317333333333,81.08317333333333 0.9383883333333334,81.08246,81.08246 0.9374766666666667,81.08174833333335,81.08174833333335 0.936555,81.08103833333332,81.08103833333332 0.9356266666666666,81.08033,81.08033 0.9346949999999999,81.07962166666665,81.07962166666665 0.933755,81.078915,81.078915 0.9328050000000001,81.07821,81.07821 0.9318433333333332,81.077505,81.077505 0.93088,81.07680166666667,81.07680166666667 0.9299133333333333,81.07609833333333,81.07609833333333 0.9289416666666667,81.075395,81.075395 0.9279633333333334,81.07469333333333,81.07469333333333 0.9269816666666665,81.07399,81.07399 0.9259966666666668,81.07328666666666,81.07328666666666 0.9250050000000001,81.07258499999999,81.07258499999999 0.9240033333333333,81.07188166666666,81.07188166666666 0.9229916666666668,81.07117833333335,81.07117833333335 0.92197,81.07047666666668,81.07047666666668 0.9209383333333333,81.06977333333332,81.06977333333332 0.9198966666666667,81.06906833333335,81.06906833333335 0.9188483333333333,81.06836499999999,81.06836499999999 0.9177899999999999,81.06765999999999,81.06765999999999 0.916725,81.06695500000002,81.06695500000002 0.9156500000000002,81.06625,81.06625 0.9145700000000001,81.06554333333334,81.06554333333334 0.9134783333333334,81.06483666666665,81.06483666666665 0.9123766666666668,81.06412999999999,81.06412999999999 0.9112683333333333,81.06342333333333,81.06342333333333 0.9101533333333334,81.06271666666666,81.06271666666666 0.9090333333333334,81.06201333333334,81.06201333333334 0.9079133333333332,81.06131,81.06131 0.9067933333333333,81.06060833333332,81.06060833333332 0.905675,81.05990833333333,81.05990833333333 0.9045583333333332,81.05921000000001,81.05921000000001 0.9034466666666666,81.05851333333332,81.05851333333332 0.9023416666666667,81.05781833333334,81.05781833333334 0.901245,81.05712333333332,81.05712333333332 0.9001566666666665,81.05642999999999,81.05642999999999 0.8990749999999998,81.05573833333332,81.05573833333332 0.8980066666666668,81.055045,81.055045 0.8969533333333333,81.05435333333334,81.05435333333334 0.89592,81.05366,81.05366 0.8949116666666667,81.05296666666666,81.05296666666666 0.8939283333333332,81.05227333333333,81.05227333333333 0.8929633333333334,81.05157833333332,81.05157833333332 0.8920133333333333,81.05088333333333,81.05088333333333 0.89108,81.05018833333334,81.05018833333334 0.8901650000000001,81.04949333333333,81.04949333333333 0.889265,81.04879666666668,81.04879666666668 0.8883850000000001,81.04810166666665,81.04810166666665 0.88752,81.047405,81.047405 0.8866683333333332,81.04670833333333,81.04670833333333 0.8858316666666668,81.04601166666667,81.04601166666667 0.885005,81.04531666666668,81.04531666666668 0.884185,81.04462,81.04462 0.8833716666666667,81.04392500000002,81.04392500000002 0.8825599999999999,81.04323166666666,81.04323166666666 0.8817483333333332,81.04253833333334,81.04253833333334 0.8809383333333334,81.04184666666667,81.04184666666667 0.8801283333333333,81.041155,81.041155 0.8793199999999999,81.04046333333335,81.04046333333335 0.8785116666666667,81.03977166666668,81.03977166666668 0.8777050000000002,81.03908,81.03908 0.876895,81.03838833333333,81.03838833333333 0.8760783333333333,81.037695,81.037695 0.8752483333333333,81.03699999999999,81.03699999999999 0.8744099999999999,81.036305,81.036305 0.8735650000000001,81.03560666666668,81.03560666666668 0.8727116666666667,81.03490833333333,81.03490833333333 0.8718499999999999,81.03420666666666,81.03420666666666 0.8709833333333333,81.03350333333333,81.03350333333333 0.8701099999999999,81.0328,81.0328 0.8692283333333334,81.032095,81.032095 0.8683383333333332,81.03139,81.03139 0.8674366666666665,81.030685,81.030685 0.8665250000000001,81.02998000000001,81.02998000000001 0.8656,81.02927666666668,81.02927666666668 0.8646633333333332,81.02857333333334,81.02857333333334 0.8637133333333333,81.02787166666667,81.02787166666667 0.8627533333333333,81.02717166666666,81.02717166666666 0.8617766666666667,81.02647166666667,81.02647166666667 0.8607883333333334,81.02577500000001,81.02577500000001 0.8597849999999999,81.02507833333335,81.02507833333335 0.8587683333333334,81.02438333333333,81.02438333333333 0.8577433333333332,81.02368999999999,81.02368999999999 0.85671,81.02299666666666,81.02299666666666 0.8556733333333334,81.02230333333334,81.02230333333334 0.8546333333333332,81.02161166666667,81.02161166666667 0.8535933333333334,81.02091833333334,81.02091833333334 0.8525516666666668,81.020225,81.020225 0.8515133333333335,81.01953166666667,81.01953166666667 0.8504766666666667,81.01883666666667,81.01883666666667 0.8494416666666668,81.01814166666666,81.01814166666666 0.8484083333333333,81.01744833333333,81.01744833333333 0.847375,81.01675166666668,81.01675166666668 0.8463433333333332,81.01605666666666,81.01605666666666 0.8453133333333332,81.01536166666665,81.01536166666665 0.8442949999999999,81.014665,81.014665 0.84329,81.01396833333334,81.01396833333334 0.842295,81.01327166666667,81.01327166666667 0.8413116666666667,81.01257333333332,81.01257333333332 0.8403483333333333,81.011875,81.011875 0.8394083333333333,81.01117666666669,81.01117666666669 0.8384866666666666,81.01047666666668,81.01047666666668 0.837575,81.009775,81.009775 0.8366716666666666,81.009075,81.009075 0.835775,81.00837333333334,81.00837333333334 0.8348783333333334,81.00767333333333,81.00767333333333 0.8339783333333333,81.00697333333332,81.00697333333332 0.833075,81.00627333333334,81.00627333333334 0.8321716666666668,81.00557333333333,81.00557333333333 0.8312633333333332,81.00487499999998,81.00487499999998 0.83035,81.00417833333333,81.00417833333333 0.829435,81.00348,81.00348 0.8285250000000001,81.00278333333334,81.00278333333334 0.8276200000000001,81.002085,81.002085 0.82672,81.00138666666668,81.00138666666668 0.825825,81.000685,81.000685 0.82494,80.99998166666666,80.99998166666666 0.824065,80.99927666666669,80.99927666666669 0.8231966666666667,80.99856833333334,80.99856833333334 0.8223400000000001,80.99785666666666,80.99785666666666 0.8214950000000001,80.99714333333334,80.99714333333334 0.8206600000000002,80.99642833333334,80.99642833333334 0.8198300000000001,80.99571,80.99571 0.8189949999999999,80.99499333333334,80.99499333333334 0.8181566666666665,80.994275,80.994275 0.8173149999999999,80.99356,80.99356 0.81647,80.992845,80.992845 0.8156216666666667,80.992135,80.992135 0.8147716666666668,80.99142499999999,80.99142499999999 0.8139200000000001,80.99071833333333,80.99071833333333 0.8130666666666666,80.990015,80.990015 0.8122083333333333,80.98931166666667,80.98931166666667 0.8113483333333332,80.98861,80.98861 0.810485,80.98790999999999,80.98790999999999 0.8096183333333333,80.98721166666667,80.98721166666667 0.8087466666666666,80.986515,80.986515 0.8078749999999999,80.98582,80.98582 0.8070033333333334,80.98512666666667,80.98512666666667 0.8061366666666667,80.98443666666668,80.98443666666668 0.8052783333333332,80.98374833333334,80.98374833333334 0.8044333333333332,80.98305999999998,80.98305999999998 0.8035983333333333,80.982375,80.982375 0.8027766666666667,80.98168833333335,80.98168833333335 0.80197,80.98100333333332,80.98100333333332 0.8011849999999999,80.98031666666667,80.98031666666667 0.8004233333333333,80.97963,80.97963 0.799675,80.97894166666667,80.97894166666667 0.7989333333333333,80.97825333333333,80.97825333333333 0.7981933333333333,80.977565,80.977565 0.7974516666666666,80.97687666666668,80.97687666666668 0.7967016666666666,80.97618666666666,80.97618666666666 0.7959433333333333,80.97549666666669,80.97549666666669 0.7951783333333333,80.974805,80.974805 0.7944100000000001,80.97411333333334,80.97411333333334 0.79364,80.97342,80.97342 0.7928683333333334,80.972725,80.972725 0.79209,80.97203,80.97203 0.79131,80.97133500000001,80.97133500000001 0.7905283333333334,80.97063833333333,80.97063833333333 0.7897416666666667,80.96994166666666,80.96994166666666 0.7889516666666667,80.969245,80.969245 0.7881599999999999,80.96854833333335,80.96854833333335 0.7873650000000001,80.96785166666668,80.96785166666668 0.7865666666666666,80.96715333333333,80.96715333333333 0.7857649999999999,80.96645666666667,80.96645666666667 0.7849616666666667,80.96575833333333,80.96575833333333 0.784165,80.96506000000001,80.96506000000001 0.7833766666666667,80.96436166666668,80.96436166666668 0.782595,80.96366166666667,80.96366166666667 0.7818183333333334,80.96296166666666,80.96296166666666 0.7810449999999999,80.96226166666668,80.96226166666668 0.7802733333333334,80.96156166666667,80.96156166666667 0.7795016666666666,80.96086166666669,80.96086166666669 0.7787316666666667,80.96016166666668,80.96016166666668 0.777965,80.95946166666667,80.95946166666667 0.777205,80.95876,80.95876 0.7764516666666667,80.95805999999999,80.95805999999999 0.775705,80.95735833333333,80.95735833333333 0.7749666666666666,80.956655,80.956655 0.7742416666666667,80.95595166666666,80.95595166666666 0.7735283333333334,80.95524833333333,80.95524833333333 0.7728266666666667,80.95454333333333,80.95454333333333 0.7721316666666667,80.95383833333334,80.95383833333334 0.7714466666666667,80.95313166666666,80.95313166666666 0.7707683333333334,80.95242666666667,80.95242666666667 0.770095,80.95172166666667,80.95172166666667 0.7694216666666668,80.95101500000001,80.95101500000001 0.7687516666666667,80.95031000000002,80.95031000000002 0.7680800000000001,80.94960500000002,80.94960500000002 0.7674,80.94889833333333,80.94889833333333 0.7666983333333334,80.94819333333334,80.94819333333334 0.7659683333333334,80.94748833333334,80.94748833333334 0.7652083333333334,80.94678333333331,80.94678333333331 0.764415,80.94607833333332,80.94607833333332 0.7635899999999999,80.94537499999998,80.94537499999998 0.7627533333333334,80.94466999999999,80.94466999999999 0.7619283333333333,80.94396499999999,80.94396499999999 0.7611133333333334,80.94325833333333,80.94325833333333 0.7603066666666668,80.94255333333334,80.94255333333334 0.7595066666666667,80.94184666666666,80.94184666666666 0.7587133333333332,80.94114,80.94114 0.7579266666666666,80.94043500000001,80.94043500000001 0.757145,80.93972833333335,80.93972833333335 0.75636,80.93902166666666,80.93902166666666 0.7555733333333333,80.938315,80.938315 0.75479,80.93761,80.93761 0.7540083333333333,80.93690499999998,80.93690499999998 0.7532216666666667,80.93619999999999,80.93619999999999 0.752425,80.93549666666665,80.93549666666665 0.75162,80.93479333333332,80.93479333333332 0.75081,80.93409166666667,80.93409166666667 0.7499983333333333,80.93338833333334,80.93338833333334 0.749185,80.93268666666667,80.93268666666667 0.7483716666666665,80.931985,80.931985 0.7475583333333332,80.93128333333335,80.93128333333335 0.746745,80.93058166666665,80.93058166666665 0.7459266666666667,80.92988166666667,80.92988166666667 0.7451033333333333,80.92918166666666,80.92918166666666 0.744275,80.92848166666666,80.92848166666666 0.7434449999999999,80.92778166666666,80.92778166666666 0.7426133333333333,80.92708333333334,80.92708333333334 0.7417750000000001,80.92638333333333,80.92638333333333 0.7409383333333334,80.92568333333332,80.92568333333332 0.7401033333333332,80.924985,80.924985 0.73927,80.924285,80.924285 0.73844,80.92358333333333,80.92358333333333 0.73761,80.92288166666667,80.92288166666667 0.7367783333333333,80.92217666666667,80.92217666666667 0.7359383333333334,80.92147166666668,80.92147166666668 0.7350916666666666,80.920765,80.920765 0.7342383333333332,80.92005666666668,80.92005666666668 0.733375,80.91934666666667,80.91934666666667 0.7324983333333333,80.91863666666666,80.91863666666666 0.7316216666666666,80.917925,80.917925 0.7307450000000001,80.91721333333332,80.91721333333332 0.729865,80.91650166666668,80.91650166666668 0.72898,80.91578833333332,80.91578833333332 0.7280916666666667,80.91507666666668,80.91507666666668 0.7272033333333333,80.91436333333331,80.91436333333331 0.7263133333333334,80.91365166666667,80.91365166666667 0.7254216666666666,80.91293833333334,80.91293833333334 0.72453,80.912225,80.912225 0.72364,80.91150999999999,80.91150999999999 0.7227483333333334,80.91079666666666,80.91079666666666 0.7218533333333333,80.91008166666666,80.91008166666666 0.7209566666666666,80.90936666666667,80.90936666666667 0.7200583333333334,80.90865166666667,80.90865166666667 0.7191616666666667,80.90793833333333,80.90793833333333 0.7182666666666666,80.90722500000001,80.90722500000001 0.7173683333333334,80.90651166666667,80.90651166666667 0.7164616666666666,80.90579833333332,80.90579833333332 0.7155533333333334,80.90508833333334,80.90508833333334 0.7146383333333334,80.90438000000002,80.90438000000002 0.7137183333333333,80.90367166666667,80.90367166666667 0.7127866666666667,80.90296666666667,80.90296666666667 0.7118450000000001,80.90226166666667,80.90226166666667 0.7109016666666667,80.90156,80.90156 0.7099616666666667,80.90085833333333,80.90085833333333 0.7090166666666665,80.90015833333335,80.90015833333335 0.7080649999999999,80.89946166666667,80.89946166666667 0.7071033333333334,80.898765,80.898765 0.706135,80.89806833333334,80.89806833333334 0.7051616666666667,80.89737500000001,80.89737500000001 0.70418,80.89668166666667,80.89668166666667 0.7031916666666667,80.89599,80.89599 0.7021983333333333,80.89529833333333,80.89529833333333 0.701195,80.89460833333334,80.89460833333334 0.7001816666666666,80.89391833333335,80.89391833333335 0.6991633333333334,80.89323,80.89323 0.698145,80.89254,80.89254 0.6971216666666666,80.89185166666667,80.89185166666667 0.6960916666666668,80.89116333333332,80.89116333333332 0.695065,80.890475,80.890475 0.694045,80.88978666666667,80.88978666666667 0.6930283333333332,80.88909833333335,80.88909833333335 0.6920183333333333,80.88841,80.88841 0.691015,80.88772333333334,80.88772333333334 0.6900200000000001,80.88703666666667,80.88703666666667 0.6890366666666665,80.88635,80.88635 0.6880583333333332,80.88566500000002,80.88566500000002 0.6870883333333333,80.88497999999998,80.88497999999998 0.6861283333333333,80.88429500000001,80.88429500000001 0.68518,80.88360999999999,80.88360999999999 0.6842400000000001,80.88292666666665,80.88292666666665 0.6833066666666666,80.88224333333332,80.88224333333332 0.68238,80.88155833333334,80.88155833333334 0.6814633333333333,80.880875,80.880875 0.68055,80.88019166666666,80.88019166666666 0.6796433333333334,80.87950833333333,80.87950833333333 0.6787366666666668,80.87882333333333,80.87882333333333 0.6778333333333333,80.87813999999999,80.87813999999999 0.6769316666666667,80.877455,80.877455 0.676035,80.87677,80.87677 0.6751433333333333,80.87608333333333,80.87608333333333 0.6742533333333333,80.87539666666667,80.87539666666667 0.6733633333333333,80.87471000000001,80.87471000000001 0.6724783333333333,80.87402333333333,80.87402333333333 0.6715966666666666,80.87333666666666,80.87333666666666 0.67072,80.87265,80.87265 0.669845,80.87196333333334,80.87196333333334 0.6689699999999998,80.87127666666667,80.87127666666667 0.6680983333333333,80.87058999999999,80.87058999999999 0.6672283333333334,80.86990500000002,80.86990500000002 0.666355,80.86921999999998,80.86921999999998 0.6654783333333333,80.86853666666666,80.86853666666666 0.6645966666666667,80.86785333333334,80.86785333333334 0.6637100000000001,80.86717166666666,80.86717166666666 0.6628183333333333,80.86649000000001,80.86649000000001 0.6619266666666667,80.86581,80.86581 0.66103,80.86513166666667,80.86513166666667 0.6601283333333333,80.86445333333333,80.86445333333333 0.65922,80.86377666666667,80.86377666666667 0.6583050000000001,80.8631,80.8631 0.6573833333333333,80.86242666666666,80.86242666666666 0.6564566666666666,80.86175333333334,80.86175333333334 0.6555216666666667,80.86107999999999,80.86107999999999 0.65458,80.86040833333333,80.86040833333333 0.6536333333333334,80.85973833333334,80.85973833333334 0.6526816666666667,80.85906833333333,80.85906833333333 0.65173,80.8584,80.8584 0.6507833333333334,80.85773166666667,80.85773166666667 0.6498366666666667,80.857065,80.857065 0.6488883333333334,80.85639833333335,80.85639833333335 0.6479383333333334,80.85573333333333,80.85573333333333 0.646995,80.85506833333334,80.85506833333334 0.6460583333333334,80.85440333333334,80.85440333333334 0.6451283333333333,80.85373666666666,80.85373666666666 0.6442016666666666,80.85307166666666,80.85307166666666 0.6432800000000001,80.85240666666667,80.85240666666667 0.6423583333333334,80.85173999999999,80.85173999999999 0.6414383333333333,80.85107500000002,80.85107500000002 0.6405150000000001,80.85040833333333,80.85040833333333 0.6395916666666667,80.84974166666666,80.84974166666666 0.6386683333333333,80.84907666666666,80.84907666666666 0.6377449999999999,80.84841,80.84841 0.6368216666666666,80.84774499999999,80.84774499999999 0.6358966666666666,80.84707833333333,80.84707833333333 0.6349716666666667,80.84641333333335,80.84641333333335 0.6340466666666666,80.84574666666668,80.84574666666668 0.6331216666666666,80.84508,80.84508 0.6322,80.84441333333334,80.84441333333334 0.6312783333333334,80.84374833333332,80.84374833333332 0.6303583333333334,80.84308333333333,80.84308333333333 0.62944,80.84241833333334,80.84241833333334 0.6285283333333334,80.84175333333332,80.84175333333332 0.6276233333333334,80.84109000000001,80.84109000000001 0.626725,80.840425,80.840425 0.62583,80.83976,80.83976 0.62494,80.839095,80.839095 0.624055,80.83842833333333,80.83842833333333 0.623175,80.83776,80.83776 0.6222983333333333,80.83709000000002,80.83709000000002 0.6214216666666666,80.83642,80.83642 0.620545,80.83575,80.83575 0.6196683333333334,80.83507833333333,80.83507833333333 0.6187883333333333,80.83440499999999,80.83440499999999 0.617905,80.83373166666668,80.83373166666668 0.6170166666666667,80.83305833333334,80.83305833333334 0.6161266666666666,80.83238333333334,80.83238333333334 0.6152366666666668,80.83170666666668,80.83170666666668 0.614345,80.83102999999998,80.83102999999998 0.6134483333333333,80.83035333333335,80.83035333333335 0.61255,80.82967666666666,80.82967666666666 0.6116483333333333,80.829,80.829 0.6107433333333333,80.82832333333333,80.82832333333333 0.6098333333333334,80.82764833333333,80.82764833333333 0.6089183333333333,80.82697333333333,80.82697333333333 0.6080016666666666,80.82630000000002,80.82630000000002 0.6070883333333333,80.82562833333334,80.82562833333334 0.6061833333333334,80.82495666666667,80.82495666666667 0.6052833333333333,80.82428666666668,80.82428666666668 0.6043866666666665,80.82361833333333,80.82361833333333 0.6034916666666666,80.82294999999999,80.82294999999999 0.6025983333333333,80.82228333333333,80.82228333333333 0.6017049999999999,80.82161666666667,80.82161666666667 0.6008066666666667,80.82095,80.82095 0.5999,80.82028333333334,80.82028333333334 0.59899,80.81961500000001,80.81961500000001 0.5980783333333334,80.81894666666668,80.81894666666668 0.5971633333333334,80.81827666666666,80.81827666666666 0.5962416666666667,80.81760833333334,80.81760833333334 0.59531,80.81693833333333,80.81693833333333 0.5943716666666667,80.81626833333334,80.81626833333334 0.5934316666666666,80.81559833333334,80.81559833333334 0.5924916666666666,80.81492666666666,80.81492666666666 0.5915533333333334,80.81425499999999,80.81425499999999 0.5906116666666668,80.813585,80.813585 0.58967,80.81291333333333,80.81291333333333 0.5887333333333333,80.81224000000002,80.81224000000002 0.5878016666666666,80.81156833333334,80.81156833333334 0.5868733333333334,80.810895,80.810895 0.5859483333333334,80.81022,80.81022 0.5850350000000001,80.80954666666666,80.80954666666666 0.584135,80.80887166666666,80.80887166666666 0.5832416666666668,80.80819666666666,80.80819666666666 0.5823533333333334,80.80752000000001,80.80752000000001 0.5814683333333334,80.80684500000001,80.80684500000001 0.5805866666666667,80.80616833333333,80.80616833333333 0.5797066666666667,80.80549166666667,80.80549166666667 0.5788199999999999,80.804815,80.804815 0.5779383333333333,80.80413833333334,80.80413833333334 0.5770600000000001,80.80345999999999,80.80345999999999 0.576185,80.80278,80.80278 0.5753066666666666,80.80210166666667,80.80210166666667 0.57443,80.80142166666666,80.80142166666666 0.57356,80.80074333333333,80.80074333333333 0.5726933333333334,80.80006333333334,80.80006333333334 0.5718266666666667,80.79938166666668,80.79938166666668 0.5709633333333335,80.79870166666666,80.79870166666666 0.5701016666666667,80.79802166666667,80.79802166666667 0.5692416666666666,80.79733999999999,80.79733999999999 0.568385,80.79665833333334,80.79665833333334 0.56753,80.79597666666668,80.79597666666668 0.5666783333333333,80.79529333333333,80.79529333333333 0.5658316666666666,80.79460999999999,80.79460999999999 0.56499,80.793925,80.793925 0.5641533333333334,80.79323833333333,80.79323833333333 0.5633150000000001,80.79255166666667,80.79255166666667 0.562475,80.79186333333335,80.79186333333335 0.5616333333333333,80.79117333333333,80.79117333333333 0.5607916666666667,80.79048333333333,80.79048333333333 0.5599466666666667,80.78979166666666,80.78979166666666 0.5590966666666667,80.78909999999998,80.78909999999998 0.5582433333333333,80.78840666666667,80.78840666666667 0.5573866666666666,80.78771333333333,80.78771333333333 0.5565266666666666,80.78702,80.78702 0.5556666666666668,80.78632666666667,80.78632666666667 0.5548133333333334,80.78563333333332,80.78563333333332 0.5539683333333334,80.78493833333333,80.78493833333333 0.5531216666666667,80.78424333333334,80.78424333333334 0.5522733333333333,80.78354833333333,80.78354833333333 0.5514266666666666,80.78285166666667,80.78285166666667 0.5505866666666667,80.78215499999999,80.78215499999999 0.5497466666666667,80.78145666666667,80.78145666666667 0.548905,80.78075833333334,80.78075833333334 0.548065,80.78005833333333,80.78005833333333 0.5472266666666666,80.77935833333332,80.77935833333332 0.5463916666666666,80.77865666666668,80.77865666666668 0.5455583333333334,80.77795333333334,80.77795333333334 0.5447233333333333,80.77724833333332,80.77724833333332 0.5438833333333334,80.77654333333332,80.77654333333332 0.5430433333333333,80.77583666666666,80.77583666666666 0.5422033333333335,80.77512833333334,80.77512833333334 0.5413633333333333,80.77442,80.77442 0.5405216666666667,80.77371,80.77371 0.5396799999999999,80.77299833333332,80.77299833333332 0.53884,80.77228833333334,80.77228833333334 0.5380016666666666,80.77157666666668,80.77157666666668 0.5371616666666666,80.77086333333334,80.77086333333334 0.5363249999999999,80.77015166666666,80.77015166666666 0.5354883333333333,80.76943833333334,80.76943833333334 0.5346550000000001,80.76872666666667,80.76872666666667 0.5338200000000001,80.76801333333333,80.76801333333333 0.5329866666666666,80.7673,80.7673 0.5321499999999999,80.76658666666667,80.76658666666667 0.5313100000000001,80.76587333333333,80.76587333333333 0.5304666666666666,80.76516000000001,80.76516000000001 0.5296183333333333,80.76444666666667,80.76444666666667 0.5287683333333334,80.76373333333332,80.76373333333332 0.5279116666666667,80.76302000000001,80.76302000000001 0.5270516666666667,80.76230499999998,80.76230499999998 0.5261883333333334,80.76159166666666,80.76159166666666 0.5253183333333333,80.76087833333332,80.76087833333332 0.5244449999999999,80.76016333333332,80.76016333333332 0.523565,80.75945,80.75945 0.5226783333333334,80.758735,80.758735 0.5217866666666667,80.75802166666666,80.75802166666666 0.52089,80.75730666666668,80.75730666666668 0.5199933333333333,80.75659166666665,80.75659166666665 0.5190966666666668,80.755875,80.755875 0.5182016666666667,80.75515833333334,80.75515833333334 0.5173066666666667,80.75444,80.75444 0.5164116666666666,80.75372000000002,80.75372000000002 0.5155183333333333,80.75300000000001,80.75300000000001 0.5146266666666667,80.75227833333334,80.75227833333334 0.5137383333333333,80.75155833333334,80.75155833333334 0.5128499999999999,80.75083500000001,80.75083500000001 0.5119633333333333,80.75011333333333,80.75011333333333 0.51108,80.74939,80.74939 0.5101983333333333,80.74866666666668,80.74866666666668 0.5093183333333333,80.74794333333332,80.74794333333332 0.50844,80.74721999999998,80.74721999999998 0.5075633333333334,80.74649666666666,80.74649666666666 0.5066866666666667,80.74577500000001,80.74577500000001 0.5058116666666667,80.74505333333332,80.74505333333332 0.5049383333333334,80.74433166666665,80.74433166666665 0.5040666666666667,80.74361,80.74361 0.5031966666666667,80.74289166666667,80.74289166666667 0.5023299999999999,80.74217166666668,80.74217166666668 0.50147,80.74145333333331,80.74145333333331 0.5006133333333332,80.74073666666666,80.74073666666666 0.49976000000000004,80.74002,80.74002 0.49890999999999996,80.73930333333332,80.73930333333332 0.49806500000000004,80.73858833333333,80.73858833333333 0.4972216666666667,80.73787166666666,80.73787166666666 0.49638166666666667,80.73715666666668,80.73715666666668 0.4955416666666667,80.73644333333334,80.73644333333334 0.4947033333333334,80.73572833333333,80.73572833333333 0.4938666666666667,80.73501333333333,80.73501333333333 0.49303,80.73429999999999,80.73429999999999 0.49219499999999994,80.73358666666667,80.73358666666667 0.49135833333333334,80.73287333333333,80.73287333333333 0.4905216666666667,80.73216,80.73216 0.4896849999999999,80.73144833333335,80.73144833333335 0.48884833333333333,80.73073666666666,80.73073666666666 0.488015,80.73002499999998,80.73002499999998 0.4871833333333334,80.72931333333332,80.72931333333332 0.4863549999999999,80.72860333333334,80.72860333333334 0.4855299999999999,80.72789333333333,80.72789333333333 0.4847099999999999,80.72718333333334,80.72718333333334 0.4838983333333334,80.726475,80.726475 0.4830933333333333,80.72576666666667,80.72576666666667 0.48229500000000003,80.72505833333334,80.72505833333334 0.4815033333333333,80.72435000000002,80.72435000000002 0.48072000000000004,80.72364166666667,80.72364166666667 0.47994,80.722935,80.722935 0.4791633333333334,80.72222833333332,80.72222833333332 0.4783866666666667,80.72152166666666,80.72152166666666 0.47760500000000006,80.72081666666666,80.72081666666666 0.4768133333333333,80.72011166666667,80.72011166666667 0.4760083333333333,80.71940666666666,80.71940666666666 0.4751883333333333,80.71870333333332,80.71870333333332 0.47435333333333335,80.71800166666667,80.71800166666667 0.4735033333333334,80.7173,80.7173 0.4726449999999999,80.71659833333332,80.71659833333332 0.47178333333333333,80.71589666666668,80.71589666666668 0.4709133333333334,80.71519499999998,80.71519499999998 0.4700350000000001,80.71449333333334,80.71449333333334 0.4691466666666667,80.71379,80.71379 0.468255,80.71308833333333,80.71308833333333 0.467365,80.712385,80.712385 0.4664733333333333,80.71168,80.71168 0.465575,80.71097666666667,80.71097666666667 0.4646683333333333,80.71027166666667,80.71027166666667 0.46375666666666665,80.70956666666665,80.70956666666665 0.46284000000000003,80.70886166666665,80.70886166666665 0.46191666666666664,80.70815666666668,80.70815666666668 0.46098,80.70745166666666,80.70745166666666 0.460035,80.70674666666666,80.70674666666666 0.45908166666666667,80.70604,80.70604 0.45811666666666667,80.705335,80.705335 0.4571383333333333,80.70463,80.70463 0.45614333333333335,80.70392333333334,80.70392333333334 0.455135,80.70321666666668,80.70321666666668 0.4541133333333333,80.70250999999999,80.70250999999999 0.453085,80.70180333333333,80.70180333333333 0.4520616666666667,80.70109333333332,80.70109333333332 0.45105166666666674,80.70038333333333,80.70038333333333 0.4500533333333333,80.69967333333334,80.69967333333334 0.4490633333333333,80.69896,80.69896 0.44808166666666666,80.69824666666666,80.69824666666666 0.44711333333333336,80.69753333333334,80.69753333333334 0.44615999999999995,80.69681833333334,80.69681833333334 0.445215,80.69610166666666,80.69610166666666 0.4442766666666667,80.69538666666666,80.69538666666666 0.44334500000000004,80.69467,80.69467 0.4424216666666666,80.69395333333333,80.69395333333333 0.44150500000000004,80.69323666666666,80.69323666666666 0.4405900000000001,80.69251999999999,80.69251999999999 0.43967833333333334,80.69180333333333,80.69180333333333 0.43876999999999994,80.69108666666665,80.69108666666665 0.43786499999999995,80.69037166666668,80.69037166666668 0.43696333333333337,80.689655,80.689655 0.4360616666666667,80.68894,80.68894 0.4351666666666667,80.68822666666667,80.68822666666667 0.43427333333333334,80.68751333333334,80.68751333333334 0.43338,80.6868,80.6868 0.4324916666666667,80.68608833333333,80.68608833333333 0.4316066666666666,80.68537666666667,80.68537666666667 0.4307266666666667,80.68466666666666,80.68466666666666 0.4298466666666667,80.68395833333334,80.68395833333334 0.42897166666666664,80.68324999999999,80.68324999999999 0.42811333333333346,80.68254166666667,80.68254166666667 0.4272633333333333,80.68183166666667,80.68183166666667 0.42641333333333337,80.68112333333335,80.68112333333335 0.42556499999999997,80.680415,80.680415 0.4247216666666666,80.67970666666668,80.67970666666668 0.42388166666666677,80.67899666666666,80.67899666666666 0.4230383333333334,80.67828833333333,80.67828833333333 0.42219166666666663,80.67757666666665,80.67757666666665 0.42134166666666667,80.67686666666667,80.67686666666667 0.4204899999999999,80.676155,80.676155 0.4196333333333333,80.67544333333333,80.67544333333333 0.41877333333333333,80.67473,80.67473 0.417905,80.67401666666666,80.67401666666666 0.417035,80.67330333333334,80.67330333333334 0.4161616666666667,80.67258833333334,80.67258833333334 0.41528166666666666,80.67187333333332,80.67187333333332 0.4143966666666667,80.67115833333335,80.67115833333335 0.41351,80.67044166666666,80.67044166666666 0.41262166666666666,80.66972500000001,80.66972500000001 0.4117366666666667,80.66900666666666,80.66900666666666 0.41085333333333335,80.66828999999998,80.66828999999998 0.40997666666666666,80.66757166666666,80.66757166666666 0.4091116666666667,80.66685333333332,80.66685333333332 0.40825333333333336,80.666135,80.666135 0.40739666666666663,80.66541833333335,80.66541833333335 0.4065383333333334,80.6647,80.6647 0.40568499999999996,80.66398333333335,80.66398333333335 0.40483,80.66326666666666,80.66326666666666 0.40397333333333335,80.66255000000001,80.66255000000001 0.40310833333333335,80.66183500000001,80.66183500000001 0.4022383333333333,80.66111833333333,80.66111833333333 0.40136499999999997,80.660405,80.660405 0.40049166666666663,80.65969,80.65969 0.39961500000000005,80.65897666666667,80.65897666666667 0.39873666666666663,80.65826333333334,80.65826333333334 0.39785333333333334,80.65755166666666,80.65755166666666 0.3969683333333333,80.65684,80.65684 0.39607999999999993,80.65612833333333,80.65612833333333 0.39519000000000004,80.65541833333334,80.65541833333334 0.39429666666666674,80.65470833333333,80.65470833333333 0.39340166666666665,80.65399833333333,80.65399833333333 0.39250666666666667,80.65328833333332,80.65328833333332 0.39161000000000007,80.65258,80.65258 0.39071333333333325,80.65187166666665,80.65187166666665 0.389815,80.65116333333333,80.65116333333333 0.3889166666666667,80.650455,80.650455 0.3880166666666666,80.64974833333333,80.64974833333333 0.387115,80.64904166666668,80.64904166666668 0.3862133333333333,80.64833666666668,80.64833666666668 0.38530833333333336,80.64762999999999,80.64762999999999 0.38440166666666664,80.646925,80.646925 0.3834933333333333,80.64622,80.64622 0.38258166666666665,80.645515,80.645515 0.38166833333333333,80.64481,80.64481 0.38075333333333333,80.64410500000001,80.64410500000001 0.3798333333333333,80.64339833333332,80.64339833333332 0.37890999999999997,80.64269333333333,80.64269333333333 0.37798166666666666,80.64198666666667,80.64198666666667 0.3770483333333333,80.64127833333333,80.64127833333333 0.3761116666666667,80.64057166666667,80.64057166666667 0.37517333333333336,80.63986333333335,80.63986333333335 0.3742316666666667,80.63915333333331,80.63915333333331 0.37328833333333333,80.63844333333333,80.63844333333333 0.3723416666666667,80.63773166666667,80.63773166666667 0.37139666666666665,80.63702166666668,80.63702166666668 0.37045,80.63631000000001,80.63631000000001 0.36950333333333335,80.63559833333333,80.63559833333333 0.36854833333333337,80.63488833333334,80.63488833333334 0.36759000000000003,80.63417666666666,80.63417666666666 0.3666283333333333,80.63346666666665,80.63346666666665 0.3656666666666667,80.63275666666667,80.63275666666667 0.3647033333333334,80.63204833333333,80.63204833333333 0.36373333333333335,80.63134000000001,80.63134000000001 0.3627566666666666,80.63063333333332,80.63063333333332 0.36178,80.62992833333332,80.62992833333332 0.3608016666666667,80.62922333333333,80.62922333333333 0.35982333333333333,80.62851833333333,80.62851833333333 0.3588483333333334,80.627815,80.627815 0.3578766666666666,80.62711166666666,80.62711166666666 0.3569116666666666,80.62640833333333,80.62640833333333 0.35595499999999997,80.625705,80.625705 0.35501,80.62500333333335,80.62500333333335 0.3540716666666667,80.62430166666665,80.62430166666665 0.3531416666666667,80.62360166666667,80.62360166666667 0.35222000000000003,80.62290166666666,80.62290166666666 0.35130666666666666,80.6222,80.6222 0.35039666666666663,80.62150166666666,80.62150166666666 0.34949,80.62080166666665,80.62080166666665 0.3485866666666666,80.62010333333333,80.62010333333333 0.34768499999999997,80.61940333333335,80.61940333333335 0.3467866666666667,80.618705,80.618705 0.34588833333333335,80.61800666666666,80.61800666666666 0.3449866666666667,80.61730833333333,80.61730833333333 0.3440833333333333,80.61661000000001,80.61661000000001 0.34318,80.61591166666666,80.61591166666666 0.3422783333333333,80.615215,80.615215 0.341375,80.61451666666667,80.61451666666667 0.3404716666666667,80.61381833333333,80.61381833333333 0.33957,80.61311999999998,80.61311999999998 0.3386733333333333,80.61242166666666,80.61242166666666 0.33777666666666667,80.61172166666668,80.61172166666668 0.33688333333333337,80.61102333333334,80.61102333333334 0.3359916666666667,80.610325,80.610325 0.33510500000000004,80.60962666666666,80.60962666666666 0.334225,80.60892666666668,80.60892666666668 0.33334166666666665,80.60822666666667,80.60822666666667 0.3324566666666666,80.60752666666669,80.60752666666669 0.33156833333333335,80.60682666666668,80.60682666666668 0.33068166666666665,80.60612666666667,80.60612666666667 0.3297933333333334,80.605425,80.605425 0.3289016666666667,80.60472333333334,80.60472333333334 0.32800999999999997,80.60402,80.60402 0.3271216666666667,80.60331833333333,80.60331833333333 0.326235,80.602615,80.602615 0.325345,80.60191166666667,80.60191166666667 0.32445833333333335,80.60120833333333,80.60120833333333 0.32357500000000006,80.600505,80.600505 0.32269333333333333,80.59980166666666,80.59980166666666 0.321815,80.59909999999999,80.59909999999999 0.3209383333333333,80.59839833333332,80.59839833333332 0.32006666666666667,80.59769666666665,80.59769666666665 0.3192033333333333,80.59699666666667,80.59699666666667 0.31834333333333337,80.59629666666666,80.59629666666666 0.31748333333333334,80.59559666666668,80.59559666666668 0.316625,80.59490000000001,80.59490000000001 0.3157683333333334,80.59420166666666,80.59420166666666 0.31491,80.59350500000001,80.59350500000001 0.31404333333333334,80.59280999999999,80.59280999999999 0.31317,80.59211333333333,80.59211333333333 0.31229,80.59141666666666,80.59141666666666 0.31139833333333333,80.59072166666667,80.59072166666667 0.31049166666666667,80.59002500000001,80.59002500000001 0.309575,80.58933,80.58933 0.30865,80.58863333333335,80.58863333333335 0.3077166666666667,80.58793833333335,80.58793833333335 0.30677166666666666,80.58724000000001,80.58724000000001 0.3058166666666667,80.58654333333334,80.58654333333334 0.304855,80.58584499999999,80.58584499999999 0.30388666666666664,80.58514666666667,80.58514666666667 0.3029183333333333,80.58444666666666,80.58444666666666 0.30195500000000003,80.58374666666668,80.58374666666668 0.30099000000000004,80.58304666666668,80.58304666666668 0.3000233333333333,80.582345,80.582345 0.29906000000000005,80.581645,80.581645 0.2980983333333333,80.58094166666666,80.58094166666666 0.2971416666666666,80.58024,80.58024 0.2961833333333333,80.579535,80.579535 0.29522499999999996,80.57883,80.57883 0.2942633333333333,80.578125,80.578125 0.29329666666666665,80.57742,80.57742 0.292325,80.57671333333332,80.57671333333332 0.2913483333333333,80.57600833333332,80.57600833333332 0.29036666666666666,80.57530333333335,80.57530333333335 0.28938166666666665,80.57459833333336,80.57459833333336 0.2883966666666667,80.57389333333333,80.57389333333333 0.28741166666666673,80.57319,80.57319 0.28642833333333334,80.572485,80.572485 0.2854466666666667,80.57178166666667,80.57178166666667 0.2844716666666666,80.57107666666667,80.57107666666667 0.28350666666666663,80.57037166666667,80.57037166666667 0.282555,80.56966666666668,80.56966666666668 0.2816183333333333,80.56895999999999,80.56895999999999 0.280695,80.56825166666665,80.56825166666665 0.27978333333333333,80.56754166666667,80.56754166666667 0.2788833333333333,80.56683,80.56683 0.27799833333333335,80.56611833333332,80.56611833333332 0.27712333333333333,80.565405,80.565405 0.2762616666666667,80.56469166666669,80.56469166666669 0.2754133333333333,80.56397833333332,80.56397833333332 0.2745883333333333,80.563265,80.563265 0.2737833333333333,80.56255166666666,80.56255166666666 0.2729933333333333,80.56183833333333,80.56183833333333 0.272215,80.561125,80.561125 0.27144999999999997,80.56041333333333,80.56041333333333 0.270695,80.55970166666665,80.55970166666665 0.269945,80.55899,80.55899 0.269195,80.55828000000001,80.55828000000001 0.268445,80.55757166666666,80.55757166666666 0.2676966666666667,80.55686333333334,80.55686333333334 0.26694833333333334,80.55615666666665,80.55615666666665 0.2662,80.55545,80.55545 0.26544999999999996,80.554745,80.554745 0.26470166666666667,80.55403833333334,80.55403833333334 0.26395,80.553335,80.553335 0.263195,80.55263,80.55263 0.26243333333333335,80.55192666666667,80.55192666666667 0.26167,80.55122333333334,80.55122333333334 0.26090333333333326,80.55052,80.55052 0.2601366666666667,80.54981666666666,80.54981666666666 0.25937333333333334,80.549115,80.549115 0.25861666666666666,80.54841166666667,80.54841166666667 0.257865,80.54771166666666,80.54771166666666 0.25711333333333336,80.54701166666668,80.54701166666668 0.25635833333333335,80.54631166666667,80.54631166666667 0.25560333333333335,80.54561333333332,80.54561333333332 0.25484833333333334,80.54491666666667,80.54491666666667 0.25408833333333336,80.54422166666666,80.54422166666666 0.25332499999999997,80.54352833333336,80.54352833333336 0.2525616666666667,80.542835,80.542835 0.25179166666666664,80.542145,80.542145 0.251015,80.54145333333334,80.54145333333334 0.25023166666666663,80.54076499999998,80.54076499999998 0.24944166666666664,80.54007666666666,80.54007666666666 0.24864499999999998,80.53939,80.53939 0.24784333333333336,80.538705,80.538705 0.24703500000000006,80.53802,80.53802 0.24621500000000002,80.537335,80.537335 0.24538666666666667,80.53665166666666,80.53665166666666 0.2445483333333333,80.53596999999999,80.53596999999999 0.2437,80.53528666666665,80.53528666666665 0.242845,80.534605,80.534605 0.24198000000000003,80.53392333333332,80.53392333333332 0.24111,80.53324166666667,80.53324166666667 0.24023499999999998,80.53256,80.53256 0.23935499999999998,80.53187833333332,80.53187833333332 0.23846999999999996,80.53119666666667,80.53119666666667 0.23757833333333334,80.530515,80.530515 0.23668,80.52983333333333,80.52983333333333 0.23578333333333337,80.52914999999999,80.52914999999999 0.23489000000000002,80.52846666666665,80.52846666666665 0.2339983333333333,80.52778333333333,80.52778333333333 0.23311,80.5271,80.5271 0.23223,80.526415,80.526415 0.23135666666666668,80.52573,80.52573 0.23049166666666665,80.52504666666667,80.52504666666667 0.22963333333333333,80.52436166666666,80.52436166666666 0.22878333333333337,80.52367666666666,80.52367666666666 0.227945,80.52299166666667,80.52299166666667 0.227115,80.52230666666667,80.52230666666667 0.22629333333333335,80.52162,80.52162 0.2254833333333333,80.52093333333335,80.52093333333335 0.2246833333333333,80.52024666666665,80.52024666666665 0.22389500000000004,80.51956,80.51956 0.22311666666666669,80.51887,80.51887 0.22235000000000002,80.51818166666666,80.51818166666666 0.221595,80.51749166666667,80.51749166666667 0.22085166666666664,80.5168,80.5168 0.22011333333333333,80.51610833333335,80.51610833333335 0.219375,80.51541666666668,80.51541666666668 0.21863333333333332,80.514725,80.514725 0.21788833333333332,80.51403333333333,80.51403333333333 0.21713666666666667,80.51334333333332,80.51334333333332 0.21637333333333333,80.51265166666667,80.51265166666667 0.21560333333333334,80.51196333333334,80.51196333333334 0.2148383333333333,80.51127333333334,80.51127333333334 0.214105,80.510585,80.510585 0.21343,80.509895,80.509895 0.21283499999999997,80.50920500000001,80.50920500000001 0.21234499999999998,80.508515,80.508515 0.21197,80.50782166666667,80.50782166666667 0.21170666666666665,80.50713000000002,80.50713000000002 0.21156333333333333,80.50643666666666,80.50643666666666 0.21154166666666668,80.50574333333334,80.50574333333334 0.21163500000000005,80.50505166666667,80.50505166666667 0.21182999999999996,80.50436,80.50436 0.21211666666666665,80.50366833333332,80.50366833333332 0.21249166666666663,80.50297833333335,80.50297833333335 0.21295333333333336,80.50228999999999,80.50228999999999 0.21350166666666667,80.50160333333334,80.50160333333334 0.21413666666666667,80.50091833333333,80.50091833333333 0.21485833333333335,80.50023666666665,80.50023666666665 0.21566833333333332,80.49955666666666,80.49955666666666 0.21656499999999998,80.49888166666666,80.49888166666666 0.21753833333333336,80.49820999999999,80.49820999999999 0.21859333333333333,80.49754333333333,80.49754333333333 0.219735,80.49687999999999,80.49687999999999 0.22096166666666664,80.49622166666666,80.49622166666666 0.22226333333333334,80.49556833333334,80.49556833333334 0.22364166666666666,80.49491833333332,80.49491833333332 0.2250966666666667,80.49427166666665,80.49427166666665 0.22663333333333338,80.49363,80.49363 0.22826333333333332,80.49299333333333,80.49299333333333 0.23000666666666666,80.49236333333333,80.49236333333333 0.231875,80.49174333333333,80.49174333333333 0.23388166666666668,80.49113166666667,80.49113166666667 0.23603499999999997,80.49053333333333,80.49053333333333 0.23833166666666666,80.48994833333334,80.48994833333334 0.24075833333333332,80.48937666666667,80.48937666666667 0.24331500000000003,80.48882166666668,80.48882166666668 0.24601000000000003,80.48828333333333,80.48828333333333 0.24884166666666666,80.48776333333333,80.48776333333333 0.251795,80.48726166666665,80.48726166666665 0.254865,80.48677666666667,80.48677666666667 0.2580616666666667,80.48631499999999,80.48631499999999 0.2613933333333333,80.48587666666667,80.48587666666667 0.26485,80.48546333333334,80.48546333333334 0.26842,80.48507333333333,80.48507333333333 0.27209166666666673,80.48470666666667,80.48470666666667 0.27586666666666665,80.48436166666666,80.48436166666666 0.27973333333333333,80.48403833333334,80.48403833333334 0.2836883333333333,80.483735,80.483735 0.2877216666666667,80.48345,80.48345 0.2918266666666667,80.48318333333334,80.48318333333334 0.2959866666666667,80.48293166666667,80.48293166666667 0.30018,80.48269,80.48269 0.3043933333333333,80.48245833333333,80.48245833333333 0.3086216666666666,80.48223333333333,80.48223333333333 0.3128583333333333,80.48201333333334,80.48201333333334 0.3171016666666666,80.48179833333333,80.48179833333333 0.32134999999999997,80.481585,80.481585 0.3256,80.481375,80.481375 0.329855,80.48116666666668,80.48116666666668 0.3341133333333334,80.48095833333332,80.48095833333332 0.3383716666666666,80.48075,80.48075 0.34262666666666663,80.48054333333333,80.48054333333333 0.34687999999999997,80.480335,80.480335 0.35113500000000003,80.48013,80.48013 0.35539333333333334,80.47992833333332,80.47992833333332 0.359655,80.47973166666668,80.47973166666668 0.36392499999999994,80.47954,80.47954 0.3682066666666667,80.47935166666666,80.47935166666666 0.3724983333333333,80.47917000000001,80.47917000000001 0.3768,80.47899166666667,80.47899166666667 0.3811116666666667,80.47881999999998,80.47881999999998 0.38543166666666673,80.47865166666668,80.47865166666668 0.3897583333333334,80.47848833333333,80.47848833333333 0.3940933333333334,80.47832833333334,80.47832833333334 0.39843500000000004,80.47817166666665,80.47817166666665 0.40278166666666665,80.47801833333334,80.47801833333334 0.4071333333333333,80.47786833333333,80.47786833333333 0.4114883333333334,80.47772166666665,80.47772166666665 0.41584333333333334,80.47757499999999,80.47757499999999 0.42020166666666664,80.47743166666667,80.47743166666667 0.42456000000000005,80.47729,80.47729 0.42891833333333335,80.47715,80.47715 0.43327499999999997,80.47701,80.47701 0.4376316666666667,80.47686999999999,80.47686999999999 0.44198833333333337,80.47673166666667,80.47673166666667 0.4463416666666667,80.47659499999999,80.47659499999999 0.4506949999999999,80.47645833333331,80.47645833333331 0.45504666666666665,80.47632166666666,80.47632166666666 0.4593966666666667,80.47618666666668,80.47618666666668 0.4637466666666667,80.47605166666668,80.47605166666668 0.46809,80.47591666666666,80.47591666666666 0.47242666666666666,80.47578166666668,80.47578166666668 0.476755,80.475645,80.475645 0.48107666666666665,80.475505,80.475505 0.48539333333333334,80.47536666666666,80.47536666666666 0.4897033333333333,80.47522833333335,80.47522833333335 0.4940033333333333,80.47508833333335,80.47508833333335 0.4982933333333333,80.47494833333334,80.47494833333334 0.5025733333333333,80.47481,80.47481 0.5068433333333333,80.47467,80.47467 0.5111066666666666,80.47453333333333,80.47453333333333 0.5153599999999999,80.47439666666666,80.47439666666666 0.5196033333333334,80.47426166666668,80.47426166666668 0.5238416666666666,80.47412833333333,80.47412833333333 0.528075,80.47399999999999,80.47399999999999 0.5322983333333333,80.47387166666667,80.47387166666667 0.536515,80.473745,80.473745 0.5407266666666668,80.47362,80.47362 0.5449333333333333,80.47349666666666,80.47349666666666 0.5491383333333334,80.473375,80.473375 0.5533433333333334,80.473255,80.473255 0.5575466666666667,80.47313333333332,80.47313333333332 0.561745,80.473015,80.473015 0.5659383333333333,80.47289666666667,80.47289666666667 0.5701250000000001,80.47277999999999,80.47277999999999 0.5743083333333333,80.47266166666667,80.47266166666667 0.5784849999999999,80.47254500000001,80.47254500000001 0.5826566666666667,80.47242666666666,80.47242666666666 0.586825,80.47231000000001,80.47231000000001 0.5909883333333333,80.47219166666667,80.47219166666667 0.5951483333333333,80.47207333333336,80.47207333333336 0.5993083333333333,80.47195499999998,80.47195499999998 0.6034666666666666,80.47183833333332,80.47183833333332 0.6076266666666666,80.47172166666665,80.47172166666665 0.6117849999999999,80.471605,80.471605 0.6159433333333334,80.47148666666668,80.47148666666668 0.6201016666666667,80.47136833333333,80.47136833333333 0.6242616666666667,80.47125333333334,80.47125333333334 0.6284250000000001,80.47113833333331,80.47113833333331 0.6325883333333334,80.47102499999998,80.47102499999998 0.6367533333333333,80.47090999999999,80.47090999999999 0.6409166666666666,80.47079333333333,80.47079333333333 0.6450733333333334,80.47066833333332,80.47066833333332 0.6492266666666666,80.47054,80.47054 0.6533816666666666,80.47041,80.47041 0.657535,80.47027833333334,80.47027833333334 0.6616849999999999,80.47014166666666,80.47014166666666 0.6658333333333334,80.47000333333334,80.47000333333334 0.6699783333333333,80.46986333333332,80.46986333333332 0.6741233333333333,80.46972166666666,80.46972166666666 0.6782666666666667,80.46958,80.46958 0.6824066666666667,80.46943666666667,80.46943666666667 0.6865399999999999,80.46929166666668,80.46929166666668 0.69067,80.46914833333335,80.46914833333335 0.6947966666666667,80.46900666666669,80.46900666666669 0.6989233333333333,80.46886666666666,80.46886666666666 0.70305,80.46873000000001,80.46873000000001 0.7071766666666666,80.46859500000001,80.46859500000001 0.7113066666666668,80.46846166666666,80.46846166666666 0.715435,80.46833,80.46833 0.71956,80.4682,80.4682 0.7236816666666668,80.46806666666666,80.46806666666666 0.7277983333333334,80.46793166666667,80.46793166666667 0.7319083333333333,80.467795,80.467795 0.7360116666666666,80.46765333333333,80.46765333333333 0.7401066666666666,80.46750833333334,80.46750833333334 0.7441983333333333,80.46736,80.46736 0.7482816666666667,80.46721000000001,80.46721000000001 0.7523616666666667,80.46705499999999,80.46705499999999 0.7564366666666668,80.46689666666666,80.46689666666666 0.76051,80.466735,80.466735 0.7645833333333334,80.46657,80.46657 0.7686616666666668,80.466405,80.466405 0.7727449999999999,80.46623999999998,80.46623999999998 0.77683,80.46607333333334,80.46607333333334 0.7809183333333333,80.46590666666667,80.46590666666667 0.7850100000000001,80.46574,80.46574 0.7891016666666667,80.46557500000002,80.46557500000002 0.7931933333333333,80.46540833333334,80.46540833333334 0.7972816666666667,80.46524166666667,80.46524166666667 0.8013666666666667,80.46507333333334,80.46507333333334 0.8054483333333332,80.46490666666666,80.46490666666666 0.809525,80.46473999999999,80.46473999999999 0.8136000000000001,80.46457000000001,80.46457000000001 0.8176716666666665,80.46440166666666,80.46440166666666 0.8217400000000001,80.46423166666666,80.46423166666666 0.8258049999999999,80.46406166666667,80.46406166666667 0.8298666666666668,80.46389,80.46389 0.8339266666666668,80.46371833333332,80.46371833333332 0.837985,80.463545,80.463545 0.8420466666666666,80.46337000000001,80.46337000000001 0.8461099999999999,80.46319666666666,80.46319666666666 0.8501766666666666,80.46302166666666,80.46302166666666 0.8542466666666667,80.46284500000002,80.46284500000002 0.8583166666666667,80.46266666666668,80.46266666666668 0.8623849999999998,80.462485,80.462485 0.8664516666666667,80.46230000000001,80.46230000000001 0.8705116666666667,80.46211166666666,80.46211166666666 0.8745649999999999,80.46192,80.46192 0.8786133333333332,80.46172666666666,80.46172666666666 0.8826549999999999,80.46153,80.46153 0.8866933333333333,80.46133166666667,80.46133166666667 0.8907266666666667,80.46113166666667,80.46113166666667 0.8947583333333333,80.46093166666665,80.46093166666665 0.8987883333333333,80.46073166666666,80.46073166666666 0.9028199999999998,80.46053333333333,80.46053333333333 0.906855,80.46033333333334,80.46033333333334 0.9108933333333334,80.46013500000001,80.46013500000001 0.9149366666666665,80.45993499999999,80.45993499999999 0.9189866666666666,80.45973666666666,80.45973666666666 0.9230449999999999,80.45953833333333,80.45953833333333 0.927115,80.45934,80.45934 0.9311966666666668,80.45914333333333,80.45914333333333 0.9352933333333334,80.458945,80.458945 0.9394016666666668,80.45874666666667,80.45874666666667 0.9435199999999999,80.45855,80.45855 0.9476466666666665,80.45835166666667,80.45835166666667 0.9517766666666667,80.45815166666667,80.45815166666667 0.9559116666666667,80.45795000000001,80.45795000000001 0.9600483333333333,80.45774833333333,80.45774833333333 0.9641866666666667,80.45754499999998,80.45754499999998 0.9683266666666668,80.45733833333334,80.45733833333334 0.9724633333333333,80.45713166666665,80.45713166666665 0.9765950000000001,80.45692333333332,80.45692333333332 0.9807233333333334,80.45671333333334,80.45671333333334 0.984845,80.45650166666665,80.45650166666665 0.9889600000000001,80.45629000000001,80.45629000000001 0.9930716666666667,80.456075,80.456075 0.9971783333333335,80.45586,80.45586 1.0012850000000002,80.455645,80.455645 1.0053916666666665,80.45542833333333,80.45542833333333 1.0095,80.45521166666667,80.45521166666667 1.01361,80.45499499999998,80.45499499999998 1.017725,80.45478,80.45478 1.0218466666666666,80.45456333333334,80.45456333333334 1.0259766666666665,80.45435,80.45435 1.0301166666666668,80.454135,80.454135 1.0342633333333335,80.45392,80.45392 1.0384233333333335,80.45370666666666,80.45370666666666 1.0425916666666666,80.45349333333334,80.45349333333334 1.0467666666666666,80.45328,80.45328 1.0509466666666665,80.453065,80.453065 1.055135,80.45285166666666,80.45285166666666 1.0593283333333334,80.45263833333334,80.45263833333334 1.0635333333333332,80.45242333333334,80.45242333333334 1.0677466666666666,80.45221000000001,80.45221000000001 1.0719666666666667,80.45199666666666,80.45199666666666 1.0761916666666667,80.45178500000002,80.45178500000002 1.0804183333333335,80.45157333333333,80.45157333333333 1.0846466666666668,80.45136166666666,80.45136166666666 1.0888733333333336,80.45114833333334,80.45114833333334 1.0930966666666666,80.450935,80.450935 1.0973183333333334,80.45072,80.45072 1.101535,80.45050499999999,80.45050499999999 1.105743333333333,80.45028833333333,80.45028833333333 1.1099433333333333,80.45007000000001,80.45007000000001 1.114138333333333,80.44985166666667,80.44985166666667 1.1183266666666667,80.44963333333332,80.44963333333332 1.1225083333333332,80.44941333333334,80.44941333333334 1.1266816666666666,80.44919333333335,80.44919333333335 1.130845,80.44897166666668,80.44897166666668 1.1350016666666665,80.44875,80.44875 1.1391516666666666,80.44852833333333,80.44852833333333 1.143295,80.44830499999999,80.44830499999999 1.1474350000000002,80.44808333333333,80.44808333333333 1.1515716666666667,80.44785999999999,80.44785999999999 1.1557033333333335,80.44763833333332,80.44763833333332 1.1598300000000001,80.447415,80.447415 1.163955,80.44719,80.44719 1.1680733333333333,80.446965,80.446965 1.1721883333333334,80.44673833333331,80.44673833333331 1.1762983333333334,80.44651166666665,80.44651166666665 1.1804083333333333,80.44628333333333,80.44628333333333 1.1845166666666669,80.44605499999999,80.44605499999999 1.1886266666666665,80.44582666666666,80.44582666666666 1.1927383333333332,80.4456,80.4456 1.1968516666666664,80.44537166666667,80.44537166666667 1.200966666666667,80.44514333333335,80.44514333333335 1.2050833333333335,80.44491666666666,80.44491666666666 1.2092016666666667,80.44468833333333,80.44468833333333 1.2133199999999997,80.44446166666667,80.44446166666667 1.2174416666666668,80.44423333333334,80.44423333333334 1.2215666666666667,80.44400499999999,80.44400499999999 1.2256933333333333,80.44377666666666,80.44377666666666 1.2298250000000002,80.44354833333334,80.44354833333334 1.2339583333333333,80.44331833333334,80.44331833333334 1.2380966666666666,80.44308833333332,80.44308833333332 1.2422400000000002,80.44286,80.44286 1.2463883333333332,80.44262999999998,80.44262999999998 1.2505383333333333,80.44240166666665,80.44240166666665 1.25469,80.44217166666667,80.44217166666667 1.2588433333333335,80.44194166666666,80.44194166666666 1.2629966666666665,80.44171166666668,80.44171166666668 1.267148333333333,80.44148333333332,80.44148333333332 1.2713,80.44125333333334,80.44125333333334 1.27545,80.44102333333332,80.44102333333332 1.2795983333333334,80.440795,80.440795 1.2837466666666666,80.440565,80.440565 1.2878916666666669,80.44033666666667,80.44033666666667 1.2920366666666667,80.44010666666668,80.44010666666668 1.2961783333333334,80.43987833333335,80.43987833333335 1.3003166666666668,80.43964833333334,80.43964833333334 1.3044533333333332,80.43942000000001,80.43942000000001 1.3085900000000001,80.43919333333332,80.43919333333332 1.312725,80.438965,80.438965 1.3168633333333333,80.43874,80.43874 1.3210033333333333,80.43851333333333,80.43851333333333 1.3251416666666667,80.43828833333333,80.43828833333333 1.329281666666667,80.43806333333333,80.43806333333333 1.3334200000000003,80.43783833333333,80.43783833333333 1.3375616666666665,80.437615,80.437615 1.3417033333333335,80.43739166666666,80.43739166666666 1.3458466666666666,80.43717000000001,80.43717000000001 1.3499933333333334,80.43694666666667,80.43694666666667 1.3541400000000001,80.43672666666666,80.43672666666666 1.358288333333333,80.43650666666667,80.43650666666667 1.3624383333333334,80.43628833333334,80.43628833333334 1.3665883333333335,80.43607166666668,80.43607166666668 1.3707366666666667,80.43585500000002,80.43585500000002 1.374885,80.43563999999999,80.43563999999999 1.3790316666666667,80.43542666666667,80.43542666666667 1.38318,80.435215,80.435215 1.3873300000000002,80.43500166666665,80.43500166666665 1.39148,80.43479,80.43479 1.3956316666666666,80.43457666666666,80.43457666666666 1.3997883333333334,80.43436333333335,80.43436333333335 1.4039483333333334,80.43415,80.43415 1.408115,80.43393833333333,80.43393833333333 1.412285,80.43372500000001,80.43372500000001 1.4164583333333334,80.43351333333334,80.43351333333334 1.4206333333333334,80.4333,80.4333 1.4248116666666664,80.43308666666665,80.43308666666665 1.4289900000000002,80.43287,80.43287 1.4331683333333332,80.43265333333333,80.43265333333333 1.437345,80.432435,80.432435 1.4415216666666666,80.43221499999999,80.43221499999999 1.4457,80.43199666666666,80.43199666666666 1.4498783333333334,80.43177833333334,80.43177833333334 1.4540583333333332,80.43156166666667,80.43156166666667 1.4582416666666667,80.43134499999998,80.43134499999998 1.462425,80.43112833333332,80.43112833333332 1.4666083333333333,80.43091333333334,80.43091333333334 1.4707899999999998,80.43069833333334,80.43069833333334 1.4749716666666666,80.43048333333334,80.43048333333334 1.4791500000000002,80.43027,80.43027 1.4833250000000002,80.430055,80.430055 1.4874933333333331,80.42983666666667,80.42983666666667 1.4916566666666666,80.42961666666666,80.42961666666666 1.495815,80.429395,80.429395 1.4999750000000003,80.42917,80.42917 1.5041366666666667,80.428945,80.428945 1.508305,80.42871666666666,80.42871666666666 1.512476666666667,80.42848833333333,80.42848833333333 1.5166516666666665,80.42825833333335,80.42825833333335 1.520828333333333,80.42802666666667,80.42802666666667 1.5250099999999998,80.42779333333333,80.42779333333333 1.5291916666666667,80.42756,80.42756 1.5333766666666666,80.427325,80.427325 1.5375583333333334,80.42708999999999,80.42708999999999 1.5417366666666668,80.426855,80.426855 1.545915,80.42662166666666,80.42662166666666 1.5500883333333335,80.42639000000001,80.42639000000001 1.5542583333333337,80.42616,80.42616 1.5584216666666668,80.42593166666667,80.42593166666667 1.56258,80.42570500000001,80.42570500000001 1.5667316666666666,80.42548000000001,80.42548000000001 1.570875,80.42525666666667,80.42525666666667 1.5750099999999998,80.425035,80.425035 1.579135,80.42481500000001,80.42481500000001 1.5832483333333336,80.42459333333333,80.42459333333333 1.5873533333333332,80.42437166666666,80.42437166666666 1.5914483333333331,80.42414999999998,80.42414999999998 1.5955333333333335,80.42392833333334,80.42392833333334 1.5996099999999998,80.42370666666667,80.42370666666667 1.6036816666666667,80.42348666666666,80.42348666666666 1.6077466666666664,80.42326666666665,80.42326666666665 1.611805,80.423045,80.423045 1.6158566666666667,80.42282333333333,80.42282333333333 1.6199066666666666,80.42260333333334,80.42260333333334 1.6239549999999996,80.42238333333333,80.42238333333333 1.628001666666667,80.42216333333333,80.42216333333333 1.6320466666666666,80.42194333333335,80.42194333333335 1.6360900000000003,80.42172333333333,80.42172333333333 1.640135,80.42150333333335,80.42150333333335 1.64418,80.42128333333334,80.42128333333334 1.6482233333333336,80.42106333333332,80.42106333333332 1.6522666666666666,80.42084333333332,80.42084333333332 1.6563083333333335,80.42062333333334,80.42062333333334 1.6603500000000002,80.42040333333333,80.42040333333333 1.6643900000000003,80.42018333333334,80.42018333333334 1.6684250000000003,80.419965,80.419965 1.6724583333333334,80.41974666666665,80.41974666666665 1.676486666666667,80.41952833333333,80.41952833333333 1.6805133333333335,80.41931333333333,80.41931333333333 1.6845350000000003,80.41909666666666,80.41909666666666 1.6885483333333333,80.41888333333333,80.41888333333333 1.6925550000000003,80.41866833333333,80.41866833333333 1.6965549999999998,80.41845499999998,80.41845499999998 1.7005483333333338,80.41824333333334,80.41824333333334 1.7045366666666668,80.41803166666668,80.41803166666668 1.7085183333333334,80.41782,80.41782 1.7124949999999997,80.41760999999998,80.41760999999998 1.7164683333333333,80.4174,80.4174 1.7204350000000002,80.41719166666667,80.41719166666667 1.7243983333333333,80.41698333333333,80.41698333333333 1.728355,80.41677500000002,80.41677500000002 1.7323066666666667,80.41657000000001,80.41657000000001 1.7362516666666663,80.41636333333332,80.41636333333332 1.7401883333333337,80.41615833333334,80.41615833333334 1.7441149999999996,80.41595333333333,80.41595333333333 1.7480333333333333,80.41574833333333,80.41574833333333 1.7519416666666667,80.41554333333333,80.41554333333333 1.7558433333333334,80.41533833333332,80.41533833333332 1.7597383333333336,80.41513333333334,80.41513333333334 1.7636283333333336,80.41492833333334,80.41492833333334 1.7675150000000002,80.41472166666668,80.41472166666668 1.7713950000000003,80.41451333333332,80.41451333333332 1.7752700000000001,80.414305,80.414305 1.7791383333333335,80.414095,80.414095 1.7830016666666664,80.41388333333333,80.41388333333333 1.7868633333333335,80.41367166666667,80.41367166666667 1.7907233333333334,80.41345833333334,80.41345833333334 1.7945816666666667,80.41324333333333,80.41324333333333 1.7984399999999998,80.41302833333333,80.41302833333333 1.8023000000000002,80.41281166666667,80.41281166666667 1.8061566666666669,80.412595,80.412595 1.8100116666666664,80.41237666666665,80.41237666666665 1.813863333333333,80.41215999999999,80.41215999999999 1.8177116666666668,80.41194333333333,80.41194333333333 1.8215549999999996,80.41172666666665,80.41172666666665 1.825391666666667,80.41150666666667,80.41150666666667 1.829225,80.41128333333333,80.41128333333333 1.83306,80.41105999999999,80.41105999999999 1.8368966666666666,80.41083333333333,80.41083333333333 1.8407383333333334,80.41060666666667,80.41060666666667 1.844585,80.41038,80.41038 1.848438333333333,80.41015333333334,80.41015333333334 1.8522983333333336,80.40992666666665,80.40992666666665 1.8561649999999998,80.40970000000002,80.40970000000002 1.8600333333333336,80.40947333333332,80.40947333333332 1.8639000000000001,80.40924666666666,80.40924666666666 1.8677666666666668,80.40902,80.40902 1.8716333333333333,80.40879333333334,80.40879333333334 1.8755033333333335,80.40856833333333,80.40856833333333 1.879378333333333,80.40834666666666,80.40834666666666 1.8832549999999997,80.40812500000001,80.40812500000001 1.8871333333333336,80.407905,80.407905 1.8910150000000003,80.40768833333334,80.40768833333334 1.8949049999999998,80.40747166666667,80.40747166666667 1.8988066666666668,80.407255,80.407255 1.9027216666666669,80.40704166666667,80.40704166666667 1.90665,80.40682666666666,80.40682666666666 1.91059,80.40661333333335,80.40661333333335 1.9145416666666668,80.40640166666667,80.40640166666667 1.9185000000000003,80.40619,80.40619 1.9224666666666668,80.40597833333332,80.40597833333332 1.9264366666666666,80.40576666666666,80.40576666666666 1.930411666666667,80.405555,80.405555 1.9343883333333332,80.40534333333333,80.40534333333333 1.938365,80.40513166666666,80.40513166666666 1.9423416666666669,80.40492,80.40492 1.9463149999999998,80.40470666666667,80.40470666666667 1.9502833333333334,80.40449166666666,80.40449166666666 1.9542483333333331,80.40427833333332,80.40427833333332 1.9582066666666667,80.40406333333334,80.40406333333334 1.9621633333333333,80.40384666666668,80.40384666666668 1.96612,80.40363333333335,80.40363333333335 1.970075,80.40341666666667,80.40341666666667 1.9740300000000002,80.40319666666666,80.40319666666666 1.977983333333333,80.40297499999998,80.40297499999998 1.981935,80.40274999999998,80.40274999999998 1.9858816666666665,80.40252499999998,80.40252499999998 1.9898250000000002,80.40229666666666,80.40229666666666 1.9937616666666669,80.40206666666667,80.40206666666667 1.9976933333333333,80.401835,80.401835 2.0016249999999998,80.40160166666666,80.40160166666666 2.005555,80.40136833333332,80.40136833333332 2.009485,80.40113333333333,80.40113333333333 2.0134166666666666,80.40089666666667,80.40089666666667 2.0173499999999995,80.40065833333333,80.40065833333333 2.0212866666666667,80.40042,80.40042 2.025225,80.40017833333333,80.40017833333333 2.029165,80.39993833333334,80.39993833333334 2.033106666666667,80.39969833333333,80.39969833333333 2.037048333333334,80.39945666666668,80.39945666666668 2.0409916666666663,80.39921666666667,80.39921666666667 2.0449333333333333,80.39897666666668,80.39897666666668 2.0488750000000002,80.39873833333334,80.39873833333334 2.0528150000000003,80.39849999999998,80.39849999999998 2.0567550000000003,80.39826333333333,80.39826333333333 2.0606933333333335,80.39802666666667,80.39802666666667 2.0646333333333335,80.39779166666666,80.39779166666666 2.0685766666666665,80.39755500000001,80.39755500000001 2.0725249999999997,80.39732000000001,80.39732000000001 2.076478333333333,80.39708333333333,80.39708333333333 2.0804400000000003,80.39684666666666,80.39684666666666 2.0844083333333336,80.39661,80.39661 2.0883833333333337,80.39637166666665,80.39637166666665 2.0923666666666665,80.39613333333332,80.39613333333332 2.096356666666667,80.39589500000001,80.39589500000001 2.100353333333333,80.39565499999999,80.39565499999999 2.10436,80.39541666666668,80.39541666666668 2.1083733333333328,80.39517833333332,80.39517833333332 2.112393333333333,80.39493833333334,80.39493833333334 2.11642,80.39469999999999,80.39469999999999 2.120446666666666,80.39446000000001,80.39446000000001 2.1244766666666672,80.39422166666665,80.39422166666665 2.1285049999999996,80.39398333333334,80.39398333333334 2.1325333333333334,80.39374666666664,80.39374666666664 2.1365566666666664,80.39351,80.39351 2.1405766666666666,80.39327333333335,80.39327333333335 2.144593333333333,80.39304000000001,80.39304000000001 2.148606666666667,80.39280666666667,80.39280666666667 2.1526183333333333,80.39257666666667,80.39257666666667 2.156626666666667,80.39234666666665,80.39234666666665 2.160633333333333,80.39211833333333,80.39211833333333 2.1646400000000003,80.39189166666667,80.39189166666667 2.1686466666666666,80.39166666666667,80.39166666666667 2.1726566666666662,80.39144166666667,80.39144166666667 2.1766733333333335,80.39121833333333,80.39121833333333 2.1806966666666665,80.39099666666665,80.39099666666665 2.1847266666666667,80.39077666666667,80.39077666666667 2.1887633333333336,80.39055666666667,80.39055666666667 2.1928066666666663,80.39033666666666,80.39033666666666 2.1968549999999993,80.39011666666667,80.39011666666667 2.200905,80.38989666666666,80.38989666666666 2.204955,80.38967500000001,80.38967500000001 2.209005,80.389455,80.389455 2.213051666666667,80.389235,80.389235 2.2170966666666665,80.38901499999999,80.38901499999999 2.221135,80.38879333333331,80.38879333333331 2.22517,80.38857333333333,80.38857333333333 2.2292000000000005,80.38835166666665,80.38835166666665 2.233225,80.38813,80.38813 2.2372433333333333,80.38790666666667,80.38790666666667 2.241258333333333,80.38768333333334,80.38768333333334 2.2452683333333336,80.38745833333334,80.38745833333334 2.24927,80.38723333333334,80.38723333333334 2.2532616666666665,80.38700333333334,80.38700333333334 2.2572433333333333,80.38677,80.38677 2.2612116666666666,80.38653166666667,80.38653166666667 2.2651683333333335,80.38629,80.38629 2.26911,80.38604333333332,80.38604333333332 2.273036666666667,80.38579166666668,80.38579166666668 2.276955,80.38553833333334,80.38553833333334 2.2808633333333335,80.38528333333335,80.38528333333335 2.284765,80.385025,80.385025 2.288663333333333,80.38476666666668,80.38476666666668 2.2925633333333333,80.38450666666667,80.38450666666667 2.2964616666666666,80.38424833333333,80.38424833333333 2.3003649999999993,80.38398833333335,80.38398833333335 2.3042716666666667,80.38373,80.38373 2.3081866666666664,80.38347333333331,80.38347333333331 2.312108333333333,80.38321666666668,80.38321666666668 2.3160416666666666,80.38296166666666,80.38296166666666 2.3199849999999995,80.38270833333333,80.38270833333333 2.3239366666666665,80.38245666666666,80.38245666666666 2.3278966666666663,80.38220666666665,80.38220666666665 2.331866666666667,80.38195833333333,80.38195833333333 2.3358433333333335,80.38171166666667,80.38171166666667 2.3398216666666665,80.38146666666667,80.38146666666667 2.3438033333333332,80.38122166666668,80.38122166666668 2.3477900000000003,80.38097833333335,80.38097833333335 2.3517783333333333,80.38073666666666,80.38073666666666 2.3557700000000006,80.380495,80.380495 2.359766666666667,80.380255,80.380255 2.3637683333333332,80.38001833333333,80.38001833333333 2.367775,80.37978333333332,80.37978333333332 2.371786666666667,80.37955000000001,80.37955000000001 2.3758033333333333,80.37931833333334,80.37931833333334 2.3798250000000003,80.37908999999999,80.37908999999999 2.3838516666666667,80.37886333333333,80.37886333333333 2.3878799999999996,80.37863833333336,80.37863833333336 2.3919099999999998,80.37841333333336,80.37841333333336 2.3959400000000004,80.37818999999999,80.37818999999999 2.399968333333333,80.37796666666668,80.37796666666668 2.403996666666667,80.37774166666668,80.37774166666668 2.408025,80.37751833333334,80.37751833333334 2.412056666666667,80.377295,80.377295 2.416088333333334,80.37707,80.37707 2.420123333333333,80.37684666666668,80.37684666666668 2.4241550000000003,80.37662,80.37662 2.428186666666667,80.37639166666668,80.37639166666668 2.4322166666666662,80.37616500000001,80.37616500000001 2.4362466666666664,80.37593666666666,80.37593666666666 2.4402766666666666,80.37570833333334,80.37570833333334 2.4443049999999995,80.37548000000001,80.37548000000001 2.448331666666667,80.37525,80.37525 2.4523583333333336,80.37502166666667,80.37502166666667 2.456385,80.37479333333334,80.37479333333334 2.460406666666667,80.374565,80.374565 2.464428333333333,80.37433833333334,80.37433833333334 2.4684449999999996,80.37411000000002,80.37411000000002 2.47246,80.37388333333332,80.37388333333332 2.476471666666667,80.373655,80.373655 2.4804833333333334,80.37342833333334,80.37342833333334 2.4844950000000003,80.37320166666667,80.37320166666667 2.4885033333333335,80.37297666666667,80.37297666666667 2.4925100000000002,80.37274999999998,80.37274999999998 2.4965149999999996,80.37252333333332,80.37252333333332 2.5005216666666668,80.37229833333335,80.37229833333335 2.504528333333333,80.37207166666666,80.37207166666666 2.5085333333333333,80.371845,80.371845 2.512538333333333,80.37161833333333,80.37161833333333 2.5165450000000003,80.37138833333333,80.37138833333333 2.5205516666666665,80.37115833333334,80.37115833333334 2.5245583333333337,80.37092666666666,80.37092666666666 2.528565,80.37069499999998,80.37069499999998 2.5325683333333333,80.37046000000001,80.37046000000001 2.5365699999999998,80.37022499999999,80.37022499999999 2.5405683333333333,80.36998833333332,80.36998833333332 2.544565,80.36974833333335,80.36974833333335 2.5485550000000003,80.36950833333333,80.36950833333333 2.552538333333333,80.36926666666666,80.36926666666666 2.5565183333333334,80.36902333333335,80.36902333333335 2.560491666666667,80.36877666666666,80.36877666666666 2.564461666666667,80.36852833333334,80.36852833333334 2.5684283333333333,80.36828,80.36828 2.572395,80.36802833333333,80.36802833333333 2.576361666666667,80.36777666666666,80.36777666666666 2.58033,80.36752333333335,80.36752333333335 2.5843033333333336,80.36726833333333,80.36726833333333 2.5882799999999997,80.36701333333333,80.36701333333333 2.592263333333333,80.36675666666667,80.36675666666667 2.5962549999999998,80.36649833333333,80.36649833333333 2.600263333333334,80.36624,80.36624 2.6042899999999998,80.36598000000001,80.36598000000001 2.6083400000000005,80.36572,80.36572 2.6123983333333336,80.36545833333332,80.36545833333332 2.616475,80.36519833333334,80.36519833333334 2.6205683333333334,80.36493833333334,80.36493833333334 2.6246833333333335,80.36467833333333,80.36467833333333 2.6288216666666666,80.36442000000001,80.36442000000001 2.63299,80.36416166666666,80.36416166666666 2.63719,80.36390666666667,80.36390666666667 2.641423333333333,80.36365,80.36365 2.6456866666666663,80.36339666666666,80.36339666666666 2.6499733333333335,80.363145,80.363145 2.65427,80.362895,80.362895 2.6585683333333336,80.36264500000001,80.36264500000001 2.662851666666666,80.36239666666667,80.36239666666667 2.6671150000000003,80.36214833333332,80.36214833333332 2.6713483333333334,80.3619,80.3619 2.6755483333333334,80.36165,80.36165 2.679708333333333,80.36140166666667,80.36140166666667 2.683831666666667,80.36115,80.36115 2.6879283333333333,80.36089833333332,80.36089833333332 2.692006666666667,80.36064833333332,80.36064833333332 2.696066666666667,80.36039833333334,80.36039833333334 2.7001116666666665,80.36015166666665,80.36015166666665 2.7041383333333338,80.35990666666666,80.35990666666666 2.708145,80.359665,80.359665 2.7121333333333335,80.35942333333334,80.35942333333334 2.7161033333333333,80.35918499999998,80.35918499999998 2.720063333333333,80.35894666666667,80.35894666666667 2.7240100000000003,80.35871,80.35871 2.7279533333333332,80.358475,80.358475 2.7318900000000004,80.35824333333333,80.35824333333333 2.7358249999999997,80.35801333333335,80.35801333333335 2.7397583333333335,80.35778333333333,80.35778333333333 2.7436933333333338,80.357555,80.357555 2.747631666666667,80.35732833333334,80.35732833333334 2.751573333333334,80.35710333333334,80.35710333333334 2.755515,80.35688166666667,80.35688166666667 2.759453333333334,80.35665999999999,80.35665999999999 2.7633900000000002,80.35644166666667,80.35644166666667 2.767326666666667,80.35622333333333,80.35622333333333 2.771263333333333,80.35600666666664,80.35600666666664 2.7752033333333337,80.35579333333334,80.35579333333334 2.7791433333333333,80.35558333333334,80.35558333333334 2.783085,80.35537333333333,80.35537333333333 2.787025,80.35516666666666,80.35516666666666 2.790965,80.35496333333334,80.35496333333334 2.794905,80.35476,80.35476 2.798848333333334,80.35456,80.35456 2.8028033333333333,80.35436333333334,80.35436333333334 2.80677,80.35416833333333,80.35416833333333 2.8107583333333332,80.35397499999999,80.35397499999999 2.81477,80.35378333333334,80.35378333333334 2.8187983333333335,80.35359,80.35359 2.8228350000000004,80.35339333333333,80.35339333333333 2.826878333333333,80.35319333333334,80.35319333333334 2.830928333333333,80.35299333333334,80.35299333333334 2.834988333333333,80.35279,80.35279 2.83905,80.35258333333334,80.35258333333334 2.8431183333333334,80.35237500000001,80.35237500000001 2.847191666666667,80.352165,80.352165 2.8512733333333333,80.35195333333331,80.35195333333331 2.8553633333333335,80.35174166666667,80.35174166666667 2.859456666666666,80.35152666666666,80.35152666666666 2.8635550000000003,80.35131333333335,80.35131333333335 2.86766,80.3511,80.3511 2.871775,80.35088833333333,80.35088833333333 2.875895,80.35067666666667,80.35067666666667 2.880023333333334,80.35046833333335,80.35046833333335 2.884155,80.35025999999999,80.35025999999999 2.8882933333333325,80.35005333333334,80.35005333333334 2.8924349999999994,80.34984833333333,80.34984833333333 2.896581666666667,80.34964499999998,80.34964499999998 2.9007283333333334,80.34944166666666,80.34944166666666 2.9048733333333328,80.34923833333333,80.34923833333333 2.9090183333333335,80.34903333333332,80.34903333333332 2.9131616666666673,80.34882833333332,80.34882833333332 2.9173,80.34862333333334,80.34862333333334 2.921433333333333,80.34841500000002,80.34841500000002 2.9255633333333337,80.34820666666666,80.34820666666666 2.929691666666666,80.34799500000001,80.34799500000001 2.933818333333334,80.34778500000002,80.34778500000002 2.937943333333333,80.34757166666668,80.34757166666668 2.942065,80.34735666666667,80.34735666666667 2.946185,80.34714000000001,80.34714000000001 2.9503016666666664,80.34692,80.34692 2.9544166666666665,80.34669833333335,80.34669833333335 2.9585299999999997,80.34647499999998,80.34647499999998 2.9626416666666673,80.34624833333335,80.34624833333335 2.9667483333333338,80.34602,80.34602 2.9708533333333333,80.34579000000001,80.34579000000001 2.9749599999999994,80.34555999999999,80.34555999999999 2.9790849999999995,80.34532666666668,80.34532666666668 2.9831850000000006,80.34509500000001,80.34509500000001 2.987261666666667,80.34486000000001,80.34486000000001 2.9913683333333334,80.34462666666667,80.34462666666667 2.9954916666666667,80.34439333333334,80.34439333333334 2.999586666666666,80.34416166666666,80.34416166666666 3.003686666666667,80.34393166666668,80.34393166666668 3.007786666666666,80.3437,80.3437 3.0118916666666666,80.34346666666667,80.34346666666667 3.0160016666666665,80.34323499999999,80.34323499999999 3.020091666666666,80.34300166666668,80.34300166666668 3.0241749999999996,80.34276833333334,80.34276833333334 3.028258333333333,80.34253166666669,80.34253166666669 3.0323416666666665,80.342295,80.342295 3.036423333333334,80.34205666666668,80.34205666666668 3.0405,80.34181833333332,80.34181833333332 3.04457,80.34157666666668,80.34157666666668 3.048631666666666,80.34133333333332,80.34133333333332 3.052685,80.34108833333332,80.34108833333332 3.0567316666666673,80.34084333333332,80.34084333333332 3.06077,80.34059500000001,80.34059500000001 3.0647999999999995,80.340345,80.340345 3.0688216666666666,80.340095,80.340095 3.072833333333333,80.33984333333333,80.33984333333333 3.0768383333333333,80.33959,80.33959 3.080836666666666,80.33933666666667,80.33933666666667 3.08483,80.339085,80.339085 3.0888183333333328,80.33883333333333,80.33883333333333 3.0928033333333333,80.33858166666666,80.33858166666666 3.0967833333333337,80.33833166666668,80.33833166666668 3.1007599999999997,80.33808499999999,80.33808499999999 3.1047333333333333,80.33783833333334,80.33783833333334 3.108698333333334,80.33759333333333,80.33759333333333 3.112656666666667,80.33735,80.33735 3.11661,80.33710666666667,80.33710666666667 3.120555,80.33686666666668,80.33686666666668 3.124496666666667,80.33662666666667,80.33662666666667 3.128436666666667,80.33638666666668,80.33638666666668 3.132378333333333,80.33614833333334,80.33614833333334 3.1363199999999996,80.33590999999998,80.33590999999998 3.1402633333333334,80.33567166666667,80.33567166666667 3.14421,80.33543333333334,80.33543333333334 3.1481583333333334,80.33519666666666,80.33519666666666 3.152105,80.33495833333333,80.33495833333333 3.1560516666666665,80.33472,80.33472 3.16,80.33448166666666,80.33448166666666 3.1639466666666665,80.334245,80.334245 3.1678933333333332,80.33400833333334,80.33400833333334 3.171836666666667,80.33377166666668,80.33377166666668 3.175776666666667,80.33353666666667,80.33353666666667 3.179716666666667,80.33330166666666,80.33330166666666 3.1836583333333333,80.33306833333332,80.33306833333332 3.1876016666666667,80.33283499999999,80.33283499999999 3.1915483333333334,80.33260166666668,80.33260166666668 3.1955016666666665,80.33237,80.33237 3.199461666666666,80.33213999999998,80.33213999999998 3.20342,80.33191166666666,80.33191166666666 3.2073766666666668,80.33168166666665,80.33168166666665 3.21133,80.33145166666667,80.33145166666667 3.215283333333333,80.33122166666668,80.33122166666668 3.219233333333333,80.33099166666666,80.33099166666666 3.2231799999999997,80.33075999999998,80.33075999999998 3.2271199999999998,80.33052833333333,80.33052833333333 3.23106,80.33029833333333,80.33029833333333 3.2350016666666668,80.33006833333334,80.33006833333334 3.238945,80.32983999999999,80.32983999999999 3.24289,80.32961333333333,80.32961333333333 3.2468383333333333,80.329385,80.329385 3.250788333333333,80.32915666666665,80.32915666666665 3.2547433333333338,80.32893000000001,80.32893000000001 3.2587016666666666,80.32870500000001,80.32870500000001 3.262661666666667,80.32847833333332,80.32847833333332 3.2666233333333334,80.32825333333332,80.32825333333332 3.2705883333333334,80.32802666666666,80.32802666666666 3.274555,80.32780333333332,80.32780333333332 3.2785249999999997,80.32757833333332,80.32757833333332 3.2824983333333333,80.32735500000001,80.32735500000001 3.2864749999999994,80.32713333333334,80.32713333333334 3.2904816666666665,80.32691166666666,80.32691166666666 3.294468333333333,80.32669166666668,80.32669166666668 3.2984583333333335,80.32647333333333,80.32647333333333 3.3024549999999993,80.32625833333334,80.32625833333334 3.3064583333333335,80.32604500000001,80.32604500000001 3.3104666666666667,80.32583666666665,80.32583666666665 3.3144800000000005,80.32563,80.32563 3.3185000000000002,80.32542666666667,80.32542666666667 3.322526666666667,80.32522333333333,80.32522333333333 3.3265550000000004,80.32501999999998,80.32501999999998 3.330583333333333,80.32481333333334,80.32481333333334 3.3346083333333336,80.32460333333333,80.32460333333333 3.3386283333333338,80.32439,80.32439 3.3426433333333336,80.32417333333332,80.32417333333332 3.3466533333333333,80.32395333333334,80.32395333333334 3.3506550000000006,80.32372833333334,80.32372833333334 3.3546533333333333,80.32350333333333,80.32350333333333 3.3586483333333326,80.32327499999998,80.32327499999998 3.362636666666666,80.323045,80.323045 3.3666200000000006,80.32281333333334,80.32281333333334 3.370598333333333,80.32258000000002,80.32258000000002 3.374573333333333,80.32234499999998,80.32234499999998 3.378548333333333,80.32211000000001,80.32211000000001 3.3825183333333335,80.32187166666667,80.32187166666667 3.386483333333334,80.32163333333332,80.32163333333332 3.3904416666666664,80.32139166666667,80.32139166666667 3.394395,80.32114833333334,80.32114833333334 3.398346666666667,80.32090333333333,80.32090333333333 3.402295,80.32065666666668,80.32065666666668 3.406241666666667,80.32041,80.32041 3.41019,80.32016166666668,80.32016166666668 3.414138333333333,80.31991333333333,80.31991333333333 3.418085,80.31966666666666,80.31966666666666 3.42203,80.31942000000001,80.31942000000001 3.4259766666666667,80.31917333333335,80.31917333333335 3.429923333333333,80.31892833333333,80.31892833333333 3.4338699999999998,80.31868333333333,80.31868333333333 3.437818333333333,80.31844,80.31844 3.44177,80.318195,80.318195 3.445721666666666,80.31795166666666,80.31795166666666 3.4496749999999996,80.31770666666667,80.31770666666667 3.4536283333333326,80.31746000000001,80.31746000000001 3.4575816666666666,80.31721333333333,80.31721333333333 3.4615349999999996,80.31696666666666,80.31696666666666 3.4654899999999995,80.31672,80.31672 3.4694433333333334,80.31647166666666,80.31647166666666 3.4733966666666665,80.31622333333334,80.31622333333334 3.477355,80.31597666666667,80.31597666666667 3.481316666666667,80.31572833333333,80.31572833333333 3.4852849999999997,80.31548333333333,80.31548333333333 3.4892550000000004,80.31523666666668,80.31523666666668 3.493228333333334,80.31499000000001,80.31499000000001 3.497208333333333,80.31474166666666,80.31474166666666 3.501195,80.31449666666667,80.31449666666667 3.505188333333334,80.31424999999999,80.31424999999999 3.5091866666666665,80.314005,80.314005 3.5131933333333336,80.31376166666668,80.31376166666668 3.5172066666666666,80.31351833333332,80.31351833333332 3.5212266666666663,80.313275,80.313275 3.5252516666666667,80.31303166666667,80.31303166666667 3.529276666666666,80.31278833333334,80.31278833333334 3.5333016666666675,80.312545,80.312545 3.5373250000000005,80.31230166666667,80.31230166666667 3.541341666666667,80.31205666666668,80.31205666666668 3.545351666666666,80.31181166666667,80.31181166666667 3.549356666666667,80.31156833333331,80.31156833333331 3.553356666666666,80.31132333333335,80.31132333333335 3.5573483333333336,80.31107833333334,80.31107833333334 3.5613333333333337,80.31083499999998,80.31083499999998 3.5653083333333333,80.31058999999999,80.31058999999999 3.5692799999999996,80.31034666666666,80.31034666666666 3.573248333333334,80.31010166666665,80.31010166666665 3.577211666666667,80.30985833333335,80.30985833333335 3.5811733333333335,80.30961333333333,80.30961333333333 3.5851333333333333,80.30937000000002,80.30937000000002 3.5890966666666664,80.30912666666666,80.30912666666666 3.593061666666667,80.30888333333334,80.30888333333334 3.597026666666667,80.30863999999998,80.30863999999998 3.60099,80.30839666666668,80.30839666666668 3.6049533333333326,80.308155,80.308155 3.608913333333333,80.30791333333333,80.30791333333333 3.6128733333333334,80.30767333333333,80.30767333333333 3.6168283333333333,80.30743166666667,80.30743166666667 3.620781666666666,80.30719166666667,80.30719166666667 3.624731666666667,80.30695166666665,80.30695166666665 3.6286783333333337,80.30671166666667,80.30671166666667 3.632621666666666,80.30647166666665,80.30647166666665 3.636563333333333,80.30623166666668,80.30623166666668 3.640505,80.30599166666666,80.30599166666666 3.6444433333333333,80.30575166666665,80.30575166666665 3.6483833333333333,80.30551333333332,80.30551333333332 3.6523250000000003,80.30527500000001,80.30527500000001 3.6562650000000003,80.30503666666665,80.30503666666665 3.6602083333333333,80.30479833333334,80.30479833333334 3.6641550000000005,80.30456000000001,80.30456000000001 3.6681033333333333,80.30432333333333,80.30432333333333 3.6720550000000003,80.30408833333333,80.30408833333333 3.6760083333333333,80.30385166666666,80.30385166666666 3.6799633333333333,80.30361500000001,80.30361500000001 3.683919999999999,80.30338,80.30338 3.687876666666667,80.30314333333334,80.30314333333334 3.691833333333333,80.302905,80.302905 3.695788333333333,80.30266833333333,80.30266833333333 3.6997433333333336,80.30242833333332,80.30242833333332 3.7036966666666657,80.30218833333333,80.30218833333333 3.7076466666666668,80.30194666666667,80.30194666666667 3.7115966666666673,80.30170333333334,80.30170333333334 3.7155450000000005,80.30145833333333,80.30145833333333 3.7194933333333333,80.30121333333334,80.30121333333334 3.723438333333333,80.30096333333333,80.30096333333333 3.7273816666666666,80.30071333333335,80.30071333333335 3.7313200000000006,80.30045833333332,80.30045833333332 3.7352533333333335,80.3002,80.3002 3.739175,80.299935,80.299935 3.7430866666666667,80.29966666666667,80.29966666666667 3.746993333333333,80.299395,80.299395 3.750896666666667,80.29911999999999,80.29911999999999 3.754796666666667,80.29884499999999,80.29884499999999 3.7586950000000003,80.29856666666667,80.29856666666667 3.762588333333333,80.29828833333333,80.29828833333333 3.7664783333333336,80.29800666666667,80.29800666666667 3.7703666666666664,80.29772666666666,80.29772666666666 3.7742550000000006,80.29744666666669,80.29744666666669 3.778141666666666,80.29716833333335,80.29716833333335 3.7820283333333333,80.29688833333334,80.29688833333334 3.785915,80.29661166666666,80.29661166666666 3.7897999999999996,80.29633333333332,80.29633333333332 3.793685,80.29605666666666,80.29605666666666 3.79757,80.29578166666667,80.29578166666667 3.8014550000000007,80.29550833333332,80.29550833333332 3.805338333333333,80.29523333333333,80.29523333333333 3.809216666666666,80.29496000000002,80.29496000000002 3.8130966666666666,80.294685,80.294685 3.8169783333333336,80.29441333333334,80.29441333333334 3.820861666666667,80.29414166666666,80.29414166666666 3.824744999999999,80.29387,80.29387 3.82863,80.2936,80.2936 3.8325166666666672,80.29332999999998,80.29332999999998 3.836401666666667,80.29306333333334,80.29306333333334 3.8402883333333335,80.29279666666667,80.29279666666667 3.8441766666666664,80.29253333333332,80.29253333333332 3.848066666666667,80.29227333333334,80.29227333333334 3.851961666666667,80.29201333333333,80.29201333333333 3.8558583333333334,80.29175833333333,80.29175833333333 3.8597583333333336,80.291505,80.291505 3.863661666666667,80.29125333333333,80.29125333333333 3.8675716666666666,80.29100499999998,80.29100499999998 3.871485,80.29075833333333,80.29075833333333 3.8754033333333333,80.29051333333332,80.29051333333332 3.8793266666666666,80.29027166666665,80.29027166666665 3.883256666666667,80.29003166666666,80.29003166666666 3.88719,80.28979333333335,80.28979333333335 3.8911316666666664,80.28955666666668,80.28955666666668 3.8950750000000003,80.28932333333334,80.28932333333334 3.899023333333333,80.28909000000002,80.28909000000002 3.9029766666666665,80.28886,80.28886 3.906933333333333,80.28862999999998,80.28862999999998 3.9108933333333327,80.28840166666666,80.28840166666666 3.9148533333333333,80.28817166666666,80.28817166666666 3.9188149999999995,80.28794166666667,80.28794166666667 3.922776666666667,80.28771166666668,80.28771166666668 3.9267366666666663,80.28748,80.28748 3.930696666666666,80.28724666666666,80.28724666666666 3.9346533333333333,80.28701500000001,80.28701500000001 3.9386099999999997,80.28678166666668,80.28678166666668 3.9425649999999997,80.28654666666665,80.28654666666665 3.9465183333333327,80.28631166666668,80.28631166666668 3.9504683333333332,80.28607666666666,80.28607666666666 3.9544183333333334,80.28584,80.28584 3.9583683333333335,80.28560333333334,80.28560333333334 3.9623166666666663,80.28536666666668,80.28536666666668 3.9662599999999997,80.28513,80.28513 3.9701933333333326,80.28489,80.28489 3.9741150000000007,80.28464833333334,80.28464833333334 3.97802,80.2844,80.2844 3.9819050000000007,80.28414500000001,80.28414500000001 3.985768333333333,80.28388333333335,80.28388333333335 3.989616666666667,80.28361833333332,80.28361833333332 3.993451666666667,80.28334666666666,80.28334666666666 3.9972733333333337,80.28307333333333,80.28307333333333 4.001083333333334,80.28279666666667,80.28279666666667 4.004878333333334,80.28251666666667,80.28251666666667 4.008660000000001,80.28223333333334,80.28223333333334 4.012428333333332,80.28194833333333,80.28194833333333 4.016184999999999,80.28166166666668,80.28166166666668 4.01993,80.28137333333333,80.28137333333333 4.023668333333333,80.28108499999999,80.28108499999999 4.027403333333334,80.28079666666666,80.28079666666666 4.031140000000001,80.28050666666665,80.28050666666665 4.034876666666667,80.28021833333334,80.28021833333334 4.038614999999999,80.27992666666667,80.27992666666667 4.042354999999999,80.27963500000001,80.27963500000001 4.046096666666666,80.27934333333332,80.27934333333332 4.0498400000000006,80.27905000000001,80.27905000000001 4.053583333333333,80.27875666666667,80.27875666666667 4.057323333333333,80.27846166666667,80.27846166666667 4.0610599999999994,80.27816666666666,80.27816666666666 4.064798333333333,80.27787,80.27787 4.0685416666666665,80.277575,80.277575 4.07229,80.27728,80.27728 4.0760483333333335,80.27698666666666,80.27698666666666 4.079821666666667,80.27669499999999,80.27669499999999 4.083606666666666,80.27640333333333,80.27640333333333 4.087405,80.27611499999999,80.27611499999999 4.091215,80.27582833333334,80.27582833333334 4.095038333333333,80.27554499999998,80.27554499999998 4.0988750000000005,80.275265,80.275265 4.102723333333334,80.27498666666666,80.27498666666666 4.106578333333333,80.27471166666668,80.27471166666668 4.110443333333333,80.27443833333334,80.27443833333334 4.114319999999999,80.27416666666667,80.27416666666667 4.118213333333334,80.27389833333334,80.27389833333334 4.122116666666667,80.27363166666667,80.27363166666667 4.126025,80.27336666666666,80.27336666666666 4.129935000000001,80.27310333333332,80.27310333333332 4.133851666666667,80.27284166666665,80.27284166666665 4.137776666666666,80.27258166666667,80.27258166666667 4.141704999999999,80.27232000000001,80.27232000000001 4.1456316666666675,80.27205833333333,80.27205833333333 4.149559999999999,80.27179666666666,80.27179666666666 4.153485,80.27153166666668,80.27153166666668 4.157405,80.27126499999999,80.27126499999999 4.161325000000001,80.27099833333334,80.27099833333334 4.1652483333333326,80.27073000000001,80.27073000000001 4.169173333333334,80.27046333333334,80.27046333333334 4.1731066666666665,80.27019666666668,80.27019666666668 4.1770483333333335,80.26993166666666,80.26993166666666 4.181001666666667,80.26966833333333,80.26966833333333 4.18496,80.26940499999999,80.26940499999999 4.188926666666666,80.269145,80.269145 4.192903333333334,80.26888500000001,80.26888500000001 4.196891666666666,80.26862666666666,80.26862666666666 4.20089,80.26836833333334,80.26836833333334 4.2048950000000005,80.26811166666666,80.26811166666666 4.208908333333333,80.267855,80.267855 4.212926666666666,80.26759999999999,80.26759999999999 4.216948333333334,80.26734333333334,80.26734333333334 4.220971666666667,80.26708833333333,80.26708833333333 4.224996666666666,80.26683166666668,80.26683166666668 4.229018333333333,80.26657499999999,80.26657499999999 4.233038333333333,80.26632,80.26632 4.237050000000001,80.26606333333334,80.26606333333334 4.241054999999999,80.26580666666668,80.26580666666668 4.24505,80.26554833333333,80.26554833333333 4.24904,80.26529166666666,80.26529166666666 4.253028333333332,80.26503666666667,80.26503666666667 4.257015,80.26478333333333,80.26478333333333 4.260994999999999,80.26452833333333,80.26452833333333 4.264968333333333,80.26427333333334,80.26427333333334 4.268936666666666,80.26401833333334,80.26401833333334 4.272898333333333,80.263765,80.263765 4.276856666666667,80.26351000000001,80.26351000000001 4.280811666666667,80.26325499999999,80.26325499999999 4.284763333333333,80.26299999999999,80.26299999999999 4.288710000000001,80.262745,80.262745 4.292653333333333,80.26248833333334,80.26248833333334 4.296589999999999,80.26223166666668,80.26223166666668 4.3005233333333335,80.26197666666665,80.26197666666665 4.304451666666667,80.26172,80.26172 4.308374999999999,80.26146333333332,80.26146333333332 4.312293333333333,80.26120833333333,80.26120833333333 4.316206666666667,80.26095166666667,80.26095166666667 4.320115,80.26069500000001,80.26069500000001 4.324015,80.26043833333333,80.26043833333333 4.327908333333333,80.26018,80.26018 4.3317966666666665,80.25992166666666,80.25992166666666 4.335678333333333,80.25966333333334,80.25966333333334 4.339555,80.25940333333334,80.25940333333334 4.343426666666667,80.25914500000002,80.25914500000002 4.347293333333334,80.25888666666667,80.25888666666667 4.351155,80.25862666666666,80.25862666666666 4.355018333333333,80.25836833333332,80.25836833333332 4.358880000000001,80.25811,80.25811 4.3627416666666665,80.25785166666665,80.25785166666665 4.366599999999999,80.25759333333333,80.25759333333333 4.370458333333333,80.25733499999998,80.25733499999998 4.374311666666667,80.25707666666666,80.25707666666666 4.378161666666667,80.25682,80.25682 4.382005,80.25656166666667,80.25656166666667 4.385846666666667,80.25630500000001,80.25630500000001 4.389683333333333,80.25604833333333,80.25604833333333 4.393518333333334,80.25579500000002,80.25579500000002 4.39735,80.25554166666669,80.25554166666669 4.401176666666667,80.25528833333333,80.25528833333333 4.405001666666666,80.25503666666668,80.25503666666668 4.408826666666666,80.25478499999998,80.25478499999998 4.412655,80.254535,80.254535 4.416485,80.254285,80.254285 4.420323333333334,80.25403833333333,80.25403833333333 4.424168333333334,80.25378999999998,80.25378999999998 4.428015000000001,80.25354333333333,80.25354333333333 4.431863333333333,80.25329666666667,80.25329666666667 4.435716666666666,80.25305,80.25305 4.439571666666667,80.25280500000001,80.25280500000001 4.443428333333333,80.25255999999999,80.25255999999999 4.447283333333333,80.25231333333333,80.25231333333333 4.451131666666667,80.25206333333334,80.25206333333334 4.454971666666666,80.25180999999999,80.25180999999999 4.458806666666667,80.25155166666667,80.25155166666667 4.462636666666667,80.25129166666669,80.25129166666669 4.46646,80.25102666666666,80.25102666666666 4.470275,80.25075833333335,80.25075833333335 4.474085000000001,80.25048833333334,80.25048833333334 4.47789,80.25021666666667,80.25021666666667 4.481693333333333,80.24994333333335,80.24994333333335 4.485493333333333,80.24966833333333,80.24966833333333 4.489291666666667,80.24939166666667,80.24939166666667 4.4930900000000005,80.24911333333333,80.24911333333333 4.496888333333334,80.24883499999999,80.24883499999999 4.500684999999999,80.24855666666667,80.24855666666667 4.50448,80.24827666666667,80.24827666666667 4.508275,80.24799666666667,80.24799666666667 4.512068333333334,80.247715,80.247715 4.515858333333334,80.24743333333333,80.24743333333333 4.519645,80.24715166666667,80.24715166666667 4.523428333333333,80.24686833333334,80.24686833333334 4.52721,80.24658500000001,80.24658500000001 4.530988333333333,80.24629999999999,80.24629999999999 4.534764999999999,80.24601666666666,80.24601666666666 4.538543333333332,80.24573333333333,80.24573333333333 4.542326666666668,80.24544999999999,80.24544999999999 4.546108333333333,80.24516666666666,80.24516666666666 4.5498916666666664,80.24488500000001,80.24488500000001 4.553676666666667,80.24460333333333,80.24460333333333 4.557463333333333,80.24432333333333,80.24432333333333 4.561253333333334,80.24404333333334,80.24404333333334 4.565045,80.24376333333333,80.24376333333333 4.568838333333333,80.24348166666667,80.24348166666667 4.572638333333333,80.24320166666666,80.24320166666666 4.576448333333334,80.24292166666666,80.24292166666666 4.580265,80.24264333333335,80.24264333333335 4.584088333333333,80.24236333333334,80.24236333333334 4.587916666666666,80.242085,80.242085 4.591751666666667,80.24180666666666,80.24180666666666 4.5955933333333325,80.24152833333332,80.24152833333332 4.5994383333333335,80.24125166666667,80.24125166666667 4.60329,80.24097333333334,80.24097333333334 4.607143333333333,80.24069666666666,80.24069666666666 4.611001666666667,80.24041999999999,80.24041999999999 4.614861666666666,80.24014333333334,80.24014333333334 4.618726666666666,80.23986833333335,80.23986833333335 4.622591666666666,80.23959333333333,80.23959333333333 4.626458333333333,80.23931999999999,80.23931999999999 4.630325,80.23904666666667,80.23904666666667 4.634195,80.238775,80.238775 4.638063333333332,80.23850499999999,80.23850499999999 4.641930000000001,80.23823500000002,80.23823500000002 4.6457983333333335,80.23796666666667,80.23796666666667 4.649666666666667,80.23769833333336,80.23769833333336 4.653533333333334,80.23743166666667,80.23743166666667 4.657401666666666,80.23716500000002,80.23716500000002 4.661273333333334,80.23689999999999,80.23689999999999 4.665146666666667,80.236635,80.236635 4.669025,80.23637333333333,80.23637333333333 4.672905000000001,80.23611166666666,80.23611166666666 4.676785,80.23585,80.23585 4.680665,80.23558833333333,80.23558833333333 4.68455,80.23532833333334,80.23532833333334 4.688438333333334,80.23506833333333,80.23506833333333 4.692326666666667,80.23480833333333,80.23480833333333 4.696215,80.23454833333335,80.23454833333335 4.700096666666667,80.23428833333334,80.23428833333334 4.70397,80.23402999999999,80.23402999999999 4.70783,80.23377166666667,80.23377166666667 4.711676666666667,80.233515,80.233515 4.715511666666666,80.23325833333334,80.23325833333334 4.71933,80.23300333333334,80.23300333333334 4.723131666666667,80.23274666666666,80.23274666666666 4.726913333333334,80.23249166666666,80.23249166666666 4.730676666666666,80.23223333333334,80.23223333333334 4.734421666666667,80.23197166666667,80.23197166666667 4.73815,80.23171,80.23171 4.741865,80.23144500000001,80.23144500000001 4.745566666666666,80.23117666666667,80.23117666666667 4.749255,80.23090833333335,80.23090833333335 4.752935000000001,80.23063666666668,80.23063666666668 4.756609999999999,80.23036499999999,80.23036499999999 4.760276666666666,80.23009333333331,80.23009333333331 4.763938333333334,80.22982000000002,80.22982000000002 4.767596666666666,80.22954666666666,80.22954666666666 4.771251666666666,80.22927333333332,80.22927333333332 4.774908333333333,80.22900166666666,80.22900166666666 4.778566666666666,80.22873,80.22873 4.782228333333332,80.22845833333335,80.22845833333335 4.785891666666667,80.22818666666666,80.22818666666666 4.789558333333333,80.22791666666667,80.22791666666667 4.79323,80.22764500000001,80.22764500000001 4.7969116666666665,80.22737333333332,80.22737333333332 4.800601666666665,80.22710000000001,80.22710000000001 4.8043,80.22682499999999,80.22682499999999 4.8080083333333326,80.22655,80.22655 4.811725000000001,80.22627333333332,80.22627333333332 4.815453333333334,80.22599500000001,80.22599500000001 4.819186666666667,80.22571333333335,80.22571333333335 4.822925000000001,80.22543000000002,80.22543000000002 4.826668333333333,80.22514166666667,80.22514166666667 4.8304133333333334,80.22485166666667,80.22485166666667 4.834161666666666,80.22455833333335,80.22455833333335 4.837906666666666,80.22426166666666,80.22426166666666 4.8416500000000005,80.22396166666667,80.22396166666667 4.8453816666666665,80.22366000000001,80.22366000000001 4.849093333333333,80.22335000000001,80.22335000000001 4.852776666666666,80.22303333333333,80.22303333333333 4.856418333333333,80.22270666666667,80.22270666666667 4.860016666666666,80.22236833333334,80.22236833333334 4.863561666666666,80.22201833333334,80.22201833333334 4.867046666666667,80.221655,80.221655 4.870466666666667,80.22127666666667,80.22127666666667 4.87382,80.22088333333333,80.22088333333333 4.877108333333334,80.22047833333332,80.22047833333332 4.8803350000000005,80.22005833333334,80.22005833333334 4.8835033333333335,80.21962666666667,80.21962666666667 4.886611666666666,80.21918500000001,80.21918500000001 4.889668333333334,80.21873166666666,80.21873166666666 4.892686666666666,80.21826999999999,80.21826999999999 4.895678333333334,80.21780500000001,80.21780500000001 4.898649999999999,80.21733333333333,80.21733333333333 4.901608333333333,80.21686166666666,80.21686166666666 4.904556666666665,80.21638500000002,80.21638500000002 4.90751,80.21591000000001,80.21591000000001 4.910481666666667,80.21543666666666,80.21543666666666 4.913474999999999,80.21496333333334,80.21496333333334 4.916488333333334,80.214495,80.214495 4.919518333333333,80.21402666666667,80.21402666666667 4.922571666666667,80.21356166666666,80.21356166666666 4.925651666666667,80.21309833333333,80.21309833333333 4.928755000000001,80.21263833333333,80.21263833333333 4.931876666666667,80.21218,80.21218 4.935011666666667,80.21172333333335,80.21172333333335 4.938160000000001,80.21126833333334,80.21126833333334 4.9413166666666655,80.21081333333332,80.21081333333332 4.9444783333333335,80.21036,80.21036 4.947640000000001,80.20990666666667,80.20990666666667 4.950798333333334,80.20945333333334,80.20945333333334 4.953941666666666,80.209,80.209 4.957061666666667,80.20854666666668,80.20854666666668 4.960155,80.20809166666666,80.20809166666666 4.963215,80.20763499999998,80.20763499999998 4.966243333333334,80.207175,80.207175 4.969238333333333,80.20671333333333,80.20671333333333 4.972201666666668,80.20624833333333,80.20624833333333 4.975136666666667,80.20578166666667,80.20578166666667 4.97805,80.205315,80.205315 4.980943333333333,80.20484833333332,80.20484833333332 4.98382,80.20437833333335,80.20437833333335 4.986683333333334,80.20391,80.20391 4.989538333333333,80.20344166666668,80.20344166666668 4.992385,80.20297166666666,80.20297166666666 4.995228333333333,80.20250333333334,80.20250333333334 4.998068333333333,80.20203333333335,80.20203333333335 5.000911666666667,80.20156333333333,80.20156333333333 5.003763333333334,80.20109333333333,80.20109333333333 5.006631666666667,80.20062333333333,80.20062333333333 5.009518333333333,80.200155,80.200155 5.012425,80.19968833333334,80.19968833333334 5.015349999999999,80.19922333333334,80.19922333333334 5.018293333333334,80.19875833333334,80.19875833333334 5.021256666666667,80.19829666666666,80.19829666666666 5.024236666666668,80.197835,80.197835 5.02723,80.19737500000001,80.19737500000001 5.030238333333334,80.19691833333333,80.19691833333333 5.033265,80.19646333333334,80.19646333333334 5.036311666666666,80.19600999999999,80.19600999999999 5.039376666666667,80.19556166666665,80.19556166666665 5.0424549999999995,80.19511666666666,80.19511666666666 5.045546666666667,80.19467333333334,80.19467333333334 5.048649999999999,80.19422833333333,80.19422833333333 5.051761666666668,80.19378499999999,80.19378499999999 5.054881666666666,80.19334,80.19334 5.058006666666666,80.19289333333333,80.19289333333333 5.061136666666666,80.19244499999999,80.19244499999999 5.0642683333333345,80.19199333333333,80.19199333333333 5.067393333333334,80.19153833333334,80.19153833333334 5.070503333333334,80.19108,80.19108 5.073598333333334,80.19061666666666,80.19061666666666 5.076675,80.19015166666667,80.19015166666667 5.079733333333333,80.18968166666667,80.18968166666667 5.082773333333333,80.18920833333333,80.18920833333333 5.085801666666667,80.18873333333332,80.18873333333332 5.088818333333333,80.18825833333334,80.18825833333334 5.09183,80.18778,80.18778 5.094836666666667,80.18730166666667,80.18730166666667 5.097835,80.18682333333334,80.18682333333334 5.100826666666666,80.18634333333334,80.18634333333334 5.103815,80.18586166666668,80.18586166666668 5.1068050000000005,80.18538,80.18538 5.109796666666668,80.1849,80.1849 5.112794999999999,80.18442,80.18442 5.115796666666667,80.18394,80.18394 5.118803333333333,80.18346166666667,80.18346166666667 5.12181,80.18298166666668,80.18298166666668 5.124816666666667,80.18250333333334,80.18250333333334 5.127819999999999,80.18202166666666,80.18202166666666 5.130823333333334,80.18154,80.18154 5.133821666666667,80.181055,80.181055 5.136816666666666,80.18056833333333,80.18056833333333 5.139806666666667,80.18007833333333,80.18007833333333 5.14279,80.17958499999999,80.17958499999999 5.145766666666667,80.17908833333333,80.17908833333333 5.148738333333333,80.17858833333332,80.17858833333332 5.151699999999999,80.17808666666667,80.17808666666667 5.15465,80.17758166666667,80.17758166666667 5.157585,80.17707333333334,80.17707333333334 5.160506666666667,80.17656166666666,80.17656166666666 5.1634166666666665,80.17604666666666,80.17604666666666 5.166316666666666,80.17552833333333,80.17552833333333 5.169208333333333,80.17500833333334,80.17500833333334 5.172091666666667,80.174485,80.174485 5.174969999999999,80.17396166666667,80.17396166666667 5.177848333333334,80.17343666666666,80.17343666666666 5.180728333333334,80.17291,80.17291 5.183611666666668,80.17238333333334,80.17238333333334 5.186496666666667,80.17185500000001,80.17185500000001 5.189385,80.17132666666666,80.17132666666666 5.192276666666666,80.17079833333334,80.17079833333334 5.195168333333333,80.17027166666668,80.17027166666668 5.198056666666666,80.16974333333333,80.16974333333333 5.200940000000001,80.169215,80.169215 5.203821666666666,80.16868666666664,80.16868666666664 5.2067033333333335,80.16815833333332,80.16815833333332 5.2095899999999995,80.16763166666667,80.16763166666667 5.212481666666668,80.16710499999999,80.16710499999999 5.215376666666667,80.16657833333333,80.16657833333333 5.218278333333335,80.16605166666668,80.16605166666668 5.22118,80.16552666666666,80.16552666666666 5.2240850000000005,80.16500166666667,80.16500166666667 5.227001666666666,80.16447666666667,80.16447666666667 5.2299283333333335,80.16395166666666,80.16395166666666 5.232868333333333,80.16342833333333,80.16342833333333 5.235818333333333,80.16290666666667,80.16290666666667 5.238775,80.16238333333334,80.16238333333334 5.241733333333333,80.16186,80.16186 5.2446866666666665,80.161335,80.161335 5.247636666666667,80.16081,80.16081 5.250581666666667,80.16028333333334,80.16028333333334 5.25352,80.15975333333334,80.15975333333334 5.256446666666667,80.15922333333333,80.15922333333333 5.259361666666666,80.15868999999999,80.15868999999999 5.262266666666666,80.15815666666668,80.15815666666668 5.265168333333334,80.15762166666666,80.15762166666666 5.268061666666666,80.157085,80.157085 5.270949999999999,80.15654833333333,80.15654833333333 5.273833333333333,80.15601,80.15601 5.276720000000001,80.15547333333333,80.15547333333333 5.279613333333333,80.15493666666667,80.15493666666667 5.282515000000001,80.15440166666667,80.15440166666667 5.285426666666666,80.15386833333334,80.15386833333334 5.288355,80.15333666666668,80.15333666666668 5.291296666666667,80.152805,80.152805 5.294251666666667,80.15227666666665,80.15227666666665 5.297215,80.15174666666667,80.15174666666667 5.300185,80.15121833333332,80.15121833333332 5.30316,80.15069166666667,80.15069166666667 5.306143333333333,80.15016499999999,80.15016499999999 5.3091333333333335,80.14963999999999,80.14963999999999 5.31213,80.149115,80.149115 5.315131666666668,80.14859166666668,80.14859166666668 5.318143333333334,80.14807,80.14807 5.321163333333334,80.14755000000001,80.14755000000001 5.324191666666667,80.14703166666666,80.14703166666666 5.32723,80.14651333333333,80.14651333333333 5.330278333333333,80.14599666666666,80.14599666666666 5.333333333333334,80.14548333333333,80.14548333333333 5.336393333333332,80.14496999999999,80.14496999999999 5.339455,80.14445833333333,80.14445833333333 5.342514999999999,80.14394666666668,80.14394666666668 5.3455699999999995,80.14343666666666,80.14343666666666 5.3486199999999995,80.14292999999999,80.14292999999999 5.351668333333333,80.14242333333333,80.14242333333333 5.3547166666666675,80.14191999999998,80.14191999999998 5.3577666666666675,80.14141833333333,80.14141833333333 5.3608150000000006,80.14091833333335,80.14091833333335 5.363858333333334,80.14041999999999,80.14041999999999 5.3668966666666655,80.13992333333334,80.13992333333334 5.369933333333334,80.13942666666668,80.13942666666668 5.37297,80.13893,80.13893 5.376011666666667,80.13843333333331,80.13843333333331 5.379054999999999,80.13793666666668,80.13793666666668 5.382093333333334,80.13744,80.13744 5.385126666666668,80.13694000000001,80.13694000000001 5.388161666666667,80.13644,80.13644 5.3911950000000015,80.13593833333334,80.13593833333334 5.394219999999999,80.13543666666666,80.13543666666666 5.3972299999999995,80.13493333333332,80.13493333333332 5.400223333333334,80.13442666666667,80.13442666666667 5.403201666666666,80.13391833333334,80.13391833333334 5.4061650000000006,80.13341,80.13341 5.409110000000001,80.13289833333334,80.13289833333334 5.412036666666668,80.132385,80.132385 5.414948333333333,80.13186999999999,80.13186999999999 5.417859999999999,80.13135333333334,80.13135333333334 5.420749999999999,80.13083666666667,80.13083666666667 5.423630000000001,80.13031833333334,80.13031833333334 5.426501666666666,80.12979833333333,80.12979833333333 5.429363333333333,80.12927666666666,80.12927666666666 5.432218333333332,80.128755,80.128755 5.435064999999999,80.12823166666666,80.12823166666666 5.437905000000001,80.12770666666665,80.12770666666665 5.440743333333334,80.12718166666666,80.12718166666666 5.443576666666667,80.126655,80.126655 5.446406666666667,80.12612666666666,80.12612666666666 5.449235000000001,80.12559833333331,80.12559833333331 5.45206,80.12506833333333,80.12506833333333 5.45488,80.12453666666669,80.12453666666669 5.457696666666667,80.12400500000001,80.12400500000001 5.460506666666666,80.12347166666667,80.12347166666667 5.463313333333335,80.12294,80.12294 5.466113333333333,80.12240666666666,80.12240666666666 5.468906666666668,80.121875,80.121875 5.47169,80.12134166666667,80.12134166666667 5.4744616666666674,80.12080999999999,80.12080999999999 5.47722,80.12027666666665,80.12027666666665 5.479969999999999,80.11974499999998,80.11974499999998 5.482711666666667,80.11921333333333,80.11921333333333 5.485451666666667,80.11868333333335,80.11868333333335 5.488193333333333,80.11815333333334,80.11815333333334 5.490938333333333,80.117625,80.117625 5.493696666666666,80.11710000000001,80.11710000000001 5.4964699999999995,80.11657500000001,80.11657500000001 5.499256666666668,80.11605333333333,80.11605333333333 5.5020516666666675,80.11553166666666,80.11553166666666 5.504856666666666,80.11501333333332,80.11501333333332 5.50767,80.114495,80.114495 5.510488333333332,80.11397833333334,80.11397833333334 5.51331,80.11346166666667,80.11346166666667 5.5161333333333324,80.11294500000001,80.11294500000001 5.51896,80.11242833333334,80.11242833333334 5.521786666666666,80.11191166666667,80.11191166666667 5.524615,80.11139499999999,80.11139499999999 5.527445,80.11087833333332,80.11087833333332 5.5302766666666665,80.11036166666666,80.11036166666666 5.533108333333334,80.10984499999999,80.10984499999999 5.535941666666668,80.10932666666666,80.10932666666666 5.538781666666666,80.10880833333334,80.10880833333334 5.5416283333333345,80.10829166666667,80.10829166666667 5.544483333333334,80.10777666666667,80.10777666666667 5.547348333333335,80.10726166666667,80.10726166666667 5.550225,80.10674833333336,80.10674833333336 5.553106666666667,80.10623666666667,80.10623666666667 5.555991666666666,80.10572333333333,80.10572333333333 5.5588750000000005,80.10521,80.10521 5.561755,80.10469499999999,80.10469499999999 5.564636666666667,80.10418166666668,80.10418166666668 5.567523333333333,80.10366666666667,80.10366666666667 5.5704150000000014,80.10315333333334,80.10315333333334 5.573311666666665,80.10263833333333,80.10263833333333 5.57621,80.10212499999999,80.10212499999999 5.5791183333333345,80.10161166666667,80.10161166666667 5.582038333333332,80.10110166666666,80.10110166666666 5.584966666666666,80.10059166666667,80.10059166666667 5.587899999999999,80.10008166666665,80.10008166666665 5.590838333333332,80.09957166666666,80.09957166666666 5.593776666666668,80.09906333333333,80.09906333333333 5.596711666666667,80.09855333333334,80.09855333333334 5.599636666666667,80.09804166666666,80.09804166666666 5.602555,80.09753,80.09753 5.605463333333334,80.09701666666668,80.09701666666668 5.608368333333334,80.09650333333333,80.09650333333333 5.6112633333333335,80.09598999999999,80.09598999999999 5.614155,80.09547500000001,80.09547500000001 5.617045,80.09496000000001,80.09496000000001 5.619938333333332,80.09444666666667,80.09444666666667 5.622836666666666,80.09393333333333,80.09393333333333 5.6257399999999995,80.09342,80.09342 5.628648333333333,80.09290833333334,80.09290833333334 5.631565,80.09239666666669,80.09239666666669 5.634485000000001,80.09188666666667,80.09188666666667 5.637406666666667,80.09137666666668,80.09137666666668 5.640328333333334,80.09086666666666,80.09086666666666 5.643246666666666,80.090355,80.090355 5.646161666666665,80.089845,80.089845 5.649071666666667,80.08933333333334,80.08933333333334 5.651976666666667,80.08882333333332,80.08882333333332 5.654878333333333,80.08831166666667,80.08831166666667 5.657773333333334,80.08780333333334,80.08780333333334 5.660659999999999,80.08729333333335,80.08729333333335 5.66354,80.08678499999999,80.08678499999999 5.666415000000001,80.08627666666666,80.08627666666666 5.669285000000001,80.08577,80.08577 5.672151666666667,80.08526499999999,80.08526499999999 5.675013333333334,80.08476000000002,80.08476000000002 5.677873333333334,80.08425833333334,80.08425833333334 5.680731666666666,80.08375833333332,80.08375833333332 5.683586666666667,80.08325833333333,80.08325833333333 5.686440000000001,80.08276166666666,80.08276166666666 5.689291666666667,80.08226500000002,80.08226500000002 5.692140000000001,80.08177166666665,80.08177166666665 5.694988333333333,80.08127666666667,80.08127666666667 5.6978333333333335,80.08078333333333,80.08078333333333 5.700676666666668,80.08029166666667,80.08029166666667 5.703521666666667,80.07979999999999,80.07979999999999 5.706361666666668,80.07930833333333,80.07930833333333 5.709198333333334,80.07881666666667,80.07881666666667 5.712031666666666,80.07832499999999,80.07832499999999 5.714865,80.07783333333333,80.07783333333333 5.717696666666665,80.07734166666668,80.07734166666668 5.720526666666665,80.07684833333333,80.07684833333333 5.723356666666666,80.07635499999999,80.07635499999999 5.726186666666666,80.07586166666667,80.07586166666667 5.7290149999999995,80.07536666666667,80.07536666666667 5.731839999999999,80.07487333333333,80.07487333333333 5.734661666666667,80.07437833333334,80.07437833333334 5.73748,80.07388333333334,80.07388333333334 5.740296666666668,80.07338999999999,80.07338999999999 5.743111666666667,80.07289666666668,80.07289666666668 5.745921666666667,80.07240333333333,80.07240333333333 5.748731666666667,80.07190999999999,80.07190999999999 5.751538333333334,80.07141666666666,80.07141666666666 5.754345000000001,80.07092500000002,80.07092500000002 5.757148333333333,80.07043333333333,80.07043333333333 5.759951666666667,80.06994166666668,80.06994166666668 5.762755000000001,80.06945166666665,80.06945166666665 5.765556666666667,80.06896166666667,80.06896166666667 5.768358333333333,80.06847333333333,80.06847333333333 5.771161666666666,80.067985,80.067985 5.773966666666667,80.06749666666667,80.06749666666667 5.776776666666666,80.06701166666666,80.06701166666666 5.779586666666668,80.06652500000001,80.06652500000001 5.782401666666668,80.06604,80.06604 5.78522,80.06555666666667,80.06555666666667 5.788043333333334,80.06507333333334,80.06507333333334 5.790871666666668,80.06459,80.06459 5.793701666666668,80.06410666666667,80.06410666666667 5.796536666666666,80.06362499999999,80.06362499999999 5.799371666666667,80.06314333333333,80.06314333333333 5.8022083333333345,80.06266000000001,80.06266000000001 5.805043333333333,80.06217833333334,80.06217833333334 5.807878333333334,80.06169666666668,80.06169666666668 5.810711666666666,80.06121333333333,80.06121333333333 5.813541666666667,80.06073,80.06073 5.81637,80.060245,80.060245 5.819191666666668,80.05976000000001,80.05976000000001 5.82201,80.05927333333335,80.05927333333335 5.824821666666666,80.05878333333332,80.05878333333332 5.827631666666668,80.05829333333334,80.05829333333334 5.8304383333333325,80.05779999999999,80.05779999999999 5.833243333333333,80.05730666666668,80.05730666666668 5.8360466666666655,80.05681,80.05681 5.838846666666666,80.05631333333334,80.05631333333334 5.841646666666667,80.05581333333332,80.05581333333332 5.844448333333334,80.05531333333333,80.05531333333333 5.847251666666667,80.05481166666667,80.05481166666667 5.850053333333333,80.05430833333332,80.05430833333332 5.852854999999999,80.05380499999998,80.05380499999998 5.855655,80.05329833333334,80.05329833333334 5.858460000000001,80.05279333333334,80.05279333333334 5.861266666666667,80.05228666666667,80.05228666666667 5.8640750000000015,80.05177999999998,80.05177999999998 5.866881666666666,80.051275,80.051275 5.869688333333333,80.05077166666666,80.05077166666666 5.872495,80.05026833333332,80.05026833333332 5.875300000000001,80.04976666666667,80.04976666666667 5.878103333333333,80.04926666666667,80.04926666666667 5.880905,80.04876833333331,80.04876833333331 5.883706666666666,80.04827166666668,80.04827166666668 5.8865083333333335,80.04777666666666,80.04777666666666 5.889306666666665,80.04728166666666,80.04728166666666 5.892099999999998,80.04678833333334,80.04678833333334 5.894884999999999,80.046295,80.046295 5.897663333333332,80.04580166666666,80.04580166666666 5.900435,80.04530666666665,80.04530666666665 5.903203333333333,80.04481333333334,80.04481333333334 5.905968333333334,80.04431833333332,80.04431833333332 5.90873,80.04382333333332,80.04382333333332 5.91149,80.04332833333333,80.04332833333333 5.914250000000001,80.04283333333333,80.04283333333333 5.917008333333333,80.04233666666667,80.04233666666667 5.919763333333332,80.04184166666666,80.04184166666666 5.922518333333333,80.04134333333333,80.04134333333333 5.925273333333332,80.04084666666667,80.04084666666667 5.928031666666668,80.04034999999999,80.04034999999999 5.930793333333335,80.03985333333333,80.03985333333333 5.933561666666667,80.03935666666666,80.03935666666666 5.9363383333333335,80.03886000000001,80.03886000000001 5.939124999999999,80.03836500000001,80.03836500000001 5.9419200000000005,80.03787,80.03787 5.944726666666666,80.03737833333332,80.03737833333332 5.947541666666665,80.03688666666666,80.03688666666666 5.950361666666668,80.03639499999998,80.03639499999998 5.953185,80.03590500000001,80.03590500000001 5.956013333333334,80.035415,80.035415 5.958843333333334,80.034925,80.034925 5.961675000000001,80.03443666666666,80.03443666666666 5.964508333333334,80.03394833333334,80.03394833333334 5.967341666666666,80.03345833333331,80.03345833333331 5.970175,80.03296833333334,80.03296833333334 5.973006666666667,80.03247833333333,80.03247833333333 5.975838333333334,80.03198833333333,80.03198833333333 5.978665000000001,80.03149833333335,80.03149833333335 5.981491666666667,80.03100666666666,80.03100666666666 5.9843166666666665,80.03051500000001,80.03051500000001 5.987139999999999,80.03002333333335,80.03002333333335 5.989963333333333,80.02953166666667,80.02953166666667 5.992784999999999,80.02904000000001,80.02904000000001 5.995606666666666,80.02854833333335,80.02854833333335 5.998430000000001,80.02805833333333,80.02805833333333 6.0012566666666665,80.02756833333333,80.02756833333333 6.004090000000001,80.02707833333335,80.02707833333335 6.0069300000000005,80.02659000000001,80.02659000000001 6.009780000000001,80.0261,80.0261 6.012640000000001,80.02561166666666,80.02561166666666 6.015508333333334,80.02512333333333,80.02512333333333 6.018385,80.024635,80.024635 6.021271666666666,80.02414666666667,80.02414666666667 6.024165,80.02365499999999,80.02365499999999 6.027065000000001,80.02316499999999,80.02316499999999 6.02997,80.02267166666667,80.02267166666667 6.0328816666666665,80.02217833333333,80.02217833333333 6.035798333333334,80.02168499999999,80.02168499999999 6.038721666666667,80.02118833333334,80.02118833333334 6.041648333333335,80.02068999999999,80.02068999999999 6.044576666666667,80.02019,80.02019 6.047503333333332,80.01968666666667,80.01968666666667 6.050424999999999,80.01918166666665,80.01918166666665 6.053338333333333,80.018675,80.018675 6.056241666666666,80.01816666666667,80.01816666666667 6.0591366666666655,80.01765833333334,80.01765833333334 6.062026666666666,80.01715,80.01715 6.064911666666665,80.01664166666667,80.01664166666667 6.067794999999999,80.01613333333334,80.01613333333334 6.070675,80.01562833333334,80.01562833333334 6.073555000000001,80.01512333333334,80.01512333333334 6.076431666666667,80.01461833333333,80.01461833333333 6.0793066666666675,80.01411499999999,80.01411499999999 6.082183333333334,80.01361166666666,80.01361166666666 6.085061666666666,80.01311000000001,80.01311000000001 6.08794,80.01260833333333,80.01260833333333 6.090823333333334,80.01210833333334,80.01210833333334 6.093711666666667,80.01160833333333,80.01160833333333 6.096603333333333,80.01110999999999,80.01110999999999 6.099498333333334,80.01061166666666,80.01061166666666 6.1024,80.010115,80.010115 6.105306666666666,80.00961833333335,80.00961833333335 6.108218333333334,80.00912166666666,80.00912166666666 6.111131666666668,80.00862333333333,80.00862333333333 6.11404,80.00812499999999,80.00812499999999 6.116936666666667,80.00762333333334,80.00762333333334 6.119818333333335,80.00712,80.00712 6.122683333333333,80.00661333333333,80.00661333333333 6.125529999999999,80.006105,80.006105 6.128359999999999,80.00559333333332,80.00559333333332 6.13117,80.00507833333333,80.00507833333333 6.133958333333333,80.00456,80.00456 6.136733333333332,80.00404,80.00404 6.139493333333333,80.00351833333333,80.00351833333333 6.14224,80.002995,80.002995 6.144979999999999,80.00247166666665,80.00247166666665 6.147716666666667,80.00194666666665,80.00194666666665 6.15045,80.00142166666666,80.00142166666666 6.153181666666667,80.00089666666665,80.00089666666665 6.155915,80.00037166666665,80.00037166666665 6.1586533333333335,79.99984666666667,79.99984666666667 6.161393333333333,79.99932333333332,79.99932333333332 6.164138333333333,79.99879999999999,79.99879999999999 6.166893333333333,79.99827833333333,79.99827833333333 6.169661666666667,79.99775833333332,79.99775833333332 6.172443333333334,79.99723999999999,79.99723999999999 6.1752400000000005,79.99672166666667,79.99672166666667 6.178051666666666,79.99620666666667,79.99620666666667 6.180878333333334,79.99569333333335,79.99569333333335 6.1837133333333325,79.99517999999999,79.99517999999999 6.186555000000001,79.99466666666667,79.99466666666667 6.189403333333333,79.99415499999999,79.99415499999999 6.192256666666666,79.993645,79.993645 6.195109999999999,79.99313333333332,79.99313333333332 6.197963333333333,79.99262,79.99262 6.200823333333333,79.99210833333333,79.99210833333333 6.203693333333333,79.99159666666665,79.99159666666665 6.206571666666668,79.991085,79.991085 6.209458333333334,79.990575,79.990575 6.212350000000001,79.99006500000002,79.99006500000002 6.215241666666666,79.989555,79.989555 6.218135000000001,79.98904666666667,79.98904666666667 6.221028333333333,79.98853833333332,79.98853833333332 6.223914999999999,79.98802833333333,79.98802833333333 6.226793333333333,79.98752,79.98752 6.229665000000001,79.98700999999998,79.98700999999998 6.232528333333333,79.98649833333333,79.98649833333333 6.235385000000001,79.98598833333334,79.98598833333334 6.238228333333333,79.985475,79.985475 6.241063333333333,79.98496,79.98496 6.243895,79.984445,79.984445 6.2467250000000005,79.98392666666666,79.98392666666666 6.249551666666667,79.98340833333334,79.98340833333334 6.252375000000001,79.98288666666666,79.98288666666666 6.255196666666666,79.98236333333332,79.98236333333332 6.258021666666668,79.98183999999999,79.98183999999999 6.260845000000001,79.98131499999998,79.98131499999998 6.263661666666668,79.98078999999998,79.98078999999998 6.266469999999999,79.98026166666666,79.98026166666666 6.269273333333333,79.97973499999999,79.97973499999999 6.27207,79.97920666666667,79.97920666666667 6.274861666666666,79.97867666666666,79.97867666666666 6.27765,79.97814666666667,79.97814666666667 6.280438333333333,79.977615,79.977615 6.283229999999999,79.977085,79.977085 6.286029999999999,79.97655500000002,79.97655500000002 6.288840000000001,79.976025,79.976025 6.291661666666665,79.97549666666669,79.97549666666669 6.294496666666666,79.97497,79.97497 6.297350000000001,79.97444333333333,79.97444333333333 6.300221666666666,79.97391999999999,79.97391999999999 6.303108333333333,79.97339666666667,79.97339666666667 6.306001666666666,79.972875,79.972875 6.3089,79.97235333333333,79.97235333333333 6.3118050000000006,79.97183333333334,79.97183333333334 6.314713333333334,79.97131333333333,79.97131333333333 6.317621666666668,79.97079333333333,79.97079333333333 6.320528333333334,79.970275,79.970275 6.323435000000001,79.96975666666668,79.96975666666668 6.326336666666666,79.96923833333332,79.96923833333332 6.329235000000001,79.96872166666667,79.96872166666667 6.332130000000001,79.96820666666669,79.96820666666669 6.335025,79.96769166666665,79.96769166666665 6.337918333333332,79.96717833333334,79.96717833333334 6.34081,79.96666666666667,79.96666666666667 6.343699999999998,79.96615499999999,79.96615499999999 6.34659,79.965645,79.965645 6.34948,79.96513666666667,79.96513666666667 6.3523683333333345,79.96462833333334,79.96462833333334 6.355260000000001,79.96412166666667,79.96412166666667 6.358151666666666,79.96361666666667,79.96361666666667 6.361043333333333,79.96311,79.96311 6.363936666666667,79.96260333333333,79.96260333333333 6.366826666666666,79.96209833333333,79.96209833333333 6.3697116666666656,79.96159,79.96159 6.372595,79.96108333333333,79.96108333333333 6.375473333333334,79.96057333333334,79.96057333333334 6.378348333333334,79.96006499999999,79.96006499999999 6.381221666666667,79.959555,79.959555 6.384091666666666,79.95904666666667,79.95904666666667 6.386961666666667,79.95853666666667,79.95853666666667 6.389828333333333,79.95802666666667,79.95802666666667 6.392694999999999,79.95751666666668,79.95751666666668 6.395558333333335,79.95700666666666,79.95700666666666 6.39842,79.95649666666667,79.95649666666667 6.401278333333333,79.95598833333334,79.95598833333334 6.404133333333334,79.95548000000001,79.95548000000001 6.406985,79.95497166666668,79.95497166666668 6.409835,79.95446333333332,79.95446333333332 6.412680000000001,79.95395666666666,79.95395666666666 6.41552,79.95344999999999,79.95344999999999 6.418353333333332,79.95294333333332,79.95294333333332 6.4211800000000006,79.95243666666666,79.95243666666666 6.424001666666667,79.95192833333333,79.95192833333333 6.426816666666667,79.95142166666666,79.95142166666666 6.429633333333334,79.950915,79.950915 6.432448333333333,79.95040833333333,79.95040833333333 6.435263333333333,79.94990333333332,79.94990333333332 6.438078333333334,79.94939833333332,79.94939833333332 6.4408900000000004,79.94889333333334,79.94889333333334 6.443696666666667,79.94838666666665,79.94838666666665 6.4464966666666665,79.94788000000001,79.94788000000001 6.449285,79.94737166666665,79.94737166666665 6.452065000000001,79.94686,79.94686 6.454838333333334,79.94635,79.94635 6.457603333333332,79.94583666666668,79.94583666666668 6.460358333333333,79.94532166666667,79.94532166666667 6.463106666666666,79.94480666666666,79.94480666666666 6.465846666666667,79.94429000000001,79.94429000000001 6.468581666666667,79.94377166666665,79.94377166666665 6.471306666666667,79.94325166666667,79.94325166666667 6.474023333333335,79.94273166666667,79.94273166666667 6.476729999999999,79.94220833333334,79.94220833333334 6.479428333333334,79.94168333333333,79.94168333333333 6.482116666666667,79.94115833333333,79.94115833333333 6.484795,79.94063166666668,79.94063166666668 6.487463333333333,79.94010333333334,79.94010333333334 6.490125000000001,79.93957499999999,79.93957499999999 6.492778333333333,79.93904666666667,79.93904666666667 6.495425,79.93851666666666,79.93851666666666 6.498065,79.93798666666667,79.93798666666667 6.5007,79.93745833333334,79.93745833333334 6.503335000000001,79.93692999999999,79.93692999999999 6.5059700000000005,79.93640166666667,79.93640166666667 6.508605,79.93587333333335,79.93587333333335 6.51124,79.93534500000001,79.93534500000001 6.513876666666666,79.93481833333333,79.93481833333333 6.516515,79.93429,79.93429 6.519158333333333,79.93376333333335,79.93376333333335 6.5218066666666665,79.93323833333334,79.93323833333334 6.524461666666667,79.93271166666668,79.93271166666668 6.527125000000002,79.93218666666668,79.93218666666668 6.529794999999999,79.93166166666667,79.93166166666667 6.532471666666667,79.93113666666667,79.93113666666667 6.535161666666666,79.93061166666668,79.93061166666668 6.537861666666666,79.93008833333333,79.93008833333333 6.540574999999999,79.929565,79.929565 6.543298333333333,79.92904166666668,79.92904166666668 6.546028333333333,79.92851833333334,79.92851833333334 6.5487649999999995,79.92799666666667,79.92799666666667 6.551504999999999,79.92747500000002,79.92747500000002 6.554250000000001,79.926955,79.926955 6.556996666666667,79.92643666666665,79.92643666666665 6.559748333333332,79.92591999999999,79.92591999999999 6.562501666666666,79.92540500000001,79.92540500000001 6.565253333333334,79.92489166666667,79.92489166666667 6.568000000000001,79.92437666666666,79.92437666666666 6.570738333333332,79.92386499999999,79.92386499999999 6.573471666666667,79.92335166666668,79.92335166666668 6.576198333333333,79.92284,79.92284 6.578923333333334,79.92232833333334,79.92232833333334 6.58165,79.92181833333335,79.92181833333335 6.5843783333333326,79.92130999999999,79.92130999999999 6.587111666666667,79.92080333333332,79.92080333333332 6.58985,79.92029666666666,79.92029666666666 6.592593333333333,79.91979333333335,79.91979333333335 6.595345,79.91929166666667,79.91929166666667 6.598101666666668,79.91879333333334,79.91879333333334 6.600863333333333,79.918295,79.918295 6.603633333333333,79.91779833333334,79.91779833333334 6.606406666666667,79.91730333333334,79.91730333333334 6.609181666666665,79.91681166666667,79.91681166666667 6.611956666666667,79.91631833333334,79.91631833333334 6.614729999999999,79.91582833333334,79.91582833333334 6.617495000000001,79.91533666666666,79.91533666666666 6.620251666666666,79.91484333333334,79.91484333333334 6.622993333333333,79.91435,79.91435 6.62572,79.91385499999998,79.91385499999998 6.628436666666666,79.91335833333332,79.91335833333332 6.631145,79.91286166666667,79.91286166666667 6.63385,79.91236333333332,79.91236333333332 6.6365583333333324,79.91186500000002,79.91186500000002 6.639268333333332,79.911365,79.911365 6.641981666666667,79.910865,79.910865 6.6447,79.91036333333332,79.91036333333332 6.6474216666666655,79.90986166666667,79.90986166666667 6.650144999999999,79.90935833333333,79.90935833333333 6.652868333333334,79.90885333333335,79.90885333333335 6.655591666666668,79.90834833333332,79.90834833333332 6.658315000000001,79.90784333333332,79.90784333333332 6.661034999999999,79.90733666666668,79.90733666666668 6.663753333333334,79.90682833333335,79.90682833333335 6.666468333333334,79.90632,79.90632 6.66918,79.90581,79.90581 6.671888333333334,79.90529833333332,79.90529833333332 6.674593333333333,79.90478666666667,79.90478666666667 6.677300000000001,79.90427500000001,79.90427500000001 6.680006666666666,79.90376166666668,79.90376166666668 6.682716666666667,79.90325,79.90325 6.685431666666667,79.90273666666666,79.90273666666666 6.688153333333334,79.902225,79.902225 6.690876666666666,79.90171166666667,79.90171166666667 6.693603333333335,79.90119833333333,79.90119833333333 6.696328333333334,79.90068333333335,79.90068333333335 6.699055000000001,79.90016833333334,79.90016833333334 6.70178,79.89965166666666,79.89965166666666 6.704505,79.89913499999999,79.89913499999999 6.707230000000001,79.89861833333333,79.89861833333333 6.709951666666666,79.89810166666666,79.89810166666666 6.71267,79.89758333333333,79.89758333333333 6.715386666666666,79.89706500000001,79.89706500000001 6.718098333333335,79.89654499999999,79.89654499999999 6.720808333333334,79.89602500000001,79.89602500000001 6.723511666666667,79.89550500000001,79.89550500000001 6.72621,79.89498333333334,79.89498333333334 6.728903333333333,79.89446,79.89446 6.73159,79.89393666666666,79.89393666666666 6.734273333333333,79.89341,79.89341 6.736951666666665,79.89288166666667,79.89288166666667 6.739625000000001,79.89235333333332,79.89235333333332 6.742296666666666,79.89182166666667,79.89182166666667 6.744968333333332,79.89129,79.89129 6.747639999999999,79.89075666666666,79.89075666666666 6.750308333333334,79.89022333333335,79.89022333333335 6.752975,79.88968833333332,79.88968833333332 6.755636666666668,79.88915333333333,79.88915333333333 6.758295,79.88862000000002,79.88862000000002 6.760951666666667,79.88808833333331,79.88808833333331 6.763606666666667,79.88755666666667,79.88755666666667 6.766258333333334,79.88702666666667,79.88702666666667 6.768911666666667,79.88649999999998,79.88649999999998 6.771570000000001,79.88597499999999,79.88597499999999 6.774235000000001,79.885455,79.885455 6.77691,79.88493833333334,79.88493833333334 6.7795966666666665,79.884425,79.884425 6.7822949999999995,79.883915,79.883915 6.78501,79.88340833333334,79.88340833333334 6.787739999999999,79.882905,79.882905 6.7904816666666665,79.88240333333334,79.88240333333334 6.7932316666666654,79.88190333333334,79.88190333333334 6.79599,79.88140333333332,79.88140333333332 6.798751666666668,79.88090666666666,79.88090666666666 6.801518333333333,79.88041,79.88041 6.804288333333332,79.87991499999998,79.87991499999998 6.807061666666667,79.87942000000001,79.87942000000001 6.8098383333333325,79.87892666666666,79.87892666666666 6.812614999999999,79.87843333333335,79.87843333333335 6.8153950000000005,79.87794166666666,79.87794166666666 6.818175000000001,79.87745000000001,79.87745000000001 6.820953333333334,79.87695999999998,79.87695999999998 6.823731666666667,79.87647166666667,79.87647166666667 6.826506666666667,79.87598500000001,79.87598500000001 6.829281666666666,79.87549833333334,79.87549833333334 6.832055,79.87501499999999,79.87501499999999 6.834826666666666,79.87453333333333,79.87453333333333 6.837596666666667,79.87405333333332,79.87405333333332 6.840366666666667,79.87357666666666,79.87357666666666 6.843133333333332,79.87310166666666,79.87310166666666 6.845898333333334,79.87262833333331,79.87262833333331 6.8486616666666675,79.87215833333335,79.87215833333335 6.851428333333333,79.87169166666666,79.87169166666666 6.854204999999999,79.87122666666669,79.87122666666669 6.85699,79.87076499999999,79.87076499999999 6.859788333333333,79.87030333333334,79.87030333333334 6.8626016666666665,79.86984166666667,79.86984166666667 6.86543,79.86938166666667,79.86938166666667 6.86827,79.86891999999999,79.86891999999999 6.871116666666667,79.86845666666666,79.86845666666666 6.873966666666666,79.86799333333335,79.86799333333335 6.87682,79.86752833333333,79.86752833333333 6.879670000000001,79.86706000000002,79.86706000000002 6.8825150000000015,79.86659,79.86659 6.885358333333333,79.86611833333333,79.86611833333333 6.888204999999999,79.86564499999999,79.86564499999999 6.891055000000001,79.86517333333333,79.86517333333333 6.89391,79.86469999999998,79.86469999999998 6.896768333333333,79.86422666666667,79.86422666666667 6.899628333333333,79.86375333333334,79.86375333333334 6.90249,79.86327833333333,79.86327833333333 6.90535,79.86280166666666,79.86280166666666 6.908208333333332,79.86232499999998,79.86232499999998 6.911065,79.86184833333334,79.86184833333334 6.9139149999999985,79.86137000000001,79.86137000000001 6.916758333333332,79.86088833333332,79.86088833333332 6.919598333333333,79.86040666666666,79.86040666666666 6.922430000000001,79.85992333333334,79.85992333333334 6.925246666666666,79.85943666666668,79.85943666666668 6.928044999999999,79.85894666666665,79.85894666666665 6.930831666666667,79.85845166666665,79.85845166666665 6.933611666666667,79.85795666666667,79.85795666666667 6.936391666666665,79.85746,79.85746 6.939173333333334,79.85696333333334,79.85696333333334 6.941954999999999,79.856465,79.856465 6.9447366666666674,79.85596499999998,79.85596499999998 6.947515000000001,79.855465,79.855465 6.950288333333333,79.85496333333334,79.85496333333334 6.953053333333334,79.85445833333334,79.85445833333334 6.95581,79.85395000000001,79.85395000000001 6.958558333333334,79.85344166666668,79.85344166666668 6.9613000000000005,79.85292833333334,79.85292833333334 6.964034999999999,79.852415,79.852415 6.96676,79.85189833333334,79.85189833333334 6.969480000000001,79.85137833333334,79.85137833333334 6.972191666666666,79.85085833333333,79.85085833333333 6.974896666666665,79.85033499999999,79.85033499999999 6.977595,79.84981166666665,79.84981166666665 6.980288333333334,79.849285,79.849285 6.9829750000000015,79.84875833333332,79.84875833333332 6.985655,79.84822833333334,79.84822833333334 6.988328333333334,79.84769833333333,79.84769833333333 6.990993333333334,79.84716499999999,79.84716499999999 6.99365,79.84663000000002,79.84663000000002 6.9963016666666675,79.84609499999999,79.84609499999999 6.998946666666665,79.84555666666667,79.84555666666667 7.0015849999999995,79.84501833333334,79.84501833333334 7.004221666666666,79.84447833333333,79.84447833333333 7.006856666666666,79.84393833333334,79.84393833333334 7.009491666666666,79.84339833333334,79.84339833333334 7.012128333333334,79.84285833333333,79.84285833333333 7.014768333333334,79.84231833333334,79.84231833333334 7.017413333333334,79.84177833333332,79.84177833333332 7.020065,79.84124,79.84124 7.022726666666666,79.84070166666667,79.84070166666667 7.0253966666666665,79.84016333333334,79.84016333333334 7.028075,79.83962499999998,79.83962499999998 7.030756666666667,79.83908833333332,79.83908833333332 7.033443333333334,79.83855,79.83855 7.036133333333333,79.83801166666667,79.83801166666667 7.038825000000002,79.83747333333335,79.83747333333335 7.041518333333332,79.836935,79.836935 7.044208333333334,79.836395,79.836395 7.046898333333332,79.83585666666667,79.83585666666667 7.0495883333333325,79.83531666666666,79.83531666666666 7.052281666666667,79.83477833333333,79.83477833333333 7.0549800000000005,79.83424000000001,79.83424000000001 7.057690000000001,79.83370166666666,79.83370166666666 7.060411666666666,79.83316666666666,79.83316666666666 7.063153333333334,79.83263333333332,79.83263333333332 7.065911666666667,79.83210166666665,79.83210166666665 7.068688333333333,79.83157333333332,79.83157333333332 7.071483333333333,79.83104666666667,79.83104666666667 7.074293333333332,79.83052166666666,79.83052166666666 7.07712,79.82999833333332,79.82999833333332 7.079958333333334,79.82947666666666,79.82947666666666 7.0828033333333345,79.82895333333333,79.82895333333333 7.085651666666666,79.82843166666666,79.82843166666666 7.088503333333334,79.82791,79.82791 7.091353333333332,79.82738833333333,79.82738833333333 7.094203333333334,79.82686666666667,79.82686666666667 7.097046666666667,79.826345,79.826345 7.099883333333334,79.82582333333332,79.82582333333332 7.102711666666666,79.82530000000001,79.82530000000001 7.105531666666667,79.82477666666666,79.82477666666666 7.108345000000001,79.82425333333333,79.82425333333333 7.111148333333333,79.82372833333334,79.82372833333334 7.113941666666666,79.82320333333332,79.82320333333332 7.116723333333335,79.82267833333333,79.82267833333333 7.1194966666666675,79.82215333333333,79.82215333333333 7.122261666666666,79.82162833333332,79.82162833333332 7.125018333333333,79.82110333333333,79.82110333333333 7.127766666666667,79.82057666666667,79.82057666666667 7.130510000000001,79.82005166666666,79.82005166666666 7.133248333333333,79.81952666666666,79.81952666666666 7.135983333333334,79.81900166666667,79.81900166666667 7.138715,79.81847666666665,79.81847666666665 7.141446666666667,79.81795166666669,79.81795166666669 7.1441783333333335,79.81742833333332,79.81742833333332 7.146913333333334,79.81690166666668,79.81690166666668 7.149653333333333,79.816375,79.816375 7.152396666666667,79.81584833333334,79.81584833333334 7.155145000000001,79.81531833333334,79.81531833333334 7.157898333333333,79.81478999999999,79.81478999999999 7.160655000000001,79.81425833333331,79.81425833333331 7.163413333333334,79.81372666666667,79.81372666666667 7.166173333333333,79.81319333333333,79.81319333333333 7.168935000000001,79.81266,79.81266 7.171696666666666,79.812125,79.812125 7.174459999999999,79.81159166666666,79.81159166666666 7.177221666666665,79.81105666666669,79.81105666666669 7.1799849999999985,79.81052333333335,79.81052333333335 7.182751666666667,79.80998833333332,79.80998833333332 7.185520000000001,79.80945499999999,79.80945499999999 7.188291666666667,79.80892000000001,79.80892000000001 7.191063333333334,79.80838499999999,79.80838499999999 7.193831666666668,79.80784833333335,79.80784833333335 7.1966,79.80731166666666,79.80731166666666 7.199366666666667,79.80677333333334,79.80677333333334 7.2021316666666655,79.80623499999999,79.80623499999999 7.204894999999999,79.80569666666666,79.80569666666666 7.207655,79.80515666666666,79.80515666666666 7.2104116666666656,79.80461666666667,79.80461666666667 7.213165,79.80407833333335,79.80407833333335 7.215913333333333,79.80353833333334,79.80353833333334 7.218656666666668,79.80300000000001,79.80300000000001 7.221394999999999,79.80246166666666,79.80246166666666 7.224128333333334,79.80192333333333,79.80192333333333 7.226858333333333,79.80138666666667,79.80138666666667 7.229586666666668,79.80085166666666,79.80085166666666 7.232314999999999,79.80031833333334,79.80031833333334 7.235048333333332,79.79978833333332,79.79978833333332 7.2377899999999995,79.79925833333334,79.79925833333334 7.240543333333332,79.79873166666665,79.79873166666665 7.243310000000001,79.79820666666666,79.79820666666666 7.246091666666666,79.79768333333334,79.79768333333334 7.248889999999999,79.79716166666667,79.79716166666667 7.251705,79.79664166666667,79.79664166666667 7.254536666666667,79.796125,79.796125 7.25738,79.79561000000001,79.79561000000001 7.260233333333335,79.79509833333333,79.79509833333333 7.263093333333335,79.79458833333334,79.79458833333334 7.265963333333333,79.79408000000001,79.79408000000001 7.268840000000001,79.79357333333334,79.79357333333334 7.271723333333333,79.79306833333334,79.79306833333334 7.274611666666667,79.792565,79.792565 7.277506666666667,79.79206166666665,79.79206166666665 7.280408333333333,79.79156166666667,79.79156166666667 7.283321666666667,79.79106166666666,79.79106166666666 7.286246666666667,79.79056333333334,79.79056333333334 7.289186666666666,79.79006500000001,79.79006500000001 7.292138333333332,79.78956666666666,79.78956666666666 7.2951,79.78906666666666,79.78906666666666 7.298066666666667,79.78856666666667,79.78856666666667 7.301033333333334,79.78806500000002,79.78806500000002 7.303990000000001,79.78755833333332,79.78755833333332 7.306933333333334,79.78705,79.78705 7.309858333333333,79.78653500000001,79.78653500000001 7.312765,79.78601666666667,79.78601666666667 7.3156533333333345,79.78549500000001,79.78549500000001 7.318521666666667,79.78496833333332,79.78496833333332 7.321366666666667,79.78443833333334,79.78443833333334 7.324188333333333,79.78390333333334,79.78390333333334 7.326991666666667,79.78336666666668,79.78336666666668 7.329775000000001,79.782825,79.782825 7.332541666666666,79.78228333333333,79.78228333333333 7.335295,79.78173833333334,79.78173833333334 7.3380350000000005,79.78119166666667,79.78119166666667 7.340768333333334,79.78064333333333,79.78064333333333 7.343495,79.780095,79.780095 7.34622,79.77954500000001,79.77954500000001 7.348943333333334,79.77899666666667,79.77899666666667 7.3516699999999995,79.77844666666667,79.77844666666667 7.354401666666666,79.77789833333334,79.77789833333334 7.357138333333333,79.77735,79.77735 7.359881666666666,79.77680166666667,79.77680166666667 7.362631666666666,79.776255,79.776255 7.365388333333334,79.77570833333333,79.77570833333333 7.368151666666667,79.77516333333332,79.77516333333332 7.370918333333332,79.77461833333334,79.77461833333334 7.373686666666666,79.774075,79.774075 7.376458333333332,79.77353333333335,79.77353333333335 7.379229999999999,79.77299333333333,79.77299333333333 7.3820033333333335,79.77245333333333,79.77245333333333 7.384774999999999,79.77191333333334,79.77191333333334 7.387543333333333,79.77137666666665,79.77137666666665 7.3903083333333335,79.77084166666668,79.77084166666668 7.393066666666666,79.77031000000001,79.77031000000001 7.395815,79.76977666666667,79.76977666666667 7.398555000000001,79.76924666666667,79.76924666666667 7.401288333333334,79.76871666666666,79.76871666666666 7.404015,79.76818666666665,79.76818666666665 7.406733333333333,79.76765833333333,79.76765833333333 7.409443333333333,79.76713000000001,79.76713000000001 7.412146666666667,79.76660166666667,79.76660166666667 7.414838333333334,79.76607499999999,79.76607499999999 7.417521666666667,79.76554999999999,79.76554999999999 7.420193333333334,79.76502666666667,79.76502666666667 7.422858333333333,79.76450333333334,79.76450333333334 7.425514999999999,79.76398,79.76398 7.428168333333334,79.76345833333332,79.76345833333332 7.430813333333333,79.76293666666668,79.76293666666668 7.4334533333333335,79.76241666666665,79.76241666666665 7.43609,79.76189500000001,79.76189500000001 7.438723333333333,79.76137499999999,79.76137499999999 7.441353333333332,79.760855,79.760855 7.443981666666667,79.76033333333332,79.76033333333332 7.446613333333333,79.75981166666668,79.75981166666668 7.449250000000001,79.75929166666666,79.75929166666666 7.4518933333333335,79.75877166666668,79.75877166666668 7.4545449999999995,79.75825166666665,79.75825166666665 7.457206666666667,79.75773166666667,79.75773166666667 7.459875,79.75721166666668,79.75721166666668 7.4625483333333325,79.75669333333333,79.75669333333333 7.465223333333333,79.756175,79.756175 7.467903333333333,79.75565666666667,79.75565666666667 7.470585000000001,79.75513833333332,79.75513833333332 7.473269999999999,79.75462000000002,79.75462000000002 7.475956666666668,79.75410166666667,79.75410166666667 7.478645,79.75358333333334,79.75358333333334 7.481331666666667,79.75306333333333,79.75306333333333 7.484014999999999,79.752545,79.752545 7.486691666666667,79.75202666666667,79.75202666666667 7.489363333333334,79.75150833333335,79.75150833333335 7.492026666666667,79.75099166666668,79.75099166666668 7.494685,79.75047500000001,79.75047500000001 7.4973350000000005,79.74995666666666,79.74995666666666 7.499978333333333,79.74943999999999,79.74943999999999 7.502615,79.74892166666667,79.74892166666667 7.505246666666667,79.74840333333334,79.74840333333334 7.507873333333333,79.747885,79.747885 7.5104983333333335,79.747365,79.747365 7.513118333333334,79.746845,79.746845 7.515738333333333,79.74632333333334,79.74632333333334 7.518355,79.7458,79.7458 7.520971666666667,79.74527666666665,79.74527666666665 7.523586666666667,79.74475166666666,79.74475166666666 7.526201666666666,79.744225,79.744225 7.528818333333334,79.74369833333333,79.74369833333333 7.531439999999999,79.74317166666667,79.74317166666667 7.534070000000002,79.74264666666667,79.74264666666667 7.536711666666667,79.74212166666666,79.74212166666666 7.539365,79.74159666666667,79.74159666666667 7.542033333333334,79.74107666666667,79.74107666666667 7.544711666666666,79.74055666666666,79.74055666666666 7.5474016666666675,79.74004,79.74004 7.550106666666667,79.73952666666668,79.73952666666668 7.552823333333333,79.73901666666667,79.73901666666667 7.555553333333334,79.73850833333334,79.73850833333334 7.558298333333333,79.73800166666668,79.73800166666668 7.561051666666666,79.73749833333333,79.73749833333333 7.563816666666666,79.73699666666667,79.73699666666667 7.566586666666666,79.73649666666665,79.73649666666665 7.5693600000000005,79.73599833333333,79.73599833333333 7.5721316666666665,79.73550166666668,79.73550166666668 7.5749,79.73500333333332,79.73500333333332 7.577663333333334,79.73450833333332,79.73450833333332 7.580418333333334,79.73401166666666,79.73401166666666 7.583168333333333,79.73351666666667,79.73351666666667 7.585911666666667,79.73302166666667,79.73302166666667 7.5886499999999995,79.73252666666666,79.73252666666666 7.591385000000002,79.73203166666669,79.73203166666669 7.59412,79.731535,79.731535 7.59685,79.73104000000001,79.73104000000001 7.599575000000001,79.73054166666668,79.73054166666668 7.602289999999999,79.730045,79.730045 7.604995,79.72954500000002,79.72954500000002 7.607686666666665,79.72904666666666,79.72904666666666 7.610365,79.72854500000001,79.72854500000001 7.613028333333332,79.72804333333333,79.72804333333333 7.615683333333334,79.72754166666667,79.72754166666667 7.6183299999999985,79.72703999999999,79.72703999999999 7.6209733333333345,79.72653833333334,79.72653833333334 7.623613333333333,79.72603666666669,79.72603666666669 7.62625,79.72553666666667,79.72553666666667 7.628885000000001,79.72503499999999,79.72503499999999 7.631515,79.72453166666666,79.72453166666666 7.634136666666667,79.72402833333332,79.72402833333332 7.636751666666668,79.72352166666666,79.72352166666666 7.639356666666666,79.72301499999999,79.72301499999999 7.641955,79.72250833333332,79.72250833333332 7.644544999999999,79.72199833333333,79.72199833333333 7.647130000000001,79.72148999999999,79.72148999999999 7.649713333333333,79.72098166666666,79.72098166666666 7.652296666666666,79.72047333333333,79.72047333333333 7.654885,79.71996666666668,79.71996666666668 7.65748,79.71945833333334,79.71945833333334 7.660085,79.71895166666667,79.71895166666667 7.6627,79.71844333333334,79.71844333333334 7.66533,79.71793500000001,79.71793500000001 7.667978333333334,79.71742666666668,79.71742666666668 7.6706433333333335,79.71691833333333,79.71691833333333 7.673325,79.71640833333333,79.71640833333333 7.676023333333335,79.7159,79.7159 7.6787333333333345,79.71538999999999,79.71538999999999 7.681453333333333,79.71488166666666,79.71488166666666 7.684181666666666,79.71437333333333,79.71437333333333 7.686916666666668,79.713865,79.713865 7.689654999999998,79.713355,79.713355 7.692394999999999,79.71284666666666,79.71284666666666 7.695131666666667,79.71233666666667,79.71233666666667 7.697864999999999,79.71182666666668,79.71182666666668 7.700595,79.711315,79.711315 7.703316666666665,79.71080333333332,79.71080333333332 7.706031666666666,79.71029166666666,79.71029166666666 7.708736666666667,79.70977833333333,79.70977833333333 7.711433333333334,79.70926500000002,79.70926500000002 7.714123333333332,79.70875166666667,79.70875166666667 7.716806666666668,79.70823833333333,79.70823833333333 7.719483333333333,79.70772333333333,79.70772333333333 7.722151666666668,79.70721000000002,79.70721000000002 7.7248133333333335,79.70669500000001,79.70669500000001 7.7274683333333325,79.70617999999999,79.70617999999999 7.7301166666666665,79.70566500000001,79.70566500000001 7.732758333333334,79.70515,79.70515 7.7353916666666676,79.70463666666666,79.70463666666666 7.738014999999999,79.70412333333334,79.70412333333334 7.740631666666667,79.70361000000001,79.70361000000001 7.743243333333334,79.70309833333333,79.70309833333333 7.745846666666667,79.70258666666668,79.70258666666668 7.748441666666668,79.70207333333333,79.70207333333333 7.751033333333333,79.70156166666668,79.70156166666668 7.753618333333333,79.70105000000001,79.70105000000001 7.7562,79.70053833333333,79.70053833333333 7.758776666666667,79.70002666666664,79.70002666666664 7.761353333333334,79.69951499999999,79.69951499999999 7.763925,79.69900166666666,79.69900166666666 7.766496666666665,79.69849,79.69849 7.769066666666666,79.69797833333335,79.69797833333335 7.771636666666666,79.69746666666667,79.69746666666667 7.774206666666666,79.69695499999999,79.69695499999999 7.77678,79.69644333333333,79.69644333333333 7.779355,79.69593166666667,79.69593166666667 7.781931666666666,79.69542000000001,79.69542000000001 7.784511666666667,79.69490833333333,79.69490833333333 7.787093333333333,79.69439499999999,79.69439499999999 7.78968,79.69388166666666,79.69388166666666 7.792271666666666,79.69337,79.69337 7.794866666666667,79.69285833333335,79.69285833333335 7.797468333333334,79.69234666666667,79.69234666666667 7.800071666666666,79.69183500000001,79.69183500000001 7.8026816666666665,79.69132499999999,79.69132499999999 7.805293333333332,79.690815,79.690815 7.807910000000001,79.69030500000001,79.69030500000001 7.810526666666667,79.689795,79.689795 7.813143333333333,79.68928500000001,79.68928500000001 7.815763333333333,79.68877499999999,79.68877499999999 7.818381666666667,79.688265,79.688265 7.821003333333334,79.68775500000001,79.68775500000001 7.823626666666666,79.68724333333333,79.68724333333333 7.826251666666667,79.68673333333332,79.68673333333332 7.828881666666666,79.686225,79.686225 7.8315150000000004,79.685715,79.685715 7.83415,79.68520666666667,79.68520666666667 7.836788333333334,79.68469833333334,79.68469833333334 7.839431666666666,79.68419000000002,79.68419000000002 7.842076666666666,79.68368,79.68368 7.844723333333334,79.68317166666667,79.68317166666667 7.847368333333332,79.68266000000001,79.68266000000001 7.850015,79.68215,79.68215 7.852661666666667,79.68163833333332,79.68163833333332 7.8553099999999985,79.68112666666667,79.68112666666667 7.857955,79.68061666666668,79.68061666666668 7.860598333333333,79.68010333333334,79.68010333333334 7.86324,79.67959333333334,79.67959333333334 7.865878333333334,79.67908166666666,79.67908166666666 7.868515,79.67857000000001,79.67857000000001 7.871144999999999,79.67806,79.67806 7.8737716666666655,79.67754833333335,79.67754833333335 7.87639,79.67703833333333,79.67703833333333 7.879005000000001,79.67652666666665,79.67652666666665 7.881615,79.67601666666665,79.67601666666665 7.884223333333334,79.67550666666666,79.67550666666666 7.886828333333334,79.67499666666666,79.67499666666666 7.889434999999999,79.67448666666667,79.67448666666667 7.8920449999999995,79.67397833333334,79.67397833333334 7.894658333333333,79.67347000000001,79.67347000000001 7.8972766666666665,79.67296166666668,79.67296166666668 7.899898333333334,79.67245500000001,79.67245500000001 7.902525000000001,79.67194833333332,79.67194833333332 7.905155,79.67143999999999,79.67143999999999 7.9077933333333315,79.67093333333335,79.67093333333335 7.910433333333334,79.67042666666666,79.67042666666666 7.913078333333335,79.66991999999999,79.66991999999999 7.915725,79.66941166666666,79.66941166666666 7.918376666666667,79.66890333333333,79.66890333333333 7.921031666666667,79.66839333333334,79.66839333333334 7.923689999999999,79.66788166666666,79.66788166666666 7.926348333333333,79.66736999999999,79.66736999999999 7.929005000000001,79.66685500000001,79.66685500000001 7.931661666666668,79.66634,79.66634 7.934318333333333,79.66582333333334,79.66582333333334 7.9369733333333325,79.66530666666665,79.66530666666665 7.9396216666666675,79.66478666666666,79.66478666666666 7.942261666666668,79.66426666666668,79.66426666666668 7.944895000000001,79.66374499999999,79.66374499999999 7.947521666666667,79.66322166666669,79.66322166666669 7.950140000000001,79.6627,79.6627 7.95275,79.66217666666667,79.66217666666667 7.955354999999998,79.66165333333333,79.66165333333333 7.957955000000001,79.66113166666668,79.66113166666668 7.960555,79.66061,79.66061 7.96315,79.66009000000001,79.66009000000001 7.965738333333334,79.65956833333334,79.65956833333334 7.968323333333332,79.65904999999998,79.65904999999998 7.970904999999999,79.65853,79.65853 7.973483333333333,79.65801,79.65801 7.976053333333334,79.65749000000001,79.65749000000001 7.978611666666665,79.65696833333334,79.65696833333334 7.981161666666666,79.65644333333334,79.65644333333334 7.983698333333332,79.65591833333333,79.65591833333333 7.986223333333333,79.65539000000001,79.65539000000001 7.988733333333333,79.65486166666666,79.65486166666666 7.9912333333333345,79.65432833333332,79.65432833333332 7.993723333333332,79.65379500000002,79.65379500000002 7.9962083333333345,79.65326166666668,79.65326166666668 7.998691666666667,79.65272666666668,79.65272666666668 8.00118,79.65219166666668,79.65219166666668 8.003680000000003,79.65165833333334,79.65165833333334 8.006191666666666,79.65112666666667,79.65112666666667 8.008718333333334,79.65059666666666,79.65059666666666 8.011261666666668,79.65006833333332,79.65006833333332 8.013826666666667,79.64954166666666,79.64954166666666 8.016415000000002,79.64902000000001,79.64902000000001 8.019029999999999,79.6485,79.6485 8.021666666666667,79.64798333333333,79.64798333333333 8.024321666666665,79.64747000000001,79.64747000000001 8.026990000000001,79.64695833333334,79.64695833333334 8.029668333333332,79.64644833333332,79.64644833333332 8.032348333333335,79.64593833333333,79.64593833333333 8.035023333333335,79.64542833333334,79.64542833333334 8.037693333333335,79.64491666666666,79.64491666666666 8.040356666666664,79.644405,79.644405 8.043011666666667,79.64389166666668,79.64389166666668 8.045651666666666,79.64337666666667,79.64337666666667 8.048276666666668,79.64285833333334,79.64285833333334 8.050889999999999,79.64233833333333,79.64233833333333 8.053498333333332,79.64181666666667,79.64181666666667 8.056098333333333,79.641295,79.641295 8.058691666666665,79.64077166666667,79.64077166666667 8.061278333333332,79.64024666666666,79.64024666666666 8.063863333333334,79.63972166666669,79.63972166666669 8.066448333333332,79.639195,79.639195 8.069028333333335,79.63866833333333,79.63866833333333 8.071606666666666,79.63814,79.63814 8.074181666666666,79.63761166666666,79.63761166666666 8.076755,79.63708166666667,79.63708166666667 8.079326666666667,79.63655166666668,79.63655166666668 8.081898333333333,79.63602166666666,79.63602166666666 8.084471666666666,79.63548999999999,79.63548999999999 8.08705,79.63496,79.63496 8.089635000000001,79.63443,79.63443 8.092228333333333,79.63390166666667,79.63390166666667 8.094826666666666,79.63337333333334,79.63337333333334 8.09743,79.63284499999999,79.63284499999999 8.10004166666667,79.63231833333333,79.63231833333333 8.10266,79.63179166666667,79.63179166666667 8.105283333333333,79.631265,79.631265 8.107913333333332,79.63074,79.63074 8.110548333333332,79.63021333333334,79.63021333333334 8.11319,79.62968833333333,79.62968833333333 8.115835,79.629165,79.629165 8.118481666666664,79.62864,79.62864 8.121129999999999,79.62811666666666,79.62811666666666 8.123776666666666,79.62759166666666,79.62759166666666 8.12642,79.62706666666666,79.62706666666666 8.12906,79.62653999999999,79.62653999999999 8.131695,79.62601333333333,79.62601333333333 8.134323333333333,79.62548500000001,79.62548500000001 8.136948333333335,79.62495666666668,79.62495666666668 8.139571666666667,79.62442833333333,79.62442833333333 8.142191666666669,79.6239,79.6239 8.144808333333334,79.62337166666666,79.62337166666666 8.147421666666666,79.62284333333334,79.62284333333334 8.150033333333331,79.62231666666666,79.62231666666666 8.152641666666668,79.62179,79.62179 8.155248333333335,79.62126333333335,79.62126333333335 8.157849999999998,79.62073666666667,79.62073666666667 8.160449999999997,79.62021166666668,79.62021166666668 8.16305,79.61968833333334,79.61968833333334 8.16565,79.61916666666666,79.61916666666666 8.168251666666666,79.61864666666668,79.61864666666668 8.170860000000003,79.61812666666665,79.61812666666665 8.173471666666668,79.61761,79.61761 8.176089999999999,79.61709333333333,79.61709333333333 8.178711666666667,79.61658000000001,79.61658000000001 8.181341666666667,79.61606666666667,79.61606666666667 8.183978333333332,79.615555,79.615555 8.186618333333334,79.61504500000001,79.61504500000001 8.189263333333335,79.61453666666665,79.61453666666665 8.191913333333332,79.61403000000001,79.61403000000001 8.194568333333333,79.61352333333332,79.61352333333332 8.197226666666669,79.61301833333334,79.61301833333334 8.199888333333332,79.61251333333334,79.61251333333334 8.202553333333334,79.61200833333334,79.61200833333334 8.20522,79.61150500000001,79.61150500000001 8.207883333333333,79.611,79.611 8.210543333333334,79.610495,79.610495 8.213195,79.60998666666666,79.60998666666666 8.215838333333332,79.60947833333333,79.60947833333333 8.218473333333332,79.60896666666667,79.60896666666667 8.221098333333334,79.60845166666667,79.60845166666667 8.223714999999999,79.60793666666666,79.60793666666666 8.226326666666669,79.60742,79.60742 8.228933333333332,79.60689999999998,79.60689999999998 8.231531666666665,79.60637833333334,79.60637833333334 8.234125,79.60585499999999,79.60585499999999 8.236715000000002,79.60533166666669,79.60533166666669 8.2393,79.604805,79.604805 8.24188,79.60427833333333,79.60427833333333 8.244456666666668,79.60375,79.60375 8.24703,79.60322166666666,79.60322166666666 8.249601666666667,79.60269333333333,79.60269333333333 8.252171666666667,79.60216333333332,79.60216333333332 8.254736666666666,79.60163499999999,79.60163499999999 8.257298333333335,79.601105,79.601105 8.259856666666668,79.60057666666665,79.60057666666665 8.262411666666665,79.60004666666667,79.60004666666667 8.264963333333332,79.59951833333334,79.59951833333334 8.267511666666667,79.59899000000001,79.59899000000001 8.270056666666667,79.59846166666667,79.59846166666667 8.2726,79.59793333333334,79.59793333333334 8.275141666666666,79.597405,79.597405 8.277685,79.59687666666666,79.59687666666666 8.280226666666664,79.59635,79.59635 8.282773333333335,79.59582333333334,79.59582333333334 8.285323333333332,79.59529833333333,79.59529833333333 8.28788,79.59477333333334,79.59477333333334 8.290443333333332,79.59425,79.59425 8.293016666666666,79.59372666666665,79.59372666666665 8.2956,79.59320500000001,79.59320500000001 8.298189999999998,79.59268333333333,79.59268333333333 8.300788333333331,79.59216333333335,79.59216333333335 8.303393333333334,79.59164166666666,79.59164166666666 8.306003333333335,79.59112166666668,79.59112166666668 8.308615,79.5906,79.5906 8.31123,79.59008000000001,79.59008000000001 8.313848333333334,79.58955833333333,79.58955833333333 8.316466666666667,79.58903666666666,79.58903666666666 8.319090000000001,79.58851666666666,79.58851666666666 8.321713333333333,79.58799666666668,79.58799666666668 8.324338333333332,79.58747666666666,79.58747666666666 8.326966666666667,79.58695833333334,79.58695833333334 8.329596666666667,79.58644166666667,79.58644166666667 8.332228333333333,79.58592666666667,79.58592666666667 8.334859999999999,79.585415,79.585415 8.337488333333331,79.58490333333332,79.58490333333332 8.340108333333333,79.58439499999999,79.58439499999999 8.342718333333334,79.583885,79.583885 8.345315,79.58337666666667,79.58337666666667 8.347896666666667,79.58286833333334,79.58286833333334 8.35046,79.58236000000001,79.58236000000001 8.353006666666666,79.58184833333333,79.58184833333333 8.35554,79.58133833333333,79.58133833333333 8.358061666666666,79.580825,79.580825 8.360571666666667,79.58031333333332,79.58031333333332 8.363075,79.57979833333334,79.57979833333334 8.365571666666668,79.579285,79.579285 8.368063333333334,79.57877,79.57877 8.370553333333334,79.578255,79.578255 8.373043333333335,79.57773999999999,79.57773999999999 8.375535000000001,79.57722333333334,79.57722333333334 8.378026666666665,79.57670666666667,79.57670666666667 8.380525,79.57619,79.57619 8.383028333333334,79.57567333333334,79.57567333333334 8.385539999999999,79.57515499999998,79.57515499999998 8.388061666666667,79.57464,79.57464 8.390596666666667,79.57412333333335,79.57412333333335 8.393145,79.57360833333334,79.57360833333334 8.395706666666666,79.573095,79.573095 8.398278333333334,79.57258,79.57258 8.40086,79.57206666666666,79.57206666666666 8.403453333333333,79.57155333333334,79.57155333333334 8.406053333333332,79.57103833333333,79.57103833333333 8.408656666666666,79.570525,79.570525 8.411266666666666,79.57001,79.57001 8.413881666666667,79.56949500000002,79.56949500000002 8.416504999999999,79.56898,79.56898 8.419133333333335,79.56846333333333,79.56846333333333 8.421768333333334,79.56794666666666,79.56794666666666 8.424408333333334,79.56743,79.56743 8.427053333333335,79.56691333333333,79.56691333333333 8.429701666666666,79.566395,79.566395 8.432355000000001,79.56587666666665,79.56587666666665 8.435006666666666,79.56535666666666,79.56535666666666 8.437656666666667,79.56483666666668,79.56483666666668 8.440301666666668,79.56431333333333,79.56431333333333 8.442943333333332,79.56379,79.56379 8.44558166666667,79.56326666666668,79.56326666666668 8.448216666666669,79.56274166666668,79.56274166666668 8.450845000000001,79.56221666666669,79.56221666666669 8.453470000000001,79.56169,79.56169 8.456093333333332,79.56116333333333,79.56116333333333 8.458713333333334,79.56063666666667,79.56063666666667 8.461333333333332,79.56011000000001,79.56011000000001 8.463951666666667,79.55958333333334,79.55958333333334 8.466568333333335,79.55905666666665,79.55905666666665 8.469185,79.55852833333333,79.55852833333333 8.471801666666666,79.55800166666667,79.55800166666667 8.474419999999999,79.55747666666666,79.55747666666666 8.477038333333333,79.55695,79.55695 8.479656666666667,79.55642333333334,79.55642333333334 8.482275,79.55589833333333,79.55589833333333 8.484895,79.55537166666667,79.55537166666667 8.487513333333332,79.55484499999999,79.55484499999999 8.490129999999999,79.55431833333334,79.55431833333334 8.492748333333331,79.55379166666665,79.55379166666665 8.495363333333335,79.55326333333333,79.55326333333333 8.497978333333332,79.55273333333332,79.55273333333332 8.50059,79.55220333333334,79.55220333333334 8.503198333333334,79.55167166666666,79.55167166666666 8.505806666666665,79.55113833333333,79.55113833333333 8.508411666666667,79.55060333333333,79.55060333333333 8.511015,79.55006833333333,79.55006833333333 8.513618333333334,79.54953166666667,79.54953166666667 8.516216666666667,79.548995,79.548995 8.518815,79.54845666666668,79.54845666666668 8.521408333333332,79.54791666666667,79.54791666666667 8.524001666666667,79.54737666666665,79.54737666666665 8.526593333333333,79.54683666666666,79.54683666666666 8.529185,79.546295,79.546295 8.531773333333332,79.54575333333335,79.54575333333335 8.534361666666667,79.54521166666667,79.54521166666667 8.536946666666665,79.54467,79.54467 8.539531666666667,79.54412666666667,79.54412666666667 8.542113333333333,79.543585,79.543585 8.544693333333335,79.54304333333332,79.54304333333332 8.547270000000001,79.54250166666667,79.54250166666667 8.549844999999998,79.54196,79.54196 8.552418333333332,79.54141833333333,79.54141833333333 8.554991666666668,79.54087833333334,79.54087833333334 8.557561666666668,79.54033833333332,79.54033833333332 8.560128333333333,79.53979833333332,79.53979833333332 8.562691666666666,79.53926,79.53926 8.565254999999999,79.53872166666667,79.53872166666667 8.567815,79.53818333333335,79.53818333333335 8.570374999999999,79.53764666666666,79.53764666666666 8.572934999999998,79.53710833333334,79.53710833333334 8.575495,79.53657166666667,79.53657166666667 8.578056666666665,79.53603333333332,79.53603333333332 8.580618333333334,79.53549666666666,79.53549666666666 8.583183333333332,79.53495833333334,79.53495833333334 8.585753333333333,79.53442,79.53442 8.58833,79.53388166666667,79.53388166666667 8.590914999999997,79.53334499999998,79.53334499999998 8.593511666666666,79.53280833333332,79.53280833333332 8.596121666666667,79.53227166666669,79.53227166666669 8.598745,79.53173666666666,79.53173666666666 8.601378333333335,79.53120333333332,79.53120333333332 8.604021666666666,79.53066999999999,79.53066999999999 8.606676666666667,79.53014,79.53014 8.609341666666667,79.52961,79.52961 8.612016666666667,79.52908166666666,79.52908166666666 8.6147,79.52855666666666,79.52855666666666 8.617389999999999,79.52803166666666,79.52803166666666 8.620088333333332,79.52751,79.52751 8.622795000000002,79.52698833333334,79.52698833333334 8.625506666666666,79.52647,79.52647 8.628221666666668,79.52595333333333,79.52595333333333 8.63094,79.52543833333334,79.52543833333334 8.633658333333335,79.52492333333333,79.52492333333333 8.636378333333333,79.52440999999999,79.52440999999999 8.639093333333335,79.52389666666666,79.52389666666666 8.641803333333334,79.52338333333334,79.52338333333334 8.64451,79.52286833333334,79.52286833333334 8.647206666666667,79.52235333333333,79.52235333333333 8.649894999999999,79.52183666666667,79.52183666666667 8.652569999999999,79.52131833333334,79.52131833333334 8.655233333333332,79.52079833333333,79.52079833333333 8.657886666666666,79.52027500000001,79.52027500000001 8.660526666666668,79.51975000000002,79.51975000000002 8.663155,79.51922333333333,79.51922333333333 8.665773333333334,79.51869333333333,79.51869333333333 8.668378333333335,79.51816,79.51816 8.670975,79.51762666666666,79.51762666666666 8.673559999999998,79.51709,79.51709 8.676138333333332,79.51655166666666,79.51655166666666 8.678711666666668,79.51601333333333,79.51601333333333 8.681280000000001,79.51547333333332,79.51547333333332 8.683849999999998,79.51493333333333,79.51493333333333 8.68642,79.51439500000001,79.51439500000001 8.688993333333334,79.51385499999999,79.51385499999999 8.691568333333334,79.51331666666667,79.51331666666667 8.694145,79.51277833333333,79.51277833333333 8.696724999999999,79.51224,79.51224 8.699308333333333,79.51170166666668,79.51170166666668 8.701895,79.51116499999999,79.51116499999999 8.704485,79.51062833333333,79.51062833333333 8.707081666666665,79.51009333333333,79.51009333333333 8.709684999999999,79.50956,79.50956 8.712291666666665,79.50902666666666,79.50902666666666 8.714903333333332,79.50849333333335,79.50849333333335 8.71752333333333,79.50796166666667,79.50796166666667 8.720148333333333,79.50743166666666,79.50743166666666 8.722778333333332,79.50690166666666,79.50690166666666 8.725411666666668,79.50636999999999,79.50636999999999 8.728044999999998,79.50584,79.50584 8.730676666666668,79.50530833333333,79.50530833333333 8.733303333333334,79.50477666666669,79.50477666666669 8.735921666666668,79.50424166666666,79.50424166666666 8.738525000000001,79.50370333333333,79.50370333333333 8.741109999999999,79.50316166666666,79.50316166666666 8.743678333333335,79.50261666666667,79.50261666666667 8.746226666666665,79.50206666666665,79.50206666666665 8.748751666666667,79.50151333333332,79.50151333333332 8.751253333333333,79.500955,79.500955 8.753733333333333,79.50039333333334,79.50039333333334 8.756198333333332,79.49982833333334,79.49982833333334 8.758648333333335,79.49925999999999,79.49925999999999 8.761086666666667,79.49869000000001,79.49869000000001 8.763518333333334,79.49812,79.49812 8.765949999999998,79.49755166666667,79.49755166666667 8.768385,79.49698166666668,79.49698166666668 8.770821666666667,79.496415,79.496415 8.773266666666666,79.49584833333334,79.49584833333334 8.775723333333334,79.49528499999998,79.49528499999998 8.7782,79.494725,79.494725 8.780705,79.49417000000001,79.49417000000001 8.783238333333331,79.49361999999999,79.49361999999999 8.785796666666666,79.49307333333334,79.49307333333334 8.788383333333332,79.49253333333333,79.49253333333333 8.790996666666667,79.49200000000002,79.49200000000002 8.793629999999999,79.49147,79.49147 8.796273333333334,79.49094333333333,79.49094333333333 8.798921666666667,79.49041833333334,79.49041833333334 8.801573333333332,79.489895,79.489895 8.804231666666668,79.48937500000001,79.48937500000001 8.806891666666667,79.48885333333334,79.48885333333334 8.809548333333332,79.48833333333334,79.48833333333334 8.8122,79.48781333333334,79.48781333333334 8.814848333333332,79.48729166666668,79.48729166666668 8.817496666666667,79.48677,79.48677 8.820143333333334,79.48624833333332,79.48624833333332 8.822790000000001,79.48572500000002,79.48572500000002 8.825438333333333,79.48520166666667,79.48520166666667 8.828088333333334,79.48467833333333,79.48467833333333 8.830743333333333,79.48415333333334,79.48415333333334 8.833401666666665,79.48362833333333,79.48362833333333 8.836065000000001,79.48310333333333,79.48310333333333 8.838726666666668,79.48257833333334,79.48257833333334 8.841381666666665,79.48205,79.48205 8.844024999999998,79.48151999999999,79.48151999999999 8.84666,79.48098833333334,79.48098833333334 8.849286666666664,79.480455,79.480455 8.851904999999999,79.47992166666667,79.47992166666667 8.854513333333333,79.47938666666667,79.47938666666667 8.857111666666666,79.47884999999998,79.47884999999998 8.859701666666664,79.47831333333335,79.47831333333335 8.862283333333332,79.477775,79.477775 8.864860000000002,79.47723666666667,79.47723666666667 8.867429999999999,79.47669666666667,79.47669666666667 8.869995000000001,79.47615666666668,79.47615666666668 8.872551666666666,79.475615,79.475615 8.875105,79.47507166666666,79.47507166666666 8.877653333333335,79.47452666666668,79.47452666666668 8.880191666666667,79.47397833333332,79.47397833333332 8.882724999999999,79.47342833333335,79.47342833333335 8.885250000000001,79.472875,79.472875 8.887768333333335,79.47232000000001,79.47232000000001 8.890281666666667,79.47176166666667,79.47176166666667 8.892788333333336,79.4712,79.4712 8.895288333333335,79.470635,79.470635 8.897786666666667,79.47006833333332,79.47006833333332 8.900291666666666,79.46950166666666,79.46950166666666 8.902801666666667,79.46893333333334,79.46893333333334 8.905315,79.468365,79.468365 8.907831666666668,79.46779666666666,79.46779666666666 8.910348333333332,79.46723166666666,79.46723166666666 8.912864999999998,79.46666666666667,79.46666666666667 8.915378333333333,79.46610333333334,79.46610333333334 8.917878333333334,79.46554166666667,79.46554166666667 8.920363333333333,79.46498,79.46498 8.922835000000001,79.46441833333333,79.46441833333333 8.925296666666666,79.46386000000001,79.46386000000001 8.927748333333334,79.46330166666667,79.46330166666667 8.93019,79.462745,79.462745 8.93263,79.46218999999998,79.46218999999998 8.935066666666668,79.46163666666668,79.46163666666668 8.937505,79.461085,79.461085 8.939943333333334,79.46053333333333,79.46053333333333 8.942385,79.45998333333334,79.45998333333334 8.944831666666666,79.459435,79.459435 8.947288333333335,79.45889,79.45889 8.949763333333333,79.45835000000001,79.45835000000001 8.952263333333333,79.45781333333333,79.45781333333333 8.954790000000001,79.45728333333334,79.45728333333334 8.957339999999999,79.45675833333334,79.45675833333334 8.959913333333335,79.45623833333335,79.45623833333335 8.96251,79.45572500000002,79.45572500000002 8.965126666666668,79.455215,79.455215 8.967756666666665,79.45470999999999,79.45470999999999 8.970398333333332,79.45420666666668,79.45420666666668 8.973043333333333,79.45370666666666,79.45370666666666 8.975693333333334,79.45320666666666,79.45320666666666 8.978348333333333,79.45270833333333,79.45270833333333 8.981010000000001,79.45221000000001,79.45221000000001 8.983678333333332,79.45171333333333,79.45171333333333 8.986353333333332,79.45121833333333,79.45121833333333 8.989033333333333,79.45072499999999,79.45072499999999 8.991721666666665,79.45023166666667,79.45023166666667 8.994414999999998,79.44974,79.44974 8.997111666666667,79.44924666666667,79.44924666666667 8.99981,79.44875499999999,79.44875499999999 9.002506666666667,79.44826333333333,79.44826333333333 9.005205,79.44777166666667,79.44777166666667 9.007903333333333,79.44727833333333,79.44727833333333 9.010599999999998,79.446785,79.446785 9.013293333333332,79.44629166666667,79.44629166666667 9.015981666666667,79.445795,79.445795 9.018656666666667,79.44529666666666,79.44529666666666 9.021313333333334,79.44479333333332,79.44479333333332 9.023953333333333,79.44428833333332,79.44428833333332 9.026578333333335,79.44377999999999,79.44377999999999 9.02919,79.44327,79.44327 9.031791666666669,79.44275833333333,79.44275833333333 9.034383333333334,79.44224666666668,79.44224666666668 9.036971666666666,79.44173333333333,79.44173333333333 9.039563333333334,79.44122000000002,79.44122000000002 9.042159999999999,79.44070833333333,79.44070833333333 9.04476,79.44019666666667,79.44019666666667 9.047363333333333,79.43968499999998,79.43968499999998 9.04997,79.43917333333333,79.43917333333333 9.05258,79.43866166666668,79.43866166666668 9.055190000000001,79.43815,79.43815 9.0578,79.43763666666668,79.43763666666668 9.060406666666667,79.43712500000001,79.43712500000001 9.063006666666666,79.43661,79.43661 9.065598333333332,79.436095,79.436095 9.06818,79.43557833333334,79.43557833333334 9.070744999999999,79.43506000000001,79.43506000000001 9.073291666666666,79.43453833333334,79.43453833333334 9.075816666666665,79.43401333333333,79.43401333333333 9.078316666666666,79.43348333333334,79.43348333333334 9.080788333333333,79.43295166666667,79.43295166666667 9.083235,79.43241333333334,79.43241333333334 9.085665,79.43187333333333,79.43187333333333 9.088085000000001,79.43133166666667,79.43133166666667 9.090503333333332,79.43078833333335,79.43078833333335 9.092923333333333,79.43024499999999,79.43024499999999 9.095345,79.4297,79.4297 9.09777,79.42915500000002,79.42915500000002 9.100198333333333,79.42860833333333,79.42860833333333 9.102635000000001,79.42806166666665,79.42806166666665 9.105078333333335,79.42751499999999,79.42751499999999 9.107529999999999,79.42696833333333,79.42696833333333 9.109985,79.42642000000001,79.42642000000001 9.112446666666667,79.42587166666667,79.42587166666667 9.114915,79.425325,79.425325 9.117386666666667,79.42477666666667,79.42477666666667 9.119861666666665,79.42423,79.42423 9.122343333333333,79.42368333333333,79.42368333333333 9.124828333333333,79.42313833333334,79.42313833333334 9.127320000000001,79.42259333333334,79.42259333333334 9.129821666666667,79.42205166666666,79.42205166666666 9.132341666666669,79.42151333333332,79.42151333333332 9.13488,79.42097833333334,79.42097833333334 9.137433333333332,79.42044666666666,79.42044666666666 9.139996666666669,79.41991833333334,79.41991833333334 9.142570000000001,79.41939166666666,79.41939166666666 9.145153333333333,79.41886666666666,79.41886666666666 9.147741666666667,79.41834333333334,79.41834333333334 9.150330000000002,79.41782166666667,79.41782166666667 9.152913333333334,79.41729833333335,79.41729833333335 9.15549,79.41677333333335,79.41677333333335 9.158065,79.41625,79.41625 9.160638333333333,79.41572500000001,79.41572500000001 9.163205,79.41519833333335,79.41519833333335 9.165769999999998,79.41467166666666,79.41467166666666 9.168335,79.41414333333333,79.41414333333333 9.170908333333331,79.41361666666667,79.41361666666667 9.173488333333335,79.41309000000001,79.41309000000001 9.176071666666667,79.41256333333334,79.41256333333334 9.178661666666665,79.41203666666668,79.41203666666668 9.18126,79.41151166666668,79.41151166666668 9.183863333333333,79.41098666666667,79.41098666666667 9.186470000000002,79.41046333333334,79.41046333333334 9.189078333333335,79.40993833333334,79.40993833333334 9.191684999999998,79.40941333333333,79.40941333333333 9.194281666666667,79.40888833333334,79.40888833333334 9.196869999999999,79.40835999999999,79.40835999999999 9.199448333333333,79.40783,79.40783 9.202015000000001,79.4073,79.4073 9.204571666666666,79.40676666666667,79.40676666666667 9.207118333333334,79.40623333333333,79.40623333333333 9.209656666666666,79.40569833333333,79.40569833333333 9.212188333333335,79.40516333333333,79.40516333333333 9.214715,79.40462833333332,79.40462833333332 9.217234999999999,79.40409333333334,79.40409333333334 9.219751666666669,79.40355833333334,79.40355833333334 9.222265,79.40302333333334,79.40302333333334 9.224776666666665,79.40249,79.40249 9.227288333333332,79.40195666666666,79.40195666666666 9.229798333333333,79.40142499999999,79.40142499999999 9.23231,79.40089333333334,79.40089333333334 9.234823333333333,79.40036166666667,79.40036166666667 9.237336666666664,79.39983166666666,79.39983166666666 9.239853333333334,79.39930333333334,79.39930333333334 9.242373333333333,79.39877499999999,79.39877499999999 9.244891666666666,79.39824499999999,79.39824499999999 9.247415000000002,79.39771666666667,79.39771666666667 9.249938333333333,79.39718833333335,79.39718833333335 9.252465,79.39665833333333,79.39665833333333 9.254991666666665,79.39613,79.39613 9.257520000000001,79.39560166666668,79.39560166666668 9.260053333333333,79.39507166666667,79.39507166666667 9.262588333333333,79.39454333333335,79.39454333333335 9.265125,79.39401500000001,79.39401500000001 9.267663333333333,79.393485,79.393485 9.270201666666665,79.39295666666668,79.39295666666668 9.272741666666668,79.39242666666667,79.39242666666667 9.275283333333332,79.39189500000002,79.39189500000002 9.277823333333332,79.39136333333332,79.39136333333332 9.280365000000002,79.39083166666667,79.39083166666667 9.282905000000001,79.39029833333333,79.39029833333333 9.285445000000001,79.38976333333333,79.38976333333333 9.287983333333331,79.38922833333334,79.38922833333334 9.29052,79.38869166666667,79.38869166666667 9.293051666666665,79.38815333333335,79.38815333333335 9.295573333333333,79.38761333333333,79.38761333333333 9.298083333333334,79.38707,79.38707 9.300578333333336,79.386525,79.386525 9.303061666666666,79.38597666666665,79.38597666666665 9.305531666666669,79.38542666666667,79.38542666666667 9.307986666666666,79.38487333333333,79.38487333333333 9.310426666666666,79.38431833333334,79.38431833333334 9.312855,79.38376166666666,79.38376166666666 9.315271666666668,79.38320333333334,79.38320333333334 9.317681666666667,79.382645,79.382645 9.320083333333333,79.382085,79.382085 9.322476666666667,79.381525,79.381525 9.324861666666667,79.38096666666668,79.38096666666668 9.327243333333334,79.38040833333334,79.38040833333334 9.32962,79.37985166666668,79.37985166666668 9.331996666666669,79.379295,79.379295 9.334373333333332,79.37874166666666,79.37874166666666 9.336751666666668,79.37818999999999,79.37818999999999 9.339133333333331,79.37764166666666,79.37764166666666 9.341520000000001,79.37709499999998,79.37709499999998 9.343911666666665,79.37655000000001,79.37655000000001 9.346308333333333,79.37600666666667,79.37600666666667 9.348711666666667,79.375465,79.375465 9.351116666666668,79.37492333333333,79.37492333333333 9.353521666666667,79.37438333333331,79.37438333333331 9.355928333333333,79.37384166666666,79.37384166666666 9.358333333333333,79.37330166666668,79.37330166666668 9.360740000000002,79.37276166666668,79.37276166666668 9.363146666666667,79.37222,79.37222 9.365555,79.37167833333332,79.37167833333332 9.367968333333332,79.37113666666667,79.37113666666667 9.370381666666667,79.37059500000001,79.37059500000001 9.3728,79.37005333333333,79.37005333333333 9.375225,79.36951166666665,79.36951166666665 9.377658333333333,79.36897,79.36897 9.380096666666665,79.36842833333334,79.36842833333334 9.382541666666668,79.36788666666666,79.36788666666666 9.384991666666666,79.36734499999999,79.36734499999999 9.387446666666667,79.366805,79.366805 9.389906666666668,79.36626333333334,79.36626333333334 9.39237,79.36572166666666,79.36572166666666 9.394836666666668,79.36517999999998,79.36517999999998 9.397306666666667,79.36463833333333,79.36463833333333 9.399781666666668,79.36409666666667,79.36409666666667 9.402264999999998,79.36355666666668,79.36355666666668 9.404761666666667,79.36301666666667,79.36301666666667 9.407276666666666,79.36248,79.36248 9.409803333333333,79.361945,79.361945 9.412339999999999,79.36141166666667,79.36141166666667 9.414888333333332,79.36087833333333,79.36087833333333 9.417448333333335,79.36034833333332,79.36034833333332 9.420021666666667,79.35981833333334,79.35981833333334 9.422603333333331,79.35929166666666,79.35929166666666 9.425195,79.358765,79.358765 9.427795,79.35824000000001,79.35824000000001 9.430405,79.35771666666666,79.35771666666666 9.433024999999999,79.35719666666668,79.35719666666668 9.435651666666667,79.35667666666666,79.35667666666666 9.438286666666666,79.35615833333334,79.35615833333334 9.440926666666668,79.35564166666667,79.35564166666667 9.443571666666665,79.35512666666666,79.35512666666666 9.446221666666666,79.35461166666667,79.35461166666667 9.448878333333331,79.35409833333333,79.35409833333333 9.451541666666667,79.35358833333333,79.35358833333333 9.454208333333334,79.35307666666665,79.35307666666665 9.456878333333334,79.35256833333332,79.35256833333332 9.459551666666668,79.35206,79.35206 9.462228333333332,79.35155166666667,79.35155166666667 9.464906666666668,79.35104333333334,79.35104333333334 9.467590000000001,79.35053666666666,79.35053666666666 9.470271666666667,79.35003,79.35003 9.472956666666665,79.34952333333334,79.34952333333334 9.47564,79.34901666666666,79.34901666666666 9.478313333333334,79.34850833333333,79.34850833333333 9.480975000000003,79.34799833333334,79.34799833333334 9.483616666666666,79.34748500000002,79.34748500000002 9.486231666666667,79.34696833333335,79.34696833333335 9.48881,79.34644499999999,79.34644499999999 9.491356666666668,79.34591833333334,79.34591833333334 9.493878333333333,79.34538833333333,79.34538833333333 9.496379999999998,79.344855,79.344855 9.498865,79.34431833333333,79.34431833333333 9.501340000000003,79.34378,79.34378 9.503806666666668,79.34324166666667,79.34324166666667 9.506264999999999,79.3427,79.3427 9.508716666666666,79.34215833333332,79.34215833333332 9.511161666666666,79.341615,79.341615 9.513603333333332,79.34107333333334,79.34107333333334 9.516043333333332,79.34053,79.34053 9.518486666666668,79.33998833333332,79.33998833333332 9.520933333333332,79.33944666666666,79.33944666666666 9.523381666666666,79.33890666666667,79.33890666666667 9.525831666666665,79.338365,79.338365 9.528285,79.33782500000001,79.33782500000001 9.53074,79.33728666666666,79.33728666666666 9.533199999999999,79.33674833333333,79.33674833333333 9.53566,79.33621166666667,79.33621166666667 9.538118333333331,79.33567500000001,79.33567500000001 9.540574999999999,79.33514,79.33514 9.543026666666666,79.334605,79.334605 9.545468333333336,79.33407166666666,79.33407166666666 9.547901666666668,79.33353666666667,79.33353666666667 9.550323333333335,79.33300333333334,79.33300333333334 9.552733333333334,79.33247,79.33247 9.555136666666668,79.331935,79.331935 9.557533333333332,79.33140166666666,79.33140166666666 9.559926666666666,79.33086833333333,79.33086833333333 9.562321666666664,79.33033333333333,79.33033333333333 9.564721666666665,79.32979999999999,79.32979999999999 9.567129999999999,79.32926666666668,79.32926666666668 9.569546666666666,79.32873333333335,79.32873333333335 9.571968333333333,79.32820000000001,79.32820000000001 9.574396666666667,79.32766833333334,79.32766833333334 9.576833333333333,79.32713666666666,79.32713666666666 9.579278333333333,79.32660833333334,79.32660833333334 9.581728333333333,79.32608,79.32608 9.584183333333334,79.32555333333332,79.32555333333332 9.586641666666665,79.32502833333332,79.32502833333332 9.589105,79.324505,79.324505 9.591573333333333,79.323985,79.323985 9.594043333333335,79.323465,79.323465 9.596518333333332,79.32294499999999,79.32294499999999 9.598998333333332,79.32242833333332,79.32242833333332 9.601485,79.32191,79.32191 9.603975,79.32139166666667,79.32139166666667 9.606468333333332,79.32087333333334,79.32087333333334 9.608961666666668,79.32035333333333,79.32035333333333 9.611451666666666,79.31983166666667,79.31983166666667 9.613938333333333,79.31930666666668,79.31930666666668 9.616423333333334,79.31877999999999,79.31877999999999 9.618913333333335,79.31825166666667,79.31825166666667 9.621411666666667,79.31772333333333,79.31772333333333 9.623923333333334,79.31719333333332,79.31719333333332 9.626444999999999,79.31666333333334,79.31666333333334 9.628976666666667,79.31613166666666,79.31613166666666 9.631513333333334,79.31559833333336,79.31559833333336 9.634055,79.31506500000002,79.31506500000002 9.636596666666666,79.31453166666668,79.31453166666668 9.639136666666667,79.31399833333334,79.31399833333334 9.641676666666665,79.31346500000001,79.31346500000001 9.644216666666667,79.31293000000001,79.31293000000001 9.646758333333336,79.31239666666667,79.31239666666667 9.649301666666666,79.31186333333333,79.31186333333333 9.651846666666668,79.31133,79.31133 9.654398333333335,79.31079666666666,79.31079666666666 9.656953333333332,79.31026166666668,79.31026166666668 9.659515,79.30972666666666,79.30972666666666 9.66208,79.30919333333333,79.30919333333333 9.664651666666666,79.30865666666666,79.30865666666666 9.66723,79.30812166666666,79.30812166666666 9.669815000000002,79.30758666666667,79.30758666666667 9.672403333333333,79.30705166666667,79.30705166666667 9.674991666666665,79.306515,79.306515 9.677581666666667,79.30597666666665,79.30597666666665 9.680173333333332,79.30543999999999,79.30543999999999 9.682765,79.30490166666667,79.30490166666667 9.685355,79.30436333333334,79.30436333333334 9.687938333333333,79.30382166666666,79.30382166666666 9.690516666666667,79.30328,79.30328 9.693088333333334,79.30273666666666,79.30273666666666 9.695654999999999,79.30219166666666,79.30219166666666 9.69822,79.30164500000001,79.30164500000001 9.700776666666666,79.30109833333331,79.30109833333331 9.703324999999998,79.30054833333334,79.30054833333334 9.705868333333331,79.29999833333332,79.29999833333332 9.70841,79.29944833333334,79.29944833333334 9.710953333333334,79.29889666666666,79.29889666666666 9.713496666666668,79.29834666666669,79.29834666666669 9.716038333333332,79.297795,79.297795 9.718578333333332,79.297245,79.297245 9.721116666666667,79.29669333333334,79.29669333333334 9.723655,79.29614,79.29614 9.726196666666668,79.29558833333333,79.29558833333333 9.728741666666668,79.29503666666666,79.29503666666666 9.731288333333332,79.29448500000001,79.29448500000001 9.733831666666665,79.29393333333334,79.29393333333334 9.736371666666669,79.29338166666666,79.29338166666666 9.738903333333333,79.29282833333333,79.29282833333333 9.741423333333332,79.292275,79.292275 9.743939999999998,79.29172,79.29172 9.746453333333333,79.291165,79.291165 9.748965,79.29061000000002,79.29061000000002 9.751473333333333,79.290055,79.290055 9.753981666666666,79.28949999999999,79.28949999999999 9.756491666666665,79.28894333333334,79.28894333333334 9.759006666666666,79.28838666666668,79.28838666666668 9.761525,79.28783,79.28783 9.764046666666665,79.28727333333333,79.28727333333333 9.766573333333334,79.28671666666668,79.28671666666668 9.769106666666666,79.28616,79.28616 9.771643333333332,79.28560333333334,79.28560333333334 9.774185,79.28504833333334,79.28504833333334 9.776733333333333,79.28449333333332,79.28449333333332 9.779285,79.28394000000002,79.28394000000002 9.781841666666665,79.28338666666667,79.28338666666667 9.784398333333334,79.28283499999998,79.28283499999998 9.786958333333333,79.28228333333334,79.28228333333334 9.789518333333334,79.28173333333335,79.28173333333335 9.792076666666667,79.28118500000001,79.28118500000001 9.794634999999998,79.28063833333334,79.28063833333334 9.797191666666667,79.28009166666668,79.28009166666668 9.799741666666668,79.27954833333332,79.27954833333332 9.802288333333333,79.27900500000001,79.27900500000001 9.804828333333335,79.27846166666667,79.27846166666667 9.807363333333333,79.27792000000001,79.27792000000001 9.809893333333335,79.27737833333333,79.27737833333333 9.812421666666667,79.27683833333334,79.27683833333334 9.814946666666666,79.27629833333333,79.27629833333333 9.817473333333334,79.27576,79.27576 9.819998333333332,79.27522,79.27522 9.822531666666665,79.27468166666665,79.27468166666665 9.825073333333334,79.27414333333333,79.27414333333333 9.827618333333332,79.27360333333331,79.27360333333331 9.830163333333335,79.27306166666666,79.27306166666666 9.832713333333333,79.27252166666668,79.27252166666668 9.835270000000001,79.27198166666668,79.27198166666668 9.837826666666666,79.27144,79.27144 9.840384999999998,79.27089833333332,79.27089833333332 9.842944999999999,79.27035500000001,79.27035500000001 9.845508333333335,79.26981166666666,79.26981166666666 9.848078333333332,79.26926833333334,79.26926833333334 9.850649999999998,79.26872499999999,79.26872499999999 9.853221666666668,79.26818166666668,79.26818166666668 9.855791666666667,79.26763833333334,79.26763833333334 9.858361666666667,79.26709333333334,79.26709333333334 9.86093,79.26654666666666,79.26654666666666 9.863499999999998,79.26600166666668,79.26600166666668 9.866068333333333,79.26545666666667,79.26545666666667 9.868636666666665,79.26491,79.26491 9.871204999999998,79.26436333333332,79.26436333333332 9.873775,79.26381833333335,79.26381833333335 9.876343333333333,79.26327166666665,79.26327166666665 9.878913333333333,79.262725,79.262725 9.881483333333334,79.26218,79.26218 9.884055,79.26163333333334,79.26163333333334 9.886626666666666,79.26108833333332,79.26108833333332 9.889199999999999,79.26054333333332,79.26054333333332 9.891776666666667,79.26,79.26 9.894355,79.25945666666668,79.25945666666668 9.896938333333331,79.258915,79.258915 9.899524999999999,79.25837333333332,79.25837333333332 9.902115,79.25783166666666,79.25783166666666 9.904705,79.25729166666667,79.25729166666667 9.907286666666666,79.25675,79.25675 9.909863333333334,79.25620999999998,79.25620999999998 9.912431666666667,79.25566666666667,79.25566666666667 9.914993333333332,79.255125,79.255125 9.917546666666667,79.25458166666667,79.25458166666667 9.920095,79.25403999999999,79.25403999999999 9.922636666666667,79.25349666666666,79.25349666666666 9.925173333333333,79.25295333333332,79.25295333333332 9.927701666666666,79.25241166666667,79.25241166666667 9.930223333333334,79.25187,79.25187 9.932745,79.25132666666667,79.25132666666667 9.935260000000001,79.25078666666666,79.25078666666666 9.937773333333332,79.25024833333333,79.25024833333333 9.940286666666665,79.24971166666667,79.24971166666667 9.9428,79.24917333333332,79.24917333333332 9.945314999999999,79.24863666666666,79.24863666666666 9.947833333333334,79.2481,79.2481 9.950355000000002,79.24756333333333,79.24756333333333 9.952876666666667,79.24702833333333,79.24702833333333 9.955396666666667,79.24649333333333,79.24649333333333 9.95792,79.24596,79.24596 9.960445,79.24542666666666,79.24542666666666 9.962969999999999,79.24489333333332,79.24489333333332 9.965496666666667,79.24436000000001,79.24436000000001 9.96803,79.24382666666668,79.24382666666668 9.970568333333333,79.24329333333334,79.24329333333334 9.973108333333332,79.24276,79.24276 9.975651666666666,79.24222833333333,79.24222833333333 9.978195,79.24169499999999,79.24169499999999 9.980739999999999,79.24116166666666,79.24116166666666 9.983283333333333,79.24062666666669,79.24062666666669 9.985825,79.24009,79.24009 9.988365,79.23955333333333,79.23955333333333 9.990905,79.23901333333332,79.23901333333332 9.99344,79.23847166666665,79.23847166666665 9.995968333333334,79.23792833333334,79.23792833333334 9.998491666666666,79.23738333333334,79.23738333333334 10.001008333333333,79.236835,79.236835 10.003516666666666,79.23628500000001,79.23628500000001 10.006018333333332,79.235735,79.235735 10.00851,79.23518166666666,79.23518166666666 10.010995000000001,79.23462666666667,79.23462666666667 10.01347,79.23407166666665,79.23407166666665 10.015938333333333,79.23351333333333,79.23351333333333 10.018396666666666,79.23295333333334,79.23295333333334 10.020848333333333,79.23239166666667,79.23239166666667 10.023291666666667,79.23182833333334,79.23182833333334 10.025726666666666,79.23126333333333,79.23126333333333 10.028153333333334,79.23069666666667,79.23069666666667 10.030568333333333,79.23012833333335,79.23012833333335 10.032976666666666,79.22955833333334,79.22955833333334 10.035376666666668,79.228985,79.228985 10.037771666666666,79.22841166666666,79.22841166666666 10.040158333333332,79.227835,79.227835 10.042536666666667,79.22725833333335,79.22725833333335 10.044908333333332,79.22668,79.22668 10.047271666666667,79.2261,79.2261 10.049631666666667,79.22552,79.22552 10.051991666666668,79.22493999999999,79.22493999999999 10.054351666666669,79.22435999999999,79.22435999999999 10.05671,79.22378,79.22378 10.059065,79.2232,79.2232 10.061421666666668,79.22262,79.22262 10.063783333333335,79.22204166666666,79.22204166666666 10.066146666666667,79.22146166666666,79.22146166666666 10.068511666666668,79.22088333333333,79.22088333333333 10.070876666666667,79.22030333333333,79.22030333333333 10.073244999999998,79.21972333333333,79.21972333333333 10.075613333333333,79.21914333333335,79.21914333333335 10.077984999999998,79.21856333333335,79.21856333333335 10.080361666666665,79.21798333333332,79.21798333333332 10.082743333333335,79.21740166666667,79.21740166666667 10.085131666666665,79.21682333333334,79.21682333333334 10.087528333333333,79.21624499999999,79.21624499999999 10.089931666666665,79.21567166666667,79.21567166666667 10.092341666666668,79.21509833333333,79.21509833333333 10.094756666666665,79.21452666666666,79.21452666666666 10.097171666666668,79.21395833333332,79.21395833333332 10.09959,79.21339,79.21339 10.102008333333332,79.21282500000001,79.21282500000001 10.104428333333333,79.21226000000001,79.21226000000001 10.106845,79.21169833333335,79.21169833333335 10.109261666666667,79.21113666666668,79.21113666666668 10.111685000000001,79.21057833333333,79.21057833333333 10.114113333333336,79.21002166666666,79.21002166666666 10.116543333333334,79.20946666666667,79.20946666666667 10.118981666666667,79.20891333333334,79.20891333333334 10.121426666666666,79.20836333333332,79.20836333333332 10.123876666666666,79.20781500000001,79.20781500000001 10.126328333333333,79.20726833333332,79.20726833333332 10.128781666666665,79.20672333333333,79.20672333333333 10.131235000000002,79.20617999999999,79.20617999999999 10.133693333333333,79.20563833333334,79.20563833333334 10.136154999999999,79.20509833333332,79.20509833333332 10.138618333333334,79.20456,79.20456 10.141085000000002,79.20402333333332,79.20402333333332 10.143558333333335,79.20348833333334,79.20348833333334 10.146035000000001,79.20295333333334,79.20295333333334 10.148510000000002,79.20242,79.20242 10.15098333333333,79.20188666666667,79.20188666666667 10.153455000000001,79.20135499999999,79.20135499999999 10.155931666666667,79.20082500000001,79.20082500000001 10.158411666666666,79.200295,79.200295 10.160888333333332,79.19976499999999,79.19976499999999 10.163365,79.19923666666666,79.19923666666666 10.16584,79.19870833333333,79.19870833333333 10.16831666666667,79.19818000000001,79.19818000000001 10.170791666666666,79.19765333333332,79.19765333333332 10.173264999999999,79.19712666666666,79.19712666666666 10.175736666666667,79.19659999999999,79.19659999999999 10.178208333333334,79.19607166666667,79.19607166666667 10.180681666666667,79.19554333333335,79.19554333333335 10.183156666666667,79.19501666666666,79.19501666666666 10.185631666666666,79.19448833333333,79.19448833333333 10.188101666666668,79.19395833333334,79.19395833333334 10.190568333333333,79.19342833333333,79.19342833333333 10.193036666666666,79.19289833333335,79.19289833333335 10.195508333333333,79.19236833333333,79.19236833333333 10.197975000000001,79.19183833333334,79.19183833333334 10.200435000000002,79.19130833333332,79.19130833333332 10.20289,79.19077833333334,79.19077833333334 10.205341666666667,79.19024999999999,79.19024999999999 10.207790000000001,79.18972000000001,79.18972000000001 10.21023,79.18919166666666,79.18919166666666 10.212665,79.18866333333332,79.18866333333332 10.215095,79.18813666666667,79.18813666666667 10.217525000000002,79.18760833333334,79.18760833333334 10.219958333333334,79.18708166666667,79.18708166666667 10.222389999999999,79.18655499999998,79.18655499999998 10.224821666666667,79.18602833333333,79.18602833333333 10.227253333333334,79.18550166666667,79.18550166666667 10.229683333333334,79.18497666666666,79.18497666666666 10.23212,79.18445,79.18445 10.234561666666666,79.183925,79.183925 10.237005,79.18339999999999,79.18339999999999 10.239446666666666,79.182875,79.182875 10.241890000000001,79.18235,79.18235 10.244331666666668,79.18182833333334,79.18182833333334 10.24677,79.18130500000001,79.18130500000001 10.249201666666666,79.18078166666666,79.18078166666666 10.251623333333333,79.18025833333333,79.18025833333333 10.25404,79.179735,79.179735 10.256446666666665,79.17921333333334,79.17921333333334 10.25884,79.17868833333334,79.17868833333334 10.261226666666667,79.17816499999999,79.17816499999999 10.263611666666664,79.17764,79.17764 10.26599,79.17711666666668,79.17711666666668 10.268366666666667,79.17659166666668,79.17659166666668 10.270741666666666,79.17606833333332,79.17606833333332 10.273116666666665,79.175545,79.175545 10.27549,79.17502166666667,79.17502166666667 10.277858333333333,79.17449833333333,79.17449833333333 10.280221666666668,79.17397500000001,79.17397500000001 10.282579999999998,79.17345166666668,79.17345166666668 10.284935,79.17292833333333,79.17292833333333 10.287291666666665,79.172405,79.172405 10.289646666666666,79.17188166666666,79.17188166666666 10.291991666666668,79.17135833333334,79.17135833333334 10.294326666666667,79.17083500000001,79.17083500000001 10.296658333333331,79.17031,79.17031 10.298985000000002,79.16978666666667,79.16978666666667 10.301311666666667,79.16926166666667,79.16926166666667 10.303638333333334,79.16873833333335,79.16873833333335 10.305963333333334,79.16821333333336,79.16821333333336 10.308281666666668,79.16768666666667,79.16768666666667 10.310595000000001,79.16715666666667,79.16715666666667 10.312905000000002,79.16662666666666,79.16662666666666 10.315215000000002,79.16609666666668,79.16609666666668 10.317525,79.165565,79.165565 10.319831666666666,79.16503166666666,79.16503166666666 10.322134999999998,79.16449666666666,79.16449666666666 10.324444999999999,79.16396333333333,79.16396333333333 10.32676,79.16342833333333,79.16342833333333 10.329081666666667,79.16289666666665,79.16289666666665 10.331408333333334,79.16236333333335,79.16236333333335 10.333739999999999,79.16183166666667,79.16183166666667 10.33608,79.16130166666667,79.16130166666667 10.338426666666667,79.16077166666666,79.16077166666666 10.34078,79.16024333333334,79.16024333333334 10.343139999999998,79.15971333333333,79.15971333333333 10.345509999999999,79.15918500000001,79.15918500000001 10.347881666666666,79.15865666666667,79.15865666666667 10.35025,79.15812999999999,79.15812999999999 10.352623333333334,79.15760333333333,79.15760333333333 10.355011666666666,79.15708,79.15708 10.357426666666667,79.15656166666666,79.15656166666666 10.359865,79.15604833333335,79.15604833333335 10.36232,79.15553833333333,79.15553833333333 10.364794999999999,79.15503166666666,79.15503166666666 10.367296666666666,79.15453166666667,79.15453166666667 10.369825,79.15403500000001,79.15403500000001 10.372376666666666,79.15354500000001,79.15354500000001 10.374949999999998,79.15305833333333,79.15305833333333 10.377548333333335,79.15257666666666,79.15257666666666 10.380179999999998,79.15210166666667,79.15210166666667 10.382848333333333,79.15163333333334,79.15163333333334 10.385546666666666,79.15117166666667,79.15117166666667 10.388273333333332,79.15071333333334,79.15071333333334 10.391028333333333,79.15026166666668,79.15026166666668 10.393815000000002,79.149815,79.149815 10.396631666666668,79.14937499999999,79.14937499999999 10.399476666666668,79.14893999999998,79.14893999999998 10.402344999999999,79.14851166666666,79.14851166666666 10.405235000000003,79.14808666666667,79.14808666666667 10.408139999999998,79.147665,79.147665 10.411063333333335,79.14724666666666,79.14724666666666 10.414001666666666,79.14683333333333,79.14683333333333 10.416956666666666,79.14642333333332,79.14642333333332 10.41993,79.14601833333333,79.14601833333333 10.422916666666667,79.14561666666668,79.14561666666668 10.425921666666666,79.14521833333333,79.14521833333333 10.428944999999997,79.144825,79.144825 10.431983333333333,79.14443500000002,79.14443500000002 10.435036666666667,79.14404833333333,79.14404833333333 10.438106666666668,79.14366499999998,79.14366499999998 10.441191666666668,79.14328666666667,79.14328666666667 10.444288333333335,79.14290833333334,79.14290833333334 10.447391666666666,79.14253166666667,79.14253166666667 10.450498333333332,79.14215666666668,79.14215666666668 10.453614999999997,79.14178333333334,79.14178333333334 10.456743333333334,79.14141166666666,79.14141166666666 10.459878333333332,79.14104333333333,79.14104333333333 10.463016666666665,79.140675,79.140675 10.466156666666665,79.14030666666666,79.14030666666666 10.469293333333333,79.13993666666667,79.13993666666667 10.472433333333333,79.13956833333334,79.13956833333334 10.475576666666665,79.13919999999999,79.13919999999999 10.478726666666667,79.13883500000001,79.13883500000001 10.481874999999997,79.13847000000001,79.13847000000001 10.485018333333334,79.13810500000001,79.13810500000001 10.488158333333336,79.13773833333335,79.13773833333335 10.491296666666665,79.13736999999999,79.13736999999999 10.494436666666665,79.13700499999999,79.13700499999999 10.497571666666667,79.13663833333332,79.13663833333332 10.500699999999998,79.13627,79.13627 10.503821666666665,79.13590166666667,79.13590166666667 10.506936666666663,79.13553166666668,79.13553166666668 10.510048333333334,79.13516,79.13516 10.513153333333332,79.13479000000001,79.13479000000001 10.516253333333335,79.13441833333334,79.13441833333334 10.519344999999998,79.134045,79.134045 10.522436666666666,79.13367166666666,79.13367166666666 10.525531666666664,79.13329833333334,79.13329833333334 10.528628333333332,79.13292499999999,79.13292499999999 10.531731666666667,79.13255166666667,79.13255166666667 10.53484,79.13217666666667,79.13217666666667 10.537955,79.13180000000001,79.13180000000001 10.541071666666669,79.13142333333334,79.13142333333334 10.544189999999999,79.13104333333334,79.13104333333334 10.54731,79.13066333333332,79.13066333333332 10.550433333333334,79.13028166666668,79.13028166666668 10.553556666666669,79.12989666666667,79.12989666666667 10.556679999999998,79.12951166666667,79.12951166666667 10.559804999999999,79.12912500000002,79.12912500000002 10.562931666666667,79.12873833333333,79.12873833333333 10.566056666666666,79.12835,79.12835 10.569178333333333,79.12795999999999,79.12795999999999 10.572301666666664,79.12756833333331,79.12756833333331 10.575429999999999,79.12717666666667,79.12717666666667 10.578569999999997,79.12678666666669,79.12678666666669 10.581716666666669,79.12639666666668,79.12639666666668 10.584866666666667,79.12600666666667,79.12600666666667 10.588016666666666,79.12561666666667,79.12561666666667 10.591166666666668,79.125225,79.125225 10.594320000000002,79.12483333333333,79.12483333333333 10.597476666666669,79.12444333333332,79.12444333333332 10.60064,79.12405333333334,79.12405333333334 10.603803333333333,79.12366333333333,79.12366333333333 10.606970000000002,79.12327166666668,79.12327166666668 10.610141666666667,79.12288000000001,79.12288000000001 10.613319999999998,79.12249,79.12249 10.616506666666664,79.12209833333333,79.12209833333333 10.619698333333334,79.12170833333333,79.12170833333333 10.62289666666667,79.12131833333332,79.12131833333332 10.626095000000001,79.12092833333334,79.12092833333334 10.629295,79.120535,79.120535 10.632494999999999,79.12014333333333,79.12014333333333 10.63569666666667,79.11974833333333,79.11974833333333 10.638898333333335,79.11935333333334,79.11935333333334 10.642106666666665,79.11895833333334,79.11895833333334 10.645320000000002,79.11856333333334,79.11856333333334 10.648533333333333,79.11816666666665,79.11816666666665 10.651745,79.11776833333333,79.11776833333333 10.654956666666665,79.11737,79.11737 10.658168333333332,79.11696833333335,79.11696833333335 10.661380000000001,79.11656666666667,79.11656666666667 10.664591666666668,79.11616333333333,79.11616333333333 10.667803333333334,79.11576000000001,79.11576000000001 10.671018333333334,79.11535666666667,79.11535666666667 10.674236666666665,79.11495333333333,79.11495333333333 10.677453333333334,79.11455000000001,79.11455000000001 10.680670000000001,79.11414666666667,79.11414666666667 10.683886666666668,79.11374333333333,79.11374333333333 10.687106666666667,79.11334166666667,79.11334166666667 10.690329999999998,79.11294166666666,79.11294166666666 10.693558333333332,79.112545,79.112545 10.696791666666664,79.11214833333334,79.11214833333334 10.700026666666668,79.11175333333334,79.11175333333334 10.703261666666664,79.11135833333331,79.11135833333331 10.706500000000002,79.11096500000001,79.11096500000001 10.709741666666664,79.11057333333333,79.11057333333333 10.712986666666668,79.11018166666666,79.11018166666666 10.716231666666665,79.10979000000002,79.10979000000002 10.719478333333333,79.10940000000001,79.10940000000001 10.722721666666667,79.10900833333334,79.10900833333334 10.725963333333333,79.10861833333334,79.10861833333334 10.729201666666665,79.10822499999999,79.10822499999999 10.732434999999999,79.10783166666667,79.10783166666667 10.735661666666667,79.10743666666667,79.10743666666667 10.738883333333336,79.10704000000001,79.10704000000001 10.742100000000002,79.10664166666668,79.10664166666668 10.745313333333334,79.10624166666666,79.10624166666666 10.748523333333333,79.10584000000001,79.10584000000001 10.75173166666667,79.10543833333332,79.10543833333332 10.75494,79.10503499999999,79.10503499999999 10.758148333333336,79.10462999999999,79.10462999999999 10.761356666666666,79.10422666666666,79.10422666666666 10.764566666666667,79.10382166666666,79.10382166666666 10.767778333333334,79.10341833333332,79.10341833333332 10.77099,79.10301333333334,79.10301333333334 10.77420333333333,79.10261,79.10261 10.777416666666667,79.10220666666666,79.10220666666666 10.780628333333334,79.101805,79.101805 10.783838333333332,79.10140666666668,79.10140666666668 10.787041666666669,79.10100833333333,79.10100833333333 10.790241666666667,79.10061,79.10061 10.793436666666665,79.100215,79.100215 10.796628333333334,79.09982166666667,79.09982166666667 10.799816666666668,79.09942833333334,79.09942833333334 10.803001666666669,79.099035,79.099035 10.80618,79.09864166666667,79.09864166666667 10.809351666666664,79.09825000000002,79.09825000000002 10.812518333333333,79.09785666666666,79.09785666666666 10.815683333333332,79.09746499999999,79.09746499999999 10.818844999999998,79.09707333333334,79.09707333333334 10.822008333333333,79.09668166666667,79.09668166666667 10.825168333333334,79.09629,79.09629 10.828326666666666,79.09589833333332,79.09589833333332 10.831483333333333,79.09550833333333,79.09550833333333 10.83463833333333,79.09511666666668,79.09511666666668 10.837791666666666,79.09472500000001,79.09472500000001 10.840945,79.09433333333334,79.09433333333334 10.844098333333333,79.09394166666667,79.09394166666667 10.84725,79.09355,79.09355 10.850399999999999,79.09315666666666,79.09315666666666 10.853548333333332,79.09276333333335,79.09276333333335 10.856696666666666,79.09236999999999,79.09236999999999 10.859840000000002,79.09197499999999,79.09197499999999 10.862980000000002,79.09158000000002,79.09158000000002 10.866114999999997,79.09118333333333,79.09118333333333 10.869243333333335,79.09078333333332,79.09078333333332 10.87237,79.090385,79.090385 10.875496666666665,79.08998333333334,79.08998333333334 10.878618333333335,79.08958333333332,79.08958333333332 10.881738333333333,79.08918166666668,79.08918166666668 10.88485166666667,79.08877833333332,79.08877833333332 10.887959999999998,79.08837333333332,79.08837333333332 10.891063333333332,79.08796833333335,79.08796833333335 10.894161666666665,79.08756166666667,79.08756166666667 10.897256666666667,79.08715666666667,79.08715666666667 10.90035,79.08675,79.08675 10.90344,79.086345,79.086345 10.906525,79.08594,79.08594 10.909604999999999,79.08553333333332,79.08553333333332 10.91268,79.08512833333332,79.08512833333332 10.915750000000001,79.08472166666667,79.08472166666667 10.918813333333333,79.084315,79.084315 10.921873333333334,79.08390833333333,79.08390833333333 10.924926666666664,79.08350166666666,79.08350166666666 10.927978333333334,79.08309333333334,79.08309333333334 10.931028333333334,79.08268666666666,79.08268666666666 10.934078333333334,79.08228,79.08228 10.937128333333334,79.08187333333335,79.08187333333335 10.940180000000002,79.08146666666666,79.08146666666666 10.943235000000001,79.08106166666667,79.08106166666667 10.946291666666665,79.08065499999998,79.08065499999998 10.949353333333333,79.08024999999999,79.08024999999999 10.952418333333332,79.07984333333333,79.07984333333333 10.955490000000001,79.07943833333333,79.07943833333333 10.958565,79.07903166666668,79.07903166666668 10.961648333333335,79.07862666666665,79.07862666666665 10.964736666666667,79.07822166666666,79.07822166666666 10.96783,79.07781666666666,79.07781666666666 10.970923333333333,79.07741,79.07741 10.974020000000001,79.07700333333335,79.07700333333335 10.977116666666666,79.07659666666666,79.07659666666666 10.980214999999998,79.07619000000001,79.07619000000001 10.983316666666667,79.07578333333332,79.07578333333332 10.986421666666667,79.07537833333335,79.07537833333335 10.989528333333332,79.074975,79.074975 10.99264166666667,79.07457166666666,79.07457166666666 10.995754999999999,79.07416833333333,79.07416833333333 10.998866666666668,79.073765,79.073765 11.001973333333334,79.07336166666666,79.07336166666666 11.005076666666666,79.07295666666667,79.07295666666667 11.008180000000001,79.07255166666667,79.07255166666667 11.011281666666664,79.07214666666667,79.07214666666667 11.014381666666669,79.07173999999999,79.07173999999999 11.017478333333335,79.07133499999999,79.07133499999999 11.020573333333335,79.07093,79.07093 11.023665000000003,79.07052333333331,79.07052333333331 11.026753333333334,79.07011666666668,79.07011666666668 11.02983833333333,79.06971,79.06971 11.03292,79.06930333333334,79.06930333333334 11.036000000000001,79.068895,79.068895 11.039078333333334,79.06848833333333,79.06848833333333 11.042153333333333,79.06808,79.06808 11.045225000000002,79.06767166666667,79.06767166666667 11.048295,79.06726166666667,79.06726166666667 11.051361666666665,79.06685333333333,79.06685333333333 11.054426666666666,79.066445,79.066445 11.057486666666668,79.066035,79.066035 11.060543333333332,79.06562666666667,79.06562666666667 11.063598333333333,79.06521833333333,79.06521833333333 11.066648333333333,79.06481000000001,79.06481000000001 11.069693333333332,79.06440166666667,79.06440166666667 11.072733333333334,79.06399333333334,79.06399333333334 11.075768333333333,79.06358333333334,79.06358333333334 11.078796666666664,79.06317499999999,79.06317499999999 11.08182,79.06276500000001,79.06276500000001 11.084836666666668,79.06235666666666,79.06235666666666 11.087845,79.06194666666669,79.06194666666669 11.090848333333335,79.06153666666667,79.06153666666667 11.093844999999998,79.06112833333333,79.06112833333333 11.096838333333334,79.06072166666667,79.06072166666667 11.099823333333333,79.06031333333333,79.06031333333333 11.102806666666666,79.05990666666666,79.05990666666666 11.105786666666665,79.05949999999999,79.05949999999999 11.108765000000002,79.05909499999999,79.05909499999999 11.111743333333333,79.05868833333334,79.05868833333334 11.114721666666666,79.05828166666667,79.05828166666667 11.117701666666669,79.057875,79.057875 11.120686666666666,79.05746833333333,79.05746833333333 11.123678333333332,79.05706,79.05706 11.126676666666667,79.05665333333333,79.05665333333333 11.129681666666666,79.056245,79.056245 11.132691666666664,79.05583666666666,79.05583666666666 11.135708333333332,79.05542833333334,79.05542833333334 11.138729999999999,79.05502,79.05502 11.141755,79.05461166666667,79.05461166666667 11.144786666666668,79.05420333333333,79.05420333333333 11.147825,79.05379500000001,79.05379500000001 11.150868333333335,79.05338833333333,79.05338833333333 11.153914999999998,79.05298333333333,79.05298333333333 11.156961666666668,79.05257666666665,79.05257666666665 11.160009999999998,79.05216999999999,79.05216999999999 11.163059999999998,79.05176333333334,79.05176333333334 11.166111666666668,79.05135833333334,79.05135833333334 11.169163333333332,79.05095,79.05095 11.172213333333332,79.05054333333334,79.05054333333334 11.175261666666664,79.050135,79.050135 11.178309999999998,79.04972666666664,79.04972666666664 11.181359999999998,79.04931833333333,79.04931833333333 11.184411666666664,79.04891166666667,79.04891166666667 11.187459999999998,79.04850333333334,79.04850333333334 11.190506666666664,79.04809666666667,79.04809666666667 11.193553333333334,79.04769,79.04769 11.196601666666668,79.04728499999999,79.04728499999999 11.199651666666666,79.04687999999999,79.04687999999999 11.2027,79.046475,79.046475 11.205748333333334,79.04607166666666,79.04607166666666 11.208791666666665,79.04566666666666,79.04566666666666 11.21183,79.04526333333334,79.04526333333334 11.214865000000003,79.04486,79.04486 11.217895,79.04445666666666,79.04445666666666 11.220918333333335,79.04405333333334,79.04405333333334 11.223934999999997,79.04365,79.04365 11.226948333333334,79.04324833333332,79.04324833333332 11.229960000000004,79.04284833333332,79.04284833333332 11.232968333333336,79.04245,79.04245 11.235974999999998,79.04205000000002,79.04205000000002 11.238978333333334,79.04165166666667,79.04165166666667 11.241980000000002,79.041255,79.041255 11.24498166666667,79.04085666666666,79.04085666666666 11.247981666666664,79.04046166666666,79.04046166666666 11.250980000000002,79.040065,79.040065 11.253974999999999,79.03966999999999,79.03966999999999 11.256968333333335,79.039275,79.039275 11.259963333333332,79.03888,79.03888 11.262965,79.03848666666666,79.03848666666666 11.265971666666665,79.038095,79.038095 11.268986666666668,79.03770333333333,79.03770333333333 11.272010000000002,79.03731166666665,79.03731166666665 11.275043333333334,79.03692333333333,79.03692333333333 11.278086666666665,79.03653500000001,79.03653500000001 11.281138333333336,79.03614833333333,79.03614833333333 11.284193333333333,79.03576,79.03576 11.287251666666668,79.03537333333334,79.03537333333334 11.290313333333332,79.03498666666665,79.03498666666665 11.293373333333333,79.03459833333334,79.03459833333334 11.296433333333335,79.03421,79.03421 11.299491666666665,79.03382166666665,79.03382166666665 11.302555,79.03343166666667,79.03343166666667 11.305619999999998,79.03304333333335,79.03304333333335 11.308686666666667,79.03264999999999,79.03264999999999 11.311746666666664,79.03225833333332,79.03225833333332 11.314805000000002,79.03186333333332,79.03186333333332 11.317866666666665,79.03146833333335,79.03146833333335 11.320928333333331,79.03107333333335,79.03107333333335 11.323988333333332,79.03067666666666,79.03067666666666 11.327048333333334,79.03028,79.03028 11.330108333333333,79.02988166666668,79.02988166666668 11.333169999999999,79.02948333333333,79.02948333333333 11.33623,79.02908333333333,79.02908333333333 11.339290000000002,79.02868333333332,79.02868333333332 11.342346666666668,79.02828333333333,79.02828333333333 11.345405,79.02788166666666,79.02788166666666 11.348463333333333,79.02748,79.02748 11.35152,79.02707833333335,79.02707833333335 11.354576666666665,79.02667666666667,79.02667666666667 11.35762833333333,79.026275,79.026275 11.360681666666668,79.02587333333334,79.02587333333334 11.363735000000002,79.02547166666666,79.02547166666666 11.36679,79.02507166666665,79.02507166666665 11.369843333333332,79.02467166666666,79.02467166666666 11.372898333333334,79.02427333333334,79.02427333333334 11.375954999999998,79.023875,79.023875 11.379014999999999,79.02347833333334,79.02347833333334 11.38208,79.02308333333335,79.02308333333335 11.385151666666665,79.02268833333332,79.02268833333332 11.388228333333332,79.02229500000001,79.02229500000001 11.391311666666665,79.02190333333334,79.02190333333334 11.394398333333333,79.02151166666667,79.02151166666667 11.397488333333333,79.02112166666667,79.02112166666667 11.400583333333335,79.02073333333333,79.02073333333333 11.403678333333334,79.020345,79.020345 11.406776666666667,79.01995833333335,79.01995833333335 11.409875,79.01957166666666,79.01957166666666 11.412971666666667,79.01918666666666,79.01918666666666 11.41607,79.0188,79.0188 11.419170000000001,79.01841333333334,79.01841333333334 11.422278333333335,79.01802666666667,79.01802666666667 11.425398333333332,79.01764166666668,79.01764166666668 11.428521666666665,79.01725499999999,79.01725499999999 11.431646666666664,79.01686500000001,79.01686500000001 11.434769999999999,79.01647333333334,79.01647333333334 11.437899999999999,79.01608,79.01608 11.441033333333335,79.01568666666667,79.01568666666667 11.444175000000001,79.01529166666667,79.01529166666667 11.447321666666669,79.01489666666667,79.01489666666667 11.450473333333331,79.01450166666667,79.01450166666667 11.453628333333333,79.01410333333332,79.01410333333332 11.456784999999998,79.013705,79.013705 11.459945000000003,79.01330333333333,79.01330333333333 11.463106666666665,79.01290166666666,79.01290166666666 11.466271666666668,79.01249833333333,79.01249833333333 11.469434999999999,79.01209333333333,79.01209333333333 11.472598333333334,79.01168500000001,79.01168500000001 11.47576,79.01127666666666,79.01127666666666 11.478916666666663,79.010865,79.010865 11.48207,79.01045166666667,79.01045166666667 11.485219999999998,79.01003666666666,79.01003666666666 11.488366666666664,79.00962166666667,79.00962166666667 11.491506666666664,79.009205,79.009205 11.494646666666666,79.00878833333334,79.00878833333334 11.497786666666666,79.00837,79.00837 11.500928333333333,79.00795166666667,79.00795166666667 11.504071666666666,79.00753333333333,79.00753333333333 11.507218333333332,79.00711166666666,79.00711166666666 11.510371666666666,79.00669166666665,79.00669166666665 11.513533333333331,79.00626833333332,79.00626833333332 11.516698333333334,79.005845,79.005845 11.519868333333333,79.00542,79.00542 11.523045000000003,79.00499333333333,79.00499333333333 11.52622833333333,79.00456666666668,79.00456666666668 11.529414999999998,79.00413666666667,79.00413666666667 11.53261,79.00370833333332,79.00370833333332 11.535811666666666,79.00327833333334,79.00327833333334 11.539018333333333,79.00285000000001,79.00285000000001 11.542225000000002,79.00242333333335,79.00242333333335 11.545428333333332,79.00199666666667,79.00199666666667 11.548628333333333,79.00157333333334,79.00157333333334 11.551814999999998,79.00115166666667,79.00115166666667 11.554995000000002,79.00073166666667,79.00073166666667 11.558168333333334,79.00031500000001,79.00031500000001 11.561335000000001,78.99990166666667,78.99990166666667 11.564491666666665,78.99949,78.99949 11.567638333333331,78.99907999999999,78.99907999999999 11.570778333333331,78.99867333333333,78.99867333333333 11.573911666666667,78.99826666666665,78.99826666666665 11.577035,78.99786333333334,78.99786333333334 11.580148333333334,78.99745833333333,78.99745833333333 11.583253333333333,78.99705499999999,78.99705499999999 11.586350000000001,78.99665166666668,78.99665166666668 11.589443333333334,78.99624999999999,78.99624999999999 11.59253333333333,78.99584833333334,78.99584833333334 11.595618333333334,78.99544833333333,78.99544833333333 11.598695000000001,78.99505,78.99505 11.601766666666666,78.99465333333332,78.99465333333332 11.604834999999998,78.99425666666666,78.99425666666666 11.607905,78.99386333333332,78.99386333333332 11.61098,78.99346999999999,78.99346999999999 11.614059999999998,78.99307833333334,78.99307833333334 11.617146666666667,78.99269166666666,78.99269166666666 11.62023,78.99230666666668,78.99230666666668 11.623308333333332,78.99192833333333,78.99192833333333 11.626381666666669,78.99155166666667,78.99155166666667 11.629455,78.99118,78.99118 11.632528333333333,78.99081166666667,78.99081166666667 11.635598333333332,78.99044666666667,78.99044666666667 11.638663333333334,78.990085,78.990085 11.641718333333333,78.98972666666666,78.98972666666666 11.644755,78.98937166666666,78.98937166666666 11.647773333333333,78.98901666666667,78.98901666666667 11.650773333333333,78.98866333333334,78.98866333333334 11.653763333333334,78.98831,78.98831 11.65675,78.98796,78.98796 11.659736666666667,78.98760999999999,78.98760999999999 11.662723333333334,78.98725999999999,78.98725999999999 11.665701666666667,78.98690666666667,78.98690666666667 11.668670000000002,78.98655333333333,78.98655333333333 11.671624999999999,78.98619833333333,78.98619833333333 11.674565,78.98584333333332,78.98584333333332 11.677486666666667,78.98548833333332,78.98548833333332 11.680390000000001,78.98513333333334,78.98513333333334 11.683275,78.98477666666665,78.98477666666665 11.686138333333334,78.98441833333332,78.98441833333332 11.688981666666667,78.98406,78.98406 11.691813333333334,78.9837,78.9837 11.694645,78.98334166666667,78.98334166666667 11.697484999999999,78.98298499999999,78.98298499999999 11.700328333333333,78.98262833333334,78.98262833333334 11.703168333333334,78.98226999999999,78.98226999999999 11.706006666666669,78.98191,78.98191 11.708848333333334,78.98154833333332,78.98154833333332 11.7117,78.98118500000001,78.98118500000001 11.714565,78.98081833333335,78.98081833333335 11.717441666666666,78.98045166666668,78.98045166666668 11.720333333333333,78.98008333333335,78.98008333333335 11.723236666666667,78.97971333333334,78.97971333333334 11.726153333333333,78.97934333333332,78.97934333333332 11.729085000000001,78.97897333333333,78.97897333333333 11.73203,78.97860333333333,78.97860333333333 11.734991666666668,78.97823333333334,78.97823333333334 11.737969999999999,78.97786500000001,78.97786500000001 11.740963333333333,78.97749499999999,78.97749499999999 11.743968333333331,78.97712333333334,78.97712333333334 11.74698,78.97674833333333,78.97674833333333 11.749993333333334,78.97636999999999,78.97636999999999 11.753006666666666,78.97598500000001,78.97598500000001 11.75602,78.97559666666666,78.97559666666666 11.75903,78.97520666666665,78.97520666666665 11.762036666666667,78.97481333333334,78.97481333333334 11.765039999999999,78.97442166666667,78.97442166666667 11.768043333333331,78.97402833333334,78.97402833333334 11.771046666666667,78.97363666666666,78.97363666666666 11.774046666666667,78.97324333333333,78.97324333333333 11.777041666666666,78.97284833333333,78.97284833333333 11.780038333333334,78.97245333333333,78.97245333333333 11.78303833333333,78.97205833333334,78.97205833333334 11.786041666666666,78.971665,78.971665 11.789046666666664,78.97127,78.97127 11.792051666666667,78.97087499999998,78.97087499999998 11.795058333333335,78.97048000000001,78.97048000000001 11.798068333333331,78.97008666666667,78.97008666666667 11.801078333333333,78.96969333333334,78.96969333333334 11.804086666666667,78.9693,78.9693 11.807094999999999,78.96890833333333,78.96890833333333 11.810106666666664,78.96851666666666,78.96851666666666 11.813126666666669,78.96812499999999,78.96812499999999 11.816153333333332,78.96773166666668,78.96773166666668 11.819185000000001,78.96734000000001,78.96734000000001 11.822220000000002,78.96694666666667,78.96694666666667 11.825255,78.96655333333334,78.96655333333334 11.828289999999999,78.96616166666666,78.96616166666666 11.831326666666667,78.96576833333333,78.96576833333333 11.834360000000002,78.96537666666667,78.96537666666667 11.837391666666667,78.964985,78.964985 11.840419999999998,78.96459166666666,78.96459166666666 11.843446666666669,78.96419833333333,78.96419833333333 11.846468333333332,78.96380666666666,78.96380666666666 11.849486666666666,78.96341166666666,78.96341166666666 11.852498333333331,78.96301833333332,78.96301833333332 11.855505,78.96262333333333,78.96262333333333 11.858506666666665,78.96222833333333,78.96222833333333 11.861503333333333,78.96183166666667,78.96183166666667 11.864496666666664,78.96143666666667,78.96143666666667 11.867486666666665,78.96104,78.96104 11.870470000000001,78.96064500000001,78.96064500000001 11.873446666666666,78.96024833333334,78.96024833333334 11.876416666666668,78.95985166666665,78.95985166666665 11.879381666666665,78.95945666666665,78.95945666666665 11.882343333333333,78.95906166666668,78.95906166666668 11.885305,78.95866666666669,78.95866666666669 11.888271666666668,78.95827166666666,78.95827166666666 11.891246666666667,78.95787666666666,78.95787666666666 11.894231666666666,78.95748166666667,78.95748166666667 11.897223333333331,78.957085,78.957085 11.900223333333333,78.95668666666666,78.95668666666666 11.903228333333335,78.95628666666667,78.95628666666667 11.906236666666667,78.95588666666667,78.95588666666667 11.90925,78.955485,78.955485 11.912263333333332,78.95508166666666,78.95508166666666 11.915278333333335,78.95467833333333,78.95467833333333 11.918293333333335,78.95427166666667,78.95427166666667 11.921310000000002,78.95386333333333,78.95386333333333 11.924326666666664,78.95345333333331,78.95345333333331 11.927343333333331,78.95304166666668,78.95304166666668 11.930356666666666,78.95262666666666,78.95262666666666 11.933368333333332,78.95220833333333,78.95220833333333 11.936373333333332,78.95178833333333,78.95178833333333 11.939373333333332,78.95136666666666,78.95136666666666 11.942361666666667,78.95094166666667,78.95094166666667 11.945341666666666,78.95051333333335,78.95051333333335 11.948313333333331,78.95008500000002,78.95008500000002 11.951280000000002,78.949655,78.949655 11.954251666666668,78.949225,78.949225 11.957230000000001,78.94879666666667,78.94879666666667 11.960209999999998,78.94836833333335,78.94836833333335 11.963193333333333,78.94794,78.94794 11.966173333333332,78.94751166666666,78.94751166666666 11.969151666666669,78.94708166666666,78.94708166666666 11.972125,78.94664999999999,78.94664999999999 11.975091666666668,78.94621833333335,78.94621833333335 11.978053333333332,78.94578333333334,78.94578333333334 11.981008333333332,78.94534833333334,78.94534833333334 11.983961666666668,78.94491000000001,78.94491000000001 11.986911666666668,78.94447166666666,78.94447166666666 11.989863333333334,78.94403166666666,78.94403166666666 11.99281833333333,78.94359166666666,78.94359166666666 11.995775,78.94314999999999,78.94314999999999 11.998734999999998,78.94270666666667,78.94270666666667 12.001703333333335,78.942265,78.942265 12.00468,78.941825,78.941825 12.007666666666667,78.941385,78.941385 12.010663333333332,78.940945,78.940945 12.013673333333335,78.94050666666668,78.94050666666668 12.016691666666668,78.94006833333334,78.94006833333334 12.01972,78.93963333333332,78.93963333333332 12.022761666666668,78.93919833333334,78.93919833333334 12.025811666666668,78.938765,78.938765 12.028868333333332,78.93833333333333,78.93833333333333 12.031926666666667,78.93790166666668,78.93790166666668 12.034983333333333,78.93747,78.93747 12.038044999999999,78.93704166666666,78.93704166666666 12.041108333333334,78.93661666666667,78.93661666666667 12.044171666666667,78.93619166666667,78.93619166666667 12.047235000000002,78.93576666666667,78.93576666666667 12.050298333333334,78.93534500000001,78.93534500000001 12.05336166666667,78.934925,78.934925 12.05642333333333,78.93450666666666,78.93450666666666 12.059483333333331,78.93408999999998,78.93408999999998 12.062540000000002,78.933675,78.933675 12.065595000000002,78.93326,78.93326 12.068645000000002,78.93284666666666,78.93284666666666 12.071691666666668,78.93243333333334,78.93243333333334 12.074734999999997,78.93202166666667,78.93202166666667 12.077775,78.93160999999999,78.93160999999999 12.080813333333332,78.93120000000002,78.93120000000002 12.08385333333333,78.93078999999999,78.93078999999999 12.086896666666666,78.93038166666666,78.93038166666666 12.08994,78.92997333333332,78.92997333333332 12.092981666666665,78.92956666666669,78.92956666666669 12.096023333333335,78.92915833333333,78.92915833333333 12.099068333333333,78.92875166666666,78.92875166666666 12.102115,78.92834666666666,78.92834666666666 12.105163333333333,78.92794166666667,78.92794166666667 12.108211666666667,78.92753833333333,78.92753833333333 12.11126,78.92713499999999,78.92713499999999 12.114305,78.92673333333333,78.92673333333333 12.117348333333332,78.92633166666666,78.92633166666666 12.120388333333334,78.92593333333333,78.92593333333333 12.12343,78.92553500000001,78.92553500000001 12.12647,78.92513666666666,78.92513666666666 12.129510000000002,78.92474,78.92474 12.132548333333334,78.92434333333334,78.92434333333334 12.135586666666665,78.923945,78.923945 12.138623333333333,78.92354666666668,78.92354666666668 12.141654999999998,78.92314833333333,78.92314833333333 12.144681666666667,78.92274666666668,78.92274666666668 12.147705,78.92234499999999,78.92234499999999 12.150726666666667,78.92194166666665,78.92194166666665 12.153746666666667,78.92153833333334,78.92153833333334 12.156761666666666,78.921135,78.921135 12.159771666666666,78.92073166666668,78.92073166666668 12.162771666666668,78.92032499999999,78.92032499999999 12.165766666666665,78.91992,78.91992 12.168753333333331,78.91951333333334,78.91951333333334 12.171733333333334,78.919105,78.919105 12.174706666666667,78.91869499999999,78.91869499999999 12.177678333333331,78.91828500000001,78.91828500000001 12.18065,78.917875,78.917875 12.183626666666665,78.91746499999999,78.91746499999999 12.186601666666665,78.91705333333333,78.91705333333333 12.189571666666666,78.91664166666665,78.91664166666665 12.192536666666667,78.91622833333332,78.91622833333332 12.195496666666667,78.91581500000001,78.91581500000001 12.198453333333335,78.91539999999999,78.91539999999999 12.201408333333331,78.91498666666666,78.91498666666666 12.204365000000001,78.91457333333334,78.91457333333334 12.207321666666665,78.91416,78.91416 12.210278333333335,78.91374666666667,78.91374666666667 12.213231666666665,78.91333333333334,78.91333333333334 12.216183333333332,78.91291833333334,78.91291833333334 12.219131666666664,78.91250333333335,78.91250333333335 12.222076666666666,78.91208833333333,78.91208833333333 12.225018333333331,78.91167333333334,78.91167333333334 12.227955,78.91125666666667,78.91125666666667 12.230886666666667,78.91083833333333,78.91083833333333 12.233816666666668,78.91042166666665,78.91042166666665 12.236746666666665,78.91000166666664,78.91000166666664 12.239675,78.90958333333333,78.90958333333333 12.242601666666667,78.90916333333332,78.90916333333332 12.245526666666667,78.90874166666669,78.90874166666669 12.24845,78.90832000000002,78.90832000000002 12.251373333333333,78.90789833333332,78.90789833333332 12.254293333333333,78.90747666666665,78.90747666666665 12.257210000000002,78.90705333333335,78.90705333333335 12.260123333333334,78.90662999999999,78.90662999999999 12.263036666666668,78.90620833333335,78.90620833333335 12.26595,78.905785,78.905785 12.268861666666664,78.90536499999999,78.90536499999999 12.271768333333334,78.90494333333332,78.90494333333332 12.274676666666668,78.90452333333332,78.90452333333332 12.277586666666666,78.90410666666666,78.90410666666666 12.280503333333334,78.90369,78.90369 12.283425,78.90327833333333,78.90327833333333 12.286348333333336,78.90286666666667,78.90286666666667 12.289275000000004,78.90245666666665,78.90245666666665 12.292205000000001,78.90204833333334,78.90204833333334 12.295136666666668,78.90164166666668,78.90164166666668 12.298068333333333,78.90123666666666,78.90123666666666 12.301,78.90083166666666,78.90083166666666 12.303931666666664,78.900425,78.900425 12.306859999999999,78.90001833333335,78.90001833333335 12.309783333333332,78.89961,78.89961 12.312706666666669,78.89920333333332,78.89920333333332 12.315628333333335,78.89879499999999,78.89879499999999 12.318551666666668,78.89838833333334,78.89838833333334 12.321478333333335,78.89798333333334,78.89798333333334 12.32441,78.89757833333333,78.89757833333333 12.327343333333333,78.89717499999999,78.89717499999999 12.330283333333332,78.89677333333334,78.89677333333334 12.333229999999999,78.89637166666667,78.89637166666667 12.336183333333334,78.89597333333333,78.89597333333333 12.339145000000002,78.89557666666667,78.89557666666667 12.342115000000002,78.89518333333334,78.89518333333334 12.345090000000003,78.89478833333334,78.89478833333334 12.348073333333332,78.89439666666667,78.89439666666667 12.351063333333332,78.894005,78.894005 12.35406333333333,78.893615,78.893615 12.357071666666666,78.89322666666668,78.89322666666668 12.360088333333332,78.89283833333333,78.89283833333333 12.363113333333335,78.89245166666667,78.89245166666667 12.366148333333335,78.892065,78.892065 12.369194999999998,78.89167833333332,78.89167833333332 12.372251666666669,78.89129166666666,78.89129166666666 12.375318333333334,78.89090333333334,78.89090333333334 12.378395000000001,78.89051500000001,78.89051500000001 12.38148,78.890125,78.890125 12.384574999999998,78.88973499999999,78.88973499999999 12.387676666666668,78.889345,78.889345 12.390781666666665,78.888955,78.888955 12.393891666666665,78.88856500000001,78.88856500000001 12.397003333333336,78.888175,78.888175 12.400109999999998,78.88778166666667,78.88778166666667 12.403213333333333,78.88738833333333,78.88738833333333 12.406308333333335,78.886995,78.886995 12.409391666666666,78.88660166666666,78.88660166666666 12.412459999999998,78.886205,78.886205 12.415511666666664,78.88580833333334,78.88580833333334 12.418551666666668,78.88541,78.88541 12.421579999999997,78.88501333333333,78.88501333333333 12.424598333333334,78.88461666666667,78.88461666666667 12.427603333333332,78.88421833333332,78.88421833333332 12.430595,78.88382166666666,78.88382166666666 12.433573333333333,78.88342666666667,78.88342666666667 12.436541666666669,78.88303166666667,78.88303166666667 12.439499999999997,78.88263833333333,78.88263833333333 12.442451666666667,78.882245,78.882245 12.445398333333333,78.88185333333332,78.88185333333332 12.448343333333332,78.88146166666668,78.88146166666668 12.45128833333333,78.88107166666667,78.88107166666667 12.454238333333334,78.88068166666666,78.88068166666666 12.457189999999997,78.88029166666668,78.88029166666668 12.460143333333333,78.87990166666667,78.87990166666667 12.463098333333335,78.87951166666667,78.87951166666667 12.466058333333335,78.87912166666666,78.87912166666666 12.469021666666668,78.87873166666665,78.87873166666665 12.471988333333334,78.87834333333333,78.87834333333333 12.474955000000001,78.87795500000001,78.87795500000001 12.477923333333333,78.87756833333333,78.87756833333333 12.480891666666666,78.87718,78.87718 12.483861666666666,78.87679333333334,78.87679333333334 12.486831666666667,78.87640666666665,78.87640666666665 12.489801666666665,78.87601833333333,78.87601833333333 12.492765,78.87563,78.87563 12.495723333333334,78.87523999999999,78.87523999999999 12.49868,78.87485000000001,78.87485000000001 12.501636666666666,78.87445833333334,78.87445833333334 12.504595,78.874065,78.874065 12.507558333333336,78.87367166666667,78.87367166666667 12.510523333333333,78.87327833333333,78.87327833333333 12.513488333333333,78.87288333333333,78.87288333333333 12.516454999999999,78.87248833333334,78.87248833333334 12.519425,78.87209166666668,78.87209166666668 12.522398333333335,78.87169666666668,78.87169666666668 12.525371666666668,78.87130166666668,78.87130166666668 12.528343333333332,78.870905,78.870905 12.531311666666667,78.87051,78.87051 12.534271666666667,78.87011333333334,78.87011333333334 12.537228333333331,78.86971666666666,78.86971666666666 12.540181666666667,78.86931833333334,78.86931833333334 12.543133333333333,78.86891999999999,78.86891999999999 12.546086666666667,78.86852333333333,78.86852333333333 12.54903833333333,78.86812666666667,78.86812666666667 12.55198666666667,78.86772833333332,78.86772833333332 12.554930000000002,78.86733,78.86733 12.557873333333335,78.86693166666667,78.86693166666667 12.560814999999998,78.86653333333334,78.86653333333334 12.563753333333334,78.86613500000001,78.86613500000001 12.566693333333333,78.865735,78.865735 12.56963,78.86533500000002,78.86533500000002 12.572568333333333,78.86493666666667,78.86493666666667 12.575506666666667,78.86453833333333,78.86453833333333 12.578444999999999,78.86414,78.86414 12.581380000000001,78.86374333333335,78.86374333333335 12.584311666666668,78.86334666666666,78.86334666666666 12.587240000000001,78.86295166666666,78.86295166666666 12.590165000000002,78.862555,78.862555 12.593088333333332,78.86216,78.86216 12.596006666666664,78.86176666666667,78.86176666666667 12.598915,78.86137166666667,78.86137166666667 12.601816666666664,78.86097833333334,78.86097833333334 12.604711666666665,78.86058333333334,78.86058333333334 12.60760166666667,78.86019,78.86019 12.610486666666668,78.859795,78.859795 12.613370000000003,78.85940166666667,78.85940166666667 12.616249999999999,78.85900833333334,78.85900833333334 12.619118333333333,78.85861333333334,78.85861333333334 12.62198,78.85821666666668,78.85821666666668 12.624833333333333,78.85781999999999,78.85781999999999 12.627685000000001,78.85742333333333,78.85742333333333 12.63053,78.85702500000001,78.85702500000001 12.633369999999998,78.85662666666667,78.85662666666667 12.636208333333332,78.856225,78.856225 12.639048333333335,78.85582500000001,78.85582500000001 12.641891666666666,78.855425,78.855425 12.644731666666667,78.85502333333334,78.85502333333334 12.647569999999998,78.85462,78.85462 12.650405,78.854215,78.854215 12.653243333333334,78.85380833333335,78.85380833333335 12.656083333333335,78.85340166666666,78.85340166666666 12.658923333333332,78.85299333333334,78.85299333333334 12.661763333333333,78.85258666666665,78.85258666666665 12.664598333333334,78.85217666666668,78.85217666666668 12.667430000000001,78.85176666666666,78.85176666666666 12.670255000000001,78.851355,78.851355 12.673078333333335,78.85094333333333,78.85094333333333 12.675901666666668,78.85052999999999,78.85052999999999 12.678726666666668,78.85011666666666,78.85011666666666 12.681551666666667,78.84970166666668,78.84970166666668 12.684378333333333,78.84928833333333,78.84928833333333 12.687204999999999,78.84887333333332,78.84887333333332 12.690035,78.84845833333333,78.84845833333333 12.692868333333335,78.84804333333334,78.84804333333334 12.695701666666665,78.84762833333333,78.84762833333333 12.698535000000001,78.84721166666665,78.84721166666665 12.701365,78.84679333333334,78.84679333333334 12.704193333333333,78.84637666666666,78.84637666666666 12.707018333333332,78.84595833333334,78.84595833333334 12.709840000000002,78.84554,78.84554 12.71265833333333,78.84511833333333,78.84511833333333 12.715473333333335,78.84469833333333,78.84469833333333 12.718285,78.844275,78.844275 12.721093333333332,78.84385166666667,78.84385166666667 12.723901666666666,78.84342833333334,78.84342833333334 12.72671,78.84300333333334,78.84300333333334 12.729516666666665,78.84258000000001,78.84258000000001 12.73232,78.84215666666668,78.84215666666668 12.735121666666666,78.84173166666666,78.84173166666666 12.737925,78.84130833333333,78.84130833333333 12.740733333333333,78.84088666666666,78.84088666666666 12.743546666666669,78.840465,78.840465 12.74636,78.84004499999999,78.84004499999999 12.749176666666665,78.83962333333335,78.83962333333335 12.751993333333333,78.839205,78.839205 12.754815,78.838785,78.838785 12.75764,78.83836666666666,78.83836666666666 12.760461666666666,78.83794833333333,78.83794833333333 12.763285000000002,78.83752999999999,78.83752999999999 12.766108333333332,78.83711166666667,78.83711166666667 12.768936666666665,78.83669333333333,78.83669333333333 12.771765000000002,78.83627499999999,78.83627499999999 12.774594999999998,78.83585666666667,78.83585666666667 12.777421666666665,78.83543666666667,78.83543666666667 12.780246666666669,78.83501666666666,78.83501666666666 12.783073333333334,78.83459500000001,78.83459500000001 12.785903333333332,78.834175,78.834175 12.788734999999999,78.83375333333333,78.83375333333333 12.791564999999999,78.83333333333333,78.83333333333333 12.794395,78.83291166666666,78.83291166666666 12.797223333333333,78.83248999999999,78.83248999999999 12.800051666666665,78.83207000000002,78.83207000000002 12.802883333333334,78.83164833333332,78.83164833333332 12.80571333333333,78.83122666666665,78.83122666666665 12.80854,78.83080499999998,78.83080499999998 12.811365,78.83038166666665,78.83038166666665 12.814186666666666,78.82995999999999,78.82995999999999 12.817008333333336,78.82953499999999,78.82953499999999 12.819828333333334,78.82911166666666,78.82911166666666 12.822645,78.82868666666667,78.82868666666667 12.825459999999998,78.82826,78.82826 12.828276666666667,78.82783333333334,78.82783333333334 12.831096666666667,78.827405,78.827405 12.833919999999999,78.82697833333334,78.82697833333334 12.836744999999999,78.82655,78.82655 12.839568333333332,78.82612333333333,78.82612333333333 12.842390000000002,78.82569500000001,78.82569500000001 12.845216666666667,78.82526833333333,78.82526833333333 12.848045000000003,78.82484166666667,78.82484166666667 12.850878333333332,78.82441666666668,78.82441666666668 12.853715,78.82399166666666,78.82399166666666 12.856553333333334,78.82356833333333,78.82356833333333 12.859398333333333,78.82314666666666,78.82314666666666 12.862249999999998,78.82272499999999,78.82272499999999 12.865110000000001,78.82230500000001,78.82230500000001 12.867978333333333,78.82188666666667,78.82188666666667 12.870856666666668,78.82146833333333,78.82146833333333 12.873746666666667,78.82105000000001,78.82105000000001 12.876648333333332,78.82063166666667,78.82063166666667 12.879564999999998,78.820215,78.820215 12.882494999999999,78.81979833333332,78.81979833333332 12.885433333333333,78.81938000000001,78.81938000000001 12.888376666666666,78.81896166666667,78.81896166666667 12.89133,78.81854499999999,78.81854499999999 12.894293333333334,78.81812666666667,78.81812666666667 12.897269999999999,78.81771166666667,78.81771166666667 12.900253333333335,78.81729833333334,78.81729833333334 12.903243333333336,78.81688666666668,78.81688666666668 12.906238333333333,78.816475,78.816475 12.909235,78.81606333333333,78.81606333333333 12.912234999999999,78.81565333333333,78.81565333333333 12.915233333333333,78.81524333333334,78.81524333333334 12.918230000000001,78.81483166666668,78.81483166666668 12.921223333333336,78.81442,78.81442 12.924211666666666,78.81400833333333,78.81400833333333 12.927196666666669,78.813595,78.813595 12.930176666666668,78.81318166666667,78.81318166666667 12.933151666666667,78.81276833333334,78.81276833333334 12.936121666666669,78.81235333333335,78.81235333333335 12.939088333333332,78.81193833333333,78.81193833333333 12.942051666666668,78.81152166666666,78.81152166666666 12.945009999999998,78.81110666666667,78.81110666666667 12.947968333333332,78.81069000000002,78.81069000000002 12.950923333333332,78.810275,78.810275 12.953875000000002,78.80985833333334,78.80985833333334 12.956823333333334,78.80944166666666,78.80944166666666 12.959769999999999,78.80902333333334,78.80902333333334 12.962716666666665,78.80860333333334,78.80860333333334 12.965663333333335,78.80818333333333,78.80818333333333 12.968611666666668,78.80776,78.80776 12.97156333333333,78.80733666666667,78.80733666666667 12.97452,78.80691166666668,78.80691166666668 12.977485000000001,78.80648666666666,78.80648666666666 12.980456666666663,78.80606166666666,78.80606166666666 12.983435,78.805635,78.805635 12.986419999999999,78.80520833333334,78.80520833333334 12.989410000000003,78.80478166666666,78.80478166666666 12.992406666666668,78.80435333333334,78.80435333333334 12.995408333333335,78.80392666666665,78.80392666666665 12.998413333333334,78.80349833333334,78.80349833333334 13.00142,78.80307,78.80307 13.004429999999997,78.80264166666666,78.80264166666666 13.007438333333335,78.80221166666668,78.80221166666668 13.010443333333333,78.80178166666666,78.80178166666666 13.013445,78.80135000000001,78.80135000000001 13.016440000000001,78.80091666666668,78.80091666666668 13.019430000000002,78.80048333333335,78.80048333333335 13.022415000000002,78.80004833333334,78.80004833333334 13.025396666666667,78.79961333333334,78.79961333333334 13.028373333333333,78.79917999999999,78.79917999999999 13.031346666666666,78.79874666666666,78.79874666666666 13.034313333333333,78.79831166666668,78.79831166666668 13.037278333333331,78.79788,78.79788 13.040241666666669,78.79744666666667,78.79744666666667 13.043200000000002,78.79701666666668,78.79701666666668 13.046156666666665,78.79658500000001,78.79658500000001 13.049106666666669,78.796155,78.796155 13.052053333333332,78.795725,78.795725 13.054996666666666,78.795295,78.795295 13.057935000000002,78.79486666666668,78.79486666666668 13.060865,78.79444,78.79444 13.063788333333331,78.79401166666666,78.79401166666666 13.066703333333331,78.79358500000001,78.79358500000001 13.069613333333333,78.79316000000001,78.79316000000001 13.072516666666669,78.792735,78.792735 13.075414999999998,78.79231166666666,78.79231166666666 13.078309999999998,78.79189,78.79189 13.081206666666667,78.79147166666668,78.79147166666668 13.084106666666667,78.791055,78.791055 13.087015,78.79064166666666,78.79064166666666 13.089941666666666,78.79023666666667,78.79023666666667 13.092903333333334,78.78984333333334,78.78984333333334 13.095905000000002,78.78946333333334,78.78946333333334 13.09894833333333,78.78909666666665,78.78909666666665 13.102036666666669,78.78874833333333,78.78874833333333 13.105169999999998,78.78841999999999,78.78841999999999 13.108348333333334,78.78811333333334,78.78811333333334 13.111568333333333,78.78782999999999,78.78782999999999 13.114828333333334,78.78757166666666,78.78757166666666 13.118126666666667,78.78733833333334,78.78733833333334 13.121465,78.78713,78.78713 13.124839999999997,78.78694999999999,78.78694999999999 13.128248333333332,78.786795,78.786795 13.131688333333333,78.78666833333334,78.78666833333334 13.13515,78.78657,78.78657 13.138623333333333,78.78650166666667,78.78650166666667 13.1421,78.78646166666668,78.78646166666668 13.145573333333333,78.786445,78.786445 13.149041666666667,78.78644999999999,78.78644999999999 13.152511666666667,78.786475,78.786475 13.155978333333332,78.78652000000001,78.78652000000001 13.159441666666664,78.786585,78.786585 13.162898333333331,78.78667,78.78667 13.166343333333336,78.78677333333334,78.78677333333334 13.169775,78.78689333333334,78.78689333333334 13.17319,78.78703,78.78703 13.176589999999997,78.78718166666665,78.78718166666665 13.179975000000002,78.78734666666666,78.78734666666666 13.183348333333333,78.78752333333334,78.78752333333334 13.18671,78.78771333333333,78.78771333333333 13.190058333333333,78.78791333333332,78.78791333333332 13.193391666666667,78.78812500000001,78.78812500000001 13.19669833333333,78.78834833333335,78.78834833333335 13.199975,78.788585,78.788585 13.203213333333334,78.78883833333333,78.78883833333333 13.20641,78.78911000000001,78.78911000000001 13.209566666666667,78.78939833333334,78.78939833333334 13.21267,78.78970333333334,78.78970333333334 13.215708333333335,78.79003166666666,78.79003166666666 13.218664999999998,78.79038,78.79038 13.221526666666666,78.79075166666667,78.79075166666667 13.224281666666664,78.791145,78.791145 13.226938333333333,78.79155666666668,78.79155666666668 13.229493333333334,78.79198500000001,78.79198500000001 13.231943333333332,78.79243166666667,78.79243166666667 13.234285,78.79289499999999,78.79289499999999 13.236518333333334,78.79337333333332,78.79337333333332 13.238641666666668,78.79386666666667,78.79386666666667 13.240655000000002,78.79437666666666,78.79437666666666 13.242548333333334,78.7949,78.7949 13.244321666666668,78.79543666666666,78.79543666666666 13.24597,78.79598666666666,78.79598666666666 13.247490000000003,78.796545,78.796545 13.248880000000002,78.79711499999999,78.79711499999999 13.250150000000001,78.79768999999999,78.79768999999999 13.251301666666667,78.79827333333331,78.79827333333331 13.252333333333334,78.79886333333334,78.79886333333334 13.253245,78.79946,78.79946 13.254041666666668,78.80006,78.80006 13.254721666666669,78.80066666666667,78.80066666666667 13.25529,78.80127666666667,78.80127666666667 13.255748333333333,78.80189,78.80189 13.2561,78.80250666666667,78.80250666666667 13.256340000000002,78.80312500000001,78.80312500000001 13.25646833333333,78.803745,78.803745 13.256491666666667,78.80436666666667,78.80436666666667 13.256410000000002,78.80498833333333,78.80498833333333 13.256211666666664,78.80560833333334,78.80560833333334 13.255898333333334,78.80622833333334,78.80622833333334 13.255476666666668,78.80684666666666,78.80684666666666 13.254943333333332,78.80746166666667,78.80746166666667 13.254303333333334,78.80807499999999,78.80807499999999 13.253558333333336,78.80868666666667,78.80868666666667 13.252716666666668,78.80929166666667,78.80929166666667 13.251768333333334,78.80989333333332,78.80989333333332 13.250718333333335,78.81048666666668,78.81048666666668 13.249578333333332,78.81107333333333,78.81107333333333 13.24836,78.81165333333334,78.81165333333334 13.247065000000001,78.812225,78.812225 13.245696666666667,78.81278833333333,78.81278833333333 13.24426,78.813345,78.813345 13.242753333333333,78.81389333333334,78.81389333333334 13.241171666666666,78.81443333333333,78.81443333333333 13.239506666666665,78.81496166666668,78.81496166666668 13.237751666666668,78.81548166666667,78.81548166666667 13.235911666666668,78.81599,78.81599 13.233996666666666,78.81648833333333,78.81648833333333 13.232000000000001,78.816975,78.816975 13.229916666666666,78.81744833333335,78.81744833333335 13.227758333333336,78.81790500000001,78.81790500000001 13.225538333333336,78.81835000000001,78.81835000000001 13.223271666666669,78.81878333333333,78.81878333333333 13.220959999999998,78.81920666666666,78.81920666666666 13.21860666666667,78.81962,78.81962 13.216225,78.82002499999999,78.82002499999999 13.213819999999997,78.820425,78.820425 13.211395,78.82082,78.82082 13.20894666666667,78.82121000000001,78.82121000000001 13.206475,78.82159333333334,78.82159333333334 13.203986666666665,78.821975,78.821975 13.201484999999998,78.822355,78.822355 13.198966666666669,78.82273166666667,78.82273166666667 13.196426666666666,78.82310333333332,78.82310333333332 13.193866666666667,78.82346999999999,78.82346999999999 13.19129,78.82383333333335,78.82383333333335 13.188703333333335,78.82419166666668,78.82419166666668 13.186099999999998,78.82455,78.82455 13.183478333333333,78.82490500000002,78.82490500000002 13.180828333333332,78.82525999999999,78.82525999999999 13.17815,78.82561333333334,78.82561333333334 13.17544,78.82596666666667,78.82596666666667 13.172705,78.82632166666667,78.82632166666667 13.169943333333332,78.82667833333335,78.82667833333335 13.167148333333333,78.82703333333335,78.82703333333335 13.164325,78.827385,78.827385 13.161478333333331,78.82773166666666,78.82773166666666 13.158616666666669,78.82807666666665,78.82807666666665 13.155738333333334,78.828415,78.828415 13.152846666666667,78.82875000000001,78.82875000000001 13.149944999999999,78.82908166666667,78.82908166666667 13.147046666666665,78.829415,78.829415 13.144173333333333,78.82975499999999,78.82975499999999 13.141333333333332,78.83010666666667,78.83010666666667 13.138539999999999,78.83047166666667,78.83047166666667 13.135803333333335,78.83084833333334,78.83084833333334 13.13312,78.83124000000001,78.83124000000001 13.130486666666666,78.83164000000001,78.83164000000001 13.127901666666666,78.83204833333333,78.83204833333333 13.125361666666667,78.83246666666668,78.83246666666668 13.12287,78.83289333333333,78.83289333333333 13.120415,78.83332666666666,78.83332666666666 13.117988333333336,78.83376833333332,78.83376833333332 13.115590000000001,78.834215,78.834215 13.113225,78.83466833333333,78.83466833333333 13.110893333333335,78.83512833333333,78.83512833333333 13.108583333333335,78.83559000000001,78.83559000000001 13.106275,78.83605166666668,78.83605166666668 13.103951666666667,78.83650833333333,78.83650833333333 13.101611666666667,78.83696166666667,78.83696166666667 13.099256666666667,78.83741333333333,78.83741333333333 13.096878333333331,78.83786,78.83786 13.094473333333335,78.83829999999999,78.83829999999999 13.092046666666667,78.83873833333332,78.83873833333332 13.089608333333334,78.83917499999998,78.83917499999998 13.087159999999997,78.83961166666666,78.83961166666666 13.084691666666666,78.84004666666668,78.84004666666668 13.082215,78.84048333333332,78.84048333333332 13.079726666666668,78.84092000000001,78.84092000000001 13.077221666666665,78.84135666666666,78.84135666666666 13.074698333333334,78.84179166666665,78.84179166666665 13.072158333333334,78.84222666666666,78.84222666666666 13.069603333333333,78.84266333333335,78.84266333333335 13.067026666666669,78.84309666666667,78.84309666666667 13.064421666666666,78.84352333333332,78.84352333333332 13.061786666666666,78.84394666666668,78.84394666666668 13.059126666666668,78.844365,78.844365 13.05643833333333,78.84477666666668,78.84477666666668 13.053725,78.84518166666666,78.84518166666666 13.050996666666666,78.84558000000001,78.84558000000001 13.048266666666667,78.84597833333333,78.84597833333333 13.04554,78.84637333333333,78.84637333333333 13.042819999999999,78.84677166666668,78.84677166666668 13.040113333333332,78.84717500000001,78.84717500000001 13.037425,78.84758166666667,78.84758166666667 13.034751666666667,78.84799333333333,78.84799333333333 13.032099999999998,78.84840833333334,78.84840833333334 13.029471666666666,78.84883,78.84883 13.026871666666667,78.849255,78.849255 13.0243,78.84968333333333,78.84968333333333 13.021751666666669,78.85011833333333,78.85011833333333 13.019219999999999,78.85055666666666,78.85055666666666 13.016696666666668,78.85099833333334,78.85099833333334 13.014176666666668,78.85144500000001,78.85144500000001 13.011646666666666,78.85189166666669,78.85189166666669 13.009100000000002,78.85233833333334,78.85233833333334 13.006541666666665,78.85278333333335,78.85278333333335 13.003976666666667,78.85323,78.85323 13.001409999999998,78.85367666666666,78.85367666666666 12.998838333333332,78.85412500000001,78.85412500000001 12.996263333333332,78.85457166666667,78.85457166666667 12.993679999999998,78.85502000000001,78.85502000000001 12.99109,78.85546833333332,78.85546833333332 12.988491666666667,78.85591833333332,78.85591833333332 12.985886666666666,78.85636833333332,78.85636833333332 12.983274999999999,78.85681833333332,78.85681833333332 12.980655000000002,78.85727000000001,78.85727000000001 12.978024999999999,78.85772000000001,78.85772000000001 12.975385000000001,78.85817166666668,78.85817166666668 12.972736666666666,78.85862333333334,78.85862333333334 12.970083333333331,78.85907666666667,78.85907666666667 12.967423333333333,78.85952999999999,78.85952999999999 12.964754999999998,78.85998333333333,78.85998333333333 12.962079999999998,78.86043666666666,78.86043666666666 12.959393333333333,78.86089000000001,78.86089000000001 12.956695,78.86134333333334,78.86134333333334 12.95398166666667,78.86179666666666,78.86179666666666 12.951261666666667,78.86224999999999,78.86224999999999 12.948535000000001,78.86270666666667,78.86270666666667 12.945801666666668,78.86316166666667,78.86316166666667 12.943058333333333,78.86361666666666,78.86361666666666 12.940309999999998,78.86407166666665,78.86407166666665 12.937553333333335,78.864525,78.864525 12.934789999999998,78.86497833333333,78.86497833333333 12.932021666666666,78.86543166666668,78.86543166666668 12.929250000000001,78.86588666666667,78.86588666666667 12.926469999999998,78.86634000000001,78.86634000000001 12.923685,78.866795,78.866795 12.920898333333332,78.86724833333332,78.86724833333332 12.918115,78.86770333333334,78.86770333333334 12.915335,78.86815833333333,78.86815833333333 12.912555000000003,78.868615,78.868615 12.909778333333335,78.86907166666667,78.86907166666667 12.907003333333334,78.86952833333332,78.86952833333332 12.904228333333332,78.86998666666666,78.86998666666666 12.90145,78.87044333333334,78.87044333333334 12.89867,78.87089999999999,78.87089999999999 12.895890000000001,78.87135833333332,78.87135833333332 12.89311166666667,78.87181666666666,78.87181666666666 12.890336666666668,78.872275,78.872275 12.88756333333333,78.87273666666665,78.87273666666665 12.884796666666666,78.87319833333332,78.87319833333332 12.882039999999998,78.87366333333333,78.87366333333333 12.879296666666667,78.87413000000001,78.87413000000001 12.876563333333337,78.87459833333334,78.87459833333334 12.873839999999998,78.87506833333333,78.87506833333333 12.87112,78.87553833333334,78.87553833333334 12.868401666666667,78.87600833333333,78.87600833333333 12.865681666666669,78.87647833333332,78.87647833333332 12.862958333333331,78.87694666666667,78.87694666666667 12.860226666666666,78.87741333333334,78.87741333333334 12.857486666666668,78.87787833333333,78.87787833333333 12.854738333333334,78.87834166666667,78.87834166666667 12.851988333333335,78.87880666666666,78.87880666666666 12.849236666666666,78.87927,78.87927 12.846486666666667,78.87973333333333,78.87973333333333 12.843736666666667,78.88019666666668,78.88019666666668 12.840988333333334,78.88066166666667,78.88066166666667 12.838233333333335,78.88112500000001,78.88112500000001 12.835470000000003,78.88159,78.88159 12.832695000000001,78.88205333333335,78.88205333333335 12.829906666666668,78.88251833333334,78.88251833333334 12.827103333333334,78.88298333333334,78.88298333333334 12.824288333333335,78.88344833333333,78.88344833333333 12.821466666666666,78.88391333333334,78.88391333333334 12.81864,78.88437833333334,78.88437833333334 12.815806666666665,78.88484166666667,78.88484166666667 12.812971666666668,78.88530333333334,78.88530333333334 12.810141666666668,78.88576666666665,78.88576666666665 12.807318333333335,78.88622833333335,78.88622833333335 12.804499999999999,78.88669,78.88669 12.801683333333335,78.88715,78.88715 12.798873333333331,78.88761000000001,78.88761000000001 12.796073333333332,78.88806833333334,78.88806833333334 12.793278333333335,78.88852666666668,78.88852666666668 12.790491666666666,78.88898499999999,78.88898499999999 12.787713333333334,78.889445,78.889445 12.784948333333334,78.88990499999998,78.88990499999998 12.782198333333334,78.89036500000002,78.89036500000002 12.779458333333332,78.89082666666667,78.89082666666667 12.776733333333333,78.89128833333334,78.89128833333334 12.77402666666667,78.89175333333333,78.89175333333333 12.771338333333333,78.89222,78.89222 12.768663333333333,78.89268666666666,78.89268666666666 12.766001666666666,78.89315500000001,78.89315500000001 12.763355000000002,78.893625,78.893625 12.760721666666665,78.89409666666666,78.89409666666666 12.758103333333334,78.89456833333334,78.89456833333334 12.755494999999998,78.89504000000001,78.89504000000001 12.752901666666666,78.89551499999999,78.89551499999999 12.750319999999999,78.89599166666666,78.89599166666666 12.747751666666666,78.89647,78.89647 12.745191666666663,78.89694999999999,78.89694999999999 12.742633333333332,78.89743166666668,78.89743166666668 12.740071666666665,78.89791166666667,78.89791166666667 12.737504999999997,78.89839166666667,78.89839166666667 12.73493,78.89887,78.89887 12.732348333333336,78.89935,78.89935 12.729753333333333,78.89982666666667,78.89982666666667 12.727143333333334,78.90030166666668,78.90030166666668 12.724521666666664,78.900775,78.900775 12.721881666666665,78.90124833333331,78.90124833333331 12.719224999999998,78.90171666666667,78.90171666666667 12.716546666666668,78.90218333333335,78.90218333333335 12.713846666666665,78.90264833333333,78.90264833333333 12.711128333333333,78.90310833333334,78.90310833333334 12.708395,78.90356666666668,78.90356666666668 12.705645,78.90402333333333,78.90402333333333 12.702876666666668,78.904475,78.904475 12.700095,78.904925,78.904925 12.697301666666666,78.90537333333333,78.90537333333333 12.694491666666664,78.90581833333334,78.90581833333334 12.691666666666665,78.90626,78.90626 12.688828333333333,78.9067,78.9067 12.685981666666665,78.90713833333332,78.90713833333332 12.683131666666666,78.90757666666666,78.90757666666666 12.68028,78.90801333333334,78.90801333333334 12.677430000000001,78.90844999999999,78.90844999999999 12.674585000000002,78.90888666666667,78.90888666666667 12.671746666666664,78.90932500000001,78.90932500000001 12.668915,78.90976333333333,78.90976333333333 12.666091666666668,78.91020333333333,78.91020333333333 12.663278333333336,78.91064500000002,78.91064500000002 12.660476666666666,78.91108666666668,78.91108666666668 12.657686666666667,78.91153166666668,78.91153166666668 12.654910000000001,78.91197833333335,78.91197833333335 12.652146666666665,78.91242666666666,78.91242666666666 12.649395,78.91287833333335,78.91287833333335 12.646656666666669,78.91332999999999,78.91332999999999 12.643931666666667,78.913785,78.913785 12.641225000000002,78.91424166666667,78.91424166666667 12.638535000000001,78.91469999999998,78.91469999999998 12.635858333333333,78.91516166666668,78.91516166666668 12.633193333333336,78.91562499999999,78.91562499999999 12.630533333333334,78.91608833333332,78.91608833333332 12.62788,78.91655166666666,78.91655166666666 12.62523333333333,78.91701500000002,78.91701500000002 12.622598333333334,78.91748,78.91748 12.619968333333333,78.91794499999999,78.91794499999999 12.61734,78.91840833333333,78.91840833333333 12.614716666666668,78.91887333333335,78.91887333333335 12.612096666666666,78.91933833333333,78.91933833333333 12.609475000000002,78.91980333333332,78.91980333333332 12.606848333333335,78.92026666666666,78.92026666666666 12.604210000000002,78.92072833333333,78.92072833333333 12.601555,78.92118666666667,78.92118666666667 12.598878333333333,78.92164,78.92164 12.596188333333334,78.92209166666666,78.92209166666666 12.593488333333335,78.92254,78.92254 12.590778333333333,78.92298500000001,78.92298500000001 12.588061666666665,78.92343,78.92343 12.585328333333331,78.92386833333333,78.92386833333333 12.58256,78.92429833333334,78.92429833333334 12.579743333333331,78.92471333333333,78.92471333333333 12.576870000000001,78.92510999999999,78.92510999999999 12.573941666666666,78.92549000000001,78.92549000000001 12.57096,78.92585166666666,78.92585166666666 12.567918333333335,78.92619166666668,78.92619166666668 12.564821666666667,78.92651166666666,78.92651166666666 12.561673333333333,78.92681166666665,78.92681166666665 12.558475,78.92708833333333,78.92708833333333 12.555229999999996,78.92734333333333,78.92734333333333 12.551945000000002,78.92757833333333,78.92757833333333 12.548626666666667,78.92779499999999,78.92779499999999 12.545275000000002,78.92799166666668,78.92799166666668 12.541888333333334,78.92817,78.92817 12.538468333333334,78.92832666666666,78.92832666666666 12.535018333333333,78.92846333333334,78.92846333333334 12.531545000000001,78.92858,78.92858 12.528053333333332,78.92867666666666,78.92867666666666 12.524546666666668,78.92875333333335,78.92875333333335 12.521028333333332,78.92880666666666,78.92880666666666 12.517503333333332,78.92884166666667,78.92884166666667 12.513976666666668,78.92885500000001,78.92885500000001 12.510449999999999,78.92884833333332,78.92884833333332 12.506923333333335,78.92882,78.92882 12.503401666666665,78.92876833333332,78.92876833333332 12.49989,78.92869666666668,78.92869666666668 12.496393333333334,78.92860166666665,78.92860166666665 12.492916666666666,78.928485,78.928485 12.489463333333333,78.92834333333333,78.92834333333333 12.486036666666667,78.92818000000001,78.92818000000001 12.482641666666664,78.92799166666668,78.92799166666668 12.479284999999999,78.92777666666666,78.92777666666666 12.47597,78.92753833333333,78.92753833333333 12.472703333333335,78.927275,78.927275 12.469488333333334,78.92698666666666,78.92698666666666 12.466334999999999,78.92667333333334,78.92667333333334 12.463248333333336,78.92633333333335,78.92633333333335 12.460231666666667,78.92597,78.92597 12.457286666666668,78.92558166666666,78.92558166666666 12.454416666666667,78.92517333333333,78.92517333333333 12.451618333333332,78.92474166666666,78.92474166666666 12.448895,78.92429,78.92429 12.446253333333333,78.92381666666665,78.92381666666665 12.443700000000002,78.923325,78.923325 12.441231666666665,78.92281333333335,78.92281333333335 12.438838333333335,78.92228666666666,78.92228666666666 12.436516666666668,78.92174833333334,78.92174833333334 12.434255,78.92119833333332,78.92119833333332 12.43205,78.92064,78.92064 12.429888333333336,78.92007166666666,78.92007166666666 12.427753333333332,78.91950166666668,78.91950166666668 12.42563,78.91892833333333,78.91892833333333 12.423515000000002,78.91835499999999,78.91835499999999 12.421398333333332,78.91778166666667,78.91778166666667 12.419278333333333,78.91720833333333,78.91720833333333 12.417155,78.916635,78.916635 12.415031666666668,78.91606166666668,78.91606166666668 12.412909999999998,78.91548833333331,78.91548833333331 12.410783333333331,78.91491333333333,78.91491333333333 12.408650000000002,78.91433833333333,78.91433833333333 12.406508333333333,78.913765,78.913765 12.404356666666668,78.91319166666668,78.91319166666668 12.40219,78.91262,78.91262 12.400010000000002,78.91205,78.91205 12.397811666666668,78.91148333333334,78.91148333333334 12.395598333333332,78.91091833333333,78.91091833333333 12.39337,78.910355,78.910355 12.391128333333333,78.909795,78.909795 12.388875,78.90923833333332,78.90923833333332 12.386611666666665,78.90868166666667,78.90868166666667 12.384338333333334,78.90812833333334,78.90812833333334 12.382054999999998,78.907575,78.907575 12.379765,78.90702500000002,78.90702500000002 12.377468333333336,78.906475,78.906475 12.375163333333335,78.90592833333335,78.90592833333335 12.372848333333332,78.90538,78.90538 12.370525000000002,78.90483333333334,78.90483333333334 12.368193333333332,78.90428833333334,78.90428833333334 12.365851666666668,78.90374333333332,78.90374333333332 12.363501666666664,78.90319833333332,78.90319833333332 12.361138333333333,78.90265333333332,78.90265333333332 12.358765000000002,78.90211,78.90211 12.356380000000001,78.90156666666668,78.90156666666668 12.353985,78.901025,78.901025 12.351581666666668,78.90048333333333,78.90048333333333 12.349176666666665,78.89994,78.89994 12.346775,78.89939666666669,78.89939666666669 12.344371666666667,78.89885166666666,78.89885166666666 12.341965000000002,78.89830666666667,78.89830666666667 12.339553333333335,78.89776166666667,78.89776166666667 12.337139999999998,78.89721666666667,78.89721666666667 12.334723333333335,78.89667166666668,78.89667166666668 12.332306666666668,78.89612666666667,78.89612666666667 12.329888333333335,78.89558000000001,78.89558000000001 12.327465,78.89503333333333,78.89503333333333 12.32504,78.89448666666667,78.89448666666667 12.322613333333335,78.89393833333332,78.89393833333332 12.320185,78.89339,78.89339 12.317754999999998,78.89284166666665,78.89284166666665 12.315328333333333,78.89229333333333,78.89229333333333 12.312903333333333,78.89174333333335,78.89174333333335 12.310479999999998,78.89119333333333,78.89119333333333 12.308060000000001,78.89064166666667,78.89064166666667 12.305641666666668,78.89009166666666,78.89009166666666 12.303223333333337,78.88954000000001,78.88954000000001 12.300804999999999,78.88898833333332,78.88898833333332 12.298386666666666,78.88843666666666,78.88843666666666 12.295973333333333,78.88788333333333,78.88788333333333 12.293561666666667,78.88733,78.88733 12.291151666666668,78.886775,78.886775 12.288741666666667,78.88622166666667,78.88622166666667 12.286333333333335,78.88566666666668,78.88566666666668 12.28393,78.88511166666667,78.88511166666667 12.281523333333332,78.88455666666665,78.88455666666665 12.279116666666669,78.88400333333335,78.88400333333335 12.276711666666666,78.88344833333333,78.88344833333333 12.274313333333337,78.88289166666667,78.88289166666667 12.271923333333332,78.88233333333332,78.88233333333332 12.269533333333335,78.881775,78.881775 12.267141666666664,78.88121666666666,78.88121666666666 12.264754999999997,78.88065666666665,78.88065666666665 12.262375,78.88009666666667,78.88009666666667 12.259996666666668,78.87953666666667,78.87953666666667 12.257614999999998,78.87897666666666,78.87897666666666 12.255236666666669,78.87841666666667,78.87841666666667 12.252863333333334,78.87785666666666,78.87785666666666 12.250489999999997,78.87729499999999,78.87729499999999 12.24811,78.87673499999998,78.87673499999998 12.245726666666668,78.87617666666667,78.87617666666667 12.243344999999998,78.87561666666669,78.87561666666669 12.240963333333331,78.87505833333334,78.87505833333334 12.238586666666668,78.87449833333334,78.87449833333334 12.23622,78.87393833333334,78.87393833333334 12.233861666666666,78.87338,78.87338 12.231513333333332,78.87282166666668,78.87282166666668 12.229168333333334,78.87226333333334,78.87226333333334 12.226828333333332,78.87170666666665,78.87170666666665 12.224496666666667,78.87115,78.87115 12.222176666666666,78.87059333333333,78.87059333333333 12.219861666666668,78.87003833333334,78.87003833333334 12.217546666666667,78.86948166666666,78.86948166666666 12.215238333333332,78.86892666666667,78.86892666666667 12.212936666666668,78.86837166666666,78.86837166666666 12.210641666666668,78.86781500000001,78.86781500000001 12.20835,78.86725666666666,78.86725666666666 12.206059999999999,78.86670000000001,78.86670000000001 12.203773333333332,78.86614,78.86614 12.201486666666666,78.86558166666667,78.86558166666667 12.199201666666665,78.86502,78.86502 12.196916666666667,78.86445666666667,78.86445666666667 12.194638333333334,78.86389333333334,78.86389333333334 12.192363333333333,78.86332833333333,78.86332833333333 12.190085,78.86276333333333,78.86276333333333 12.187806666666667,78.86220166666666,78.86220166666666 12.185533333333336,78.86164000000001,78.86164000000001 12.183261666666667,78.86107999999999,78.86107999999999 12.180993333333333,78.86052,78.86052 12.178726666666668,78.85996166666668,78.85996166666668 12.176466666666665,78.85940333333333,78.85940333333333 12.174214999999998,78.85884666666668,78.85884666666668 12.171975000000003,78.85828833333333,78.85828833333333 12.169744999999999,78.85773,78.85773 12.167525,78.85717,78.85717 12.165314999999998,78.85660999999999,78.85660999999999 12.163115000000001,78.85604833333332,78.85604833333332 12.160923333333335,78.85549,78.85549 12.158738333333334,78.85493,78.85493 12.156565,78.85437000000002,78.85437000000002 12.154399999999999,78.85381333333333,78.85381333333333 12.152243333333336,78.853255,78.853255 12.150091666666667,78.85270000000001,78.85270000000001 12.147946666666666,78.852145,78.852145 12.145811666666669,78.85159166666668,78.85159166666668 12.143688333333335,78.85103666666666,78.85103666666666 12.141573333333334,78.85048333333333,78.85048333333333 12.139465,78.84993166666666,78.84993166666666 12.137366666666665,78.84938000000001,78.84938000000001 12.135278333333334,78.84883,78.84883 12.133191666666669,78.84828000000002,78.84828000000002 12.131088333333333,78.84773666666666,78.84773666666666 12.128936666666668,78.84720333333333,78.84720333333333 12.126711666666667,78.84668666666666,78.84668666666666 12.124406666666669,78.84619166666667,78.84619166666667 12.122016666666665,78.845715,78.845715 12.119536666666665,78.84526333333334,78.84526333333334 12.116973333333332,78.84483333333334,78.84483333333334 12.114331666666665,78.84442833333331,78.84442833333331 12.111614999999997,78.84404833333333,78.84404833333333 12.108826666666667,78.84369333333335,78.84369333333335 12.105973333333335,78.84336499999999,78.84336499999999 12.103063333333333,78.84306166666667,78.84306166666667 12.100103333333333,78.84278166666667,78.84278166666667 12.097095000000001,78.84252666666667,78.84252666666667 12.094041666666666,78.84229666666668,78.84229666666668 12.090944999999998,78.842095,78.842095 12.087815,78.84191666666666,78.84191666666666 12.084651666666664,78.84176500000001,78.84176500000001 12.08146,78.84163833333332,78.84163833333332 12.078238333333335,78.84154000000001,78.84154000000001 12.074996666666665,78.84146999999999,78.84146999999999 12.07174,78.84142833333334,78.84142833333334 12.068478333333331,78.84141333333332,78.84141333333332 12.065215000000002,78.84142666666668,78.84142666666668 12.061956666666667,78.841465,78.841465 12.05870666666667,78.84153166666667,78.84153166666667 12.055473333333337,78.84162500000001,78.84162500000001 12.052263333333334,78.841745,78.841745 12.049086666666668,78.84188999999999,78.84188999999999 12.045950000000001,78.84206333333334,78.84206333333334 12.042856666666667,78.84226000000001,78.84226000000001 12.039806666666667,78.84247833333333,78.84247833333333 12.036798333333335,78.84271833333335,78.84271833333335 12.033836666666666,78.84297666666667,78.84297666666667 12.03092,78.84325500000001,78.84325500000001 12.028045000000002,78.84355166666666,78.84355166666666 12.025215,78.84386333333335,78.84386333333335 12.022418333333333,78.84419,78.84419 12.019646666666665,78.844525,78.844525 12.016891666666666,78.84486833333334,78.84486833333334 12.014145000000001,78.84521666666667,78.84521666666667 12.011398333333332,78.84556666666667,78.84556666666667 12.008646666666667,78.84591833333334,78.84591833333334 12.005881666666667,78.84627,78.84627 12.003101666666664,78.84662166666668,78.84662166666668 12.000300000000001,78.84696999999998,78.84696999999998 11.99747666666667,78.847315,78.847315 11.994629999999997,78.84766166666665,78.84766166666665 11.991755,78.84800666666666,78.84800666666666 11.988849999999998,78.84835166666667,78.84835166666667 11.985923333333334,78.84869833333333,78.84869833333333 11.982976666666664,78.849045,78.849045 11.980011666666666,78.84939166666668,78.84939166666668 11.977028333333333,78.84973666666666,78.84973666666666 11.974030000000003,78.85008166666665,78.85008166666665 11.971015,78.85042666666666,78.85042666666666 11.967984999999999,78.85077166666667,78.85077166666667 11.964936666666665,78.851115,78.851115 11.961873333333333,78.85145666666666,78.85145666666666 11.958798333333334,78.85179666666666,78.85179666666666 11.95571,78.85213833333334,78.85213833333334 11.952608333333332,78.85247833333334,78.85247833333334 11.94949,78.85281833333333,78.85281833333333 11.946351666666665,78.85315833333335,78.85315833333335 11.943188333333334,78.853495,78.853495 11.939996666666666,78.85382666666665,78.85382666666665 11.936781666666665,78.85415333333334,78.85415333333334 11.933546666666665,78.85447666666667,78.85447666666667 11.930293333333335,78.85479500000001,78.85479500000001 11.927021666666667,78.85510833333333,78.85510833333333 11.923731666666669,78.85542166666667,78.85542166666667 11.920423333333332,78.85573166666667,78.85573166666667 11.917096666666666,78.85604333333333,78.85604333333333 11.913756666666666,78.85635333333333,78.85635333333333 11.910401666666667,78.85666333333333,78.85666333333333 11.90704,78.85697499999999,78.85697499999999 11.903681666666666,78.85728833333332,78.85728833333332 11.90032666666667,78.85760666666668,78.85760666666668 11.89698,78.85793,78.85793 11.893645,78.85825666666668,78.85825666666668 11.890328333333331,78.85859166666668,78.85859166666668 11.887033333333335,78.858935,78.858935 11.883759999999999,78.85928666666668,78.85928666666668 11.880503333333337,78.85964333333332,78.85964333333332 11.877263333333334,78.86000833333333,78.86000833333333 11.874046666666667,78.86038166666668,78.86038166666668 11.87085,78.86076166666668,78.86076166666668 11.867675,78.86114833333333,78.86114833333333 11.864523333333333,78.86154166666667,78.86154166666667 11.8614,78.86194333333334,78.86194333333334 11.858298333333334,78.86234999999999,78.86234999999999 11.855218333333335,78.86276166666667,78.86276166666667 11.852165,78.86318333333334,78.86318333333334 11.849143333333332,78.86361333333333,78.86361333333333 11.846155,78.86405333333335,78.86405333333335 11.843200000000003,78.86450333333335,78.86450333333335 11.84028333333333,78.86496166666667,78.86496166666667 11.837406666666668,78.86543333333334,78.86543333333334 11.834566666666667,78.86591166666668,78.86591166666668 11.831764999999999,78.8664,78.8664 11.829006666666666,78.86689833333334,78.86689833333334 11.82629166666667,78.86740666666667,78.86740666666667 11.823626666666666,78.86792499999999,78.86792499999999 11.821019999999999,78.86845666666666,78.86845666666666 11.818481666666665,78.869,78.869 11.816008333333333,78.86955833333332,78.86955833333332 11.813608333333331,78.87012833333333,78.87012833333333 11.811290000000001,78.87071166666665,78.87071166666665 11.809058333333335,78.87131,78.87131 11.80692,78.87192166666668,78.87192166666668 11.804879999999999,78.872545,78.872545 11.802941666666669,78.87318333333333,78.87318333333333 11.801111666666667,78.87383333333332,78.87383333333332 11.799395,78.87449500000001,78.87449500000001 11.797788333333331,78.87516833333335,78.87516833333335 11.796288333333331,78.87585166666666,78.87585166666666 11.794898333333332,78.87654666666668,78.87654666666668 11.793621666666665,78.87725000000002,78.87725000000002 11.79246166666667,78.87796333333334,78.87796333333334 11.79142,78.87868666666668,78.87868666666668 11.790503333333334,78.87941666666669,78.87941666666669 11.789705,78.88015333333334,78.88015333333334 11.789026666666667,78.880895,78.880895 11.788468333333334,78.88164166666668,78.88164166666668 11.788038333333333,78.88239166666668,78.88239166666668 11.787728333333332,78.88314333333332,78.88314333333332 11.787526666666668,78.88389500000001,78.88389500000001 11.787435000000002,78.884645,78.884645 11.787450000000002,78.885395,78.885395 11.787566666666665,78.88614166666666,78.88614166666666 11.787780000000001,78.88688833333333,78.88688833333333 11.788101666666666,78.88763,78.88763 11.788536666666667,78.88836833333335,78.88836833333335 11.789076666666665,78.889105,78.889105 11.789713333333335,78.88983666666667,78.88983666666667 11.790443333333334,78.89056666666667,78.89056666666667 11.79127,78.89129333333335,78.89129333333335 11.792186666666664,78.89202,78.89202 11.793191666666667,78.89274666666665,78.89274666666665 11.794294999999998,78.89347166666667,78.89347166666667 11.795503333333333,78.89419500000001,78.89419500000001 11.796816666666667,78.89491666666665,78.89491666666665 11.798234999999998,78.89563833333334,78.89563833333334 11.799768333333336,78.896355,78.896355 11.80142,78.89706833333334,78.89706833333334 11.8032,78.89777666666667,78.89777666666667 11.8051,78.89847666666667,78.89847666666667 11.807121666666667,78.89916833333334,78.89916833333334 11.809253333333334,78.89985000000001,78.89985000000001 11.811473333333334,78.90052166666666,78.90052166666666 11.81376,78.90118333333334,78.90118333333334 11.816098333333333,78.90183666666665,78.90183666666665 11.818484999999999,78.90248,78.90248 11.820906666666668,78.90311499999999,78.90311499999999 11.823350000000001,78.90374166666668,78.90374166666668 11.825808333333335,78.90436166666667,78.90436166666667 11.828285000000001,78.90497333333332,78.90497333333332 11.830790000000002,78.90557666666666,78.90557666666666 11.833326666666668,78.90616999999999,78.90616999999999 11.835896666666667,78.90675333333334,78.90675333333334 11.838493333333336,78.90733,78.90733 11.841101666666667,78.90790000000001,78.90790000000001 11.843711666666666,78.90846666666667,78.90846666666667 11.846325000000002,78.90903,78.90903 11.848949999999999,78.90959000000001,78.90959000000001 11.85159,78.91014666666666,78.91014666666666 11.854253333333336,78.91069833333333,78.91069833333333 11.856948333333332,78.91124333333333,78.91124333333333 11.859670000000001,78.91178166666668,78.91178166666668 11.862418333333336,78.91231500000002,78.91231500000002 11.865188333333332,78.91284333333334,78.91284333333334 11.867973333333335,78.91336500000001,78.91336500000001 11.870770000000002,78.91388333333332,78.91388333333332 11.873573333333333,78.91439666666666,78.91439666666666 11.876381666666669,78.91490666666668,78.91490666666668 11.879184999999998,78.91541166666666,78.91541166666666 11.881981666666665,78.91591333333334,78.91591333333334 11.884763333333334,78.91641166666666,78.91641166666666 11.887528333333334,78.91690833333334,78.91690833333334 11.890263333333333,78.91740666666666,78.91740666666666 11.89296,78.91790666666668,78.91790666666668 11.89562,78.91841,78.91841 11.898245000000001,78.918915,78.918915 11.900836666666663,78.91942499999999,78.91942499999999 11.903398333333332,78.91993500000001,78.91993500000001 11.905935000000001,78.92044833333333,78.92044833333333 11.908450000000002,78.92096166666667,78.92096166666667 11.910948333333334,78.921475,78.921475 11.913436666666666,78.92199000000001,78.92199000000001 11.91592,78.92250166666666,78.92250166666666 11.918405,78.92301333333334,78.92301333333334 11.920886666666668,78.92352333333334,78.92352333333334 11.923361666666663,78.92403,78.92403 11.92583,78.92453833333335,78.92453833333335 11.92829333333333,78.925045,78.925045 11.930755,78.92555166666666,78.92555166666666 11.933216666666667,78.92605833333333,78.92605833333333 11.935676666666666,78.92656666666667,78.92656666666667 11.938133333333333,78.927075,78.927075 11.940584999999997,78.927585,78.927585 11.943039999999998,78.92809666666668,78.92809666666668 11.945503333333333,78.92860833333333,78.92860833333333 11.94798,78.92912000000001,78.92912000000001 11.950461666666667,78.92963333333334,78.92963333333334 11.95293666666667,78.93015000000001,78.93015000000001 11.955391666666667,78.93067333333333,78.93067333333333 11.957831666666667,78.93120000000002,78.93120000000002 11.960256666666664,78.93173333333336,78.93173333333336 11.962665,78.93226833333333,78.93226833333333 11.965053333333334,78.93280666666668,78.93280666666668 11.967423333333333,78.933345,78.933345 11.96978333333333,78.93388,78.93388 11.972136666666664,78.93441333333334,78.93441333333334 11.974485,78.93494333333332,78.93494333333332 11.976825,78.93547333333333,78.93547333333333 11.979153333333333,78.93599999999999,78.93599999999999 11.981464999999998,78.93652833333334,78.93652833333334 11.983755,78.93705666666668,78.93705666666668 11.986030000000001,78.937585,78.937585 11.988296666666667,78.93811166666666,78.93811166666666 11.990561666666668,78.93863666666667,78.93863666666667 11.992821666666668,78.93916333333333,78.93916333333333 11.995078333333334,78.93968833333332,78.93968833333332 11.997331666666664,78.94021333333333,78.94021333333333 11.99958333333333,78.94073833333333,78.94073833333333 12.00183666666667,78.94126500000002,78.94126500000002 12.00409,78.94179000000001,78.94179000000001 12.006343333333332,78.94231833333335,78.94231833333335 12.008593333333332,78.94284666666667,78.94284666666667 12.010848333333335,78.94337666666668,78.94337666666668 12.013105000000001,78.94391000000002,78.94391000000002 12.015361666666669,78.94444333333333,78.94444333333333 12.017616666666665,78.94497833333332,78.94497833333332 12.019868333333331,78.94551499999999,78.94551499999999 12.022118333333333,78.94605333333334,78.94605333333334 12.024366666666667,78.94659166666666,78.94659166666666 12.026610000000002,78.94713166666668,78.94713166666668 12.028848333333334,78.94767166666666,78.94767166666666 12.031078333333335,78.94821333333333,78.94821333333333 12.033303333333334,78.948755,78.948755 12.03551666666667,78.94929666666668,78.94929666666668 12.037723333333334,78.94983666666667,78.94983666666667 12.039918333333334,78.95037666666667,78.95037666666667 12.042105000000001,78.95091666666666,78.95091666666666 12.044281666666667,78.95145833333333,78.95145833333333 12.04645,78.95200000000001,78.95200000000001 12.048616666666664,78.95254166666668,78.95254166666668 12.050783333333335,78.95308333333332,78.95308333333332 12.052953333333333,78.95362666666666,78.95362666666666 12.055131666666668,78.95416833333334,78.95416833333334 12.057325,78.95470999999999,78.95470999999999 12.059536666666666,78.95524833333333,78.95524833333333 12.061766666666664,78.95578499999999,78.95578499999999 12.064013333333332,78.95632166666665,78.95632166666665 12.066276666666667,78.95685666666665,78.95685666666665 12.068555,78.95738999999999,78.95738999999999 12.070843333333336,78.95792499999999,78.95792499999999 12.073143333333334,78.95845999999999,78.95845999999999 12.075451666666666,78.95899500000002,78.95899500000002 12.077766666666665,78.95953166666665,78.95953166666665 12.080086666666666,78.96006833333331,78.96006833333331 12.082416666666667,78.960605,78.960605 12.084751666666666,78.96114166666666,78.96114166666666 12.08709,78.96167999999999,78.96167999999999 12.089426666666666,78.96221833333334,78.96221833333334 12.091765000000002,78.962755,78.962755 12.094105,78.96329333333333,78.96329333333333 12.096446666666669,78.96383,78.96383 12.098790000000001,78.96436666666666,78.96436666666666 12.101136666666667,78.96490499999999,78.96490499999999 12.103483333333335,78.96544333333334,78.96544333333334 12.105833333333333,78.96598166666666,78.96598166666666 12.108188333333331,78.96652166666665,78.96652166666665 12.110548333333336,78.96706166666667,78.96706166666667 12.112911666666665,78.96760333333333,78.96760333333333 12.115281666666665,78.96814666666667,78.96814666666667 12.11766,78.96869000000001,78.96869000000001 12.120051666666665,78.96923333333334,78.96923333333334 12.12245,78.96977833333334,78.96977833333334 12.124848333333333,78.970325,78.970325 12.127246666666668,78.97087499999998,78.97087499999998 12.129641666666664,78.97142666666667,78.97142666666667 12.132024999999999,78.97198166666668,78.97198166666668 12.134393333333334,78.97253833333333,78.97253833333333 12.136748333333333,78.97309833333334,78.97309833333334 12.139096666666667,78.97365833333332,78.97365833333332 12.141438333333333,78.97421833333333,78.97421833333333 12.143773333333336,78.97478166666666,78.97478166666666 12.146100000000002,78.97534333333333,78.97534333333333 12.148421666666666,78.97590666666666,78.97590666666666 12.150738333333335,78.97647166666668,78.97647166666668 12.153053333333334,78.97703666666665,78.97703666666665 12.155368333333335,78.97760166666667,78.97760166666667 12.157680000000001,78.97816833333333,78.97816833333333 12.159990000000002,78.97873666666668,78.97873666666668 12.162298333333334,78.97930666666666,78.97930666666666 12.164608333333334,78.97987666666666,78.97987666666666 12.166921666666667,78.98044833333333,78.98044833333333 12.169239999999999,78.98102,78.98102 12.171568333333335,78.98159166666666,78.98159166666666 12.173906666666669,78.98216333333333,78.98216333333333 12.176256666666665,78.982735,78.982735 12.178618333333334,78.98330666666666,78.98330666666666 12.180991666666669,78.98387666666665,78.98387666666665 12.183376666666666,78.98444666666666,78.98444666666666 12.185771666666668,78.985015,78.985015 12.188171666666666,78.985585,78.985585 12.190573333333335,78.98615499999998,78.98615499999998 12.19298,78.98672499999999,78.98672499999999 12.195391666666668,78.987295,78.987295 12.197806666666667,78.98786666666666,78.98786666666666 12.200220000000003,78.98844,78.98844 12.202635,78.98901166666667,78.98901166666667 12.205050000000004,78.98958666666668,78.98958666666668 12.207465,78.99015999999999,78.99015999999999 12.209876666666666,78.990735,78.990735 12.212285,78.99131166666666,78.99131166666666 12.214681666666667,78.99188833333332,78.99188833333332 12.217053333333336,78.99246833333335,78.99246833333335 12.219378333333337,78.99305333333334,78.99305333333334 12.221638333333333,78.99364666666666,78.99364666666666 12.223823333333334,78.99424666666667,78.99424666666667 12.225913333333331,78.99485666666666,78.99485666666666 12.227901666666664,78.995475,78.995475 12.229776666666664,78.99610333333334,78.99610333333334 12.231536666666669,78.99674,78.99674 12.233173333333333,78.99738500000001,78.99738500000001 12.234686666666667,78.99803666666666,78.99803666666666 12.236065,78.998695,78.998695 12.237305000000001,78.99936166666666,78.99936166666666 12.238400000000002,79.00003166666669,79.00003166666669 12.239365000000001,79.00070666666669,79.00070666666669 12.240203333333332,79.00138666666668,79.00138666666668 12.240915,79.00207166666667,79.00207166666667 12.241489999999999,79.00276,79.00276 12.241913333333331,79.00345333333333,79.00345333333333 12.242186666666665,79.00414833333333,79.00414833333333 12.242315,79.00484666666665,79.00484666666665 12.242296666666668,79.00554333333334,79.00554333333334 12.242128333333334,79.00623833333333,79.00623833333333 12.241806666666665,79.00693166666667,79.00693166666667 12.241336666666667,79.00762166666665,79.00762166666665 12.240723333333333,79.00830666666668,79.00830666666668 12.239966666666666,79.00898666666667,79.00898666666667 12.239073333333332,79.00966166666667,79.00966166666667 12.238056666666667,79.01032833333333,79.01032833333333 12.236921666666667,79.01098999999999,79.01098999999999 12.235666666666669,79.01164499999999,79.01164499999999 12.234301666666665,79.01229333333335,79.01229333333335 12.232831666666668,79.01293333333334,79.01293333333334 12.23126833333333,79.01356666666666,79.01356666666666 12.229628333333336,79.01419333333334,79.01419333333334 12.227926666666667,79.01481666666668,79.01481666666668 12.226176666666667,79.01543333333333,79.01543333333333 12.224393333333333,79.01604833333334,79.01604833333334 12.222583333333333,79.01666166666666,79.01666166666666 12.220756666666668,79.01727333333332,79.01727333333332 12.218911666666667,79.01788333333334,79.01788333333334 12.217044999999999,79.01849,79.01849 12.215156666666667,79.01909500000001,79.01909500000001 12.213253333333334,79.01969833333334,79.01969833333334 12.211338333333334,79.02029833333334,79.02029833333334 12.209411666666664,79.02089666666667,79.02089666666667 12.20746,79.02148833333334,79.02148833333334 12.205473333333336,79.02207666666666,79.02207666666666 12.203450000000002,79.02265833333333,79.02265833333333 12.201386666666666,79.023235,79.023235 12.199278333333334,79.02380499999998,79.02380499999998 12.197108333333333,79.02436833333331,79.02436833333331 12.194861666666668,79.02491833333333,79.02491833333333 12.192528333333334,79.025455,79.025455 12.190105000000003,79.02597833333333,79.02597833333333 12.187589999999998,79.02648333333333,79.02648333333333 12.184981666666667,79.02697,79.02697 12.18227833333333,79.02743833333334,79.02743833333334 12.179481666666668,79.02788499999998,79.02788499999998 12.176606666666665,79.02831166666667,79.02831166666667 12.173665000000002,79.02872333333333,79.02872333333333 12.170660000000002,79.02911833333333,79.02911833333333 12.167591666666667,79.02949833333335,79.02949833333335 12.16447166666667,79.02986500000002,79.02986500000002 12.161315000000002,79.03022166666665,79.03022166666665 12.158135000000001,79.03057166666667,79.03057166666667 12.15494,79.03092,79.03092 12.151733333333333,79.03126666666667,79.03126666666667 12.148521666666666,79.03161333333334,79.03161333333334 12.145315,79.03196166666666,79.03196166666666 12.142113333333334,79.03231500000001,79.03231500000001 12.138915,79.03267333333334,79.03267333333334 12.135716666666669,79.03303166666666,79.03303166666666 12.132515,79.033395,79.033395 12.129315,79.03376,79.03376 12.126118333333332,79.03412999999999,79.03412999999999 12.122925,79.03450166666667,79.03450166666667 12.119738333333332,79.03487666666668,79.03487666666668 12.11656,79.03525666666665,79.03525666666665 12.113391666666667,79.03564,79.03564 12.110230000000001,79.036025,79.036025 12.107068333333332,79.03640999999999,79.03640999999999 12.103895,79.03679000000001,79.03679000000001 12.100699999999998,79.03716,79.03716 12.097480000000001,79.03751999999999,79.03751999999999 12.094231666666667,79.037865,79.037865 12.090943333333332,79.03819166666666,79.03819166666666 12.087611666666666,79.03849666666667,79.03849666666667 12.084236666666667,79.03877833333331,79.03877833333331 12.080820000000003,79.03903333333334,79.03903333333334 12.077359999999999,79.03926333333335,79.03926333333335 12.07386166666667,79.039465,79.039465 12.070324999999999,79.03963833333334,79.03963833333334 12.066756666666667,79.03978000000001,79.03978000000001 12.063158333333334,79.03989333333334,79.03989333333334 12.059536666666666,79.039975,79.039975 12.055896666666667,79.04002500000001,79.04002500000001 12.052245000000001,79.04004333333334,79.04004333333334 12.048588333333331,79.04003166666666,79.04003166666666 12.044931666666667,79.03999,79.03999 12.041281666666665,79.03992,79.03992 12.037643333333332,79.03982333333333,79.03982333333333 12.034019999999998,79.03970166666666,79.03970166666666 12.030416666666667,79.03955500000001,79.03955500000001 12.02684,79.03938333333333,79.03938333333333 12.023290000000001,79.03918833333334,79.03918833333334 12.019771666666667,79.03897166666668,79.03897166666668 12.016286666666666,79.03873333333334,79.03873333333334 12.012838333333333,79.03847499999999,79.03847499999999 12.009428333333336,79.03819666666668,79.03819666666668 12.006058333333332,79.0379,79.0379 12.00272666666667,79.03758666666666,79.03758666666666 11.999438333333332,79.03725500000002,79.03725500000002 11.996191666666668,79.03691,79.03691 11.992983333333331,79.03655166666668,79.03655166666668 11.989808333333334,79.03618166666666,79.03618166666666 11.986665000000002,79.03580500000001,79.03580500000001 11.983543333333333,79.03542,79.03542 11.980443333333335,79.03502833333333,79.03502833333333 11.977355000000001,79.034635,79.034635 11.974276666666668,79.03423833333333,79.03423833333333 11.971208333333333,79.03383833333334,79.03383833333334 11.968153333333332,79.03343666666666,79.03343666666666 11.965114999999997,79.03302833333333,79.03302833333333 11.962093333333334,79.03261833333333,79.03261833333333 11.959091666666666,79.03220166666668,79.03220166666668 11.956110000000002,79.03178000000001,79.03178000000001 11.953151666666669,79.03135,79.03135 11.950208333333334,79.03091500000001,79.03091500000001 11.947274999999998,79.03047666666667,79.03047666666667 11.944348333333336,79.03003333333332,79.03003333333332 11.941438333333334,79.02958333333332,79.02958333333332 11.938558333333331,79.02912500000001,79.02912500000001 11.93572,79.02865666666668,79.02865666666668 11.932923333333333,79.02817499999999,79.02817499999999 11.930176666666668,79.02768333333333,79.02768333333333 11.927486666666667,79.02717833333332,79.02717833333332 11.924851666666665,79.02666166666667,79.02666166666667 11.922274999999999,79.02613333333333,79.02613333333333 11.919748333333331,79.02559333333333,79.02559333333333 11.917265,79.025045,79.025045 11.91482,79.02449000000001,79.02449000000001 11.912405000000001,79.02392833333334,79.02392833333334 11.910013333333332,79.02336166666669,79.02336166666669 11.907638333333333,79.02279166666668,79.02279166666668 11.905268333333332,79.02222,79.02222 11.902906666666668,79.02164666666665,79.02164666666665 11.900555,79.02107,79.02107 11.898211666666668,79.02049166666669,79.02049166666669 11.895878333333334,79.01991166666667,79.01991166666667 11.893556666666665,79.01932833333332,79.01932833333332 11.891253333333335,79.01874166666667,79.01874166666667 11.888966666666665,79.01815166666667,79.01815166666667 11.886683333333332,79.01756,79.01756 11.884401666666669,79.01696666666668,79.01696666666668 11.882116666666665,79.01637500000001,79.01637500000001 11.879828333333336,79.01578166666665,79.01578166666665 11.87752833333333,79.01518999999999,79.01518999999999 11.875220000000002,79.01459999999999,79.01459999999999 11.8729,79.01401166666665,79.01401166666665 11.870566666666667,79.013425,79.013425 11.86822,79.01284333333334,79.01284333333334 11.865856666666666,79.01226333333335,79.01226333333335 11.863468333333334,79.01169,79.01169 11.861048333333333,79.01112333333334,79.01112333333334 11.858591666666667,79.01056333333334,79.01056333333334 11.856105,79.01001166666666,79.01001166666666 11.85359,79.009465,79.009465 11.851053333333335,79.00892499999999,79.00892499999999 11.848505,79.00838999999999,79.00838999999999 11.84596166666667,79.00785499999999,79.00785499999999 11.843424999999996,79.00731999999999,79.00731999999999 11.840896666666668,79.00678666666666,79.00678666666666 11.838371666666667,79.00625500000001,79.00625500000001 11.835856666666666,79.00572333333334,79.00572333333334 11.833355,79.00519,79.00519 11.830868333333333,79.004655,79.004655 11.8284,79.00412,79.00412 11.825955,79.00358166666668,79.00358166666668 11.823538333333333,79.00304,79.00304 11.821156666666663,79.002495,79.002495 11.818820000000002,79.00194499999999,79.00194499999999 11.816529999999998,79.00138833333334,79.00138833333334 11.814280000000002,79.00082666666667,79.00082666666667 11.812053333333331,79.00026333333334,79.00026333333334 11.809834999999998,78.99970166666668,78.99970166666668 11.807626666666664,78.99914000000001,78.99914000000001 11.805435000000001,78.99858,78.99858 11.803256666666666,78.99801833333333,78.99801833333333 11.801086666666665,78.99746,78.99746 11.798918333333333,78.99690166666666,78.99690166666666 11.796743333333332,78.99634666666667,78.99634666666667 11.794551666666665,78.995795,78.995795 11.792341666666667,78.99525,78.99525 11.79011,78.99471166666667,78.99471166666667 11.78786,78.99417666666668,78.99417666666668 11.785591666666669,78.99364833333335,78.99364833333335 11.783301666666668,78.99312166666667,78.99312166666667 11.780998333333333,78.99259999999998,78.99259999999998 11.778683333333333,78.99208,78.99208 11.77636,78.99156,78.99156 11.77402666666667,78.99104166666666,78.99104166666666 11.771683333333332,78.99052499999999,78.99052499999999 11.769338333333334,78.99000833333332,78.99000833333332 11.766995000000001,78.98949166666667,78.98949166666667 11.764663333333333,78.98897333333333,78.98897333333333 11.762348333333334,78.98845166666666,78.98845166666666 11.760046666666664,78.98793,78.98793 11.757751666666664,78.98740833333333,78.98740833333333 11.755460000000001,78.98688499999999,78.98688499999999 11.753171666666667,78.98636333333334,78.98636333333334 11.750881666666666,78.98584166666666,78.98584166666666 11.748586666666666,78.98532000000002,78.98532000000002 11.746289999999998,78.98479666666667,78.98479666666667 11.74399,78.98427333333333,78.98427333333333 11.741688333333332,78.98375,78.98375 11.739388333333334,78.98322333333333,78.98322333333333 11.737091666666666,78.98269666666667,78.98269666666667 11.734798333333334,78.98216666666669,78.98216666666669 11.732503333333332,78.98163666666667,78.98163666666667 11.730205000000002,78.981105,78.981105 11.727901666666666,78.98057333333333,78.98057333333333 11.725596666666668,78.98003833333334,78.98003833333334 11.723290000000002,78.97950333333333,78.97950333333333 11.720981666666667,78.978965,78.978965 11.718668333333335,78.97842666666668,78.97842666666668 11.716351666666664,78.97788833333335,78.97788833333335 11.714028333333333,78.97735,78.97735 11.711703333333332,78.97680999999999,78.97680999999999 11.709376666666666,78.97627,78.97627 11.707045,78.97572666666667,78.97572666666667 11.704708333333333,78.975185,78.975185 11.702365,78.97464166666666,78.97464166666666 11.70001833333333,78.97409666666667,78.97409666666667 11.697668333333334,78.97355166666667,78.97355166666667 11.695316666666667,78.97300666666666,78.97300666666666 11.692968333333331,78.97246000000001,78.97246000000001 11.690626666666665,78.97191166666666,78.97191166666666 11.688299999999998,78.97136000000002,78.97136000000002 11.685986666666668,78.970805,78.970805 11.683683333333333,78.97025,78.97025 11.681384999999999,78.96969166666665,78.96969166666665 11.679089999999999,78.96913,78.96913 11.676798333333334,78.96856833333334,78.96856833333334 11.674503333333334,78.96800666666667,78.96800666666667 11.672203333333336,78.96744333333334,78.96744333333334 11.669893333333334,78.96688166666667,78.96688166666667 11.667575,78.96632166666666,78.96632166666666 11.665245000000002,78.96576166666668,78.96576166666668 11.662906666666666,78.96520166666667,78.96520166666667 11.660559999999997,78.96464333333333,78.96464333333333 11.65821,78.96408666666666,78.96408666666666 11.655856666666667,78.96352833333334,78.96352833333334 11.653500000000001,78.96297166666666,78.96297166666666 11.65114166666667,78.96241500000001,78.96241500000001 11.648785000000002,78.96185666666666,78.96185666666666 11.646435000000002,78.96129833333333,78.96129833333333 11.644088333333332,78.96073999999999,78.96073999999999 11.641746666666666,78.96018166666667,78.96018166666667 11.639408333333332,78.95962166666666,78.95962166666666 11.637075000000001,78.95906166666668,78.95906166666668 11.634746666666667,78.95850166666668,78.95850166666668 11.632423333333335,78.95794166666667,78.95794166666667 11.630101666666668,78.95738166666666,78.95738166666666 11.627784999999998,78.95682166666667,78.95682166666667 11.62547,78.95626166666666,78.95626166666666 11.623158333333333,78.95570333333332,78.95570333333332 11.62085,78.955145,78.955145 11.618546666666667,78.954585,78.954585 11.616243333333331,78.95402333333332,78.95402333333332 11.613938333333332,78.95345833333333,78.95345833333333 11.611631666666664,78.95288999999998,78.95288999999998 11.609321666666665,78.95231833333334,78.95231833333334 11.607008333333333,78.95174499999999,78.95174499999999 11.60469,78.95116666666667,78.95116666666667 11.602365000000002,78.95058666666667,78.95058666666667 11.600036666666664,78.950005,78.950005 11.597703333333333,78.94942166666667,78.94942166666667 11.595363333333333,78.94883666666665,78.94883666666665 11.593013333333333,78.94825,78.94825 11.590648333333336,78.94766333333335,78.94766333333335 11.588265,78.94707833333334,78.94707833333334 11.585868333333334,78.94649333333334,78.94649333333334 11.583459999999999,78.94591000000001,78.94591000000001 11.581043333333332,78.945325,78.945325 11.578625,78.94474333333334,78.94474333333334 11.576209999999998,78.94416,78.94416 11.573800000000002,78.94358,78.94358 11.571388333333335,78.94300166666667,78.94300166666667 11.56898,78.942425,78.942425 11.566576666666666,78.94185,78.94185 11.564176666666668,78.94127666666668,78.94127666666668 11.561778333333333,78.94070499999998,78.94070499999998 11.559385000000002,78.94013333333334,78.94013333333334 11.557000000000002,78.939565,78.939565 11.554623333333332,78.93899833333334,78.93899833333334 11.552255,78.93843166666669,78.93843166666669 11.549895,78.93787000000002,78.93787000000002 11.547545,78.93730833333335,78.93730833333335 11.545204999999997,78.93675,78.93675 11.542875,78.93619333333332,78.93619333333332 11.540556666666664,78.93564,78.93564 11.538248333333335,78.93508833333334,78.93508833333334 11.53595,78.93453833333332,78.93453833333332 11.533663333333333,78.93399166666667,78.93399166666667 11.531388333333332,78.93344833333333,78.93344833333333 11.529126666666665,78.93290666666665,78.93290666666665 11.526876666666665,78.93236833333333,78.93236833333333 11.524633333333334,78.93183,78.93183 11.522396666666669,78.93129333333333,78.93129333333333 11.520168333333334,78.93075666666667,78.93075666666667 11.517954999999999,78.93021833333334,78.93021833333334 11.515753333333334,78.92968000000002,78.92968000000002 11.513561666666664,78.92914,78.92914 11.511370000000001,78.92860166666665,78.92860166666665 11.509175,78.92806166666666,78.92806166666666 11.506973333333333,78.92752166666668,78.92752166666668 11.504761666666665,78.92698166666668,78.92698166666668 11.502536666666668,78.92644166666666,78.92644166666666 11.500293333333332,78.92590166666668,78.92590166666668 11.498033333333336,78.92536333333335,78.92536333333335 11.495761666666667,78.924825,78.924825 11.493481666666668,78.92428666666666,78.92428666666666 11.491196666666665,78.92374833333334,78.92374833333334 11.488905,78.92321166666667,78.92321166666667 11.486606666666667,78.92267500000001,78.92267500000001 11.484303333333331,78.92214000000001,78.92214000000001 11.482000000000001,78.92160666666668,78.92160666666668 11.479695000000001,78.92107333333334,78.92107333333334 11.477388333333332,78.92054166666667,78.92054166666667 11.475085000000002,78.92001,78.92001 11.472786666666666,78.91947833333333,78.91947833333333 11.470493333333332,78.91894833333335,78.91894833333335 11.468203333333333,78.91841833333334,78.91841833333334 11.465914999999999,78.91788833333332,78.91788833333332 11.46363,78.91736,78.91736 11.461351666666667,78.91683166666667,78.91683166666667 11.459079999999998,78.91630333333332,78.91630333333332 11.456813333333331,78.915775,78.915775 11.45455,78.91524833333334,78.91524833333334 11.452291666666667,78.91472,78.91472 11.450035,78.91418999999999,78.91418999999999 11.447781666666666,78.91366000000001,78.91366000000001 11.445525000000004,78.91312833333333,78.91312833333333 11.443268333333332,78.912595,78.912595 11.44101,78.91206,78.91206 11.438751666666667,78.91152333333334,78.91152333333334 11.43649,78.91098499999998,78.91098499999998 11.434228333333332,78.910445,78.910445 11.431965,78.90990333333333,78.90990333333333 11.429705,78.90936166666668,78.90936166666668 11.427441666666667,78.90882,78.90882 11.425176666666669,78.90827666666667,78.90827666666667 11.422906666666666,78.907735,78.907735 11.420633333333335,78.90719166666666,78.90719166666666 11.418355,78.90664666666666,78.90664666666666 11.416076666666667,78.90610166666667,78.90610166666667 11.413795,78.90555333333334,78.90555333333334 11.411516666666666,78.905005,78.905005 11.409241666666667,78.90445500000001,78.90445500000001 11.406968333333335,78.90390333333335,78.90390333333335 11.404698333333332,78.90335,78.90335 11.402436666666665,78.90279499999998,78.90279499999998 11.400184999999999,78.90223833333333,78.90223833333333 11.397940000000002,78.90167833333332,78.90167833333332 11.395698333333332,78.90111833333334,78.90111833333334 11.393460000000001,78.90055666666667,78.90055666666667 11.391228333333334,78.89999333333334,78.89999333333334 11.389005000000001,78.89943000000001,78.89943000000001 11.386788333333334,78.89886499999999,78.89886499999999 11.384573333333332,78.89830166666668,78.89830166666668 11.38236166666667,78.89773833333335,78.89773833333335 11.38015333333333,78.89717666666668,78.89717666666668 11.377945,78.89661500000001,78.89661500000001 11.375733333333335,78.89605666666667,78.89605666666667 11.373509999999998,78.8955,78.8955 11.371271666666667,78.89494666666667,78.89494666666667 11.369008333333332,78.89439833333333,78.89439833333333 11.366721666666669,78.89385500000002,78.89385500000002 11.364413333333333,78.89331666666666,78.89331666666666 11.362086666666666,78.89278166666666,78.89278166666666 11.359743333333332,78.89224833333333,78.89224833333333 11.357386666666665,78.89171833333334,78.89171833333334 11.355020000000001,78.89118833333333,78.89118833333333 11.352650000000002,78.89066,78.89066 11.350281666666667,78.89012999999998,78.89012999999998 11.347918333333332,78.8896,78.8896 11.345563333333333,78.88906666666666,78.88906666666666 11.343213333333331,78.88853333333333,78.88853333333333 11.340876666666668,78.88799833333336,78.88799833333336 11.338553333333333,78.88746,78.88746 11.336245000000002,78.88691833333333,78.88691833333333 11.333953333333334,78.88637333333334,78.88637333333334 11.33167,78.88582833333334,78.88582833333334 11.329401666666667,78.88528,78.88528 11.327145,78.88472833333334,78.88472833333334 11.324898333333334,78.88417666666668,78.88417666666668 11.322663333333333,78.88362333333333,78.88362333333333 11.320441666666666,78.88306666666668,78.88306666666668 11.318230000000002,78.88251,78.88251 11.316026666666668,78.88195333333334,78.88195333333334 11.31383,78.88139666666666,78.88139666666666 11.311643333333333,78.88083833333333,78.88083833333333 11.309465000000001,78.88027999999998,78.88027999999998 11.307295,78.87972333333333,78.87972333333333 11.30513,78.87916666666668,78.87916666666668 11.302963333333333,78.87861333333333,78.87861333333333 11.300780000000001,78.87806333333333,78.87806333333333 11.298564999999998,78.87752166666668,78.87752166666668 11.29630833333333,78.87698999999998,78.87698999999998 11.294001666666666,78.87647,78.87647 11.291635000000001,78.875965,78.875965 11.289201666666669,78.875475,78.875475 11.286693333333336,78.87500333333334,78.87500333333334 11.284111666666668,78.87455333333334,78.87455333333334 11.281455000000003,78.87412333333333,78.87412333333333 11.278728333333333,78.87371833333333,78.87371833333333 11.275936666666666,78.873335,78.873335 11.273073333333333,78.87297500000001,78.87297500000001 11.270165000000002,78.87263833333334,78.87263833333334 11.267199999999997,78.87232499999999,78.87232499999999 11.264185000000001,78.87203833333334,78.87203833333334 11.26112,78.871775,78.871775 11.258008333333333,78.87154166666667,78.87154166666667 11.254855000000003,78.87133666666666,78.87133666666666 11.251661666666667,78.87115833333333,78.87115833333333 11.248431666666665,78.87100500000001,78.87100500000001 11.245163333333336,78.87087833333332,78.87087833333332 11.241853333333331,78.87077666666669,78.87077666666669 11.238505000000004,78.8707,78.8707 11.235116666666665,78.87065500000001,78.87065500000001 11.231703333333334,78.87064166666667,78.87064166666667 11.228275,78.87065833333334,78.87065833333334 11.224845,78.870705,78.870705 11.221424999999998,78.87078666666666,78.87078666666666 11.218026666666665,78.87089666666667,78.87089666666667 11.214658333333334,78.87104,78.87104 11.211335,78.87121166666667,78.87121166666667 11.20806833333333,78.87141499999998,78.87141499999998 11.204870000000001,78.87164666666666,78.87164666666666 11.201743333333333,78.87190666666667,78.87190666666667 11.198691666666665,78.87219166666667,78.87219166666667 11.195711666666666,78.87250166666666,78.87250166666666 11.19280666666667,78.87283500000001,78.87283500000001 11.189979999999998,78.87319166666667,78.87319166666667 11.187231666666664,78.87357166666668,78.87357166666668 11.184563333333333,78.87397333333332,78.87397333333332 11.181976666666666,78.87439833333332,78.87439833333332 11.179474999999996,78.87484333333333,78.87484333333333 11.177065,78.87531166666668,78.87531166666668 11.174753333333335,78.8758,78.8758 11.172546666666666,78.87631166666665,78.87631166666665 11.170451666666667,78.87684166666666,78.87684166666666 11.168481666666667,78.87739333333334,78.87739333333334 11.166641666666663,78.87796166666666,78.87796166666666 11.164936666666664,78.87854666666668,78.87854666666668 11.163368333333334,78.87914666666667,78.87914666666667 11.161941666666667,78.87976166666667,78.87976166666667 11.16066,78.88038666666667,78.88038666666667 11.159526666666666,78.88102333333335,78.88102333333335 11.158543333333334,78.88167000000001,78.88167000000001 11.157708333333334,78.88232500000001,78.88232500000001 11.15701,78.88298499999998,78.88298499999998 11.156434999999998,78.88365166666667,78.88365166666667 11.155973333333334,78.88432333333334,78.88432333333334 11.155625000000002,78.885,78.885 11.155375000000001,78.88568166666666,78.88568166666666 11.155218333333336,78.886365,78.886365 11.155161666666666,78.88705499999999,78.88705499999999 11.15521,78.88774666666666,78.88774666666666 11.155365,78.88844333333334,78.88844333333334 11.155619999999997,78.88914333333332,78.88914333333332 11.155986666666669,78.88984333333333,78.88984333333333 11.156466666666665,78.890545,78.890545 11.157054999999998,78.89124833333334,78.89124833333334 11.157743333333334,78.89194833333333,78.89194833333333 11.158528333333333,78.89265,78.89265 11.159416666666669,78.89334833333335,78.89334833333335 11.160411666666667,78.894045,78.894045 11.161504999999998,78.89473833333334,78.89473833333334 11.162681666666668,78.89543166666668,78.89543166666668 11.163936666666666,78.89612166666666,78.89612166666666 11.165254999999998,78.89681166666665,78.89681166666665 11.166621666666668,78.8975,78.8975 11.168025000000002,78.89818833333335,78.89818833333335 11.169458333333333,78.898875,78.898875 11.170921666666667,78.89956000000001,78.89956000000001 11.172413333333333,78.90024499999998,78.90024499999998 11.173925,78.90092833333333,78.90092833333333 11.175451666666667,78.90160999999999,78.90160999999999 11.176983333333332,78.90229166666667,78.90229166666667 11.178518333333333,78.90297500000001,78.90297500000001 11.180051666666667,78.90365833333334,78.90365833333334 11.181583333333334,78.90434333333332,78.90434333333332 11.183115000000003,78.90502833333335,78.90502833333335 11.184638333333332,78.905715,78.905715 11.186150000000001,78.90640166666667,78.90640166666667 11.187645000000002,78.90708833333333,78.90708833333333 11.189123333333336,78.90777666666665,78.90777666666665 11.190579999999999,78.90846666666667,78.90846666666667 11.192023333333337,78.90915499999998,78.90915499999998 11.193468333333332,78.90984333333334,78.90984333333334 11.194923333333334,78.91053,78.91053 11.196393333333335,78.911215,78.911215 11.197883333333335,78.91189500000002,78.91189500000002 11.199393333333333,78.91257333333334,78.91257333333334 11.200918333333334,78.91324500000002,78.91324500000002 11.202451666666667,78.91391333333331,78.91391333333331 11.203988333333331,78.91457666666666,78.91457666666666 11.205526666666666,78.91523500000001,78.91523500000001 11.207063333333334,78.91589000000002,78.91589000000002 11.208596666666665,78.91654000000001,78.91654000000001 11.210125,78.91718833333334,78.91718833333334 11.211644999999999,78.91783333333332,78.91783333333332 11.213151666666667,78.91847666666666,78.91847666666666 11.214640000000003,78.91911666666665,78.91911666666665 11.216101666666667,78.91975833333332,78.91975833333332 11.217531666666666,78.92039833333334,78.92039833333334 11.218921666666665,78.92104166666665,78.92104166666665 11.220271666666667,78.921685,78.921685 11.221588333333335,78.92232833333334,78.92232833333334 11.222876666666666,78.92297500000001,78.92297500000001 11.224143333333332,78.92361999999999,78.92361999999999 11.225393333333331,78.92426666666665,78.92426666666665 11.226626666666668,78.92491499999998,78.92491499999998 11.22784333333333,78.92556166666665,78.92556166666665 11.229045000000001,78.92621000000001,78.92621000000001 11.230231666666668,78.92685833333334,78.92685833333334 11.231411666666666,78.92750500000001,78.92750500000001 11.232579999999999,78.92815000000002,78.92815000000002 11.233736666666667,78.928795,78.928795 11.234879999999999,78.92943666666666,78.92943666666666 11.236011666666665,78.93007833333334,78.93007833333334 11.237135,78.93071666666667,78.93071666666667 11.238245,78.93135333333333,78.93135333333333 11.239341666666668,78.93198833333332,78.93198833333332 11.240426666666668,78.93262500000002,78.93262500000002 11.241504999999998,78.93326,78.93326 11.242575,78.93389833333333,78.93389833333333 11.24364,78.93453666666666,78.93453666666666 11.2447,78.93517833333334,78.93517833333334 11.245753333333335,78.93582166666667,78.93582166666667 11.24680333333333,78.93647,78.93647 11.24784833333333,78.93712000000001,78.93712000000001 11.248891666666667,78.93777499999999,78.93777499999999 11.249929999999999,78.93843,78.93843 11.250966666666667,78.93908666666667,78.93908666666667 11.251999999999999,78.93974666666665,78.93974666666665 11.253031666666667,78.94040833333334,78.94040833333334 11.25407,78.94107000000001,78.94107000000001 11.255128333333335,78.94173166666667,78.94173166666667 11.256215000000001,78.94239333333334,78.94239333333334 11.25733166666667,78.94305333333334,78.94305333333334 11.258476666666665,78.94371333333332,78.94371333333332 11.259648333333335,78.94436999999999,78.94436999999999 11.260848333333335,78.94502666666668,78.94502666666668 11.262073333333333,78.94568,78.94568 11.263315,78.94633333333331,78.94633333333331 11.264566666666667,78.946985,78.946985 11.265823333333334,78.94763833333334,78.94763833333334 11.26709,78.94829,78.94829 11.268366666666667,78.94894333333333,78.94894333333333 11.269661666666666,78.94959666666668,78.94959666666668 11.270980000000002,78.95025,78.95025 11.272321666666668,78.95090333333332,78.95090333333332 11.273686666666665,78.95155500000001,78.95155500000001 11.275068333333333,78.95220833333333,78.95220833333333 11.27647,78.95285999999999,78.95285999999999 11.277883333333332,78.95351333333333,78.95351333333333 11.279305,78.95416666666668,78.95416666666668 11.280728333333332,78.95482333333332,78.95482333333332 11.28215166666667,78.95548000000001,78.95548000000001 11.283571666666669,78.95613833333334,78.95613833333334 11.284981666666665,78.95679833333332,78.95679833333332 11.286371666666666,78.95746166666667,78.95746166666667 11.287731666666664,78.95812666666667,78.95812666666667 11.289063333333335,78.95879666666666,78.95879666666666 11.290366666666667,78.95946833333333,78.95946833333333 11.291638333333331,78.96014333333332,78.96014333333332 11.292879999999998,78.96082166666666,78.96082166666666 11.294091666666668,78.96150333333334,78.96150333333334 11.29528,78.96218499999999,78.96218499999999 11.296453333333334,78.96286833333333,78.96286833333333 11.297614999999999,78.96355333333332,78.96355333333332 11.298771666666667,78.96423833333333,78.96423833333333 11.299921666666668,78.96492333333335,78.96492333333335 11.30106333333333,78.96560833333332,78.96560833333332 11.302196666666669,78.96629500000002,78.96629500000002 11.303324999999997,78.96698166666667,78.96698166666667 11.30445,78.96767,78.96767 11.305573333333333,78.96835833333333,78.96835833333333 11.306691666666664,78.96904500000001,78.96904500000001 11.307801666666668,78.969735,78.969735 11.308906666666667,78.97042333333334,78.97042333333334 11.310011666666666,78.97111166666667,78.97111166666667 11.311123333333333,78.97179999999999,78.97179999999999 11.312243333333333,78.97248833333335,78.97248833333335 11.313376666666668,78.973175,78.973175 11.314525,78.97386166666666,78.97386166666666 11.315693333333336,78.97454833333333,78.97454833333333 11.316883333333333,78.97523333333332,78.97523333333332 11.318091666666666,78.97591833333333,78.97591833333333 11.31931666666667,78.97660166666667,78.97660166666667 11.320560000000002,78.977285,78.977285 11.321816666666667,78.97796833333334,78.97796833333334 11.323083333333333,78.97865166666668,78.97865166666668 11.324356666666667,78.97933333333334,78.97933333333334 11.325636666666668,78.98001666666666,78.98001666666666 11.326923333333333,78.9807,78.9807 11.328218333333332,78.98138333333334,78.98138333333334 11.329516666666665,78.98206666666667,78.98206666666667 11.330821666666669,78.98275000000001,78.98275000000001 11.332133333333337,78.98343333333335,78.98343333333335 11.333451666666669,78.98411833333333,78.98411833333333 11.334774999999997,78.98480333333335,78.98480333333335 11.336103333333332,78.98548833333332,78.98548833333332 11.337438333333333,78.986175,78.986175 11.338778333333334,78.98686333333333,78.98686333333333 11.340123333333334,78.98755,78.98755 11.341474999999999,78.98823833333331,78.98823833333331 11.342833333333333,78.98892833333333,78.98892833333333 11.344196666666669,78.98961833333334,78.98961833333334 11.345568333333333,78.99030833333333,78.99030833333333 11.346946666666668,78.99099833333334,78.99099833333334 11.348333333333336,78.99169,78.99169 11.349726666666669,78.99238166666669,78.99238166666669 11.35113,78.99307333333333,78.99307333333333 11.352545000000001,78.99376500000001,78.99376500000001 11.353981666666666,78.99445666666668,78.99445666666668 11.355458333333335,78.99514666666667,78.99514666666667 11.356993333333332,78.99583333333332,78.99583333333332 11.358605,78.996515,78.996515 11.360308333333336,78.99718833333334,78.99718833333334 11.362113333333332,78.99785333333332,78.99785333333332 11.364025,78.99850833333332,78.99850833333332 11.366043333333334,78.99915166666666,78.99915166666666 11.368178333333335,78.99978166666666,78.99978166666666 11.370431666666665,79.00039666666666,79.00039666666666 11.372808333333333,79.000995,79.000995 11.375308333333333,79.00157666666667,79.00157666666667 11.377926666666667,79.00213666666667,79.00213666666667 11.380658333333335,79.00267999999998,79.00267999999998 11.3835,79.00320499999998,79.00320499999998 11.386455,79.00370833333332,79.00370833333332 11.389523333333331,79.00419166666667,79.00419166666667 11.39270166666667,79.00465166666667,79.00465166666667 11.395986666666666,79.00509000000001,79.00509000000001 11.399371666666667,79.00550166666667,79.00550166666667 11.402856666666667,79.00588833333335,79.00588833333335 11.406429999999999,79.00624833333333,79.00624833333333 11.410084999999999,79.00658333333334,79.00658333333334 11.413815,79.00689000000001,79.00689000000001 11.417613333333335,79.00716999999999,79.00716999999999 11.421476666666667,79.00742,79.00742 11.425394999999998,79.00764166666666,79.00764166666666 11.429363333333335,79.007835,79.007835 11.433371666666668,79.007995,79.007995 11.437410000000002,79.00812333333333,79.00812333333333 11.44147,79.00822333333335,79.00822333333335 11.445545,79.00829,79.00829 11.449625,79.00832833333334,79.00832833333334 11.453704999999998,79.00833500000002,79.00833500000002 11.457779999999998,79.00831333333333,79.00831333333333 11.461843333333336,79.00826,79.00826 11.465888333333332,79.00817833333333,79.00817833333333 11.469909999999999,79.00806333333334,79.00806333333334 11.473898333333333,79.00792,79.00792 11.477848333333334,79.00774500000001,79.00774500000001 11.48175,79.00754333333333,79.00754333333333 11.485598333333334,79.00731333333334,79.00731333333334 11.489389999999998,79.00705666666666,79.00705666666666 11.493123333333333,79.00677666666668,79.00677666666668 11.4968,79.00647166666667,79.00647166666667 11.500413333333332,79.006145,79.006145 11.503978333333336,79.00580333333335,79.00580333333335 11.507486666666667,79.00544166666667,79.00544166666667 11.510946666666667,79.00506833333333,79.00506833333333 11.514378333333333,79.00468666666667,79.00468666666667 11.517786666666668,79.00430166666668,79.00430166666668 11.521183333333331,79.00391333333333,79.00391333333333 11.524566666666665,79.00352500000001,79.00352500000001 11.527941666666667,79.003135,79.003135 11.531311666666667,79.00274333333333,79.00274333333333 11.534673333333334,79.00234999999999,79.00234999999999 11.538019999999998,79.00195166666667,79.00195166666667 11.541346666666668,79.00155,79.00155 11.544645,79.00114166666667,79.00114166666667 11.547910000000002,79.00072499999999,79.00072499999999 11.551143333333334,79.00030333333335,79.00030333333335 11.554343333333334,78.99987666666667,78.99987666666667 11.557511666666667,78.99944333333333,78.99944333333333 11.560655000000002,78.999005,78.999005 11.563780000000001,78.99856499999999,78.99856499999999 11.566891666666667,78.99812166666666,78.99812166666666 11.569996666666666,78.99768,78.99768 11.573095,78.99723999999999,78.99723999999999 11.576186666666668,78.99679833333333,78.99679833333333 11.579278333333333,78.99636000000001,78.99636000000001 11.582371666666667,78.99592333333334,78.99592333333334 11.585463333333335,78.99548833333333,78.99548833333333 11.58855,78.995055,78.995055 11.591630000000002,78.99462333333332,78.99462333333332 11.594703333333332,78.994195,78.994195 11.597776666666668,78.99376833333334,78.99376833333334 11.60085,78.99334833333334,78.99334833333334 11.603926666666666,78.99293166666666,78.99293166666666 11.607008333333333,78.99251833333334,78.99251833333334 11.610089999999998,78.99210833333333,78.99210833333333 11.613175,78.99170166666667,78.99170166666667 11.616261666666666,78.99129833333333,78.99129833333333 11.61935,78.99089500000001,78.99089500000001 11.622443333333335,78.99049666666666,78.99049666666666 11.62554,78.9901,78.9901 11.628646666666667,78.98970666666666,78.98970666666666 11.631761666666666,78.98931500000002,78.98931500000002 11.634886666666667,78.98892500000001,78.98892500000001 11.63802,78.98853833333332,78.98853833333332 11.641158333333331,78.98815166666665,78.98815166666665 11.644299999999998,78.98776666666666,78.98776666666666 11.64744166666667,78.98738333333334,78.98738333333334 11.650585000000001,78.98700166666664,78.98700166666664 11.653726666666667,78.98662166666666,78.98662166666666 11.656866666666668,78.986245,78.986245 11.660006666666666,78.98586999999999,78.98586999999999 11.663143333333336,78.98549666666666,78.98549666666666 11.666283333333334,78.98512500000001,78.98512500000001 11.669423333333334,78.98475499999999,78.98475499999999 11.672566666666667,78.98438666666667,78.98438666666667 11.675715,78.98402,78.98402 11.678866666666668,78.98365333333334,78.98365333333334 11.682026666666665,78.98329,78.98329 11.685189999999999,78.98292666666666,78.98292666666666 11.688351666666666,78.98256166666668,78.98256166666668 11.691503333333333,78.98219166666667,78.98219166666667 11.694645,78.98181833333332,78.98181833333332 11.697773333333336,78.98144,78.98144 11.700886666666669,78.981055,78.981055 11.703980000000003,78.98066333333333,78.98066333333333 11.707049999999999,78.98026499999999,78.98026499999999 11.710093333333335,78.97985999999999,78.97985999999999 11.713115000000002,78.97945,78.97945 11.716118333333334,78.97903500000001,78.97903500000001 11.719106666666667,78.97861833333333,78.97861833333333 11.722081666666666,78.97819833333332,78.97819833333332 11.725048333333334,78.97777833333332,78.97777833333332 11.728006666666667,78.97735833333334,78.97735833333334 11.730956666666668,78.97693666666667,78.97693666666667 11.733896666666665,78.976515,78.976515 11.736828333333333,78.97609333333334,78.97609333333334 11.73976,78.97567333333333,78.97567333333333 11.742696666666665,78.97525666666667,78.97525666666667 11.745641666666664,78.97484166666665,78.97484166666665 11.748593333333334,78.97443166666667,78.97443166666667 11.751550000000002,78.97402166666666,78.97402166666666 11.754508333333336,78.97361500000001,78.97361500000001 11.757471666666666,78.97321000000001,78.97321000000001 11.760441666666667,78.97280833333333,78.97280833333333 11.763416666666666,78.97241000000001,78.97241000000001 11.766393333333335,78.97201333333334,78.97201333333334 11.769375,78.97161833333334,78.97161833333334 11.772361666666667,78.971225,78.971225 11.775353333333332,78.97083500000001,78.97083500000001 11.77835,78.97044666666666,78.97044666666666 11.781350000000002,78.97006,78.97006 11.784348333333332,78.96967500000001,78.96967500000001 11.787348333333334,78.96928833333332,78.96928833333332 11.790353333333332,78.96890333333334,78.96890333333334 11.793363333333334,78.96851666666666,78.96851666666666 11.796378333333333,78.96812833333334,78.96812833333334 11.799391666666667,78.96773833333333,78.96773833333333 11.802408333333334,78.96734833333333,78.96734833333333 11.805425,78.96695666666666,78.96695666666666 11.808443333333333,78.96656333333333,78.96656333333333 11.811464999999997,78.96616833333333,78.96616833333333 11.814490000000001,78.96577333333333,78.96577333333333 11.817521666666666,78.965375,78.965375 11.820558333333334,78.96497833333333,78.96497833333333 11.823599999999999,78.96457833333335,78.96457833333335 11.826645,78.96417833333334,78.96417833333334 11.829693333333333,78.96377833333332,78.96377833333332 11.832743333333333,78.963375,78.963375 11.835791666666669,78.96297166666666,78.96297166666666 11.838838333333335,78.96256666666666,78.96256666666666 11.841879999999998,78.96215999999998,78.96215999999998 11.844916666666666,78.96175,78.96175 11.847945000000001,78.96133666666667,78.96133666666667 11.850971666666664,78.96092000000002,78.96092000000002 11.853993333333335,78.96050166666667,78.96050166666667 11.857015000000002,78.96008,78.96008 11.860035,78.95965500000001,78.95965500000001 11.863053333333333,78.95922833333333,78.95922833333333 11.866075,78.95880000000001,78.95880000000001 11.869103333333333,78.95837,78.95837 11.872133333333332,78.95794000000001,78.95794000000001 11.875166666666667,78.95750833333334,78.95750833333334 11.878196666666668,78.95707666666667,78.95707666666667 11.881226666666665,78.95664166666668,78.95664166666668 11.884255,78.95620666666666,78.95620666666666 11.887279999999997,78.95577000000002,78.95577000000002 11.890303333333335,78.95533166666667,78.95533166666667 11.893323333333335,78.95489333333333,78.95489333333333 11.896346666666666,78.95445333333333,78.95445333333333 11.89937333333333,78.95401333333332,78.95401333333332 11.902404999999998,78.95357500000001,78.95357500000001 11.905441666666663,78.95313666666667,78.95313666666667 11.908486666666667,78.95270166666666,78.95270166666666 11.91154166666667,78.95226666666666,78.95226666666666 11.914603333333334,78.951835,78.951835 11.91767,78.95140333333333,78.95140333333333 11.920740000000002,78.95097166666666,78.95097166666666 11.923811666666664,78.95054,78.95054 11.926888333333332,78.95010833333333,78.95010833333333 11.929975,78.94968000000001,78.94968000000001 11.933073333333333,78.94925333333333,78.94925333333333 11.936186666666666,78.94883,78.94883 11.93931,78.94840833333333,78.94840833333333 11.942445000000003,78.94798999999999,78.94798999999999 11.94559,78.947575,78.947575 11.948741666666667,78.94716333333334,78.94716333333334 11.9519,78.94675333333332,78.94675333333332 11.95506,78.94634333333335,78.94634333333335 11.958223333333335,78.94593666666665,78.94593666666665 11.961386666666666,78.94553166666667,78.94553166666667 11.964553333333335,78.94512666666667,78.94512666666667 11.967720000000002,78.94472499999999,78.94472499999999 11.970888333333336,78.94432333333333,78.94432333333333 11.974054999999998,78.94392333333334,78.94392333333334 11.977224999999997,78.94352166666667,78.94352166666667 11.980396666666664,78.94312333333335,78.94312333333335 11.983571666666668,78.94272333333333,78.94272333333333 11.986746666666667,78.942325,78.942325 11.989925000000001,78.94192666666667,78.94192666666667 11.993103333333334,78.94152666666666,78.94152666666666 11.996281666666668,78.94112666666668,78.94112666666668 11.999455000000001,78.940725,78.940725 12.002625000000002,78.94032166666665,78.94032166666665 12.005786666666664,78.93991666666668,78.93991666666668 12.008938333333331,78.93950833333334,78.93950833333334 12.012085000000003,78.93909833333335,78.93909833333335 12.015223333333333,78.93868666666668,78.93868666666668 12.018355,78.93827333333334,78.93827333333334 12.021485,78.93785999999999,78.93785999999999 12.024603333333335,78.93744333333333,78.93744333333333 12.027721666666665,78.93702666666665,78.93702666666665 12.03084,78.93661166666668,78.93661166666668 12.03396166666667,78.93619666666666,78.93619666666666 12.037086666666669,78.93578333333333,78.93578333333333 12.040216666666666,78.93537,78.93537 12.043351666666668,78.93495999999999,78.93495999999999 12.046491666666668,78.93455166666665,78.93455166666665 12.049635,78.93414500000002,78.93414500000002 12.052786666666668,78.93374,78.93374 12.055945,78.93333833333332,78.93333833333332 12.059109999999999,78.93293833333334,78.93293833333334 12.062281666666669,78.93253999999999,78.93253999999999 12.065459999999998,78.93214499999999,78.93214499999999 12.068643333333332,78.93175,78.93175 12.07183,78.93135666666666,78.93135666666666 12.07501833333333,78.93096499999999,78.93096499999999 12.078206666666665,78.93057166666668,78.93057166666668 12.081393333333333,78.93018000000001,78.93018000000001 12.08458,78.92978666666667,78.92978666666667 12.087766666666669,78.92939333333334,78.92939333333334 12.090955,78.929,78.929 12.094144999999997,78.928605,78.928605 12.097331666666665,78.92820833333334,78.92820833333334 12.100510000000002,78.92780833333333,78.92780833333333 12.103678333333335,78.92740500000001,78.92740500000001 12.106836666666666,78.92699666666668,78.92699666666668 12.109983333333332,78.92658499999999,78.92658499999999 12.113123333333332,78.92617,78.92617 12.116253333333335,78.92575000000001,78.92575000000001 12.119380000000001,78.92532833333333,78.92532833333333 12.122503333333336,78.92490333333333,78.92490333333333 12.125621666666666,78.92447666666668,78.92447666666668 12.12873666666667,78.92404833333333,78.92404833333333 12.131843333333332,78.92361833333332,78.92361833333332 12.134945000000002,78.92318666666667,78.92318666666667 12.138041666666666,78.92275333333333,78.92275333333333 12.141135,78.92232,78.92232 12.144228333333333,78.92188500000002,78.92188500000002 12.147323333333334,78.92145,78.92145 12.150419999999999,78.92101500000001,78.92101500000001 12.153521666666666,78.92057999999999,78.92057999999999 12.156628333333334,78.920145,78.920145 12.15974,78.91971000000001,78.91971000000001 12.16285666666667,78.919275,78.919275 12.165981666666669,78.91884,78.91884 12.169113333333334,78.91840499999999,78.91840499999999 12.172250000000002,78.91797,78.91797 12.175393333333332,78.91753666666666,78.91753666666666 12.17854166666667,78.91710166666668,78.91710166666668 12.181698333333333,78.91666666666666,78.91666666666666 12.184858333333334,78.91623166666668,78.91623166666668 12.188023333333334,78.91579666666665,78.91579666666665 12.191191666666667,78.91536166666667,78.91536166666667 12.19436166666667,78.91492499999998,78.91492499999998 12.197533333333334,78.91449,78.91449 12.200703333333335,78.91405333333334,78.91405333333334 12.203875,78.91361666666667,78.91361666666667 12.207043333333333,78.91317833333332,78.91317833333332 12.210211666666664,78.91274166666668,78.91274166666668 12.213376666666667,78.91230333333333,78.91230333333333 12.21653833333333,78.91186333333333,78.91186333333333 12.219693333333332,78.911425,78.911425 12.22284,78.91098333333332,78.91098333333332 12.225983333333334,78.91054166666666,78.91054166666666 12.229123333333332,78.9101,78.9101 12.232261666666668,78.90965833333333,78.90965833333333 12.235396666666668,78.909215,78.909215 12.238526666666665,78.90877000000002,78.90877000000002 12.241651666666666,78.90832666666667,78.90832666666667 12.24477,78.90787999999999,78.90787999999999 12.247883333333334,78.90743333333333,78.90743333333333 12.250990000000003,78.90698666666668,78.90698666666668 12.254090000000001,78.90653833333334,78.90653833333334 12.257186666666666,78.90608833333334,78.90608833333334 12.260278333333334,78.90563666666668,78.90563666666668 12.263371666666666,78.90518499999999,78.90518499999999 12.26647,78.90473499999999,78.90473499999999 12.269576666666667,78.90428499999999,78.90428499999999 12.272694999999997,78.90383499999999,78.90383499999999 12.275825,78.90338666666668,78.90338666666668 12.278966666666669,78.90294,78.90294 12.282121666666667,78.90249166666666,78.90249166666666 12.285290000000002,78.90204666666668,78.90204666666668 12.288468333333332,78.9016,78.9016 12.291656666666666,78.901155,78.901155 12.294851666666668,78.90070999999999,78.90070999999999 12.298054999999998,78.90026333333334,78.90026333333334 12.301259999999997,78.89981833333333,78.89981833333333 12.304466666666666,78.899375,78.899375 12.307671666666666,78.89893166666667,78.89893166666667 12.310873333333332,78.89848833333335,78.89848833333335 12.314068333333335,78.898045,78.898045 12.31726,78.89760333333334,78.89760333333334 12.320443333333333,78.89716166666666,78.89716166666666 12.323620000000004,78.89672166666666,78.89672166666666 12.326786666666665,78.89628166666667,78.89628166666667 12.329943333333333,78.89584166666666,78.89584166666666 12.33309,78.89540333333332,78.89540333333332 12.336225000000002,78.89496666666666,78.89496666666666 12.339346666666666,78.89453000000002,78.89453000000002 12.342458333333333,78.89409666666666,78.89409666666666 12.345559999999999,78.893665,78.893665 12.348648333333331,78.89323333333333,78.89323333333333 12.351723333333332,78.89280500000001,78.89280500000001 12.354783333333334,78.89237999999999,78.89237999999999 12.357824999999998,78.891955,78.891955 12.360850000000003,78.89153166666667,78.89153166666667 12.363859999999999,78.89110833333334,78.89110833333334 12.366856666666667,78.89068833333333,78.89068833333333 12.369843333333332,78.89026666666666,78.89026666666666 12.372820000000003,78.88984833333335,78.88984833333335 12.375786666666666,78.88943,78.88943 12.378746666666666,78.88901166666666,78.88901166666666 12.3817,78.88859500000001,78.88859500000001 12.384644999999999,78.88817999999999,78.88817999999999 12.38758,78.88776500000002,78.88776500000002 12.390506666666667,78.88735,78.88735 12.393424999999997,78.88693500000001,78.88693500000001 12.396336666666665,78.88652166666667,78.88652166666667 12.39924,78.88610833333334,78.88610833333334 12.402136666666669,78.88569500000001,78.88569500000001 12.405028333333334,78.88528333333333,78.88528333333333 12.407918333333335,78.88487,78.88487 12.410809999999998,78.88445499999999,78.88445499999999 12.413699999999997,78.88404,78.88404 12.416591666666667,78.883625,78.883625 12.419485000000002,78.88320833333334,78.88320833333334 12.42237833333333,78.88279,78.88279 12.425270000000001,78.88237166666666,78.88237166666666 12.428165000000002,78.88195000000002,78.88195000000002 12.431056666666665,78.88152833333335,78.88152833333335 12.433943333333332,78.88110666666665,78.88110666666665 12.436826666666667,78.88068333333335,78.88068333333335 12.439706666666666,78.88025999999999,78.88025999999999 12.442586666666665,78.87983833333332,78.87983833333332 12.445465,78.87941666666669,78.87941666666669 12.448346666666666,78.87899833333334,78.87899833333334 12.451233333333333,78.87858166666666,78.87858166666666 12.454123333333332,78.87816833333332,78.87816833333332 12.457018333333336,78.87775666666666,78.87775666666666 12.459916666666667,78.87734833333333,78.87734833333333 12.462821666666665,78.87694166666668,78.87694166666668 12.465731666666667,78.87653666666665,78.87653666666665 12.468648333333332,78.876135,78.876135 12.471575,78.87573333333334,78.87573333333334 12.474513333333334,78.87533333333333,78.87533333333333 12.477465,78.87493666666667,78.87493666666667 12.480430000000002,78.87454333333334,78.87454333333334 12.483406666666667,78.87415166666666,78.87415166666666 12.486395000000002,78.87376666666667,78.87376666666667 12.489386666666668,78.87338333333332,78.87338333333332 12.492379999999999,78.87300166666668,78.87300166666668 12.495371666666665,78.87262166666666,78.87262166666666 12.49836,78.87224166666668,78.87224166666668 12.501349999999997,78.87186166666666,78.87186166666666 12.504341666666669,78.87148000000002,78.87148000000002 12.507336666666665,78.871095,78.871095 12.510331666666666,78.87070666666666,78.87070666666666 12.513319999999998,78.87031333333333,78.87031333333333 12.516296666666666,78.86991666666667,78.86991666666667 12.519263333333333,78.869515,78.869515 12.522218333333333,78.86911,78.86911 12.525160000000001,78.8687,78.8687 12.528084999999999,78.86828666666666,78.86828666666666 12.530991666666667,78.86786833333335,78.86786833333335 12.53388,78.86744333333333,78.86744333333333 12.536751666666664,78.86701333333333,78.86701333333333 12.53960333333333,78.86657833333334,78.86657833333334 12.542435000000001,78.86613666666668,78.86613666666668 12.545246666666666,78.86569,78.86569 12.548038333333333,78.86524,78.86524 12.550813333333334,78.86478833333334,78.86478833333334 12.553576666666666,78.86433666666667,78.86433666666667 12.556329999999999,78.86388500000001,78.86388500000001 12.559073333333334,78.86343333333332,78.86343333333332 12.561805,78.86298166666668,78.86298166666668 12.564528333333332,78.86252999999999,78.86252999999999 12.567235,78.86207666666667,78.86207666666667 12.569926666666666,78.86161999999999,78.86161999999999 12.572603333333332,78.861165,78.861165 12.57527,78.86070666666667,78.86070666666667 12.577934999999998,78.86025,78.86025 12.580608333333332,78.85979333333331,78.85979333333331 12.583291666666664,78.85933666666666,78.85933666666666 12.585981666666665,78.85888,78.85888 12.58868,78.85842166666666,78.85842166666666 12.59139,78.85796333333332,78.85796333333332 12.594120000000004,78.85750833333333,78.85750833333333 12.596870000000003,78.857055,78.857055 12.599643333333333,78.85660666666666,78.85660666666666 12.602436666666666,78.85615999999999,78.85615999999999 12.605248333333334,78.85571666666667,78.85571666666667 12.608081666666665,78.85527666666667,78.85527666666667 12.610934999999998,78.85483999999998,78.85483999999998 12.613804999999997,78.85440666666666,78.85440666666666 12.61668833333333,78.85397666666665,78.85397666666665 12.619578333333335,78.85355,78.85355 12.622473333333335,78.853125,78.853125 12.625378333333334,78.85270333333334,78.85270333333334 12.628293333333332,78.85228333333333,78.85228333333333 12.631221666666667,78.85186499999999,78.85186499999999 12.634156666666668,78.85144666666667,78.85144666666667 12.63710166666667,78.85102833333333,78.85102833333333 12.640053333333332,78.85060833333334,78.85060833333334 12.643016666666666,78.85019,78.85019 12.645986666666666,78.84977166666665,78.84977166666665 12.648963333333331,78.84935333333334,78.84935333333334 12.651946666666667,78.848935,78.848935 12.654936666666668,78.84852000000001,78.84852000000001 12.657945,78.848105,78.848105 12.660973333333335,78.84769333333334,78.84769333333334 12.664026666666665,78.84728666666666,78.84728666666666 12.667103333333333,78.84688166666666,78.84688166666666 12.670205,78.84648166666665,78.84648166666665 12.673345,78.84609166666667,78.84609166666667 12.676541666666667,78.84571833333332,78.84571833333332 12.6798,78.84537,78.84537 12.68312,78.84504666666668,78.84504666666668 12.686505,78.84475333333333,78.84475333333333 12.689953333333335,78.84449500000001,78.84449500000001 12.693465,78.84427000000001,78.84427000000001 12.697028333333334,78.84408,78.84408 12.700638333333332,78.84392833333332,78.84392833333332 12.704284999999999,78.84381666666665,78.84381666666665 12.707958333333334,78.84374666666666,78.84374666666666 12.71164,78.84372166666668,78.84372166666668 12.715318333333336,78.84374166666666,78.84374166666666 12.718981666666666,78.84379833333334,78.84379833333334 12.722616666666665,78.84389666666667,78.84389666666667 12.726208333333332,78.84403666666667,78.84403666666667 12.729741666666666,78.84421666666667,78.84421666666667 12.733213333333333,78.84443500000002,78.84443500000002 12.736621666666668,78.844685,78.844685 12.739964999999998,78.84497166666668,78.84497166666668 12.743233333333334,78.84529166666667,78.84529166666667 12.746415000000002,78.84565,78.84565 12.749483333333334,78.846045,78.846045 12.752401666666666,78.84648333333334,78.84648333333334 12.755145,78.846955,78.846955 12.757698333333336,78.84745500000001,78.84745500000001 12.76005,78.84797666666667,78.84797666666667 12.762213333333333,78.84851499999999,78.84851499999999 12.764208333333332,78.84906666666666,78.84906666666666 12.766033333333333,78.84962999999999,78.84962999999999 12.767666666666665,78.85020500000002,78.85020500000002 12.769105000000003,78.85078833333334,78.85078833333334 12.770358333333334,78.85137833333334,78.85137833333334 12.771438333333334,78.851975,78.851975 12.772356666666667,78.85258,78.85258 12.773101666666665,78.85318833333335,78.85318833333335 12.77365,78.8538,78.8538 12.773983333333335,78.85441499999999,78.85441499999999 12.774108333333334,78.85503166666666,78.85503166666666 12.774031666666666,78.85564500000001,78.85564500000001 12.773755000000001,78.85625499999999,78.85625499999999 12.773268333333332,78.85685833333334,78.85685833333334 12.772573333333332,78.85745333333332,78.85745333333332 12.771676666666666,78.85803666666668,78.85803666666668 12.770576666666667,78.85860833333332,78.85860833333332 12.769268333333333,78.85916333333333,78.85916333333333 12.767768333333333,78.85969833333334,78.85969833333334 12.766093333333334,78.86021500000001,78.86021500000001 12.76425,78.86070833333333,78.86070833333333 12.762248333333332,78.86117999999999,78.86117999999999 12.760095000000002,78.86162666666667,78.86162666666667 12.757798333333334,78.86204666666664,78.86204666666664 12.755356666666668,78.86243833333332,78.86243833333332 12.752785,78.8628,78.8628 12.750093333333334,78.86313,78.86313 12.747306666666669,78.86343333333332,78.86343333333332 12.744441666666669,78.86371500000001,78.86371500000001 12.741508333333334,78.86397833333334,78.86397833333334 12.738520000000001,78.86422666666667,78.86422666666667 12.735491666666666,78.86446333333332,78.86446333333332 12.732433333333331,78.86469166666667,78.86469166666667 12.729349999999998,78.86491500000001,78.86491500000001 12.726244999999999,78.86513166666667,78.86513166666667 12.723121666666668,78.86534666666665,78.86534666666665 12.719983333333335,78.86556000000002,78.86556000000002 12.716828333333334,78.86577333333334,78.86577333333334 12.713649999999998,78.86598666666667,78.86598666666667 12.710443333333334,78.86619666666667,78.86619666666667 12.707208333333332,78.86640666666668,78.86640666666668 12.703948333333337,78.86661833333334,78.86661833333334 12.700660000000001,78.86682666666668,78.86682666666668 12.69735,78.86703666666668,78.86703666666668 12.694020000000002,78.86724333333333,78.86724333333333 12.69067,78.86744999999998,78.86744999999998 12.687301666666666,78.86765500000001,78.86765500000001 12.683911666666667,78.86785666666667,78.86785666666667 12.680503333333334,78.86805333333334,78.86805333333334 12.677078333333334,78.86824833333334,78.86824833333334 12.673641666666667,78.86844500000001,78.86844500000001 12.670188333333334,78.86863833333335,78.86863833333335 12.666723333333334,78.86882666666668,78.86882666666668 12.663255,78.869015,78.869015 12.659786666666665,78.86919999999999,78.86919999999999 12.656313333333332,78.86938166666667,78.86938166666667 12.652838333333333,78.86956166666667,78.86956166666667 12.64936166666667,78.86974333333333,78.86974333333333 12.645886666666668,78.86992333333332,78.86992333333332 12.64241,78.87010333333332,78.87010333333332 12.638930000000002,78.87028333333333,78.87028333333333 12.635440000000003,78.87045833333332,78.87045833333332 12.631940000000002,78.87062833333331,78.87062833333331 12.628436666666667,78.87079499999999,78.87079499999999 12.624935,78.87096333333335,78.87096333333335 12.621433333333336,78.87113166666666,78.87113166666666 12.617931666666665,78.87129833333333,78.87129833333333 12.61443,78.87146666666666,78.87146666666666 12.610928333333334,78.871635,78.871635 12.607428333333333,78.871805,78.871805 12.603925000000002,78.87197499999999,78.87197499999999 12.600418333333334,78.87214333333333,78.87214333333333 12.596906666666666,78.87231,78.87231 12.593386666666667,78.87247666666667,78.87247666666667 12.589856666666666,78.87263833333334,78.87263833333334 12.586315000000003,78.87279833333334,78.87279833333334 12.582763333333332,78.87295666666667,78.87295666666667 12.579205000000002,78.87311333333335,78.87311333333335 12.575636666666664,78.87327166666668,78.87327166666668 12.572056666666668,78.87342833333334,78.87342833333334 12.568458333333334,78.873585,78.873585 12.564841666666668,78.87374166666667,78.87374166666667 12.56121,78.87390166666668,78.87390166666668 12.557576666666666,78.87406833333333,78.87406833333333 12.553948333333336,78.87424833333333,78.87424833333333 12.550325000000003,78.87443666666665,78.87443666666665 12.546711666666665,78.87463333333335,78.87463333333335 12.54310833333333,78.87483666666667,78.87483666666667 12.539523333333335,78.87505166666666,78.87505166666666 12.535955000000001,78.87527333333334,78.87527333333334 12.532403333333331,78.87550333333333,78.87550333333333 12.528866666666667,78.87574,78.87574 12.525348333333332,78.87598666666668,78.87598666666668 12.52185,78.87624166666667,78.87624166666667 12.518374999999999,78.87650833333335,78.87650833333335 12.514923333333336,78.876785,78.876785 12.511498333333336,78.87707166666668,78.87707166666668 12.508098333333331,78.87737166666668,78.87737166666668 12.504723333333335,78.87768,78.87768 12.501373333333333,78.87800000000001,78.87800000000001 12.498051666666667,78.87833,78.87833 12.494753333333332,78.87866666666667,78.87866666666667 12.491471666666667,78.87900833333333,78.87900833333333 12.488203333333335,78.87935166666665,78.87935166666665 12.484948333333334,78.87970000000001,78.87970000000001 12.481703333333332,78.88005,78.88005 12.478459999999998,78.88039833333333,78.88039833333333 12.475221666666666,78.88074833333333,78.88074833333333 12.471983333333332,78.88109833333334,78.88109833333334 12.468738333333333,78.88144333333332,78.88144333333332 12.46548,78.88178500000001,78.88178500000001 12.462206666666667,78.88211833333332,78.88211833333332 12.458921666666669,78.88244833333334,78.88244833333334 12.455623333333332,78.88277166666667,78.88277166666667 12.452303333333335,78.88308666666667,78.88308666666667 12.448964999999998,78.88339500000001,78.88339500000001 12.445606666666668,78.88369333333333,78.88369333333333 12.442231666666665,78.88398666666667,78.88398666666667 12.438839999999999,78.88427333333333,78.88427333333333 12.43544166666667,78.88456166666667,78.88456166666667 12.432048333333332,78.88485666666666,78.88485666666666 12.428658333333333,78.885155,78.885155 12.425271666666665,78.88545999999998,78.88545999999998 12.421891666666667,78.88577166666667,78.88577166666667 12.418518333333337,78.88608833333332,78.88608833333332 12.415156666666666,78.88641166666666,78.88641166666666 12.411800000000001,78.88674,78.88674 12.408451666666668,78.88707333333335,78.88707333333335 12.40511166666667,78.88741166666668,78.88741166666668 12.401778333333334,78.88775333333334,78.88775333333334 12.398446666666667,78.88809666666666,78.88809666666666 12.395124999999998,78.88844333333334,78.88844333333334 12.391826666666667,78.8888,78.8888 12.388546666666665,78.88916333333333,78.88916333333333 12.385278333333336,78.88953166666667,78.88953166666667 12.382011666666665,78.8899,78.8899 12.378755000000002,78.89027333333334,78.89027333333334 12.375506666666668,78.89065166666667,78.89065166666667 12.372258333333333,78.89102999999999,78.89102999999999 12.369001666666668,78.89141000000001,78.89141000000001 12.365734999999999,78.89179166666665,78.89179166666665 12.362463333333336,78.892175,78.892175 12.359188333333336,78.89256000000002,78.89256000000002 12.35592,78.89294666666667,78.89294666666667 12.352666666666668,78.893335,78.893335 12.349426666666668,78.89372499999999,78.89372499999999 12.346198333333332,78.89411333333334,78.89411333333334 12.342983333333335,78.89450333333332,78.89450333333332 12.33979,78.89489499999999,78.89489499999999 12.336616666666666,78.89529166666665,78.89529166666665 12.333468333333334,78.89569166666666,78.89569166666666 12.330338333333335,78.89609333333333,78.89609333333333 12.327215,78.896495,78.896495 12.324093333333334,78.89689499999999,78.89689499999999 12.320969999999999,78.897295,78.897295 12.317846666666664,78.897695,78.897695 12.314718333333333,78.89809666666667,78.89809666666667 12.31159,78.89849833333332,78.89849833333332 12.308454999999999,78.8989,78.8989 12.305315,78.89930166666666,78.89930166666666 12.30217,78.899705,78.899705 12.29902666666667,78.90010833333334,78.90010833333334 12.295881666666666,78.90051,78.90051 12.292738333333334,78.90091333333334,78.90091333333334 12.289593333333334,78.90131666666667,78.90131666666667 12.286448333333333,78.90172,78.90172 12.28331,78.90212833333332,78.90212833333332 12.280175000000002,78.90253833333333,78.90253833333333 12.27704,78.90295,78.90295 12.273908333333335,78.90336166666667,78.90336166666667 12.270778333333332,78.903775,78.903775 12.267654999999998,78.90418833333334,78.90418833333334 12.264538333333334,78.90460666666665,78.90460666666665 12.261428333333335,78.905025,78.905025 12.25832,78.905445,78.905445 12.255216666666668,78.905865,78.905865 12.252113333333334,78.90628666666667,78.90628666666667 12.249004999999999,78.90670666666665,78.90670666666665 12.245891666666665,78.90712333333333,78.90712333333333 12.242774999999998,78.90754,78.90754 12.239653333333335,78.90795499999999,78.90795499999999 12.236523333333333,78.90836833333331,78.90836833333331 12.23338666666667,78.90877833333334,78.90877833333334 12.230251666666668,78.90918833333333,78.90918833333333 12.227118333333332,78.90959833333334,78.90959833333334 12.223986666666667,78.91000999999999,78.91000999999999 12.220851666666665,78.91041833333333,78.91041833333333 12.217718333333336,78.91082500000002,78.91082500000002 12.214598333333335,78.91123499999999,78.91123499999999 12.211486666666666,78.91164666666667,78.91164666666667 12.208381666666666,78.91205833333333,78.91205833333333 12.205281666666668,78.91247166666666,78.91247166666666 12.202193333333334,78.91288666666667,78.91288666666667 12.199121666666668,78.91330333333335,78.91330333333335 12.196066666666667,78.91372,78.91372 12.193026666666668,78.91413833333331,78.91413833333331 12.190003333333335,78.91455666666668,78.91455666666668 12.18699666666667,78.91497333333334,78.91497333333334 12.184004999999997,78.91538833333334,78.91538833333334 12.181031666666668,78.91580333333333,78.91580333333333 12.178071666666666,78.91621666666666,78.91621666666666 12.17512,78.91662833333334,78.91662833333334 12.17218,78.91703833333334,78.91703833333334 12.169246666666668,78.91744666666666,78.91744666666666 12.166318333333333,78.91784999999999,78.91784999999999 12.163393333333334,78.91825166666666,78.91825166666666 12.160473333333334,78.91864999999999,78.91864999999999 12.157558333333334,78.91904666666667,78.91904666666667 12.154646666666668,78.91944000000001,78.91944000000001 12.151736666666666,78.91982999999999,78.91982999999999 12.148836666666666,78.92022,78.92022 12.145943333333332,78.92061000000001,78.92061000000001 12.143055000000002,78.92099833333333,78.92099833333333 12.140168333333333,78.921385,78.921385 12.137285,78.92177166666669,78.92177166666669 12.134405000000001,78.92215666666665,78.92215666666665 12.131528333333332,78.92254166666666,78.92254166666666 12.12865,78.92292666666668,78.92292666666668 12.125768333333335,78.92331166666665,78.92331166666665 12.122883333333336,78.923695,78.923695 12.119995,78.92407833333333,78.92407833333333 12.117100000000002,78.92446166666666,78.92446166666666 12.11419833333333,78.924845,78.924845 12.111291666666666,78.92522666666667,78.92522666666667 12.10838,78.92561,78.92561 12.105468333333333,78.92599666666668,78.92599666666668 12.10256,78.92638666666666,78.92638666666666 12.099656666666666,78.92677833333333,78.92677833333333 12.096758333333332,78.92717333333333,78.92717333333333 12.093861666666667,78.92756833333333,78.92756833333333 12.09097,78.92796666666668,78.92796666666668 12.08808166666667,78.928365,78.928365 12.08519,78.92876166666666,78.92876166666666 12.082300000000002,78.92916,78.92916 12.079406666666667,78.92955666666666,78.92955666666666 12.076515,78.92995333333334,78.92995333333334 12.073621666666668,78.93034833333331,78.93034833333331 12.070728333333333,78.93074166666668,78.93074166666668 12.067838333333334,78.93113499999998,78.93113499999998 12.064948333333334,78.93152666666666,78.93152666666666 12.062058333333335,78.93191666666667,78.93191666666667 12.059169999999998,78.932305,78.932305 12.056281666666665,78.93269333333332,78.93269333333332 12.053390000000002,78.93307833333334,78.93307833333334 12.050495000000002,78.93346333333334,78.93346333333334 12.047593333333337,78.93384500000002,78.93384500000002 12.044688333333331,78.93422666666666,78.93422666666666 12.041781666666667,78.93460666666668,78.93460666666668 12.038868333333335,78.93498666666666,78.93498666666666 12.035949999999998,78.93536499999999,78.93536499999999 12.033026666666668,78.935745,78.935745 12.030096666666669,78.93612499999999,78.93612499999999 12.02716,78.936505,78.936505 12.024223333333335,78.93688833333334,78.93688833333334 12.021285,78.937275,78.937275 12.018341666666668,78.93766333333332,78.93766333333332 12.015398333333335,78.93805499999999,78.93805499999999 12.012458333333333,78.93844999999999,78.93844999999999 12.009526666666666,78.93884833333334,78.93884833333334 12.006605,78.93925166666668,78.93925166666668 12.003691666666668,78.93965833333333,78.93965833333333 12.000783333333333,78.94006666666668,78.94006666666668 11.997880000000002,78.94047666666665,78.94047666666665 11.994985000000002,78.94088833333333,78.94088833333333 11.992093333333331,78.9413,78.9413 11.989203333333334,78.94171166666666,78.94171166666666 11.986311666666667,78.94212333333334,78.94212333333334 11.983421666666668,78.942535,78.942535 11.980531666666664,78.94294833333333,78.94294833333333 11.977633333333333,78.94335833333332,78.94335833333332 11.974726666666669,78.94376999999999,78.94376999999999 11.971811666666667,78.94418333333333,78.94418333333333 11.968883333333336,78.94459499999999,78.94459499999999 11.965941666666668,78.94501000000001,78.94501000000001 11.962989999999998,78.94542333333334,78.94542333333334 11.960026666666666,78.94583666666668,78.94583666666668 11.957056666666665,78.94624999999998,78.94624999999998 11.954078333333333,78.94666333333333,78.94666333333333 11.95109666666667,78.94707499999998,78.94707499999998 11.948111666666668,78.94748666666665,78.94748666666665 11.945123333333333,78.94789999999999,78.94789999999999 11.942128333333336,78.94831333333335,78.94831333333335 11.939125,78.94872666666667,78.94872666666667 11.936108333333333,78.94914,78.94914 11.933076666666667,78.94955333333334,78.94955333333334 11.930033333333332,78.94997,78.94997 11.926979999999999,78.95038500000001,78.95038500000001 11.923916666666665,78.95080166666666,78.95080166666666 11.920843333333336,78.95121666666667,78.95121666666667 11.917759999999998,78.95163,78.95163 11.914668333333335,78.95204333333332,78.95204333333332 11.91157,78.952455,78.952455 11.908463333333334,78.952865,78.952865 11.905353333333334,78.95327166666667,78.95327166666667 11.902243333333335,78.95367833333331,78.95367833333331 11.899135000000001,78.954085,78.954085 11.896023333333336,78.95448999999999,78.95448999999999 11.892909999999999,78.954895,78.954895 11.889796666666665,78.95530000000001,78.95530000000001 11.886681666666668,78.95570500000001,78.95570500000001 11.883563333333331,78.95611166666667,78.95611166666667 11.880443333333334,78.95652000000001,78.95652000000001 11.877323333333333,78.95693,78.95693 11.874208333333334,78.95734333333333,78.95734333333333 11.871094999999999,78.95775833333335,78.95775833333335 11.867985,78.95817666666666,78.95817666666666 11.864878333333335,78.95859666666666,78.95859666666666 11.861775000000002,78.95901833333333,78.95901833333333 11.858669999999998,78.95944166666666,78.95944166666666 11.855561666666667,78.95986333333333,78.95986333333333 11.852451666666663,78.96028666666666,78.96028666666666 11.849336666666666,78.96070999999999,78.96070999999999 11.84622,78.96113499999998,78.96113499999998 11.8431,78.96155833333334,78.96155833333334 11.839979999999999,78.961985,78.961985 11.836860000000001,78.96241166666668,78.96241166666668 11.83374333333333,78.96284166666666,78.96284166666666 11.830630000000001,78.96327333333335,78.96327333333335 11.827523333333332,78.96370666666668,78.96370666666668 11.82442166666667,78.96414333333333,78.96414333333333 11.821321666666664,78.96458166666667,78.96458166666667 11.818223333333332,78.96502166666667,78.96502166666667 11.815131666666664,78.965465,78.965465 11.812043333333333,78.96591166666667,78.96591166666667 11.808953333333333,78.96635666666667,78.96635666666667 11.80586,78.96680333333335,78.96680333333335 11.802765,78.96724833333333,78.96724833333333 11.799666666666669,78.96769333333334,78.96769333333334 11.796566666666667,78.968135,78.968135 11.793465000000001,78.96857666666668,78.96857666666668 11.790366666666667,78.96901500000001,78.96901500000001 11.787273333333335,78.96945000000001,78.96945000000001 11.784186666666669,78.96988333333333,78.96988333333333 11.781103333333334,78.97031333333334,78.97031333333334 11.778023333333332,78.97074333333335,78.97074333333335 11.774951666666666,78.97117166666666,78.97117166666666 11.771888333333335,78.9716,78.9716 11.76883,78.97202666666668,78.97202666666668 11.76578,78.972455,78.972455 11.762738333333335,78.97288166666668,78.97288166666668 11.759705,78.97330833333334,78.97330833333334 11.756681666666669,78.973735,78.973735 11.753663333333336,78.97416166666666,78.97416166666666 11.750653333333332,78.97458833333334,78.97458833333334 11.747649999999998,78.975015,78.975015 11.744651666666668,78.97544166666665,78.97544166666665 11.741655,78.97586500000001,78.97586500000001 11.738665,78.97629,78.97629 11.735679999999999,78.97671166666667,78.97671166666667 11.732701666666665,78.977135,78.977135 11.729728333333334,78.97755833333333,78.97755833333333 11.726758333333333,78.97798166666666,78.97798166666666 11.723794999999999,78.97840500000001,78.97840500000001 11.720833333333331,78.97883,78.97883 11.717871666666667,78.979255,78.979255 11.714910000000003,78.97968000000002,78.97968000000002 11.711946666666666,78.98010500000001,78.98010500000001 11.708981666666668,78.98053,78.98053 11.706011666666665,78.980955,78.980955 11.703041666666664,78.98137833333332,78.98137833333332 11.700068333333336,78.98180166666666,78.98180166666666 11.697095000000001,78.98222333333332,78.98222333333332 11.69412166666667,78.98264666666668,78.98264666666668 11.691151666666666,78.98307166666667,78.98307166666667 11.688186666666665,78.983495,78.983495 11.685230000000002,78.98392166666666,78.98392166666666 11.682283333333332,78.98434833333333,78.98434833333333 11.679346666666666,78.98477666666665,78.98477666666665 11.676419999999998,78.98520333333333,78.98520333333333 11.673506666666666,78.98563166666668,78.98563166666668 11.670609999999998,78.98606166666667,78.98606166666667 11.66773166666667,78.98649166666668,78.98649166666668 11.66487,78.98692333333332,78.98692333333332 11.662025000000002,78.98735666666667,78.98735666666667 11.659199999999998,78.98779,78.98779 11.656391666666666,78.98822666666666,78.98822666666666 11.653603333333335,78.98866666666666,78.98866666666666 11.650834999999997,78.98910666666666,78.98910666666666 11.648086666666666,78.98955,78.98955 11.645349999999999,78.98999500000001,78.98999500000001 11.642619999999999,78.99044166666665,78.99044166666665 11.639888333333332,78.99088666666667,78.99088666666667 11.637151666666668,78.99133333333332,78.99133333333332 11.634409999999997,78.99178166666668,78.99178166666668 11.631659999999998,78.99222999999999,78.99222999999999 11.628896666666666,78.99267666666667,78.99267666666667 11.626118333333334,78.99312166666667,78.99312166666667 11.623325000000001,78.99356500000002,78.99356500000002 11.620523333333333,78.99401,78.99401 11.617706666666665,78.99445499999999,78.99445499999999 11.614868333333334,78.99489833333334,78.99489833333334 11.61200833333333,78.99533833333332,78.99533833333332 11.609131666666668,78.99577999999998,78.99577999999998 11.606241666666666,78.99622333333333,78.99622333333333 11.603341666666667,78.99666666666667,78.99666666666667 11.600433333333333,78.99711000000002,78.99711000000002 11.597508333333336,78.99755333333331,78.99755333333331 11.594565,78.99799,78.99799 11.591606666666667,78.99842499999998,78.99842499999998 11.588634999999998,78.99885666666668,78.99885666666668 11.585653333333335,78.999285,78.999285 11.582663333333334,78.99971000000001,78.99971000000001 11.579665,79.00013333333332,79.00013333333332 11.576653333333335,79.00055,79.00055 11.573626666666666,79.00096333333332,79.00096333333332 11.570594999999999,79.00137166666666,79.00137166666666 11.567558333333332,79.00177833333335,79.00177833333335 11.564518333333334,79.00218,79.00218 11.561475000000002,79.00257833333333,79.00257833333333 11.558429999999998,79.00297666666665,79.00297666666665 11.555388333333333,79.00337333333334,79.00337333333334 11.552348333333335,79.00377,79.00377 11.549309999999998,79.00416666666666,79.00416666666666 11.546275,79.00456333333332,79.00456333333332 11.543243333333331,79.00496000000001,79.00496000000001 11.540210000000002,79.00535500000001,79.00535500000001 11.537174999999998,79.00574833333334,79.00574833333334 11.534133333333333,79.00613833333333,79.00613833333333 11.531078333333333,79.00652499999998,79.00652499999998 11.528013333333336,79.00690666666667,79.00690666666667 11.524938333333335,79.00728666666667,79.00728666666667 11.521853333333334,79.00766333333334,79.00766333333334 11.518754999999999,79.00803666666667,79.00803666666667 11.515646666666663,79.00840833333332,79.00840833333332 11.512526666666666,79.00877666666668,79.00877666666668 11.509401666666669,79.00914333333334,79.00914333333334 11.506269999999999,79.00950833333332,79.00950833333332 11.503129999999997,79.00987166666665,79.00987166666665 11.49998833333333,79.010235,79.010235 11.496845,79.01059833333333,79.01059833333333 11.493708333333332,79.01096166666666,79.01096166666666 11.490573333333334,79.01132666666668,79.01132666666668 11.487438333333333,79.01169333333334,79.01169333333334 11.484306666666665,79.01206,79.01206 11.481176666666666,79.01243,79.01243 11.47805,79.01280166666668,79.01280166666668 11.474921666666667,79.01317499999999,79.01317499999999 11.471781666666669,79.01354833333333,79.01354833333333 11.468623333333333,79.01391833333334,79.01391833333334 11.465449999999997,79.014285,79.014285 11.46227,79.01465166666667,79.01465166666667 11.459085,79.01501666666667,79.01501666666667 11.455894999999998,79.01538000000001,79.01538000000001 11.452691666666665,79.01573666666665,79.01573666666665 11.44947,79.01608833333333,79.01608833333333 11.446236666666668,79.01643666666666,79.01643666666666 11.442994999999998,79.01678166666667,79.01678166666667 11.439746666666668,79.01712333333333,79.01712333333333 11.436486666666665,79.01746166666666,79.01746166666666 11.433214999999999,79.01779833333333,79.01779833333333 11.429938333333334,79.01813333333334,79.01813333333334 11.426649999999999,79.01846499999999,79.01846499999999 11.423355,79.01879666666667,79.01879666666667 11.420054999999998,79.01912666666666,79.01912666666666 11.416751666666668,79.01945666666667,79.01945666666667 11.413445000000001,79.01978666666666,79.01978666666666 11.41013,79.02011499999999,79.02011499999999 11.406808333333334,79.02044166666667,79.02044166666667 11.403486666666666,79.02077166666666,79.02077166666666 11.400168333333331,79.02110166666665,79.02110166666665 11.396855,79.02143666666666,79.02143666666666 11.393550000000001,79.02177499999999,79.02177499999999 11.390256666666668,79.02212,79.02212 11.386980000000001,79.02247000000001,79.02247000000001 11.383713333333334,79.022825,79.022825 11.380458333333337,79.02318499999998,79.02318499999998 11.377208333333332,79.023545,79.023545 11.373964999999998,79.02390999999999,79.02390999999999 11.370728333333332,79.02427666666667,79.02427666666667 11.367495,79.02464499999999,79.02464499999999 11.364265000000001,79.02501333333332,79.02501333333332 11.361036666666665,79.02538333333334,79.02538333333334 11.357819999999998,79.02575666666668,79.02575666666668 11.354613333333335,79.026135,79.026135 11.351416666666667,79.02651500000002,79.02651500000002 11.348224999999998,79.02689666666666,79.02689666666666 11.345036666666667,79.02728,79.02728 11.341848333333333,79.02766333333334,79.02766333333334 11.338661666666665,79.02804833333333,79.02804833333333 11.335471666666667,79.02843333333334,79.02843333333334 11.332279999999999,79.02882,79.02882 11.329095,79.02921,79.02921 11.325918333333334,79.02960166666668,79.02960166666668 11.322746666666669,79.02999833333334,79.02999833333334 11.319583333333332,79.03039833333335,79.03039833333335 11.316431666666665,79.03080166666668,79.03080166666668 11.313288333333333,79.03121,79.03121 11.310146666666666,79.03162166666667,79.03162166666667 11.306994999999999,79.03203166666668,79.03203166666668 11.303828333333334,79.03244,79.03244 11.300646666666667,79.03284666666666,79.03284666666666 11.297456666666669,79.03325333333333,79.03325333333333 11.294251666666666,79.03366,79.03366 11.291036666666665,79.03406666666666,79.03406666666666 11.287813333333334,79.034475,79.034475 11.284588333333332,79.03488333333333,79.03488333333333 11.281365000000001,79.03529166666667,79.03529166666667 11.278143333333333,79.03569999999999,79.03569999999999 11.274926666666667,79.03610666666667,79.03610666666667 11.271716666666668,79.03651333333333,79.03651333333333 11.268518333333333,79.03691999999998,79.03691999999998 11.265329999999997,79.03732666666667,79.03732666666667 11.26215,79.03773333333332,79.03773333333332 11.258981666666665,79.03814166666668,79.03814166666668 11.255825,79.03854999999999,79.03854999999999 11.252675,79.03896,79.03896 11.249521666666665,79.03936833333334,79.03936833333334 11.246371666666668,79.03977666666667,79.03977666666667 11.243223333333335,79.04018500000001,79.04018500000001 11.240075000000001,79.04059333333333,79.04059333333333 11.236925000000001,79.04100166666667,79.04100166666667 11.233776666666664,79.04140833333334,79.04140833333334 11.230626666666668,79.04181499999999,79.04181499999999 11.227475,79.04222333333334,79.04222333333334 11.224326666666665,79.04263166666665,79.04263166666665 11.221180000000002,79.04304,79.04304 11.218036666666666,79.04345,79.04345 11.214896666666666,79.04386,79.04386 11.211761666666668,79.04427,79.04427 11.208633333333333,79.04468,79.04468 11.205514999999998,79.04508999999999,79.04508999999999 11.202404999999999,79.04549999999999,79.04549999999999 11.199301666666667,79.04591166666667,79.04591166666667 11.196208333333333,79.04632333333333,79.04632333333333 11.193119999999999,79.046735,79.046735 11.190035000000002,79.04714833333334,79.04714833333334 11.186950000000001,79.04756166666667,79.04756166666667 11.183866666666667,79.04797666666666,79.04797666666666 11.180781666666666,79.04839166666667,79.04839166666667 11.177698333333334,79.04880833333334,79.04880833333334 11.174618333333335,79.04922666666666,79.04922666666666 11.17154,79.04964833333332,79.04964833333332 11.168463333333332,79.05006833333333,79.05006833333333 11.165381666666669,79.05048666666667,79.05048666666667 11.162298333333334,79.05090499999999,79.05090499999999 11.159214999999998,79.05132166666667,79.05132166666667 11.156128333333333,79.05173833333333,79.05173833333333 11.153038333333333,79.05215333333335,79.05215333333335 11.149943333333331,79.05256500000002,79.05256500000002 11.146845,79.05297666666667,79.05297666666667 11.143748333333335,79.05338833333333,79.05338833333333 11.14065,79.0538,79.0538 11.137553333333335,79.05421166666667,79.05421166666667 11.134454999999999,79.05462333333334,79.05462333333334 11.131355000000001,79.055035,79.055035 11.128253333333333,79.05544833333335,79.05544833333335 11.12515,79.05586000000001,79.05586000000001 11.122044999999998,79.05627333333334,79.05627333333334 11.118936666666665,79.05668500000002,79.05668500000002 11.115826666666665,79.05709666666665,79.05709666666665 11.112713333333332,79.05750833333333,79.05750833333333 11.109596666666668,79.05792,79.05792 11.106481666666665,79.05833,79.05833 11.103366666666668,79.05874000000001,79.05874000000001 11.100253333333335,79.05915166666668,79.05915166666668 11.097140000000001,79.05956166666667,79.05956166666667 11.094026666666664,79.05997333333333,79.05997333333333 11.090914999999999,79.060385,79.060385 11.087800000000001,79.06079666666668,79.06079666666668 11.08468333333333,79.06120833333331,79.06120833333331 11.081561666666667,79.06162166666667,79.06162166666667 11.07844,79.06203666666667,79.06203666666667 11.075315000000002,79.06245333333332,79.06245333333332 11.072186666666667,79.06287166666667,79.06287166666667 11.069056666666665,79.06328833333335,79.06328833333335 11.065925,79.06370666666666,79.06370666666666 11.062796666666669,79.06412333333333,79.06412333333333 11.059664999999999,79.06454166666667,79.06454166666667 11.056534999999998,79.06495833333332,79.06495833333332 11.053405000000003,79.06537333333334,79.06537333333334 11.050278333333331,79.06578999999999,79.06578999999999 11.047156666666668,79.06620500000001,79.06620500000001 11.044043333333331,79.06662166666668,79.06662166666668 11.040935000000001,79.06703666666667,79.06703666666667 11.037835,79.06745333333332,79.06745333333332 11.034736666666667,79.06786833333334,79.06786833333334 11.031643333333333,79.06828333333334,79.06828333333334 11.028548333333335,79.06869333333334,79.06869333333334 11.025456666666667,79.06910333333333,79.06910333333333 11.02236666666667,79.06951166666667,79.06951166666667 11.019284999999996,79.06992,79.06992 11.016205,79.07032833333334,79.07032833333334 11.013124999999997,79.07073666666666,79.07073666666666 11.010045,79.07114333333334,79.07114333333334 11.006963333333333,79.07155,79.07155 11.00388,79.07195666666665,79.07195666666665 11.000789999999999,79.07236333333334,79.07236333333334 10.997691666666668,79.07276999999999,79.07276999999999 10.99459,79.07317666666665,79.07317666666665 10.991485,79.07358333333333,79.07358333333333 10.988375000000001,79.07399,79.07399 10.985258333333334,79.07439500000001,79.07439500000001 10.982136666666667,79.07480166666664,79.07480166666664 10.979010000000002,79.07520666666667,79.07520666666667 10.975876666666666,79.07561,79.07561 10.972741666666664,79.07601333333334,79.07601333333334 10.969603333333335,79.07641666666667,79.07641666666667 10.966463333333335,79.07681833333332,79.07681833333332 10.963323333333333,79.07722000000001,79.07722000000001 10.960183333333337,79.07762166666666,79.07762166666666 10.957041666666663,79.07802166666667,79.07802166666667 10.953903333333335,79.07842000000001,79.07842000000001 10.950768333333333,79.07882,79.07882 10.947636666666666,79.07921833333332,79.07921833333332 10.944508333333332,79.079615,79.079615 10.941385,79.08001333333333,79.08001333333333 10.938266666666667,79.08041000000001,79.08041000000001 10.935151666666666,79.08080666666667,79.08080666666667 10.932041666666667,79.08120333333333,79.08120333333333 10.928933333333335,79.0816,79.0816 10.925826666666666,79.081995,79.081995 10.922721666666666,79.08239,79.08239 10.919615,79.082785,79.082785 10.916504999999997,79.08317666666667,79.08317666666667 10.91339,79.08356666666667,79.08356666666667 10.910275,79.08395666666668,79.08395666666668 10.90716,79.08434666666666,79.08434666666666 10.90404166666667,79.08473500000001,79.08473500000001 10.90092,79.08512333333333,79.08512333333333 10.897793333333334,79.08551166666666,79.08551166666666 10.894665,79.08590000000001,79.08590000000001 10.891531666666667,79.08628666666667,79.08628666666667 10.888395000000001,79.08667333333332,79.08667333333332 10.885248333333335,79.08705666666667,79.08705666666667 10.882101666666664,79.08744333333335,79.08744333333335 10.878955000000001,79.08783166666667,79.08783166666667 10.875806666666664,79.08822333333332,79.08822333333332 10.872651666666666,79.08861666666665,79.08861666666665 10.869498333333336,79.08901333333334,79.08901333333334 10.866349999999999,79.08941333333335,79.08941333333335 10.863206666666668,79.08981833333334,79.08981833333334 10.860068333333333,79.090225,79.090225 10.856931666666666,79.090635,79.090635 10.853801666666666,79.09104666666668,79.09104666666668 10.850678333333335,79.09146166666665,79.09146166666665 10.847563333333335,79.09188000000002,79.09188000000002 10.84445,79.0923,79.0923 10.841345000000002,79.09272333333332,79.09272333333332 10.838248333333334,79.09315000000001,79.09315000000001 10.835156666666666,79.09358000000002,79.09358000000002 10.832071666666666,79.09401,79.09401 10.828986666666665,79.09443999999999,79.09443999999999 10.82589,79.09486666666668,79.09486666666668 10.82278,79.09528833333334,79.09528833333334 10.819665,79.09570833333335,79.09570833333335 10.816545,79.096125,79.096125 10.813416666666669,79.09653833333334,79.09653833333334 10.810284999999999,79.09694833333332,79.09694833333332 10.807153333333334,79.09735666666667,79.09735666666667 10.804015000000001,79.09776166666666,79.09776166666666 10.800870000000002,79.098165,79.098165 10.797713333333334,79.09856500000001,79.09856500000001 10.794546666666669,79.09896499999999,79.09896499999999 10.791368333333331,79.09936166666667,79.09936166666667 10.788171666666665,79.099755,79.099755 10.784961666666666,79.10014500000001,79.10014500000001 10.781741666666669,79.10053500000001,79.10053500000001 10.778515,79.10092166666666,79.10092166666666 10.775285,79.10130999999998,79.10130999999998 10.772050000000002,79.101695,79.101695 10.768813333333332,79.10207999999999,79.10207999999999 10.765576666666666,79.10246500000001,79.10246500000001 10.762336666666666,79.10284833333334,79.10284833333334 10.759094999999999,79.10323,79.10323 10.755851666666668,79.10360999999999,79.10360999999999 10.752606666666669,79.10399166666666,79.10399166666666 10.749361666666667,79.10437,79.10437 10.746113333333334,79.10474833333333,79.10474833333333 10.742864999999998,79.10512666666666,79.10512666666666 10.739616666666665,79.10550333333335,79.10550333333335 10.736368333333331,79.10588166666668,79.10588166666668 10.733120000000001,79.10625999999999,79.10625999999999 10.729873333333334,79.10663833333332,79.10663833333332 10.72663,79.10701666666667,79.10701666666667 10.723391666666666,79.107395,79.107395 10.72016,79.10777666666667,79.10777666666667 10.716941666666665,79.10815833333332,79.10815833333332 10.713733333333334,79.10854333333334,79.10854333333334 10.710533333333334,79.10893,79.10893 10.707339999999999,79.10931666666667,79.10931666666667 10.704154999999998,79.10970499999999,79.10970499999999 10.700980000000001,79.11009666666666,79.11009666666666 10.697814999999999,79.11048833333334,79.11048833333334 10.694658333333335,79.11088333333333,79.11088333333333 10.691511666666669,79.11128,79.11128 10.688374999999999,79.11167833333334,79.11167833333334 10.685248333333334,79.11207833333333,79.11207833333333 10.682128333333333,79.11247999999999,79.11247999999999 10.679011666666668,79.11288333333333,79.11288333333333 10.6759,79.11328833333333,79.11328833333333 10.672791666666667,79.11369666666667,79.11369666666667 10.669685000000001,79.11410333333333,79.11410333333333 10.666573333333332,79.11451166666667,79.11451166666667 10.663458333333331,79.11492,79.11492 10.66033333333333,79.11532666666668,79.11532666666668 10.657195000000002,79.115735,79.115735 10.654048333333334,79.11614166666665,79.11614166666665 10.650895,79.11655,79.11655 10.647734999999999,79.11696,79.11696 10.644568333333332,79.11736666666667,79.11736666666667 10.641398333333333,79.11777500000001,79.11777500000001 10.638226666666664,79.11818333333333,79.11818333333333 10.635048333333335,79.11858999999998,79.11858999999998 10.631865000000001,79.11899666666667,79.11899666666667 10.628676666666669,79.11940166666666,79.11940166666666 10.625486666666667,79.11980666666666,79.11980666666666 10.622295,79.12021,79.12021 10.619101666666667,79.12061499999999,79.12061499999999 10.61591,79.12101666666666,79.12101666666666 10.612726666666665,79.12141833333334,79.12141833333334 10.609550000000002,79.12182,79.12182 10.606378333333334,79.12222166666668,79.12222166666668 10.603204999999999,79.12262,79.12262 10.600036666666664,79.12302000000001,79.12302000000001 10.596876666666667,79.12341833333333,79.12341833333333 10.593721666666665,79.12381666666667,79.12381666666667 10.590568333333334,79.12421499999999,79.12421499999999 10.587418333333334,79.12460999999999,79.12460999999999 10.584275,79.12500666666665,79.12500666666665 10.581141666666666,79.12540000000001,79.12540000000001 10.578015,79.12579500000001,79.12579500000001 10.574893333333334,79.12618666666668,79.12618666666668 10.57178,79.12657833333333,79.12657833333333 10.568671666666667,79.12696666666668,79.12696666666668 10.565568333333331,79.12735333333335,79.12735333333335 10.562463333333335,79.12773666666668,79.12773666666668 10.55936,79.12811833333333,79.12811833333333 10.556256666666664,79.12849500000002,79.12849500000002 10.553148333333334,79.12887166666665,79.12887166666665 10.550034999999998,79.12924666666666,79.12924666666666 10.546921666666668,79.12961833333333,79.12961833333333 10.543805,79.12999166666667,79.12999166666667 10.540691666666664,79.13036333333332,79.13036333333332 10.537575,79.13073333333334,79.13073333333334 10.534460000000001,79.13110333333334,79.13110333333334 10.531341666666666,79.131475,79.131475 10.528225,79.13184500000001,79.13184500000001 10.525111666666666,79.13221666666666,79.13221666666666 10.522001666666666,79.13259000000001,79.13259000000001 10.518896666666668,79.132965,79.132965 10.515796666666665,79.13333833333331,79.13333833333331 10.512701666666665,79.13371500000001,79.13371500000001 10.509611666666668,79.13409166666666,79.13409166666666 10.50652833333333,79.13447,79.13447 10.503453333333335,79.13485,79.13485 10.50038666666667,79.13523333333332,79.13523333333332 10.497328333333332,79.13562,79.13562 10.494273333333334,79.13600666666666,79.13600666666666 10.49121833333333,79.136395,79.136395 10.488165,79.13678666666667,79.13678666666667 10.485113333333334,79.13718,79.13718 10.482058333333336,79.137575,79.137575 10.479,79.13797166666667,79.13797166666667 10.475936666666668,79.13837,79.13837 10.472870000000002,79.13876833333335,79.13876833333335 10.469801666666667,79.13916666666667,79.13916666666667 10.466731666666664,79.13956833333334,79.13956833333334 10.463658333333333,79.13996666666667,79.13996666666667 10.460581666666666,79.14036666666667,79.14036666666667 10.4575,79.14076499999999,79.14076499999999 10.454413333333331,79.14116166666665,79.14116166666665 10.451323333333335,79.14155666666667,79.14155666666667 10.448235,79.14195166666667,79.14195166666667 10.445151666666668,79.14234666666667,79.14234666666667 10.442073333333335,79.14274333333333,79.14274333333333 10.438998333333332,79.14313833333335,79.14313833333335 10.435926666666667,79.14353333333332,79.14353333333332 10.432858333333336,79.14392666666666,79.14392666666666 10.429796666666666,79.14432333333332,79.14432333333332 10.426743333333333,79.14471833333334,79.14471833333334 10.423693333333333,79.145115,79.145115 10.420648333333334,79.14551,79.14551 10.417611666666668,79.14590666666666,79.14590666666666 10.41458,79.146305,79.146305 10.411549999999998,79.14670333333332,79.14670333333332 10.408516666666667,79.14710000000001,79.14710000000001 10.405483333333333,79.14749666666667,79.14749666666667 10.402451666666664,79.14789499999999,79.14789499999999 10.399421666666665,79.14829166666668,79.14829166666668 10.396394999999998,79.14869,79.14869 10.393368333333331,79.14908833333334,79.14908833333334 10.390343333333334,79.149485,79.149485 10.387326666666667,79.14988499999998,79.14988499999998 10.384323333333333,79.150285,79.150285 10.381328333333334,79.15068666666667,79.15068666666667 10.378339999999998,79.15109,79.15109 10.375366666666666,79.15149333333333,79.15149333333333 10.372416666666666,79.15190166666666,79.15190166666666 10.369498333333333,79.15231666666668,79.15231666666668 10.366631666666667,79.15274500000001,79.15274500000001 10.363826666666668,79.15318833333335,79.15318833333335 10.361083333333333,79.15364500000001,79.15364500000001 10.358403333333333,79.15411666666668,79.15411666666668 10.355793333333333,79.15460166666666,79.15460166666666 10.353265,79.15510333333334,79.15510333333334 10.35082,79.15562166666666,79.15562166666666 10.348446666666668,79.15615166666666,79.15615166666666 10.346129999999999,79.15669166666666,79.15669166666666 10.343858333333333,79.15723833333332,79.15723833333332 10.341621666666668,79.15778833333333,79.15778833333333 10.3394,79.15834333333333,79.15834333333333 10.337185,79.15889833333335,79.15889833333335 10.334961666666667,79.15945499999998,79.15945499999998 10.332726666666666,79.16001333333332,79.16001333333332 10.330475,79.16057333333333,79.16057333333333 10.328203333333331,79.161135,79.161135 10.325905,79.16169666666666,79.16169666666666 10.323581666666666,79.16225833333333,79.16225833333333 10.321235,79.16282,79.16282 10.318868333333334,79.16338,79.16338 10.316476666666667,79.16393833333335,79.16393833333335 10.314061666666667,79.16449333333334,79.16449333333334 10.311626666666665,79.16504833333333,79.16504833333333 10.309173333333334,79.16560166666667,79.16560166666667 10.306703333333335,79.166155,79.166155 10.304221666666665,79.16670666666667,79.16670666666667 10.301728333333333,79.16725833333332,79.16725833333332 10.299223333333334,79.16781166666665,79.16781166666665 10.296708333333333,79.16836333333335,79.16836333333335 10.294193333333332,79.16891833333335,79.16891833333335 10.29169,79.16947666666667,79.16947666666667 10.289195000000001,79.17003833333334,79.17003833333334 10.2867,79.17060166666667,79.17060166666667 10.284211666666666,79.17116666666666,79.17116666666666 10.281741666666667,79.17173666666667,79.17173666666667 10.27929166666667,79.17231333333335,79.17231333333335 10.276853333333333,79.17289333333333,79.17289333333333 10.274429999999999,79.173475,79.173475 10.272025000000001,79.17406166666667,79.17406166666667 10.269635,79.17465000000001,79.17465000000001 10.267256666666666,79.17524166666668,79.17524166666668 10.264891666666665,79.17583333333334,79.17583333333334 10.26253,79.17642666666667,79.17642666666667 10.260158333333335,79.17701499999998,79.17701499999998 10.257755,79.17759666666667,79.17759666666667 10.255296666666668,79.17816833333332,79.17816833333332 10.252765,79.178725,79.178725 10.250151666666666,79.17926333333332,79.17926333333332 10.247440000000001,79.17978333333335,79.17978333333335 10.244621666666665,79.18028333333334,79.18028333333334 10.241693333333334,79.18075999999998,79.18075999999998 10.238649999999998,79.181215,79.181215 10.235470000000001,79.18163666666666,79.18163666666666 10.232155,79.18202333333335,79.18202333333335 10.228715,79.18237166666665,79.18237166666665 10.225163333333334,79.18267999999999,79.18267999999999 10.221513333333334,79.18294333333333,79.18294333333333 10.217783333333333,79.18316333333334,79.18316333333334 10.213991666666669,79.18333666666668,79.18333666666668 10.210153333333333,79.18346666666666,79.18346666666666 10.20628,79.18355166666666,79.18355166666666 10.202388333333333,79.18359000000001,79.18359000000001 10.198493333333332,79.18358333333335,79.18358333333335 10.194604999999997,79.18353333333333,79.18353333333333 10.190739999999998,79.18343833333333,79.18343833333333 10.186911666666667,79.183295,79.183295 10.183136666666668,79.18310833333334,79.18310833333334 10.179428333333332,79.18287666666666,79.18287666666666 10.175803333333334,79.18260000000001,79.18260000000001 10.172278333333331,79.18227833333334,79.18227833333334 10.168875000000002,79.18191166666668,79.18191166666668 10.165601666666667,79.18150333333334,79.18150333333334 10.162465,79.18105666666666,79.18105666666666 10.159474999999999,79.18057666666667,79.18057666666667 10.156638333333333,79.18006166666669,79.18006166666669 10.153968333333333,79.17951333333333,79.17951333333333 10.151475,79.178935,79.178935 10.149166666666668,79.17833,79.17833 10.147045,79.17770000000002,79.17770000000002 10.145113333333335,79.17704666666667,79.17704666666667 10.143376666666667,79.17637166666667,79.17637166666667 10.141841666666668,79.17568,79.17568 10.140508333333335,79.17497000000002,79.17497000000002 10.13939,79.174245,79.174245 10.13849,79.17350833333334,79.17350833333334 10.137808333333332,79.17275833333333,79.17275833333333 10.137356666666667,79.17200166666666,79.17200166666666 10.137136666666665,79.17123666666666,79.17123666666666 10.137146666666666,79.17046833333335,79.17046833333335 10.137381666666666,79.16969833333332,79.16969833333332 10.137843333333333,79.16893,79.16893 10.138536666666665,79.16816333333334,79.16816333333334 10.139460000000001,79.16740166666668,79.16740166666668 10.140608333333333,79.16664833333333,79.16664833333333 10.14198,79.16590333333333,79.16590333333333 10.143590000000001,79.16517166666667,79.16517166666667 10.145430000000001,79.164455,79.164455 10.147501666666669,79.16375666666666,79.16375666666666 10.149801666666667,79.16308,79.16308 10.152328333333331,79.16243,79.16243 10.155073333333332,79.161805,79.161805 10.158016666666668,79.16121000000001,79.16121000000001 10.161145,79.16064500000002,79.16064500000002 10.164435,79.16010666666666,79.16010666666666 10.167871666666667,79.15959833333334,79.15959833333334 10.171450000000002,79.15912333333335,79.15912333333335 10.175153333333332,79.15867833333334,79.15867833333334 10.17896,79.15826333333332,79.15826333333332 10.182861666666666,79.15787833333334,79.15787833333334 10.186848333333334,79.15752333333334,79.15752333333334 10.190898333333335,79.157195,79.157195 10.194998333333332,79.15688999999999,79.15688999999999 10.199138333333334,79.15660833333332,79.15660833333332 10.203301666666666,79.15634666666666,79.15634666666666 10.207481666666668,79.15609833333333,79.15609833333333 10.211669999999998,79.155865,79.155865 10.215860000000001,79.15564,79.15564 10.220053333333334,79.155425,79.155425 10.224245,79.15521500000001,79.15521500000001 10.228441666666667,79.15501499999999,79.15501499999999 10.232645000000002,79.15482666666666,79.15482666666666 10.236855,79.15465000000002,79.15465000000002 10.241068333333333,79.15448333333335,79.15448333333335 10.245285,79.154325,79.154325 10.249504999999997,79.15417833333333,79.15417833333333 10.253726666666667,79.15404333333332,79.15404333333332 10.257941666666666,79.15391333333334,79.15391333333334 10.26215,79.15379,79.15379 10.266350000000001,79.15367333333333,79.15367333333333 10.270544999999998,79.15356333333334,79.15356333333334 10.274731666666664,79.15345666666666,79.15345666666666 10.278908333333336,79.15335333333336,79.15335333333336 10.28308,79.15325333333334,79.15325333333334 10.287245,79.15315833333335,79.15315833333335 10.291405,79.15306666666667,79.15306666666667 10.295556666666666,79.15297833333335,79.15297833333335 10.2997,79.15289500000002,79.15289500000002 10.303833333333333,79.15280999999999,79.15280999999999 10.307958333333334,79.15272666666665,79.15272666666665 10.312071666666668,79.15264166666665,79.15264166666665 10.316175,79.15255833333335,79.15255833333335 10.320269999999999,79.15247500000001,79.15247500000001 10.324355,79.15238666666666,79.15238666666666 10.32843,79.15229500000001,79.15229500000001 10.33249,79.15219333333332,79.15219333333332 10.336533333333332,79.15207833333335,79.15207833333335 10.340558333333334,79.151955,79.151955 10.344565000000001,79.15182166666666,79.15182166666666 10.34855,79.15167833333334,79.15167833333334 10.352511666666668,79.15152166666667,79.15152166666667 10.35645,79.15135000000001,79.15135000000001 10.360359999999998,79.15115833333333,79.15115833333333 10.364228333333333,79.15094500000001,79.15094500000001 10.368058333333332,79.15071166666668,79.15071166666668 10.37185,79.15046000000001,79.15046000000001 10.375601666666666,79.15019,79.15019 10.379316666666666,79.14990166666666,79.14990166666666 10.382998333333333,79.14959666666667,79.14959666666667 10.38665,79.14927500000002,79.14927500000002 10.390275,79.14893833333335,79.14893833333335 10.393871666666668,79.14858666666666,79.14858666666666 10.397433333333334,79.14821833333333,79.14821833333333 10.400961666666667,79.147835,79.147835 10.404455,79.14743666666665,79.14743666666665 10.407916666666667,79.14702500000001,79.14702500000001 10.411348333333335,79.14660166666665,79.14660166666665 10.414753333333332,79.14616833333332,79.14616833333332 10.41813833333333,79.14572666666666,79.14572666666666 10.421508333333334,79.14527833333332,79.14527833333332 10.424873333333334,79.14482833333332,79.14482833333332 10.42825,79.14437666666666,79.14437666666666 10.431645,79.14393000000001,79.14393000000001 10.435054999999998,79.143485,79.143485 10.438476666666668,79.14304166666666,79.14304166666666 10.441899999999999,79.14260500000002,79.14260500000002 10.445326666666665,79.14217166666668,79.14217166666668 10.44876,79.14174333333334,79.14174333333334 10.452205000000001,79.14132166666667,79.14132166666667 10.455663333333334,79.14090666666665,79.14090666666665 10.459124999999997,79.14049499999999,79.14049499999999 10.462576666666665,79.14008833333332,79.14008833333332 10.466018333333333,79.13968333333334,79.13968333333334 10.469449999999997,79.13928,79.13928 10.472868333333333,79.13887666666666,79.13887666666666 10.476268333333335,79.13847000000001,79.13847000000001 10.479654999999998,79.13806333333332,79.13806333333332 10.483033333333331,79.13765500000001,79.13765500000001 10.486400000000001,79.137245,79.137245 10.489753333333333,79.13683333333333,79.13683333333333 10.493093333333334,79.13642,79.13642 10.49642833333333,79.13600833333332,79.13600833333332 10.499758333333334,79.13559666666666,79.13559666666666 10.503078333333335,79.13518666666667,79.13518666666667 10.506391666666666,79.13477666666667,79.13477666666667 10.5097,79.13436666666666,79.13436666666666 10.513003333333332,79.13395833333334,79.13395833333334 10.516305,79.13355,79.13355 10.519603333333336,79.13314333333334,79.13314333333334 10.522901666666668,79.13273666666667,79.13273666666667 10.526203333333335,79.13233166666669,79.13233166666669 10.529506666666668,79.13192666666666,79.13192666666666 10.532809999999998,79.13152000000001,79.13152000000001 10.536115,79.13111333333332,79.13111333333332 10.539423333333332,79.13070333333334,79.13070333333334 10.542735000000002,79.13029333333333,79.13029333333333 10.546046666666665,79.12988,79.12988 10.549363333333334,79.12946500000001,79.12946500000001 10.552691666666666,79.12905,79.12905 10.556031666666668,79.12863666666668,79.12863666666668 10.559379999999999,79.12822166666666,79.12822166666666 10.562736666666668,79.12780666666667,79.12780666666667 10.566109999999998,79.12739166666667,79.12739166666667 10.569491666666666,79.12697833333334,79.12697833333334 10.572876666666664,79.12656500000001,79.12656500000001 10.576266666666667,79.12615166666666,79.12615166666666 10.57966,79.12573833333332,79.12573833333332 10.583055,79.12532500000002,79.12532500000002 10.586443333333332,79.12490833333334,79.12490833333334 10.58982166666667,79.12449166666667,79.12449166666667 10.593191666666666,79.12407,79.12407 10.596553333333333,79.12364833333332,79.12364833333332 10.599896666666666,79.12322166666667,79.12322166666667 10.603218333333334,79.12279500000001,79.12279500000001 10.606520000000002,79.12236833333333,79.12236833333333 10.609803333333332,79.121945,79.121945 10.613066666666668,79.12152333333333,79.12152333333333 10.616308333333334,79.12110333333332,79.12110333333332 10.619530000000003,79.12068666666667,79.12068666666667 10.622738333333333,79.12027166666667,79.12027166666667 10.625930000000002,79.11985833333334,79.11985833333334 10.629101666666667,79.11944333333332,79.11944333333332 10.632263333333333,79.11902833333333,79.11902833333333 10.63542333333333,79.11861499999999,79.11861499999999 10.638588333333333,79.11820166666666,79.11820166666666 10.641756666666668,79.11779,79.11779 10.644928333333334,79.11737833333332,79.11737833333332 10.648103333333333,79.11696666666666,79.11696666666666 10.651293333333335,79.11655666666667,79.11655666666667 10.654499999999999,79.11615333333332,79.11615333333332 10.65772,79.11575166666667,79.11575166666667 10.660949999999998,79.11535333333332,79.11535333333332 10.664186666666668,79.114955,79.114955 10.667431666666669,79.11456166666666,79.11456166666666 10.670681666666667,79.11416833333332,79.11416833333332 10.673938333333334,79.11377666666668,79.11377666666668 10.677201666666667,79.11338666666667,79.11338666666667 10.680471666666666,79.11299833333335,79.11299833333335 10.683753333333334,79.11261166666667,79.11261166666667 10.68704166666667,79.11222333333333,79.11222333333333 10.690333333333335,79.11183666666668,79.11183666666668 10.69363333333333,79.11144666666667,79.11144666666667 10.696941666666664,79.11105833333332,79.11105833333332 10.700256666666666,79.11066833333334,79.11066833333334 10.703571666666667,79.110275,79.110275 10.706883333333334,79.10987833333334,79.10987833333334 10.710193333333335,79.10947833333333,79.10947833333333 10.713496666666668,79.10907333333333,79.10907333333333 10.716793333333333,79.10866666666668,79.10866666666668 10.720083333333331,79.10825833333332,79.10825833333332 10.723363333333337,79.10784666666666,79.10784666666666 10.726635,79.10743333333333,79.10743333333333 10.729894999999999,79.10701666666667,79.10701666666667 10.733139999999999,79.10659666666666,79.10659666666666 10.736373333333331,79.106175,79.106175 10.739593333333334,79.10575,79.10575 10.742808333333334,79.10532333333335,79.10532333333335 10.746023333333335,79.1049,79.1049 10.749236666666665,79.10447500000001,79.10447500000001 10.752443333333334,79.10405000000002,79.10405000000002 10.755643333333333,79.10362333333333,79.10362333333333 10.758843333333333,79.10319833333334,79.10319833333334 10.762044999999999,79.10277166666665,79.10277166666665 10.765249999999998,79.102345,79.102345 10.768454999999998,79.10192,79.10192 10.77166,79.10149333333334,79.10149333333334 10.774858333333336,79.10106499999999,79.10106499999999 10.778054999999998,79.10063333333332,79.10063333333332 10.781255,79.10020166666666,79.10020166666666 10.784456666666665,79.09977000000002,79.09977000000002 10.787653333333331,79.09933333333333,79.09933333333333 10.790845000000001,79.09889166666667,79.09889166666667 10.794038333333335,79.09845166666668,79.09845166666668 10.797231666666667,79.09800833333334,79.09800833333334 10.800426666666665,79.09756666666668,79.09756666666668 10.80362,79.09712333333333,79.09712333333333 10.806808333333334,79.09668,79.09668 10.809994999999999,79.09623666666667,79.09623666666667 10.813186666666667,79.09579666666667,79.09579666666667 10.816384999999999,79.09536,79.09536 10.819578333333334,79.09492666666667,79.09492666666667 10.822761666666668,79.09449166666667,79.09449166666667 10.825945000000003,79.09405833333335,79.09405833333335 10.829130000000001,79.09362666666665,79.09362666666665 10.832313333333333,79.093195,79.093195 10.83549,79.09276333333335,79.09276333333335 10.838663333333333,79.09232833333333,79.09232833333333 10.841835,79.09189333333335,79.09189333333335 10.845004999999999,79.09145666666666,79.09145666666666 10.848171666666667,79.09101666666666,79.09101666666666 10.851334999999999,79.09057666666666,79.09057666666666 10.854491666666668,79.09013333333333,79.09013333333333 10.857643333333332,79.08968833333334,79.08968833333334 10.860793333333335,79.08924166666667,79.08924166666667 10.863936666666666,79.08879333333333,79.08879333333333 10.867079999999998,79.08834166666666,79.08834166666666 10.870225000000001,79.08788833333334,79.08788833333334 10.873373333333332,79.08743333333332,79.08743333333332 10.876521666666669,79.08698,79.08698 10.879668333333333,79.086525,79.086525 10.88282,79.08607,79.08607 10.885979999999998,79.08561833333334,79.08561833333334 10.889159999999999,79.08516833333334,79.08516833333334 10.89236,79.08472166666667,79.08472166666667 10.895575000000001,79.08427666666667,79.08427666666667 10.898803333333333,79.08383166666668,79.08383166666668 10.902050000000001,79.08339166666666,79.08339166666666 10.905315,79.08295333333334,79.08295333333334 10.908596666666664,79.08252000000002,79.08252000000002 10.911890000000003,79.08208666666665,79.08208666666665 10.915189999999999,79.08165666666667,79.08165666666667 10.918501666666668,79.08122833333334,79.08122833333334 10.921826666666666,79.08080333333335,79.08080333333335 10.925163333333336,79.08038166666668,79.08038166666668 10.928510000000001,79.07996166666668,79.07996166666668 10.931866666666666,79.07954333333333,79.07954333333333 10.935233333333333,79.07912666666667,79.07912666666667 10.938611666666667,79.07871333333331,79.07871333333331 10.942001666666666,79.07830166666668,79.07830166666668 10.945405000000003,79.07789333333332,79.07789333333332 10.948823333333332,79.07748666666667,79.07748666666667 10.952260000000003,79.07708666666669,79.07708666666669 10.955711666666664,79.07668833333334,79.07668833333334 10.959171666666668,79.07629333333331,79.07629333333331 10.962633333333335,79.07589666666665,79.07589666666665 10.966095,79.07549999999999,79.07549999999999 10.96955,79.07510166666665,79.07510166666665 10.972998333333331,79.07470166666667,79.07470166666667 10.976445,79.0743,79.0743 10.979885000000001,79.073895,79.073895 10.983324999999997,79.07349166666667,79.07349166666667 10.986768333333336,79.07308666666667,79.07308666666667 10.990210000000001,79.07268166666667,79.07268166666667 10.993645,79.07227500000002,79.07227500000002 10.997074999999997,79.07186666666666,79.07186666666666 11.000504999999999,79.07146166666668,79.07146166666668 11.003933333333336,79.07105833333334,79.07105833333334 11.007358333333332,79.070655,79.070655 11.01077166666667,79.07025166666668,79.07025166666668 11.014161666666666,79.06984499999999,79.06984499999999 11.017528333333333,79.06943666666668,79.06943666666668 11.020869999999999,79.06902666666666,79.06902666666666 11.024186666666667,79.06861666666668,79.06861666666668 11.027478333333333,79.06820666666667,79.06820666666667 11.030751666666667,79.067795,79.067795 11.034006666666668,79.067385,79.067385 11.037246666666665,79.06697666666668,79.06697666666668 11.040473333333333,79.06656833333334,79.06656833333334 11.043686666666668,79.06616000000001,79.06616000000001 11.04689,79.06575333333333,79.06575333333333 11.050083333333335,79.06534833333333,79.06534833333333 11.053266666666666,79.06494333333333,79.06494333333333 11.056441666666668,79.06453833333335,79.06453833333335 11.059611666666667,79.06413666666667,79.06413666666667 11.062776666666666,79.06373833333335,79.06373833333335 11.065938333333335,79.06334166666666,79.06334166666666 11.069099999999999,79.06294833333332,79.06294833333332 11.072265000000002,79.06255833333331,79.06255833333331 11.075433333333335,79.06217166666669,79.06217166666669 11.078605000000001,79.06179,79.06179 11.081776666666666,79.06140833333333,79.06140833333333 11.08495,79.06103,79.06103 11.088123333333332,79.06065166666669,79.06065166666669 11.091293333333331,79.06027499999999,79.06027499999999 11.094456666666668,79.05989833333334,79.05989833333334 11.097608333333335,79.05952166666667,79.05952166666667 11.100748333333334,79.05914333333334,79.05914333333334 11.103875000000002,79.05876333333333,79.05876333333333 11.106988333333332,79.05838,79.05838 11.110095000000001,79.05799499999999,79.05799499999999 11.113191666666669,79.05760666666667,79.05760666666667 11.116285000000001,79.05721833333335,79.05721833333335 11.119373333333334,79.05682666666668,79.05682666666668 11.122463333333332,79.05643500000001,79.05643500000001 11.125556666666666,79.05604166666667,79.05604166666667 11.128651666666668,79.05564833333334,79.05564833333334 11.13175,79.055255,79.055255 11.134855000000002,79.05486,79.05486 11.13797,79.05446666666667,79.05446666666667 11.141091666666666,79.054075,79.054075 11.144216666666667,79.05368166666668,79.05368166666668 11.147346666666666,79.05328833333333,79.05328833333333 11.150485000000002,79.052895,79.052895 11.153629999999998,79.0525,79.0525 11.156783333333331,79.05210666666667,79.05210666666667 11.159941666666668,79.05171333333332,79.05171333333332 11.163106666666666,79.05131833333333,79.05131833333333 11.166278333333333,79.050925,79.050925 11.169455,79.05053,79.05053 11.172636666666666,79.05013666666667,79.05013666666667 11.175821666666666,79.04974333333332,79.04974333333332 11.179010000000002,79.04934833333333,79.04934833333333 11.1822,79.04895499999999,79.04895499999999 11.18539,79.04856,79.04856 11.188576666666664,79.04816666666667,79.04816666666667 11.191763333333332,79.04777166666666,79.04777166666666 11.194946666666667,79.04737833333334,79.04737833333334 11.198128333333333,79.04698499999999,79.04698499999999 11.201306666666667,79.04659166666667,79.04659166666667 11.204481666666668,79.04619833333332,79.04619833333332 11.207653333333333,79.045805,79.045805 11.210818333333336,79.04540999999999,79.04540999999999 11.213973333333334,79.04501166666667,79.04501166666667 11.217121666666666,79.04461333333334,79.04461333333334 11.220266666666666,79.04421166666667,79.04421166666667 11.223404999999998,79.04381,79.04381 11.226539999999998,79.043405,79.043405 11.229671666666663,79.043,79.043 11.232800000000001,79.04259166666667,79.04259166666667 11.235928333333334,79.04218333333334,79.04218333333334 11.239056666666665,79.04177166666668,79.04177166666668 11.242181666666665,79.04135666666666,79.04135666666666 11.245301666666666,79.04093999999999,79.04093999999999 11.248418333333333,79.04052166666668,79.04052166666668 11.251533333333334,79.04010166666667,79.04010166666667 11.254645,79.03967833333331,79.03967833333331 11.257753333333334,79.03925500000001,79.03925500000001 11.260861666666665,79.03883000000002,79.03883000000002 11.263969999999999,79.038405,79.038405 11.267078333333334,79.03798,79.03798 11.270186666666667,79.03755500000001,79.03755500000001 11.273296666666667,79.03713,79.03713 11.276413333333334,79.03670500000001,79.03670500000001 11.279534999999997,79.03628333333334,79.03628333333334 11.282666666666668,79.03586000000001,79.03586000000001 11.285805,79.03543833333335,79.03543833333335 11.28895,79.03501666666665,79.03501666666665 11.292103333333333,79.03459500000001,79.03459500000001 11.295264999999999,79.03417333333334,79.03417333333334 11.298433333333334,79.03375166666667,79.03375166666667 11.301610000000002,79.03333,79.03333 11.304793333333334,79.03290666666668,79.03290666666668 11.307985,79.03248500000001,79.03248500000001 11.311181666666668,79.03206000000002,79.03206000000002 11.314383333333334,79.03163666666666,79.03163666666666 11.317588333333333,79.03121,79.03121 11.320796666666668,79.03078500000001,79.03078500000001 11.324003333333334,79.03035999999999,79.03035999999999 11.32721,79.02993333333333,79.02993333333333 11.330416666666666,79.02950833333333,79.02950833333333 11.333618333333336,79.02908166666667,79.02908166666667 11.336818333333335,79.02865499999999,79.02865499999999 11.34001333333333,79.02823,79.02823 11.343205000000001,79.02780333333334,79.02780333333334 11.346388333333335,79.02737833333335,79.02737833333335 11.349566666666666,79.02695333333332,79.02695333333332 11.352738333333331,79.02652666666667,79.02652666666667 11.355903333333334,79.0261,79.0261 11.359063333333332,79.025675,79.025675 11.362218333333333,79.02524833333335,79.02524833333335 11.365366666666667,79.02482,79.02482 11.368508333333333,79.02439166666666,79.02439166666666 11.371646666666669,79.02396333333333,79.02396333333333 11.374779999999998,79.02353333333335,79.02353333333335 11.377913333333334,79.02310166666665,79.02310166666665 11.381044999999999,79.02267,79.02267 11.384178333333333,79.02223666666669,79.02223666666669 11.387313333333333,79.02180333333332,79.02180333333332 11.390455,79.02137,79.02137 11.393603333333333,79.02093833333333,79.02093833333333 11.396758333333333,79.020505,79.020505 11.399921666666666,79.02007166666668,79.02007166666668 11.403093333333334,79.01964166666667,79.01964166666667 11.406268333333331,79.01921166666666,79.01921166666666 11.409445000000002,79.01878666666667,79.01878666666667 11.412621666666665,79.01836333333334,79.01836333333334 11.415798333333331,79.01794333333333,79.01794333333333 11.418971666666668,79.01752833333332,79.01752833333332 11.422143333333334,79.01711499999999,79.01711499999999 11.425313333333333,79.01670333333333,79.01670333333333 11.428481666666668,79.016295,79.016295 11.431648333333333,79.01589,79.01589 11.434813333333333,79.01548500000001,79.01548500000001 11.437976666666668,79.01508333333334,79.01508333333334 11.441143333333333,79.01468333333332,79.01468333333332 11.44431,79.01428666666666,79.01428666666666 11.447478333333335,79.01389166666667,79.01389166666667 11.450645000000002,79.01349666666667,79.01349666666667 11.453813333333336,79.01310333333332,79.01310333333332 11.456985,79.01271,79.01271 11.460160000000002,79.01231999999999,79.01231999999999 11.463336666666665,79.01193,79.01193 11.466506666666664,79.01154,79.01154 11.469666666666667,79.01114833333332,79.01114833333332 11.472823333333334,79.01075500000002,79.01075500000002 11.475978333333332,79.01036333333334,79.01036333333334 11.47913166666667,79.00997166666667,79.00997166666667 11.482285000000001,79.00958,79.00958 11.485434999999997,79.00918833333334,79.00918833333334 11.488586666666665,79.00879833333333,79.00879833333333 11.491740000000002,79.00840833333332,79.00840833333332 11.494893333333334,79.00802,79.00802 11.498050000000001,79.00762999999999,79.00762999999999 11.501208333333333,79.00724166666667,79.00724166666667 11.50436833333333,79.00685166666668,79.00685166666668 11.507533333333333,79.00646166666667,79.00646166666667 11.510703333333332,79.00607166666666,79.00607166666666 11.513875,79.00568166666667,79.00568166666667 11.517053333333335,79.00529166666666,79.00529166666666 11.520236666666666,79.00489999999999,79.00489999999999 11.523426666666667,79.00450833333332,79.00450833333332 11.526625000000003,79.00411666666668,79.00411666666668 11.529829999999999,79.00372666666667,79.00372666666667 11.533043333333335,79.00333666666667,79.00333666666667 11.53626,79.00294666666666,79.00294666666666 11.539476666666667,79.00255499999999,79.00255499999999 11.54269,79.00215999999999,79.00215999999999 11.545891666666668,79.00176333333333,79.00176333333333 11.549083333333332,79.00136333333333,79.00136333333333 11.552266666666666,79.00096500000001,79.00096500000001 11.555441666666665,79.00056666666666,79.00056666666666 11.558606666666664,79.00016833333333,79.00016833333333 11.561758333333332,78.99977,78.99977 11.564900000000002,78.99937,78.99937 11.568031666666666,78.99897333333334,78.99897333333334 11.57116,78.99857499999999,78.99857499999999 11.57428666666667,78.99817999999999,78.99817999999999 11.57741,78.99778666666666,78.99778666666666 11.580531666666664,78.99739333333335,78.99739333333335 11.583648333333334,78.99699999999999,78.99699999999999 11.586756666666668,78.99660833333334,78.99660833333334 11.589856666666666,78.99621666666667,78.99621666666667 11.592951666666664,78.995825,78.995825 11.596040000000002,78.995435,78.995435 11.599121666666669,78.99504666666665,78.99504666666665 11.60219333333333,78.99465666666667,78.99465666666667 11.605250000000002,78.99426666666666,78.99426666666666 11.608295,78.99387333333335,78.99387333333335 11.611328333333331,78.99348166666668,78.99348166666668 11.614356666666668,78.99309166666667,78.99309166666667 11.617379999999997,78.99270166666666,78.99270166666666 11.620395,78.99231499999999,78.99231499999999 11.623404999999998,78.99192833333333,78.99192833333333 11.626406666666664,78.99154166666668,78.99154166666668 11.629408333333332,78.99115666666667,78.99115666666667 11.632408333333334,78.990775,78.990775 11.635410000000002,78.99039333333333,78.99039333333333 11.638408333333333,78.990015,78.990015 11.641406666666668,78.98963833333333,78.98963833333333 11.644406666666665,78.98926333333334,78.98926333333334 11.647401666666667,78.98889,78.98889 11.650381666666666,78.98851166666667,78.98851166666667 11.653345000000002,78.98813,78.98813 11.656296666666666,78.987745,78.987745 11.659241666666667,78.98735833333333,78.98735833333333 11.662189999999999,78.98696833333332,78.98696833333332 11.665141666666665,78.98658,78.98658 11.668103333333333,78.98619,78.98619 11.671071666666668,78.98580000000001,78.98580000000001 11.674053333333333,78.98540833333334,78.98540833333334 11.677051666666667,78.98501833333333,78.98501833333333 11.68006,78.98462500000001,78.98462500000001 11.683078333333333,78.98423166666666,78.98423166666666 11.686101666666664,78.98383666666668,78.98383666666668 11.689129999999999,78.98344,78.98344 11.692165,78.98304166666668,78.98304166666668 11.695198333333332,78.98264499999999,78.98264499999999 11.69823,78.98224666666667,78.98224666666667 11.701258333333334,78.98184833333332,78.98184833333332 11.704288333333333,78.98145,78.98145 11.707318333333333,78.98105166666666,78.98105166666666 11.710346666666664,78.98065333333334,78.98065333333334 11.713370000000001,78.98025666666668,78.98025666666668 11.716388333333335,78.97985666666666,78.97985666666666 11.719401666666664,78.97945833333334,78.97945833333334 11.722411666666668,78.97905999999999,78.97905999999999 11.72541666666667,78.97866166666667,78.97866166666667 11.728416666666666,78.978265,78.978265 11.731414999999998,78.97787,78.97787 11.734408333333333,78.97747666666667,78.97747666666667 11.737398333333333,78.977085,78.977085 11.740388333333332,78.97669333333333,78.97669333333333 11.743381666666668,78.97630333333332,78.97630333333332 11.746381666666665,78.97591333333334,78.97591333333334 11.749386666666666,78.97552166666667,78.97552166666667 11.752395,78.97513000000002,78.97513000000002 11.755415000000003,78.97474000000001,78.97474000000001 11.758445,78.97435,78.97435 11.761481666666667,78.97395833333333,78.97395833333333 11.764524999999999,78.97357,78.97357 11.767574999999999,78.97318166666668,78.97318166666668 11.770626666666665,78.97279333333333,78.97279333333333 11.773681666666667,78.97240333333332,78.97240333333332 11.776738333333332,78.97201333333334,78.97201333333334 11.779793333333334,78.97162166666666,78.97162166666666 11.782843333333334,78.97122666666668,78.97122666666668 11.785883333333333,78.97083,78.97083 11.788921666666665,78.97043166666668,78.97043166666668 11.791965000000001,78.97003166666667,78.97003166666667 11.795020000000001,78.96963333333332,78.96963333333332 11.798078333333333,78.96923333333334,78.96923333333334 11.801138333333332,78.96883333333334,78.96883333333334 11.804203333333332,78.96843,78.96843 11.807281666666665,78.96802833333332,78.96802833333332 11.810374999999999,78.96762833333334,78.96762833333334 11.813479999999998,78.96722499999998,78.96722499999998 11.816594999999998,78.96682166666665,78.96682166666665 11.819715000000002,78.96642,78.96642 11.822843333333333,78.96602,78.96602 11.825978333333333,78.96562166666665,78.96562166666665 11.829121666666666,78.96522333333336,78.96522333333336 11.832270000000003,78.964825,78.964825 11.83542,78.96442666666665,78.96442666666665 11.838565000000001,78.96402666666667,78.96402666666667 11.841706666666667,78.96362500000001,78.96362500000001 11.844833333333334,78.96321833333332,78.96321833333332 11.847940000000001,78.96280666666668,78.96280666666668 11.851038333333335,78.96239166666666,78.96239166666666 11.854136666666667,78.96197666666666,78.96197666666666 11.857236666666665,78.96155999999998,78.96155999999998 11.860338333333335,78.96114166666666,78.96114166666666 11.863441666666667,78.96072333333335,78.96072333333335 11.866545000000002,78.96030333333334,78.96030333333334 11.869651666666668,78.95988333333334,78.95988333333334 11.872760000000001,78.959465,78.959465 11.875871666666667,78.959045,78.959045 11.878983333333334,78.958625,78.958625 11.882093333333334,78.95820666666665,78.95820666666665 11.885205000000001,78.95778666666668,78.95778666666668 11.888323333333334,78.95736666666667,78.95736666666667 11.891448333333335,78.95694833333333,78.95694833333333 11.894576666666667,78.95652833333332,78.95652833333332 11.897706666666668,78.95610833333335,78.95610833333335 11.900841666666668,78.95568833333334,78.95568833333334 11.903983333333334,78.95527,78.95527 11.907135000000002,78.95485333333333,78.95485333333333 11.910293333333335,78.95443666666665,78.95443666666665 11.913458333333331,78.95402333333332,78.95402333333332 11.91662833333333,78.95361,78.95361 11.919805,78.95319833333332,78.95319833333332 11.922988333333334,78.95278666666665,78.95278666666665 11.926173333333335,78.952375,78.952375 11.929353333333331,78.95196333333334,78.95196333333334 11.932531666666666,78.95155166666667,78.95155166666667 11.935706666666665,78.95114166666666,78.95114166666666 11.938884999999999,78.95073333333335,78.95073333333335 11.942063333333332,78.95032666666665,78.95032666666665 11.945241666666666,78.94992166666667,78.94992166666667 11.948419999999999,78.94951833333333,78.94951833333333 11.951598333333333,78.94911666666665,78.94911666666665 11.954775,78.94871499999999,78.94871499999999 11.957941666666665,78.94831000000002,78.94831000000002 11.96108833333333,78.94790333333333,78.94790333333333 11.964216666666667,78.94749,78.94749 11.96733,78.94707499999998,78.94707499999998 11.970433333333336,78.94666000000001,78.94666000000001 11.973523333333333,78.94624666666665,78.94624666666665 11.976601666666665,78.94583166666666,78.94583166666666 11.97967,78.94541500000001,78.94541500000001 11.982733333333332,78.94500166666667,78.94500166666667 11.985795,78.94459,78.94459 11.988851666666669,78.94417833333334,78.94417833333334 11.991905000000001,78.94376999999999,78.94376999999999 11.994961666666665,78.943365,78.943365 11.998021666666666,78.94296166666666,78.94296166666666 12.001085,78.94255833333332,78.94255833333332 12.004146666666669,78.94215833333332,78.94215833333332 12.007204999999999,78.94175499999999,78.94175499999999 12.010253333333333,78.94135166666668,78.94135166666668 12.013286666666668,78.940945,78.940945 12.016309999999997,78.94053500000001,78.94053500000001 12.019325,78.94012333333335,78.94012333333335 12.022334999999996,78.93971166666667,78.93971166666667 12.025345,78.9393,78.9393 12.028358333333331,78.93888666666668,78.93888666666668 12.031374999999999,78.93847666666666,78.93847666666666 12.034396666666664,78.938065,78.938065 12.037423333333333,78.93765666666667,78.93765666666667 12.040456666666667,78.93724833333333,78.93724833333333 12.043496666666666,78.93684166666667,78.93684166666667 12.04654,78.93643499999999,78.93643499999999 12.049583333333333,78.93602999999999,78.93602999999999 12.052626666666665,78.93562666666666,78.93562666666666 12.055666666666664,78.93522166666666,78.93522166666666 12.058705,78.93481666666666,78.93481666666666 12.061746666666668,78.93441333333334,78.93441333333334 12.064796666666668,78.93400833333334,78.93400833333334 12.067855,78.93360333333334,78.93360333333334 12.070918333333335,78.93320000000001,78.93320000000001 12.073983333333333,78.93279333333332,78.93279333333332 12.077051666666668,78.93238833333334,78.93238833333334 12.080123333333333,78.93198166666667,78.93198166666667 12.083201666666666,78.93157500000001,78.93157500000001 12.086283333333332,78.93116666666667,78.93116666666667 12.089366666666667,78.93075666666667,78.93075666666667 12.092453333333333,78.93034499999999,78.93034499999999 12.095540000000002,78.92993166666666,78.92993166666666 12.098631666666664,78.92951833333333,78.92951833333333 12.101730000000003,78.92910166666667,78.92910166666667 12.104831666666666,78.92868666666665,78.92868666666665 12.107936666666667,78.92827,78.92827 12.111043333333335,78.92785333333335,78.92785333333335 12.114148333333333,78.92743666666667,78.92743666666667 12.117251666666668,78.92702166666666,78.92702166666666 12.12035,78.92660666666667,78.92660666666667 12.123448333333332,78.92619166666668,78.92619166666668 12.126543333333332,78.92577833333333,78.92577833333333 12.129631666666667,78.92536333333335,78.92536333333335 12.132710000000001,78.92494833333333,78.92494833333333 12.135781666666666,78.92453333333334,78.92453333333334 12.13885166666667,78.92411666666666,78.92411666666666 12.141916666666667,78.9237,78.9237 12.144976666666667,78.92328333333332,78.92328333333332 12.148035000000002,78.92286666666666,78.92286666666666 12.15109666666667,78.92245166666667,78.92245166666667 12.154166666666665,78.92204,78.92204 12.157243333333334,78.92163,78.92163 12.160326666666665,78.92122166666667,78.92122166666667 12.163416666666668,78.92081333333333,78.92081333333333 12.16651,78.920405,78.920405 12.169606666666668,78.91999666666666,78.91999666666666 12.172708333333333,78.91958666666666,78.91958666666666 12.175818333333332,78.91917833333333,78.91917833333333 12.178936666666667,78.91877,78.91877 12.182066666666666,78.91836333333333,78.91836333333333 12.185204999999998,78.91795666666667,78.91795666666667 12.188353333333335,78.91754999999999,78.91754999999999 12.191511666666667,78.91714499999999,78.91714499999999 12.194680000000002,78.91674,78.91674 12.197863333333332,78.916335,78.916335 12.201058333333334,78.91593499999999,78.91593499999999 12.204270000000001,78.91553666666667,78.91553666666667 12.207494999999996,78.91514166666666,78.91514166666666 12.21073,78.91475,78.91475 12.213968333333332,78.91435833333333,78.91435833333333 12.217196666666664,78.91396500000002,78.91396500000002 12.220403333333335,78.91356666666667,78.91356666666667 12.223588333333332,78.91316166666668,78.91316166666668 12.226754999999997,78.91275166666667,78.91275166666667 12.229896666666663,78.91233666666668,78.91233666666668 12.233015,78.91191666666667,78.91191666666667 12.236116666666666,78.91149333333334,78.91149333333334 12.239203333333334,78.91106666666666,78.91106666666666 12.242278333333333,78.91063833333332,78.91063833333332 12.245346666666668,78.91021,78.91021 12.248413333333334,78.90978166666666,78.90978166666666 12.251478333333335,78.90935333333334,78.90935333333334 12.254540000000002,78.908925,78.908925 12.257599999999996,78.90849833333333,78.90849833333333 12.260653333333334,78.90807166666667,78.90807166666667 12.263703333333334,78.90764666666668,78.90764666666668 12.266753333333334,78.90722333333332,78.90722333333332 12.269800000000004,78.90680000000002,78.90680000000002 12.272840000000002,78.90637666666666,78.90637666666666 12.27588,78.90595166666667,78.90595166666667 12.278920000000001,78.90552833333334,78.90552833333334 12.281968333333337,78.90510666666667,78.90510666666667 12.285028333333331,78.90468999999999,78.90468999999999 12.288098333333334,78.90427500000001,78.90427500000001 12.291171666666665,78.90386166666666,78.90386166666666 12.294241666666668,78.90344833333333,78.90344833333333 12.297308333333334,78.903035,78.903035 12.300376666666665,78.90262,78.90262 12.303445,78.90220500000001,78.90220500000001 12.306511666666665,78.90178999999999,78.90178999999999 12.309573333333333,78.90137333333334,78.90137333333334 12.31263,78.90095500000001,78.90095500000001 12.315686666666664,78.900535,78.900535 12.318743333333336,78.900115,78.900115 12.3218,78.899695,78.899695 12.324848333333335,78.89927333333333,78.89927333333333 12.327893333333336,78.89885,78.89885 12.33092666666667,78.89842833333333,78.89842833333333 12.333953333333334,78.89800333333332,78.89800333333332 12.336971666666667,78.89757833333333,78.89757833333333 12.339986666666668,78.89715500000001,78.89715500000001 12.342993333333332,78.89673,78.89673 12.345991666666666,78.89630500000001,78.89630500000001 12.348986666666669,78.89588000000002,78.89588000000002 12.35198,78.89545333333334,78.89545333333334 12.354975000000003,78.89502499999999,78.89502499999999 12.357974999999998,78.89459666666667,78.89459666666667 12.36098,78.89416666666665,78.89416666666665 12.363993333333333,78.893735,78.893735 12.367011666666667,78.89330333333334,78.89330333333334 12.370038333333333,78.89287166666668,78.89287166666668 12.373071666666664,78.89243833333332,78.89243833333332 12.376121666666664,78.89200333333334,78.89200333333334 12.379191666666667,78.89156833333334,78.89156833333334 12.382281666666664,78.89113,78.89113 12.385383333333333,78.89069166666665,78.89069166666665 12.388488333333331,78.89025,78.89025 12.391601666666666,78.88981,78.88981 12.39472333333333,78.88936999999999,78.88936999999999 12.397853333333332,78.88892999999999,78.88892999999999 12.400985,78.88849,78.88849 12.404123333333333,78.88805166666667,78.88805166666667 12.40727,78.88761666666666,78.88761666666666 12.41042333333333,78.88718333333333,78.88718333333333 12.41358166666667,78.88674999999999,78.88674999999999 12.416746666666667,78.88632,78.88632 12.419921666666667,78.88589000000002,78.88589000000002 12.423106666666667,78.88546333333333,78.88546333333333 12.426295,78.88503666666668,78.88503666666668 12.429486666666664,78.88461,78.88461 12.432683333333333,78.88418333333334,78.88418333333334 12.435886666666665,78.88375500000001,78.88375500000001 12.439096666666666,78.883325,78.883325 12.442316666666667,78.88289166666667,78.88289166666667 12.445548333333333,78.88245666666666,78.88245666666666 12.448800000000004,78.88202,78.88202 12.452071666666667,78.88158333333335,78.88158333333335 12.455361666666665,78.88114666666667,78.88114666666667 12.458663333333332,78.88071,78.88071 12.461974999999999,78.88027333333334,78.88027333333334 12.465298333333331,78.87983666666666,78.87983666666666 12.468628333333333,78.8794,78.8794 12.471963333333333,78.87896333333333,78.87896333333333 12.4753,78.87852500000001,78.87852500000001 12.47864,78.87808666666668,78.87808666666668 12.481975,78.87764333333332,78.87764333333332 12.485303333333333,78.87719666666668,78.87719666666668 12.488626666666669,78.87674833333334,78.87674833333334 12.491946666666667,78.8763,78.8763 12.495261666666668,78.87584833333334,78.87584833333334 12.498571666666665,78.87539833333334,78.87539833333334 12.50188,78.87494666666667,78.87494666666667 12.50519,78.87449666666667,78.87449666666667 12.508503333333334,78.87404500000001,78.87404500000001 12.511823333333332,78.87359166666668,78.87359166666668 12.515153333333332,78.87313833333333,78.87313833333333 12.518493333333332,78.872685,78.872685 12.521843333333333,78.87223000000002,78.87223000000002 12.525208333333333,78.871775,78.871775 12.528581666666664,78.87131833333333,78.87131833333333 12.531961666666666,78.87086166666666,78.87086166666666 12.535353333333335,78.870405,78.870405 12.538753333333334,78.86994666666666,78.86994666666666 12.542158333333335,78.86948666666667,78.86948666666667 12.545568333333332,78.86902499999998,78.86902499999998 12.54898,78.86856166666666,78.86856166666666 12.552393333333336,78.86809833333334,78.86809833333334 12.555805000000001,78.867635,78.867635 12.559213333333334,78.86717,78.86717 12.562619999999999,78.866705,78.866705 12.566019999999998,78.86623833333334,78.86623833333334 12.569416666666665,78.86577000000001,78.86577000000001 12.572806666666668,78.86529833333334,78.86529833333334 12.576191666666666,78.86482666666666,78.86482666666666 12.57957,78.86435166666668,78.86435166666668 12.582938333333335,78.86387500000001,78.86387500000001 12.586298333333332,78.86339666666665,78.86339666666665 12.589649999999997,78.86291666666665,78.86291666666665 12.592998333333332,78.86243499999999,78.86243499999999 12.596345000000001,78.861955,78.861955 12.599683333333333,78.861475,78.861475 12.603015000000001,78.86099333333333,78.86099333333333 12.606343333333333,78.86051333333333,78.86051333333333 12.609666666666667,78.86003166666667,78.86003166666667 12.612986666666666,78.85954833333335,78.85954833333335 12.616303333333335,78.85906666666666,78.85906666666666 12.619611666666668,78.85858333333334,78.85858333333334 12.622911666666669,78.85809833333333,78.85809833333333 12.62621,78.857615,78.857615 12.629501666666666,78.85713000000001,78.85713000000001 12.63279,78.85664666666666,78.85664666666666 12.636075000000002,78.85616166666668,78.85616166666668 12.639356666666666,78.85567666666667,78.85567666666667 12.64264,78.85519166666667,78.85519166666667 12.645923333333332,78.85470833333335,78.85470833333335 12.649208333333334,78.85422333333334,78.85422333333334 12.652493333333334,78.85373999999999,78.85373999999999 12.655778333333336,78.85325666666667,78.85325666666667 12.65906333333333,78.85277500000001,78.85277500000001 12.662350000000002,78.85229166666667,78.85229166666667 12.665631666666666,78.85180999999999,78.85180999999999 12.668911666666668,78.85132666666667,78.85132666666667 12.67219,78.850845,78.850845 12.675468333333335,78.85036333333335,78.85036333333335 12.678746666666665,78.84988,78.84988 12.682025,78.84939833333333,78.84939833333333 12.685310000000001,78.84891833333333,78.84891833333333 12.688596666666669,78.84843833333333,78.84843833333333 12.691884999999997,78.84796,78.84796 12.695174999999999,78.84748166666667,78.84748166666667 12.698475000000002,78.84700500000001,78.84700500000001 12.701783333333333,78.84653166666666,78.84653166666666 12.705098333333334,78.84606000000001,78.84606000000001 12.708418333333336,78.84558999999999,78.84558999999999 12.711745,78.84512333333333,78.84512333333333 12.715066666666667,78.844655,78.844655 12.718385000000001,78.84418833333334,78.84418833333334 12.72170166666667,78.84371999999999,78.84371999999999 12.725015,78.84325500000001,78.84325500000001 12.728325,78.84278833333333,78.84278833333333 12.731628333333333,78.84232333333333,78.84232333333333 12.734931666666666,78.84185833333332,78.84185833333332 12.738238333333333,78.84139499999999,78.84139499999999 12.741546666666665,78.84093,78.84093 12.744858333333331,78.840465,78.840465 12.74818,78.83999833333334,78.83999833333334 12.751515,78.83952999999998,78.83952999999998 12.754864999999999,78.83906000000002,78.83906000000002 12.758231666666665,78.83859000000001,78.83859000000001 12.76161,78.83811833333333,78.83811833333333 12.765001666666668,78.83764833333333,78.83764833333333 12.768401666666666,78.83717666666668,78.83717666666668 12.771803333333333,78.836705,78.836705 12.77520666666667,78.83623166666666,78.83623166666666 12.778613333333332,78.83575833333332,78.83575833333332 12.782020000000001,78.835285,78.835285 12.785430000000002,78.83480999999999,78.83480999999999 12.788841666666666,78.83433500000001,78.83433500000001 12.792253333333335,78.83386,78.83386 12.795665,78.83338499999999,78.83338499999999 12.799073333333334,78.83290833333334,78.83290833333334 12.802485,78.83243,78.83243 12.8059,78.83195166666665,78.83195166666665 12.809316666666668,78.831475,78.831475 12.812735000000004,78.830995,78.830995 12.816156666666666,78.830515,78.830515 12.819584999999998,78.83003333333333,78.83003333333333 12.82302,78.82955166666667,78.82955166666667 12.826461666666667,78.82906833333332,78.82906833333332 12.829911666666666,78.82858333333334,78.82858333333334 12.833365,78.82809833333333,78.82809833333333 12.83682,78.82761166666667,78.82761166666667 12.840276666666666,78.82712333333333,78.82712333333333 12.843736666666667,78.826635,78.826635 12.847198333333331,78.82614333333332,78.82614333333332 12.85066,78.82565,78.82565 12.854123333333332,78.82515666666666,78.82515666666666 12.857588333333336,78.82466,78.82466 12.861049999999999,78.82416333333335,78.82416333333335 12.864511666666665,78.82366666666668,78.82366666666668 12.867969999999998,78.82316666666667,78.82316666666667 12.87142833333333,78.82266666666666,78.82266666666666 12.87489,78.82216499999998,78.82216499999998 12.878351666666667,78.82166166666667,78.82166166666667 12.88181666666667,78.82115666666667,78.82115666666667 12.885288333333332,78.82065333333333,78.82065333333333 12.88876,78.82015000000001,78.82015000000001 12.892233333333335,78.81964666666667,78.81964666666667 12.895708333333335,78.81914333333334,78.81914333333334 12.899186666666667,78.81864166666666,78.81864166666666 12.902666666666669,78.81813999999999,78.81813999999999 12.906145,78.81763833333333,78.81763833333333 12.909623333333332,78.81713666666666,78.81713666666666 12.913101666666668,78.816635,78.816635 12.916578333333332,78.81613333333333,78.81613333333333 12.920056666666667,78.81563,78.81563 12.923536666666665,78.81512666666666,78.81512666666666 12.927018333333335,78.81462333333334,78.81462333333334 12.930499999999999,78.81412,78.81412 12.933981666666668,78.813615,78.813615 12.937466666666667,78.81311166666666,78.81311166666666 12.940956666666667,78.81261,78.81261 12.944446666666666,78.81210833333333,78.81210833333333 12.947938333333331,78.81160833333333,78.81160833333333 12.951430000000002,78.81110666666667,78.81110666666667 12.954925000000001,78.81060666666669,78.81060666666669 12.958423333333332,78.81010666666667,78.81010666666667 12.961924999999999,78.80960833333333,78.80960833333333 12.96543,78.80910833333334,78.80910833333334 12.968943333333335,78.80860833333332,78.80860833333332 12.972465000000001,78.80810666666667,78.80810666666667 12.975999999999999,78.807605,78.807605 12.979541666666668,78.80710333333333,78.80710333333333 12.983088333333333,78.80659999999999,78.80659999999999 12.98664,78.80609333333332,78.80609333333332 12.990198333333336,78.80558833333332,78.80558833333332 12.993756666666664,78.80508166666665,78.80508166666665 12.997313333333333,78.80457333333332,78.80457333333332 13.000868333333335,78.804065,78.804065 13.004416666666668,78.803555,78.803555 13.007959999999999,78.80304166666667,78.80304166666667 13.011486666666668,78.802525,78.802525 13.014981666666666,78.80200166666667,78.80200166666667 13.018441666666668,78.80146833333333,78.80146833333333 13.021861666666666,78.80092833333335,78.80092833333335 13.025239999999998,78.80037666666666,78.80037666666666 13.028565,78.799815,78.799815 13.031838333333333,78.79924166666667,78.79924166666667 13.035063333333335,78.79866166666666,78.79866166666666 13.038235000000002,78.79807,78.79807 13.041350000000001,78.79747,78.79747 13.044413333333333,78.79686,78.79686 13.047428333333336,78.79624166666666,78.79624166666666 13.05038666666667,78.79561333333334,78.79561333333334 13.053278333333333,78.79497333333333,78.79497333333333 13.056099999999999,78.79432166666668,78.79432166666668 13.058849999999998,78.79365833333334,78.79365833333334 13.061519999999998,78.792985,78.792985 13.064116666666667,78.79230166666666,78.79230166666666 13.066639999999998,78.79161000000002,78.79161000000002 13.069099999999999,78.79091166666667,78.79091166666667 13.071508333333336,78.79021,78.79021 13.073871666666664,78.789505,78.789505 13.07619833333333,78.78879833333335,78.78879833333335 13.078498333333336,78.78809,78.78809 13.080760000000003,78.78737833333332,78.78737833333332 13.082971666666666,78.78665833333332,78.78665833333332 13.085133333333332,78.78593166666667,78.78593166666667 13.08724,78.78519666666665,78.78519666666665 13.089298333333332,78.78445499999998,78.78445499999998 13.091316666666668,78.78370666666667,78.78370666666667 13.09331,78.78295499999999,78.78295499999999 13.095286666666668,78.78219999999999,78.78219999999999 13.09725,78.78144166666665,78.78144166666665 13.099196666666668,78.78067999999999,78.78067999999999 13.101130000000001,78.77991666666667,78.77991666666667 13.103043333333336,78.77915,78.77915 13.104936666666667,78.77838,78.77838 13.106811666666665,78.77761,78.77761 13.108666666666664,78.77684,78.77684 13.110498333333332,78.77607166666667,78.77607166666667 13.112305,78.77530499999999,78.77530499999999 13.114095,78.77453833333334,78.77453833333334 13.115868333333333,78.77377333333334,78.77377333333334 13.117626666666668,78.77301166666668,78.77301166666668 13.119373333333334,78.77225000000001,78.77225000000001 13.121116666666667,78.77148999999999,78.77148999999999 13.122858333333333,78.77073000000001,78.77073000000001 13.124598333333331,78.76996833333332,78.76996833333332 13.126331666666667,78.76920666666666,78.76920666666666 13.128058333333335,78.76844333333334,78.76844333333334 13.129781666666666,78.76767833333332,78.76767833333332 13.131501666666667,78.766915,78.766915 13.13322,78.76615166666667,78.76615166666667 13.134933333333333,78.76539,78.76539 13.136645,78.76462833333333,78.76462833333333 13.138353333333336,78.76387,78.76387 13.140061666666668,78.76311166666666,78.76311166666666 13.141768333333335,78.762355,78.762355 13.143471666666667,78.76159999999999,78.76159999999999 13.145178333333336,78.76084666666667,78.76084666666667 13.146883333333335,78.760095,78.760095 13.148584999999999,78.759345,78.759345 13.150281666666668,78.75859666666666,78.75859666666666 13.151971666666668,78.75784999999999,78.75784999999999 13.153653333333335,78.757105,78.757105 13.155328333333333,78.75636,78.75636 13.157003333333336,78.75561666666668,78.75561666666668 13.158676666666668,78.75487499999998,78.75487499999998 13.16034,78.75413499999999,78.75413499999999 13.161996666666667,78.75339500000001,78.75339500000001 13.163661666666668,78.752655,78.752655 13.165331666666667,78.75191833333332,78.75191833333332 13.166995000000002,78.75118,78.75118 13.168656666666665,78.75044000000001,78.75044000000001 13.17032,78.74970166666667,78.74970166666667 13.171984999999998,78.74896166666666,78.74896166666666 13.173643333333334,78.74822166666667,78.74822166666667 13.175295000000002,78.74747833333333,78.74747833333333 13.17693833333333,78.746735,78.746735 13.178571666666668,78.74598999999999,78.74598999999999 13.180193333333335,78.745245,78.745245 13.181798333333333,78.74449666666666,78.74449666666666 13.183383333333333,78.74375,78.74375 13.184945,78.74300000000001,78.74300000000001 13.186481666666669,78.74225000000001,78.74225000000001 13.18799,78.7415,78.7415 13.18947166666667,78.74074833333334,78.74074833333334 13.190929999999998,78.73999833333335,78.73999833333335 13.192368333333333,78.73924666666667,78.73924666666667 13.193783333333334,78.73849499999999,78.73849499999999 13.195184999999999,78.73774499999999,78.73774499999999 13.196570000000001,78.736995,78.736995 13.197938333333333,78.73624499999998,78.73624499999998 13.199288333333335,78.73549500000001,78.73549500000001 13.200624999999999,78.73474333333334,78.73474333333334 13.201949999999998,78.73399166666665,78.73399166666665 13.203263333333332,78.73324,78.73324 13.204558333333335,78.73248666666667,78.73248666666667 13.20584,78.73173333333334,78.73173333333334 13.207113333333332,78.73097833333333,78.73097833333333 13.208373333333336,78.73022333333334,78.73022333333334 13.20962,78.72946833333333,78.72946833333333 13.210853333333333,78.72871333333332,78.72871333333332 13.212075,78.72795666666667,78.72795666666667 13.213286666666667,78.7272,78.7272 13.214481666666666,78.72644166666667,78.72644166666667 13.215665000000001,78.72568333333334,78.72568333333334 13.216835,78.72492166666666,78.72492166666666 13.217994999999998,78.72416166666667,78.72416166666667 13.219145,78.72340000000001,78.72340000000001 13.220278333333331,78.72263833333334,78.72263833333334 13.221398333333331,78.72187500000001,78.72187500000001 13.222503333333334,78.72111166666666,78.72111166666666 13.223596666666666,78.72034833333333,78.72034833333333 13.224685,78.71958500000001,78.71958500000001 13.225776666666665,78.71882666666667,78.71882666666667 13.226875,78.71806833333333,78.71806833333333 13.227978333333333,78.71731499999999,78.71731499999999 13.229088333333335,78.71656333333334,78.71656333333334 13.230206666666666,78.71581333333334,78.71581333333334 13.231326666666666,78.71506666666667,78.71506666666667 13.232453333333336,78.71432166666668,78.71432166666668 13.233588333333334,78.71358000000001,78.71358000000001 13.234726666666667,78.71283833333335,78.71283833333335 13.235871666666666,78.71209833333334,78.71209833333334 13.23704166666667,78.71136166666666,78.71136166666666 13.238256666666667,78.71062666666667,78.71062666666667 13.239526666666666,78.70989333333334,78.70989333333334 13.240835,78.70916333333334,78.70916333333334 13.242186666666665,78.70843666666666,78.70843666666666 13.24358166666667,78.70771166666667,78.70771166666667 13.245004999999999,78.70698833333334,78.70698833333334 13.246426666666665,78.706265,78.706265 13.247845,78.70554166666668,78.70554166666668 13.249255000000002,78.70482000000001,78.70482000000001 13.250651666666664,78.70409833333333,78.70409833333333 13.252038333333333,78.70337666666667,78.70337666666667 13.253420000000002,78.70265666666667,78.70265666666667 13.254801666666667,78.70193833333332,78.70193833333332 13.256185000000002,78.70122,78.70122 13.257566666666666,78.70050166666665,78.70050166666665 13.258945000000002,78.699785,78.699785 13.260321666666666,78.69906833333332,78.69906833333332 13.261693333333334,78.69835333333334,78.69835333333334 13.26306,78.69763666666667,78.69763666666667 13.264418333333332,78.69692,78.69692 13.265771666666668,78.69620499999999,78.69620499999999 13.267124999999998,78.69548999999999,78.69548999999999 13.268476666666668,78.694775,78.694775 13.26982,78.69406000000001,78.69406000000001 13.271153333333332,78.693345,78.693345 13.272481666666668,78.69262833333333,78.69262833333333 13.273803333333333,78.69191166666666,78.69191166666666 13.275121666666665,78.691195,78.691195 13.276435,78.69047833333333,78.69047833333333 13.277739999999996,78.68976166666666,78.68976166666666 13.279038333333332,78.689045,78.689045 13.280325000000001,78.68832833333332,78.68832833333332 13.281598333333331,78.68760999999999,78.68760999999999 13.282860000000001,78.68689166666665,78.68689166666665 13.28412,78.68616999999999,78.68616999999999 13.285380000000002,78.68544333333332,78.68544333333332 13.286641666666666,78.68471166666666,78.68471166666666 13.287911666666666,78.68397333333334,78.68397333333334 13.289190000000001,78.68323,78.68323 13.290471666666669,78.68248166666667,78.68248166666667 13.291758333333334,78.68172666666666,78.68172666666666 13.293050000000003,78.68096833333333,78.68096833333333 13.29435166666667,78.68020499999999,78.68020499999999 13.295663333333334,78.67943666666667,78.67943666666667 13.296983333333332,78.67866500000001,78.67866500000001 13.298313333333331,78.67788833333334,78.67788833333334 13.29966,78.67710666666667,78.67710666666667 13.301025,78.67632,78.67632 13.302396666666667,78.67553166666667,78.67553166666667 13.303773333333334,78.67474,78.67474 13.305158333333337,78.67394500000002,78.67394500000002 13.306556666666665,78.67314833333332,78.67314833333332 13.307956666666666,78.67234833333333,78.67234833333333 13.309356666666668,78.67154666666667,78.67154666666667 13.310758333333334,78.670745,78.670745 13.312159999999997,78.66993833333332,78.66993833333332 13.313550000000001,78.66913166666666,78.66913166666666 13.314931666666668,78.66832000000001,78.66832000000001 13.316308333333332,78.66750833333334,78.66750833333334 13.31767166666667,78.66669333333333,78.66669333333333 13.319023333333334,78.66587666666666,78.66587666666666 13.320368333333333,78.66506166666666,78.66506166666666 13.321705,78.66424333333333,78.66424333333333 13.323033333333335,78.663425,78.663425 13.324354999999997,78.66260500000001,78.66260500000001 13.325681666666666,78.661785,78.661785 13.327013333333332,78.66096333333334,78.66096333333334 13.328348333333336,78.66013833333334,78.66013833333334 13.329686666666666,78.65931333333334,78.65931333333334 13.331031666666668,78.65848500000001,78.65848500000001 13.332378333333333,78.65765666666667,78.65765666666667 13.333728333333333,78.65682833333334,78.65682833333334 13.33508166666667,78.65599833333334,78.65599833333334 13.336440000000001,78.65516833333334,78.65516833333334 13.337798333333334,78.65433833333333,78.65433833333333 13.339158333333334,78.65351,78.65351 13.340523333333334,78.65268333333333,78.65268333333333 13.341896666666667,78.65185666666667,78.65185666666667 13.343273333333332,78.65103333333333,78.65103333333333 13.344648333333334,78.65020999999999,78.65020999999999 13.34601166666667,78.64938666666667,78.64938666666667 13.347376666666666,78.648565,78.648565 13.348746666666667,78.64774500000001,78.64774500000001 13.350111666666665,78.64692666666666,78.64692666666666 13.351469999999999,78.64610666666667,78.64610666666667 13.352829999999997,78.64529,78.64529 13.354186666666664,78.64447166666667,78.64447166666667 13.355538333333335,78.64365333333332,78.64365333333332 13.35689,78.64283499999999,78.64283499999999 13.358245,78.64201666666666,78.64201666666666 13.359603333333332,78.6412,78.6412 13.360963333333334,78.64038166666666,78.64038166666666 13.362326666666668,78.63956499999999,78.63956499999999 13.363684999999997,78.63874833333333,78.63874833333333 13.365031666666669,78.63793000000001,78.63793000000001 13.366366666666668,78.63711333333335,78.63711333333335 13.367691666666667,78.63629666666667,78.63629666666667 13.369001666666668,78.63548166666666,78.63548166666666 13.370294999999997,78.634665,78.634665 13.371573333333334,78.63384833333333,78.63384833333333 13.37284,78.63303333333333,78.63303333333333 13.374094999999999,78.63221666666666,78.63221666666666 13.375341666666667,78.63140166666668,78.63140166666668 13.376581666666667,78.63058666666667,78.63058666666667 13.377818333333334,78.62977333333333,78.62977333333333 13.37905,78.62895999999999,78.62895999999999 13.38028,78.62814666666665,78.62814666666665 13.381511666666666,78.627335,78.627335 13.382736666666665,78.62652166666666,78.62652166666666 13.38395833333333,78.62571166666667,78.62571166666667 13.385181666666664,78.6249,78.6249 13.38640333333333,78.62409166666666,78.62409166666666 13.387621666666668,78.62328333333333,78.62328333333333 13.38884,78.62247666666667,78.62247666666667 13.39005833333333,78.62167166666666,78.62167166666666 13.39127,78.62086833333332,78.62086833333332 13.392473333333333,78.620065,78.620065 13.393675,78.61926333333335,78.61926333333335 13.394873333333331,78.61846166666666,78.61846166666666 13.396070000000002,78.61766166666668,78.61766166666668 13.397265,78.61686333333334,78.61686333333334 13.398461666666666,78.61606666666667,78.61606666666667 13.399654999999997,78.61527000000001,78.61527000000001 13.400843333333333,78.61447333333334,78.61447333333334 13.402028333333332,78.61367666666666,78.61367666666666 13.403208333333337,78.61288,78.61288 13.404390000000001,78.61208333333333,78.61208333333333 13.405581666666667,78.61128666666666,78.61128666666666 13.406794999999999,78.61049166666666,78.61049166666666 13.408026666666666,78.60969833333334,78.60969833333334 13.40928,78.60890333333333,78.60890333333333 13.410566666666666,78.60811166666667,78.60811166666667 13.411893333333335,78.60731999999999,78.60731999999999 13.41324,78.60653166666665,78.60653166666665 13.41461,78.60574333333335,78.60574333333335 13.416006666666666,78.60495666666668,78.60495666666668 13.417423333333332,78.60417000000001,78.60417000000001 13.418856666666668,78.60338666666667,78.60338666666667 13.420315000000002,78.60260333333335,78.60260333333335 13.421803333333331,78.60182333333334,78.60182333333334 13.423314999999999,78.60104500000001,78.60104500000001 13.424846666666667,78.60026833333335,78.60026833333335 13.426403333333333,78.59949333333333,78.59949333333333 13.427979999999998,78.59872000000001,78.59872000000001 13.42957,78.59794833333332,78.59794833333332 13.431171666666668,78.59718,78.59718 13.432785,78.59641166666668,78.59641166666668 13.434398333333336,78.595645,78.595645 13.436018333333333,78.59487999999999,78.59487999999999 13.437638333333332,78.594115,78.594115 13.439253333333331,78.59335,78.59335 13.440863333333334,78.59258666666668,78.59258666666668 13.442466666666666,78.59182333333332,78.59182333333332 13.44406166666667,78.59106,78.59106 13.445656666666666,78.59029833333334,78.59029833333334 13.447239999999999,78.58953833333334,78.58953833333334 13.448800000000004,78.58877833333334,78.58877833333334 13.450346666666666,78.58802,78.58802 13.451885,78.58726166666666,78.58726166666666 13.453413333333334,78.58650500000002,78.58650500000002 13.454935,78.58574833333334,78.58574833333334 13.456458333333334,78.58499333333333,78.58499333333333 13.457985,78.58424,78.58424 13.45951,78.58348833333334,78.58348833333334 13.46104,78.58273833333334,78.58273833333334 13.462571666666669,78.58198833333333,78.58198833333333 13.464096666666668,78.58123833333333,78.58123833333333 13.465608333333334,78.58048833333334,78.58048833333334 13.467108333333334,78.57973666666666,78.57973666666666 13.468598333333334,78.57898666666667,78.57898666666667 13.470075,78.57823666666667,78.57823666666667 13.471538333333333,78.57748666666666,78.57748666666666 13.472993333333335,78.57673666666666,78.57673666666666 13.474443333333333,78.57598666666667,78.57598666666667 13.475878333333334,78.57523666666665,78.57523666666665 13.477298333333334,78.57448666666666,78.57448666666666 13.478704999999998,78.57373833333332,78.57373833333332 13.480104999999998,78.57298833333331,78.57298833333331 13.48149,78.57223833333335,78.57223833333335 13.482861666666668,78.571485,78.571485 13.484225,78.57073,78.57073 13.485589999999997,78.56997166666666,78.56997166666666 13.48695166666667,78.56921166666666,78.56921166666666 13.488306666666665,78.56845,78.56845 13.489661666666667,78.56768833333334,78.56768833333334 13.491010000000003,78.56692333333334,78.56692333333334 13.492351666666666,78.56615833333335,78.56615833333335 13.493691666666667,78.56538999999998,78.56538999999998 13.495028333333334,78.56462,78.56462 13.496360000000001,78.56384833333333,78.56384833333333 13.497688333333333,78.56307333333332,78.56307333333332 13.499016666666666,78.56229666666667,78.56229666666667 13.500348333333335,78.56151833333334,78.56151833333334 13.501681666666665,78.56073666666666,78.56073666666666 13.503015000000001,78.55995166666666,78.55995166666666 13.504346666666665,78.559165,78.559165 13.505676666666668,78.558375,78.558375 13.507008333333333,78.557585,78.557585 13.508336666666667,78.55679333333333,78.55679333333333 13.509660000000002,78.55599999999998,78.55599999999998 13.51098,78.555205,78.555205 13.512294999999998,78.55440833333333,78.55440833333333 13.513608333333332,78.55361,78.55361 13.514933333333332,78.55281166666667,78.55281166666667 13.516261666666665,78.55201333333333,78.55201333333333 13.517585,78.55121333333332,78.55121333333332 13.51891,78.55041333333332,78.55041333333332 13.520233333333332,78.54961333333334,78.54961333333334 13.52155,78.54881166666668,78.54881166666668 13.522861666666664,78.54801166666667,78.54801166666667 13.524168333333334,78.54720833333334,78.54720833333334 13.52547,78.54640500000001,78.54640500000001 13.526771666666667,78.54560166666666,78.54560166666666 13.528073333333335,78.54479666666666,78.54479666666666 13.529375,78.54399,78.54399 13.530678333333334,78.54318333333335,78.54318333333335 13.531981666666667,78.54237333333333,78.54237333333333 13.533283333333335,78.54156166666668,78.54156166666668 13.534589999999998,78.54074833333334,78.54074833333334 13.535900000000002,78.53993333333334,78.53993333333334 13.537216666666666,78.53911833333333,78.53911833333333 13.538545,78.53830166666667,78.53830166666667 13.539883333333334,78.53748666666667,78.53748666666667 13.54123,78.53667,78.53667 13.54258,78.53585666666666,78.53585666666666 13.543934999999998,78.53504333333333,78.53504333333333 13.545293333333333,78.53423333333332,78.53423333333332 13.546661666666667,78.53342666666668,78.53342666666668 13.548045,78.53262166666667,78.53262166666667 13.549446666666666,78.53182,78.53182 13.55087166666667,78.53102166666666,78.53102166666666 13.552328333333332,78.53022833333333,78.53022833333333 13.55381,78.52943833333333,78.52943833333333 13.555308333333334,78.52865166666668,78.52865166666668 13.556826666666664,78.52787,78.52787 13.558364999999998,78.52709,78.52709 13.559915000000002,78.52631333333333,78.52631333333333 13.561466666666668,78.52553833333332,78.52553833333332 13.563023333333335,78.52476666666666,78.52476666666666 13.564580000000001,78.523995,78.523995 13.566141666666665,78.52322333333333,78.52322333333333 13.567705000000002,78.52245333333335,78.52245333333335 13.569275000000001,78.52168333333334,78.52168333333334 13.570846666666668,78.520915,78.520915 13.572416666666667,78.52014833333334,78.52014833333334 13.573989999999998,78.51938166666666,78.51938166666666 13.575565,78.51861833333334,78.51861833333334 13.577136666666668,78.51785499999998,78.51785499999998 13.578706666666667,78.51709166666666,78.51709166666666 13.580278333333334,78.51633166666666,78.51633166666666 13.581855,78.51557166666666,78.51557166666666 13.58343666666667,78.51481166666666,78.51481166666666 13.585023333333332,78.51405333333332,78.51405333333332 13.586614999999998,78.51329333333332,78.51329333333332 13.58821,78.51253499999999,78.51253499999999 13.589801666666666,78.51177500000001,78.51177500000001 13.591384999999999,78.51101666666668,78.51101666666668 13.592960000000001,78.51025666666665,78.51025666666665 13.594528333333336,78.50949666666668,78.50949666666668 13.59609,78.50873833333334,78.50873833333334 13.597643333333334,78.50797833333331,78.50797833333331 13.599189999999998,78.50722166666667,78.50722166666667 13.600733333333334,78.50646333333333,78.50646333333333 13.602271666666665,78.50570666666668,78.50570666666668 13.603803333333333,78.50494833333335,78.50494833333335 13.605328333333333,78.50419166666667,78.50419166666667 13.606843333333332,78.50343333333333,78.50343333333333 13.60835,78.502675,78.502675 13.60985,78.501915,78.501915 13.61134333333333,78.50115666666667,78.50115666666667 13.612825000000003,78.50039666666666,78.50039666666666 13.614301666666664,78.49963666666666,78.49963666666666 13.615775,78.49887666666667,78.49887666666667 13.617238333333333,78.49811666666666,78.49811666666666 13.618693333333331,78.49735666666668,78.49735666666668 13.620143333333333,78.49659666666666,78.49659666666666 13.621586666666666,78.49583666666668,78.49583666666668 13.623023333333332,78.49507666666666,78.49507666666666 13.624456666666667,78.49431666666666,78.49431666666666 13.625886666666666,78.49355666666666,78.49355666666666 13.627311666666666,78.49279666666666,78.49279666666666 13.628730000000001,78.49203833333333,78.49203833333333 13.630143333333336,78.49127833333334,78.49127833333334 13.631548333333335,78.49051833333333,78.49051833333333 13.632943333333333,78.48975833333334,78.48975833333334 13.634326666666668,78.489,78.489 13.635701666666666,78.48824166666667,78.48824166666667 13.637070000000003,78.48748499999999,78.48748499999999 13.638428333333332,78.48672666666666,78.48672666666666 13.639776666666668,78.48597166666667,78.48597166666667 13.64112,78.485215,78.485215 13.642453333333334,78.48446000000001,78.48446000000001 13.64378,78.483705,78.483705 13.645103333333333,78.48295166666666,78.48295166666666 13.646425,78.48219666666668,78.48219666666668 13.647738333333333,78.48144333333333,78.48144333333333 13.649043333333333,78.48069000000001,78.48069000000001 13.650343333333335,78.47993666666666,78.47993666666666 13.651641666666668,78.47918500000002,78.47918500000002 13.652928333333334,78.47843166666667,78.47843166666667 13.654206666666669,78.47768,78.47768 13.65548,78.47693,78.47693 13.656743333333335,78.47618,78.47618 13.657989999999998,78.47542833333334,78.47542833333334 13.659221666666667,78.47467833333333,78.47467833333333 13.660434999999998,78.47392666666667,78.47392666666667 13.661629999999999,78.47317666666667,78.47317666666667 13.662803333333333,78.47242333333334,78.47242333333334 13.663953333333334,78.47166999999999,78.47166999999999 13.665083333333332,78.47091666666667,78.47091666666667 13.666201666666666,78.47016333333332,78.47016333333332 13.667308333333336,78.46941,78.46941 13.668393333333333,78.46865666666666,78.46865666666666 13.669461666666665,78.46790333333334,78.46790333333334 13.670534999999997,78.46715000000002,78.46715000000002 13.671606666666666,78.46640000000001,78.46640000000001 13.672675000000002,78.46565000000001,78.46565000000001 13.673741666666668,78.46490333333334,78.46490333333334 13.67482,78.46415833333334,78.46415833333334 13.675915000000002,78.46341666666667,78.46341666666667 13.677016666666669,78.46267666666665,78.46267666666665 13.678126666666667,78.46193833333334,78.46193833333334 13.679248333333332,78.46120166666665,78.46120166666665 13.680385000000001,78.46046833333332,78.46046833333332 13.681531666666668,78.45973666666666,78.45973666666666 13.682693333333336,78.45900833333334,78.45900833333334 13.683863333333333,78.45828166666666,78.45828166666666 13.685041666666667,78.45755666666668,78.45755666666668 13.686225,78.456835,78.456835 13.687418333333335,78.456115,78.456115 13.688625000000002,78.45539833333333,78.45539833333333 13.689838333333332,78.45468333333332,78.45468333333332 13.69106,78.45397166666667,78.45397166666667 13.692303333333331,78.45326333333333,78.45326333333333 13.693555,78.45255666666667,78.45255666666667 13.694808333333334,78.45185333333333,78.45185333333333 13.696068333333336,78.45115166666666,78.45115166666666 13.69734,78.45045166666668,78.45045166666668 13.698621666666668,78.449755,78.449755 13.69991,78.44906166666667,78.44906166666667 13.701205000000002,78.44836833333335,78.44836833333335 13.702518333333334,78.44767833333334,78.44767833333334 13.703853333333333,78.44699166666665,78.44699166666665 13.705198333333334,78.446305,78.446305 13.706551666666666,78.44562166666665,78.44562166666665 13.707920000000003,78.44493833333331,78.44493833333331 13.709304999999999,78.444255,78.444255 13.710703333333335,78.44357166666667,78.44357166666667 13.712105,78.44288833333333,78.44288833333333 13.713501666666666,78.44220499999999,78.44220499999999 13.714891666666665,78.44151833333333,78.44151833333333 13.71628,78.44083,78.44083 13.717668333333332,78.44014166666666,78.44014166666666 13.719063333333333,78.43944833333332,78.43944833333332 13.720473333333333,78.43875666666668,78.43875666666668 13.721905,78.43806333333333,78.43806333333333 13.723355,78.43737,78.43737 13.724818333333333,78.43667500000001,78.43667500000001 13.726293333333334,78.43598,78.43598 13.727788333333335,78.43528333333335,78.43528333333335 13.729298333333336,78.434585,78.434585 13.73082166666667,78.43388666666668,78.43388666666668 13.732356666666666,78.43318666666667,78.43318666666667 13.733901666666666,78.432485,78.432485 13.735451666666664,78.43178333333334,78.43178333333334 13.736989999999999,78.43108000000001,78.43108000000001 13.738511666666666,78.43037333333334,78.43037333333334 13.740021666666667,78.42966500000001,78.42966500000001 13.741510000000002,78.42895333333331,78.42895333333331 13.742961666666666,78.42823833333334,78.42823833333334 13.744381666666666,78.42752166666666,78.42752166666666 13.745771666666668,78.42680166666668,78.42680166666668 13.747141666666668,78.42608166666668,78.42608166666668 13.74849,78.42536000000001,78.42536000000001 13.749823333333332,78.42463833333333,78.42463833333333 13.751153333333331,78.42391500000001,78.42391500000001 13.752478333333334,78.42319333333334,78.42319333333334 13.753794999999998,78.42247,78.42247 13.755106666666666,78.42174833333334,78.42174833333334 13.756408333333333,78.42102499999999,78.42102499999999 13.7577,78.42029833333333,78.42029833333333 13.758989999999997,78.41957333333333,78.41957333333333 13.760273333333336,78.41884499999999,78.41884499999999 13.761555,78.41811666666668,78.41811666666668 13.762840000000002,78.41738666666667,78.41738666666667 13.76413,78.41665833333333,78.41665833333333 13.765421666666667,78.41592833333335,78.41592833333335 13.766716666666666,78.41519666666666,78.41519666666666 13.768013333333334,78.41446833333332,78.41446833333332 13.769311666666667,78.41374333333333,78.41374333333333 13.770605,78.41301833333333,78.41301833333333 13.771896666666665,78.41229666666666,78.41229666666666 13.773191666666667,78.41157666666666,78.41157666666666 13.774486666666666,78.41085833333334,78.41085833333334 13.775771666666666,78.41014,78.41014 13.777058333333333,78.40942333333334,78.40942333333334 13.77835,78.408705,78.408705 13.77964,78.40798833333334,78.40798833333334 13.780935,78.40727166666667,78.40727166666667 13.782240000000002,78.406555,78.406555 13.783555000000002,78.40583833333334,78.40583833333334 13.784876666666664,78.40512,78.40512 13.786203333333333,78.40440333333332,78.40440333333332 13.787536666666666,78.40368666666666,78.40368666666666 13.788876666666667,78.40296833333333,78.40296833333333 13.790215,78.40225166666669,78.40225166666669 13.791555,78.40153333333333,78.40153333333333 13.792898333333335,78.400815,78.400815 13.794245,78.40009833333333,78.40009833333333 13.795591666666665,78.39938,78.39938 13.796941666666665,78.398665,78.398665 13.798293333333332,78.39794833333335,78.39794833333335 13.79964,78.39723333333332,78.39723333333332 13.800976666666667,78.39651833333333,78.39651833333333 13.802311666666666,78.395805,78.395805 13.80364,78.39509333333332,78.39509333333332 13.804958333333333,78.39438166666667,78.39438166666667 13.806269999999998,78.39367333333334,78.39367333333334 13.807576666666666,78.39296833333334,78.39296833333334 13.808871666666668,78.39226666666667,78.39226666666667 13.810149999999998,78.39156666666666,78.39156666666666 13.811408333333334,78.39087166666665,78.39087166666665 13.812658333333331,78.39017999999999,78.39017999999999 13.813905,78.38949166666666,78.38949166666666 13.81514,78.38880833333333,78.38880833333333 13.816361666666667,78.38812666666665,78.38812666666665 13.817579999999998,78.38745166666665,78.38745166666665 13.818798333333332,78.38677833333334,78.38677833333334 13.820018333333334,78.38610833333334,78.38610833333334 13.82124,78.38544333333331,78.38544333333331 13.822460000000001,78.38478166666667,78.38478166666667 13.823676666666664,78.38412333333333,78.38412333333333 13.824886666666664,78.38346666666666,78.38346666666666 13.826096666666668,78.38281166666667,78.38281166666667 13.827311666666667,78.38215833333335,78.38215833333335 13.828531666666667,78.38150666666667,78.38150666666667 13.829746666666665,78.38085833333334,78.38085833333334 13.830958333333335,78.38021,78.38021 13.832168333333335,78.37956666666666,78.37956666666666 13.833373333333336,78.37892333333332,78.37892333333332 13.834573333333331,78.37828333333333,78.37828333333333 13.835765,78.37764499999999,78.37764499999999 13.836946666666666,78.37700833333332,78.37700833333332 13.838126666666668,78.37637333333333,78.37637333333333 13.839301666666664,78.37573833333333,78.37573833333333 13.840476666666667,78.37510166666667,78.37510166666667 13.841651666666667,78.37446499999999,78.37446499999999 13.842826666666667,78.37382833333332,78.37382833333332 13.843988333333336,78.37319166666666,78.37319166666666 13.845135000000003,78.37255333333331,78.37255333333331 13.846273333333333,78.37191333333332,78.37191333333332 13.847413333333336,78.37127166666667,78.37127166666667 13.848550000000001,78.37062999999999,78.37062999999999 13.84968,78.36998666666666,78.36998666666666 13.850798333333334,78.36934166666666,78.36934166666666 13.851900000000002,78.36869666666665,78.36869666666665 13.852988333333334,78.36804999999998,78.36804999999998 13.854075,78.36740499999998,78.36740499999998 13.855156666666668,78.36676,78.36676 13.85623,78.36611666666666,78.36611666666666 13.857293333333335,78.36547333333334,78.36547333333334 13.858351666666666,78.36483166666667,78.36483166666667 13.859408333333333,78.36419,78.36419 13.86046,78.36354833333334,78.36354833333334 13.861509999999997,78.36290666666666,78.36290666666666 13.86256,78.36226500000001,78.36226500000001 13.863608333333334,78.36162333333333,78.36162333333333 13.864656666666667,78.36098,78.36098 13.865705,78.36033499999999,78.36033499999999 13.866756666666667,78.35968999999999,78.35968999999999 13.867810000000002,78.35904666666667,78.35904666666667 13.868859999999998,78.35840666666665,78.35840666666665 13.869899999999998,78.35776666666668,78.35776666666668 13.870933333333333,78.35713000000001,78.35713000000001 13.871966666666667,78.35649500000001,78.35649500000001 13.873000000000003,78.35585999999999,78.35585999999999 13.874035000000001,78.35522833333334,78.35522833333334 13.875065,78.3546,78.3546 13.876091666666664,78.35396999999999,78.35396999999999 13.87712166666667,78.35334333333334,78.35334333333334 13.878156666666667,78.35271833333333,78.35271833333333 13.879190000000003,78.35209333333334,78.35209333333334 13.880226666666667,78.35146999999999,78.35146999999999 13.881276666666668,78.35085,78.35085 13.882338333333333,78.35023166666666,78.35023166666666 13.883401666666668,78.34961333333332,78.34961333333332 13.884463333333333,78.34899833333334,78.34899833333334 13.885525,78.34838500000002,78.34838500000002 13.886591666666666,78.347775,78.347775 13.887651666666667,78.34716499999999,78.34716499999999 13.888708333333334,78.34655833333332,78.34655833333332 13.889768333333333,78.34595499999999,78.34595499999999 13.890830000000001,78.34535166666667,78.34535166666667 13.89188,78.34475333333333,78.34475333333333 13.892915000000002,78.34415666666668,78.34415666666668 13.893938333333333,78.34356166666666,78.34356166666666 13.894961666666667,78.34297,78.34297 13.895989999999998,78.34238166666668,78.34238166666668 13.897015,78.341795,78.341795 13.898030000000002,78.34121166666668,78.34121166666668 13.899034999999998,78.34062999999999,78.34062999999999 13.900041666666667,78.34004833333334,78.34004833333334 13.901071666666665,78.33947166666667,78.33947166666667 13.902149999999997,78.33889833333333,78.33889833333333 13.903296666666664,78.33832999999998,78.33832999999998 13.904536666666669,78.33777,78.33777 13.90588166666667,78.33722,78.33722 13.907325,78.33668166666668,78.33668166666668 13.908863333333333,78.33615166666667,78.33615166666667 13.910511666666665,78.33563000000001,78.33563000000001 13.912298333333336,78.33511833333333,78.33511833333333 13.914223333333334,78.33462166666666,78.33462166666666 13.916289999999998,78.33414,78.33414 13.918461666666666,78.33367333333334,78.33367333333334 13.920715,78.33321666666669,78.33321666666669 13.923065,78.33277500000001,78.33277500000001 13.925519999999999,78.33235,78.33235 13.928061666666666,78.33193999999999,78.33193999999999 13.930676666666667,78.33154666666665,78.33154666666665 13.933354999999999,78.33116833333334,78.33116833333334 13.936093333333336,78.33080666666666,78.33080666666666 13.938893333333333,78.33046166666668,78.33046166666668 13.941738333333335,78.33013333333334,78.33013333333334 13.944623333333334,78.32982,78.32982 13.947536666666666,78.329525,78.329525 13.95046,78.32924333333334,78.32924333333334 13.95338,78.32897333333334,78.32897333333334 13.956294999999999,78.32871499999999,78.32871499999999 13.959195,78.32846500000001,78.32846500000001 13.962074999999999,78.32821666666668,78.32821666666668 13.964940000000002,78.32797333333332,78.32797333333332 13.967804999999998,78.32773666666667,78.32773666666667 13.970678333333334,78.32750500000002,78.32750500000002 13.973563333333335,78.32728000000002,78.32728000000002 13.976461666666667,78.32706,78.32706 13.979381666666667,78.32684499999999,78.32684499999999 13.982330000000001,78.32663666666667,78.32663666666667 13.985301666666665,78.32643,78.32643 13.988293333333333,78.32623000000001,78.32623000000001 13.9913,78.32603333333334,78.32603333333334 13.99431,78.32583833333334,78.32583833333334 13.997318333333332,78.32564666666669,78.32564666666669 14.00032,78.32545333333334,78.32545333333334 14.003319999999999,78.32526,78.32526 14.006318333333336,78.32507333333332,78.32507333333332 14.009310000000001,78.32489000000001,78.32489000000001 14.01229,78.32471166666664,78.32471166666664 14.015255,78.32453666666666,78.32453666666666 14.01821,78.32436666666666,78.32436666666666 14.021158333333334,78.32420166666668,78.32420166666668 14.024108333333333,78.32404166666666,78.32404166666666 14.027054999999999,78.32388333333333,78.32388333333333 14.029995000000001,78.32372499999998,78.32372499999998 14.032929999999999,78.32356499999999,78.32356499999999 14.035855000000002,78.3234,78.3234 14.038765000000001,78.32323166666667,78.32323166666667 14.04165833333333,78.32305833333332,78.32305833333332 14.044524999999998,78.32288000000001,78.32288000000001 14.047363333333331,78.32269500000001,78.32269500000001 14.050178333333335,78.32250333333333,78.32250333333333 14.052971666666668,78.32230666666666,78.32230666666666 14.055755,78.32210833333333,78.32210833333333 14.058538333333335,78.32190833333334,78.32190833333334 14.061325,78.32171166666667,78.32171166666667 14.064119999999997,78.32151833333334,78.32151833333334 14.066926666666665,78.32132666666666,78.32132666666666 14.069748333333331,78.32113833333334,78.32113833333334 14.072581666666668,78.32095166666667,78.32095166666667 14.075431666666669,78.320765,78.320765 14.078296666666665,78.32057833333333,78.32057833333333 14.08118,78.32039666666667,78.32039666666667 14.084088333333332,78.32022,78.32022 14.087013333333333,78.32005166666667,78.32005166666667 14.089951666666664,78.31988666666666,78.31988666666666 14.092905,78.31972333333333,78.31972333333333 14.095873333333335,78.31956166666667,78.31956166666667 14.098858333333332,78.31939999999999,78.31939999999999 14.101856666666666,78.31924000000001,78.31924000000001 14.104868333333332,78.31907999999999,78.31907999999999 14.107893333333333,78.31892166666665,78.31892166666665 14.110930000000002,78.31876833333332,78.31876833333332 14.113966666666666,78.31861666666667,78.31861666666667 14.116996666666665,78.31846666666667,78.31846666666667 14.120018333333332,78.31831833333332,78.31831833333332 14.123023333333334,78.31817166666666,78.31817166666666 14.126015,78.318025,78.318025 14.128998333333334,78.31787999999999,78.31787999999999 14.131978333333333,78.31773666666666,78.31773666666666 14.134958333333334,78.31759666666666,78.31759666666666 14.137944999999998,78.31746000000001,78.31746000000001 14.140933333333333,78.31732666666667,78.31732666666667 14.143921666666666,78.31719499999998,78.31719499999998 14.146920000000001,78.31706833333334,78.31706833333334 14.149941666666665,78.31694166666665,78.31694166666665 14.152994999999999,78.31681833333333,78.31681833333333 14.15608,78.316695,78.316695 14.159190000000002,78.31657166666666,78.31657166666666 14.162331666666669,78.31644666666665,78.31644666666665 14.165500000000002,78.31631999999999,78.31631999999999 14.168685000000002,78.31619666666667,78.31619666666667 14.171885000000001,78.31607333333334,78.31607333333334 14.175093333333333,78.31594833333334,78.31594833333334 14.178303333333334,78.31581833333334,78.31581833333334 14.181508333333333,78.31568166666666,78.31568166666666 14.184708333333333,78.31553666666667,78.31553666666667 14.187896666666667,78.31538666666667,78.31538666666667 14.191076666666667,78.31523833333334,78.31523833333334 14.19425,78.31509,78.31509 14.197415,78.31494333333332,78.31494333333332 14.200566666666667,78.31479666666667,78.31479666666667 14.203703333333332,78.31464500000001,78.31464500000001 14.206820000000002,78.31448833333333,78.31448833333333 14.209921666666665,78.31432833333334,78.31432833333334 14.213003333333331,78.31416166666666,78.31416166666666 14.216063333333333,78.31398666666668,78.31398666666668 14.219096666666667,78.31380000000001,78.31380000000001 14.222104999999999,78.31360333333335,78.31360333333335 14.225086666666666,78.31339500000001,78.31339500000001 14.228041666666664,78.31317666666666,78.31317666666666 14.230975,78.31295,78.31295 14.233900000000004,78.31272000000001,78.31272000000001 14.236818333333334,78.31249166666666,78.31249166666666 14.239741666666665,78.31226333333333,78.31226333333333 14.242669999999997,78.31204166666666,78.31204166666666 14.245605000000001,78.31182166666667,78.31182166666667 14.248541666666666,78.31160499999999,78.31160499999999 14.251483333333331,78.31139166666667,78.31139166666667 14.254428333333333,78.31118166666668,78.31118166666668 14.257366666666666,78.31097333333332,78.31097333333332 14.260299999999999,78.310765,78.310765 14.263233333333336,78.31056,78.31056 14.26617666666667,78.31036166666667,78.31036166666667 14.269126666666667,78.31016833333332,78.31016833333332 14.272081666666667,78.30997500000001,78.30997500000001 14.275045,78.30978666666667,78.30978666666667 14.278018333333335,78.3096,78.3096 14.281001666666668,78.30941833333333,78.30941833333333 14.283995000000003,78.30923999999999,78.30923999999999 14.286996666666669,78.309065,78.309065 14.290006666666667,78.30889333333332,78.30889333333332 14.293028333333334,78.30872500000001,78.30872500000001 14.296058333333335,78.30856333333332,78.30856333333332 14.299093333333333,78.30840333333335,78.30840333333335 14.302131666666666,78.30824666666668,78.30824666666668 14.305175000000002,78.30809500000001,78.30809500000001 14.308215,78.30794500000002,78.30794500000002 14.311248333333332,78.30779500000001,78.30779500000001 14.314269999999999,78.30764333333333,78.30764333333333 14.317278333333336,78.30748833333334,78.30748833333334 14.320270000000002,78.30732833333334,78.30732833333334 14.323246666666668,78.30716333333334,78.30716333333334 14.326210000000001,78.30699666666666,78.30699666666666 14.329163333333335,78.30682333333334,78.30682333333334 14.33211,78.30665000000002,78.30665000000002 14.335061666666666,78.30647833333333,78.30647833333333 14.338021666666668,78.30631333333335,78.30631333333335 14.340991666666666,78.30615166666666,78.30615166666666 14.343961666666667,78.30599333333332,78.30599333333332 14.346935,78.30583499999999,78.30583499999999 14.349906666666667,78.30567833333333,78.30567833333333 14.352878333333337,78.30552500000002,78.30552500000002 14.355850000000002,78.30537333333332,78.30537333333332 14.358818333333334,78.30522666666667,78.30522666666667 14.361785000000001,78.30508333333334,78.30508333333334 14.364753333333333,78.304945,78.304945 14.367723333333334,78.30481166666665,78.30481166666665 14.3707,78.30468333333334,78.30468333333334 14.373674999999999,78.304555,78.304555 14.376643333333334,78.30442666666666,78.30442666666666 14.3796,78.30429833333332,78.30429833333332 14.382546666666666,78.30417166666666,78.30417166666666 14.385485000000001,78.304045,78.304045 14.38841,78.30391833333333,78.30391833333333 14.391328333333334,78.30378833333333,78.30378833333333 14.394238333333332,78.30365833333335,78.30365833333335 14.397146666666668,78.30353000000001,78.30353000000001 14.400051666666664,78.3034,78.3034 14.402953333333334,78.30327,78.30327 14.405855,78.30313833333334,78.30313833333334 14.408750000000001,78.303005,78.303005 14.411639999999998,78.30287166666668,78.30287166666668 14.414521666666667,78.30273999999999,78.30273999999999 14.417394999999999,78.30261,78.30261 14.420261666666667,78.30247666666668,78.30247666666668 14.423126666666667,78.30234333333333,78.30234333333333 14.425995,78.30220833333334,78.30220833333334 14.428866666666666,78.30207166666668,78.30207166666668 14.431736666666666,78.30193,78.30193 14.434604999999998,78.30178333333335,78.30178333333335 14.437476666666665,78.30163666666667,78.30163666666667 14.440355,78.30148833333332,78.30148833333332 14.443236666666667,78.30133833333333,78.30133833333333 14.446124999999999,78.30118666666667,78.30118666666667 14.449016666666667,78.30103166666666,78.30103166666666 14.451915000000001,78.300875,78.300875 14.454819999999998,78.30071500000001,78.30071500000001 14.45773,78.30055333333333,78.30055333333333 14.460638333333335,78.30038666666665,78.30038666666665 14.463543333333334,78.30021666666667,78.30021666666667 14.466443333333334,78.300045,78.300045 14.469339999999999,78.29987333333334,78.29987333333334 14.47223166666667,78.29970333333334,78.29970333333334 14.475111666666667,78.29953166666665,78.29953166666665 14.477978333333331,78.29935833333333,78.29935833333333 14.480839999999999,78.29918500000001,78.29918500000001 14.483703333333336,78.29901333333335,78.29901333333335 14.486564999999999,78.29884166666666,78.29884166666666 14.489423333333331,78.29866833333334,78.29866833333334 14.492274999999998,78.298495,78.298495 14.495113333333332,78.298325,78.298325 14.497943333333334,78.29815666666667,78.29815666666667 14.50077,78.29799333333334,78.29799333333334 14.503589999999999,78.29783166666665,78.29783166666665 14.506403333333333,78.29767166666669,78.29767166666669 14.509208333333332,78.29751666666667,78.29751666666667 14.512010000000002,78.29736333333335,78.29736333333335 14.514809999999999,78.29721500000001,78.29721500000001 14.517603333333332,78.29706666666667,78.29706666666667 14.520396666666668,78.29692,78.29692 14.523190000000001,78.29677333333335,78.29677333333335 14.525990000000002,78.29662666666667,78.29662666666667 14.528798333333334,78.29647999999999,78.29647999999999 14.531613333333333,78.29633166666667,78.29633166666667 14.534434999999998,78.29618333333332,78.29618333333332 14.537264999999998,78.29603333333331,78.29603333333331 14.540099999999999,78.29588333333332,78.29588333333332 14.542941666666664,78.29573333333332,78.29573333333332 14.54579,78.29558166666668,78.29558166666668 14.548638333333335,78.29542833333333,78.29542833333333 14.551481666666666,78.295275,78.295275 14.554315,78.29511833333333,78.29511833333333 14.55714,78.29496166666665,78.29496166666665 14.559954999999999,78.29480333333332,78.29480333333332 14.562763333333333,78.29464166666666,78.29464166666666 14.565568333333331,78.29448166666666,78.29448166666666 14.568371666666666,78.29432666666668,78.29432666666668 14.57118,78.29417333333335,78.29417333333335 14.573988333333334,78.29402,78.29402 14.576803333333332,78.29386666666664,78.29386666666664 14.579626666666666,78.29371333333333,78.29371333333333 14.582458333333333,78.29356333333332,78.29356333333332 14.585296666666665,78.29341500000001,78.29341500000001 14.588138333333331,78.29326833333333,78.29326833333333 14.590980000000002,78.29312166666666,78.29312166666666 14.593821666666669,78.29297666666668,78.29297666666668 14.596661666666668,78.29283,78.29283 14.599486666666667,78.29268833333333,78.29268833333333 14.602281666666666,78.29254833333333,78.29254833333333 14.605053333333334,78.29241000000002,78.29241000000002 14.607806666666667,78.292275,78.292275 14.610541666666666,78.29214,78.29214 14.613259999999999,78.29200499999999,78.29200499999999 14.615961666666665,78.29187,78.29187 14.618649999999997,78.29173333333333,78.29173333333333 14.621325000000002,78.29159500000002,78.29159500000002 14.623988333333333,78.29145833333334,78.29145833333334 14.626643333333336,78.29131833333334,78.29131833333334 14.629288333333333,78.29117666666667,78.29117666666667 14.631926666666667,78.29103333333335,78.29103333333335 14.634558333333333,78.29088833333333,78.29088833333333 14.637191666666666,78.29074333333334,78.29074333333334 14.639825000000002,78.29059666666666,78.29059666666666 14.642456666666664,78.29045166666667,78.29045166666667 14.645085,78.29030666666667,78.29030666666667 14.647706666666666,78.29016166666668,78.29016166666668 14.650319999999999,78.29002000000001,78.29002000000001 14.652928333333334,78.28987666666666,78.28987666666666 14.655535,78.289735,78.289735 14.658146666666669,78.28959333333333,78.28959333333333 14.660758333333336,78.28945333333333,78.28945333333333 14.663366666666665,78.28931166666666,78.28931166666666 14.665976666666666,78.28917333333335,78.28917333333335 14.668596666666668,78.28903666666668,78.28903666666668 14.67123,78.28890666666666,78.28890666666666 14.673876666666668,78.28878166666668,78.28878166666668 14.676536666666667,78.28866333333333,78.28866333333333 14.67920333333333,78.28855,78.28855 14.68187,78.28843833333333,78.28843833333333 14.684529999999999,78.28832666666666,78.28832666666666 14.687184999999998,78.28821833333335,78.28821833333335 14.689835000000002,78.28811,78.28811 14.692486666666664,78.28800333333334,78.28800333333334 14.695138333333333,78.28790000000001,78.28790000000001 14.697778333333336,78.2878,78.2878 14.700401666666668,78.287705,78.287705 14.703011666666665,78.28761333333333,78.28761333333333 14.705603333333332,78.28752666666666,78.28752666666666 14.708181666666666,78.28744166666667,78.28744166666667 14.710738333333332,78.28735333333334,78.28735333333334 14.713281666666669,78.28726333333334,78.28726333333334 14.715815000000001,78.28717499999999,78.28717499999999 14.71834,78.28708666666667,78.28708666666667 14.720856666666668,78.28700166666667,78.28700166666667 14.723361666666666,78.28691666666667,78.28691666666667 14.725864999999999,78.286835,78.286835 14.728363333333334,78.28675499999999,78.28675499999999 14.730856666666666,78.28667833333334,78.28667833333334 14.733343333333334,78.28660333333335,78.28660333333335 14.735826666666664,78.28653333333334,78.28653333333334 14.738305,78.28646666666667,78.28646666666667 14.740773333333333,78.28640499999999,78.28640499999999 14.743234999999999,78.286345,78.286345 14.745690000000003,78.28628833333333,78.28628833333333 14.74814,78.28623333333333,78.28623333333333 14.750589999999999,78.286175,78.286175 14.753043333333334,78.28611000000001,78.28611000000001 14.755518333333335,78.28604000000001,78.28604000000001 14.758011666666668,78.28596666666668,78.28596666666668 14.760521666666666,78.28588833333333,78.28588833333333 14.76304,78.285805,78.285805 14.765565,78.28571333333332,78.28571333333332 14.768091666666665,78.28561166666667,78.28561166666667 14.770618333333335,78.28550166666666,78.28550166666666 14.77314,78.28538,78.28538 14.775658333333334,78.28525166666665,78.28525166666665 14.778173333333333,78.28511833333333,78.28511833333333 14.78068333333333,78.28498166666668,78.28498166666668 14.783178333333336,78.28483666666666,78.28483666666666 14.785655000000002,78.284685,78.284685 14.788113333333333,78.28452833333336,78.28452833333336 14.790556666666665,78.28436500000001,78.28436500000001 14.792993333333335,78.2842,78.2842 14.795421666666668,78.28403333333334,78.28403333333334 14.797841666666667,78.28386333333333,78.28386333333333 14.800246666666666,78.28368666666668,78.28368666666668 14.802638333333334,78.28350333333333,78.28350333333333 14.805023333333335,78.283315,78.283315 14.8074,78.28312,78.28312 14.809771666666666,78.28291666666668,78.28291666666668 14.812138333333333,78.28270833333333,78.28270833333333 14.814506666666666,78.28249666666667,78.28249666666667 14.816888333333333,78.28228666666668,78.28228666666668 14.819276666666667,78.282075,78.282075 14.821665,78.28186000000001,78.28186000000001 14.824051666666664,78.28164,78.28164 14.826431666666668,78.28142,78.28142 14.828803333333333,78.281195,78.281195 14.831161666666667,78.28097,78.28097 14.833511666666666,78.28074333333333,78.28074333333333 14.835861666666666,78.28051833333333,78.28051833333333 14.838215,78.28029833333332,78.28029833333332 14.840575000000001,78.28008499999999,78.28008499999999 14.842943333333336,78.27987666666665,78.27987666666665 14.845326666666665,78.27967833333332,78.27967833333332 14.847730000000002,78.27949333333332,78.27949333333332 14.850151666666665,78.27931666666667,78.27931666666667 14.852590000000001,78.27915166666666,78.27915166666666 14.855041666666668,78.27899666666667,78.27899666666667 14.857494999999998,78.27884833333331,78.27884833333331 14.859945,78.27870500000002,78.27870500000002 14.862386666666666,78.27856666666668,78.27856666666668 14.864818333333336,78.27843333333334,78.27843333333334 14.867246666666665,78.278305,78.278305 14.869668333333333,78.278185,78.278185 14.872086666666666,78.27806833333334,78.27806833333334 14.874500000000001,78.27795833333333,78.27795833333333 14.876913333333334,78.27785166666665,78.27785166666665 14.879326666666667,78.27775166666667,78.27775166666667 14.881739999999999,78.27765500000001,78.27765500000001 14.884158333333334,78.27756333333333,78.27756333333333 14.88658,78.27748,78.27748 14.889009999999999,78.277405,78.277405 14.891446666666665,78.27733666666667,78.27733666666667 14.893893333333331,78.27727333333334,78.27727333333334 14.896346666666666,78.27721333333335,78.27721333333335 14.898806666666667,78.277155,78.277155 14.901269999999998,78.27709833333333,78.27709833333333 14.903723333333334,78.27704333333332,78.27704333333332 14.906160000000002,78.27699333333334,78.27699333333334 14.908586666666666,78.27694333333334,78.27694333333334 14.911011666666667,78.27689166666666,78.27689166666666 14.913430000000002,78.27683833333334,78.27683833333334 14.915845000000001,78.27678333333334,78.27678333333334 14.918256666666665,78.27672833333334,78.27672833333334 14.920663333333334,78.27667333333333,78.27667333333333 14.923061666666669,78.27661666666667,78.27661666666667 14.92545,78.27656,78.27656 14.927828333333332,78.27650000000001,78.27650000000001 14.930196666666667,78.27643333333334,78.27643333333334 14.932554999999997,78.27636166666667,78.27636166666667 14.934903333333335,78.27628166666666,78.27628166666666 14.937238333333333,78.27619166666668,78.27619166666668 14.939556666666666,78.27609166666667,78.27609166666667 14.941856666666668,78.27597833333334,78.27597833333334 14.944136666666667,78.275855,78.275855 14.946398333333333,78.27572500000001,78.27572500000001 14.948648333333333,78.27559166666667,78.27559166666667 14.950888333333335,78.27545666666666,78.27545666666666 14.953120000000002,78.27531999999998,78.27531999999998 14.955346666666665,78.27518333333333,78.27518333333333 14.957568333333333,78.27504666666668,78.27504666666668 14.959786666666664,78.27490833333334,78.27490833333334 14.962003333333334,78.27476833333334,78.27476833333334 14.964220000000001,78.27462833333334,78.27462833333334 14.96644,78.27449,78.27449 14.96866,78.27435,78.27435 14.97088,78.27420666666667,78.27420666666667 14.973095,78.27405833333333,78.27405833333333 14.97531,78.27390833333332,78.27390833333332 14.977530000000003,78.27376,78.27376 14.979755,78.27361333333334,78.27361333333334 14.98198,78.27346166666665,78.27346166666665 14.984205000000001,78.27330833333333,78.27330833333333 14.986436666666668,78.27315166666668,78.27315166666668 14.988671666666669,78.27299333333335,78.27299333333335 14.990910000000001,78.27283333333334,78.27283333333334 14.993153333333332,78.27267333333332,78.27267333333332 14.995406666666666,78.27251500000001,78.27251500000001 14.997670000000003,78.27235833333333,78.27235833333333 14.999936666666667,78.2722,78.2722 15.002208333333332,78.27204333333334,78.27204333333334 15.004486666666667,78.27188666666665,78.27188666666665 15.00677,78.27173166666667,78.27173166666667 15.009056666666668,78.27157833333334,78.27157833333334 15.011344999999997,78.27142833333333,78.27142833333333 15.013635,78.27128166666667,78.27128166666667 15.015928333333331,78.27113666666668,78.27113666666668 15.018223333333331,78.27099166666666,78.27099166666666 15.020521666666665,78.27084666666667,78.27084666666667 15.022825000000001,78.27070333333332,78.27070333333332 15.025131666666667,78.27055666666666,78.27055666666666 15.027446666666666,78.27041,78.27041 15.029773333333333,78.27026166666666,78.27026166666666 15.032116666666665,78.27011666666667,78.27011666666667 15.034473333333334,78.26997333333334,78.26997333333334 15.036843333333335,78.26982833333332,78.26982833333332 15.039219999999998,78.26968333333333,78.26968333333333 15.041601666666669,78.26953833333333,78.26953833333333 15.043993333333333,78.26939333333334,78.26939333333334 15.046386666666667,78.26924833333335,78.26924833333335 15.048783333333331,78.26910166666667,78.26910166666667 15.051179999999999,78.26895333333333,78.26895333333333 15.05358666666667,78.26880666666666,78.26880666666666 15.055996666666665,78.26866333333334,78.26866333333334 15.058411666666665,78.26851666666666,78.26851666666666 15.060828333333331,78.26837,78.26837 15.063244999999998,78.26821833333334,78.26821833333334 15.065665000000003,78.26806666666666,78.26806666666666 15.068088333333334,78.26791333333333,78.26791333333333 15.070510000000002,78.26775666666668,78.26775666666668 15.072933333333332,78.26759833333334,78.26759833333334 15.07536,78.26743833333332,78.26743833333332 15.077791666666668,78.26727833333332,78.26727833333332 15.080226666666666,78.26711833333334,78.26711833333334 15.082659999999999,78.26695666666666,78.26695666666666 15.085096666666669,78.26679666666666,78.26679666666666 15.08754,78.26663833333333,78.26663833333333 15.089988333333334,78.26648166666668,78.26648166666668 15.092443333333332,78.26632833333333,78.26632833333333 15.094908333333334,78.26617999999999,78.26617999999999 15.09738,78.266035,78.266035 15.099853333333332,78.26589166666665,78.26589166666665 15.102326666666666,78.26575166666667,78.26575166666667 15.1048,78.26561166666667,78.26561166666667 15.107266666666664,78.26547333333333,78.26547333333333 15.109730000000003,78.265335,78.265335 15.112191666666668,78.26519833333334,78.26519833333334 15.11465,78.26506166666667,78.26506166666667 15.117103333333333,78.26492499999999,78.26492499999999 15.119553333333332,78.26478833333333,78.26478833333333 15.122001666666666,78.26465166666668,78.26465166666668 15.124445,78.264515,78.264515 15.126885,78.26437666666666,78.26437666666666 15.129323333333332,78.26423666666666,78.26423666666666 15.131756666666668,78.264095,78.264095 15.134190000000002,78.263955,78.263955 15.136626666666665,78.26381666666666,78.26381666666666 15.139065,78.26368166666667,78.26368166666667 15.141503333333333,78.26355166666666,78.26355166666666 15.143935,78.26342333333335,78.26342333333335 15.146361666666666,78.263295,78.263295 15.148786666666668,78.26317000000002,78.26317000000002 15.15121,78.26304833333334,78.26304833333334 15.153629999999998,78.26293,78.26293 15.156053333333332,78.262815,78.262815 15.158476666666663,78.2627,78.2627 15.160903333333332,78.26258666666666,78.26258666666666 15.163335,78.262475,78.262475 15.165770000000002,78.262365,78.262365 15.168213333333332,78.26225666666666,78.26225666666666 15.170658333333332,78.26215166666667,78.26215166666667 15.17310666666667,78.26204500000001,78.26204500000001 15.175559999999999,78.26194166666667,78.26194166666667 15.178018333333334,78.26184,78.26184 15.180483333333333,78.26173833333334,78.26173833333334 15.182950000000002,78.26164000000001,78.26164000000001 15.185416666666667,78.26154166666667,78.26154166666667 15.187883333333332,78.26144333333332,78.26144333333332 15.19035,78.26134833333334,78.26134833333334 15.192816666666666,78.26125,78.26125 15.195276666666665,78.26115,78.26115 15.197733333333336,78.26104666666666,78.26104666666666 15.200190000000001,78.26094,78.26094 15.202641666666667,78.26083,78.26083 15.20509333333333,78.26071333333331,78.26071333333331 15.207541666666668,78.260595,78.260595 15.209988333333335,78.260475,78.260475 15.212426666666667,78.26035333333333,78.26035333333333 15.214856666666666,78.26022833333333,78.26022833333333 15.217274999999999,78.2601,78.2601 15.219683333333332,78.25997000000001,78.25997000000001 15.222078333333332,78.25983833333332,78.25983833333332 15.224459999999999,78.25970166666667,78.25970166666667 15.226829999999998,78.25956333333333,78.25956333333333 15.229195,78.25942333333333,78.25942333333333 15.231555,78.25928,78.25928 15.233911666666664,78.25913499999999,78.25913499999999 15.236265000000001,78.25899,78.25899 15.238618333333335,78.25884666666667,78.25884666666667 15.240966666666669,78.25870166666667,78.25870166666667 15.243308333333335,78.25855499999999,78.25855499999999 15.245633333333334,78.25841,78.25841 15.247935,78.25826500000001,78.25826500000001 15.250211666666665,78.258125,78.258125 15.252465,78.25798666666667,78.25798666666667 15.254696666666666,78.25785333333334,78.25785333333334 15.256916666666665,78.25772333333333,78.25772333333333 15.259125,78.25759500000002,78.25759500000002 15.261321666666667,78.25747,78.25747 15.26351,78.25734500000002,78.25734500000002 15.26569,78.25722000000002,78.25722000000002 15.26786,78.25709833333333,78.25709833333333 15.270018333333333,78.25697833333335,78.25697833333335 15.272165000000001,78.25686,78.25686 15.274306666666666,78.25674833333333,78.25674833333333 15.276438333333333,78.25663999999999,78.25663999999999 15.278558333333333,78.25653333333334,78.25653333333334 15.280673333333334,78.25642666666666,78.25642666666666 15.282785000000002,78.25632166666665,78.25632166666665 15.284894999999997,78.25621666666666,78.25621666666666 15.28700833333333,78.25611166666667,78.25611166666667 15.289121666666666,78.256005,78.256005 15.291238333333336,78.25589833333332,78.25589833333332 15.293356666666668,78.25579166666667,78.25579166666667 15.295478333333334,78.25568499999999,78.25568499999999 15.297606666666667,78.25557833333333,78.25557833333333 15.299738333333334,78.25547,78.25547 15.301871666666665,78.25536166666666,78.25536166666666 15.304008333333336,78.25525166666665,78.25525166666665 15.306144999999999,78.25514166666667,78.25514166666667 15.308283333333334,78.25502833333334,78.25502833333334 15.310418333333335,78.25491333333332,78.25491333333332 15.312551666666666,78.254795,78.254795 15.314683333333333,78.254675,78.254675 15.316811666666666,78.25455333333333,78.25455333333333 15.318938333333332,78.25443166666666,78.25443166666666 15.321063333333331,78.25431166666667,78.25431166666667 15.323183333333334,78.25419,78.25419 15.325298333333336,78.25406666666666,78.25406666666666 15.327408333333334,78.25394166666668,78.25394166666668 15.329511666666669,78.25381666666668,78.25381666666668 15.331613333333335,78.25369166666667,78.25369166666667 15.333710000000002,78.25356499999998,78.25356499999998 15.335801666666669,78.25343833333334,78.25343833333334 15.33789,78.25330833333335,78.25330833333335 15.339976666666667,78.25318000000001,78.25318000000001 15.342059999999998,78.25305166666666,78.25305166666666 15.344141666666667,78.25292333333333,78.25292333333333 15.34622,78.25279666666667,78.25279666666667 15.348294999999998,78.25267,78.25267 15.350371666666668,78.25254666666666,78.25254666666666 15.352453333333335,78.25242666666666,78.25242666666666 15.354536666666668,78.25231166666667,78.25231166666667 15.356623333333333,78.25220166666666,78.25220166666666 15.358711666666668,78.25209333333333,78.25209333333333 15.360799999999998,78.25198833333334,78.25198833333334 15.362883333333333,78.25188333333335,78.25188333333335 15.36496,78.25177666666667,78.25177666666667 15.367031666666668,78.25167166666667,78.25167166666667 15.369096666666668,78.25156666666668,78.25156666666668 15.371156666666664,78.25145833333333,78.25145833333333 15.373209999999998,78.25134666666666,78.25134666666666 15.375255000000001,78.25123333333333,78.25123333333333 15.377296666666668,78.25112,78.25112 15.379335,78.25101,78.25101 15.381370000000002,78.25090000000002,78.25090000000002 15.38340166666667,78.25079000000001,78.25079000000001 15.385428333333335,78.25068333333334,78.25068333333334 15.387441666666666,78.25057666666666,78.25057666666666 15.389434999999999,78.25046833333334,78.25046833333334 15.391403333333335,78.25035666666665,78.25035666666665 15.393346666666666,78.25024166666668,78.25024166666668 15.395266666666666,78.25012333333333,78.25012333333333 15.397163333333333,78.25000333333334,78.25000333333334 15.39905,78.24988499999999,78.24988499999999 15.400928333333331,78.24977333333332,78.24977333333332 15.402801666666669,78.24966333333334,78.24966333333334 15.404673333333335,78.24955833333334,78.24955833333334 15.406546666666667,78.24945333333332,78.24945333333332 15.408421666666667,78.24935166666668,78.24935166666668 15.410296666666667,78.24925166666667,78.24925166666667 15.412166666666668,78.24915166666666,78.24915166666666 15.414033333333336,78.24905166666667,78.24905166666667 15.415891666666669,78.24895166666667,78.24895166666667 15.41774666666667,78.24884833333334,78.24884833333334 15.419598333333333,78.24874333333334,78.24874333333334 15.421445000000004,78.24863833333335,78.24863833333335 15.423281666666666,78.24853166666666,78.24853166666666 15.425108333333334,78.24842333333332,78.24842333333332 15.426931666666666,78.248315,78.248315 15.428755,78.24820666666666,78.24820666666666 15.430576666666665,78.24810166666666,78.24810166666666 15.432390000000002,78.24799833333333,78.24799833333333 15.434193333333335,78.2479,78.2479 15.435978333333331,78.24780166666666,78.24780166666666 15.437738333333334,78.24770666666666,78.24770666666666 15.439471666666668,78.24761000000001,78.24761000000001 15.441178333333335,78.247515,78.247515 15.442858333333334,78.24742166666667,78.24742166666667 15.444505,78.24733,78.24733 15.446118333333333,78.24723999999999,78.24723999999999 15.447696666666664,78.24715166666667,78.24715166666667 15.449241666666667,78.24706333333334,78.24706333333334 15.450759999999999,78.24698000000001,78.24698000000001 15.45225,78.24689833333333,78.24689833333333 15.453713333333333,78.24681833333335,78.24681833333335 15.455145,78.24673833333334,78.24673833333334 15.456553333333334,78.24666,78.24666 15.457936666666669,78.24658333333332,78.24658333333332 15.459295000000001,78.24650833333332,78.24650833333332 15.460625,78.24643166666667,78.24643166666667 15.461926666666667,78.24635833333332,78.24635833333332 15.463203333333334,78.24628500000001,78.24628500000001 15.464445000000001,78.24621333333333,78.24621333333333 15.465645,78.24614499999998,78.24614499999998 15.466791666666667,78.24608,78.24608 15.467883333333333,78.24601833333332,78.24601833333332 15.468923333333331,78.24596,78.24596 15.469916666666666,78.245905,78.245905 15.470863333333332,78.24585333333332,78.24585333333332 15.471768333333333,78.24580333333333,78.24580333333333 15.472635,78.24575666666667,78.24575666666667 15.473464999999997,78.24571333333334,78.24571333333334 15.474256666666667,78.24567166666667,78.24567166666667 15.475010000000001,78.24563333333333,78.24563333333333 15.47572,78.24559166666667,78.24559166666667 15.4764,78.24554833333333,78.24554833333333 15.477063333333335,78.24550833333333,78.24550833333333 15.477704999999998,78.24547166666667,78.24547166666667 15.478330000000001,78.24543333333334,78.24543333333334 15.478943333333332,78.24539499999999,78.24539499999999 15.479541666666666,78.24536,78.24536 15.480121666666665,78.24532833333332,78.24532833333332</coordinates>
            </LineString>
        </Placemark>
    </Document>
</kml>
