<?xml version="1.0" encoding="UTF-8"?>
<kml xmlns="http://www.opengis.net/kml/2.2" xmlns:gx="http://www.google.com/kml/ext/2.2">
    <Document id="41">
        <Placemark id="43">
            <name>RF11</name>
            <LineString id="42">
                <coordinates>15.444553333333332,78.24731499999999,78.24731499999999 15.446533333333331,78.24720166666665,78.24720166666665 15.448563333333333,78.24708833333335,78.24708833333335 15.450641666666668,78.24697666666665,78.24697666666665 15.45276,78.24686333333335,78.24686333333335 15.454911666666664,78.24674666666667,78.24674666666667 15.457086666666665,78.24662666666667,78.24662666666667 15.459283333333333,78.24650333333334,78.24650333333334 15.461496666666669,78.24637833333333,78.24637833333333 15.463723333333332,78.24625166666667,78.24625166666667 15.465958333333333,78.24612166666667,78.24612166666667 15.468200000000003,78.24598833333333,78.24598833333333 15.470444999999998,78.245855,78.245855 15.472696666666664,78.24571999999999,78.24571999999999 15.474953333333334,78.24558333333334,78.24558333333334 15.477213333333335,78.24544833333333,78.24544833333333 15.479474999999999,78.24531333333333,78.24531333333333 15.481728333333335,78.24518,78.24518 15.483971666666664,78.24505166666667,78.24505166666667 15.486208333333332,78.24492499999998,78.24492499999998 15.488441666666665,78.24480166666667,78.24480166666667 15.49067,78.24467833333333,78.24467833333333 15.492896666666663,78.24455166666667,78.24455166666667 15.495121666666668,78.24442499999999,78.24442499999999 15.497343333333333,78.24429666666667,78.24429666666667 15.499560000000002,78.24416833333333,78.24416833333333 15.501771666666665,78.24403833333334,78.24403833333334 15.503971666666665,78.24391000000001,78.24391000000001 15.506161666666666,78.24378166666668,78.24378166666668 15.508341666666668,78.24365333333333,78.24365333333333 15.510513333333332,78.24352499999999,78.24352499999999 15.51268,78.24339499999999,78.24339499999999 15.514841666666666,78.24326500000001,78.24326500000001 15.517003333333331,78.24313333333332,78.24313333333332 15.519165,78.243,78.243 15.521333333333333,78.242865,78.242865 15.523509999999998,78.24272666666668,78.24272666666668 15.525691666666667,78.24258833333334,78.24258833333334 15.527880000000001,78.24244499999999,78.24244499999999 15.530078333333334,78.24230166666666,78.24230166666666 15.532285,78.24215666666667,78.24215666666667 15.534493333333334,78.24201166666667,78.24201166666667 15.536701666666666,78.24186666666665,78.24186666666665 15.538908333333334,78.24172333333333,78.24172333333333 15.541105000000002,78.24158,78.24158 15.54329,78.24143666666667,78.24143666666667 15.545456666666665,78.24129500000001,78.24129500000001 15.547601666666667,78.24115166666668,78.24115166666668 15.549726666666666,78.24101000000002,78.24101000000002 15.551835,78.240865,78.240865 15.55393,78.24072,78.24072 15.556018333333336,78.240575,78.240575 15.558096666666664,78.24042999999999,78.24042999999999 15.560166666666664,78.240285,78.240285 15.562226666666668,78.24013833333332,78.24013833333332 15.564281666666666,78.23999166666667,78.23999166666667 15.566341666666665,78.23984833333334,78.23984833333334 15.56842,78.23971666666665,78.23971666666665 15.570526666666668,78.23960166666666,78.23960166666666 15.572664999999999,78.23950500000001,78.23950500000001 15.57483833333333,78.23943,78.23943 15.577044999999998,78.23937833333332,78.23937833333332 15.57928,78.23935333333334,78.23935333333334 15.581530000000003,78.23935833333333,78.23935833333333 15.583788333333333,78.23939166666668,78.23939166666668 15.586043333333336,78.23945333333333,78.23945333333333 15.588293333333336,78.23954333333333,78.23954333333333 15.590526666666666,78.23966333333334,78.23966333333334 15.59274,78.23981000000002,78.23981000000002 15.594921666666668,78.23998666666667,78.23998666666667 15.597058333333335,78.24019499999999,78.24019499999999 15.599150000000002,78.24042999999999,78.24042999999999 15.601188333333335,78.24069333333334,78.24069333333334 15.603171666666666,78.24098166666666,78.24098166666666 15.60509,78.24129500000001,78.24129500000001 15.606938333333336,78.24163333333331,78.24163333333331 15.608706666666668,78.24199333333333,78.24199333333333 15.610383333333333,78.24237499999998,78.24237499999998 15.611968333333333,78.242775,78.242775 15.61346166666667,78.243195,78.243195 15.614851666666668,78.24363166666667,78.24363166666667 15.616129999999998,78.244085,78.244085 15.617293333333334,78.24455499999999,78.24455499999999 15.61833333333333,78.24503833333334,78.24503833333334 15.619254999999997,78.24553333333333,78.24553333333333 15.620051666666667,78.24603833333335,78.24603833333335 15.620723333333334,78.24655166666666,78.24655166666666 15.621268333333335,78.24707166666668,78.24707166666668 15.621678333333332,78.24759833333331,78.24759833333331 15.621958333333335,78.24813000000002,78.24813000000002 15.622116666666667,78.24866499999999,78.24866499999999 15.622149999999998,78.24920333333331,78.24920333333331 15.622045,78.24974333333333,78.24974333333333 15.621798333333334,78.25028333333334,78.25028333333334 15.621416666666669,78.25082333333333,78.25082333333333 15.620906666666666,78.25136166666667,78.25136166666667 15.620268333333334,78.251895,78.251895 15.619503333333334,78.25242333333334,78.25242333333334 15.61862,78.25294833333334,78.25294833333334 15.617619999999999,78.253465,78.253465 15.616501666666668,78.25397500000001,78.25397500000001 15.615264999999999,78.25447666666668,78.25447666666668 15.613918333333334,78.25496833333332,78.25496833333332 15.612470000000002,78.25545000000001,78.25545000000001 15.610923333333334,78.25592166666667,78.25592166666667 15.609278333333334,78.25638166666667,78.25638166666667 15.607545000000002,78.25683166666667,78.25683166666667 15.605731666666669,78.25727166666667,78.25727166666667 15.603848333333334,78.25770166666665,78.25770166666665 15.601898333333336,78.25812333333334,78.25812333333334 15.599888333333336,78.258535,78.258535 15.597825000000002,78.25894000000001,78.25894000000001 15.59571833333333,78.25933666666667,78.25933666666667 15.593581666666667,78.25973,78.25973 15.591423333333333,78.26012000000001,78.26012000000001 15.589248333333336,78.26050833333333,78.26050833333333 15.587068333333333,78.260895,78.260895 15.584898333333333,78.26128666666668,78.26128666666668 15.582748333333333,78.26168333333334,78.26168333333334 15.580618333333334,78.26208666666666,78.26208666666666 15.578501666666668,78.26249333333332,78.26249333333332 15.576396666666668,78.26290333333333,78.26290333333333 15.574301666666667,78.26331666666667,78.26331666666667 15.572230000000001,78.26373500000001,78.26373500000001 15.570189999999998,78.26416,78.26416 15.568174999999998,78.26459166666666,78.26459166666666 15.566178333333335,78.26502666666669,78.26502666666669 15.564203333333335,78.26546499999999,78.26546499999999 15.562249999999999,78.265905,78.265905 15.560318333333333,78.26635166666668,78.26635166666668 15.558408333333334,78.26679999999999,78.26679999999999 15.556513333333331,78.26725166666668,78.26725166666668 15.554631666666667,78.26770833333333,78.26770833333333 15.552769999999999,78.26816666666666,78.26816666666666 15.550924999999998,78.26863000000002,78.26863000000002 15.549095,78.26909666666666,78.26909666666666 15.547284999999999,78.26956666666666,78.26956666666666 15.545493333333331,78.27004166666667,78.27004166666667 15.543718333333333,78.27052,78.27052 15.541958333333334,78.27100166666668,78.27100166666668 15.540216666666668,78.27148999999999,78.27148999999999 15.5385,78.27198166666668,78.27198166666668 15.536805,78.27248,78.27248 15.535121666666663,78.27298166666665,78.27298166666665 15.533450000000002,78.27348833333335,78.27348833333335 15.531798333333331,78.27399833333334,78.27399833333334 15.53017,78.27451333333335,78.27451333333335 15.528563333333333,78.27503333333333,78.27503333333333 15.526971666666668,78.27555666666667,78.27555666666667 15.525395,78.27608166666667,78.27608166666667 15.523828333333332,78.27660999999999,78.27660999999999 15.522271666666665,78.27713999999999,78.27713999999999 15.520716666666665,78.27767166666666,78.27767166666666 15.51916,78.27820333333334,78.27820333333334 15.517598333333336,78.27873666666667,78.27873666666667 15.51603833333333,78.27926833333332,78.27926833333332 15.514481666666665,78.27980166666666,78.27980166666666 15.512928333333331,78.280335,78.280335 15.511366666666667,78.28086666666667,78.28086666666667 15.50980333333333,78.28139833333331,78.28139833333331 15.508256666666668,78.28193166666665,78.28193166666665 15.506741666666667,78.28246666666668,78.28246666666668 15.505270000000001,78.283005,78.283005 15.503848333333336,78.28354666666668,78.28354666666668 15.502479999999998,78.28409166666667,78.28409166666667 15.501170000000002,78.28464,78.28464 15.499918333333333,78.28519500000002,78.28519500000002 15.498725000000002,78.28575333333333,78.28575333333333 15.497589999999999,78.28631666666666,78.28631666666666 15.496501666666665,78.28688333333332,78.28688333333332 15.49546,78.28745333333333,78.28745333333333 15.494476666666666,78.28802666666667,78.28802666666667 15.493556666666667,78.28860333333334,78.28860333333334 15.492681666666664,78.28918,78.28918 15.491845,78.28975833333334,78.28975833333334 15.491039999999998,78.29033666666666,78.29033666666666 15.490258333333333,78.29091333333334,78.29091333333334 15.489491666666666,78.29148833333333,78.29148833333333 15.488736666666666,78.29206333333332,78.29206333333332 15.488,78.29263500000002,78.29263500000002 15.48727,78.29320666666668,78.29320666666668 15.486536666666666,78.29377333333333,78.29377333333333 15.485803333333333,78.29433666666667,78.29433666666667 15.485071666666666,78.29489666666667,78.29489666666667 15.484343333333333,78.295455,78.295455 15.483615,78.29601,78.29601 15.482885,78.29656166666666,78.29656166666666 15.482151666666667,78.29711166666665,78.29711166666665 15.481416666666666,78.29766166666666,78.29766166666666 15.480678333333332,78.29820833333332,78.29820833333332 15.479933333333333,78.29875333333332,78.29875333333332 15.479171666666666,78.29929499999999,78.29929499999999 15.478391666666669,78.29983666666666,78.29983666666666 15.477593333333335,78.30037666666668,78.30037666666668 15.476776666666666,78.30091666666667,78.30091666666667 15.475941666666664,78.30145666666667,78.30145666666667 15.475093333333332,78.30199666666668,78.30199666666668 15.474229999999999,78.30253666666667,78.30253666666667 15.47336,78.30307833333335,78.30307833333335 15.472488333333333,78.30362333333333,78.30362333333333 15.471611666666668,78.30416666666667,78.30416666666667 15.470731666666667,78.30471333333334,78.30471333333334 15.469845000000001,78.30525833333333,78.30525833333333 15.468948333333334,78.30580333333333,78.30580333333333 15.468041666666666,78.30634833333333,78.30634833333333 15.467121666666666,78.30689333333332,78.30689333333332 15.466191666666669,78.30743666666666,78.30743666666666 15.465246666666665,78.30797833333334,78.30797833333334 15.464281666666665,78.30852,78.30852 15.463299999999998,78.30905833333333,78.30905833333333 15.46230833333333,78.30959666666665,78.30959666666665 15.461315,78.31013333333334,78.31013333333334 15.460318333333332,78.31067,78.31067 15.459311666666666,78.311205,78.311205 15.458293333333332,78.31173833333334,78.31173833333334 15.457271666666669,78.31227000000001,78.31227000000001 15.456246666666669,78.31280166666666,78.31280166666666 15.45521,78.31333166666667,78.31333166666667 15.454153333333332,78.31385833333334,78.31385833333334 15.453076666666666,78.314385,78.314385 15.451986666666668,78.31491,78.31491 15.450888333333333,78.31543333333335,78.31543333333335 15.449778333333333,78.31595666666668,78.31595666666668 15.448653333333334,78.31648,78.31648 15.447513333333331,78.31700333333333,78.31700333333333 15.446370000000002,78.31752666666667,78.31752666666667 15.445238333333334,78.31805333333334,78.31805333333334 15.444131666666664,78.31858333333332,78.31858333333332 15.443046666666666,78.319115,78.319115 15.441981666666665,78.31965166666669,78.31965166666669 15.440931666666664,78.32019000000001,78.32019000000001 15.4399,78.32073166666667,78.32073166666667 15.438893333333331,78.32127666666668,78.32127666666668 15.43791,78.321825,78.321825 15.436941666666666,78.32237499999998,78.32237499999998 15.435985000000002,78.32292666666667,78.32292666666667 15.435039999999999,78.32348166666668,78.32348166666668 15.434101666666665,78.32403666666667,78.32403666666667 15.433166666666667,78.32459333333333,78.32459333333333 15.432228333333335,78.32515,78.32515 15.431283333333333,78.32570833333334,78.32570833333334 15.430336666666667,78.32626666666668,78.32626666666668 15.429388333333334,78.326825,78.326825 15.428435,78.327385,78.327385 15.42748,78.32794499999999,78.32794499999999 15.426521666666666,78.32850499999999,78.32850499999999 15.425561666666665,78.32906666666666,78.32906666666666 15.424605000000001,78.32962833333333,78.32962833333333 15.423650000000002,78.33018999999999,78.33018999999999 15.422694999999997,78.33075000000001,78.33075000000001 15.421738333333334,78.33131,78.33131 15.420779999999997,78.33187000000001,78.33187000000001 15.41982,78.33243000000002,78.33243000000002 15.418854999999999,78.33298833333333,78.33298833333333 15.417883333333334,78.33354833333334,78.33354833333334 15.416905000000002,78.33410833333335,78.33410833333335 15.415921666666668,78.33466833333333,78.33466833333333 15.41493,78.33523,78.33523 15.413931666666668,78.33579,78.33579 15.412926666666666,78.33635,78.33635 15.41191,78.33691,78.33691 15.410880000000002,78.33747000000001,78.33747000000001 15.409833333333331,78.33802833333333,78.33802833333333 15.40877,78.33858666666667,78.33858666666667 15.407693333333334,78.33914499999999,78.33914499999999 15.406605,78.33970333333333,78.33970333333333 15.405505000000002,78.34026,78.34026 15.404405000000002,78.34081833333335,78.34081833333335 15.403303333333334,78.34137666666666,78.34137666666666 15.402198333333335,78.341935,78.341935 15.401088333333334,78.34249166666666,78.34249166666666 15.399971666666668,78.34304833333334,78.34304833333334 15.398853333333333,78.34360166666669,78.34360166666669 15.397730000000003,78.34415333333332,78.34415333333332 15.396598333333333,78.344705,78.344705 15.395455,78.34525333333332,78.34525333333332 15.394306666666667,78.34580166666667,78.34580166666667 15.393155000000002,78.34634833333332,78.34634833333332 15.392003333333331,78.34689333333336,78.34689333333336 15.390848333333334,78.34744,78.34744 15.389686666666668,78.34798333333332,78.34798333333332 15.388514999999998,78.34852666666669,78.34852666666669 15.387338333333332,78.34906666666667,78.34906666666667 15.386156666666665,78.34960666666666,78.34960666666666 15.384968333333333,78.35014333333334,78.35014333333334 15.383776666666664,78.35068,78.35068 15.382583333333333,78.351215,78.351215 15.381388333333334,78.35174666666667,78.35174666666667 15.380189999999999,78.35228000000001,78.35228000000001 15.378988333333332,78.35281,78.35281 15.377786666666667,78.35333999999999,78.35333999999999 15.376585,78.35386833333334,78.35386833333334 15.375383333333334,78.35439833333332,78.35439833333332 15.374174999999997,78.35492666666667,78.35492666666667 15.37296,78.355455,78.355455 15.371743333333333,78.35598333333336,78.35598333333336 15.370525000000002,78.35650999999999,78.35650999999999 15.369306666666667,78.35703666666667,78.35703666666667 15.368089999999999,78.35756333333335,78.35756333333335 15.366871666666668,78.35809,78.35809 15.365655,78.35861833333333,78.35861833333333 15.36444,78.359145,78.359145 15.363228333333332,78.35967333333332,78.35967333333332 15.362013333333335,78.3602,78.3602 15.360799999999998,78.36072833333333,78.36072833333333 15.359585000000001,78.36125666666666,78.36125666666666 15.358369999999999,78.36178499999998,78.36178499999998 15.357154999999999,78.362315,78.362315 15.355939999999997,78.36284500000001,78.36284500000001 15.354728333333334,78.36337833333334,78.36337833333334 15.35352,78.36391333333331,78.36391333333331 15.35231,78.36445166666667,78.36445166666667 15.351095000000003,78.36499166666668,78.36499166666668 15.349875,78.36553333333333,78.36553333333333 15.348656666666667,78.36607833333335,78.36607833333335 15.347441666666667,78.36662666666668,78.36662666666668 15.346224999999999,78.36717499999999,78.36717499999999 15.345005,78.36772500000001,78.36772500000001 15.343783333333333,78.36827666666667,78.36827666666667 15.342563333333331,78.36882999999999,78.36882999999999 15.341343333333336,78.36938333333332,78.36938333333332 15.340123333333334,78.36993666666667,78.36993666666667 15.338906666666666,78.37049,78.37049 15.33769166666667,78.37104500000001,78.37104500000001 15.336483333333334,78.3716,78.3716 15.335278333333333,78.37215499999999,78.37215499999999 15.334075,78.37271166666666,78.37271166666666 15.332873333333335,78.37326833333334,78.37326833333334 15.331674999999999,78.37382666666669,78.37382666666669 15.330481666666666,78.37438666666667,78.37438666666667 15.329288333333334,78.37494666666667,78.37494666666667 15.328096666666665,78.37550833333331,78.37550833333331 15.326903333333334,78.37606999999998,78.37606999999998 15.325706666666669,78.37663166666665,78.37663166666665 15.324504999999998,78.37719499999999,78.37719499999999 15.323296666666666,78.37775833333332,78.37775833333332 15.322083333333335,78.37832333333334,78.37832333333334 15.320866666666667,78.37889,78.37889 15.319645,78.37945500000002,78.37945500000002 15.318421666666667,78.38001999999999,78.38001999999999 15.317196666666666,78.38058500000001,78.38058500000001 15.315976666666664,78.38115,78.38115 15.314765000000001,78.381715,78.381715 15.313566666666668,78.38228166666666,78.38228166666666 15.312378333333333,78.38284833333333,78.38284833333333 15.311195000000003,78.38341666666668,78.38341666666668 15.310018333333334,78.38398333333333,78.38398333333333 15.308848333333334,78.38455166666665,78.38455166666665 15.307686666666665,78.38511833333334,78.38511833333334 15.306531666666668,78.38568333333333,78.38568333333333 15.305381666666666,78.38624666666666,78.38624666666666 15.304235,78.38680833333333,78.38680833333333 15.303088333333333,78.38736833333334,78.38736833333334 15.301938333333332,78.38792666666666,78.38792666666666 15.300783333333333,78.38848166666668,78.38848166666668 15.299626666666665,78.38903499999999,78.38903499999999 15.298475000000002,78.38958833333332,78.38958833333332 15.297328333333335,78.39013999999999,78.39013999999999 15.296186666666665,78.39069,78.39069 15.295058333333333,78.39124000000001,78.39124000000001 15.293945,78.39179,78.39179 15.292848333333332,78.39234,78.39234 15.291763333333334,78.39289000000001,78.39289000000001 15.290688333333332,78.39344,78.39344 15.289623333333337,78.39399166666666,78.39399166666666 15.288566666666666,78.39454333333335,78.39454333333335 15.287523333333336,78.39509666666665,78.39509666666665 15.28649,78.39565166666667,78.39565166666667 15.28546833333333,78.39620833333333,78.39620833333333 15.284458333333335,78.39676833333334,78.39676833333334 15.283461666666668,78.39733000000001,78.39733000000001 15.282483333333335,78.397895,78.397895 15.281526666666666,78.39846166666666,78.39846166666666 15.280589999999998,78.39903333333332,78.39903333333332 15.279668333333332,78.399605,78.399605 15.278761666666666,78.40018,78.40018 15.277865,78.40075666666667,78.40075666666667 15.276966666666665,78.40133333333333,78.40133333333333 15.27606,78.40191166666666,78.40191166666666 15.275141666666666,78.40249,78.40249 15.274201666666668,78.40306833333335,78.40306833333335 15.273235,78.403645,78.403645 15.272236666666666,78.40422,78.40422 15.271208333333334,78.404795,78.404795 15.270150000000001,78.40536833333334,78.40536833333334 15.269065,78.40593999999999,78.40593999999999 15.267953333333333,78.40651,78.40651 15.266818333333333,78.40708,78.40708 15.265656666666665,78.40764666666668,78.40764666666668 15.264476666666665,78.40821333333334,78.40821333333334 15.26328,78.40877833333333,78.40877833333333 15.262068333333332,78.40934333333333,78.40934333333333 15.260838333333334,78.40990666666666,78.40990666666666 15.259591666666665,78.41046833333333,78.41046833333333 15.25833,78.41102833333333,78.41102833333333 15.257060000000001,78.41158833333334,78.41158833333334 15.255785,78.41214666666666,78.41214666666666 15.254508333333336,78.412705,78.412705 15.253226666666668,78.41326333333333,78.41326333333333 15.251943333333333,78.41382000000002,78.41382000000002 15.250660000000002,78.41437833333333,78.41437833333333 15.249378333333334,78.41493499999999,78.41493499999999 15.248093333333333,78.41549,78.41549 15.246806666666664,78.41604666666667,78.41604666666667 15.245515,78.4166,78.4166 15.244221666666666,78.41715333333333,78.41715333333333 15.242923333333334,78.41770499999998,78.41770499999998 15.241621666666667,78.41825499999999,78.41825499999999 15.24031666666667,78.418805,78.418805 15.239014999999997,78.41935333333332,78.41935333333332 15.237718333333333,78.41990333333334,78.41990333333334 15.236424999999999,78.42045166666668,78.42045166666668 15.235131666666666,78.421,78.421 15.233843333333335,78.42154833333335,78.42154833333335 15.232566666666667,78.42209666666668,78.42209666666668 15.231299999999997,78.42264499999999,78.42264499999999 15.230044999999999,78.423195,78.423195 15.228800000000001,78.42374499999998,78.42374499999998 15.227566666666666,78.424295,78.424295 15.226343333333334,78.42484666666667,78.42484666666667 15.225133333333334,78.42539666666667,78.42539666666667 15.223929999999998,78.42594833333332,78.42594833333332 15.222736666666666,78.42650166666668,78.42650166666668 15.221553333333334,78.42705500000001,78.42705500000001 15.220381666666668,78.42761000000002,78.42761000000002 15.219215,78.42816666666667,78.42816666666667 15.218045,78.42872333333332,78.42872333333332 15.216871666666668,78.42928,78.42928 15.215686666666667,78.42983666666667,78.42983666666667 15.214493333333333,78.43039166666667,78.43039166666667 15.213286666666667,78.43094666666666,78.43094666666666 15.212066666666665,78.4315,78.4315 15.210836666666667,78.43205166666667,78.43205166666667 15.209598333333334,78.432605,78.432605 15.208355,78.43315833333334,78.43315833333334 15.20711,78.43371166666667,78.43371166666667 15.205861666666665,78.434265,78.434265 15.204609999999997,78.43482,78.43482 15.203353333333332,78.43537333333333,78.43537333333333 15.202095,78.43592833333332,78.43592833333332 15.200838333333335,78.43648166666667,78.43648166666667 15.199581666666665,78.43703666666669,78.43703666666669 15.19832,78.43758999999999,78.43758999999999 15.197059999999999,78.43814166666667,78.43814166666667 15.195803333333334,78.438695,78.438695 15.194558333333333,78.43924999999999,78.43924999999999 15.19332166666667,78.43980499999999,78.43980499999999 15.192088333333334,78.44036333333334,78.44036333333334 15.190858333333331,78.44092000000002,78.44092000000002 15.189631666666665,78.44148,78.44148 15.188406666666667,78.44204,78.44204 15.187181666666666,78.44259999999998,78.44259999999998 15.185955,78.44316166666668,78.44316166666668 15.184723333333334,78.44372166666666,78.44372166666666 15.183493333333335,78.44428333333333,78.44428333333333 15.182263333333333,78.44484333333334,78.44484333333334 15.181033333333334,78.445405,78.445405 15.179806666666664,78.44596666666666,78.44596666666666 15.178586666666668,78.44653,78.44653 15.177375,78.44709333333334,78.44709333333334 15.176168333333333,78.44765833333332,78.44765833333332 15.174968333333334,78.44822333333333,78.44822333333333 15.173778333333333,78.44878999999999,78.44878999999999 15.172603333333333,78.44935833333334,78.44935833333334 15.171441666666666,78.44993000000001,78.44993000000001 15.170291666666666,78.45050166666667,78.45050166666667 15.169149999999997,78.45107333333334,78.45107333333334 15.168018333333334,78.45164833333334,78.45164833333334 15.166896666666666,78.45222166666666,78.45222166666666 15.165785000000001,78.45279666666669,78.45279666666669 15.164681666666668,78.45337333333333,78.45337333333333 15.163585,78.45394833333333,78.45394833333333 15.162493333333336,78.454525,78.454525 15.161411666666668,78.45510166666666,78.45510166666666 15.160333333333332,78.45567833333332,78.45567833333332 15.159258333333332,78.45625333333334,78.45625333333334 15.158185,78.45682666666667,78.45682666666667 15.157113333333333,78.45739999999999,78.45739999999999 15.156046666666668,78.45797333333333,78.45797333333333 15.154981666666666,78.45854666666668,78.45854666666668 15.153913333333332,78.45911999999998,78.45911999999998 15.152833333333335,78.45969166666669,78.45969166666669 15.151738333333332,78.46026333333333,78.46026333333333 15.150628333333334,78.46083499999999,78.46083499999999 15.149505,78.46140666666666,78.46140666666666 15.148365,78.46197833333333,78.46197833333333 15.147205000000001,78.46255,78.46255 15.146028333333334,78.46312,78.46312 15.144830000000002,78.46368999999999,78.46368999999999 15.143616666666665,78.46425833333333,78.46425833333333 15.142388333333333,78.46482666666667,78.46482666666667 15.14114666666667,78.46539500000002,78.46539500000002 15.139895000000001,78.46596166666667,78.46596166666667 15.138631666666665,78.46652833333333,78.46652833333333 15.137356666666669,78.46709333333332,78.46709333333332 15.136075000000003,78.46765833333335,78.46765833333335 15.134783333333331,78.46822166666668,78.46822166666668 15.133483333333334,78.46878500000001,78.46878500000001 15.132175,78.46934666666665,78.46934666666665 15.13086,78.46990666666669,78.46990666666669 15.129536666666668,78.47046666666667,78.47046666666667 15.128210000000001,78.47102666666667,78.47102666666667 15.126880000000002,78.47158666666665,78.47158666666665 15.125548333333333,78.472145,78.472145 15.124208333333335,78.47270499999999,78.47270499999999 15.122861666666664,78.47326333333334,78.47326333333334 15.121508333333335,78.47381999999999,78.47381999999999 15.120151666666667,78.47437833333333,78.47437833333333 15.118786666666665,78.47493500000002,78.47493500000002 15.117413333333332,78.47549333333333,78.47549333333333 15.11603,78.47605,78.47605 15.114641666666667,78.47660499999999,78.47660499999999 15.113246666666665,78.47716166666667,78.47716166666667 15.111843333333335,78.47771666666667,78.47771666666667 15.110434999999999,78.47827000000001,78.47827000000001 15.109019999999997,78.478825,78.478825 15.107595000000002,78.47937666666667,78.47937666666667 15.106163333333331,78.47993000000001,78.47993000000001 15.10472,78.48048166666668,78.48048166666668 15.103270000000002,78.48103333333333,78.48103333333333 15.101809999999999,78.481585,78.481585 15.100341666666669,78.48213666666666,78.48213666666666 15.098866666666666,78.48269,78.48269 15.097381666666667,78.48324333333333,78.48324333333333 15.095893333333334,78.48379833333333,78.48379833333333 15.0944,78.48435500000001,78.48435500000001 15.092898333333334,78.48491333333334,78.48491333333334 15.091383333333331,78.48547166666668,78.48547166666668 15.089859999999998,78.48603166666666,78.48603166666666 15.088326666666667,78.48659333333333,78.48659333333333 15.086779999999997,78.487155,78.487155 15.085216666666668,78.48771666666667,78.48771666666667 15.083639999999999,78.48827833333334,78.48827833333334 15.082053333333333,78.48883999999998,78.48883999999998 15.080469999999998,78.48940166666665,78.48940166666665 15.078899999999997,78.48996666666667,78.48996666666667 15.077350000000003,78.490535,78.490535 15.075823333333336,78.491105,78.491105 15.074318333333334,78.49167833333333,78.49167833333333 15.072838333333335,78.49225333333335,78.49225333333335 15.071385000000003,78.49283166666666,78.49283166666666 15.069961666666666,78.49341166666667,78.49341166666667 15.068565000000001,78.493995,78.493995 15.067198333333334,78.49457999999998,78.49457999999998 15.06586,78.49516833333332,78.49516833333332 15.064551666666667,78.49575999999999,78.49575999999999 15.063273333333331,78.49635499999998,78.49635499999998 15.062013333333333,78.49695,78.49695 15.060768333333332,78.49754666666665,78.49754666666665 15.059546666666664,78.49814500000001,78.49814500000001 15.058354999999999,78.49874666666665,78.49874666666665 15.05719,78.49934833333334,78.49934833333334 15.05605,78.49995333333332,78.49995333333332 15.054931666666667,78.50055833333332,78.50055833333332 15.05384,78.50116500000001,78.50116500000001 15.052773333333334,78.50177333333333,78.50177333333333 15.051721666666667,78.50238333333333,78.50238333333333 15.050681666666664,78.50299166666666,78.50299166666666 15.049656666666666,78.50360166666667,78.50360166666667 15.04864833333333,78.50421333333333,78.50421333333333 15.047643333333335,78.50482166666666,78.50482166666666 15.046638333333332,78.50543166666667,78.50543166666667 15.045630000000001,78.50603833333334,78.50603833333334 15.044620000000002,78.50664666666667,78.50664666666667 15.043611666666669,78.50725333333332,78.50725333333332 15.042601666666666,78.50785833333333,78.50785833333333 15.041591666666667,78.50846333333335,78.50846333333335 15.040583333333334,78.50906833333333,78.50906833333333 15.039576666666669,78.50967333333332,78.50967333333332 15.03857,78.51027833333333,78.51027833333333 15.037561666666667,78.51088333333335,78.51088333333335 15.036553333333332,78.51148833333333,78.51148833333333 15.035548333333336,78.51209333333333,78.51209333333333 15.034543333333334,78.51269833333333,78.51269833333333 15.033540000000002,78.51330500000002,78.51330500000002 15.032538333333333,78.51391,78.51391 15.03154,78.51451833333334,78.51451833333334 15.030548333333336,78.51512666666665,78.51512666666665 15.029556666666668,78.51573666666667,78.51573666666667 15.028563333333333,78.51634666666668,78.51634666666668 15.027565,78.51695666666667,78.51695666666667 15.026565000000002,78.51756666666667,78.51756666666667 15.025563333333332,78.51817500000001,78.51817500000001 15.024558333333333,78.51878333333335,78.51878333333335 15.023546666666668,78.51939,78.51939 15.022528333333334,78.51999666666667,78.51999666666667 15.021506666666667,78.52060333333334,78.52060333333334 15.020478333333331,78.52121,78.52121 15.019441666666667,78.521815,78.521815 15.018396666666668,78.52242,78.52242 15.017338333333331,78.523025,78.523025 15.016263333333333,78.52362666666667,78.52362666666667 15.015175,78.52422666666668,78.52422666666668 15.014068333333332,78.52482499999999,78.52482499999999 15.01294333333333,78.52542166666666,78.52542166666666 15.011798333333335,78.52601666666665,78.52601666666665 15.010631666666665,78.52660833333331,78.52660833333331 15.009441666666664,78.52719833333335,78.52719833333335 15.008226666666667,78.52778666666666,78.52778666666666 15.006981666666665,78.52837166666667,78.52837166666667 15.005703333333335,78.52895500000001,78.52895500000001 15.004396666666665,78.52953666666667,78.52953666666667 15.003081666666667,78.53011833333333,78.53011833333333 15.001766666666668,78.53070000000001,78.53070000000001 15.000443333333333,78.531285,78.531285 14.999099999999999,78.53186833333332,78.53186833333332 14.997745000000002,78.53245166666667,78.53245166666667 14.996388333333336,78.53303500000001,78.53303500000001 14.995035,78.53362,78.53362 14.993675,78.53420333333332,78.53420333333332 14.992306666666666,78.534785,78.534785 14.990938333333334,78.53536833333332,78.53536833333332 14.989576666666668,78.53595000000001,78.53595000000001 14.988223333333332,78.53653166666666,78.53653166666666 14.986871666666666,78.53711333333335,78.53711333333335 14.985523333333335,78.53769499999999,78.53769499999999 14.984181666666665,78.53827500000001,78.53827500000001 14.982846666666667,78.538855,78.538855 14.981518333333335,78.53943333333333,78.53943333333333 14.980198333333332,78.54001,78.54001 14.978881666666668,78.54058666666667,78.54058666666667 14.97757333333333,78.54116333333333,78.54116333333333 14.976273333333332,78.54173833333333,78.54173833333333 14.974981666666666,78.54231166666668,78.54231166666668 14.973696666666667,78.54288333333335,78.54288333333335 14.972415,78.54345333333335,78.54345333333335 14.971126666666665,78.54402,78.54402 14.96984,78.544585,78.544585 14.96856166666667,78.54514666666667,78.54514666666667 14.967289999999998,78.54570833333334,78.54570833333334 14.966016666666668,78.54626666666667,78.54626666666667 14.964739999999997,78.54682166666666,78.54682166666666 14.963463333333333,78.54737499999999,78.54737499999999 14.962186666666666,78.54792833333333,78.54792833333333 14.96091,78.54848,78.54848 14.959628333333335,78.54902999999999,78.54902999999999 14.958341666666668,78.54957833333333,78.54957833333333 14.957053333333334,78.550125,78.550125 14.95576,78.55067166666664,78.55067166666664 14.954465,78.55121666666668,78.55121666666668 14.953168333333334,78.55176166666666,78.55176166666666 14.951868333333334,78.552305,78.552305 14.950568333333335,78.55284666666665,78.55284666666665 14.949268333333334,78.55338833333333,78.55338833333333 14.947970000000002,78.55392833333333,78.55392833333333 14.946668333333331,78.55446833333335,78.55446833333335 14.945368333333333,78.55500833333333,78.55500833333333 14.944068333333332,78.55554833333335,78.55554833333335 14.942768333333333,78.55608666666667,78.55608666666667 14.941465000000003,78.556625,78.556625 14.940154999999999,78.55716333333334,78.55716333333334 14.93884,78.5577,78.5577 14.937525000000003,78.55823666666666,78.55823666666666 14.936213333333335,78.55877333333332,78.55877333333332 14.934905,78.55931166666664,78.55931166666664 14.933596666666666,78.55985,78.55985 14.93228666666667,78.56038833333335,78.56038833333335 14.930971666666668,78.56092666666667,78.56092666666667 14.929654999999997,78.56146166666667,78.56146166666667 14.928333333333335,78.56199666666667,78.56199666666667 14.927003333333335,78.56253166666667,78.56253166666667 14.925664999999999,78.56306500000001,78.56306500000001 14.924318333333334,78.56359666666668,78.56359666666668 14.922964999999998,78.56412999999999,78.56412999999999 14.921601666666666,78.56466333333333,78.56466333333333 14.920228333333334,78.565195,78.565195 14.918846666666665,78.56572666666665,78.56572666666665 14.917456666666666,78.56625999999999,78.56625999999999 14.916069999999998,78.56679166666666,78.56679166666666 14.914686666666666,78.56732666666666,78.56732666666666 14.913311666666669,78.56786166666666,78.56786166666666 14.911950000000003,78.56840000000001,78.56840000000001 14.910606666666668,78.56894,78.56894 14.909285,78.569485,78.569485 14.90798166666667,78.57003166666665,78.57003166666665 14.906703333333333,78.57058,78.57058 14.90545,78.57113166666667,78.57113166666667 14.904221666666668,78.57168666666666,78.57168666666666 14.903018333333335,78.57224333333333,78.57224333333333 14.90183333333333,78.57280166666668,78.57280166666668 14.900668333333332,78.57336166666668,78.57336166666668 14.899523333333331,78.57392333333335,78.57392333333335 14.898398333333335,78.574485,78.574485 14.897295000000002,78.57504833333336,78.57504833333336 14.896208333333334,78.57561500000001,78.57561500000001 14.895129999999998,78.57618000000001,78.57618000000001 14.894054999999998,78.57674833333334,78.57674833333334 14.892981666666666,78.577315,78.577315 14.891905,78.57788166666666,78.57788166666666 14.890818333333335,78.57844833333334,78.57844833333334 14.88972333333333,78.579015,78.579015 14.888618333333332,78.57958166666668,78.57958166666668 14.887504999999997,78.58014666666668,78.58014666666668 14.88638,78.58071333333334,78.58071333333334 14.885245000000001,78.58128,78.58128 14.8841,78.58184666666666,78.58184666666666 14.88294833333333,78.58241500000001,78.58241500000001 14.881798333333332,78.58298333333333,78.58298333333333 14.880646666666665,78.58355333333334,78.58355333333334 14.879491666666668,78.58412166666668,78.58412166666668 14.878333333333336,78.58469166666666,78.58469166666666 14.877176666666667,78.58526166666667,78.58526166666667 14.87602,78.58583166666668,78.58583166666668 14.874858333333334,78.5864,78.5864 14.873686666666668,78.58697,78.58697 14.872505,78.58753666666665,78.58753666666665 14.871316666666667,78.58810333333334,78.58810333333334 14.870124999999998,78.58867,78.58867 14.868928333333333,78.58923666666668,78.58923666666668 14.867726666666666,78.58980166666667,78.58980166666667 14.866521666666666,78.59036666666667,78.59036666666667 14.86531,78.59093166666666,78.59093166666666 14.864091666666665,78.591495,78.591495 14.862870000000001,78.59205833333334,78.59205833333334 14.861646666666665,78.59262,78.59262 14.860421666666666,78.59318333333334,78.59318333333334 14.859193333333334,78.59374666666666,78.59374666666666 14.857958333333334,78.59430833333333,78.59430833333333 14.856718333333331,78.59487166666666,78.59487166666666 14.855473333333334,78.59543333333333,78.59543333333333 14.854223333333334,78.595995,78.595995 14.852964999999998,78.59655666666667,78.59655666666667 14.851698333333331,78.59711833333334,78.59711833333334 14.850423333333334,78.59768000000001,78.59768000000001 14.849143333333332,78.59824000000002,78.59824000000002 14.847859999999999,78.5988,78.5988 14.84657,78.59935833333334,78.59935833333334 14.845276666666667,78.59991833333332,78.59991833333332 14.843979999999998,78.60047666666667,78.60047666666667 14.842680000000001,78.601035,78.601035 14.841376666666669,78.601595,78.601595 14.840068333333331,78.60215499999998,78.60215499999998 14.838758333333333,78.60271666666665,78.60271666666665 14.837444999999999,78.60327999999998,78.60327999999998 14.836133333333331,78.60384333333334,78.60384333333334 14.834828333333334,78.60440833333334,78.60440833333334 14.833531666666666,78.604975,78.604975 14.832245,78.60554333333333,78.60554333333333 14.830968333333333,78.60611333333334,78.60611333333334 14.829703333333335,78.60668500000001,78.60668500000001 14.828453333333336,78.60725666666667,78.60725666666667 14.827218333333333,78.60783166666667,78.60783166666667 14.825999999999999,78.60840833333333,78.60840833333333 14.824793333333332,78.60898833333333,78.60898833333333 14.823593333333333,78.60957166666668,78.60957166666668 14.822403333333334,78.61015833333333,78.61015833333333 14.821229999999998,78.61075166666666,78.61075166666666 14.820073333333333,78.61134666666668,78.61134666666668 14.81893,78.61194333333333,78.61194333333333 14.817796666666668,78.61254166666667,78.61254166666667 14.816671666666666,78.61314,78.61314 14.815548333333332,78.61374,78.61374 14.814411666666667,78.61433999999998,78.61433999999998 14.813250000000002,78.61493999999999,78.61493999999999 14.812064999999999,78.61553999999998,78.61553999999998 14.810861666666666,78.61614333333334,78.61614333333334 14.809645,78.61674666666666,78.61674666666666 14.808416666666668,78.61735333333334,78.61735333333334 14.807178333333333,78.61795999999998,78.61795999999998 14.805926666666666,78.61856833333333,78.61856833333333 14.804658333333336,78.61917833333335,78.61917833333335 14.803368333333333,78.61979333333333,78.61979333333333 14.802055,78.62040833333334,78.62040833333334 14.800714999999999,78.62102833333334,78.62102833333334 14.799348333333333,78.62165,78.62165 14.797951666666666,78.62227333333333,78.62227333333333 14.796526666666667,78.62289833333334,78.62289833333334 14.795073333333335,78.62352333333334,78.62352333333334 14.793598333333335,78.62414999999999,78.62414999999999 14.792096666666664,78.62477666666666,78.62477666666666 14.790575000000002,78.62540333333334,78.62540333333334 14.789036666666668,78.62603,78.62603 14.787481666666668,78.62665666666668,78.62665666666668 14.785906666666666,78.62728500000001,78.62728500000001 14.784310000000001,78.62791333333332,78.62791333333332 14.782695000000002,78.62854333333334,78.62854333333334 14.781076666666669,78.629175,78.629175 14.779458333333332,78.62981,78.62981 14.777841666666665,78.63044666666666,78.63044666666666 14.776226666666666,78.63108500000001,78.63108500000001 14.774614999999997,78.63172666666667,78.63172666666667 14.773016666666667,78.63237166666667,78.63237166666667 14.771428333333333,78.63301833333334,78.63301833333334 14.769846666666668,78.63367,78.63367 14.768270000000001,78.63432333333334,78.63432333333334 14.7667,78.63497833333332,78.63497833333332 14.765131666666665,78.63563500000001,78.63563500000001 14.763565000000002,78.63629166666668,78.63629166666668 14.762,78.63695,78.63695 14.760440000000001,78.63760666666667,78.63760666666667 14.758878333333334,78.638265,78.638265 14.757315000000002,78.63892166666666,78.63892166666666 14.75575,78.63957833333333,78.63957833333333 14.754183333333334,78.640235,78.640235 14.752613333333333,78.64089166666666,78.64089166666666 14.751038333333334,78.64154833333333,78.64154833333333 14.749461666666665,78.642205,78.642205 14.747888333333332,78.64286166666666,78.64286166666666 14.746325000000002,78.64352166666666,78.64352166666666 14.744770000000003,78.64418166666665,78.64418166666665 14.74322,78.64484333333333,78.64484333333333 14.741679999999999,78.64550666666666,78.64550666666666 14.740155000000001,78.64617166666667,78.64617166666667 14.73864,78.64683833333333,78.64683833333333 14.737131666666668,78.64750666666666,78.64750666666666 14.735631666666666,78.64817500000001,78.64817500000001 14.734133333333334,78.64884500000001,78.64884500000001 14.732638333333334,78.649515,78.649515 14.731143333333334,78.65018499999998,78.65018499999998 14.729641666666664,78.65085666666666,78.65085666666666 14.728135000000002,78.65152666666667,78.65152666666667 14.726625000000002,78.65219833333335,78.65219833333335 14.725113333333335,78.65287000000001,78.65287000000001 14.723598333333332,78.65354333333335,78.65354333333335 14.722080000000002,78.65421666666666,78.65421666666666 14.720558333333333,78.65488833333333,78.65488833333333 14.719038333333334,78.65556166666667,78.65556166666667 14.717523333333334,78.65623333333332,78.65623333333332 14.716013333333333,78.65690833333332,78.65690833333332 14.71451,78.65758333333332,78.65758333333332 14.713008333333335,78.65825833333332,78.65825833333332 14.71151166666667,78.65893333333332,78.65893333333332 14.71002,78.65960833333332,78.65960833333332 14.708536666666664,78.66028333333333,78.66028333333333 14.707061666666666,78.66095666666666,78.66095666666666 14.705596666666667,78.66163,78.66163 14.704143333333333,78.66230166666666,78.66230166666666 14.702703333333332,78.66297333333334,78.66297333333334 14.701285,78.66364333333333,78.66364333333333 14.699883333333332,78.66431166666665,78.66431166666665 14.698500000000001,78.66498,78.66498 14.697135000000001,78.66564833333334,78.66564833333334 14.695785,78.666315,78.666315 14.694448333333332,78.66698,78.66698 14.69312333333333,78.66764500000001,78.66764500000001 14.691806666666666,78.66830833333334,78.66830833333334 14.690493333333334,78.66897166666666,78.66897166666666 14.68918,78.66963333333334,78.66963333333334 14.687864999999999,78.670295,78.670295 14.686543333333335,78.67095666666667,78.67095666666667 14.685211666666664,78.67161833333333,78.67161833333333 14.683876666666666,78.67227833333334,78.67227833333334 14.682533333333334,78.67294,78.67294 14.681181666666664,78.67360166666667,78.67360166666667 14.679819999999998,78.674265,78.674265 14.678453333333335,78.67492833333336,78.67492833333336 14.677089999999998,78.67559,78.67559 14.675711666666666,78.67625333333335,78.67625333333335 14.674328333333335,78.67692000000001,78.67692000000001 14.672938333333333,78.677585,78.677585 14.671546666666666,78.67825166666665,78.67825166666665 14.670151666666667,78.67891833333334,78.67891833333334 14.668753333333333,78.67958666666667,78.67958666666667 14.667349999999999,78.68025333333334,78.68025333333334 14.665941666666669,78.68092,78.68092 14.664533333333335,78.68158833333332,78.68158833333332 14.663123333333333,78.68225333333334,78.68225333333334 14.661708333333335,78.68292,78.68292 14.660283333333332,78.68358333333333,78.68358333333333 14.658853333333331,78.68424666666668,78.68424666666668 14.657420000000002,78.68490833333333,78.68490833333333 14.655978333333334,78.68557000000001,78.68557000000001 14.654525000000001,78.68622833333333,78.68622833333333 14.653061666666668,78.68688333333331,78.68688333333331 14.651591666666663,78.68753833333335,78.68753833333335 14.650113333333335,78.68819166666667,78.68819166666667 14.648625,78.68884333333334,78.68884333333334 14.647128333333335,78.68949333333333,78.68949333333333 14.645624999999997,78.69014166666666,78.69014166666666 14.644116666666665,78.69078999999999,78.69078999999999 14.642603333333334,78.691435,78.691435 14.641086666666668,78.69208166666667,78.69208166666667 14.639565000000001,78.69272666666667,78.69272666666667 14.638041666666668,78.69337,78.69337 14.636511666666669,78.69401333333334,78.69401333333334 14.634976666666667,78.69465666666666,78.69465666666666 14.633436666666668,78.69529833333331,78.69529833333331 14.631889999999999,78.69593833333333,78.69593833333333 14.63033666666667,78.69657833333333,78.69657833333333 14.628773333333333,78.697215,78.697215 14.627204999999998,78.69785166666666,78.69785166666666 14.625630000000003,78.69848499999999,78.69848499999999 14.624048333333333,78.69911833333333,78.69911833333333 14.622454999999999,78.69974666666667,78.69974666666667 14.620856666666668,78.70037500000001,78.70037500000001 14.619258333333335,78.70100166666666,78.70100166666666 14.617656666666667,78.70162499999999,78.70162499999999 14.616049999999998,78.70224833333334,78.70224833333334 14.614438333333332,78.70286833333331,78.70286833333331 14.612825000000003,78.70348666666668,78.70348666666668 14.611210000000003,78.70410499999998,78.70410499999998 14.609589999999999,78.70472166666666,78.70472166666666 14.60796666666667,78.70533833333333,78.70533833333333 14.60634,78.70595499999999,78.70595499999999 14.604708333333335,78.70657,78.70657 14.603068333333333,78.70718666666667,78.70718666666667 14.60142,78.70780333333335,78.70780333333335 14.599763333333332,78.70841833333333,78.70841833333333 14.5981,78.709035,78.709035 14.596428333333332,78.70965166666667,78.70965166666667 14.594751666666665,78.71027000000001,78.71027000000001 14.593071666666667,78.71088833333334,78.71088833333334 14.591388333333335,78.71150666666668,78.71150666666668 14.589703333333334,78.71212666666668,78.71212666666668 14.588018333333332,78.71274833333334,78.71274833333334 14.58633166666667,78.71337,78.71337 14.584648333333332,78.71399166666666,78.71399166666666 14.58297,78.71461500000001,78.71461500000001 14.581298333333335,78.71524,78.71524 14.579639999999998,78.71586666666666,78.71586666666666 14.577993333333332,78.716495,78.716495 14.576366666666669,78.717125,78.717125 14.574758333333335,78.71775833333334,78.71775833333334 14.573168333333335,78.71839333333334,78.71839333333334 14.571593333333333,78.71903000000002,78.71903000000002 14.570034999999999,78.71966833333332,78.71966833333332 14.568493333333334,78.72030833333334,78.72030833333334 14.566970000000001,78.72095,78.72095 14.565471666666667,78.72159333333335,78.72159333333335 14.563998333333332,78.72223833333335,78.72223833333335 14.562548333333334,78.72288333333333,78.72288333333333 14.561123333333335,78.72353,78.72353 14.559723333333334,78.724175,78.724175 14.558348333333333,78.72482333333333,78.72482333333333 14.556994999999999,78.72547,78.72547 14.555661666666666,78.72611666666667,78.72611666666667 14.554343333333334,78.72676333333334,78.72676333333334 14.55304,78.72740833333334,78.72740833333334 14.55174333333333,78.72805499999998,78.72805499999998 14.550451666666666,78.72869833333333,78.72869833333333 14.549161666666663,78.72934166666667,78.72934166666667 14.547870000000001,78.729985,78.729985 14.546576666666665,78.73062833333334,78.73062833333334 14.545278333333332,78.73127,78.73127 14.543973333333335,78.73191166666668,78.73191166666668 14.542663333333332,78.73255333333333,78.73255333333333 14.541346666666668,78.73319333333333,78.73319333333333 14.540023333333334,78.73383333333332,78.73383333333332 14.538693333333335,78.73447333333334,78.73447333333334 14.537353333333334,78.73511333333333,78.73511333333333 14.536008333333333,78.73575333333334,78.73575333333334 14.534656666666669,78.73639166666666,78.73639166666666 14.533300000000002,78.73703166666665,78.73703166666665 14.531936666666665,78.73767,78.73767 14.530568333333333,78.73831000000001,78.73831000000001 14.529196666666666,78.73894833333334,78.73894833333334 14.527823333333334,78.73958833333333,78.73958833333333 14.526446666666667,78.74022666666667,78.74022666666667 14.525066666666666,78.740865,78.740865 14.523681666666667,78.74150333333333,78.74150333333333 14.522293333333334,78.74214333333333,78.74214333333333 14.520901666666669,78.74278166666666,78.74278166666666 14.519506666666665,78.74341999999999,78.74341999999999 14.518104999999998,78.74405833333334,78.74405833333334 14.5167,78.74469666666668,78.74469666666668 14.515293333333334,78.74533666666667,78.74533666666667 14.513883333333336,78.74597666666666,78.74597666666666 14.51247,78.746615,78.746615 14.511053333333335,78.747255,78.747255 14.509636666666665,78.74789499999999,78.74789499999999 14.508218333333334,78.74853499999999,78.74853499999999 14.506796666666665,78.74917333333332,78.74917333333332 14.505374999999999,78.74981166666667,78.74981166666667 14.503950000000003,78.75045,78.75045 14.502523333333333,78.75108666666668,78.75108666666668 14.50109333333333,78.75172166666665,78.75172166666665 14.499656666666665,78.75235500000001,78.75235500000001 14.498216666666668,78.75298833333332,78.75298833333332 14.496776666666664,78.75361833333332,78.75361833333332 14.495333333333333,78.75424833333334,78.75424833333334 14.49389,78.75487666666665,78.75487666666665 14.492441666666666,78.75550499999999,78.75550499999999 14.49099333333333,78.75613,78.75613 14.489541666666668,78.75675333333334,78.75675333333334 14.488091666666666,78.75737666666666,78.75737666666666 14.486641666666667,78.75799833333335,78.75799833333335 14.485186666666667,78.75861833333335,78.75861833333335 14.483726666666668,78.75923666666665,78.75923666666665 14.482263333333334,78.75985333333333,78.75985333333333 14.480796666666667,78.76047,78.76047 14.479326666666667,78.76108500000001,78.76108500000001 14.477853333333332,78.76169833333334,78.76169833333334 14.476376666666667,78.76231,78.76231 14.474898333333332,78.76292333333335,78.76292333333335 14.473421666666663,78.763535,78.763535 14.471955,78.76414833333334,78.76414833333334 14.470491666666666,78.76476166666666,78.76476166666666 14.469028333333332,78.76537666666667,78.76537666666667 14.467561666666665,78.76599166666665,78.76599166666665 14.466101666666669,78.76660666666666,78.76660666666666 14.464646666666665,78.76722333333333,78.76722333333333 14.463196666666667,78.76784166666667,78.76784166666667 14.461751666666665,78.76846166666665,78.76846166666665 14.460310000000002,78.76908166666666,78.76908166666666 14.458875,78.76970500000002,78.76970500000002 14.457441666666666,78.77032666666668,78.77032666666668 14.456011666666667,78.77095166666666,78.77095166666666 14.454581666666666,78.77157666666668,78.77157666666668 14.45315,78.77220166666666,78.77220166666666 14.451718333333334,78.77282666666666,78.77282666666666 14.450289999999999,78.77345333333334,78.77345333333334 14.448861666666668,78.77408166666667,78.77408166666667 14.447436666666666,78.77470833333334,78.77470833333334 14.446013333333335,78.77533833333334,78.77533833333334 14.444593333333335,78.77596666666668,78.77596666666668 14.443176666666666,78.77659666666666,78.77659666666666 14.441763333333332,78.77722666666666,78.77722666666666 14.440355,78.77785833333334,78.77785833333334 14.438948333333334,78.77849,78.77849 14.437545,78.77912166666667,78.77912166666667 14.436146666666666,78.77975333333335,78.77975333333335 14.434748333333333,78.78038666666667,78.78038666666667 14.433349999999999,78.78101833333332,78.78101833333332 14.431948333333333,78.78165000000001,78.78165000000001 14.430543333333334,78.78228,78.78228 14.429135,78.78291166666666,78.78291166666666 14.427721666666665,78.78354166666666,78.78354166666666 14.426306666666667,78.78417333333334,78.78417333333334 14.424884999999998,78.78480333333334,78.78480333333334 14.423458333333334,78.78543333333333,78.78543333333333 14.422026666666667,78.78606333333333,78.78606333333333 14.420586666666667,78.78669333333333,78.78669333333333 14.419139999999999,78.78732499999998,78.78732499999998 14.417686666666667,78.78795666666667,78.78795666666667 14.416225000000003,78.78858833333332,78.78858833333332 14.414758333333335,78.78922166666668,78.78922166666668 14.413283333333334,78.78985499999999,78.78985499999999 14.411801666666669,78.79049,78.79049 14.410314999999999,78.79112499999998,78.79112499999998 14.40882666666667,78.79176166666666,78.79176166666666 14.407338333333334,78.79239833333332,78.79239833333332 14.405850000000001,78.79303666666665,78.79303666666665 14.404356666666668,78.793675,78.793675 14.402865,78.79431500000001,78.79431500000001 14.401376666666668,78.79495666666666,78.79495666666666 14.399898333333333,78.79560000000001,78.79560000000001 14.398426666666666,78.79624499999998,78.79624499999998 14.396963333333332,78.79688999999999,78.79688999999999 14.395503333333332,78.79753833333332,78.79753833333332 14.39405,78.79818666666665,78.79818666666665 14.3926,78.79883499999998,78.79883499999998 14.391151666666666,78.79948666666667,78.79948666666667 14.389705,78.80013666666666,78.80013666666666 14.388258333333331,78.80078833333334,78.80078833333334 14.386811666666667,78.80144,78.80144 14.38536333333333,78.80209333333333,78.80209333333333 14.383911666666666,78.80274500000002,78.80274500000002 14.382453333333336,78.80339666666667,78.80339666666667 14.380991666666667,78.80404833333333,78.80404833333333 14.379526666666669,78.80469833333335,78.80469833333335 14.378056666666664,78.80535,78.80535 14.37658833333333,78.806,78.806 14.375118333333333,78.80665166666667,78.80665166666667 14.373646666666666,78.80730166666666,78.80730166666666 14.372175,78.80795166666665,78.80795166666665 14.370703333333333,78.80860333333334,78.80860333333334 14.369233333333332,78.80925333333333,78.80925333333333 14.367761666666668,78.80990499999999,78.80990499999999 14.366288333333333,78.81055666666667,78.81055666666667 14.364816666666664,78.81121,78.81121 14.363345,78.81186333333332,78.81186333333332 14.36187333333333,78.81251666666667,78.81251666666667 14.360400000000002,78.81317166666668,78.81317166666668 14.358923333333333,78.81382666666667,78.81382666666667 14.357444999999998,78.81448166666668,78.81448166666668 14.355966666666667,78.81513833333332,78.81513833333332 14.354484999999999,78.81579333333335,78.81579333333335 14.353,78.81644999999999,78.81644999999999 14.351508333333333,78.817105,78.817105 14.35001,78.81776166666667,78.81776166666667 14.348505000000001,78.81841833333333,78.81841833333333 14.346996666666666,78.819075,78.819075 14.345481666666668,78.81973333333333,78.81973333333333 14.343963333333331,78.82038999999999,78.82038999999999 14.342439999999998,78.82104833333332,78.82104833333332 14.340911666666667,78.82170500000001,78.82170500000001 14.339381666666668,78.82236166666665,78.82236166666665 14.337846666666666,78.82301666666666,78.82301666666666 14.336310000000001,78.82367333333333,78.82367333333333 14.334771666666667,78.82432833333333,78.82432833333333 14.333228333333334,78.82498333333334,78.82498333333334 14.331685,78.82563666666668,78.82563666666668 14.330141666666668,78.82629,78.82629 14.32860166666667,78.82694333333333,78.82694333333333 14.327065000000001,78.82759666666668,78.82759666666668 14.32553333333333,78.82825,78.82825 14.324005,78.82890333333334,78.82890333333334 14.322481666666667,78.82955666666666,78.82955666666666 14.320963333333335,78.83021,78.83021 14.319448333333332,78.83086333333334,78.83086333333334 14.317933333333334,78.831515,78.831515 14.316421666666669,78.83216666666668,78.83216666666668 14.314908333333333,78.83281833333334,78.83281833333334 14.313396666666664,78.83346833333333,78.83346833333333 14.311884999999998,78.83411833333334,78.83411833333334 14.310373333333333,78.83476666666667,78.83476666666667 14.308860000000001,78.83541333333332,78.83541333333332 14.307348333333334,78.83606166666667,78.83606166666667 14.305838333333334,78.83670833333333,78.83670833333333 14.304328333333336,78.83735333333334,78.83735333333334 14.302818333333335,78.838,78.838 14.301310000000003,78.838645,78.838645 14.299801666666667,78.83929,78.83929 14.29829166666667,78.83993500000001,78.83993500000001 14.296783333333334,78.84057999999999,78.84057999999999 14.295276666666666,78.841225,78.841225 14.293769999999999,78.84187166666666,78.84187166666666 14.292263333333334,78.84251666666667,78.84251666666667 14.290759999999999,78.84316333333334,78.84316333333334 14.289258333333331,78.84380833333331,78.84380833333331 14.287758333333331,78.84445500000001,78.84445500000001 14.28626,78.84510166666668,78.84510166666668 14.28476166666667,78.84574666666668,78.84574666666668 14.283264999999998,78.84639333333332,78.84639333333332 14.28177166666667,78.84703999999999,78.84703999999999 14.280281666666667,78.847685,78.847685 14.278791666666667,78.84833166666667,78.84833166666667 14.277303333333334,78.84897666666667,78.84897666666667 14.275815000000001,78.84962166666666,78.84962166666666 14.274324999999997,78.85026666666667,78.85026666666667 14.272833333333331,78.85091000000001,78.85091000000001 14.271341666666668,78.85155500000002,78.85155500000002 14.269848333333336,78.8522,78.8522 14.268355000000001,78.85284333333334,78.85284333333334 14.266860000000001,78.85348833333335,78.85348833333335 14.265365000000001,78.85413166666666,78.85413166666666 14.263868333333335,78.85477666666667,78.85477666666667 14.262369999999997,78.85542166666667,78.85542166666667 14.260868333333333,78.856065,78.856065 14.259366666666665,78.85671,78.85671 14.257863333333335,78.85735500000001,78.85735500000001 14.256358333333333,78.85799833333333,78.85799833333333 14.254851666666665,78.85864333333333,78.85864333333333 14.25334333333333,78.85928666666668,78.85928666666668 14.251835000000002,78.85993166666668,78.85993166666668 14.250325000000004,78.86057666666666,78.86057666666666 14.248811666666665,78.86122,78.86122 14.247296666666669,78.86186500000001,78.86186500000001 14.245778333333332,78.86251,78.86251 14.244254999999999,78.86315333333334,78.86315333333334 14.242726666666666,78.86379833333335,78.86379833333335 14.241195,78.86444333333333,78.86444333333333 14.239656666666667,78.86508833333333,78.86508833333333 14.238111666666668,78.86573166666668,78.86573166666668 14.236561666666667,78.86637666666668,78.86637666666668 14.235005000000003,78.86702166666666,78.86702166666666 14.233444999999998,78.86766666666666,78.86766666666666 14.231881666666668,78.86831000000001,78.86831000000001 14.230313333333333,78.868955,78.868955 14.228741666666666,78.8696,78.8696 14.227166666666667,78.87024500000001,78.87024500000001 14.225591666666665,78.87088833333335,78.87088833333335 14.224013333333334,78.87153333333333,78.87153333333333 14.222433333333333,78.87217666666668,78.87217666666668 14.220848333333334,78.87281833333333,78.87281833333333 14.219266666666668,78.87346166666666,78.87346166666666 14.217690000000003,78.87410333333334,78.87410333333334 14.216115,78.87474333333333,78.87474333333333 14.214546666666667,78.87538500000001,78.87538500000001 14.212983333333332,78.876025,78.876025 14.211426666666666,78.876665,78.876665 14.209875,78.87730499999999,78.87730499999999 14.20833,78.87794500000001,78.87794500000001 14.20679,78.878585,78.878585 14.205258333333331,78.87922666666667,78.87922666666667 14.203731666666668,78.87986666666669,78.87986666666669 14.202213333333333,78.88050833333334,78.88050833333334 14.200705000000001,78.88115166666665,78.88115166666665 14.199203333333333,78.88179666666666,78.88179666666666 14.197705,78.88244166666667,78.88244166666667 14.196211666666667,78.88308833333333,78.88308833333333 14.194723333333332,78.88373833333333,78.88373833333333 14.193239999999998,78.88438833333332,78.88438833333332 14.191761666666666,78.88504,78.88504 14.190288333333335,78.88569333333332,78.88569333333332 14.188821666666668,78.88634833333334,78.88634833333334 14.187360000000002,78.88700499999999,78.88700499999999 14.185903333333334,78.88766166666666,78.88766166666666 14.184450000000002,78.88831833333333,78.88831833333333 14.183003333333334,78.88897666666668,78.88897666666668 14.181558333333331,78.88963333333332,78.88963333333332 14.180111666666667,78.89029166666666,78.89029166666666 14.178671666666666,78.89095,78.89095 14.177235000000001,78.89160833333334,78.89160833333334 14.175803333333334,78.89226666666666,78.89226666666666 14.174369999999998,78.89292333333333,78.89292333333333 14.172930000000001,78.89358,78.89358 14.171484999999999,78.89423666666666,78.89423666666666 14.170035,78.89489,78.89489 14.168573333333333,78.89554333333335,78.89554333333335 14.167103333333335,78.896195,78.896195 14.165623333333334,78.89684666666668,78.89684666666668 14.164136666666664,78.89749666666667,78.89749666666667 14.162643333333333,78.898145,78.898145 14.161143333333333,78.89879499999999,78.89879499999999 14.159638333333332,78.89944166666666,78.89944166666666 14.158125,78.90008999999999,78.90008999999999 14.15661,78.90073833333332,78.90073833333332 14.155088333333332,78.90138499999999,78.90138499999999 14.153561666666668,78.90203166666666,78.90203166666666 14.152035000000001,78.90267999999999,78.90267999999999 14.150504999999997,78.90332833333332,78.90332833333332 14.148971666666666,78.90397666666665,78.90397666666665 14.147436666666666,78.90462500000001,78.90462500000001 14.145898333333333,78.905275,78.905275 14.144358333333333,78.90592333333333,78.90592333333333 14.142815,78.90657333333333,78.90657333333333 14.141266666666668,78.90722333333332,78.90722333333332 14.139713333333335,78.90787166666668,78.90787166666668 14.138156666666665,78.90852166666667,78.90852166666667 14.136596666666668,78.90917,78.90917 14.135033333333334,78.90981833333333,78.90981833333333 14.133465000000003,78.91046666666666,78.91046666666666 14.131893333333334,78.91111500000001,78.91111500000001 14.130321666666667,78.91176333333333,78.91176333333333 14.128751666666668,78.91241166666667,78.91241166666667 14.127178333333333,78.91305833333332,78.91305833333332 14.125604999999998,78.913705,78.913705 14.124036666666667,78.91435333333334,78.91435333333334 14.122469999999998,78.91500166666667,78.91500166666667 14.120905000000002,78.91565,78.91565 14.119341666666667,78.91629833333333,78.91629833333333 14.117781666666668,78.91694666666666,78.91694666666666 14.116228333333334,78.91759666666665,78.91759666666665 14.114674999999998,78.91824666666668,78.91824666666668 14.113124999999998,78.91889666666667,78.91889666666667 14.111576666666666,78.91954666666666,78.91954666666666 14.110033333333336,78.92019833333335,78.92019833333335 14.108493333333334,78.92085,78.92085 14.106953333333335,78.92150166666667,78.92150166666667 14.105413333333336,78.92215333333333,78.92215333333333 14.103876666666668,78.92280500000001,78.92280500000001 14.102338333333334,78.92345666666667,78.92345666666667 14.1008,78.92410833333332,78.92410833333332 14.099260000000001,78.92476,78.92476 14.097721666666667,78.92541166666666,78.92541166666666 14.096181666666665,78.92606333333333,78.92606333333333 14.09464,78.92671499999999,78.92671499999999 14.093096666666668,78.92736499999998,78.92736499999998 14.091553333333332,78.928015,78.928015 14.090008333333333,78.928665,78.928665 14.088461666666667,78.92931499999999,78.92931499999999 14.086913333333332,78.92996499999998,78.92996499999998 14.085363333333332,78.93061333333334,78.93061333333334 14.083811666666668,78.93126000000001,78.93126000000001 14.082256666666668,78.93190833333334,78.93190833333334 14.080703333333334,78.93255500000001,78.93255500000001 14.07915,78.93320166666668,78.93320166666668 14.077599999999999,78.93384833333334,78.93384833333334 14.076055,78.93449500000001,78.93449500000001 14.074515000000002,78.93514333333331,78.93514333333331 14.072985000000001,78.93579166666667,78.93579166666667 14.071461666666668,78.93644,78.93644 14.069943333333335,78.93709,78.93709 14.068431666666667,78.93774,78.93774 14.066921666666667,78.93839166666666,78.93839166666666 14.065416666666666,78.93904166666665,78.93904166666665 14.063913333333335,78.93969166666668,78.93969166666668 14.062408333333334,78.94034166666667,78.94034166666667 14.060901666666666,78.94099166666666,78.94099166666666 14.059393333333334,78.94164166666665,78.94164166666665 14.057883333333333,78.94229000000001,78.94229000000001 14.056371666666667,78.94294000000001,78.94294000000001 14.054856666666666,78.94358833333334,78.94358833333334 14.053338333333333,78.944235,78.944235 14.051816666666666,78.94488166666667,78.94488166666667 14.050289999999999,78.94552833333334,78.94552833333334 14.048761666666666,78.94617499999998,78.94617499999998 14.047230000000003,78.94681999999999,78.94681999999999 14.045695,78.947465,78.947465 14.044156666666666,78.94811,78.94811 14.042615000000001,78.948755,78.948755 14.041069999999998,78.94939833333332,78.94939833333332 14.03952,78.95004,78.95004 14.037966666666668,78.95068333333333,78.95068333333333 14.036411666666668,78.95132500000001,78.95132500000001 14.034855,78.95196666666666,78.95196666666666 14.033294999999999,78.95260666666665,78.95260666666665 14.031735,78.95324833333333,78.95324833333333 14.030175,78.95388833333334,78.95388833333334 14.028616666666666,78.95453000000002,78.95453000000002 14.027061666666667,78.95517000000001,78.95517000000001 14.025504999999999,78.95581166666666,78.95581166666666 14.023948333333331,78.95645333333333,78.95645333333333 14.022396666666667,78.95709333333332,78.95709333333332 14.020851666666667,78.957735,78.957735 14.019314999999999,78.95837833333334,78.95837833333334 14.017781666666666,78.95902,78.95902 14.016253333333335,78.95966333333334,78.95966333333334 14.014730000000002,78.960305,78.960305 14.013211666666667,78.96094833333335,78.96094833333335 14.011693333333334,78.96159166666666,78.96159166666666 14.010175,78.96223499999998,78.96223499999998 14.008654999999997,78.96287666666666,78.96287666666666 14.007136666666666,78.96352,78.96352 14.005616666666667,78.96416166666667,78.96416166666667 14.004096666666666,78.96480499999998,78.96480499999998 14.002576666666668,78.96544666666667,78.96544666666667 14.00106,78.96608833333332,78.96608833333332 13.99954166666667,78.96673,78.96673 13.998023333333332,78.96737166666666,78.96737166666666 13.996506666666669,78.96801166666668,78.96801166666668 13.994988333333332,78.96865333333334,78.96865333333334 13.993471666666666,78.96929499999999,78.96929499999999 13.991953333333333,78.96993666666667,78.96993666666667 13.99043333333333,78.97057833333334,78.97057833333334 13.988909999999997,78.97121833333335,78.97121833333335 13.98738,78.97185833333332,78.97185833333332 13.985848333333333,78.97249833333333,78.97249833333333 13.984313333333334,78.97313666666668,78.97313666666668 13.982773333333334,78.97377666666667,78.97377666666667 13.981230000000002,78.97441333333333,78.97441333333333 13.979686666666666,78.97505166666667,78.97505166666667 13.97814,78.97568833333334,78.97568833333334 13.976591666666664,78.97632333333333,78.97632333333333 13.975045,78.97695666666667,78.97695666666667 13.973498333333337,78.97758833333334,78.97758833333334 13.971953333333332,78.97821833333334,78.97821833333334 13.970413333333333,78.97884666666668,78.97884666666668 13.968878333333336,78.97947333333333,78.97947333333333 13.967346666666668,78.9801,78.9801 13.965818333333335,78.98072333333332,78.98072333333332 13.964290000000002,78.981345,78.981345 13.962765000000001,78.98196666666666,78.98196666666666 13.961241666666668,78.98258833333333,78.98258833333333 13.95972,78.98320666666666,78.98320666666666 13.958199999999998,78.98382666666666,78.98382666666666 13.956685,78.984445,78.984445 13.955175,78.98506333333333,78.98506333333333 13.953669999999999,78.98568333333333,78.98568333333333 13.952168333333333,78.98630166666666,78.98630166666666 13.950666666666665,78.98692,78.98692 13.949166666666667,78.98754,78.98754 13.947668333333334,78.98815833333333,78.98815833333333 13.946169999999999,78.98877666666667,78.98877666666667 13.944671666666666,78.989395,78.989395 13.943173333333332,78.99001166666667,78.99001166666667 13.941675000000002,78.99062999999998,78.99062999999998 13.940176666666664,78.99124833333335,78.99124833333335 13.938673333333334,78.99186500000002,78.99186500000002 13.937166666666668,78.99248166666666,78.99248166666666 13.935658333333333,78.99309833333334,78.99309833333334 13.934151666666665,78.99371500000001,78.99371500000001 13.93265,78.99433333333333,78.99433333333333 13.931149999999997,78.99495,78.99495 13.929656666666666,78.99556666666668,78.99556666666668 13.928171666666668,78.99618500000001,78.99618500000001 13.926696666666667,78.99680333333335,78.99680333333335 13.925231666666665,78.99742166666668,78.99742166666668 13.923771666666667,78.99804000000002,78.99804000000002 13.922318333333333,78.99866000000002,78.99866000000002 13.920869999999999,78.99927833333332,78.99927833333332 13.919425,78.99989833333335,78.99989833333335 13.917984999999998,79.00051833333333,79.00051833333333 13.916546666666665,79.00113833333333,79.00113833333333 13.915106666666668,79.00176,79.00176 13.913668333333332,79.00237999999999,79.00237999999999 13.91223,79.003,79.003 13.91079,79.00362,79.00362 13.90935,79.00424166666666,79.00424166666666 13.90791,79.00486166666666,79.00486166666666 13.906468333333331,79.00548166666668,79.00548166666668 13.905025,79.00610333333334,79.00610333333334 13.903576666666668,79.00672333333334,79.00672333333334 13.902126666666666,79.00734333333334,79.00734333333334 13.900675,79.00796333333334,79.00796333333334 13.899216666666666,79.00858333333333,79.00858333333333 13.897748333333332,79.00920166666667,79.00920166666667 13.896273333333331,79.00982166666667,79.00982166666667 13.894791666666666,79.01044,79.01044 13.893306666666668,79.01105833333334,79.01105833333334 13.891816666666667,79.01167499999998,79.01167499999998 13.890321666666667,79.01229333333335,79.01229333333335 13.888828333333333,79.01291166666665,79.01291166666665 13.887333333333334,79.01352833333333,79.01352833333333 13.885838333333334,79.01414666666666,79.01414666666666 13.88434,79.01476333333333,79.01476333333333 13.882836666666668,79.01537833333333,79.01537833333333 13.88133,79.015995,79.015995 13.87982333333333,79.01661000000001,79.01661000000001 13.878311666666663,79.017225,79.017225 13.876795000000001,79.01783833333334,79.01783833333334 13.875274999999998,79.01845166666666,79.01845166666666 13.873751666666665,79.01906333333334,79.01906333333334 13.872230000000002,79.01967666666665,79.01967666666665 13.870706666666669,79.02028833333334,79.02028833333334 13.86918166666667,79.0209,79.0209 13.867656666666669,79.02151166666667,79.02151166666667 13.866133333333336,79.02212333333333,79.02212333333333 13.864614999999999,79.02273499999998,79.02273499999998 13.863096666666667,79.02334666666667,79.02334666666667 13.861583333333332,79.02395666666668,79.02395666666668 13.860076666666666,79.02457,79.02457 13.858573333333332,79.02518166666665,79.02518166666665 13.857073333333336,79.02579333333333,79.02579333333333 13.855574999999998,79.02640666666667,79.02640666666667 13.854081666666664,79.02701833333333,79.02701833333333 13.852588333333332,79.02763166666668,79.02763166666668 13.851099999999999,79.02824333333334,79.02824333333334 13.849613333333332,79.02885666666667,79.02885666666667 13.848128333333333,79.02947000000002,79.02947000000002 13.846646666666668,79.03008333333334,79.03008333333334 13.84516666666667,79.03069833333335,79.03069833333335 13.84369,79.03131333333333,79.03131333333333 13.842213333333332,79.03192666666668,79.03192666666668 13.840736666666665,79.03254166666667,79.03254166666667 13.839260000000003,79.03315666666668,79.03315666666668 13.837784999999998,79.03377166666667,79.03377166666667 13.836313333333333,79.03438500000001,79.03438500000001 13.834841666666666,79.035,79.035 13.833369999999999,79.03561333333333,79.03561333333333 13.831896666666667,79.03622833333334,79.03622833333334 13.830423333333332,79.03684166666666,79.03684166666666 13.828948333333335,79.03745500000001,79.03745500000001 13.82747166666667,79.03806666666667,79.03806666666667 13.825995,79.03867833333334,79.03867833333334 13.82452,79.03929,79.03929 13.823041666666665,79.03990166666668,79.03990166666668 13.821565,79.04051166666666,79.04051166666666 13.820090000000002,79.04112333333335,79.04112333333335 13.818616666666667,79.04173333333334,79.04173333333334 13.817148333333334,79.04234333333333,79.04234333333333 13.815681666666666,79.04295333333334,79.04295333333334 13.814216666666669,79.043565,79.043565 13.812756666666665,79.04417666666666,79.04417666666666 13.811301666666667,79.04478833333333,79.04478833333333 13.809851666666669,79.04540166666668,79.04540166666668 13.808405000000002,79.046015,79.046015 13.806961666666664,79.04662833333335,79.04662833333335 13.805518333333334,79.04724166666666,79.04724166666666 13.804076666666665,79.047855,79.047855 13.802638333333334,79.04846833333332,79.04846833333332 13.801198333333332,79.04908333333333,79.04908333333333 13.799758333333335,79.04969666666665,79.04969666666665 13.798314999999997,79.05031166666666,79.05031166666666 13.796868333333336,79.050925,79.050925 13.795416666666666,79.05153833333334,79.05153833333334 13.793965,79.05215333333335,79.05215333333335 13.792510000000002,79.05276833333333,79.05276833333333 13.791049999999998,79.05338166666668,79.05338166666668 13.789586666666665,79.05399833333333,79.05399833333333 13.788120000000001,79.05461333333332,79.05461333333332 13.786648333333334,79.05523,79.05523 13.785171666666669,79.05584666666667,79.05584666666667 13.783688333333336,79.056465,79.056465 13.7822,79.05708333333334,79.05708333333334 13.780705,79.05770166666667,79.05770166666667 13.779205000000003,79.05832166666667,79.05832166666667 13.777698333333335,79.05894166666667,79.05894166666667 13.776183333333332,79.059565,79.059565 13.774663333333333,79.06018833333333,79.06018833333333 13.773134999999998,79.06081333333334,79.06081333333334 13.771600000000001,79.06143833333333,79.06143833333333 13.770058333333333,79.062065,79.062065 13.768514999999997,79.06269333333333,79.06269333333333 13.766966666666669,79.06332166666667,79.06332166666667 13.765414999999999,79.06395166666667,79.06395166666667 13.763861666666665,79.06458166666665,79.06458166666665 13.76231,79.06521166666666,79.06521166666666 13.760756666666667,79.06584333333333,79.06584333333333 13.759203333333334,79.06647333333333,79.06647333333333 13.757648333333334,79.06710500000001,79.06710500000001 13.756093333333334,79.06773499999998,79.06773499999998 13.754536666666668,79.06836499999999,79.06836499999999 13.752979999999997,79.06899666666666,79.06899666666666 13.75142,79.069625,79.069625 13.749861666666668,79.070255,79.070255 13.748303333333334,79.07088333333333,79.07088333333333 13.746743333333333,79.07151166666667,79.07151166666667 13.745185,79.07214,79.07214 13.74362666666667,79.07276833333333,79.07276833333333 13.742068333333336,79.07339666666667,79.07339666666667 13.740509999999999,79.074025,79.074025 13.738951666666665,79.07465333333333,79.07465333333333 13.737395,79.07528333333333,79.07528333333333 13.73584,79.07591333333333,79.07591333333333 13.734283333333336,79.07654333333332,79.07654333333332 13.732725000000002,79.07717500000001,79.07717500000001 13.731166666666665,79.07780666666666,79.07780666666666 13.729611666666665,79.07843833333332,79.07843833333332 13.728058333333333,79.07907166666666,79.07907166666666 13.726506666666667,79.07970499999999,79.07970499999999 13.724958333333333,79.08033833333333,79.08033833333333 13.723415,79.08097333333335,79.08097333333335 13.721871666666667,79.08160833333332,79.08160833333332 13.720330000000002,79.08224333333334,79.08224333333334 13.718786666666666,79.08288,79.08288 13.717243333333334,79.08351666666667,79.08351666666667 13.715701666666666,79.08415333333335,79.08415333333335 13.714155000000002,79.08479000000001,79.08479000000001 13.712608333333332,79.08542666666668,79.08542666666668 13.711056666666666,79.08606333333333,79.08606333333333 13.709499999999998,79.0867,79.0867 13.707939999999999,79.08733666666667,79.08733666666667 13.706374999999998,79.08797166666668,79.08797166666668 13.704804999999999,79.08860666666666,79.08860666666666 13.703231666666667,79.08924166666667,79.08924166666667 13.701651666666665,79.08987666666667,79.08987666666667 13.700068333333336,79.09051,79.09051 13.698481666666666,79.09114333333333,79.09114333333333 13.696895,79.09177666666666,79.09177666666666 13.695308333333333,79.09241,79.09241 13.693723333333333,79.09304499999999,79.09304499999999 13.692146666666668,79.09367999999999,79.09367999999999 13.690571666666665,79.09431666666667,79.09431666666667 13.688998333333334,79.09495333333334,79.09495333333334 13.687425,79.09558999999999,79.09558999999999 13.685853333333334,79.09622833333334,79.09622833333334 13.684283333333333,79.09686666666667,79.09686666666667 13.682716666666666,79.097505,79.097505 13.681148333333331,79.09814333333334,79.09814333333334 13.67958,79.09878166666667,79.09878166666667 13.678011666666665,79.09942,79.09942 13.676441666666664,79.10005833333334,79.10005833333334 13.674873333333336,79.10069833333333,79.10069833333333 13.673305000000001,79.10133666666668,79.10133666666668 13.671738333333334,79.101975,79.101975 13.670173333333333,79.10261500000001,79.10261500000001 13.668611666666669,79.103255,79.103255 13.667048333333332,79.103895,79.103895 13.665483333333334,79.104535,79.104535 13.663915000000003,79.10517666666668,79.10517666666668 13.662341666666668,79.10582,79.10582 13.660760000000002,79.10646333333334,79.10646333333334 13.659168333333332,79.10710666666668,79.10710666666668 13.65756833333333,79.10775333333332,79.10775333333332 13.655963333333332,79.10839833333333,79.10839833333333 13.654349999999999,79.10904666666666,79.10904666666666 13.652731666666666,79.10969499999999,79.10969499999999 13.651106666666665,79.11034333333335,79.11034333333335 13.649476666666665,79.11099333333334,79.11099333333334 13.647846666666666,79.111645,79.111645 13.646213333333332,79.11229833333334,79.11229833333334 13.644578333333333,79.11295333333334,79.11295333333334 13.642938333333332,79.11361000000001,79.11361000000001 13.641295,79.11426666666665,79.11426666666665 13.639645,79.114925,79.114925 13.637993333333334,79.115585,79.115585 13.636341666666667,79.11624666666667,79.11624666666667 13.634691666666667,79.11690833333333,79.11690833333333 13.633046666666667,79.11757333333333,79.11757333333333 13.631406666666665,79.11823833333334,79.11823833333334 13.629771666666667,79.11890333333334,79.11890333333334 13.628138333333332,79.11957,79.11957 13.626505000000002,79.12023833333333,79.12023833333333 13.624871666666666,79.120905,79.120905 13.62324,79.12157333333332,79.12157333333332 13.62160833333333,79.12224333333333,79.12224333333333 13.619973333333332,79.12291333333333,79.12291333333333 13.618336666666668,79.12358333333334,79.12358333333334 13.616698333333332,79.12425333333333,79.12425333333333 13.61505833333333,79.12492666666667,79.12492666666667 13.613415000000002,79.12559833333331,79.12559833333331 13.611766666666664,79.12627166666665,79.12627166666665 13.610113333333334,79.12694499999999,79.12694499999999 13.608455000000001,79.12762,79.12762 13.606793333333334,79.12829333333333,79.12829333333333 13.605126666666669,79.12896666666667,79.12896666666667 13.603458333333332,79.12964166666667,79.12964166666667 13.601786666666667,79.13031500000001,79.13031500000001 13.600113333333336,79.13099000000001,79.13099000000001 13.598436666666666,79.13166500000001,79.13166500000001 13.596763333333335,79.13234166666666,79.13234166666666 13.595094999999999,79.13301833333334,79.13301833333334 13.593435000000001,79.13369666666667,79.13369666666667 13.591781666666668,79.13437666666665,79.13437666666665 13.590135000000002,79.13505833333333,79.13505833333333 13.588496666666666,79.13574166666668,79.13574166666668 13.586865,79.13642666666667,79.13642666666667 13.585236666666665,79.13711166666667,79.13711166666667 13.58361,79.13779833333334,79.13779833333334 13.581986666666667,79.13848666666665,79.13848666666665 13.58036,79.13917500000001,79.13917500000001 13.578726666666668,79.13986333333332,79.13986333333332 13.577089999999997,79.14054999999999,79.14054999999999 13.575450000000002,79.14123666666666,79.14123666666666 13.573803333333332,79.14192333333334,79.14192333333334 13.572143333333335,79.14260833333334,79.14260833333334 13.570473333333332,79.14329166666667,79.14329166666667 13.568798333333334,79.14397500000001,79.14397500000001 13.567115000000001,79.14465833333333,79.14465833333333 13.56542166666667,79.14534,79.14534 13.563723333333334,79.14602333333333,79.14602333333333 13.562021666666665,79.14670666666665,79.14670666666665 13.560315,79.14738999999999,79.14738999999999 13.558601666666668,79.14807333333333,79.14807333333333 13.556885,79.14875666666666,79.14875666666666 13.555163333333333,79.14944,79.14944 13.553436666666668,79.15012333333334,79.15012333333334 13.551701666666666,79.150805,79.150805 13.549961666666666,79.15148833333332,79.15148833333332 13.548216666666667,79.15217,79.15217 13.546465000000001,79.15285333333334,79.15285333333334 13.544706666666665,79.15353499999999,79.15353499999999 13.542943333333335,79.15421833333332,79.15421833333332 13.541176666666669,79.15490166666666,79.15490166666666 13.539401666666667,79.15558333333334,79.15558333333334 13.537624999999998,79.15626833333333,79.15626833333333 13.535848333333334,79.15695333333333,79.15695333333333 13.534071666666668,79.15763833333334,79.15763833333334 13.532295,79.15832499999999,79.15832499999999 13.530525,79.15901333333332,79.15901333333332 13.528765,79.15970333333333,79.15970333333333 13.527008333333333,79.16039500000001,79.16039500000001 13.525256666666666,79.16108833333334,79.16108833333334 13.523511666666666,79.16178166666667,79.16178166666667 13.521771666666666,79.16247833333334,79.16247833333334 13.520033333333334,79.16317666666669,79.16317666666669 13.518296666666668,79.163875,79.163875 13.516563333333332,79.16457499999999,79.16457499999999 13.514833333333335,79.16527666666666,79.16527666666666 13.513105,79.16597999999999,79.16597999999999 13.511378333333333,79.16668500000002,79.16668500000002 13.50965333333333,79.16738833333335,79.16738833333335 13.507928333333334,79.16809499999998,79.16809499999998 13.50620166666667,79.1688,79.1688 13.504473333333332,79.16950333333331,79.16950333333331 13.502743333333333,79.17020833333333,79.17020833333333 13.501014999999999,79.17091166666667,79.17091166666667 13.499286666666668,79.171615,79.171615 13.497554999999998,79.17231499999998,79.17231499999998 13.49582333333333,79.17301666666668,79.17301666666668 13.494088333333332,79.17371666666666,79.17371666666666 13.492349999999998,79.174415,79.174415 13.490606666666666,79.17511166666668,79.17511166666668 13.488856666666667,79.17580666666665,79.17580666666665 13.48710166666667,79.17650166666667,79.17650166666667 13.485338333333335,79.17719666666667,79.17719666666667 13.483568333333334,79.17789,79.17789 13.481799999999998,79.17858333333334,79.17858333333334 13.480035,79.17927833333334,79.17927833333334 13.478271666666666,79.17997166666667,79.17997166666667 13.476511666666667,79.18066666666667,79.18066666666667 13.474753333333334,79.18136166666667,79.18136166666667 13.472998333333331,79.18205833333333,79.18205833333333 13.471244999999998,79.18275499999999,79.18275499999999 13.469496666666664,79.18345166666667,79.18345166666667 13.467751666666668,79.18415,79.18415 13.466010000000002,79.18484833333335,79.18484833333335 13.464269999999999,79.18554833333333,79.18554833333333 13.462535,79.18624833333334,79.18624833333334 13.460806666666667,79.18695166666667,79.18695166666667 13.459083333333336,79.187655,79.187655 13.457361666666669,79.18835833333331,79.18835833333331 13.455644999999999,79.18906333333334,79.18906333333334 13.453933333333335,79.18977,79.18977 13.452223333333333,79.19047499999999,79.19047499999999 13.450513333333333,79.19118000000002,79.19118000000002 13.448803333333334,79.19188666666668,79.19188666666668 13.447098333333335,79.19259166666667,79.19259166666667 13.445395,79.19329666666667,79.19329666666667 13.443691666666664,79.19400166666667,79.19400166666667 13.441993333333336,79.19470833333334,79.19470833333334 13.440298333333331,79.19541333333333,79.19541333333333 13.438604999999997,79.19612,79.19612 13.436914999999999,79.19682666666665,79.19682666666665 13.435228333333336,79.19753333333334,79.19753333333334 13.433540000000002,79.19824,79.19824 13.431846666666669,79.19894666666669,79.19894666666669 13.430148333333333,79.19965333333334,79.19965333333334 13.428448333333332,79.20035833333334,79.20035833333334 13.426739999999999,79.201065,79.201065 13.425021666666664,79.20177,79.20177 13.423294999999998,79.202475,79.202475 13.421568333333333,79.20318,79.20318 13.419839999999999,79.203885,79.203885 13.418106666666667,79.20459,79.20459 13.416371666666665,79.20529666666665,79.20529666666665 13.414636666666667,79.20600166666665,79.20600166666665 13.412898333333333,79.20670833333334,79.20670833333334 13.411156666666667,79.207415,79.207415 13.409413333333335,79.20812,79.20812 13.407666666666668,79.20882666666665,79.20882666666665 13.405918333333334,79.20953333333334,79.20953333333334 13.404165,79.21024000000001,79.21024000000001 13.402408333333334,79.21094666666666,79.21094666666666 13.400649999999999,79.21165333333333,79.21165333333333 13.39888833333333,79.21235999999999,79.21235999999999 13.397125000000003,79.21306500000001,79.21306500000001 13.39536,79.21377000000001,79.21377000000001 13.39359166666667,79.21447499999998,79.21447499999998 13.391821666666665,79.21518,79.21518 13.390051666666666,79.21588333333334,79.21588333333334 13.388281666666668,79.21658666666667,79.21658666666667 13.386508333333332,79.21729,79.21729 13.384733333333335,79.21799333333334,79.21799333333334 13.382958333333333,79.21869666666667,79.21869666666667 13.381179999999999,79.21939833333332,79.21939833333332 13.379399999999999,79.22009999999999,79.22009999999999 13.377616666666665,79.22080166666666,79.22080166666666 13.375828333333335,79.22150166666667,79.22150166666667 13.374036666666665,79.22220166666666,79.22220166666666 13.372239999999998,79.22290166666667,79.22290166666667 13.370438333333333,79.22360000000002,79.22360000000002 13.368631666666666,79.22429833333334,79.22429833333334 13.366816666666669,79.22499499999999,79.22499499999999 13.36499833333333,79.22569,79.22569 13.363175,79.22638666666666,79.22638666666666 13.361350000000002,79.22708166666665,79.22708166666665 13.359526666666667,79.22777666666666,79.22777666666666 13.35772,79.22847166666668,79.22847166666668 13.3559,79.22916666666667,79.22916666666667 13.35408,79.22985999999999,79.22985999999999 13.352263333333335,79.23055500000001,79.23055500000001 13.350448333333334,79.23124833333334,79.23124833333334 13.34863,79.23194,79.23194 13.346815,79.23263166666666,79.23263166666666 13.34500833333333,79.23332333333333,79.23332333333333 13.343206666666665,79.23401500000001,79.23401500000001 13.341413333333334,79.23470666666668,79.23470666666668 13.339626666666666,79.23539833333334,79.23539833333334 13.337846666666666,79.23609,79.23609 13.33607,79.23678166666667,79.23678166666667 13.334295000000001,79.23747166666666,79.23747166666666 13.332524999999997,79.23816166666667,79.23816166666667 13.330763333333334,79.23885333333332,79.23885333333332 13.329006666666665,79.23954333333333,79.23954333333333 13.327254999999997,79.24023333333332,79.24023333333332 13.325508333333335,79.24092333333333,79.24092333333333 13.323768333333332,79.24161333333335,79.24161333333335 13.32203333333333,79.24230333333333,79.24230333333333 13.320300000000001,79.24299333333335,79.24299333333335 13.318568333333333,79.24368333333332,79.24368333333332 13.316836666666665,79.244375,79.244375 13.315106666666667,79.24506666666667,79.24506666666667 13.313374999999999,79.24575833333333,79.24575833333333 13.311644999999997,79.24645166666666,79.24645166666666 13.309916666666666,79.24714499999999,79.24714499999999 13.308191666666668,79.24784,79.24784 13.306466666666664,79.24853499999999,79.24853499999999 13.304744999999999,79.24923000000001,79.24923000000001 13.303028333333334,79.24992833333333,79.24992833333333 13.301318333333333,79.25062666666666,79.25062666666666 13.299608333333333,79.25132500000001,79.25132500000001 13.297903333333332,79.25202333333333,79.25202333333333 13.296198333333333,79.25272333333334,79.25272333333334 13.294498333333335,79.25342333333332,79.25342333333332 13.292796666666666,79.25412500000002,79.25412500000002 13.291096666666665,79.25482666666666,79.25482666666666 13.289395000000003,79.25552833333333,79.25552833333333 13.287691666666667,79.25623,79.25623 13.285985000000002,79.25693166666666,79.25693166666666 13.284276666666665,79.257635,79.257635 13.282568333333332,79.25833666666668,79.25833666666668 13.28086,79.25904,79.25904 13.279151666666667,79.25974333333333,79.25974333333333 13.277449999999998,79.26044833333334,79.26044833333334 13.275753333333334,79.26115166666666,79.26115166666666 13.274063333333334,79.26185666666667,79.26185666666667 13.272375,79.26256,79.26256 13.270695,79.263265,79.263265 13.269018333333335,79.26396833333334,79.26396833333334 13.267344999999999,79.26467,79.26467 13.265671666666666,79.26537166666667,79.26537166666667 13.264001666666665,79.26607166666668,79.26607166666668 13.262333333333334,79.26677,79.26677 13.260668333333335,79.26746833333334,79.26746833333334 13.258998333333333,79.268165,79.268165 13.25732,79.26886,79.26886 13.255636666666664,79.26955333333333,79.26955333333333 13.253948333333334,79.270245,79.270245 13.252246666666668,79.270935,79.270935 13.250534999999998,79.27162166666668,79.27162166666668 13.248813333333331,79.27230833333334,79.27230833333334 13.247081666666666,79.27299333333335,79.27299333333335 13.245336666666667,79.27367666666667,79.27367666666667 13.24358,79.27435999999999,79.27435999999999 13.241813333333335,79.27504,79.27504 13.24004,79.27572166666668,79.27572166666668 13.238261666666665,79.27640333333333,79.27640333333333 13.23648,79.277085,79.277085 13.234700000000002,79.27776666666668,79.27776666666668 13.232918333333334,79.27844833333333,79.27844833333333 13.231134999999997,79.27913000000001,79.27913000000001 13.229348333333332,79.27981333333334,79.27981333333334 13.227561666666668,79.28049499999999,79.28049499999999 13.22577,79.28117666666667,79.28117666666667 13.223975,79.28185833333335,79.28185833333335 13.222173333333334,79.28253833333333,79.28253833333333 13.220365,79.28321833333332,79.28321833333332 13.21855,79.28389666666666,79.28389666666666 13.216728333333332,79.28457333333333,79.28457333333333 13.214903333333334,79.28524833333333,79.28524833333333 13.213075000000002,79.28592499999999,79.28592499999999 13.211245,79.28660166666666,79.28660166666666 13.209411666666664,79.28727666666666,79.28727666666666 13.207576666666668,79.28795333333335,79.28795333333335 13.205741666666665,79.28863166666667,79.28863166666667 13.203905,79.28931,79.28931 13.202066666666667,79.28999000000002,79.28999000000002 13.200225,79.29066833333334,79.29066833333334 13.198378333333334,79.29134833333333,79.29134833333333 13.196528333333333,79.29202666666667,79.29202666666667 13.194676666666664,79.292705,79.292705 13.192826666666667,79.29338333333332,79.29338333333332 13.190981666666667,79.29406166666665,79.29406166666665 13.189143333333334,79.29474,79.29474 13.187313333333336,79.29542,79.29542 13.185491666666667,79.29610000000001,79.29610000000001 13.183678333333335,79.29678,79.29678 13.181869999999998,79.29746,79.29746 13.180073333333333,79.29814166666665,79.29814166666665 13.178283333333331,79.29882333333333,79.29882333333333 13.176496666666667,79.29950500000001,79.29950500000001 13.174713333333333,79.30018833333334,79.30018833333334 13.172934999999997,79.30087166666668,79.30087166666668 13.171158333333334,79.30155500000002,79.30155500000002 13.16938,79.30224,79.30224 13.167604999999998,79.30292333333333,79.30292333333333 13.16583166666667,79.30360999999999,79.30360999999999 13.164056666666665,79.30429666666667,79.30429666666667 13.162281666666667,79.30498333333334,79.30498333333334 13.160511666666666,79.30567,79.30567 13.158748333333332,79.30635999999998,79.30635999999998 13.156988333333334,79.30705,79.30705 13.155228333333332,79.30773999999998,79.30773999999998 13.153471666666668,79.30843166666666,79.30843166666666 13.151718333333335,79.30912333333333,79.30912333333333 13.149963333333334,79.309815,79.309815 13.148204999999999,79.31050666666668,79.31050666666668 13.146450000000002,79.31119999999999,79.31119999999999 13.144696666666668,79.31189333333333,79.31189333333333 13.142946666666667,79.31258666666666,79.31258666666666 13.141201666666667,79.31328166666668,79.31328166666668 13.139458333333335,79.313975,79.313975 13.137718333333332,79.31466999999999,79.31466999999999 13.135978333333332,79.31536500000001,79.31536500000001 13.13424,79.31605833333333,79.31605833333333 13.132506666666666,79.31675333333332,79.31675333333332 13.13077333333333,79.31744666666665,79.31744666666665 13.129043333333335,79.31814166666666,79.31814166666666 13.127321666666669,79.31883666666666,79.31883666666666 13.125606666666668,79.31953166666668,79.31953166666668 13.123895,79.32022666666667,79.32022666666667 13.12219,79.32092333333334,79.32092333333334 13.120488333333334,79.32161833333333,79.32161833333333 13.118788333333336,79.32231499999999,79.32231499999999 13.117086666666667,79.32301000000001,79.32301000000001 13.115385,79.32370500000002,79.32370500000002 13.11368,79.32439999999998,79.32439999999998 13.111971666666667,79.32509333333334,79.32509333333334 13.110261666666668,79.32578666666666,79.32578666666666 13.108553333333333,79.32648000000002,79.32648000000002 13.106841666666666,79.32717166666667,79.32717166666667 13.105128333333333,79.32786333333334,79.32786333333334 13.103420000000002,79.32855500000001,79.32855500000001 13.101711666666665,79.32924666666666,79.32924666666666 13.100006666666665,79.32993666666667,79.32993666666667 13.098305000000002,79.330625,79.330625 13.09661166666667,79.33131499999999,79.33131499999999 13.094921666666666,79.332005,79.332005 13.093235000000002,79.332695,79.332695 13.091549999999998,79.33338333333333,79.33338333333333 13.089861666666664,79.33407333333334,79.33407333333334 13.08816833333333,79.33476,79.33476 13.086470000000002,79.33544833333333,79.33544833333333 13.084768333333333,79.33613666666668,79.33613666666668 13.083060000000001,79.33682333333334,79.33682333333334 13.081345,79.33751,79.33751 13.079621666666666,79.338195,79.338195 13.07789166666667,79.33888,79.33888 13.076155000000004,79.339565,79.339565 13.074411666666666,79.34024833333334,79.34024833333334 13.072664999999997,79.34093166666668,79.34093166666668 13.070918333333335,79.341615,79.341615 13.069168333333334,79.34229666666666,79.34229666666666 13.06742,79.34297833333333,79.34297833333333 13.065673333333333,79.34366000000001,79.34366000000001 13.063930000000001,79.34434166666666,79.34434166666666 13.062186666666667,79.34502333333333,79.34502333333333 13.060446666666666,79.34570333333332,79.34570333333332 13.05871,79.34638333333334,79.34638333333334 13.056973333333334,79.34706500000001,79.34706500000001 13.05524,79.347745,79.347745 13.053506666666664,79.34842666666667,79.34842666666667 13.051775000000003,79.34910833333332,79.34910833333332 13.050043333333333,79.34979,79.34979 13.048305000000001,79.35047333333334,79.35047333333334 13.046564999999998,79.351155,79.351155 13.044821666666666,79.35183666666666,79.35183666666666 13.043071666666666,79.35252,79.35252 13.041316666666669,79.35320166666668,79.35320166666668 13.039555,79.35388333333334,79.35388333333334 13.037790000000001,79.35456333333333,79.35456333333333 13.036018333333333,79.35524499999998,79.35524499999998 13.034243333333333,79.355925,79.355925 13.03246666666667,79.35660500000002,79.35660500000002 13.03069,79.357285,79.357285 13.02891,79.357965,79.357965 13.02713,79.358645,79.358645 13.025348333333334,79.35932500000001,79.35932500000001 13.023568333333333,79.36000333333334,79.36000333333334 13.021788333333332,79.36068333333333,79.36068333333333 13.020008333333331,79.36136333333334,79.36136333333334 13.018228333333331,79.36204333333333,79.36204333333333 13.016446666666665,79.36272333333334,79.36272333333334 13.014664999999999,79.36340333333332,79.36340333333332 13.012878333333331,79.36408333333334,79.36408333333334 13.011086666666666,79.36476166666667,79.36476166666667 13.009293333333336,79.36544166666665,79.36544166666665 13.007498333333334,79.36612000000001,79.36612000000001 13.005701666666669,79.36679833333334,79.36679833333334 13.003905000000003,79.36747833333334,79.36747833333334 13.002111666666668,79.36815833333333,79.36815833333333 13.00032333333333,79.36883833333331,79.36883833333331 12.99854,79.36952,79.36952 12.99675833333333,79.37020333333334,79.37020333333334 12.99498,79.370885,79.370885 12.993201666666668,79.37156833333334,79.37156833333334 12.991426666666667,79.37225333333335,79.37225333333335 12.989653333333335,79.37293666666666,79.37293666666666 12.987879999999999,79.37362166666668,79.37362166666668 12.986108333333334,79.37430833333332,79.37430833333332 12.984338333333335,79.37499333333334,79.37499333333334 12.982569999999999,79.37568,79.37568 12.980799999999999,79.37636666666667,79.37636666666667 12.979028333333334,79.37705500000001,79.37705500000001 12.977256666666664,79.37774166666668,79.37774166666668 12.975481666666665,79.37843,79.37843 12.973708333333331,79.37911833333332,79.37911833333332 12.971933333333332,79.37980666666667,79.37980666666667 12.970155,79.380495,79.380495 12.968378333333332,79.38118333333334,79.38118333333334 12.966600000000003,79.38187166666667,79.38187166666667 12.964820000000003,79.38256,79.38256 12.96304,79.38324666666668,79.38324666666668 12.961261666666667,79.38393500000001,79.38393500000001 12.959481666666667,79.38462166666666,79.38462166666666 12.957698333333333,79.38530833333333,79.38530833333333 12.955913333333335,79.38599333333333,79.38599333333333 12.954128333333331,79.38667833333335,79.38667833333335 12.95234,79.38736333333333,79.38736333333333 12.950549999999998,79.38804666666667,79.38804666666667 12.948760000000002,79.38873,79.38873 12.946968333333333,79.38941166666667,79.38941166666667 12.945176666666669,79.39009333333333,79.39009333333333 12.943383333333335,79.390775,79.390775 12.94159,79.39145666666667,79.39145666666667 12.939796666666664,79.39213666666666,79.39213666666666 12.938001666666667,79.39281666666668,79.39281666666668 12.936206666666667,79.39349666666666,79.39349666666666 12.934415000000003,79.39417666666668,79.39417666666668 12.932623333333332,79.39485666666667,79.39485666666667 12.930836666666668,79.39553666666667,79.39553666666667 12.92905333333333,79.39621666666666,79.39621666666666 12.927273333333334,79.39689666666665,79.39689666666665 12.925495000000002,79.39757666666667,79.39757666666667 12.923718333333333,79.39825666666668,79.39825666666668 12.921943333333335,79.39893500000001,79.39893500000001 12.920165,79.399615,79.399615 12.918385,79.40029333333334,79.40029333333334 12.916603333333335,79.40097166666666,79.40097166666666 12.914823333333334,79.40164999999999,79.40164999999999 12.913041666666667,79.40232666666668,79.40232666666668 12.91126,79.40300333333332,79.40300333333332 12.90948,79.40368000000001,79.40368000000001 12.9077,79.40435500000001,79.40435500000001 12.90592,79.40503000000001,79.40503000000001 12.904141666666666,79.40570500000001,79.40570500000001 12.902365000000001,79.40638000000001,79.40638000000001 12.900588333333333,79.40705333333332,79.40705333333332 12.898813333333331,79.40772833333332,79.40772833333332 12.897036666666668,79.40840166666666,79.40840166666666 12.895261666666668,79.40907333333332,79.40907333333332 12.89348666666667,79.40974666666666,79.40974666666666 12.891713333333334,79.41042,79.41042 12.889943333333333,79.41109166666668,79.41109166666668 12.88817,79.41176499999999,79.41176499999999 12.886398333333332,79.41243833333333,79.41243833333333 12.884628333333334,79.41311,79.41311 12.882858333333335,79.41378333333334,79.41378333333334 12.88108833333333,79.41445666666665,79.41445666666665 12.87932,79.41512999999999,79.41512999999999 12.877554999999997,79.41580333333333,79.41580333333333 12.875791666666665,79.41647666666667,79.41647666666667 12.874033333333331,79.41715166666667,79.41715166666667 12.872278333333334,79.41782666666667,79.41782666666667 12.870526666666667,79.41850333333333,79.41850333333333 12.868776666666667,79.41917833333333,79.41917833333333 12.867026666666666,79.419855,79.419855 12.865278333333332,79.42053166666666,79.42053166666666 12.863525,79.42120833333333,79.42120833333333 12.861766666666664,79.42188499999999,79.42188499999999 12.860001666666669,79.42256166666665,79.42256166666665 12.858233333333333,79.42323666666665,79.42323666666665 12.85646,79.42391166666665,79.42391166666665 12.854681666666664,79.42458666666666,79.42458666666666 12.852901666666664,79.42526166666666,79.42526166666666 12.851121666666664,79.425935,79.425935 12.84934,79.42661,79.42661 12.847558333333334,79.42728166666667,79.42728166666667 12.84577833333333,79.42795500000001,79.42795500000001 12.84399833333333,79.42862666666667,79.42862666666667 12.842220000000001,79.42930000000001,79.42930000000001 12.840443333333333,79.42997166666669,79.42997166666669 12.838670000000002,79.43064333333334,79.43064333333334 12.836899999999998,79.43131499999998,79.43131499999998 12.835136666666664,79.43198833333332,79.43198833333332 12.833376666666666,79.43266166666666,79.43266166666666 12.831621666666669,79.433335,79.433335 12.82986833333333,79.43400833333334,79.43400833333334 12.828120000000002,79.43468333333334,79.43468333333334 12.826373333333335,79.43535666666666,79.43535666666666 12.824631666666669,79.43603333333334,79.43603333333334 12.822891666666665,79.43670833333334,79.43670833333334 12.821158333333335,79.43738499999999,79.43738499999999 12.819428333333333,79.43806166666667,79.43806166666667 12.817703333333334,79.43874,79.43874 12.81597833333333,79.43941833333332,79.43941833333332 12.81425833333333,79.44009833333334,79.44009833333334 12.812536666666665,79.44077666666666,79.44077666666666 12.810813333333332,79.44145499999999,79.44145499999999 12.809089999999998,79.44213500000001,79.44213500000001 12.80737,79.44281500000001,79.44281500000001 12.805648333333332,79.44349333333334,79.44349333333334 12.803923333333335,79.44417333333332,79.44417333333332 12.802194999999998,79.44485333333334,79.44485333333334 12.800465000000003,79.44553333333333,79.44553333333333 12.798735,79.44621333333332,79.44621333333332 12.797003333333336,79.44689333333334,79.44689333333334 12.795264999999997,79.44757333333334,79.44757333333334 12.793526666666665,79.44825499999999,79.44825499999999 12.791786666666669,79.448935,79.448935 12.790043333333331,79.449615,79.449615 12.7883,79.45029500000001,79.45029500000001 12.786560000000001,79.45097333333334,79.45097333333334 12.784818333333334,79.45165333333333,79.45165333333333 12.783078333333332,79.45233166666667,79.45233166666667 12.781341666666666,79.45301166666665,79.45301166666665 12.779603333333334,79.45369000000001,79.45369000000001 12.777856666666667,79.45436666666667,79.45436666666667 12.776098333333334,79.45504333333334,79.45504333333334 12.774328333333335,79.45571833333334,79.45571833333334 12.77255,79.45639333333334,79.45639333333334 12.770766666666667,79.45706833333334,79.45706833333334 12.768976666666665,79.45774333333334,79.45774333333334 12.767183333333334,79.45841833333334,79.45841833333334 12.765386666666666,79.45909333333334,79.45909333333334 12.763588333333333,79.45976666666668,79.45976666666668 12.761783333333335,79.46044166666668,79.46044166666668 12.759973333333335,79.46111666666668,79.46111666666668 12.758160000000002,79.46179,79.46179 12.756345,79.462465,79.462465 12.754526666666667,79.46314,79.46314 12.752704999999999,79.46381333333333,79.46381333333333 12.750878333333333,79.46448833333334,79.46448833333334 12.749053333333332,79.46516333333334,79.46516333333334 12.747230000000002,79.46583833333334,79.46583833333334 12.745403333333336,79.46651333333332,79.46651333333332 12.743575,79.46718833333333,79.46718833333333 12.741748333333332,79.467865,79.467865 12.739923333333335,79.46854,79.46854 12.738100000000003,79.46921666666667,79.46921666666667 12.736279999999999,79.46989333333333,79.46989333333333 12.734463333333334,79.47057,79.47057 12.732651666666667,79.47124833333335,79.47124833333335 12.730844999999999,79.47192666666668,79.47192666666668 12.72904,79.47260333333334,79.47260333333334 12.727239999999997,79.47328166666667,79.47328166666667 12.725444999999999,79.47396000000002,79.47396000000002 12.723651666666667,79.47463833333335,79.47463833333335 12.72186,79.47531666666667,79.47531666666667 12.720068333333334,79.475995,79.475995 12.718273333333332,79.47667166666666,79.47667166666666 12.71648,79.47734833333334,79.47734833333334 12.714688333333333,79.47802666666666,79.47802666666666 12.712893333333332,79.47870333333333,79.47870333333333 12.711095,79.47937999999999,79.47937999999999 12.709296666666667,79.48005666666666,79.48005666666666 12.707493333333332,79.48073166666666,79.48073166666666 12.705686666666669,79.48140666666666,79.48140666666666 12.703871666666664,79.48208166666666,79.48208166666666 12.702054999999998,79.482755,79.482755 12.700236666666667,79.48342833333332,79.48342833333332 12.698411666666669,79.48410166666666,79.48410166666666 12.696586666666667,79.484775,79.484775 12.694760000000002,79.48544833333334,79.48544833333334 12.692935,79.48612166666668,79.48612166666668 12.69111,79.48679500000001,79.48679500000001 12.689286666666664,79.48746833333333,79.48746833333333 12.687466666666667,79.48814166666666,79.48814166666666 12.685649999999999,79.48881666666666,79.48881666666666 12.683836666666666,79.48949166666667,79.48949166666667 12.682031666666667,79.49016833333333,79.49016833333333 12.680229999999998,79.49084500000002,79.49084500000002 12.678429999999999,79.49152166666666,79.49152166666666 12.676633333333333,79.49220000000001,79.49220000000001 12.674836666666666,79.49287833333334,79.49287833333334 12.673038333333333,79.493555,79.493555 12.671236666666667,79.49423333333334,79.49423333333334 12.669434999999998,79.49491166666667,79.49491166666667 12.667633333333333,79.49558999999999,79.49558999999999 12.665833333333333,79.49626833333332,79.49626833333332 12.664033333333336,79.49694666666664,79.49694666666664 12.662233333333333,79.497625,79.497625 12.660434999999998,79.49830333333333,79.49830333333333 12.658639999999998,79.49898333333334,79.49898333333334 12.656843333333331,79.49966166666667,79.49966166666667 12.655048333333331,79.50034000000001,79.50034000000001 12.653255000000001,79.50101833333333,79.50101833333333 12.65146,79.50169666666666,79.50169666666666 12.649665,79.50237333333332,79.50237333333332 12.647871666666667,79.50305166666668,79.50305166666668 12.646079999999998,79.50373,79.50373 12.644288333333334,79.50440666666667,79.50440666666667 12.642495000000002,79.50508333333333,79.50508333333333 12.640705,79.50576,79.50576 12.638915,79.50643666666666,79.50643666666666 12.637126666666665,79.50711333333335,79.50711333333335 12.635335000000001,79.50779000000001,79.50779000000001 12.633545,79.50846666666668,79.50846666666668 12.63175666666667,79.50914166666668,79.50914166666668 12.629968333333334,79.50981666666668,79.50981666666668 12.628183333333334,79.51048999999999,79.51048999999999 12.6264,79.51116333333333,79.51116333333333 12.624618333333334,79.51183666666667,79.51183666666667 12.62284,79.51250833333334,79.51250833333334 12.621061666666666,79.51317833333333,79.51317833333333 12.619288333333335,79.51384833333333,79.51384833333333 12.617518333333331,79.51451666666668,79.51451666666668 12.615748333333332,79.51518333333334,79.51518333333334 12.613981666666668,79.51585,79.51585 12.612218333333333,79.51651500000001,79.51651500000001 12.61045333333333,79.51718000000001,79.51718000000001 12.608686666666665,79.51784333333333,79.51784333333333 12.606918333333333,79.51850666666667,79.51850666666667 12.605146666666666,79.51916833333333,79.51916833333333 12.60337333333333,79.51983,79.51983 12.601598333333335,79.52049166666667,79.52049166666667 12.599820000000001,79.52115166666667,79.52115166666667 12.598038333333331,79.52181166666666,79.52181166666666 12.596253333333333,79.52247333333334,79.52247333333334 12.594465,79.523135,79.523135 12.592673333333336,79.52379666666667,79.52379666666667 12.590878333333334,79.52446,79.52446 12.589083333333335,79.52512333333335,79.52512333333335 12.587288333333333,79.52578833333332,79.52578833333332 12.585494999999998,79.52645333333334,79.52645333333334 12.583701666666666,79.52711833333333,79.52711833333333 12.581910000000002,79.52778333333333,79.52778333333333 12.580118333333331,79.52845,79.52845 12.578330000000001,79.52911666666667,79.52911666666667 12.576541666666666,79.52978333333333,79.52978333333333 12.574753333333335,79.53045166666668,79.53045166666668 12.572970000000002,79.53111833333335,79.53111833333335 12.571186666666664,79.53178666666665,79.53178666666665 12.569403333333334,79.53245333333332,79.53245333333332 12.567621666666666,79.53312333333334,79.53312333333334 12.56584333333333,79.53379166666666,79.53379166666666 12.564063333333337,79.53446166666664,79.53446166666664 12.562286666666667,79.53513333333332,79.53513333333332 12.560511666666667,79.53580333333333,79.53580333333333 12.558736666666668,79.53647666666667,79.53647666666667 12.556964999999998,79.53715000000001,79.53715000000001 12.555196666666665,79.53782333333334,79.53782333333334 12.55343,79.53849833333334,79.53849833333334 12.551668333333334,79.539175,79.539175 12.549911666666665,79.53985166666666,79.53985166666666 12.548151666666667,79.54052666666666,79.54052666666666 12.546390000000002,79.54120333333334,79.54120333333334 12.544628333333334,79.54187833333334,79.54187833333334 12.542864999999999,79.54255166666667,79.54255166666667 12.5411,79.543225,79.543225 12.539329999999998,79.54389666666665,79.54389666666665 12.53756,79.54456666666667,79.54456666666667 12.535784999999999,79.54523666666668,79.54523666666668 12.534008333333334,79.54590499999999,79.54590499999999 12.532233333333334,79.54657166666665,79.54657166666665 12.530460000000001,79.54723833333334,79.54723833333334 12.528685000000001,79.547905,79.547905 12.526906666666665,79.54857166666667,79.54857166666667 12.525131666666669,79.54923833333334,79.54923833333334 12.523354999999999,79.54990333333333,79.54990333333333 12.521574999999999,79.55057000000001,79.55057000000001 12.519791666666668,79.55123666666667,79.55123666666667 12.518005,79.55190333333333,79.55190333333333 12.516218333333333,79.55257,79.55257 12.514430000000003,79.55323666666666,79.55323666666666 12.512639999999998,79.55390499999999,79.55390499999999 12.510851666666667,79.55457333333334,79.55457333333334 12.509066666666667,79.55524166666667,79.55524166666667 12.507288333333333,79.55591166666666,79.55591166666666 12.505511666666667,79.55658333333334,79.55658333333334 12.50374,79.55725333333332,79.55725333333332 12.501969999999998,79.557925,79.557925 12.5002,79.55859666666667,79.55859666666667 12.498431666666667,79.55926833333334,79.55926833333334 12.496661666666668,79.55994166666667,79.55994166666667 12.494893333333334,79.56061333333335,79.56061333333335 12.493123333333333,79.56128333333334,79.56128333333334 12.491351666666665,79.56195500000001,79.56195500000001 12.489580000000002,79.562625,79.562625 12.487810000000003,79.56329666666667,79.56329666666667 12.486036666666667,79.56396666666667,79.56396666666667 12.484259999999997,79.56463666666666,79.56463666666666 12.482481666666668,79.56530666666664,79.56530666666664 12.480705,79.56597666666666,79.56597666666666 12.478928333333334,79.56664500000001,79.56664500000001 12.477149999999998,79.56731500000001,79.56731500000001 12.475365,79.56798333333333,79.56798333333333 12.473573333333333,79.56864999999999,79.56864999999999 12.471773333333333,79.56931666666667,79.56931666666667 12.469961666666666,79.56998166666666,79.56998166666666 12.46814,79.57064666666666,79.57064666666666 12.466311666666664,79.57130999999998,79.57130999999998 12.464478333333332,79.57197500000001,79.57197500000001 12.462643333333332,79.57263833333333,79.57263833333333 12.460808333333334,79.57330333333333,79.57330333333333 12.458971666666667,79.57396666666666,79.57396666666666 12.457135000000001,79.57462999999998,79.57462999999998 12.455298333333335,79.57529500000001,79.57529500000001 12.453461666666666,79.57596,79.57596 12.451623333333334,79.57662499999999,79.57662499999999 12.449786666666666,79.57728999999999,79.57728999999999 12.447951666666665,79.577955,79.577955 12.446118333333333,79.57862166666666,79.57862166666666 12.444288333333335,79.57928833333332,79.57928833333332 12.442461666666668,79.579955,79.579955 12.440638333333334,79.58062333333335,79.58062333333335 12.438818333333332,79.58129000000001,79.58129000000001 12.437,79.58195833333333,79.58195833333333 12.435183333333335,79.58262666666667,79.58262666666667 12.433361666666666,79.58329666666668,79.58329666666668 12.431536666666666,79.58396666666667,79.58396666666667 12.429703333333334,79.58463666666665,79.58463666666665 12.427859999999999,79.58530833333333,79.58530833333333 12.426006666666666,79.58597833333333,79.58597833333333 12.424143333333333,79.58665,79.58665 12.422266666666667,79.58732166666668,79.58732166666668 12.420381666666666,79.58799333333333,79.58799333333333 12.41849,79.58866666666667,79.58866666666667 12.416596666666665,79.58933833333334,79.58933833333334 12.4147,79.59001166666665,79.59001166666665 12.412798333333333,79.590685,79.590685 12.410895,79.59135666666666,79.59135666666666 12.408991666666667,79.59203000000001,79.59203000000001 12.407094999999998,79.592705,79.592705 12.405206666666666,79.59338166666666,79.59338166666666 12.403323333333333,79.59405833333334,79.59405833333334 12.401443333333335,79.59473833333332,79.59473833333332 12.399566666666665,79.59541833333331,79.59541833333331 12.397691666666665,79.59609999999999,79.59609999999999 12.395819999999999,79.59678333333333,79.59678333333333 12.393949999999998,79.59746833333332,79.59746833333332 12.392081666666666,79.59815499999999,79.59815499999999 12.390213333333334,79.59884166666667,79.59884166666667 12.388345000000001,79.59953,79.59953 12.386475,79.60021833333333,79.60021833333333 12.384606666666665,79.60090499999998,79.60090499999998 12.38274,79.60159333333334,79.60159333333334 12.380876666666664,79.60228166666668,79.60228166666668 12.379016666666665,79.60297000000001,79.60297000000001 12.377158333333334,79.60365833333333,79.60365833333333 12.375303333333333,79.60434666666666,79.60434666666666 12.373451666666664,79.60503666666666,79.60503666666666 12.371601666666667,79.60572499999999,79.60572499999999 12.369755000000001,79.60641333333334,79.60641333333334 12.367911666666666,79.60710166666667,79.60710166666667 12.366064999999999,79.60779166666666,79.60779166666666 12.364213333333332,79.60848,79.60848 12.36236,79.60916833333334,79.60916833333334 12.360508333333334,79.60985666666667,79.60985666666667 12.358654999999999,79.61054666666668,79.61054666666668 12.356796666666664,79.61123500000001,79.61123500000001 12.354938333333333,79.61192333333334,79.61192333333334 12.353081666666665,79.61261333333334,79.61261333333334 12.351221666666666,79.61330333333333,79.61330333333333 12.34936,79.61399166666668,79.61399166666668 12.347493333333334,79.61468166666667,79.61468166666667 12.345623333333332,79.61536999999998,79.61536999999998 12.343745000000002,79.61605666666665,79.61605666666665 12.34185666666667,79.61674333333333,79.61674333333333 12.339966666666665,79.61743,79.61743 12.338075,79.618115,79.618115 12.336183333333334,79.6188,79.6188 12.334288333333332,79.619485,79.619485 12.332395,79.62016833333334,79.62016833333334 12.330501666666665,79.62085333333333,79.62085333333333 12.328608333333333,79.62153666666667,79.62153666666667 12.326711666666665,79.62221833333332,79.62221833333332 12.324816666666669,79.62290166666666,79.62290166666666 12.32292333333333,79.62358333333333,79.62358333333333 12.321026666666668,79.62426666666667,79.62426666666667 12.31913,79.62494833333335,79.62494833333335 12.317233333333334,79.62562833333334,79.62562833333334 12.315336666666667,79.62631,79.62631 12.313438333333332,79.62699166666665,79.62699166666665 12.311541666666667,79.62767166666664,79.62767166666664 12.309646666666668,79.62835333333335,79.62835333333335 12.307753333333336,79.62903333333334,79.62903333333334 12.30586,79.62971333333333,79.62971333333333 12.303971666666666,79.630395,79.630395 12.302081666666668,79.63107499999998,79.63107499999998 12.300188333333331,79.631755,79.631755 12.298295,79.63243333333332,79.63243333333332 12.296400000000002,79.63311333333334,79.63311333333334 12.294506666666665,79.63379166666667,79.63379166666667 12.292613333333334,79.63447166666667,79.63447166666667 12.290723333333336,79.63515,79.63515 12.288833333333333,79.63583000000001,79.63583000000001 12.286943333333332,79.63650833333334,79.63650833333334 12.285055,79.63718666666666,79.63718666666666 12.283166666666666,79.63786499999999,79.63786499999999 12.281283333333334,79.63854333333335,79.63854333333335 12.279401666666669,79.63922000000001,79.63922000000001 12.277526666666667,79.63989833333333,79.63989833333333 12.275656666666665,79.640575,79.640575 12.273798333333332,79.64125166666666,79.64125166666666 12.271946666666668,79.64192833333333,79.64192833333333 12.270099999999998,79.642605,79.642605 12.26826166666667,79.64328,79.64328 12.266433333333337,79.643955,79.643955 12.26461,79.64463,79.64463 12.262793333333331,79.64530333333333,79.64530333333333 12.260979999999998,79.645975,79.645975 12.259171666666669,79.64664833333335,79.64664833333335 12.257368333333332,79.64732000000002,79.64732000000002 12.255568333333335,79.64799166666667,79.64799166666667 12.253770000000001,79.64866500000001,79.64866500000001 12.251973333333334,79.64933666666668,79.64933666666668 12.250183333333332,79.65000833333333,79.65000833333333 12.248395,79.65068,79.65068 12.246606666666667,79.65135166666667,79.65135166666667 12.244823333333333,79.65202166666666,79.65202166666666 12.243041666666667,79.65269333333333,79.65269333333333 12.241259999999999,79.65336500000001,79.65336500000001 12.239478333333333,79.65403666666666,79.65403666666666 12.237691666666668,79.65470833333333,79.65470833333333 12.235901666666667,79.65538,79.65538 12.234103333333332,79.65605000000001,79.65605000000001 12.232300000000002,79.65671999999999,79.65671999999999 12.230488333333335,79.65739,79.65739 12.228673333333331,79.65805999999999,79.65805999999999 12.226855,79.65873,79.65873 12.225035,79.65940166666667,79.65940166666667 12.223216666666666,79.66007166666668,79.66007166666668 12.221401666666669,79.66074333333333,79.66074333333333 12.219588333333336,79.661415,79.661415 12.21777666666667,79.66208833333334,79.66208833333334 12.215968333333333,79.66275999999999,79.66275999999999 12.214158333333335,79.66343333333333,79.66343333333333 12.212348333333333,79.66410666666667,79.66410666666667 12.210536666666666,79.66478000000001,79.66478000000001 12.20872166666667,79.66545333333333,79.66545333333333 12.206906666666665,79.66612666666667,79.66612666666667 12.205088333333334,79.66680000000001,79.66680000000001 12.203263333333332,79.66747333333332,79.66747333333332 12.20143,79.66814666666669,79.66814666666669 12.199591666666667,79.66882,79.66882 12.197746666666667,79.66949333333334,79.66949333333334 12.195895,79.67016499999998,79.67016499999998 12.194036666666667,79.67083833333332,79.67083833333332 12.192168333333331,79.67151,79.67151 12.190294999999999,79.67218,79.67218 12.188416666666669,79.67285166666667,79.67285166666667 12.186533333333333,79.67352166666666,79.67352166666666 12.184641666666666,79.67419166666667,79.67419166666667 12.182746666666667,79.67486,79.67486 12.180850000000001,79.67552833333333,79.67552833333333 12.178953333333332,79.67619666666666,79.67619666666666 12.177055,79.676865,79.676865 12.175156666666666,79.67753333333333,79.67753333333333 12.173258333333335,79.6782,79.6782 12.171363333333332,79.67886666666666,79.67886666666666 12.169468333333334,79.67953499999999,79.67953499999999 12.167575000000001,79.68020166666666,79.68020166666666 12.16568166666667,79.68086833333335,79.68086833333335 12.163788333333331,79.68153666666667,79.68153666666667 12.161895,79.68220333333333,79.68220333333333 12.159999999999997,79.68287166666667,79.68287166666667 12.158105,79.68354,79.68354 12.156211666666666,79.68421000000001,79.68421000000001 12.154324999999998,79.68487999999999,79.68487999999999 12.152443333333334,79.68555166666667,79.68555166666667 12.150566666666668,79.68622333333333,79.68622333333333 12.148696666666668,79.68689666666667,79.68689666666667 12.146831666666666,79.68757000000001,79.68757000000001 12.144973333333333,79.68824500000001,79.68824500000001 12.143121666666666,79.68892000000001,79.68892000000001 12.141274999999998,79.68959666666667,79.68959666666667 12.139434999999999,79.69027333333334,79.69027333333334 12.1376,79.69095,79.69095 12.135769999999997,79.69162666666666,79.69162666666666 12.133948333333334,79.692305,79.692305 12.132135000000003,79.69298333333333,79.69298333333333 12.130328333333333,79.69366166666666,79.69366166666666 12.128528333333335,79.69433999999998,79.69433999999998 12.12673166666667,79.69502,79.69502 12.124938333333334,79.69569833333333,79.69569833333333 12.123145,79.69637666666665,79.69637666666665 12.121353333333332,79.69705333333334,79.69705333333334 12.119560000000002,79.69773,79.69773 12.117766666666666,79.69840666666667,79.69840666666667 12.115968333333335,79.69908000000001,79.69908000000001 12.114163333333334,79.69975333333335,79.69975333333335 12.112348333333333,79.700425,79.700425 12.110524999999999,79.70109333333332,79.70109333333332 12.108693333333333,79.70176166666667,79.70176166666667 12.106853333333333,79.70242833333334,79.70242833333334 12.105006666666668,79.703095,79.703095 12.103156666666667,79.70376,79.70376 12.101304999999998,79.70442500000001,79.70442500000001 12.099456666666665,79.70509000000001,79.70509000000001 12.097610000000001,79.705755,79.705755 12.095761666666666,79.70642,79.70642 12.093910000000003,79.70708499999999,79.70708499999999 12.092058333333332,79.70775,79.70775 12.090204999999997,79.708415,79.708415 12.088351666666666,79.70908166666666,79.70908166666666 12.086494999999998,79.70974666666667,79.70974666666667 12.084638333333332,79.71041333333334,79.71041333333334 12.082774999999998,79.71107833333333,79.71107833333333 12.080908333333332,79.71174500000001,79.71174500000001 12.079033333333332,79.71241,79.71241 12.07715166666667,79.71307499999999,79.71307499999999 12.075263333333332,79.71374000000002,79.71374000000002 12.073366666666667,79.71440333333332,79.71440333333332 12.071461666666668,79.71506833333333,79.71506833333333 12.069551666666667,79.71573333333333,79.71573333333333 12.067636666666665,79.71639833333333,79.71639833333333 12.065715,79.71706333333334,79.71706333333334 12.063786666666665,79.71772833333331,79.71772833333331 12.06185833333333,79.71839333333334,79.71839333333334 12.059925,79.71905833333335,79.71905833333335 12.057988333333334,79.71972500000001,79.71972500000001 12.056051666666667,79.72039,79.72039 12.054115000000001,79.72105833333335,79.72105833333335 12.052176666666664,79.72172666666667,79.72172666666667 12.050236666666668,79.72239499999999,79.72239499999999 12.048296666666667,79.72306499999999,79.72306499999999 12.046358333333334,79.72373666666667,79.72373666666667 12.044418333333333,79.72440833333334,79.72440833333334 12.042481666666667,79.72508166666665,79.72508166666665 12.040551666666667,79.72575499999999,79.72575499999999 12.038628333333333,79.72642833333333,79.72642833333333 12.036711666666669,79.72710333333333,79.72710333333333 12.03480333333333,79.72777833333333,79.72777833333333 12.032905,79.728455,79.728455 12.031016666666668,79.72913,79.72913 12.029136666666666,79.729805,79.729805 12.027269999999998,79.73048,79.73048 12.025421666666666,79.73115333333334,79.73115333333334 12.023591666666668,79.73182833333334,79.73182833333334 12.021781666666666,79.73250166666668,79.73250166666668 12.020000000000001,79.73317833333334,79.73317833333334 12.018246666666668,79.73385333333334,79.73385333333334 12.016518333333332,79.73453,79.73453 12.014815,79.73520666666667,79.73520666666667 12.013143333333336,79.735885,79.735885 12.011498333333334,79.73656333333332,79.73656333333332 12.009875,79.73724333333334,79.73724333333334 12.008261666666666,79.73792166666667,79.73792166666667 12.006655000000002,79.73859999999999,79.73859999999999 12.005046666666665,79.73927666666667,79.73927666666667 12.003431666666666,79.73995333333333,79.73995333333333 12.001806666666667,79.74062833333333,79.74062833333333 12.00017,79.74130333333332,79.74130333333332 11.998523333333333,79.74197833333332,79.74197833333332 11.996864999999998,79.74265166666667,79.74265166666667 11.995195,79.743325,79.743325 11.993508333333333,79.74399833333334,79.74399833333334 11.991808333333331,79.74467166666668,79.74467166666668 11.990091666666668,79.74534333333332,79.74534333333332 11.988358333333336,79.746015,79.746015 11.986609999999999,79.74668666666668,79.74668666666668 11.984843333333334,79.74735666666666,79.74735666666666 11.983061666666666,79.74802500000001,79.74802500000001 11.981264999999999,79.74869166666669,79.74869166666669 11.979456666666666,79.74935999999998,79.74935999999998 11.977640000000001,79.75002666666666,79.75002666666666 11.975811666666667,79.75069166666668,79.75069166666668 11.973971666666667,79.75135666666665,79.75135666666665 11.972121666666665,79.75202,79.75202 11.970258333333334,79.75268166666667,79.75268166666667 11.968383333333334,79.75334166666667,79.75334166666667 11.9665,79.75400166666665,79.75400166666665 11.964613333333334,79.75466166666668,79.75466166666668 11.962723333333333,79.75532,79.75532 11.960833333333335,79.75597833333333,79.75597833333333 11.958941666666666,79.75663666666667,79.75663666666667 11.95705,79.75729500000001,79.75729500000001 11.955158333333333,79.75795333333335,79.75795333333335 11.953258333333334,79.75861166666667,79.75861166666667 11.95135,79.75927,79.75927 11.949429999999998,79.75992666666667,79.75992666666667 11.947505,79.76058166666667,79.76058166666667 11.945573333333334,79.76123833333334,79.76123833333334 11.943633333333333,79.76189333333335,79.76189333333335 11.941688333333332,79.76254833333334,79.76254833333334 11.939738333333331,79.76320166666666,79.76320166666666 11.93778166666667,79.763855,79.763855 11.935820000000001,79.76450666666666,79.76450666666666 11.933853333333333,79.76516000000001,79.76516000000001 11.931883333333333,79.76581,79.76581 11.92991,79.76646166666666,79.76646166666666 11.927936666666668,79.76711166666666,79.76711166666666 11.925963333333334,79.76776333333335,79.76776333333335 11.92399,79.76841333333334,79.76841333333334 11.922018333333332,79.76906333333334,79.76906333333334 11.920048333333332,79.76971333333333,79.76971333333333 11.918076666666666,79.77036333333335,79.77036333333335 11.916105000000002,79.77101333333334,79.77101333333334 11.914131666666668,79.771665,79.771665 11.912159999999998,79.77231499999999,79.77231499999999 11.910188333333334,79.77296666666666,79.77296666666666 11.908213333333334,79.77361833333332,79.77361833333332 11.906236666666667,79.77427166666666,79.77427166666666 11.904256666666669,79.77492333333332,79.77492333333332 11.902273333333335,79.77557666666667,79.77557666666667 11.900288333333332,79.77623,79.77623 11.898305,79.77688499999998,79.77688499999998 11.896326666666667,79.77753999999999,79.77753999999999 11.894355,79.77819666666666,79.77819666666666 11.892388333333335,79.77885500000001,79.77885500000001 11.890423333333334,79.77951333333334,79.77951333333334 11.888465000000002,79.78017166666666,79.78017166666666 11.886513333333335,79.78083166666669,79.78083166666669 11.88456666666667,79.78149333333333,79.78149333333333 11.882624999999999,79.78215666666668,79.78215666666668 11.880696666666664,79.78282166666665,79.78282166666665 11.878778333333333,79.78348833333332,79.78348833333332 11.876868333333332,79.78415666666668,79.78415666666668 11.874965,79.78482666666666,79.78482666666666 11.873065,79.78549833333334,79.78549833333334 11.871173333333335,79.78616999999998,79.78616999999998 11.869285,79.78684333333332,79.78684333333332 11.867401666666666,79.78751666666666,79.78751666666666 11.865519999999998,79.78819,79.78819 11.86363833333333,79.78886333333334,79.78886333333334 11.86176,79.78953833333334,79.78953833333334 11.859879999999999,79.79021333333334,79.79021333333334 11.858001666666667,79.79089,79.79089 11.856126666666666,79.791565,79.791565 11.854255,79.79224166666667,79.79224166666667 11.852388333333334,79.79291833333333,79.79291833333333 11.850525000000001,79.793595,79.793595 11.848668333333334,79.79427166666666,79.79427166666666 11.846813333333335,79.79494999999999,79.79494999999999 11.84496333333333,79.79562666666668,79.79562666666668 11.843115000000001,79.796305,79.796305 11.841268333333334,79.79698333333333,79.79698333333333 11.839416666666667,79.79766166666666,79.79766166666666 11.837563333333332,79.79834000000001,79.79834000000001 11.835713333333334,79.79902,79.79902 11.833858333333334,79.7997,79.7997 11.832,79.80037999999999,79.80037999999999 11.830139999999998,79.80106166666667,79.80106166666667 11.828275,79.80174333333332,79.80174333333332 11.826405000000001,79.80242333333334,79.80242333333334 11.824530000000001,79.803105,79.803105 11.822651666666664,79.80378499999999,79.80378499999999 11.820763333333332,79.80446500000001,79.80446500000001 11.818866666666667,79.805145,79.805145 11.816966666666668,79.80582333333335,79.80582333333335 11.815058333333333,79.80650166666668,79.80650166666668 11.813141666666667,79.80718,79.80718 11.81122,79.807855,79.807855 11.809295000000002,79.80853166666667,79.80853166666667 11.807363333333333,79.80920666666667,79.80920666666667 11.805426666666666,79.80988,79.80988 11.803488333333332,79.81055166666668,79.81055166666668 11.801548333333336,79.81122333333333,79.81122333333333 11.799606666666666,79.811895,79.811895 11.797659999999999,79.81256499999999,79.81256499999999 11.795713333333333,79.813235,79.813235 11.793765,79.81390333333334,79.81390333333334 11.791818333333332,79.81457333333333,79.81457333333333 11.78987,79.81524166666665,79.81524166666665 11.78792,79.81591,79.81591 11.785970000000002,79.81657833333334,79.81657833333334 11.78402,79.81724666666666,79.81724666666666 11.78207,79.81791499999999,79.81791499999999 11.780121666666664,79.81858333333334,79.81858333333334 11.778174999999997,79.81925333333334,79.81925333333334 11.776231666666668,79.81992166666669,79.81992166666669 11.774288333333333,79.82058999999998,79.82058999999998 11.772346666666666,79.82126,79.82126 11.770408333333336,79.82192833333333,79.82192833333333 11.768473333333336,79.82259833333332,79.82259833333332 11.766541666666667,79.82326833333333,79.82326833333333 11.764613333333331,79.82393999999998,79.82393999999998 11.762690000000003,79.82460999999999,79.82460999999999 11.760773333333335,79.82528166666665,79.82528166666665 11.75886,79.82595333333333,79.82595333333333 11.756953333333335,79.82662666666667,79.82662666666667 11.755053333333334,79.82729833333332,79.82729833333332 11.75316,79.82797166666666,79.82797166666666 11.751271666666668,79.828645,79.828645 11.74938833333333,79.82931833333333,79.82931833333333 11.747515,79.82999166666667,79.82999166666667 11.745646666666667,79.83066500000001,79.83066500000001 11.743786666666665,79.83133666666666,79.83133666666666 11.741936666666666,79.83200833333333,79.83200833333333 11.740091666666668,79.83267833333333,79.83267833333333 11.738251666666669,79.83334833333335,79.83334833333335 11.73641,79.83401833333333,79.83401833333333 11.734575,79.83468833333332,79.83468833333332 11.732741666666668,79.83535666666667,79.83535666666667 11.730906666666668,79.83602333333334,79.83602333333334 11.729066666666665,79.83669166666667,79.83669166666667 11.727226666666665,79.83735833333333,79.83735833333333 11.725386666666669,79.83802666666666,79.83802666666666 11.723543333333335,79.83869333333335,79.83869333333335 11.721694999999999,79.83936000000001,79.83936000000001 11.719846666666667,79.84002666666667,79.84002666666667 11.717996666666666,79.84069166666666,79.84069166666666 11.71614,79.84135666666666,79.84135666666666 11.714278333333334,79.84202166666667,79.84202166666667 11.712414999999998,79.842685,79.842685 11.710545000000002,79.84334833333334,79.84334833333334 11.708668333333332,79.84401,79.84401 11.706786666666668,79.84467166666667,79.84467166666667 11.7049,79.84533166666667,79.84533166666667 11.703006666666667,79.84599166666666,79.84599166666666 11.701108333333332,79.84665000000001,79.84665000000001 11.699205,79.84730833333334,79.84730833333334 11.697299999999998,79.847965,79.847965 11.695391666666666,79.84862166666667,79.84862166666667 11.693483333333331,79.84928000000001,79.84928000000001 11.691576666666668,79.849935,79.849935 11.68966666666667,79.85059166666667,79.85059166666667 11.687756666666667,79.85124833333332,79.85124833333332 11.685846666666666,79.851905,79.851905 11.683933333333334,79.85256166666667,79.85256166666667 11.682016666666666,79.85321666666668,79.85321666666668 11.680098333333335,79.85387333333333,79.85387333333333 11.678176666666666,79.85453000000001,79.85453000000001 11.676251666666667,79.85518666666668,79.85518666666668 11.674321666666668,79.855845,79.855845 11.672386666666668,79.85650166666665,79.85650166666665 11.670446666666665,79.85716000000001,79.85716000000001 11.66849833333333,79.85781999999999,79.85781999999999 11.666546666666665,79.85847833333335,79.85847833333335 11.664596666666668,79.85913833333333,79.85913833333333 11.662643333333332,79.85979999999999,79.85979999999999 11.66069,79.86046166666667,79.86046166666667 11.65873666666667,79.86112333333335,79.86112333333335 11.656786666666669,79.86178666666666,79.86178666666666 11.654840000000002,79.86245000000001,79.86245000000001 11.652893333333337,79.86311500000001,79.86311500000001 11.650951666666666,79.86377999999999,79.86377999999999 11.649011666666667,79.86444499999999,79.86444499999999 11.647076666666665,79.86511000000002,79.86511000000002 11.645145,79.865775,79.865775 11.643211666666664,79.86644,79.86644 11.641275,79.86710333333333,79.86710333333333 11.63934,79.86776666666665,79.86776666666665 11.637405000000001,79.86842999999999,79.86842999999999 11.635463333333334,79.86909333333334,79.86909333333334 11.633516666666667,79.86975333333332,79.86975333333332 11.631566666666666,79.87041500000001,79.87041500000001 11.629611666666664,79.87107666666668,79.87107666666668 11.627650000000001,79.87173666666665,79.87173666666665 11.625683333333331,79.87239666666666,79.87239666666666 11.623716666666668,79.87305666666666,79.87305666666666 11.621743333333331,79.87371833333333,79.87371833333333 11.619758333333333,79.87437833333333,79.87437833333333 11.617768333333334,79.87503833333334,79.87503833333334 11.615775,79.8757,79.8757 11.613778333333336,79.87636,79.87636 11.611773333333336,79.87702166666666,79.87702166666666 11.609763333333335,79.87768333333334,79.87768333333334 11.60775,79.878345,79.878345 11.605733333333335,79.87900833333333,79.87900833333333 11.603716666666667,79.87967000000002,79.87967000000002 11.601698333333331,79.88033499999999,79.88033499999999 11.599681666666667,79.881,79.881 11.597666666666665,79.881665,79.881665 11.595655,79.88233166666666,79.88233166666666 11.59364833333333,79.883,79.883 11.591645000000002,79.88366833333332,79.88366833333332 11.589646666666667,79.88433666666667,79.88433666666667 11.587656666666666,79.88500499999999,79.88500499999999 11.585673333333334,79.885675,79.885675 11.583693333333333,79.88634333333334,79.88634333333334 11.581718333333333,79.88701166666667,79.88701166666667 11.579746666666665,79.88767999999999,79.88767999999999 11.577783333333333,79.88834666666666,79.88834666666666 11.575823333333334,79.88901333333332,79.88901333333332 11.573865000000001,79.88967999999998,79.88967999999998 11.571913333333335,79.89034666666666,79.89034666666666 11.56997,79.89101333333332,79.89101333333332 11.568033333333334,79.89168000000001,79.89168000000001 11.566101666666668,79.89234833333333,79.89234833333333 11.564176666666668,79.89301666666667,79.89301666666667 11.562256666666666,79.89368500000002,79.89368500000002 11.560336666666666,79.89435333333331,79.89435333333331 11.558418333333334,79.89502,79.89502 11.556500000000003,79.89568833333334,79.89568833333334 11.554576666666668,79.89635666666666,79.89635666666666 11.55265,79.89702333333332,79.89702333333332 11.550725,79.89769,79.89769 11.548800000000002,79.89835666666666,79.89835666666666 11.546868333333336,79.89902333333332,79.89902333333332 11.54493666666667,79.89968666666667,79.89968666666667 11.543006666666667,79.90035166666667,79.90035166666667 11.541078333333335,79.90101333333334,79.90101333333334 11.53915,79.90167333333333,79.90167333333333 11.537225000000001,79.90233166666667,79.90233166666667 11.535303333333331,79.90298999999999,79.90298999999999 11.533381666666667,79.90364333333333,79.90364333333333 11.53146,79.90429666666668,79.90429666666668 11.52954,79.90494833333334,79.90494833333334 11.527623333333334,79.9056,79.9056 11.525701666666665,79.90625,79.90625 11.523778333333333,79.9069,79.9069 11.521853333333334,79.90755000000001,79.90755000000001 11.519923333333333,79.90820166666667,79.90820166666667 11.517995,79.90885333333335,79.90885333333335 11.516064999999998,79.90950833333333,79.90950833333333 11.514133333333332,79.91016499999999,79.91016499999999 11.512198333333332,79.91082333333333,79.91082333333333 11.510265000000002,79.91148333333334,79.91148333333334 11.508336666666667,79.912145,79.912145 11.506411666666668,79.91280833333333,79.91280833333333 11.50449166666667,79.91347166666665,79.91347166666665 11.50258,79.91413666666668,79.91413666666668 11.500676666666667,79.91480333333334,79.91480333333334 11.498781666666664,79.91547000000001,79.91547000000001 11.496893333333333,79.91613833333334,79.91613833333334 11.495015000000002,79.91680666666666,79.91680666666666 11.49315,79.91747833333334,79.91747833333334 11.491296666666665,79.91814833333333,79.91814833333333 11.489454999999998,79.91882166666667,79.91882166666667 11.487628333333335,79.91949333333335,79.91949333333335 11.485813333333333,79.92016666666666,79.92016666666666 11.484,79.92084,79.92084 11.482193333333333,79.92151333333334,79.92151333333334 11.480394999999998,79.92218833333334,79.92218833333334 11.478599999999997,79.92286333333334,79.92286333333334 11.476806666666668,79.92354,79.92354 11.475016666666667,79.92421666666667,79.92421666666667 11.473228333333337,79.92489333333333,79.92489333333333 11.471430000000002,79.92556833333333,79.92556833333333 11.469614999999997,79.92624166666667,79.92624166666667 11.467780000000001,79.92691166666665,79.92691166666665 11.46593,79.92758166666667,79.92758166666667 11.464066666666666,79.92824833333334,79.92824833333334 11.462184999999998,79.92891333333334,79.92891333333334 11.460291666666667,79.92957833333334,79.92957833333334 11.458383333333332,79.93024,79.93024 11.456463333333334,79.93090000000001,79.93090000000001 11.45453666666667,79.93155833333334,79.93155833333334 11.452601666666665,79.93221666666668,79.93221666666668 11.450663333333333,79.93287333333333,79.93287333333333 11.448721666666666,79.93353,79.93353 11.446780000000002,79.93418499999999,79.93418499999999 11.444838333333331,79.93484,79.93484 11.442896666666664,79.93549666666665,79.93549666666665 11.440953333333335,79.93615166666666,79.93615166666666 11.439011666666666,79.93680666666667,79.93680666666667 11.43707166666667,79.93746333333333,79.93746333333333 11.435136666666663,79.93812,79.93812 11.433203333333333,79.93877833333333,79.93877833333333 11.431275000000001,79.93943833333331,79.93943833333331 11.429351666666665,79.9401,79.9401 11.427426666666667,79.94076166666667,79.94076166666667 11.425505,79.941425,79.941425 11.423585000000001,79.94208833333333,79.94208833333333 11.421664999999999,79.94275166666667,79.94275166666667 11.419743333333335,79.94341666666665,79.94341666666665 11.417826666666667,79.94408166666668,79.94408166666668 11.415911666666666,79.94474833333334,79.94474833333334 11.413993333333332,79.94541500000001,79.94541500000001 11.412071666666668,79.94608166666667,79.94608166666667 11.410146666666668,79.94674833333333,79.94674833333333 11.408218333333332,79.94741666666667,79.94741666666667 11.40629,79.94808500000002,79.94808500000002 11.40436,79.94875333333331,79.94875333333331 11.402434999999999,79.94942166666667,79.94942166666667 11.400513333333334,79.95009166666667,79.95009166666667 11.398595,79.95076166666665,79.95076166666665 11.396683333333332,79.95143333333333,79.95143333333333 11.394781666666665,79.952105,79.952105 11.392883333333334,79.95277666666665,79.95277666666665 11.390991666666665,79.95344999999999,79.95344999999999 11.389123333333336,79.95412333333333,79.95412333333333 11.387243333333332,79.95479666666667,79.95479666666667 11.385361666666665,79.95547,79.95547 11.383486666666665,79.95614333333333,79.95614333333333 11.381618333333332,79.95681666666667,79.95681666666667 11.37975,79.95749,79.95749 11.377880000000003,79.95816500000001,79.95816500000001 11.376016666666667,79.95884000000001,79.95884000000001 11.374156666666666,79.95951666666667,79.95951666666667 11.372296666666667,79.96019333333334,79.96019333333334 11.370440000000002,79.96087166666666,79.96087166666666 11.368586666666667,79.96155,79.96155 11.366733333333332,79.96222833333333,79.96222833333333 11.364878333333335,79.96290666666665,79.96290666666665 11.363021666666668,79.96358333333332,79.96358333333332 11.361165,79.96425999999998,79.96425999999998 11.359303333333333,79.96493499999998,79.96493499999998 11.357441666666668,79.96560999999998,79.96560999999998 11.355576666666666,79.96628166666666,79.96628166666666 11.353710000000001,79.96695333333334,79.96695333333334 11.351838333333335,79.96762333333334,79.96762333333334 11.349963333333335,79.96829166666666,79.96829166666666 11.34807666666667,79.96895833333332,79.96895833333332 11.346175,79.96962166666667,79.96962166666667 11.344256666666668,79.97028333333331,79.97028333333331 11.342323333333331,79.97094166666668,79.97094166666668 11.340376666666668,79.97159833333333,79.97159833333333 11.338413333333332,79.97225333333334,79.97225333333334 11.336436666666668,79.972905,79.972905 11.334451666666666,79.97355666666668,79.97355666666668 11.332458333333333,79.97420500000001,79.97420500000001 11.330458333333334,79.97485333333334,79.97485333333334 11.328458333333334,79.97550000000001,79.97550000000001 11.326456666666664,79.97614666666668,79.97614666666668 11.324451666666668,79.97679333333335,79.97679333333335 11.322443333333334,79.97743999999999,79.97743999999999 11.320433333333336,79.97808666666666,79.97808666666666 11.318419999999998,79.97873500000001,79.97873500000001 11.316403333333334,79.97938333333335,79.97938333333335 11.314385000000001,79.98003333333334,79.98003333333334 11.312366666666666,79.980685,79.980685 11.310345,79.98133666666666,79.98133666666666 11.308321666666664,79.98198999999998,79.98198999999998 11.306298333333332,79.98264166666667,79.98264166666667 11.304276666666667,79.98329500000001,79.98329500000001 11.302253333333331,79.98394666666667,79.98394666666667 11.300226666666665,79.98459833333332,79.98459833333332 11.298203333333333,79.98525166666666,79.98525166666666 11.296180000000001,79.985905,79.985905 11.294158333333332,79.98655833333335,79.98655833333335 11.292135,79.98721,79.98721 11.290113333333334,79.98786333333334,79.98786333333334 11.288094999999998,79.98851666666665,79.98851666666665 11.286079999999998,79.98917,79.98917 11.284063333333332,79.98982166666666,79.98982166666666 11.282048333333332,79.99047166666665,79.99047166666665 11.280038333333334,79.99112166666667,79.99112166666667 11.278036666666667,79.99177166666666,79.99177166666666 11.276038333333334,79.99242166666666,79.99242166666666 11.274048333333333,79.99307166666667,79.99307166666667 11.272066666666667,79.99372166666666,79.99372166666666 11.270093333333334,79.99437166666665,79.99437166666665 11.268126666666667,79.99502166666667,79.99502166666667 11.266168333333333,79.99567333333333,79.99567333333333 11.264218333333334,79.99632499999998,79.99632499999998 11.262273333333333,79.99698,79.99698 11.260331666666666,79.99763500000002,79.99763500000002 11.258393333333334,79.99829166666666,79.99829166666666 11.256458333333335,79.99895,79.99895 11.254523333333335,79.99960833333331,79.99960833333331 11.252590000000001,80.00027,80.00027 11.250661666666666,80.00093333333332,80.00093333333332 11.248735,80.00159666666666,80.00159666666666 11.246813333333332,80.00226166666667,80.00226166666667 11.244893333333334,80.00292833333333,80.00292833333333 11.242978333333333,80.00359499999999,80.00359499999999 11.241064999999999,80.00426333333333,80.00426333333333 11.239156666666668,80.00493333333334,80.00493333333334 11.237251666666669,80.00560499999999,80.00560499999999 11.235351666666666,80.00627666666666,80.00627666666666 11.233459999999997,80.00694833333334,80.00694833333334 11.231576666666667,80.00762333333334,80.00762333333334 11.229698333333333,80.00829666666665,80.00829666666665 11.227829999999999,80.00897166666665,80.00897166666665 11.225968333333334,80.00964666666665,80.00964666666665 11.22410666666667,80.01032166666666,80.01032166666666 11.22224,80.010995,80.010995 11.220375,80.01166833333333,80.01166833333333 11.218509999999998,80.01234166666667,80.01234166666667 11.216635000000002,80.01301333333335,80.01301333333335 11.214751666666665,80.01368500000001,80.01368500000001 11.212853333333332,80.01435333333333,80.01435333333333 11.210944999999999,80.01502166666668,80.01502166666668 11.209025,80.01568999999999,80.01568999999999 11.207091666666667,80.01635500000002,80.01635500000002 11.20515,80.01702166666668,80.01702166666668 11.203206666666667,80.01768833333334,80.01768833333334 11.20126166666667,80.01835333333332,80.01835333333332 11.199315000000002,80.01902000000001,80.01902000000001 11.197371666666667,80.01968666666667,80.01968666666667 11.195428333333334,80.02035333333335,80.02035333333335 11.19348,80.02102000000001,80.02102000000001 11.191526666666668,80.02168666666667,80.02168666666667 11.18957,80.02235166666665,80.02235166666665 11.187616666666667,80.02301833333331,80.02301833333331 11.185663333333332,80.02368499999999,80.02368499999999 11.183713333333332,80.02435166666667,80.02435166666667 11.181766666666666,80.02502,80.02502 11.179826666666667,80.02569000000001,80.02569000000001 11.17788833333333,80.02635833333333,80.02635833333333 11.175955,80.02703,80.02703 11.174024999999999,80.02770000000001,80.02770000000001 11.172095000000002,80.02837166666666,80.02837166666666 11.170163333333337,80.02904166666667,80.02904166666667 11.168231666666667,80.02971166666666,80.02971166666666 11.166300000000001,80.03038333333333,80.03038333333333 11.164366666666668,80.03105333333333,80.03105333333333 11.162428333333331,80.03172166666666,80.03172166666666 11.160488333333335,80.03239,80.03239 11.158534999999999,80.03305666666667,80.03305666666667 11.15657,80.03372166666668,80.03372166666668 11.154598333333334,80.03438500000001,80.03438500000001 11.152611666666665,80.03504666666667,80.03504666666667 11.150616666666666,80.03570666666666,80.03570666666666 11.148615,80.03636499999999,80.03636499999999 11.146609999999999,80.03702166666667,80.03702166666667 11.144603333333334,80.03767833333332,80.03767833333332 11.14259333333333,80.03833500000002,80.03833500000002 11.14058,80.03899166666666,80.03899166666666 11.13856333333333,80.03964666666668,80.03964666666668 11.136543333333336,80.04030333333333,80.04030333333333 11.13452,80.04096,80.04096 11.13249,80.04161666666666,80.04161666666666 11.130455,80.04227333333333,80.04227333333333 11.128414999999999,80.04293,80.04293 11.126368333333335,80.043585,80.043585 11.124313333333333,80.04424166666666,80.04424166666666 11.12225,80.04489833333334,80.04489833333334 11.120188333333333,80.04555333333333,80.04555333333333 11.11812333333333,80.04621166666666,80.04621166666666 11.11605,80.04686833333334,80.04686833333334 11.113971666666664,80.047525,80.047525 11.111890000000002,80.04818166666666,80.04818166666666 11.109808333333335,80.04883833333334,80.04883833333334 11.107718333333331,80.049495,80.049495 11.105623333333332,80.05015,80.05015 11.103526666666669,80.05080500000001,80.05080500000001 11.101424999999997,80.05145833333333,80.05145833333333 11.099318333333335,80.05211166666666,80.05211166666666 11.097203333333335,80.05276333333332,80.05276333333332 11.095088333333337,80.05341333333334,80.05341333333334 11.092969999999998,80.05406333333333,80.05406333333333 11.090858333333331,80.05471333333332,80.05471333333332 11.088763333333336,80.05536500000001,80.05536500000001 11.086685000000001,80.05601833333334,80.05601833333334 11.084616666666667,80.05667166666666,80.05667166666666 11.082563333333333,80.05732666666667,80.05732666666667 11.080531666666666,80.057985,80.057985 11.078520000000001,80.05864499999998,80.05864499999998 11.076528333333332,80.05930666666667,80.05930666666667 11.074558333333336,80.05997166666667,80.05997166666667 11.072613333333335,80.06063999999999,80.06063999999999 11.07069,80.06131,80.06131 11.068786666666666,80.06198166666667,80.06198166666667 11.066905,80.06265666666667,80.06265666666667 11.065046666666667,80.06333500000001,80.06333500000001 11.063213333333332,80.064015,80.064015 11.061399999999999,80.06469666666668,80.06469666666668 11.05959666666667,80.06538000000002,80.06538000000002 11.057801666666668,80.066065,80.066065 11.056018333333334,80.06674833333332,80.06674833333332 11.054243333333334,80.06743333333333,80.06743333333333 11.05247166666667,80.06811833333333,80.06811833333333 11.050703333333336,80.06880333333332,80.06880333333332 11.048948333333332,80.06948999999999,80.06948999999999 11.047200000000002,80.070175,80.070175 11.045455000000002,80.07086166666667,80.07086166666667 11.043711666666665,80.07154666666668,80.07154666666668 11.041981666666668,80.07223333333333,80.07223333333333 11.040258333333334,80.07292166666666,80.07292166666666 11.038536666666667,80.07360999999999,80.07360999999999 11.036823333333333,80.07429833333333,80.07429833333333 11.035119999999997,80.07498833333334,80.07498833333334 11.033428333333333,80.07567833333333,80.07567833333333 11.031751666666665,80.07637,80.07637 11.030091666666664,80.07706166666668,80.07706166666668 11.028450000000001,80.07775666666667,80.07775666666667 11.026823333333335,80.07845333333333,80.07845333333333 11.025210000000001,80.07915,80.07915 11.02361,80.07985000000001,80.07985000000001 11.022015,80.08054833333335,80.08054833333335 11.020406666666668,80.08124666666664,80.08124666666664 11.01878,80.08194333333333,80.08194333333333 11.017130000000002,80.08263666666667,80.08263666666667 11.015451666666669,80.08332666666668,80.08332666666668 11.013744999999998,80.08401166666665,80.08401166666665 11.012011666666668,80.084695,80.084695 11.010253333333333,80.085375,80.085375 11.008458333333333,80.08604999999999,80.08604999999999 11.006625000000001,80.08672,80.08672 11.004761666666665,80.08738666666666,80.08738666666666 11.002863333333334,80.08805,80.08805 11.000931666666668,80.08871000000002,80.08871000000002 10.998973333333334,80.08936666666666,80.08936666666666 10.996990000000002,80.09002,80.09002 10.994976666666666,80.09067166666668,80.09067166666668 10.992938333333333,80.09131999999998,80.09131999999998 10.990878333333335,80.09196666666668,80.09196666666668 10.988798333333335,80.09261,80.09261 10.986701666666665,80.09325333333332,80.09325333333332 10.984589999999997,80.09389333333334,80.09389333333334 10.982468333333335,80.09453333333333,80.09453333333333 10.980341666666668,80.09517166666666,80.09517166666666 10.978204999999997,80.09581,80.09581 10.976058333333333,80.09644666666667,80.09644666666667 10.973904999999998,80.09708333333333,80.09708333333333 10.971746666666663,80.09771666666668,80.09771666666668 10.969579999999999,80.09835,80.09835 10.967400000000001,80.09898166666666,80.09898166666666 10.965215,80.09961166666668,80.09961166666668 10.963021666666668,80.10023999999999,80.10023999999999 10.960816666666666,80.10086833333332,80.10086833333332 10.958608333333334,80.10149333333334,80.10149333333334 10.956403333333332,80.10212,80.10212 10.954196666666668,80.10274500000001,80.10274500000001 10.951988333333334,80.10337,80.10337 10.949781666666668,80.10399500000001,80.10399500000001 10.947574999999997,80.10462000000001,80.10462000000001 10.945358333333335,80.10524666666666,80.10524666666666 10.943133333333334,80.10587166666664,80.10587166666664 10.940905,80.10649833333335,80.10649833333335 10.93867,80.10712333333333,80.10712333333333 10.936425000000002,80.10775,80.10775 10.934178333333332,80.10837833333333,80.10837833333333 10.931931666666665,80.10900666666667,80.10900666666667 10.929681666666665,80.10963666666666,80.10963666666666 10.927426666666667,80.11026666666666,80.11026666666666 10.92517,80.11089666666666,80.11089666666666 10.92291166666667,80.11153,80.11153 10.920645000000002,80.11216166666667,80.11216166666667 10.918373333333333,80.112795,80.112795 10.916099999999998,80.11342833333333,80.11342833333333 10.913826666666667,80.11406333333333,80.11406333333333 10.911554999999998,80.11469833333334,80.11469833333334 10.909286666666667,80.11533333333333,80.11533333333333 10.907023333333333,80.11596999999999,80.11596999999999 10.904766666666669,80.11660666666667,80.11660666666667 10.902508333333332,80.11724333333333,80.11724333333333 10.900244999999998,80.11787833333332,80.11787833333332 10.897981666666666,80.11851333333335,80.11851333333335 10.895721666666667,80.11914833333333,80.11914833333333 10.893461666666667,80.11978166666665,80.11978166666665 10.891206666666667,80.12041333333333,80.12041333333333 10.888963333333335,80.12104833333332,80.12104833333332 10.886733333333334,80.12168166666666,80.12168166666666 10.88451833333333,80.12231833333334,80.12231833333334 10.882321666666668,80.122955,80.122955 10.880141666666669,80.12359333333333,80.12359333333333 10.877978333333331,80.12423333333334,80.12423333333334 10.875828333333333,80.12487333333333,80.12487333333333 10.873691666666666,80.12551500000001,80.12551500000001 10.871568333333336,80.12615833333332,80.12615833333332 10.869455,80.12680333333333,80.12680333333333 10.867348333333332,80.12744666666667,80.12744666666667 10.865251666666666,80.12809333333333,80.12809333333333 10.863161666666667,80.12873833333333,80.12873833333333 10.86107666666667,80.129385,80.129385 10.858996666666666,80.13003166666667,80.13003166666667 10.856923333333336,80.13068,80.13068 10.854858333333333,80.13132833333334,80.13132833333334 10.852796666666666,80.13197666666666,80.13197666666666 10.850733333333334,80.132625,80.132625 10.84867,80.133275,80.133275 10.84660833333333,80.13392499999999,80.13392499999999 10.844546666666668,80.13457333333335,80.13457333333335 10.84248,80.13522333333334,80.13522333333334 10.840415,80.13587166666667,80.13587166666667 10.838355000000002,80.13652166666667,80.13652166666667 10.836296666666666,80.13717166666666,80.13717166666666 10.83424,80.13782333333334,80.13782333333334 10.83219,80.13847333333334,80.13847333333334 10.830146666666668,80.13912499999999,80.13912499999999 10.82811,80.13977666666666,80.13977666666666 10.826081666666667,80.14042833333332,80.14042833333332 10.824065,80.14108333333333,80.14108333333333 10.822058333333334,80.14173666666667,80.14173666666667 10.820061666666666,80.14239333333333,80.14239333333333 10.81807,80.14304833333334,80.14304833333334 10.816081666666667,80.14370666666667,80.14370666666667 10.814098333333334,80.14436333333333,80.14436333333333 10.812123333333332,80.14502166666666,80.14502166666666 10.810148333333332,80.14568166666666,80.14568166666666 10.808171666666665,80.14634166666667,80.14634166666667 10.806193333333333,80.14700166666667,80.14700166666667 10.804211666666665,80.14766166666665,80.14766166666665 10.80222333333333,80.14832166666667,80.14832166666667 10.800225000000001,80.14898166666666,80.14898166666666 10.798225,80.14964166666668,80.14964166666668 10.796226666666668,80.15030166666666,80.15030166666666 10.794226666666669,80.15096166666666,80.15096166666666 10.792224999999998,80.15162166666667,80.15162166666667 10.790228333333335,80.15228333333333,80.15228333333333 10.788235,80.15294333333333,80.15294333333333 10.78623833333333,80.153605,80.153605 10.784238333333333,80.15426666666667,80.15426666666667 10.782245000000001,80.15492833333333,80.15492833333333 10.78026166666667,80.15559,80.15559 10.778278333333335,80.15625166666666,80.15625166666666 10.776296666666667,80.15691166666667,80.15691166666667 10.77432,80.15757333333333,80.15757333333333 10.772343333333332,80.15823333333333,80.15823333333333 10.770364999999998,80.15889166666665,80.15889166666665 10.768388333333334,80.15955000000001,80.15955000000001 10.766413333333333,80.16020833333333,80.16020833333333 10.76444,80.16086666666666,80.16086666666666 10.762466666666667,80.16152333333334,80.16152333333334 10.760494999999999,80.16218166666665,80.16218166666665 10.758523333333336,80.16283833333333,80.16283833333333 10.756554999999999,80.16349666666666,80.16349666666666 10.75459,80.16415500000001,80.16415500000001 10.75263,80.16481333333334,80.16481333333334 10.750678333333333,80.16547499999999,80.16547499999999 10.748733333333332,80.16613666666667,80.16613666666667 10.746795000000002,80.16679833333332,80.16679833333332 10.744863333333333,80.16746166666667,80.16746166666667 10.742943333333335,80.168125,80.168125 10.741023333333333,80.16878833333334,80.16878833333334 10.739103333333334,80.16945166666666,80.16945166666666 10.737186666666666,80.170115,80.170115 10.735273333333334,80.17077833333332,80.17077833333332 10.733349999999998,80.17143999999999,80.17143999999999 10.731419999999998,80.17210000000001,80.17210000000001 10.729488333333332,80.17276,80.17276 10.727551666666667,80.17341833333333,80.17341833333333 10.725605000000002,80.17407666666666,80.17407666666666 10.72364833333333,80.17473166666666,80.17473166666666 10.721688333333335,80.17538833333333,80.17538833333333 10.719725000000002,80.17604333333334,80.17604333333334 10.717751666666668,80.17669666666667,80.17669666666667 10.715770000000001,80.17734999999999,80.17734999999999 10.713785000000001,80.17800333333334,80.17800333333334 10.711796666666666,80.17865666666665,80.17865666666665 10.709801666666664,80.17930833333334,80.17930833333334 10.707801666666667,80.17996166666667,80.17996166666667 10.705801666666664,80.18061499999999,80.18061499999999 10.703801666666667,80.18126833333334,80.18126833333334 10.701793333333335,80.18192166666665,80.18192166666665 10.699779999999999,80.182575,80.182575 10.697765,80.18322833333333,80.18322833333333 10.695744999999999,80.18388166666668,80.18388166666668 10.693716666666667,80.184535,80.184535 10.691683333333334,80.18518833333331,80.18518833333331 10.689644999999999,80.18584166666666,80.18584166666666 10.687603333333335,80.186495,80.186495 10.685558333333333,80.18714833333334,80.18714833333334 10.683508333333336,80.18780166666669,80.18780166666669 10.681458333333333,80.18845333333334,80.18845333333334 10.679408333333335,80.18910666666667,80.18910666666667 10.677355,80.18975666666667,80.18975666666667 10.675301666666668,80.19040833333332,80.19040833333332 10.673246666666666,80.19105833333332,80.19105833333332 10.671188333333333,80.19170833333334,80.19170833333334 10.669131666666667,80.19235833333333,80.19235833333333 10.667078333333334,80.19300666666666,80.19300666666666 10.665026666666666,80.19365666666666,80.19365666666666 10.662981666666665,80.19430666666668,80.19430666666668 10.660941666666668,80.19495666666667,80.19495666666667 10.658908333333331,80.19560666666666,80.19560666666666 10.656878333333335,80.19626,80.19626 10.654855,80.19691333333334,80.19691333333334 10.652838333333333,80.19756666666666,80.19756666666666 10.65082,80.19822,80.19822 10.648805000000001,80.198875,80.198875 10.646793333333337,80.19953000000001,80.19953000000001 10.644781666666665,80.20018333333336,80.20018333333336 10.642771666666665,80.20083833333334,80.20083833333334 10.640763333333334,80.20149166666667,80.20149166666667 10.63875833333333,80.20214499999999,80.20214499999999 10.636753333333337,80.20279666666667,80.20279666666667 10.634745000000002,80.20345000000002,80.20345000000002 10.632731666666665,80.20410000000001,80.20410000000001 10.63071666666667,80.20475166666667,80.20475166666667 10.628703333333332,80.20540333333334,80.20540333333334 10.626688333333334,80.20605499999999,80.20605499999999 10.624669999999998,80.20670666666668,80.20670666666668 10.62265,80.20735833333333,80.20735833333333 10.620631666666668,80.20801166666668,80.20801166666668 10.61861,80.20866500000001,80.20866500000001 10.616581666666663,80.20931833333333,80.20931833333333 10.614548333333333,80.20997333333334,80.20997333333334 10.61251,80.21062833333335,80.21062833333335 10.610466666666666,80.211285,80.211285 10.608418333333335,80.21194166666668,80.21194166666668 10.606363333333336,80.21259833333335,80.21259833333335 10.604300000000002,80.21325666666667,80.21325666666667 10.602226666666667,80.21391333333334,80.21391333333334 10.600146666666669,80.21457166666667,80.21457166666667 10.598054999999999,80.21522999999999,80.21522999999999 10.595953333333332,80.21588833333333,80.21588833333333 10.59384,80.216545,80.216545 10.591723333333332,80.21720333333332,80.21720333333332 10.589604999999999,80.21786000000002,80.21786000000002 10.587480000000001,80.218515,80.218515 10.585356666666668,80.21916999999999,80.21916999999999 10.583240000000002,80.219825,80.219825 10.581131666666664,80.22047833333332,80.22047833333332 10.579028333333333,80.22113166666666,80.22113166666666 10.576933333333333,80.22178333333333,80.22178333333333 10.574846666666668,80.22243499999999,80.22243499999999 10.572766666666666,80.22308666666665,80.22308666666665 10.570690000000003,80.22373666666667,80.22373666666667 10.568624999999999,80.22438666666666,80.22438666666666 10.566575,80.22503666666665,80.22503666666665 10.564536666666667,80.22568666666668,80.22568666666668 10.562513333333333,80.22633666666667,80.22633666666667 10.560500000000003,80.22698666666666,80.22698666666666 10.5585,80.22763833333333,80.22763833333333 10.556508333333333,80.22828833333332,80.22828833333332 10.55452166666667,80.22893999999998,80.22893999999998 10.55254,80.22959166666666,80.22959166666666 10.550561666666667,80.23024333333332,80.23024333333332 10.548585,80.230895,80.230895 10.546609999999998,80.23154666666666,80.23154666666666 10.544643333333333,80.23219999999999,80.23219999999999 10.542681666666667,80.23285333333334,80.23285333333334 10.540723333333336,80.23350666666668,80.23350666666668 10.538771666666666,80.23416166666667,80.23416166666667 10.536824999999999,80.23481666666666,80.23481666666666 10.534883333333335,80.235475,80.235475 10.532943333333332,80.236135,80.236135 10.531009999999998,80.23679666666666,80.23679666666666 10.529079999999999,80.23746,80.23746 10.527144999999999,80.23812500000001,80.23812500000001 10.525196666666666,80.23879000000001,80.23879000000001 10.523236666666666,80.23945499999999,80.23945499999999 10.521268333333333,80.24011999999999,80.24011999999999 10.51928666666667,80.24078666666665,80.24078666666665 10.517285,80.24145166666668,80.24145166666668 10.515266666666664,80.242115,80.242115 10.513239999999998,80.24278,80.24278 10.511198333333335,80.24344166666666,80.24344166666666 10.50914,80.24410333333333,80.24410333333333 10.507073333333334,80.24476333333335,80.24476333333335 10.504996666666667,80.24542333333333,80.24542333333333 10.502911666666668,80.24608166666667,80.24608166666667 10.500815000000001,80.24673833333334,80.24673833333334 10.498711666666667,80.24739333333333,80.24739333333333 10.496604999999999,80.24805,80.24805 10.494495,80.24870333333332,80.24870333333332 10.492379999999999,80.24935500000001,80.24935500000001 10.490265,80.25000666666666,80.25000666666666 10.488153333333333,80.25065833333333,80.25065833333333 10.486039999999997,80.25130833333333,80.25130833333333 10.483926666666665,80.25195666666666,80.25195666666666 10.481814999999997,80.25260499999999,80.25260499999999 10.479705000000003,80.25325333333332,80.25325333333332 10.477601666666665,80.25390166666665,80.25390166666665 10.475499999999998,80.25455000000001,80.25455000000001 10.473399999999998,80.25519666666668,80.25519666666668 10.471300000000001,80.25584500000001,80.25584500000001 10.469198333333335,80.25649333333334,80.25649333333334 10.467091666666667,80.25714166666667,80.25714166666667 10.464981666666665,80.25779,80.25779 10.462868333333333,80.25843833333333,80.25843833333333 10.460751666666667,80.25908666666666,80.25908666666666 10.458633333333335,80.25973499999999,80.25973499999999 10.456515000000003,80.26038499999999,80.26038499999999 10.454395,80.26103333333334,80.26103333333334 10.452276666666668,80.26168333333334,80.26168333333334 10.450161666666666,80.26233333333333,80.26233333333333 10.448046666666668,80.26298333333334,80.26298333333334 10.445935,80.26363333333333,80.26363333333333 10.443824999999999,80.26428499999999,80.26428499999999 10.441720000000002,80.26493666666667,80.26493666666667 10.439621666666667,80.26558833333333,80.26558833333333 10.437526666666667,80.26624000000001,80.26624000000001 10.435436666666664,80.26689333333334,80.26689333333334 10.433353333333333,80.26754666666666,80.26754666666666 10.431276666666669,80.26819999999998,80.26819999999998 10.429203333333334,80.26885333333333,80.26885333333333 10.427136666666668,80.26950833333333,80.26950833333333 10.425073333333334,80.27016166666667,80.27016166666667 10.423011666666667,80.27081499999998,80.27081499999998 10.420956666666665,80.27146666666667,80.27146666666667 10.41890833333333,80.27211999999999,80.27211999999999 10.416865,80.27277333333333,80.27277333333333 10.414829999999998,80.273425,80.273425 10.412803333333333,80.27407833333332,80.27407833333332 10.410786666666668,80.27473166666667,80.27473166666667 10.40877333333333,80.27538500000001,80.27538500000001 10.406766666666666,80.27603833333333,80.27603833333333 10.404770000000001,80.27669333333333,80.27669333333333 10.402779999999998,80.27734666666667,80.27734666666667 10.400801666666665,80.27800000000002,80.27800000000002 10.398831666666664,80.27865333333334,80.27865333333334 10.396876666666666,80.27930666666666,80.27930666666666 10.394931666666668,80.27995833333333,80.27995833333333 10.393001666666667,80.28060833333335,80.28060833333335 10.391086666666668,80.28125666666665,80.28125666666665 10.389186666666665,80.28190500000001,80.28190500000001 10.387303333333332,80.28255166666665,80.28255166666665 10.385435,80.28319499999999,80.28319499999999 10.383583333333334,80.28383833333334,80.28383833333334 10.381748333333332,80.28448333333334,80.28448333333334 10.379929999999998,80.28512666666667,80.28512666666667 10.378116666666667,80.28577166666668,80.28577166666668 10.376306666666665,80.28641666666668,80.28641666666668 10.374508333333333,80.28706500000001,80.28706500000001 10.372726666666669,80.28771666666667,80.28771666666667 10.370958333333334,80.28837,80.28837 10.369181666666666,80.28902500000001,80.28902500000001 10.367386666666665,80.28968166666668,80.28968166666668 10.365574999999998,80.29033833333332,80.29033833333332 10.36374,80.29099666666667,80.29099666666667 10.361865,80.29165333333334,80.29165333333334 10.359951666666666,80.29230833333332,80.29230833333332 10.358005,80.29296500000001,80.29296500000001 10.356031666666667,80.29361999999999,80.29361999999999 10.354038333333332,80.29427666666668,80.29427666666668 10.352033333333331,80.29493166666666,80.29493166666666 10.350018333333333,80.29558666666667,80.29558666666667 10.347993333333333,80.29624333333334,80.29624333333334 10.345955,80.29689666666667,80.29689666666667 10.343903333333332,80.29755166666668,80.29755166666668 10.341838333333335,80.298205,80.298205 10.339755,80.29885666666668,80.29885666666668 10.337653333333332,80.29950666666667,80.29950666666667 10.335538333333334,80.300155,80.300155 10.333416666666665,80.30080333333333,80.30080333333333 10.331288333333331,80.30145166666667,80.30145166666667 10.329158333333334,80.30210000000001,80.30210000000001 10.327031666666665,80.30275,80.30275 10.324903333333332,80.3034,80.3034 10.32277,80.30405000000002,80.30405000000002 10.320633333333333,80.30470000000001,80.30470000000001 10.318501666666666,80.30535333333333,80.30535333333333 10.316376666666667,80.30600666666668,80.30600666666668 10.314255000000001,80.30666166666667,80.30666166666667 10.31214,80.30731666666668,80.30731666666668 10.310036666666669,80.30797333333332,80.30797333333332 10.307948333333332,80.30863,80.30863 10.305871666666668,80.30928833333334,80.30928833333334 10.303805,80.30994833333334,80.30994833333334 10.301748333333332,80.31060833333332,80.31060833333332 10.299696666666668,80.31127000000001,80.31127000000001 10.297648333333331,80.31192999999999,80.31192999999999 10.295603333333334,80.31259166666668,80.31259166666668 10.293561666666667,80.31325333333332,80.31325333333332 10.291523333333332,80.31391666666667,80.31391666666667 10.289484999999999,80.31457999999998,80.31457999999998 10.287443333333334,80.315245,80.315245 10.28539,80.31590833333333,80.31590833333333 10.283325,80.31657333333332,80.31657333333332 10.281245,80.31723833333334,80.31723833333334 10.279143333333334,80.31790166666667,80.31790166666667 10.277030000000002,80.31856333333333,80.31856333333333 10.274913333333334,80.31922666666667,80.31922666666667 10.272793333333334,80.31989166666666,80.31989166666666 10.27067,80.32055500000001,80.32055500000001 10.26855,80.32121833333335,80.32121833333335 10.266426666666666,80.32188166666667,80.32188166666667 10.264298333333333,80.32254333333334,80.32254333333334 10.262165,80.323205,80.323205 10.260029999999999,80.32386666666667,80.32386666666667 10.25789,80.32452666666667,80.32452666666667 10.255741666666665,80.32518666666665,80.32518666666665 10.253590000000003,80.32584499999999,80.32584499999999 10.251434999999999,80.326505,80.326505 10.249275,80.32716333333333,80.32716333333333 10.247113333333333,80.32782166666667,80.32782166666667 10.244951666666667,80.32848166666665,80.32848166666665 10.242791666666667,80.32914166666667,80.32914166666667 10.240628333333332,80.32980166666665,80.32980166666665 10.238461666666666,80.33046333333334,80.33046333333334 10.236293333333334,80.33112333333332,80.33112333333332 10.234125,80.33178500000001,80.33178500000001 10.23195,80.33244833333332,80.33244833333332 10.229766666666666,80.33311,80.33311 10.227573333333334,80.33377333333334,80.33377333333334 10.225370000000002,80.33443666666668,80.33443666666668 10.223158333333334,80.33510166666666,80.33510166666666 10.22094,80.335765,80.335765 10.218711666666668,80.33642833333334,80.33642833333334 10.216476666666669,80.33709166666665,80.33709166666665 10.214235,80.33775333333334,80.33775333333334 10.211988333333334,80.33841500000001,80.33841500000001 10.209733333333334,80.33907500000001,80.33907500000001 10.207468333333333,80.33973499999999,80.33973499999999 10.205195000000002,80.34039166666666,80.34039166666666 10.202923333333333,80.34105,80.34105 10.200650000000001,80.34170833333332,80.34170833333332 10.198373333333333,80.34236666666668,80.34236666666668 10.196098333333333,80.343025,80.343025 10.193825000000002,80.343685,80.343685 10.191553333333333,80.344345,80.344345 10.189285,80.34500666666666,80.34500666666666 10.187026666666666,80.34567,80.34567 10.184776666666666,80.34633333333332,80.34633333333332 10.182533333333334,80.34699999999998,80.34699999999998 10.180305,80.34766666666665,80.34766666666665 10.178096666666665,80.34833833333333,80.34833833333333 10.175903333333332,80.34901166666667,80.34901166666667 10.173725,80.34968833333333,80.34968833333333 10.171561666666666,80.35036666666666,80.35036666666666 10.169408333333333,80.35104666666666,80.35104666666666 10.167263333333333,80.35172833333331,80.35172833333331 10.165125000000002,80.35240999999999,80.35240999999999 10.162991666666667,80.353095,80.353095 10.160868333333335,80.35377833333332,80.35377833333332 10.158753333333333,80.35446499999999,80.35446499999999 10.156645000000001,80.35515166666667,80.35515166666667 10.154549999999999,80.35584,80.35584 10.152456666666666,80.35652833333333,80.35652833333333 10.150361666666669,80.35721833333334,80.35721833333334 10.148268333333336,80.35790833333334,80.35790833333334 10.14617,80.35859833333333,80.35859833333333 10.144056666666668,80.35928666666668,80.35928666666668 10.141931666666665,80.35997333333331,80.35997333333331 10.139806666666669,80.36066166666667,80.36066166666667 10.137695,80.36135166666665,80.36135166666665 10.135588333333333,80.36204166666667,80.36204166666667 10.133495,80.36273166666668,80.36273166666668 10.131426666666666,80.36342333333333,80.36342333333333 10.129386666666665,80.36411833333332,80.36411833333332 10.127373333333333,80.36481333333332,80.36481333333332 10.125391666666665,80.36551,80.36551 10.123451666666666,80.36620833333333,80.36620833333333 10.12155,80.36691,80.36691 10.119681666666667,80.36761166666668,80.36761166666668 10.117851666666665,80.36831666666667,80.36831666666667 10.116056666666667,80.36902166666667,80.36902166666667 10.114273333333333,80.36972833333333,80.36972833333333 10.112496666666667,80.370435,80.370435 10.110725,80.37114166666666,80.37114166666666 10.108945,80.37184833333335,80.37184833333335 10.107135,80.37255166666668,80.37255166666668 10.105299999999998,80.37325333333332,80.37325333333332 10.103444999999999,80.37395333333333,80.37395333333333 10.10157,80.37465333333333,80.37465333333333 10.099668333333334,80.37535166666667,80.37535166666667 10.097738333333334,80.37604833333333,80.37604833333333 10.095786666666667,80.37674499999999,80.37674499999999 10.093815,80.37743833333334,80.37743833333334 10.09182,80.37813166666666,80.37813166666666 10.089806666666666,80.37882333333333,80.37882333333333 10.087778333333333,80.37951500000001,80.37951500000001 10.085738333333335,80.38020499999999,80.38020499999999 10.083681666666667,80.38089333333335,80.38089333333335 10.08161,80.38158,80.38158 10.079525,80.38226666666667,80.38226666666667 10.07743,80.38295000000001,80.38295000000001 10.075311666666668,80.38363166666666,80.38363166666666 10.073171666666667,80.38431,80.38431 10.071006666666667,80.38498666666666,80.38498666666666 10.068821666666667,80.38565833333334,80.38565833333334 10.06662,80.38632833333334,80.38632833333334 10.064403333333333,80.386995,80.386995 10.062176666666666,80.38766,80.38766 10.059941666666665,80.38832333333335,80.38832333333335 10.057703333333334,80.38898499999999,80.38898499999999 10.055468333333332,80.38964666666668,80.38964666666668 10.053238333333333,80.39030833333332,80.39030833333332 10.051015,80.39097166666667,80.39097166666667 10.048803333333334,80.39163500000001,80.39163500000001 10.046603333333334,80.39229833333334,80.39229833333334 10.044400000000001,80.39296166666666,80.39296166666666 10.042191666666668,80.393625,80.393625 10.039978333333334,80.39428833333332,80.39428833333332 10.037745,80.39495,80.39495 10.035493333333333,80.39561000000002,80.39561000000002 10.033228333333334,80.39626833333334,80.39626833333334 10.030951666666667,80.39692666666667,80.39692666666667 10.028663333333334,80.39758333333332,80.39758333333332 10.026363333333336,80.39824166666666,80.39824166666666 10.024056666666667,80.39889833333334,80.39889833333334 10.021746666666665,80.39955666666667,80.39955666666667 10.019435,80.40021499999999,80.40021499999999 10.017126666666666,80.40087666666668,80.40087666666668 10.014808333333333,80.40153833333335,80.40153833333335 10.012466666666668,80.40219833333335,80.40219833333335 10.010091666666666,80.40285666666666,80.40285666666666 10.007678333333333,80.40351166666665,80.40351166666665 10.005218333333334,80.40416166666667,80.40416166666667 10.00271,80.40480666666667,80.40480666666667 10.000166666666667,80.40544833333333,80.40544833333333 9.997599999999998,80.40608666666667,80.40608666666667 9.99501333333333,80.40672333333333,80.40672333333333 9.992406666666668,80.40735666666666,80.40735666666666 9.989796666666667,80.40799,80.40799 9.987195000000002,80.408625,80.408625 9.984604999999998,80.40925999999999,80.40925999999999 9.982031666666666,80.40989833333332,80.40989833333332 9.97948,80.41053833333334,80.41053833333334 9.976956666666666,80.41118,80.41118 9.974463333333334,80.41182666666667,80.41182666666667 9.971993333333335,80.412475,80.412475 9.969536666666665,80.41312166666667,80.41312166666667 9.96709,80.41377000000001,80.41377000000001 9.964656666666666,80.41441833333333,80.41441833333333 9.962235000000002,80.41506666666668,80.41506666666668 9.959821666666668,80.41571666666667,80.41571666666667 9.957425,80.41637000000001,80.41637000000001 9.955055000000002,80.417025,80.417025 9.952703333333332,80.41768499999999,80.41768499999999 9.950366666666667,80.418345,80.418345 9.948039999999999,80.41900666666668,80.41900666666668 9.945721666666666,80.41967166666666,80.41967166666666 9.943406666666666,80.420335,80.420335 9.941103333333334,80.42100166666667,80.42100166666667 9.938814999999998,80.42166833333333,80.42166833333333 9.936538333333333,80.42233666666665,80.42233666666665 9.934275000000001,80.423005,80.423005 9.932026666666665,80.423675,80.423675 9.929791666666668,80.42434666666668,80.42434666666668 9.927568333333332,80.42501666666666,80.42501666666666 9.925363333333333,80.42568833333334,80.42568833333334 9.923171666666667,80.42636166666665,80.42636166666665 9.920985,80.42703333333333,80.42703333333333 9.918801666666665,80.427705,80.427705 9.916625,80.42837666666667,80.42837666666667 9.914458333333332,80.42905,80.42905 9.912293333333333,80.42972333333334,80.42972333333334 9.910136666666666,80.43039833333334,80.43039833333334 9.907988333333334,80.431075,80.431075 9.905848333333333,80.43175166666667,80.43175166666667 9.903718333333336,80.43243000000001,80.43243000000001 9.901596666666666,80.43311166666666,80.43311166666666 9.89948,80.43379166666668,80.43379166666668 9.897368333333333,80.43447333333333,80.43447333333333 9.895263333333332,80.43515666666667,80.43515666666667 9.893161666666668,80.43584166666666,80.43584166666666 9.891058333333334,80.43652666666667,80.43652666666667 9.888955000000001,80.43721166666667,80.43721166666667 9.886849999999999,80.43789833333332,80.43789833333332 9.88474,80.43858499999999,80.43858499999999 9.882626666666665,80.43927333333333,80.43927333333333 9.880505,80.43996,80.43996 9.878375,80.44064666666667,80.44064666666667 9.876233333333332,80.44133333333332,80.44133333333332 9.874083333333333,80.44201833333332,80.44201833333332 9.871926666666667,80.44270333333334,80.44270333333334 9.869763333333333,80.44338833333332,80.44338833333332 9.867593333333335,80.44407166666666,80.44407166666666 9.86541,80.44475333333334,80.44475333333334 9.863208333333333,80.44543333333333,80.44543333333333 9.860998333333333,80.44611166666667,80.44611166666667 9.858779999999998,80.44679,80.44679 9.85655,80.44746666666666,80.44746666666666 9.854313333333332,80.44814333333335,80.44814333333335 9.852071666666667,80.44881999999998,80.44881999999998 9.849826666666665,80.44949666666668,80.44949666666668 9.847574999999999,80.45017166666668,80.45017166666668 9.845316666666669,80.45084499999999,80.45084499999999 9.843055000000001,80.45151833333333,80.45151833333333 9.84079,80.45219166666666,80.45219166666666 9.838531666666666,80.45286333333334,80.45286333333334 9.836283333333334,80.453535,80.453535 9.834040000000002,80.45420666666668,80.45420666666668 9.831798333333333,80.45487833333333,80.45487833333333 9.829568333333333,80.45554833333334,80.45554833333334 9.827343333333333,80.45621999999999,80.45621999999999 9.825126666666668,80.45689,80.45689 9.822918333333332,80.45756166666666,80.45756166666666 9.820725000000001,80.458235,80.458235 9.818546666666666,80.45890833333334,80.45890833333334 9.816374999999999,80.45958333333334,80.45958333333334 9.814206666666667,80.46025833333334,80.46025833333334 9.812041666666667,80.460935,80.460935 9.809878333333334,80.46161166666667,80.46161166666667 9.807718333333334,80.46229166666667,80.46229166666667 9.805558333333334,80.46297,80.46297 9.8034,80.46365166666665,80.46365166666665 9.801241666666664,80.46433333333333,80.46433333333333 9.799086666666668,80.46501500000001,80.46501500000001 9.796931666666666,80.46569666666666,80.46569666666666 9.794764999999998,80.46637833333332,80.46637833333332 9.792589999999999,80.46705833333334,80.46705833333334 9.790408333333334,80.46773833333333,80.46773833333333 9.788226666666665,80.46842000000001,80.46842000000001 9.786036666666666,80.46910166666666,80.46910166666666 9.783840000000001,80.46978333333333,80.46978333333333 9.781633333333334,80.470465,80.470465 9.779415,80.47114499999999,80.47114499999999 9.777183333333333,80.47182666666667,80.47182666666667 9.774941666666665,80.47250833333332,80.47250833333332 9.772686666666669,80.47318833333333,80.47318833333333 9.770423333333333,80.47387,80.47387 9.768155,80.47455,80.47455 9.765885,80.47523166666667,80.47523166666667 9.763613333333332,80.47591166666666,80.47591166666666 9.761336666666667,80.47659333333333,80.47659333333333 9.759061666666666,80.47727333333334,80.47727333333334 9.756791666666667,80.477955,80.477955 9.754525,80.47863500000001,80.47863500000001 9.752258333333332,80.47931333333334,80.47931333333334 9.74999,80.47999,80.47999 9.747726666666667,80.48066666666666,80.48066666666666 9.745458333333332,80.48134,80.48134 9.743185,80.48201166666665,80.48201166666665 9.740906666666667,80.48268333333333,80.48268333333333 9.738626666666665,80.48335333333331,80.48335333333331 9.736345000000002,80.48402166666666,80.48402166666666 9.734058333333335,80.48469166666668,80.48469166666668 9.731768333333335,80.48536000000001,80.48536000000001 9.729478333333335,80.48603,80.48603 9.727188333333334,80.48670166666668,80.48670166666668 9.724898333333334,80.48737166666666,80.48737166666666 9.722608333333334,80.488045,80.488045 9.720321666666667,80.48871666666668,80.48871666666668 9.718039999999998,80.48939166666668,80.48939166666668 9.71576,80.490065,80.490065 9.713483333333333,80.49074166666666,80.49074166666666 9.711215,80.49141666666667,80.49141666666667 9.708953333333332,80.49209333333333,80.49209333333333 9.706694999999998,80.49276833333333,80.49276833333333 9.704435,80.49344333333333,80.49344333333333 9.702173333333333,80.49411666666667,80.49411666666667 9.699905,80.49479000000001,80.49479000000001 9.69763,80.49546166666669,80.49546166666669 9.695350000000001,80.49613333333333,80.49613333333333 9.693061666666667,80.49680333333335,80.49680333333335 9.690766666666667,80.49747333333333,80.49747333333333 9.688464999999999,80.49814333333333,80.49814333333333 9.686155,80.49881166666668,80.49881166666668 9.683841666666666,80.49948,80.49948 9.681523333333333,80.50014666666667,80.50014666666667 9.679201666666668,80.50081333333334,80.50081333333334 9.676874999999999,80.50148,80.50148 9.674538333333334,80.50214666666666,80.50214666666666 9.672193333333334,80.50281166666667,80.50281166666667 9.669843333333334,80.50347666666667,80.50347666666667 9.667483333333333,80.50414,80.50414 9.665118333333332,80.50480500000002,80.50480500000002 9.662751666666667,80.50546833333333,80.50546833333333 9.66039,80.50613166666668,80.50613166666668 9.658036666666666,80.50679666666667,80.50679666666667 9.655696666666667,80.50746333333333,80.50746333333333 9.653368333333333,80.50813166666667,80.50813166666667 9.651056666666667,80.50880166666668,80.50880166666668 9.64876,80.50947333333333,80.50947333333333 9.646475,80.51014499999998,80.51014499999998 9.644203333333332,80.51081999999998,80.51081999999998 9.641941666666664,80.51149666666667,80.51149666666667 9.639686666666668,80.51217333333334,80.51217333333334 9.637440000000002,80.51285166666666,80.51285166666666 9.6352,80.51353166666665,80.51353166666665 9.632968333333336,80.51421166666667,80.51421166666667 9.630735000000001,80.51489333333333,80.51489333333333 9.6285,80.51557333333332,80.51557333333332 9.626265,80.516255,80.516255 9.624031666666665,80.51693666666668,80.51693666666668 9.621795,80.51761833333333,80.51761833333333 9.619556666666666,80.5183,80.5183 9.617318333333333,80.51898333333334,80.51898333333334 9.615084999999999,80.51966666666668,80.51966666666668 9.612853333333335,80.52035166666666,80.52035166666666 9.610623333333335,80.52103666666667,80.52103666666667 9.608396666666668,80.52172166666665,80.52172166666665 9.606173333333334,80.52240833333333,80.52240833333333 9.603950000000001,80.52309666666666,80.52309666666666 9.601728333333332,80.52378333333333,80.52378333333333 9.599506666666668,80.52447166666667,80.52447166666667 9.597280000000001,80.52515666666667,80.52515666666667 9.595046666666667,80.52584333333333,80.52584333333333 9.592809999999998,80.52652833333333,80.52652833333333 9.590566666666668,80.52721166666667,80.52721166666667 9.588315000000001,80.527895,80.527895 9.586051666666666,80.52857666666668,80.52857666666668 9.583781666666665,80.52925833333333,80.52925833333333 9.581506666666666,80.52993833333335,80.52993833333335 9.579221666666667,80.53061833333334,80.53061833333334 9.57692,80.53129833333334,80.53129833333334 9.574611666666668,80.53197666666667,80.53197666666667 9.572301666666668,80.53265499999999,80.53265499999999 9.569989999999999,80.53333500000001,80.53333500000001 9.56768,80.53401333333333,80.53401333333333 9.565371666666664,80.53469333333335,80.53469333333335 9.563071666666666,80.535375,80.535375 9.560778333333335,80.53605666666667,80.53605666666667 9.558491666666669,80.53673833333335,80.53673833333335 9.55621,80.53742,80.53742 9.553936666666667,80.53810166666668,80.53810166666668 9.551665,80.538785,80.538785 9.549393333333335,80.53946666666668,80.53946666666668 9.54712166666667,80.54014833333333,80.54014833333333 9.544853333333334,80.54082833333335,80.54082833333335 9.542586666666667,80.54151,80.54151 9.540316666666666,80.54218999999999,80.54218999999999 9.53804,80.54286833333333,80.54286833333333 9.53576,80.54354666666666,80.54354666666666 9.533473333333335,80.54422333333332,80.54422333333332 9.531178333333333,80.54489833333332,80.54489833333332 9.528873333333332,80.54557166666666,80.54557166666666 9.526561666666666,80.54624333333332,80.54624333333332 9.524244999999999,80.546915,80.546915 9.521921666666666,80.54758333333332,80.54758333333332 9.519599999999999,80.54825166666667,80.54825166666667 9.517276666666667,80.54891833333333,80.54891833333333 9.514953333333334,80.54958333333335,80.54958333333335 9.512633333333333,80.55024833333334,80.55024833333334 9.510321666666668,80.55091333333333,80.55091333333333 9.508018333333332,80.55157666666666,80.55157666666666 9.505720000000002,80.55223833333334,80.55223833333334 9.503428333333332,80.5529,80.5529 9.501145,80.55356333333333,80.55356333333333 9.498868333333332,80.55422499999999,80.55422499999999 9.496593333333335,80.554885,80.554885 9.494323333333334,80.55554666666666,80.55554666666666 9.492054999999999,80.55620833333333,80.55620833333333 9.489791666666667,80.55686999999999,80.55686999999999 9.48753,80.55753333333332,80.55753333333332 9.48527,80.55819499999998,80.55819499999998 9.483011666666666,80.55885833333332,80.55885833333332 9.480754999999998,80.55952,80.55952 9.478496666666667,80.56018166666665,80.56018166666665 9.476234999999999,80.56084333333334,80.56084333333334 9.473970000000001,80.56150500000001,80.56150500000001 9.471705,80.56216666666667,80.56216666666667 9.469438333333333,80.56282666666665,80.56282666666665 9.467170000000001,80.56348666666668,80.56348666666668 9.464896666666666,80.564145,80.564145 9.462615,80.56480333333333,80.56480333333333 9.46033,80.56546166666666,80.56546166666666 9.45804,80.56612000000001,80.56612000000001 9.455748333333336,80.56677833333335,80.56677833333335 9.453453333333332,80.56743666666667,80.56743666666667 9.451156666666664,80.56809333333334,80.56809333333334 9.448858333333334,80.56875166666667,80.56875166666667 9.446553333333334,80.56940999999999,80.56940999999999 9.444246666666666,80.57006666666666,80.57006666666666 9.441941666666667,80.57072333333333,80.57072333333333 9.439640000000002,80.57138166666665,80.57138166666665 9.437341666666665,80.57203833333332,80.57203833333332 9.435045,80.57269500000001,80.57269500000001 9.43275,80.57335333333334,80.57335333333334 9.430463333333334,80.57400999999999,80.57400999999999 9.428178333333333,80.57466833333334,80.57466833333334 9.425896666666667,80.575325,80.575325 9.423620000000001,80.57598333333334,80.57598333333334 9.421346666666667,80.57664166666666,80.57664166666666 9.419075000000001,80.5773,80.5773 9.416806666666668,80.57796,80.57796 9.414543333333333,80.57862,80.57862 9.412281666666665,80.57928166666667,80.57928166666667 9.410021666666665,80.57994333333333,80.57994333333333 9.407759999999998,80.580605,80.580605 9.405498333333334,80.58126833333336,80.58126833333336 9.403233333333333,80.58193,80.58193 9.400965000000001,80.58259166666666,80.58259166666666 9.398695,80.583255,80.583255 9.396423333333335,80.58391666666665,80.58391666666665 9.394153333333334,80.58458000000002,80.58458000000002 9.391888333333332,80.585245,80.585245 9.389628333333333,80.58591,80.58591 9.387373333333333,80.58657666666666,80.58657666666666 9.385128333333334,80.58724333333333,80.58724333333333 9.382895,80.58791333333335,80.58791333333335 9.380675,80.58858333333333,80.58858333333333 9.378468333333334,80.58925500000001,80.58925500000001 9.376275000000001,80.58992833333332,80.58992833333332 9.374093333333333,80.59060333333332,80.59060333333332 9.371920000000001,80.59127833333332,80.59127833333332 9.369751666666668,80.59195333333332,80.59195333333332 9.367588333333334,80.59262999999999,80.59262999999999 9.365433333333334,80.59330499999999,80.59330499999999 9.363283333333335,80.59398166666665,80.59398166666665 9.36114,80.59465666666665,80.59465666666665 9.359005,80.59533333333334,80.59533333333334 9.356878333333333,80.59601166666667,80.59601166666667 9.354758333333333,80.59668833333333,80.59668833333333 9.352644999999999,80.59736666666666,80.59736666666666 9.350541666666668,80.59804333333332,80.59804333333332 9.348446666666668,80.59872166666668,80.59872166666668 9.346353333333335,80.5994,80.5994 9.344258333333332,80.60007833333334,80.60007833333334 9.342166666666666,80.60075666666667,80.60075666666667 9.340073333333333,80.60143333333333,80.60143333333333 9.337973333333336,80.60211166666666,80.60211166666666 9.335866666666668,80.60278833333332,80.60278833333332 9.333751666666666,80.60346500000001,80.60346500000001 9.331623333333333,80.60414000000002,80.60414000000002 9.329488333333336,80.60481666666665,80.60481666666665 9.327348333333331,80.60549166666665,80.60549166666665 9.325206666666666,80.60616833333334,80.60616833333334 9.323055,80.606845,80.606845 9.320886666666667,80.60752000000001,80.60752000000001 9.3187,80.60819333333335,80.60819333333335 9.316498333333334,80.60886666666666,80.60886666666666 9.314283333333334,80.60953833333333,80.60953833333333 9.312053333333333,80.61021166666666,80.61021166666666 9.309813333333334,80.61088333333333,80.61088333333333 9.307564999999999,80.61155333333332,80.61155333333332 9.305306666666668,80.612225,80.612225 9.303038333333335,80.61289333333335,80.61289333333335 9.300763333333332,80.61356333333333,80.61356333333333 9.29848,80.61423166666667,80.61423166666667 9.296188333333335,80.61490000000002,80.61490000000002 9.293890000000001,80.61556833333334,80.61556833333334 9.291588333333333,80.616235,80.616235 9.289281666666668,80.61690166666668,80.61690166666668 9.286973333333332,80.61756666666668,80.61756666666668 9.284661666666667,80.61823333333334,80.61823333333334 9.282350000000001,80.61890000000001,80.61890000000001 9.280036666666668,80.61956499999998,80.61956499999998 9.277723333333334,80.62023166666667,80.62023166666667 9.275408333333335,80.62089833333334,80.62089833333334 9.273095,80.621565,80.621565 9.270785,80.62223166666666,80.62223166666666 9.268476666666668,80.6229,80.6229 9.266164999999999,80.62356833333332,80.62356833333332 9.263853333333333,80.62423666666668,80.62423666666668 9.261538333333334,80.62490333333334,80.62490333333334 9.259218333333333,80.62557166666667,80.62557166666667 9.256890000000002,80.62623833333333,80.62623833333333 9.254556666666668,80.626905,80.626905 9.252218333333335,80.62757,80.62757 9.249871666666666,80.628235,80.628235 9.24752166666667,80.6289,80.6289 9.245164999999998,80.62956333333332,80.62956333333332 9.242798333333333,80.630225,80.630225 9.240426666666668,80.63088666666665,80.63088666666665 9.238048333333335,80.63154833333333,80.63154833333333 9.235661666666665,80.63220833333332,80.63220833333332 9.233266666666667,80.63286833333333,80.63286833333333 9.230866666666666,80.63352666666667,80.63352666666667 9.228461666666666,80.63418333333334,80.63418333333334 9.226051666666667,80.63484166666666,80.63484166666666 9.223641666666667,80.63549833333333,80.63549833333333 9.221233333333334,80.636155,80.636155 9.218824999999999,80.63681333333335,80.63681333333335 9.21642,80.63747166666668,80.63747166666668 9.214015,80.63813,80.63813 9.211618333333332,80.63879,80.63879 9.209226666666668,80.63945166666667,80.63945166666667 9.206841666666667,80.640115,80.640115 9.204458333333335,80.64077833333333,80.64077833333333 9.202084999999999,80.64144166666668,80.64144166666668 9.199720000000001,80.64210833333334,80.64210833333334 9.197358333333334,80.642775,80.642775 9.195003333333332,80.64344166666667,80.64344166666667 9.192655,80.64410833333334,80.64410833333334 9.190315,80.64477666666666,80.64477666666666 9.187978333333332,80.64544500000001,80.64544500000001 9.185648333333335,80.64611500000001,80.64611500000001 9.183326666666668,80.646785,80.646785 9.181005,80.64745333333335,80.64745333333335 9.178688333333334,80.64812333333333,80.64812333333333 9.176376666666668,80.64879333333333,80.64879333333333 9.174068333333336,80.64946333333334,80.64946333333334 9.17176,80.65013333333333,80.65013333333333 9.169456666666669,80.650805,80.650805 9.167158333333331,80.65147666666665,80.65147666666665 9.164866666666667,80.65214999999999,80.65214999999999 9.162576666666666,80.65282333333333,80.65282333333333 9.16029,80.65349833333333,80.65349833333333 9.158,80.65417333333333,80.65417333333333 9.155705,80.65485,80.65485 9.153408333333335,80.655525,80.655525 9.151110000000001,80.65620333333332,80.65620333333332 9.148803333333332,80.65687999999999,80.65687999999999 9.146488333333336,80.65755666666668,80.65755666666668 9.144168333333333,80.65823333333331,80.65823333333331 9.141839999999998,80.65891,80.65891 9.1395,80.65958666666667,80.65958666666667 9.137151666666666,80.66026166666667,80.66026166666667 9.134796666666666,80.66093833333333,80.66093833333333 9.132435000000001,80.66161166666667,80.66161166666667 9.130066666666666,80.66228500000001,80.66228500000001 9.127693333333333,80.66295833333332,80.66295833333332 9.125313333333334,80.66362833333332,80.66362833333332 9.122928333333334,80.66429833333333,80.66429833333333 9.12054,80.66496666666666,80.66496666666666 9.118143333333332,80.66563500000001,80.66563500000001 9.115741666666667,80.6663,80.6663 9.113331666666667,80.66696333333333,80.66696333333333 9.110916666666666,80.66762666666666,80.66762666666666 9.108491666666666,80.66828833333335,80.66828833333335 9.106058333333333,80.66894666666667,80.66894666666667 9.103615000000001,80.669605,80.669605 9.101165,80.67026166666668,80.67026166666668 9.098703333333333,80.67091666666667,80.67091666666667 9.096236666666666,80.67157166666665,80.67157166666665 9.093770000000001,80.67222666666666,80.67222666666666 9.091308333333334,80.67288166666667,80.67288166666667 9.088846666666665,80.67353833333333,80.67353833333333 9.086385,80.67419333333333,80.67419333333333 9.083928333333333,80.67485,80.67485 9.081481666666669,80.67550666666666,80.67550666666666 9.079039999999999,80.676165,80.676165 9.076606666666667,80.676825,80.676825 9.074181666666666,80.677485,80.677485 9.071765,80.678145,80.678145 9.069355,80.67880666666667,80.67880666666667 9.066953333333334,80.67947000000001,80.67947000000001 9.06456,80.68013333333333,80.68013333333333 9.06217,80.68079666666667,80.68079666666667 9.059781666666666,80.68146000000002,80.68146000000002 9.057401666666669,80.68212499999998,80.68212499999998 9.055026666666667,80.68279166666666,80.68279166666666 9.052658333333332,80.68345833333332,80.68345833333332 9.050295,80.68412666666667,80.68412666666667 9.047938333333333,80.68479666666666,80.68479666666666 9.045591666666667,80.68546666666666,80.68546666666666 9.043253333333334,80.68613833333333,80.68613833333333 9.040923333333334,80.68681166666667,80.68681166666667 9.038608333333334,80.68748666666667,80.68748666666667 9.036308333333332,80.688165,80.688165 9.034021666666666,80.68884333333334,80.68884333333334 9.031746666666667,80.68952333333333,80.68952333333333 9.029483333333333,80.69020666666667,80.69020666666667 9.027231666666667,80.69088833333335,80.69088833333335 9.024985000000001,80.69157333333332,80.69157333333332 9.022741666666667,80.69225666666665,80.69225666666665 9.020491666666667,80.69294166666668,80.69294166666668 9.018229999999999,80.69362500000001,80.69362500000001 9.015961666666668,80.69430666666666,80.69430666666666 9.013684999999999,80.69499,80.69499 9.011395000000002,80.69567166666668,80.69567166666668 9.009095,80.69635166666667,80.69635166666667 9.006786666666668,80.69703166666666,80.69703166666666 9.00447,80.69771166666666,80.69771166666666 9.002143333333334,80.69838999999999,80.69838999999999 8.999808333333334,80.69906833333332,80.69906833333332 8.997468333333332,80.69974500000001,80.69974500000001 8.995121666666666,80.70042166666667,80.70042166666667 8.992768333333332,80.70109833333333,80.70109833333333 8.990414999999999,80.70177333333334,80.70177333333334 8.98806,80.70245,80.70245 8.985704999999998,80.703125,80.703125 8.98335,80.70379833333334,80.70379833333334 8.980996666666666,80.70447333333334,80.70447333333334 8.978645,80.70514666666665,80.70514666666665 8.976296666666666,80.70581999999999,80.70581999999999 8.973948333333334,80.70649333333333,80.70649333333333 8.971603333333334,80.70716666666667,80.70716666666667 8.969261666666666,80.70784,80.70784 8.966923333333334,80.70851166666667,80.70851166666667 8.964588333333335,80.709185,80.709185 8.962258333333335,80.70985833333334,80.70985833333334 8.959935,80.71053166666668,80.71053166666668 8.95762,80.71120499999999,80.71120499999999 8.955308333333335,80.71188,80.71188 8.953,80.712555,80.712555 8.950694999999998,80.71323,80.71323 8.948391666666666,80.713905,80.713905 8.946085,80.71458,80.71458 8.943776666666668,80.715255,80.715255 8.941464999999999,80.71593166666666,80.71593166666666 8.939146666666666,80.71660833333333,80.71660833333333 8.936821666666665,80.71728333333333,80.71728333333333 8.93449,80.71795999999999,80.71795999999999 8.932149999999998,80.71863666666665,80.71863666666665 8.929803333333332,80.71931333333335,80.71931333333335 8.927448333333333,80.71999000000001,80.71999000000001 8.925086666666667,80.72066666666667,80.72066666666667 8.922718333333336,80.72134333333334,80.72134333333334 8.920345,80.72202,80.72202 8.917966666666667,80.722695,80.722695 8.915581666666666,80.72337,80.72337 8.913193333333334,80.724045,80.724045 8.910800000000002,80.72471833333334,80.72471833333334 8.9084,80.72538999999999,80.72538999999999 8.905996666666665,80.72606166666667,80.72606166666667 8.90359,80.72673166666665,80.72673166666665 8.901183333333334,80.72740166666667,80.72740166666667 8.898775,80.72807,80.72807 8.896370000000001,80.72873666666666,80.72873666666666 8.893968333333333,80.72940499999999,80.72940499999999 8.891568333333334,80.73007166666666,80.73007166666666 8.88917,80.73073833333332,80.73073833333332 8.886773333333334,80.73140499999998,80.73140499999998 8.884378333333332,80.73207166666666,80.73207166666666 8.881988333333332,80.73273833333332,80.73273833333332 8.879599999999998,80.73340666666667,80.73340666666667 8.877211666666668,80.73407499999999,80.73407499999999 8.87482,80.73474333333334,80.73474333333334 8.872431666666667,80.73541166666668,80.73541166666668 8.870046666666667,80.73608333333333,80.73608333333333 8.867658333333333,80.736755,80.736755 8.865269999999999,80.73742666666668,80.73742666666668 8.862883333333334,80.73809999999999,80.73809999999999 8.860496666666668,80.73877499999999,80.73877499999999 8.858103333333334,80.73944833333333,80.73944833333333 8.855706666666668,80.74012499999999,80.74012499999999 8.853311666666666,80.7408,80.7408 8.850914999999999,80.74147666666666,80.74147666666666 8.848516666666667,80.74215166666666,80.74215166666666 8.846119999999999,80.74282833333332,80.74282833333332 8.843729999999999,80.74350500000001,80.74350500000001 8.841341666666665,80.74418166666665,80.74418166666665 8.838955,80.74485666666665,80.74485666666665 8.836573333333334,80.74553333333334,80.74553333333334 8.834193333333332,80.74620833333334,80.74620833333334 8.831816666666668,80.746885,80.746885 8.829441666666666,80.74755833333334,80.74755833333334 8.827068333333333,80.74823333333335,80.74823333333335 8.824696666666668,80.74890666666666,80.74890666666666 8.822325,80.74957833333333,80.74957833333333 8.819951666666666,80.75025000000001,80.75025000000001 8.817580000000001,80.75092000000001,80.75092000000001 8.815206666666667,80.75158833333333,80.75158833333333 8.81283,80.75225666666665,80.75225666666665 8.810445,80.75292333333333,80.75292333333333 8.808056666666666,80.75359000000002,80.75359000000002 8.805658333333334,80.75425666666668,80.75425666666668 8.803251666666668,80.754925,80.754925 8.800838333333335,80.75559166666667,80.75559166666667 8.798416666666665,80.75625833333334,80.75625833333334 8.795986666666666,80.75692666666666,80.75692666666666 8.793546666666666,80.75759500000001,80.75759500000001 8.7911,80.75826500000001,80.75826500000001 8.788638333333335,80.758935,80.758935 8.786158333333335,80.75960666666667,80.75960666666667 8.783668333333333,80.76027999999998,80.76027999999998 8.781170000000001,80.76095333333332,80.76095333333332 8.778658333333334,80.76162833333332,80.76162833333332 8.776138333333334,80.76230499999998,80.76230499999998 8.773616666666669,80.76298166666668,80.76298166666668 8.771091666666667,80.76365833333331,80.76365833333331 8.768561666666669,80.764335,80.764335 8.766026666666667,80.76501166666667,80.76501166666667 8.763493333333335,80.76568833333333,80.76568833333333 8.76096,80.76636333333333,80.76636333333333 8.758428333333333,80.76704,80.76704 8.755905,80.767715,80.767715 8.75339,80.76839166666666,80.76839166666666 8.750886666666664,80.76906833333335,80.76906833333335 8.748388333333333,80.76974499999999,80.76974499999999 8.7459,80.77041999999999,80.77041999999999 8.743426666666668,80.77109666666668,80.77109666666668 8.740965,80.77177166666668,80.77177166666668 8.738511666666666,80.77244833333332,80.77244833333332 8.736076666666664,80.77312500000001,80.77312500000001 8.733666666666664,80.773805,80.773805 8.731275,80.774485,80.774485 8.728898333333333,80.77516499999999,80.77516499999999 8.726535,80.77584833333333,80.77584833333333 8.724188333333332,80.77653000000001,80.77653000000001 8.721858333333335,80.77721333333334,80.77721333333334 8.719545,80.77789666666665,80.77789666666665 8.717245000000002,80.77858166666668,80.77858166666668 8.714963333333332,80.779265,80.779265 8.712699999999998,80.77994999999999,80.77994999999999 8.710451666666666,80.78063499999999,80.78063499999999 8.70822,80.78132166666666,80.78132166666666 8.706006666666669,80.78200666666667,80.78200666666667 8.703803333333335,80.78269333333334,80.78269333333334 8.701606666666667,80.78337666666667,80.78337666666667 8.699413333333334,80.78406166666667,80.78406166666667 8.697218333333334,80.78474333333332,80.78474333333332 8.695018333333334,80.785425,80.785425 8.692809999999998,80.78610499999999,80.78610499999999 8.690588333333334,80.78678333333333,80.78678333333333 8.688355,80.78746166666666,80.78746166666666 8.686108333333335,80.78813833333332,80.78813833333332 8.683848333333334,80.78881500000001,80.78881500000001 8.681576666666666,80.78948999999999,80.78948999999999 8.67929,80.79016499999999,80.79016499999999 8.676985,80.79083999999999,80.79083999999999 8.674661666666667,80.79151333333333,80.79151333333333 8.672324999999999,80.792185,80.792185 8.669973333333335,80.79285833333333,80.79285833333333 8.667606666666668,80.79353,80.79353 8.665225,80.79419999999999,80.79419999999999 8.662831666666666,80.79487,80.79487 8.660425,80.79553999999999,80.79553999999999 8.658009999999999,80.79620833333334,80.79620833333334 8.655588333333332,80.79687666666668,80.79687666666668 8.653158333333334,80.79754333333334,80.79754333333334 8.650721666666666,80.79821,80.79821 8.648278333333336,80.79887500000001,80.79887500000001 8.645830000000002,80.79953833333335,80.79953833333335 8.643376666666668,80.80020166666667,80.80020166666667 8.640916666666667,80.80086333333334,80.80086333333334 8.63845,80.80152333333334,80.80152333333334 8.635978333333332,80.80218333333335,80.80218333333335 8.633500000000002,80.80284166666668,80.80284166666668 8.631016666666667,80.80349833333334,80.80349833333334 8.628526666666666,80.80415500000001,80.80415500000001 8.626031666666668,80.80480999999999,80.80480999999999 8.623528333333333,80.80546333333334,80.80546333333334 8.621021666666666,80.806115,80.806115 8.618508333333333,80.80676666666666,80.80676666666666 8.615991666666668,80.80741666666665,80.80741666666665 8.613470000000001,80.80806666666668,80.80806666666668 8.610951666666667,80.80871666666667,80.80871666666667 8.608436666666666,80.809365,80.809365 8.605930000000003,80.81001666666666,80.81001666666666 8.603431666666667,80.81066666666668,80.81066666666668 8.60094,80.81132,80.81132 8.598451666666667,80.81197333333333,80.81197333333333 8.595966666666667,80.81262833333334,80.81262833333334 8.593485,80.81328500000001,80.81328500000001 8.591008333333333,80.81394166666666,80.81394166666666 8.588535,80.81460166666669,80.81460166666669 8.586065000000001,80.81526166666666,80.81526166666666 8.583598333333333,80.81592333333333,80.81592333333333 8.581136666666668,80.81658666666667,80.81658666666667 8.578675,80.81724999999999,80.81724999999999 8.576218333333332,80.81791499999999,80.81791499999999 8.573761666666668,80.81858166666666,80.81858166666666 8.571301666666667,80.81924666666669,80.81924666666669 8.568838333333334,80.81991166666666,80.81991166666666 8.566373333333333,80.82057666666667,80.82057666666667 8.563906666666666,80.82124166666667,80.82124166666667 8.561443333333335,80.82190833333333,80.82190833333333 8.558990000000001,80.82257333333334,80.82257333333334 8.556548333333335,80.82324166666666,80.82324166666666 8.554118333333333,80.82390999999998,80.82390999999998 8.551701666666666,80.82457833333333,80.82457833333333 8.549301666666665,80.82524833333333,80.82524833333333 8.546913333333334,80.82592000000001,80.82592000000001 8.544533333333334,80.82659166666669,80.82659166666669 8.542164999999999,80.82726333333333,80.82726333333333 8.539803333333332,80.82793666666667,80.82793666666667 8.537445,80.82860999999998,80.82860999999998 8.535085,80.82928166666666,80.82928166666666 8.532728333333333,80.829955,80.829955 8.530371666666666,80.83062666666666,80.83062666666666 8.528011666666668,80.83129833333334,80.83129833333334 8.525644999999999,80.83196833333332,80.83196833333332 8.523273333333334,80.83264,80.83264 8.520898333333335,80.83330999999998,80.83330999999998 8.518520000000002,80.83398,80.83398 8.516135000000002,80.83465,80.83465 8.513746666666664,80.83531833333335,80.83531833333335 8.51135,80.83598833333333,80.83598833333333 8.508943333333333,80.836655,80.836655 8.50653,80.83732333333334,80.83732333333334 8.504105,80.83799000000002,80.83799000000002 8.50167,80.83865666666668,80.83865666666668 8.499221666666667,80.83932333333334,80.83932333333334 8.49677,80.83999000000001,80.83999000000001 8.494311666666665,80.84065666666667,80.84065666666667 8.491845,80.84132333333334,80.84132333333334 8.489373333333333,80.84199000000001,80.84199000000001 8.486901666666668,80.84265833333333,80.84265833333333 8.484433333333335,80.84332666666666,80.84332666666666 8.481966666666667,80.84399666666667,80.84399666666667 8.479503333333335,80.84466666666667,80.84466666666667 8.477043333333334,80.84533833333334,80.84533833333334 8.474591666666667,80.84601166666666,80.84601166666666 8.472145,80.846685,80.846685 8.469701666666667,80.84735833333333,80.84735833333333 8.467266666666667,80.848035,80.848035 8.464834999999999,80.84871,80.84871 8.462406666666668,80.84938666666666,80.84938666666666 8.459981666666666,80.85006333333335,80.85006333333335 8.457568333333334,80.85073999999999,80.85073999999999 8.455169999999999,80.85141833333334,80.85141833333334 8.452788333333332,80.85209833333333,80.85209833333333 8.450426666666667,80.85278,80.85278 8.448089999999999,80.853465,80.853465 8.445771666666666,80.85415166666667,80.85415166666667 8.443473333333332,80.85483999999998,80.85483999999998 8.441196666666666,80.85553,80.85553 8.438938333333333,80.85622166666667,80.85622166666667 8.436696666666668,80.856915,80.856915 8.434471666666667,80.85760833333335,80.85760833333335 8.43225,80.85830333333334,80.85830333333334 8.430031666666668,80.85899833333333,80.85899833333333 8.427821666666667,80.85969333333334,80.85969333333334 8.425613333333331,80.86039,80.86039 8.423401666666665,80.86108499999999,80.86108499999999 8.42119,80.86178166666667,80.86178166666667 8.418978333333332,80.86247666666668,80.86247666666668 8.416755000000002,80.86317166666664,80.86317166666664 8.414508333333332,80.863865,80.863865 8.41223,80.86455333333333,80.86455333333333 8.409923333333335,80.86524,80.86524 8.407588333333333,80.86592333333333,80.86592333333333 8.405228333333335,80.866605,80.866605 8.402850000000003,80.86728333333333,80.86728333333333 8.400459999999999,80.86796166666666,80.86796166666666 8.398055,80.86863833333335,80.86863833333335 8.395625,80.86931166666666,80.86931166666666 8.393178333333331,80.86998166666667,80.86998166666667 8.390715,80.87065166666666,80.87065166666666 8.388235,80.87131666666667,80.87131666666667 8.38573,80.87198000000001,80.87198000000001 8.383210000000002,80.87264166666667,80.87264166666667 8.38068,80.87329999999999,80.87329999999999 8.378143333333334,80.87395666666666,80.87395666666666 8.3756,80.87461333333334,80.87461333333334 8.373051666666667,80.87526833333332,80.87526833333332 8.370500000000002,80.87592333333333,80.87592333333333 8.367943333333333,80.87657666666668,80.87657666666668 8.365381666666668,80.87723,80.87723 8.362818333333333,80.87788333333333,80.87788333333333 8.360248333333333,80.87853499999999,80.87853499999999 8.357678333333332,80.87918666666667,80.87918666666667 8.35511,80.87983999999999,80.87983999999999 8.352545000000001,80.88049166666667,80.88049166666667 8.349981666666666,80.88114666666667,80.88114666666667 8.347425000000001,80.88180000000001,80.88180000000001 8.344875,80.88245666666666,80.88245666666666 8.342333333333332,80.88311333333333,80.88311333333333 8.339791666666667,80.88377166666668,80.88377166666668 8.337250000000001,80.88443000000001,80.88443000000001 8.334705,80.88508999999999,80.88508999999999 8.33216,80.88574833333335,80.88574833333335 8.329613333333333,80.88640666666667,80.88640666666667 8.327065000000001,80.88706666666667,80.88706666666667 8.324511666666666,80.887725,80.887725 8.321954999999999,80.88838333333332,80.88838333333332 8.319398333333334,80.88904333333335,80.88904333333335 8.316841666666665,80.88970333333333,80.88970333333333 8.314281666666666,80.89036333333333,80.89036333333333 8.311729999999999,80.891025,80.891025 8.309188333333333,80.89169000000001,80.89169000000001 8.306656666666667,80.89235500000001,80.89235500000001 8.304129999999999,80.89301999999999,80.89301999999999 8.301611666666668,80.89368833333334,80.89368833333334 8.299103333333331,80.89435833333333,80.89435833333333 8.296600000000002,80.89502833333331,80.89502833333331 8.294099999999998,80.89569999999999,80.89569999999999 8.291601666666667,80.89637166666667,80.89637166666667 8.289109999999999,80.89704499999999,80.89704499999999 8.286621666666669,80.89771833333333,80.89771833333333 8.284136666666667,80.89839166666667,80.89839166666667 8.281655,80.89906666666667,80.89906666666667 8.279173333333334,80.89974000000001,80.89974000000001 8.276688333333333,80.90041333333335,80.90041333333335 8.274196666666668,80.901085,80.901085 8.271701666666667,80.90175500000001,80.90175500000001 8.269204999999998,80.902425,80.902425 8.266708333333336,80.90309333333333,80.90309333333333 8.264215,80.90376333333334,80.90376333333334 8.261725,80.90443166666667,80.90443166666667 8.259238333333332,80.90509999999999,80.90509999999999 8.256760000000002,80.90576833333333,80.90576833333333 8.254285,80.90643833333334,80.90643833333334 8.251818333333334,80.90710666666666,80.90710666666666 8.24936,80.90777666666665,80.90777666666665 8.246918333333333,80.90844666666666,80.90844666666666 8.244491666666665,80.90911666666666,80.90911666666666 8.242074999999998,80.90978833333334,80.90978833333334 8.239668333333332,80.91045999999999,80.91045999999999 8.237273333333334,80.91113166666666,80.91113166666666 8.234891666666664,80.911805,80.911805 8.232515000000001,80.91247833333334,80.91247833333334 8.230143333333332,80.91315166666665,80.91315166666665 8.227771666666667,80.91382499999999,80.91382499999999 8.225398333333334,80.91449666666666,80.91449666666666 8.223023333333332,80.91516833333334,80.91516833333334 8.220638333333332,80.91583833333334,80.91583833333334 8.218246666666667,80.91650833333333,80.91650833333333 8.215848333333334,80.91717833333334,80.91717833333334 8.213446666666664,80.91784833333332,80.91784833333332 8.211036666666665,80.91851833333334,80.91851833333334 8.208619999999998,80.91918666666668,80.91918666666668 8.206203333333335,80.919855,80.919855 8.203786666666668,80.92052499999998,80.92052499999998 8.201366666666667,80.921195,80.921195 8.198945,80.92186333333333,80.92186333333333 8.196521666666666,80.92253333333332,80.92253333333332 8.194096666666667,80.92320333333333,80.92320333333333 8.191661666666665,80.92387333333332,80.92387333333332 8.189218333333333,80.92454333333333,80.92454333333333 8.186768333333335,80.92521333333335,80.92521333333335 8.184308333333334,80.92588166666665,80.92588166666665 8.181836666666667,80.92655166666667,80.92655166666667 8.179358333333331,80.92721999999999,80.92721999999999 8.176874999999997,80.92788833333334,80.92788833333334 8.174391666666667,80.92855666666665,80.92855666666665 8.171904999999999,80.929225,80.929225 8.169413333333335,80.92989499999999,80.92989499999999 8.166915,80.93056333333334,80.93056333333334 8.164413333333332,80.93123166666668,80.93123166666668 8.161903333333333,80.9319,80.9319 8.159383333333333,80.93256666666666,80.93256666666666 8.156858333333334,80.933235,80.933235 8.154328333333332,80.93390166666666,80.93390166666666 8.151795,80.93457000000001,80.93457000000001 8.149255,80.93523833333333,80.93523833333333 8.146711666666667,80.935905,80.935905 8.144163333333335,80.93657333333333,80.93657333333333 8.141611666666668,80.93724166666665,80.93724166666665 8.139054999999999,80.93790833333334,80.93790833333334 8.136496666666668,80.93857666666668,80.93857666666668 8.133941666666667,80.93924666666666,80.93924666666666 8.131390000000001,80.93991500000001,80.93991500000001 8.12884,80.940585,80.940585 8.126296666666667,80.941255,80.941255 8.123761666666665,80.94192666666667,80.94192666666667 8.121231666666667,80.94259833333335,80.94259833333335 8.118705,80.94327,80.94327 8.116181666666666,80.94394333333334,80.94394333333334 8.113663333333335,80.94461666666665,80.94461666666665 8.111146666666668,80.94529000000001,80.94529000000001 8.108631666666668,80.94596333333332,80.94596333333332 8.106123333333331,80.94663666666666,80.94663666666666 8.103620000000001,80.94731166666666,80.94731166666666 8.10112,80.94798666666667,80.94798666666667 8.098623333333334,80.94866166666667,80.94866166666667 8.096129999999999,80.94933666666667,80.94933666666667 8.093641666666668,80.95001166666665,80.95001166666665 8.091153333333333,80.95068666666666,80.95068666666666 8.088663333333333,80.95136166666666,80.95136166666666 8.086176666666669,80.95203666666666,80.95203666666666 8.083693333333335,80.95271333333334,80.95271333333334 8.081208333333333,80.95338833333334,80.95338833333334 8.078721666666667,80.95406333333334,80.95406333333334 8.076233333333334,80.95473833333334,80.95473833333334 8.073739999999999,80.95541333333334,80.95541333333334 8.071240000000001,80.95608666666666,80.95608666666666 8.068731666666668,80.95676,80.95676 8.066218333333333,80.95743333333334,80.95743333333334 8.063696666666667,80.95810499999999,80.95810499999999 8.061161666666667,80.95877666666667,80.95877666666667 8.058615,80.95944666666665,80.95944666666665 8.056055,80.960115,80.960115 8.053483333333334,80.96078333333334,80.96078333333334 8.050905,80.96145166666666,80.96145166666666 8.048318333333333,80.96211833333332,80.96211833333332 8.045723333333333,80.962785,80.962785 8.043118333333334,80.96345166666666,80.96345166666666 8.040510000000001,80.96411666666665,80.96411666666665 8.0379,80.96478333333333,80.96478333333333 8.035285000000002,80.96544833333336,80.96544833333336 8.032668333333334,80.96611333333333,80.96611333333333 8.030051666666667,80.96678,80.96678 8.027434999999999,80.967445,80.967445 8.024815,80.96811,80.96811 8.022193333333332,80.96877666666667,80.96877666666667 8.019568333333332,80.96944166666667,80.96944166666667 8.016938333333334,80.970105,80.970105 8.0143,80.97076999999999,80.97076999999999 8.011665,80.97143333333332,80.97143333333332 8.009033333333335,80.97209833333334,80.97209833333334 8.006403333333331,80.97276333333333,80.97276333333333 8.003778333333333,80.97342833333333,80.97342833333333 8.001158333333334,80.97409333333334,80.97409333333334 7.998548333333334,80.97476,80.97476 7.995941666666666,80.97542833333333,80.97542833333333 7.993340000000001,80.976095,80.976095 7.9907449999999995,80.97676333333335,80.97676333333335 7.988155,80.97743333333334,80.97743333333334 7.98557,80.97810333333332,80.97810333333332 7.982991666666668,80.978775,80.978775 7.980416666666668,80.97944666666668,80.97944666666668 7.977845000000001,80.98012166666668,80.98012166666668 7.975278333333334,80.98079666666666,80.98079666666666 7.972718333333334,80.98147166666666,80.98147166666666 7.970154999999999,80.98214833333333,80.98214833333333 7.967591666666667,80.98282666666667,80.98282666666667 7.965028333333334,80.98350333333333,80.98350333333333 7.962463333333334,80.98418166666666,80.98418166666666 7.959896666666666,80.98485999999998,80.98485999999998 7.957335,80.98553666666668,80.98553666666668 7.9547799999999995,80.98621666666666,80.98621666666666 7.952228333333333,80.98689500000002,80.98689500000002 7.949686666666667,80.987575,80.987575 7.947153333333334,80.988255,80.988255 7.944628333333332,80.98893666666666,80.98893666666666 7.9421100000000004,80.98961833333334,80.98961833333334 7.939601666666666,80.99030166666665,80.99030166666665 7.9371,80.99098333333333,80.99098333333333 7.9346000000000005,80.99166666666666,80.99166666666666 7.9321,80.99234833333334,80.99234833333334 7.929599999999999,80.99302999999999,80.99302999999999 7.9271,80.99371000000001,80.99371000000001 7.9246,80.99439000000001,80.99439000000001 7.9220999999999995,80.99506833333334,80.99506833333334 7.919604999999999,80.99574666666666,80.99574666666666 7.917108333333334,80.99642333333333,80.99642333333333 7.914610000000001,80.99709999999999,80.99709999999999 7.912109999999999,80.99777333333333,80.99777333333333 7.909609999999999,80.99844833333333,80.99844833333333 7.907111666666666,80.99911999999999,80.99911999999999 7.90462,80.99979333333334,80.99979333333334 7.902133333333334,81.000465,81.000465 7.89965,81.00113666666667,81.00113666666667 7.897173333333334,81.00180833333334,81.00180833333334 7.894703333333333,81.00247999999999,81.00247999999999 7.892238333333333,81.00315166666667,81.00315166666667 7.88978,81.00382333333334,81.00382333333334 7.887328333333333,81.00449499999999,81.00449499999999 7.884881666666666,81.00516666666667,81.00516666666667 7.882435000000001,81.00583833333333,81.00583833333333 7.879991666666666,81.00651,81.00651 7.87755,81.00718166666668,81.00718166666668 7.8751083333333325,81.00785333333333,81.00785333333333 7.872661666666666,81.00852333333334,81.00852333333334 7.870209999999998,81.00919499999999,81.00919499999999 7.867756666666666,81.009865,81.009865 7.8652983333333335,81.010535,81.010535 7.8628316666666676,81.01120333333333,81.01120333333333 7.860359999999998,81.01187333333334,81.01187333333334 7.857883333333332,81.01254166666666,81.01254166666666 7.8553999999999995,81.01321,81.01321 7.852906666666667,81.01387833333332,81.01387833333332 7.850408333333334,81.01454499999998,81.01454499999998 7.847900000000001,81.01521166666666,81.01521166666666 7.845383333333333,81.01587833333332,81.01587833333332 7.842861666666666,81.01654500000001,81.01654500000001 7.840338333333334,81.01720999999999,81.01720999999999 7.837809999999999,81.01787666666668,81.01787666666668 7.835276666666666,81.01854166666668,81.01854166666668 7.832738333333333,81.01920666666666,81.01920666666666 7.8302000000000005,81.01987333333332,81.01987333333332 7.827659999999999,81.02053999999998,81.02053999999998 7.825113333333333,81.02120666666666,81.02120666666666 7.822561666666666,81.02187500000001,81.02187500000001 7.82001,81.02254333333333,81.02254333333333 7.817456666666668,81.02321166666668,81.02321166666668 7.814900000000001,81.02388166666667,81.02388166666667 7.812346666666667,81.02455166666667,81.02455166666667 7.809795,81.02522333333334,81.02522333333334 7.807245000000001,81.02589500000002,81.02589500000002 7.804698333333332,81.02656666666667,81.02656666666667 7.802156666666667,81.02723833333332,81.02723833333332 7.799621666666666,81.02791166666665,81.02791166666665 7.797091666666668,81.02858499999999,81.02858499999999 7.794565,81.02925666666667,81.02925666666667 7.792041666666667,81.02993,81.02993 7.789524999999999,81.03060166666667,81.03060166666667 7.7870099999999995,81.03127500000001,81.03127500000001 7.784496666666666,81.03194833333335,81.03194833333335 7.781984999999999,81.03262166666666,81.03262166666666 7.779473333333334,81.033295,81.033295 7.776960000000002,81.03396833333333,81.03396833333333 7.774444999999999,81.03464166666664,81.03464166666664 7.771928333333333,81.03531500000001,81.03531500000001 7.769405000000001,81.03598666666666,81.03598666666666 7.766873333333333,81.03665833333334,81.03665833333334 7.764335,81.03733000000001,81.03733000000001 7.761786666666666,81.03800166666667,81.03800166666667 7.759226666666666,81.03867166666669,81.03867166666669 7.756656666666666,81.03934166666667,81.03934166666667 7.754083333333333,81.04001166666666,81.04001166666666 7.7515083333333346,81.04068166666666,81.04068166666666 7.748928333333334,81.04135166666667,81.04135166666667 7.746345,81.04202333333332,81.04202333333332 7.743765000000001,81.042695,81.042695 7.741195000000001,81.04336833333333,81.04336833333333 7.738630000000001,81.04404166666667,81.04404166666667 7.736073333333334,81.04471833333334,81.04471833333334 7.733526666666668,81.04539333333334,81.04539333333334 7.730993333333334,81.04607166666666,81.04607166666666 7.728468333333332,81.04675000000002,81.04675000000002 7.725951666666666,81.04742833333334,81.04742833333334 7.723446666666667,81.04810833333333,81.04810833333333 7.720953333333334,81.04878833333333,81.04878833333333 7.718463333333334,81.04946833333332,81.04946833333332 7.7159699999999996,81.05014666666665,81.05014666666665 7.713476666666666,81.050825,81.050825 7.710980000000001,81.05150333333333,81.05150333333333 7.708475,81.05218166666668,81.05218166666668 7.705963333333333,81.05285666666668,81.05285666666668 7.703448333333334,81.05353333333335,81.05353333333335 7.700936666666667,81.05421000000001,81.05421000000001 7.698416666666666,81.05488500000001,81.05488500000001 7.6958883333333326,81.05555833333332,81.05555833333332 7.693355,81.05623166666666,81.05623166666666 7.690818333333334,81.056905,81.056905 7.688275000000001,81.05757499999999,81.05757499999999 7.685733333333333,81.05824666666666,81.05824666666666 7.683203333333333,81.05891833333334,81.05891833333334 7.680678333333333,81.05958833333334,81.05958833333334 7.678151666666668,81.06026000000001,81.06026000000001 7.675626666666667,81.06093166666666,81.06093166666666 7.673106666666666,81.06160166666668,81.06160166666668 7.67059,81.06227166666666,81.06227166666666 7.66807,81.06294,81.06294 7.665544999999999,81.06360666666666,81.06360666666666 7.66302,81.06427166666668,81.06427166666668 7.660493333333332,81.064935,81.064935 7.657963333333333,81.06559666666668,81.06559666666668 7.655429999999999,81.06625833333334,81.06625833333334 7.652895000000002,81.06691833333332,81.06691833333332 7.650358333333332,81.06757666666668,81.06757666666668 7.6478183333333325,81.068235,81.068235 7.645278333333333,81.06889166666667,81.06889166666667 7.642738333333333,81.06954666666668,81.06954666666668 7.640198333333332,81.07020000000001,81.07020000000001 7.637655000000001,81.07085166666667,81.07085166666667 7.635108333333332,81.07150166666666,81.07150166666666 7.632560000000002,81.07215,81.07215 7.63001,81.07279666666666,81.07279666666666 7.627458333333333,81.07344333333333,81.07344333333333 7.624904999999998,81.07408666666667,81.07408666666667 7.622344999999999,81.07472833333334,81.07472833333334 7.6197783333333335,81.07537000000002,81.07537000000002 7.617205,81.07601166666667,81.07601166666667 7.614625,81.07665166666666,81.07665166666666 7.6120383333333335,81.07729333333333,81.07729333333333 7.609448333333334,81.07793333333335,81.07793333333335 7.606861666666667,81.07857333333334,81.07857333333334 7.6042716666666665,81.07921499999999,81.07921499999999 7.601684999999999,81.079855,81.079855 7.599101666666666,81.08049833333334,81.08049833333334 7.5965266666666675,81.08114000000002,81.08114000000002 7.593953333333334,81.081785,81.081785 7.591383333333333,81.08243,81.08243 7.588823333333333,81.08307666666667,81.08307666666667 7.58627,81.08372333333334,81.08372333333334 7.583716666666667,81.08437333333333,81.08437333333333 7.581163333333334,81.08502333333333,81.08502333333333 7.578613333333333,81.08567333333335,81.08567333333335 7.576061666666667,81.08632666666668,81.08632666666668 7.5735133333333335,81.08697833333333,81.08697833333333 7.570968333333333,81.08763333333332,81.08763333333332 7.568426666666666,81.08828833333335,81.08828833333335 7.565886666666667,81.088945,81.088945 7.563350000000001,81.08960166666668,81.08960166666668 7.56082,81.09026000000001,81.09026000000001 7.558296666666666,81.09092166666666,81.09092166666666 7.555773333333334,81.09158166666666,81.09158166666666 7.553248333333333,81.09224166666667,81.09224166666667 7.550724999999999,81.09290333333333,81.09290333333333 7.548201666666667,81.09356333333334,81.09356333333334 7.545671666666667,81.09422333333333,81.09422333333333 7.543135000000001,81.09488333333334,81.09488333333334 7.540595,81.09554333333334,81.09554333333334 7.538048333333334,81.09620333333334,81.09620333333334 7.535494999999999,81.09686333333335,81.09686333333335 7.53294,81.097525,81.097525 7.530386666666667,81.09818666666668,81.09818666666668 7.527836666666667,81.09885166666666,81.09885166666666 7.52529,81.09951666666666,81.09951666666666 7.52275,81.10018499999998,81.10018499999998 7.520221666666667,81.100855,81.100855 7.517705000000001,81.10152500000001,81.10152500000001 7.515201666666667,81.10219833333333,81.10219833333333 7.512711666666667,81.102875,81.102875 7.51023,81.10355,81.10355 7.507756666666667,81.10422833333334,81.10422833333334 7.505288333333334,81.10490666666666,81.10490666666666 7.502823333333334,81.10558499999999,81.10558499999999 7.500358333333333,81.10626500000001,81.10626500000001 7.497896666666666,81.10694666666666,81.10694666666666 7.495426666666667,81.10763,81.10763 7.492943333333333,81.10831166666667,81.10831166666667 7.490448333333335,81.10899333333334,81.10899333333334 7.48794,81.109675,81.109675 7.4854183333333335,81.11035833333334,81.11035833333334 7.482878333333334,81.11104,81.11104 7.480326666666667,81.11172333333334,81.11172333333334 7.477764999999999,81.112405,81.112405 7.475193333333334,81.11308833333334,81.11308833333334 7.472611666666667,81.11377166666666,81.11377166666666 7.470025000000001,81.11445333333332,81.11445333333332 7.467435,81.11513666666666,81.11513666666666 7.464834999999999,81.11581666666667,81.11581666666667 7.462225000000001,81.11649666666668,81.11649666666668 7.459613333333333,81.11717666666667,81.11717666666667 7.457001666666668,81.11785666666665,81.11785666666665 7.454388333333333,81.11853500000001,81.11853500000001 7.451771666666668,81.11921333333333,81.11921333333333 7.449158333333332,81.11989166666666,81.11989166666666 7.4465433333333335,81.12056999999999,81.12056999999999 7.4439133333333345,81.12124499999999,81.12124499999999 7.441265000000001,81.12191999999999,81.12191999999999 7.438601666666667,81.12259333333333,81.12259333333333 7.435928333333333,81.123265,81.123265 7.433240000000001,81.12393666666668,81.12393666666668 7.430538333333335,81.12460666666666,81.12460666666666 7.42783,81.12527666666666,81.12527666666666 7.425128333333333,81.12594666666668,81.12594666666668 7.42243,81.12661666666666,81.12661666666666 7.419733333333332,81.12728666666668,81.12728666666668 7.417038333333333,81.12795666666666,81.12795666666666 7.414348333333334,81.12862666666666,81.12862666666666 7.411664999999999,81.12929833333334,81.12929833333334 7.408983333333333,81.12996833333332,81.12996833333332 7.406305,81.13063833333334,81.13063833333334 7.403631666666667,81.13130833333332,81.13130833333332 7.4009599999999995,81.13198,81.13198 7.398291666666666,81.13265,81.13265 7.395618333333334,81.13332000000001,81.13332000000001 7.392946666666667,81.13399166666666,81.13399166666666 7.390275000000002,81.13466333333334,81.13466333333334 7.387601666666666,81.13533500000001,81.13533500000001 7.384930000000001,81.136005,81.136005 7.3822583333333345,81.13667666666667,81.13667666666667 7.379588333333333,81.13734833333334,81.13734833333334 7.376918333333333,81.13801833333335,81.13801833333335 7.374250000000001,81.13868833333333,81.13868833333333 7.371583333333334,81.13935833333332,81.13935833333332 7.368920000000001,81.14003,81.14003 7.366256666666667,81.1407,81.1407 7.363594999999999,81.14137000000001,81.14137000000001 7.36094,81.14204166666666,81.14204166666666 7.358286666666667,81.14271333333333,81.14271333333333 7.355631666666667,81.14338500000001,81.14338500000001 7.352976666666667,81.14405666666666,81.14405666666666 7.350326666666667,81.14472833333333,81.14472833333333 7.347680000000001,81.14540000000001,81.14540000000001 7.345030000000001,81.14607166666667,81.14607166666667 7.342381666666667,81.14674333333335,81.14674333333335 7.339736666666666,81.147415,81.147415 7.337091666666667,81.14808833333333,81.14808833333333 7.334446666666666,81.14875999999998,81.14875999999998 7.3318,81.14943166666666,81.14943166666666 7.329156666666668,81.150105,81.150105 7.326513333333332,81.15077666666666,81.15077666666666 7.323869999999999,81.15144833333333,81.15144833333333 7.321228333333332,81.15212166666667,81.15212166666667 7.318588333333334,81.15279333333332,81.15279333333332 7.315946666666667,81.153465,81.153465 7.313303333333333,81.15413666666667,81.15413666666667 7.3106583333333335,81.15480833333332,81.15480833333332 7.308013333333334,81.15547833333333,81.15547833333333 7.305363333333333,81.15614833333333,81.15614833333333 7.302709999999999,81.15681666666666,81.15681666666666 7.3000549999999995,81.15748666666667,81.15748666666667 7.297396666666667,81.158155,81.158155 7.294736666666668,81.15882333333334,81.15882333333334 7.2920750000000005,81.15949166666665,81.15949166666665 7.289411666666666,81.16015833333331,81.16015833333331 7.286746666666667,81.16082666666667,81.16082666666667 7.284086666666667,81.161495,81.161495 7.2814266666666665,81.16216333333332,81.16216333333332 7.278765000000001,81.16282999999999,81.16282999999999 7.276103333333333,81.16349833333334,81.16349833333334 7.273443333333334,81.16416500000001,81.16416500000001 7.270781666666666,81.16483333333333,81.16483333333333 7.268120000000001,81.1655,81.1655 7.265456666666666,81.16616666666667,81.16616666666667 7.262793333333334,81.16683333333333,81.16683333333333 7.260128333333333,81.16749833333333,81.16749833333333 7.25746,81.168165,81.168165 7.254788333333333,81.16883,81.16883 7.252113333333333,81.169495,81.169495 7.249431666666668,81.17016000000001,81.17016000000001 7.246748333333333,81.17082500000001,81.17082500000001 7.244061666666666,81.17148999999999,81.17148999999999 7.241373333333333,81.17215500000002,81.17215500000002 7.238683333333333,81.17281833333332,81.17281833333332 7.235999999999999,81.17348333333334,81.17348333333334 7.2333300000000005,81.17414833333333,81.17414833333333 7.230671666666666,81.17481333333333,81.17481333333333 7.228028333333333,81.17548000000001,81.17548000000001 7.225403333333333,81.17614833333333,81.17614833333333 7.222793333333334,81.17681833333332,81.17681833333332 7.2201933333333335,81.17748833333333,81.17748833333333 7.217603333333334,81.17815833333334,81.17815833333334 7.215023333333333,81.17882833333334,81.17882833333334 7.212445000000001,81.17949833333333,81.17949833333333 7.209863333333334,81.18016666666668,81.18016666666668 7.207275,81.18083499999999,81.18083499999999 7.204678333333333,81.18150333333334,81.18150333333334 7.202069999999999,81.18217,81.18217 7.199448333333334,81.182835,81.182835 7.196821666666667,81.18350000000001,81.18350000000001 7.1941933333333346,81.18416666666667,81.18416666666667 7.1915666666666676,81.18483166666667,81.18483166666667 7.188944999999999,81.18549833333334,81.18549833333334 7.186328333333334,81.186165,81.186165 7.183716666666667,81.18683333333333,81.18683333333333 7.181111666666667,81.18750166666668,81.18750166666668 7.17851,81.18817000000001,81.18817000000001 7.175915,81.18884,81.18884 7.173326666666666,81.18951000000001,81.18951000000001 7.170744999999999,81.19018166666666,81.19018166666666 7.168169999999999,81.19085166666667,81.19085166666667 7.165598333333333,81.19152333333334,81.19152333333334 7.163023333333332,81.19219333333335,81.19219333333335 7.1604399999999995,81.19286333333334,81.19286333333334 7.15785,81.19353166666666,81.19353166666666 7.1552516666666675,81.19419833333333,81.19419833333333 7.1526466666666675,81.194865,81.194865 7.150033333333332,81.19552999999999,81.19552999999999 7.147413333333333,81.196195,81.196195 7.144786666666666,81.19685833333334,81.19685833333334 7.142153333333332,81.19752333333332,81.19752333333332 7.139516666666666,81.19818666666666,81.19818666666666 7.13688,81.19885,81.19885 7.134245,81.19951333333334,81.19951333333334 7.131611666666667,81.20017833333334,81.20017833333334 7.128976666666667,81.20084333333332,81.20084333333332 7.126343333333334,81.20150833333335,81.20150833333335 7.123709999999999,81.20217333333332,81.20217333333332 7.121076666666666,81.20284,81.20284 7.118441666666667,81.20350666666666,81.20350666666666 7.115805,81.204175,81.204175 7.1131616666666675,81.20484166666667,81.20484166666667 7.110515,81.20551,81.20551 7.107861666666668,81.20617833333336,81.20617833333336 7.105201666666666,81.20684833333334,81.20684833333334 7.1025333333333345,81.20751833333333,81.20751833333333 7.099858333333334,81.20818833333333,81.20818833333333 7.097173333333334,81.20885833333334,81.20885833333334 7.094478333333332,81.20952666666666,81.20952666666666 7.091775,81.21019666666665,81.21019666666665 7.089060000000001,81.21086666666666,81.21086666666666 7.086335,81.211535,81.211535 7.0836,81.21220333333335,81.21220333333335 7.0808550000000015,81.21287166666667,81.21287166666667 7.078098333333332,81.21353833333333,81.21353833333333 7.075333333333332,81.21420666666667,81.21420666666667 7.072568333333334,81.21487333333333,81.21487333333333 7.069798333333333,81.21553999999999,81.21553999999999 7.067026666666667,81.21620666666666,81.21620666666666 7.064258333333333,81.21687499999999,81.21687499999999 7.06149,81.21754166666665,81.21754166666665 7.058723333333333,81.21821,81.21821 7.055953333333334,81.21887666666667,81.21887666666667 7.053185,81.219545,81.219545 7.050418333333333,81.22021333333335,81.22021333333335 7.047648333333332,81.22088166666667,81.22088166666667 7.044873333333333,81.22155000000001,81.22155000000001 7.042095,81.22222,81.22222 7.039316666666667,81.22289,81.22289 7.036536666666667,81.22356166666665,81.22356166666665 7.033760000000001,81.22423666666666,81.22423666666666 7.030986666666666,81.22491333333335,81.22491333333335 7.0282166666666654,81.22559166666667,81.22559166666667 7.025451666666667,81.22627166666666,81.22627166666666 7.0226983333333335,81.22695333333334,81.22695333333334 7.019956666666667,81.22763499999999,81.22763499999999 7.017225000000001,81.22831833333332,81.22831833333332 7.014505000000001,81.229,81.229 7.011796666666666,81.22968333333334,81.22968333333334 7.009103333333333,81.23036499999999,81.23036499999999 7.006424999999999,81.23104666666666,81.23104666666666 7.003758333333333,81.23172666666665,81.23172666666665 7.001104999999999,81.232405,81.232405 6.998463333333333,81.23308333333333,81.23308333333333 6.995828333333333,81.23376166666668,81.23376166666668 6.993198333333334,81.23443833333334,81.23443833333334 6.990568333333332,81.23511500000001,81.23511500000001 6.987938333333333,81.23579000000001,81.23579000000001 6.985308333333334,81.23646333333332,81.23646333333332 6.982676666666666,81.23713666666666,81.23713666666666 6.980041666666667,81.23780833333333,81.23780833333333 6.977406666666667,81.23847999999998,81.23847999999998 6.974774999999999,81.23915,81.23915 6.972146666666666,81.23982,81.23982 6.969518333333334,81.24049000000001,81.24049000000001 6.966893333333332,81.24115833333333,81.24115833333333 6.96427,81.24182833333332,81.24182833333332 6.961648333333334,81.24249666666667,81.24249666666667 6.9590250000000005,81.24316333333334,81.24316333333334 6.956400000000001,81.24383,81.24383 6.953765,81.24449666666666,81.24449666666666 6.951124999999999,81.24516166666668,81.24516166666668 6.948478333333333,81.24582499999998,81.24582499999998 6.945826666666667,81.24648833333335,81.24648833333335 6.943171666666666,81.24715,81.24715 6.9405116666666675,81.24781,81.24781 6.937846666666666,81.24846999999998,81.24846999999998 6.935178333333333,81.24913000000001,81.24913000000001 6.932508333333335,81.24978833333333,81.24978833333333 6.929835000000001,81.250445,81.250445 6.927161666666667,81.25110333333333,81.25110333333333 6.924485,81.25175999999999,81.25175999999999 6.921809999999999,81.252415,81.252415 6.919136666666667,81.25307166666667,81.25307166666667 6.916463333333333,81.25372666666667,81.25372666666667 6.913788333333334,81.25438333333334,81.25438333333334 6.911113333333333,81.25503833333335,81.25503833333335 6.908434999999999,81.25569333333333,81.25569333333333 6.905761666666667,81.25635000000001,81.25635000000001 6.903088333333333,81.25700666666665,81.25700666666665 6.900411666666668,81.25766333333333,81.25766333333333 6.897738333333333,81.25832000000001,81.25832000000001 6.895065,81.25897666666665,81.25897666666665 6.892391666666666,81.25963499999999,81.25963499999999 6.8897200000000005,81.26029333333334,81.26029333333334 6.887048333333333,81.26095166666667,81.26095166666667 6.884381666666667,81.26160999999999,81.26160999999999 6.881716666666668,81.26227000000002,81.26227000000002 6.879053333333333,81.26293,81.26293 6.87639,81.26359166666666,81.26359166666666 6.873730000000001,81.26425333333333,81.26425333333333 6.871074999999999,81.26491666666668,81.26491666666668 6.868421666666667,81.26558166666668,81.26558166666668 6.8657716666666655,81.26624666666666,81.26624666666666 6.863125,81.26691166666666,81.26691166666666 6.860479999999999,81.26757833333332,81.26757833333332 6.8578383333333335,81.268245,81.268245 6.855196666666666,81.26891333333334,81.26891333333334 6.852554999999999,81.26958,81.26958 6.849916666666666,81.27024833333333,81.27024833333333 6.8472816666666665,81.27091833333334,81.27091833333334 6.844646666666667,81.27158666666665,81.27158666666665 6.842009999999999,81.27225666666666,81.27225666666666 6.83937,81.27292499999999,81.27292499999999 6.836724999999999,81.27359333333334,81.27359333333334 6.834075,81.27426000000001,81.27426000000001 6.8314200000000005,81.27492666666667,81.27492666666667 6.828756666666668,81.27559333333333,81.27559333333333 6.826086666666666,81.27625833333335,81.27625833333335 6.823408333333333,81.27692166666668,81.27692166666668 6.820718333333333,81.27758333333334,81.27758333333334 6.818021666666667,81.27824499999998,81.27824499999998 6.815321666666667,81.27890500000001,81.27890500000001 6.812621666666667,81.27956499999999,81.27956499999999 6.809921666666666,81.28022500000002,81.28022500000002 6.807225,81.28088666666666,81.28088666666666 6.804533333333334,81.28154833333332,81.28154833333332 6.801848333333333,81.28220999999999,81.28220999999999 6.799168333333333,81.28287166666668,81.28287166666668 6.796495000000001,81.28353499999999,81.28353499999999 6.793830000000002,81.2842,81.2842 6.791171666666666,81.28486666666666,81.28486666666666 6.788516666666667,81.28553166666666,81.28553166666666 6.785868333333333,81.2862,81.2862 6.783223333333332,81.28687000000001,81.28687000000001 6.780578333333333,81.28753833333333,81.28753833333333 6.777933333333334,81.28821,81.28821 6.775291666666667,81.28888166666668,81.28888166666668 6.772648333333333,81.28955333333333,81.28955333333333 6.770000000000001,81.29022666666667,81.29022666666667 6.767343333333335,81.29089833333335,81.29089833333335 6.764681666666666,81.29157333333333,81.29157333333333 6.762013333333334,81.29224666666667,81.29224666666667 6.759331666666665,81.29292166666667,81.29292166666667 6.756634999999999,81.29359666666667,81.29359666666667 6.753926666666667,81.29427166666667,81.29427166666667 6.7512083333333335,81.29494833333334,81.29494833333334 6.748478333333333,81.29562333333334,81.29562333333334 6.745735000000001,81.29629833333334,81.29629833333334 6.742986666666667,81.29697166666668,81.29697166666668 6.740231666666666,81.29764666666668,81.29764666666668 6.737471666666665,81.29832166666668,81.29832166666668 6.734708333333334,81.29899499999999,81.29899499999999 6.731948333333334,81.29966833333333,81.29966833333333 6.729186666666668,81.30034,81.30034 6.726428333333333,81.30101166666665,81.30101166666665 6.72367,81.30168166666667,81.30168166666667 6.720911666666666,81.30235166666667,81.30235166666667 6.718150000000001,81.30301999999999,81.30301999999999 6.7153816666666675,81.30368666666665,81.30368666666665 6.712608333333333,81.304355,81.304355 6.70983,81.30502000000001,81.30502000000001 6.707043333333333,81.30568666666667,81.30568666666667 6.704251666666666,81.30635333333333,81.30635333333333 6.701455,81.30701833333332,81.30701833333332 6.698655,81.30768333333334,81.30768333333334 6.695848333333333,81.30835,81.30835 6.693041666666667,81.30901499999999,81.30901499999999 6.6902349999999995,81.30968166666668,81.30968166666668 6.68743,81.31034666666666,81.31034666666666 6.6846250000000005,81.31101166666669,81.31101166666669 6.681823333333333,81.31167666666666,81.31167666666666 6.679024999999999,81.31234166666667,81.31234166666667 6.67623,81.31300833333333,81.31300833333333 6.6734350000000004,81.31367333333333,81.31367333333333 6.6706416666666675,81.31434,81.31434 6.667846666666667,81.31500666666669,81.31500666666669 6.665051666666667,81.31567333333335,81.31567333333335 6.662255000000001,81.31634000000001,81.31634000000001 6.659458333333333,81.31700833333332,81.31700833333332 6.656666666666667,81.31767499999998,81.31767499999998 6.65388,81.318345,81.318345 6.6511000000000005,81.31901500000001,81.31901500000001 6.648323333333334,81.319685,81.319685 6.645551666666668,81.32035666666668,81.32035666666668 6.642781666666667,81.32102833333333,81.32102833333333 6.640013333333333,81.32170166666667,81.32170166666667 6.637241666666666,81.32237499999998,81.32237499999998 6.634468333333332,81.32304666666666,81.32304666666666 6.631691666666668,81.32372,81.32372 6.628911666666665,81.324395,81.324395 6.626128333333333,81.32506833333333,81.32506833333333 6.6233433333333345,81.32574166666667,81.32574166666667 6.620555,81.326415,81.326415 6.6177633333333326,81.32709,81.32709 6.614968333333333,81.32776333333334,81.32776333333334 6.612168333333334,81.32843666666668,81.32843666666668 6.609365000000001,81.32911000000001,81.32911000000001 6.606556666666667,81.32978166666666,81.32978166666666 6.603741666666668,81.330455,81.330455 6.600926666666666,81.33112666666665,81.33112666666665 6.598113333333334,81.33180000000002,81.33180000000002 6.595299999999999,81.33247166666666,81.33247166666666 6.592486666666668,81.33314333333333,81.33314333333333 6.589674999999999,81.33381666666668,81.33381666666668 6.586861666666667,81.33448833333334,81.33448833333334 6.5840483333333335,81.33516166666668,81.33516166666668 6.581235,81.33583333333333,81.33583333333333 6.578421666666666,81.33650666666666,81.33650666666666 6.575613333333333,81.33718,81.33718 6.572804999999999,81.33785333333334,81.33785333333334 6.569996666666667,81.33852666666665,81.33852666666665 6.567189999999999,81.33919833333333,81.33919833333333 6.564385000000001,81.33987333333333,81.33987333333333 6.561581666666666,81.34054666666665,81.34054666666665 6.5587800000000005,81.34122,81.34122 6.555986666666666,81.34189500000001,81.34189500000001 6.553196666666665,81.34257166666666,81.34257166666666 6.5504083333333325,81.34324666666666,81.34324666666666 6.547623333333333,81.34392333333334,81.34392333333334 6.544838333333333,81.3446,81.3446 6.542053333333333,81.34527833333333,81.34527833333333 6.539271666666667,81.34595499999999,81.34595499999999 6.536493333333334,81.34663333333332,81.34663333333332 6.533715000000001,81.34731333333333,81.34731333333333 6.5309349999999995,81.34799166666666,81.34799166666666 6.528156666666666,81.34866999999998,81.34866999999998 6.525376666666666,81.34934833333334,81.34934833333334 6.522598333333335,81.35002833333333,81.35002833333333 6.519816666666666,81.35070666666667,81.35070666666667 6.517035000000001,81.351385,81.351385 6.514255000000001,81.35206166666666,81.35206166666666 6.511473333333334,81.35273999999998,81.35273999999998 6.508691666666666,81.35341666666667,81.35341666666667 6.50591,81.35409333333334,81.35409333333334 6.503131666666667,81.35477,81.35477 6.500356666666666,81.35544666666667,81.35544666666667 6.497579999999999,81.35612166666667,81.35612166666667 6.494806666666667,81.35679666666667,81.35679666666667 6.4920366666666665,81.35747166666667,81.35747166666667 6.4892683333333325,81.35814666666667,81.35814666666667 6.486501666666667,81.35882166666667,81.35882166666667 6.483736666666665,81.35949666666667,81.35949666666667 6.480973333333332,81.36017000000001,81.36017000000001 6.4782133333333345,81.36084333333332,81.36084333333332 6.475451666666666,81.36151833333332,81.36151833333332 6.47269,81.36219166666666,81.36219166666666 6.469929999999999,81.362865,81.362865 6.467166666666666,81.36353833333332,81.36353833333332 6.464403333333332,81.36421166666668,81.36421166666668 6.461638333333334,81.364885,81.364885 6.458871666666665,81.36555666666668,81.36555666666668 6.456103333333335,81.36622833333332,81.36622833333332 6.453331666666665,81.36689833333334,81.36689833333334 6.450546666666665,81.36756666666666,81.36756666666666 6.447755000000001,81.36823333333334,81.36823333333334 6.444963333333333,81.3689,81.3689 6.442173333333333,81.36956666666666,81.36956666666666 6.439381666666667,81.37023,81.37023 6.436595,81.370895,81.370895 6.433813333333333,81.37155833333333,81.37155833333333 6.431031666666666,81.37222166666666,81.37222166666666 6.4282466666666656,81.37288333333332,81.37288333333332 6.42546,81.373545,81.373545 6.422675000000001,81.37420666666667,81.37420666666667 6.419885,81.37486833333335,81.37486833333335 6.417093333333334,81.37552833333332,81.37552833333332 6.414301666666668,81.37619,81.37619 6.411511666666667,81.37685166666667,81.37685166666667 6.408716666666667,81.37751333333335,81.37751333333335 6.405918333333333,81.37817333333334,81.37817333333334 6.403121666666668,81.378835,81.378835 6.400321666666668,81.37949666666667,81.37949666666667 6.397518333333333,81.38015666666666,81.38015666666666 6.394713333333334,81.38081833333334,81.38081833333334 6.391909999999999,81.38147833333333,81.38147833333333 6.389106666666668,81.38213999999999,81.38213999999999 6.3863033333333314,81.38280166666667,81.38280166666667 6.383501666666666,81.38346166666666,81.38346166666666 6.380706666666668,81.38412333333333,81.38412333333333 6.377915,81.384785,81.384785 6.375121666666667,81.38544666666667,81.38544666666667 6.372331666666666,81.38610666666666,81.38610666666666 6.369545,81.38676833333334,81.38676833333334 6.366756666666667,81.38743,81.38743 6.363963333333334,81.38809333333333,81.38809333333333 6.361166666666666,81.388755,81.388755 6.358365,81.38941666666666,81.38941666666666 6.355558333333333,81.39008,81.39008 6.3527450000000005,81.39074333333332,81.39074333333332 6.349928333333334,81.39140499999999,81.39140499999999 6.347108333333333,81.39206833333334,81.39206833333334 6.344283333333333,81.39273166666668,81.39273166666668 6.341455,81.393395,81.393395 6.338626666666666,81.39406,81.39406 6.335798333333335,81.39472666666666,81.39472666666666 6.3329699999999995,81.39539333333333,81.39539333333333 6.330141666666666,81.39606166666668,81.39606166666668 6.327318333333333,81.39673166666667,81.39673166666667 6.324501666666667,81.39740333333332,81.39740333333332 6.321689999999999,81.39807666666668,81.39807666666668 6.318885,81.39874999999999,81.39874999999999 6.316086666666666,81.39942666666668,81.39942666666668 6.313295,81.40010333333332,81.40010333333332 6.310508333333333,81.40078000000001,81.40078000000001 6.307726666666667,81.40145833333334,81.40145833333334 6.304946666666666,81.40213833333335,81.40213833333335 6.302173333333333,81.40281833333334,81.40281833333334 6.299400000000001,81.40349833333333,81.40349833333333 6.296621666666666,81.40417666666667,81.40417666666667 6.293835,81.404855,81.404855 6.291036666666667,81.40553333333332,81.40553333333332 6.288231666666667,81.40620999999999,81.40620999999999 6.2854199999999985,81.40688666666665,81.40688666666665 6.282603333333333,81.40756333333334,81.40756333333334 6.27979,81.40823833333334,81.40823833333334 6.276983333333334,81.40891499999998,81.40891499999998 6.274179999999999,81.40959166666667,81.40959166666667 6.271383333333334,81.41026833333333,81.41026833333333 6.268591666666667,81.41094666666666,81.41094666666666 6.265801666666666,81.41162333333332,81.41162333333332 6.263003333333334,81.41230000000002,81.41230000000002 6.260203333333333,81.41297500000002,81.41297500000002 6.257403333333334,81.41365166666665,81.41365166666665 6.254601666666668,81.41432833333334,81.41432833333334 6.251793333333334,81.41500333333335,81.41500333333335 6.2489833333333324,81.41567833333335,81.41567833333335 6.246171666666666,81.41635333333335,81.41635333333335 6.243355,81.41702833333335,81.41702833333335 6.240528333333334,81.41770333333335,81.41770333333335 6.237703333333334,81.41837833333335,81.41837833333335 6.2348799999999995,81.41905333333335,81.41905333333335 6.232058333333334,81.41972666666666,81.41972666666666 6.229236666666666,81.4204,81.4204 6.22642,81.42107166666665,81.42107166666665 6.223603333333333,81.42174333333332,81.42174333333332 6.220785000000001,81.42241166666666,81.42241166666666 6.217966666666666,81.42308000000001,81.42308000000001 6.215148333333334,81.42374666666667,81.42374666666667 6.212325,81.42441166666667,81.42441166666667 6.2094949999999995,81.42507499999999,81.42507499999999 6.206658333333333,81.42573666666667,81.42573666666667 6.203814999999999,81.42639666666666,81.42639666666666 6.200966666666667,81.42705666666667,81.42705666666667 6.198106666666666,81.427715,81.427715 6.195239999999999,81.428375,81.428375 6.1923699999999995,81.42903333333332,81.42903333333332 6.189494999999999,81.42969333333335,81.42969333333335 6.1866166666666675,81.43035499999999,81.43035499999999 6.1837333333333335,81.43101666666668,81.43101666666668 6.180851666666666,81.43167833333332,81.43167833333332 6.177971666666667,81.43234000000001,81.43234000000001 6.175093333333332,81.43300333333332,81.43300333333332 6.17222,81.43366666666667,81.43366666666667 6.1693549999999995,81.43433166666667,81.43433166666667 6.166496666666666,81.43499833333333,81.43499833333333 6.163641666666667,81.43566333333334,81.43566333333334 6.160793333333333,81.43633,81.43633 6.157948333333334,81.43699833333332,81.43699833333332 6.1551100000000005,81.43766666666667,81.43766666666667 6.1522749999999995,81.43833666666667,81.43833666666667 6.149444999999999,81.43900833333335,81.43900833333335 6.146621666666666,81.43968,81.43968 6.143803333333333,81.44035166666664,81.44035166666664 6.140989999999999,81.44102666666664,81.44102666666664 6.138185,81.44170166666665,81.44170166666665 6.135384999999999,81.44237666666665,81.44237666666665 6.132588333333333,81.44305333333334,81.44305333333334 6.129795,81.44373166666666,81.44373166666666 6.127001666666667,81.44440999999999,81.44440999999999 6.124206666666667,81.44508833333332,81.44508833333332 6.121408333333333,81.44576833333333,81.44576833333333 6.118601666666667,81.44644666666666,81.44644666666666 6.115783333333333,81.44712333333334,81.44712333333334 6.1129500000000005,81.4478,81.4478 6.1101116666666675,81.44847499999999,81.44847499999999 6.107268333333333,81.44914833333334,81.44914833333334 6.104420000000001,81.44982166666667,81.44982166666667 6.101571666666667,81.45049333333334,81.45049333333334 6.098723333333333,81.45116333333333,81.45116333333333 6.095870000000001,81.45183333333331,81.45183333333331 6.093008333333334,81.4525,81.4525 6.090144999999999,81.45316666666668,81.45316666666668 6.087280000000001,81.45383333333334,81.45383333333334 6.084408333333332,81.45449833333333,81.45449833333333 6.081533333333335,81.45516166666665,81.45516166666665 6.078658333333334,81.45582333333333,81.45582333333333 6.075779999999999,81.45648666666665,81.45648666666665 6.072898333333334,81.45714833333332,81.45714833333332 6.0700166666666675,81.45780833333335,81.45780833333335 6.0671333333333335,81.45846999999999,81.45846999999999 6.064246666666666,81.45913000000002,81.45913000000002 6.061353333333334,81.45979,81.45979 6.058458333333335,81.46044833333333,81.46044833333333 6.055563333333333,81.46110833333334,81.46110833333334 6.052663333333333,81.46176833333334,81.46176833333334 6.049758333333334,81.46242833333334,81.46242833333334 6.046850000000001,81.46308999999998,81.46308999999998 6.043945000000001,81.46375166666667,81.46375166666667 6.041040000000001,81.46441333333334,81.46441333333334 6.038133333333333,81.46507666666666,81.46507666666666 6.035231666666666,81.46574,81.46574 6.032336666666668,81.466405,81.466405 6.029446666666666,81.46707166666667,81.46707166666667 6.02656,81.46773833333333,81.46773833333333 6.023678333333333,81.46840666666668,81.46840666666668 6.020806666666666,81.469075,81.469075 6.017946666666668,81.46974666666667,81.46974666666667 6.015096666666666,81.47041833333334,81.47041833333334 6.012253333333334,81.47109166666668,81.47109166666668 6.009423333333333,81.47176666666665,81.47176666666665 6.0066049999999995,81.47244333333335,81.47244333333335 6.003795,81.47312166666667,81.47312166666667 6.0009933333333345,81.47380166666667,81.47380166666667 5.9982016666666675,81.47448166666666,81.47448166666666 5.995413333333333,81.47516333333334,81.47516333333334 5.992623333333333,81.47584499999999,81.47584499999999 5.989826666666667,81.47652500000001,81.47652500000001 5.987015,81.47720333333334,81.47720333333334 5.984186666666667,81.47788,81.47788 5.981343333333333,81.47855666666666,81.47855666666666 5.978486666666667,81.47923,81.47923 5.975616666666667,81.479905,81.479905 5.972740000000001,81.48057666666668,81.48057666666668 5.969854999999999,81.48124999999999,81.48124999999999 5.966965,81.48192166666666,81.48192166666666 5.964071666666666,81.48259166666668,81.48259166666668 5.961173333333332,81.48326333333333,81.48326333333333 5.9582749999999995,81.48393333333334,81.48393333333334 5.955380000000001,81.484605,81.484605 5.952488333333334,81.48527500000002,81.48527500000002 5.949596666666667,81.485945,81.485945 5.946708333333334,81.48661666666668,81.48661666666668 5.9438233333333335,81.48728666666666,81.48728666666666 5.940943333333333,81.48795833333334,81.48795833333334 5.938065000000001,81.48863,81.48863 5.935191666666666,81.48930166666668,81.48930166666668 5.932328333333334,81.48997500000002,81.48997500000002 5.9294683333333325,81.49064833333333,81.49064833333333 5.926615,81.49132166666666,81.49132166666666 5.923768333333334,81.49199666666667,81.49199666666667 5.920926666666666,81.49267,81.49267 5.9180866666666665,81.493345,81.493345 5.9152466666666665,81.49402166666667,81.49402166666667 5.9124099999999995,81.49469666666667,81.49469666666667 5.909565000000001,81.49537166666667,81.49537166666667 5.906708333333334,81.49604500000001,81.49604500000001 5.9038433333333336,81.49671666666666,81.49671666666666 5.900978333333334,81.49738833333333,81.49738833333333 5.898106666666667,81.49806,81.49806 5.89523,81.49873166666667,81.49873166666667 5.892351666666666,81.49940166666669,81.49940166666669 5.889469999999999,81.50007166666667,81.50007166666667 5.886581666666666,81.50074166666666,81.50074166666666 5.883685000000001,81.50141,81.50141 5.8807816666666675,81.50207833333334,81.50207833333334 5.877873333333334,81.50274666666667,81.50274666666667 5.874958333333333,81.50341499999999,81.50341499999999 5.872038333333334,81.50408166666666,81.50408166666666 5.869116666666668,81.50474999999999,81.50474999999999 5.866196666666667,81.50541833333334,81.50541833333334 5.863273333333332,81.506085,81.506085 5.8603466666666675,81.50675333333334,81.50675333333334 5.857418333333333,81.50742166666669,81.50742166666669 5.8544866666666655,81.50808999999998,81.50808999999998 5.851549999999999,81.50875833333333,81.50875833333333 5.848603333333333,81.50942500000001,81.50942500000001 5.845648333333333,81.51009333333333,81.51009333333333 5.842685,81.51075999999999,81.51075999999999 5.839711666666667,81.511425,81.511425 5.836726666666667,81.51209166666666,81.51209166666666 5.833733333333333,81.512755,81.512755 5.830736666666667,81.51342000000001,81.51342000000001 5.8277366666666675,81.51408499999998,81.51408499999998 5.8247383333333325,81.51475,81.51475 5.821743333333334,81.51541333333333,81.51541333333333 5.8187516666666665,81.51607999999999,81.51607999999999 5.815765,81.51674666666666,81.51674666666666 5.812785000000001,81.51741333333332,81.51741333333332 5.8098133333333335,81.51808333333334,81.51808333333334 5.8068566666666666,81.51875333333335,81.51875333333335 5.803918333333333,81.51942666666666,81.51942666666666 5.800991666666666,81.5201,81.5201 5.798078333333332,81.520775,81.520775 5.795171666666666,81.52145,81.52145 5.792271666666666,81.52212666666667,81.52212666666667 5.789373333333334,81.52280166666667,81.52280166666667 5.78648,81.52347833333333,81.52347833333333 5.78359,81.524155,81.524155 5.7806966666666675,81.52483,81.52483 5.777794999999999,81.525505,81.525505 5.77488,81.52617666666667,81.52617666666667 5.77196,81.52684833333333,81.52684833333333 5.769033333333334,81.52751833333335,81.52751833333335 5.766103333333333,81.52818666666667,81.52818666666667 5.7631733333333335,81.52885666666666,81.52885666666666 5.760253333333332,81.52952499999999,81.52952499999999 5.757345,81.530195,81.530195 5.7544433333333345,81.53086499999999,81.53086499999999 5.751549999999999,81.531535,81.531535 5.748668333333334,81.53220666666665,81.53220666666665 5.745795,81.53287666666667,81.53287666666667 5.7429250000000005,81.53354833333333,81.53354833333333 5.740056666666667,81.53421833333334,81.53421833333334 5.737193333333333,81.53488999999999,81.53488999999999 5.734329999999999,81.53556,81.53556 5.731463333333333,81.53623166666665,81.53623166666665 5.728593333333333,81.53690166666667,81.53690166666667 5.725723333333333,81.53757166666666,81.53757166666666 5.722849999999999,81.53824166666668,81.53824166666668 5.719966666666665,81.53891,81.53891 5.717083333333333,81.53957833333332,81.53957833333332 5.714188333333334,81.54024666666666,81.54024666666666 5.711279999999999,81.54091499999998,81.54091499999998 5.708360000000001,81.54158000000001,81.54158000000001 5.7054350000000005,81.54224500000001,81.54224500000001 5.702506666666666,81.54290999999999,81.54290999999999 5.699578333333333,81.54357499999999,81.54357499999999 5.696653333333335,81.54424166666666,81.54424166666666 5.6937266666666675,81.54490666666666,81.54490666666666 5.6908,81.54557166666666,81.54557166666666 5.687875,81.54623833333333,81.54623833333333 5.68495,81.54690333333333,81.54690333333333 5.682025000000001,81.54757,81.54757 5.679101666666666,81.54823666666667,81.54823666666667 5.67618,81.54890499999999,81.54890499999999 5.673258333333333,81.54957166666665,81.54957166666665 5.670333333333335,81.55024,81.55024 5.667411666666668,81.55090666666668,81.55090666666668 5.664486666666666,81.55157333333334,81.55157333333334 5.6615616666666675,81.55224,81.55224 5.658635,81.55290500000001,81.55290500000001 5.655705,81.55356833333335,81.55356833333335 5.652768333333333,81.55423,81.55423 5.649825,81.55488833333332,81.55488833333332 5.646873333333334,81.55554333333333,81.55554333333333 5.643909999999999,81.55619333333335,81.55619333333335 5.640936666666667,81.55684166666666,81.55684166666666 5.637954999999999,81.557485,81.557485 5.634966666666665,81.55812499999999,81.55812499999999 5.631973333333334,81.55876166666667,81.55876166666667 5.6289750000000005,81.55939499999998,81.55939499999998 5.6259766666666655,81.56002666666667,81.56002666666667 5.622981666666667,81.560655,81.560655 5.619993333333333,81.56128000000001,81.56128000000001 5.617013333333333,81.561905,81.561905 5.614046666666666,81.56252666666666,81.56252666666666 5.6111,81.56314833333332,81.56314833333332 5.608176666666666,81.56377,81.56377 5.605273333333334,81.56439,81.56439 5.60238,81.56501,81.56501 5.599491666666667,81.56563166666666,81.56563166666666 5.596604999999999,81.566255,81.566255 5.593721666666666,81.56688000000001,81.56688000000001 5.590836666666667,81.567505,81.567505 5.587953333333333,81.56813333333334,81.56813333333334 5.585073333333335,81.56876166666666,81.56876166666666 5.582198333333334,81.56939,81.56939 5.579326666666666,81.57002000000001,81.57002000000001 5.576463333333333,81.57065166666665,81.57065166666665 5.573615000000001,81.571285,81.571285 5.570778333333333,81.57192,81.57192 5.567955,81.572555,81.572555 5.565143333333333,81.57319166666666,81.57319166666666 5.562345,81.57382833333332,81.57382833333332 5.559560000000001,81.57446333333334,81.57446333333334 5.556788333333333,81.5751,81.5751 5.554035,81.57573333333333,81.57573333333333 5.5512950000000005,81.57636833333333,81.57636833333333 5.548568333333333,81.57700166666667,81.57700166666667 5.545858333333333,81.57763666666666,81.57763666666666 5.543161666666667,81.57827166666667,81.57827166666667 5.5404783333333345,81.57890666666668,81.57890666666668 5.537806666666667,81.57954500000001,81.57954500000001 5.535145000000001,81.58018333333332,81.58018333333332 5.532489999999999,81.58082166666668,81.58082166666668 5.529845,81.58146,81.58146 5.527208333333335,81.5821,81.5821 5.524579999999999,81.58273833333334,81.58273833333334 5.521961666666666,81.58337666666667,81.58337666666667 5.519351666666667,81.584015,81.584015 5.516745,81.58465166666667,81.58465166666667 5.514141666666665,81.58528666666665,81.58528666666665 5.511531666666667,81.58591833333334,81.58591833333334 5.508913333333334,81.58654833333333,81.58654833333333 5.50629,81.58717666666666,81.58717666666666 5.503666666666667,81.58780166666668,81.58780166666668 5.501036666666666,81.588425,81.588425 5.498398333333334,81.58904666666668,81.58904666666668 5.495759999999999,81.58966666666667,81.58966666666667 5.49313,81.590285,81.590285 5.490510000000001,81.59090333333333,81.59090333333333 5.487896666666668,81.59152166666667,81.59152166666667 5.485288333333333,81.59213833333334,81.59213833333334 5.482685,81.59275333333335,81.59275333333335 5.480076666666667,81.59336666666667,81.59336666666667 5.477461666666666,81.59397833333333,81.59397833333333 5.474841666666667,81.59458666666667,81.59458666666667 5.472223333333333,81.59519166666668,81.59519166666668 5.469605,81.59579666666667,81.59579666666667 5.466986666666666,81.59639999999999,81.59639999999999 5.464363333333333,81.59700166666666,81.59700166666666 5.461728333333333,81.59760333333334,81.59760333333334 5.459076666666666,81.59820166666665,81.59820166666665 5.456413333333334,81.59879833333333,81.59879833333333 5.453738333333333,81.59939666666668,81.59939666666668 5.451055,81.59999333333333,81.59999333333333 5.448363333333333,81.60059166666666,81.60059166666666 5.445668333333333,81.60119,81.60119 5.442974999999999,81.60179000000001,81.60179000000001 5.440283333333333,81.60239166666666,81.60239166666666 5.437595,81.60299499999999,81.60299499999999 5.434908333333334,81.6036,81.6036 5.432223333333333,81.60420666666668,81.60420666666668 5.429541666666668,81.60481499999999,81.60481499999999 5.426865,81.60542666666667,81.60542666666667 5.424196666666668,81.60603833333334,81.60603833333334 5.421538333333332,81.60665166666666,81.60665166666666 5.418891666666667,81.60726500000001,81.60726500000001 5.416254999999999,81.60787833333333,81.60787833333333 5.41363,81.60849166666667,81.60849166666667 5.411014999999999,81.60910666666668,81.60910666666668 5.408404999999998,81.60972,81.60972 5.4058,81.61033333333332,81.61033333333332 5.403196666666665,81.61094499999999,81.61094499999999 5.400598333333333,81.61155666666667,81.61155666666667 5.398008333333333,81.61216666666667,81.61216666666667 5.3954233333333335,81.61277666666666,81.61277666666666 5.392841666666667,81.61338333333335,81.61338333333335 5.390255,81.61398999999999,81.61398999999999 5.38766,81.61459333333335,81.61459333333335 5.38505,81.61519333333334,81.61519333333334 5.3824266666666665,81.61578999999999,81.61578999999999 5.379794999999999,81.61638500000001,81.61638500000001 5.377158333333334,81.61697666666667,81.61697666666667 5.374516666666667,81.61756833333334,81.61756833333334 5.371863333333333,81.61815666666665,81.61815666666665 5.3691933333333335,81.61874333333333,81.61874333333333 5.366508333333333,81.61932833333334,81.61932833333334 5.363813333333334,81.61991166666668,81.61991166666668 5.361113333333332,81.62049166666668,81.62049166666668 5.35841,81.62107166666667,81.62107166666667 5.355701666666666,81.62165166666666,81.62165166666666 5.352991666666666,81.62222833333334,81.62222833333334 5.350281666666666,81.62280333333334,81.62280333333334 5.347579999999999,81.62337833333333,81.62337833333333 5.344886666666667,81.62395333333335,81.62395333333335 5.342201666666668,81.62452666666665,81.62452666666665 5.339525,81.6251,81.6251 5.336863333333334,81.625675,81.625675 5.334218333333333,81.62624833333334,81.62624833333334 5.331586666666667,81.62682333333335,81.62682333333335 5.328966666666668,81.62740000000001,81.62740000000001 5.326358333333332,81.62797666666665,81.62797666666665 5.323756666666666,81.628555,81.628555 5.321163333333334,81.629135,81.629135 5.318579999999999,81.62971666666667,81.62971666666667 5.3160066666666665,81.6303,81.6303 5.313441666666667,81.63088333333333,81.63088333333333 5.310886666666666,81.63147000000001,81.63147000000001 5.3083366666666665,81.63205666666666,81.63205666666666 5.305786666666667,81.63264333333333,81.63264333333333 5.303235,81.63323,81.63323 5.300673333333332,81.63381333333335,81.63381333333335 5.298095000000001,81.63439666666667,81.63439666666667 5.2955,81.63497666666667,81.63497666666667 5.292891666666666,81.635555,81.635555 5.290275,81.63613166666667,81.63613166666667 5.287655000000002,81.63670666666667,81.63670666666667 5.285035,81.63728166666667,81.63728166666667 5.2824149999999985,81.63785666666665,81.63785666666665 5.279795,81.63843000000001,81.63843000000001 5.277178333333334,81.63900333333332,81.63900333333332 5.274566666666667,81.63957666666667,81.63957666666667 5.271951666666667,81.64014833333334,81.64014833333334 5.269338333333334,81.64071833333334,81.64071833333334 5.266728333333333,81.64128666666666,81.64128666666666 5.26413,81.64185666666667,81.64185666666667 5.261534999999999,81.64242500000002,81.64242500000002 5.258941666666668,81.64299333333334,81.64299333333334 5.25635,81.64356166666667,81.64356166666667 5.253759999999999,81.64412999999999,81.64412999999999 5.251168333333334,81.64469833333334,81.64469833333334 5.248575,81.64526833333332,81.64526833333332 5.245976666666667,81.64583666666667,81.64583666666667 5.2433733333333326,81.64640666666666,81.64640666666666 5.2407699999999995,81.64697500000001,81.64697500000001 5.238168333333333,81.64754500000002,81.64754500000002 5.235565,81.64811333333334,81.64811333333334 5.23296,81.64868333333334,81.64868333333334 5.23035,81.64925333333335,81.64925333333335 5.227733333333333,81.64982166666667,81.64982166666667 5.22511,81.65039000000002,81.65039000000002 5.22248,81.65095666666667,81.65095666666667 5.219845,81.651525,81.651525 5.217208333333334,81.65209166666666,81.65209166666666 5.214576666666666,81.65265833333332,81.65265833333332 5.211949999999999,81.65322833333333,81.65322833333333 5.209325,81.65379666666665,81.65379666666665 5.206700000000001,81.65436500000001,81.65436500000001 5.204075,81.65493333333333,81.65493333333333 5.2014483333333335,81.65550166666668,81.65550166666668 5.198818333333334,81.65607,81.65607 5.196186666666667,81.65663833333332,81.65663833333332 5.193553333333334,81.65720666666667,81.65720666666667 5.190924999999999,81.657775,81.657775 5.188301666666666,81.65834499999998,81.65834499999998 5.1856816666666665,81.658915,81.658915 5.183063333333333,81.659485,81.659485 5.180446666666667,81.66005666666666,81.66005666666666 5.177835,81.66062833333334,81.66062833333334 5.175225000000001,81.66120000000001,81.66120000000001 5.172616666666667,81.66177166666667,81.66177166666667 5.17001,81.66234333333334,81.66234333333334 5.1674050000000005,81.66291500000001,81.66291500000001 5.1648033333333325,81.66348833333333,81.66348833333333 5.1621999999999995,81.66406,81.66406 5.159596666666666,81.66463333333334,81.66463333333334 5.156994999999999,81.66520666666666,81.66520666666666 5.154398333333334,81.66578166666666,81.66578166666666 5.151810000000001,81.66635833333333,81.66635833333333 5.149226666666666,81.666935,81.666935 5.146646666666667,81.66751166666667,81.66751166666667 5.144076666666668,81.66808999999999,81.66808999999999 5.141518333333333,81.66866833333333,81.66866833333333 5.138966666666667,81.66924666666668,81.66924666666668 5.13641,81.66982500000002,81.66982500000002 5.133845000000001,81.67040333333334,81.67040333333334 5.131266666666667,81.67097833333332,81.67097833333332 5.128676666666667,81.67155333333335,81.67155333333335 5.12607,81.67212500000001,81.67212500000001 5.123445,81.67269666666665,81.67269666666665 5.120805,81.673265,81.673265 5.118155,81.67383499999998,81.67383499999998 5.115501666666666,81.674405,81.674405 5.11285,81.67497499999999,81.67497499999999 5.110201666666667,81.67554666666666,81.67554666666666 5.107566666666667,81.67612000000001,81.67612000000001 5.104944999999999,81.67669500000001,81.67669500000001 5.102335,81.67727000000001,81.67727000000001 5.099738333333333,81.67784666666665,81.67784666666665 5.097158333333334,81.67842333333334,81.67842333333334 5.094596666666666,81.67899999999999,81.67899999999999 5.092048333333333,81.67957833333334,81.67957833333334 5.089506666666666,81.68015666666668,81.68015666666668 5.086971666666667,81.68073333333334,81.68073333333334 5.084441666666668,81.68131166666667,81.68131166666667 5.081918333333333,81.68188833333333,81.68188833333333 5.079393333333333,81.68246500000001,81.68246500000001 5.0768699999999995,81.68303833333334,81.68303833333334 5.074348333333332,81.68361333333333,81.68361333333333 5.071831666666668,81.684185,81.684185 5.069316666666667,81.68475833333333,81.68475833333333 5.0668050000000004,81.68533,81.68533 5.0642933333333335,81.6859,81.6859 5.061786666666667,81.68646999999999,81.68646999999999 5.059289999999999,81.68704,81.68704 5.056798333333334,81.68760999999999,81.68760999999999 5.054311666666666,81.68818,81.68818 5.05183,81.68875000000001,81.68875000000001 5.049348333333333,81.68932,81.68932 5.046853333333334,81.68988833333333,81.68988833333333 5.0443266666666675,81.69045333333332,81.69045333333332 5.041746666666667,81.69101166666665,81.69101166666665 5.0390983333333335,81.69156333333335,81.69156333333335 5.036370000000001,81.69210500000001,81.69210500000001 5.033553333333334,81.69263833333333,81.69263833333333 5.0306316666666655,81.69316,81.69316 5.027595000000001,81.69367,81.69367 5.0244383333333325,81.694165,81.694165 5.021154999999999,81.69464333333333,81.69464333333333 5.0177483333333335,81.695105,81.695105 5.014223333333334,81.69554666666666,81.69554666666666 5.0105933333333335,81.69596999999999,81.69596999999999 5.006869999999999,81.69637666666665,81.69637666666665 5.0030616666666665,81.69676666666666,81.69676666666666 4.999174999999999,81.69714,81.69714 4.995215,81.69750000000002,81.69750000000002 4.991181666666667,81.69784166666668,81.69784166666668 4.987076666666667,81.69817,81.69817 4.982903333333334,81.69848,81.69848 4.978665,81.698775,81.698775 4.9743699999999995,81.69905333333334,81.69905333333334 4.970021666666667,81.69931833333332,81.69931833333332 4.965624999999999,81.69956833333333,81.69956833333333 4.961185,81.69980666666666,81.69980666666666 4.956701666666667,81.70003,81.70003 4.952173333333334,81.70024,81.70024 4.947598333333334,81.70043000000001,81.70043000000001 4.94298,81.70060333333333,81.70060333333333 4.938316666666667,81.70075499999999,81.70075499999999 4.93361,81.70088666666668,81.70088666666668 4.928861666666667,81.700995,81.700995 4.924078333333333,81.70108166666667,81.70108166666667 4.919266666666667,81.70114666666666,81.70114666666666 4.914435,81.70119333333334,81.70119333333334 4.909588333333334,81.70122500000001,81.70122500000001 4.904733333333334,81.70124166666666,81.70124166666666 4.899870000000001,81.70124666666668,81.70124666666668 4.895005,81.70124500000001,81.70124500000001 4.890134999999999,81.70124,81.70124 4.885266666666666,81.70123166666666,81.70123166666666 4.880395,81.70122166666667,81.70122166666667 4.875523333333333,81.70121166666667,81.70121166666667 4.870645000000001,81.70120166666666,81.70120166666666 4.865763333333334,81.70119333333334,81.70119333333334 4.860871666666667,81.70118666666669,81.70118666666669 4.855971666666666,81.70118333333333,81.70118333333333 4.851061666666666,81.701185,81.701185 4.846141666666667,81.70118833333332,81.70118833333332 4.841208333333334,81.70119666666666,81.70119666666666 4.836259999999999,81.70120666666668,81.70120666666668 4.831298333333333,81.70121499999999,81.70121499999999 4.826318333333333,81.70122166666667,81.70122166666667 4.821323333333333,81.70122833333333,81.70122833333333 4.8163133333333334,81.70123499999998,81.70123499999998 4.811288333333334,81.70123833333334,81.70123833333334 4.806251666666666,81.70124166666666,81.70124166666666 4.801201666666667,81.70124333333332,81.70124333333332 4.796141666666667,81.70124333333332,81.70124333333332 4.791076666666666,81.70124333333332,81.70124333333332 4.786009999999999,81.70124166666666,81.70124166666666 4.780945,81.70124,81.70124 4.775884999999999,81.70124,81.70124 4.77083,81.70124166666666,81.70124166666666 4.765783333333332,81.70124333333332,81.70124333333332 4.760745,81.70124666666668,81.70124666666668 4.755713333333333,81.70125333333334,81.70125333333334 4.7506900000000005,81.70126333333332,81.70126333333332 4.745671666666666,81.70127666666667,81.70127666666667 4.740656666666666,81.70128999999999,81.70128999999999 4.735646666666667,81.70130666666667,81.70130666666667 4.73064,81.701325,81.701325 4.725638333333333,81.70134166666666,81.70134166666666 4.7206399999999995,81.70135833333335,81.70135833333335 4.715645,81.70137500000001,81.70137500000001 4.710653333333333,81.70139166666667,81.70139166666667 4.705665,81.70140500000001,81.70140500000001 4.700676666666666,81.70141833333334,81.70141833333334 4.695691666666667,81.70142999999999,81.70142999999999 4.690708333333332,81.70144333333332,81.70144333333332 4.68573,81.70145833333332,81.70145833333332 4.6807549999999996,81.70147333333334,81.70147333333334 4.675783333333333,81.70149166666667,81.70149166666667 4.670815,81.70151166666666,81.70151166666666 4.665846666666667,81.70153499999999,81.70153499999999 4.66088,81.70156,81.70156 4.6559116666666664,81.70158500000001,81.70158500000001 4.650945,81.70161333333334,81.70161333333334 4.645978333333333,81.70164166666667,81.70164166666667 4.6410116666666665,81.70167166666667,81.70167166666667 4.636043333333333,81.7017,81.7017 4.631073333333332,81.70172833333334,81.70172833333334 4.6261,81.70175333333334,81.70175333333334 4.621121666666666,81.70177833333335,81.70177833333335 4.616138333333334,81.7018,81.7018 4.611151666666667,81.70181833333332,81.70181833333332 4.60616,81.70183666666668,81.70183666666668 4.601163333333334,81.70185499999998,81.70185499999998 4.596165,81.70187166666666,81.70187166666666 4.591166666666667,81.70188999999999,81.70188999999999 4.586168333333334,81.70190999999998,81.70190999999998 4.58117,81.70192999999999,81.70192999999999 4.57617,81.70195000000001,81.70195000000001 4.5711683333333335,81.70197166666667,81.70197166666667 4.566166666666668,81.70199500000001,81.70199500000001 4.561161666666667,81.70201999999999,81.70201999999999 4.556155,81.702045,81.702045 4.551148333333333,81.70207166666667,81.70207166666667 4.546141666666666,81.7021,81.7021 4.541136666666667,81.70213,81.70213 4.536130000000001,81.70216166666668,81.70216166666668 4.531121666666667,81.70219333333331,81.70219333333331 4.52611,81.70222666666666,81.70222666666666 4.521096666666667,81.70226166666667,81.70226166666667 4.5160800000000005,81.70229666666667,81.70229666666667 4.511058333333334,81.70233166666668,81.70233166666668 4.506033333333334,81.702365,81.702365 4.501003333333334,81.702395,81.702395 4.495968333333334,81.70242,81.70242 4.4909349999999995,81.70244500000001,81.70244500000001 4.485908333333334,81.70246666666667,81.70246666666667 4.4808900000000005,81.70248833333333,81.70248833333333 4.475888333333334,81.70250833333333,81.70250833333333 4.470903333333334,81.70252666666666,81.70252666666666 4.46594,81.70254166666668,81.70254166666668 4.460995,81.70255666666668,81.70255666666668 4.456075,81.70257000000001,81.70257000000001 4.451173333333334,81.70258333333332,81.70258333333332 4.446291666666665,81.70259500000002,81.70259500000002 4.441423333333335,81.70260333333334,81.70260333333334 4.436568333333334,81.70260833333333,81.70260833333333 4.431726666666667,81.70261166666666,81.70261166666666 4.426893333333334,81.70261166666666,81.70261166666666 4.422070000000001,81.70260833333333,81.70260833333333 4.417253333333332,81.70260333333334,81.70260333333334 4.412444999999999,81.70259833333334,81.70259833333334 4.407638333333334,81.70259166666666,81.70259166666666 4.402835,81.70258499999998,81.70258499999998 4.39803,81.70257833333334,81.70257833333334 4.393225000000001,81.70257333333333,81.70257333333333 4.388418333333333,81.70257000000001,81.70257000000001 4.383608333333334,81.70257000000001,81.70257000000001 4.378796666666667,81.70257333333333,81.70257333333333 4.3739816666666655,81.70258,81.70258 4.369163333333334,81.70258833333334,81.70258833333334 4.364341666666667,81.70260166666667,81.70260166666667 4.359518333333333,81.70261500000001,81.70261500000001 4.3546966666666655,81.70262833333334,81.70262833333334 4.349875,81.70264333333331,81.70264333333331 4.345055,81.70266166666667,81.70266166666667 4.3402400000000005,81.70268166666668,81.70268166666668 4.335425,81.70270166666667,81.70270166666667 4.330616666666666,81.70272333333332,81.70272333333332 4.325815,81.70274500000001,81.70274500000001 4.321018333333334,81.70276833333334,81.70276833333334 4.316228333333333,81.70279333333332,81.70279333333332 4.311441666666667,81.70281666666666,81.70281666666666 4.306661666666666,81.70284000000001,81.70284000000001 4.3018849999999995,81.70286333333333,81.70286333333333 4.297113333333334,81.702885,81.702885 4.292341666666667,81.70290333333335,81.70290333333335 4.287571666666667,81.70291999999999,81.70291999999999 4.282801666666666,81.70293333333335,81.70293333333335 4.278031666666667,81.702945,81.702945 4.2732616666666665,81.702955,81.702955 4.268491666666668,81.70296166666668,81.70296166666668 4.263725000000001,81.70297000000001,81.70297000000001 4.258960000000001,81.70297999999998,81.70297999999998 4.254196666666666,81.70299000000001,81.70299000000001 4.249435,81.70300166666667,81.70300166666667 4.244674999999999,81.70301333333333,81.70301333333333 4.239915,81.70303,81.70303 4.235156666666667,81.70305,81.70305 4.2303999999999995,81.70307166666666,81.70307166666666 4.225644999999999,81.703095,81.703095 4.220893333333334,81.70312000000001,81.70312000000001 4.216148333333333,81.70314833333335,81.70314833333335 4.211405,81.70317499999999,81.70317499999999 4.206665000000001,81.70320166666666,81.70320166666666 4.201929999999999,81.70322666666667,81.70322666666667 4.1971983333333345,81.70325166666666,81.70325166666666 4.192468333333333,81.703275,81.703275 4.187741666666666,81.70329666666666,81.70329666666666 4.18302,81.70331666666665,81.70331666666665 4.178305000000001,81.703335,81.703335 4.173593333333333,81.70335166666666,81.70335166666666 4.168886666666667,81.70336833333333,81.70336833333333 4.164184999999999,81.70338500000001,81.70338500000001 4.159484999999999,81.70339833333333,81.70339833333333 4.154788333333333,81.70341333333334,81.70341333333334 4.150098333333333,81.703425,81.703425 4.145411666666666,81.70343666666666,81.70343666666666 4.140728333333333,81.70344333333334,81.70344333333334 4.136050000000001,81.70344833333334,81.70344833333334 4.131376666666667,81.70345333333333,81.70345333333333 4.126709999999999,81.70345499999999,81.70345499999999 4.122046666666666,81.70345666666668,81.70345666666668 4.1173883333333325,81.70345666666668,81.70345666666668 4.112735,81.70345666666668,81.70345666666668 4.108080000000001,81.70345499999999,81.70345499999999 4.103425,81.70345166666667,81.70345166666667 4.098768333333334,81.70344833333334,81.70344833333334 4.094108333333334,81.70344333333334,81.70344333333334 4.0894449999999996,81.70343833333332,81.70343833333332 4.084775,81.70343333333334,81.70343333333334 4.080099999999999,81.70342999999998,81.70342999999998 4.075418333333334,81.70342833333335,81.70342833333335 4.070730000000001,81.70342999999998,81.70342999999998 4.066035,81.703435,81.703435 4.061333333333334,81.70344166666668,81.70344166666668 4.056628333333333,81.70345166666667,81.70345166666667 4.051916666666667,81.70346333333333,81.70346333333333 4.047198333333333,81.70347833333334,81.70347833333334 4.042475,81.70349500000002,81.70349500000002 4.037745,81.70351333333332,81.70351333333332 4.033008333333333,81.70353333333334,81.70353333333334 4.028265,81.70355333333335,81.70355333333335 4.023516666666666,81.703575,81.703575 4.018761666666666,81.70359666666666,81.70359666666666 4.014005000000001,81.70361833333332,81.70361833333332 4.009243333333333,81.70363833333334,81.70363833333334 4.004478333333333,81.70365666666667,81.70365666666667 3.9997083333333334,81.703675,81.703675 3.994935,81.70369333333332,81.70369333333332 3.990158333333333,81.70370999999999,81.70370999999999 3.9853783333333332,81.70372666666667,81.70372666666667 3.9805949999999997,81.703745,81.703745 3.975810000000001,81.70376333333333,81.70376333333333 3.971025,81.70378166666667,81.70378166666667 3.9662399999999995,81.70380166666666,81.70380166666666 3.961455,81.70382,81.70382 3.9566716666666673,81.70383833333334,81.70383833333334 3.9518900000000006,81.70385666666667,81.70385666666667 3.9471083333333334,81.703875,81.703875 3.942328333333333,81.70389333333334,81.70389333333334 3.9375483333333334,81.70391166666667,81.70391166666667 3.9327683333333328,81.70392666666666,81.70392666666666 3.927986666666666,81.70394,81.70394 3.9232016666666674,81.70395166666667,81.70395166666667 3.918415,81.70396333333332,81.70396333333332 3.913625,81.70397500000001,81.70397500000001 3.908831666666667,81.703985,81.703985 3.904036666666667,81.70399666666667,81.70399666666667 3.8992383333333334,81.70400666666667,81.70400666666667 3.894438333333333,81.70401833333332,81.70401833333332 3.889633333333333,81.70402833333333,81.70402833333333 3.8848249999999993,81.70404,81.70404 3.880015,81.70405000000001,81.70405000000001 3.8751983333333335,81.70406000000001,81.70406000000001 3.8703800000000004,81.70407,81.70407 3.865558333333333,81.70408,81.70408 3.8607316666666662,81.70409000000001,81.70409000000001 3.8559016666666666,81.70410166666666,81.70410166666666 3.8510683333333335,81.70411166666666,81.70411166666666 3.846231666666667,81.70412166666667,81.70412166666667 3.8413933333333334,81.70413333333332,81.70413333333332 3.8365516666666672,81.70414500000001,81.70414500000001 3.831708333333333,81.70415666666666,81.70415666666666 3.8268633333333333,81.70417000000002,81.70417000000002 3.8220166666666673,81.70418333333333,81.70418333333333 3.8171716666666664,81.70419666666666,81.70419666666666 3.8123266666666664,81.70421166666667,81.70421166666667 3.807485,81.70422666666666,81.70422666666666 3.802645,81.70424333333332,81.70424333333332 3.7978083333333332,81.70426,81.70426 3.792976666666666,81.70427500000001,81.70427500000001 3.788143333333333,81.70429166666666,81.70429166666666 3.783313333333334,81.70430666666667,81.70430666666667 3.778481666666667,81.70432333333333,81.70432333333333 3.7736483333333335,81.70433666666666,81.70433666666666 3.7688116666666667,81.70435,81.70435 3.7639750000000003,81.70436166666667,81.70436166666667 3.7591366666666666,81.70437333333334,81.70437333333334 3.7542966666666664,81.70438499999999,81.70438499999999 3.749456666666666,81.70439333333333,81.70439333333333 3.7446149999999996,81.7044,81.7044 3.7397750000000003,81.70440333333333,81.70440333333333 3.7349349999999992,81.704405,81.704405 3.7300983333333333,81.704405,81.704405 3.7252616666666665,81.70440333333333,81.70440333333333 3.720428333333334,81.70439833333334,81.70439833333334 3.7155966666666664,81.70439333333333,81.70439333333333 3.7107666666666668,81.70438499999999,81.70438499999999 3.7059383333333327,81.704375,81.704375 3.7011099999999995,81.704365,81.704365 3.6962783333333333,81.70435166666667,81.70435166666667 3.691441666666666,81.70434000000002,81.70434000000002 3.6865983333333334,81.70432666666666,81.70432666666666 3.681748333333333,81.70431166666668,81.70431166666668 3.6768883333333324,81.70429999999999,81.70429999999999 3.6720216666666667,81.70428833333334,81.70428833333334 3.667145,81.70428,81.70428 3.6622616666666667,81.70427333333335,81.70427333333335 3.657373333333334,81.70426666666667,81.70426666666667 3.6524799999999997,81.70426333333333,81.70426333333333 3.6475816666666665,81.70426,81.70426 3.642683333333333,81.70425833333334,81.70425833333334 3.637781666666667,81.70425666666668,81.70425666666668 3.632878333333333,81.70425499999999,81.70425499999999 3.6279733333333337,81.70425333333333,81.70425333333333 3.6230633333333335,81.70425333333333,81.70425333333333 3.6181500000000004,81.70425166666666,81.70425166666666 3.6132333333333335,81.70425166666666,81.70425166666666 3.60831,81.70425499999999,81.70425499999999 3.6033833333333334,81.70425833333334,81.70425833333334 3.598453333333333,81.704265,81.704265 3.593518333333334,81.70427166666666,81.70427166666666 3.588581666666667,81.70428166666669,81.70428166666669 3.583641666666667,81.70429,81.70429 3.578695,81.70430166666665,81.70430166666665 3.5737449999999997,81.70431333333332,81.70431333333332 3.5687866666666666,81.704325,81.704325 3.563826666666667,81.70434000000002,81.70434000000002 3.5588633333333326,81.70435833333332,81.70435833333332 3.5538999999999996,81.70437666666666,81.70437666666666 3.5489333333333333,81.70439500000002,81.70439500000002 3.5439666666666665,81.70441500000001,81.70441500000001 3.5389983333333337,81.70443333333333,81.70443333333333 3.5340300000000004,81.70445333333335,81.70445333333335 3.5290633333333337,81.704475,81.704475 3.524096666666667,81.704495,81.704495 3.51913,81.70451333333334,81.70451333333334 3.5141633333333337,81.70453166666667,81.70453166666667 3.509198333333333,81.70454833333334,81.70454833333334 3.5042316666666666,81.70456333333333,81.70456333333333 3.4992683333333328,81.70457666666667,81.70457666666667 3.494305,81.70458833333333,81.70458833333333 3.489343333333333,81.7046,81.7046 3.4843866666666665,81.70460999999999,81.70460999999999 3.47943,81.70462166666665,81.70462166666665 3.4744766666666664,81.70463,81.70463 3.4695233333333335,81.70464000000001,81.70464000000001 3.4645699999999997,81.70464666666666,81.70464666666666 3.459618333333333,81.704655,81.704655 3.454665,81.70466,81.70466 3.44971,81.70466499999999,81.70466499999999 3.444755,81.70466833333332,81.70466833333332 3.4398,81.70467000000001,81.70467000000001 3.4348433333333332,81.704675,81.704675 3.4298883333333334,81.70467833333335,81.70467833333335 3.4249316666666667,81.70468333333334,81.70468333333334 3.419976666666667,81.70468666666667,81.70468666666667 3.415023333333334,81.70469333333332,81.70469333333332 3.4100683333333333,81.70469833333334,81.70469833333334 3.4051149999999994,81.70470499999999,81.70470499999999 3.4001599999999996,81.70471166666667,81.70471166666667 3.395203333333333,81.70471833333333,81.70471833333333 3.3902449999999993,81.70472666666667,81.70472666666667 3.3852833333333336,81.70473500000001,81.70473500000001 3.3803200000000007,81.704745,81.704745 3.375353333333334,81.70475499999998,81.70475499999998 3.370381666666667,81.70476500000001,81.70476500000001 3.3654100000000002,81.70477666666666,81.70477666666666 3.3604350000000003,81.70479000000002,81.70479000000002 3.3554616666666663,81.70480333333333,81.70480333333333 3.3504916666666666,81.704815,81.704815 3.3455266666666668,81.70482666666666,81.70482666666666 3.3405650000000002,81.70483833333331,81.70483833333331 3.3356099999999995,81.70484666666665,81.70484666666665 3.3306583333333326,81.70485333333333,81.70485333333333 3.3257116666666673,81.70485833333333,81.70485833333333 3.3207649999999997,81.70486166666666,81.70486166666666 3.315818333333333,81.70486500000001,81.70486500000001 3.310871666666667,81.70486833333334,81.70486833333334 3.3059266666666662,81.70487,81.70487 3.3009833333333343,81.70487166666666,81.70487166666666 3.2960416666666665,81.70487166666666,81.70487166666666 3.2911049999999995,81.70487166666666,81.70487166666666 3.2861716666666667,81.70487166666666,81.70487166666666 3.2812433333333333,81.70487,81.70487 3.2763149999999994,81.70486833333334,81.70486833333334 3.2713849999999995,81.70486500000001,81.70486500000001 3.2664533333333328,81.70486166666666,81.70486166666666 3.2615216666666673,81.70485833333333,81.70485833333333 3.2565866666666663,81.704855,81.704855 3.2516499999999997,81.70485333333333,81.70485333333333 3.246711666666667,81.70485000000001,81.70485000000001 3.2417733333333327,81.70485000000001,81.70485000000001 3.2368316666666668,81.70485166666667,81.70485166666667 3.231888333333333,81.704855,81.704855 3.2269433333333337,81.70486,81.70486 3.221996666666666,81.70486666666667,81.70486666666667 3.217051666666667,81.70487499999999,81.70487499999999 3.212108333333333,81.704885,81.704885 3.2071666666666663,81.70489666666667,81.70489666666667 3.2022266666666663,81.70490833333334,81.70490833333334 3.1972866666666664,81.70492166666665,81.70492166666665 3.1923466666666664,81.704935,81.704935 3.1874050000000005,81.70494833333335,81.70494833333335 3.1824616666666667,81.70496333333334,81.70496333333334 3.177520000000001,81.70497833333334,81.70497833333334 3.172581666666666,81.70499333333333,81.70499333333333 3.167643333333334,81.70500666666668,81.70500666666668 3.1627083333333332,81.70501666666668,81.70501666666668 3.157771666666666,81.70502499999999,81.70502499999999 3.152835,81.70503,81.70503 3.147893333333333,81.70503166666668,81.70503166666668 3.1429500000000004,81.70502833333333,81.70502833333333 3.1380016666666664,81.70502333333334,81.70502333333334 3.133051666666667,81.70501333333333,81.70501333333333 3.128103333333333,81.70500333333332,81.70500333333332 3.123155,81.70499333333333,81.70499333333333 3.118208333333333,81.70498333333333,81.70498333333333 3.1132633333333333,81.70497333333333,81.70497333333333 3.1083199999999995,81.70496333333334,81.70496333333334 3.1033749999999998,81.70495333333334,81.70495333333334 3.0984266666666667,81.704945,81.704945 3.0934749999999998,81.704935,81.704935 3.088525,81.70492666666667,81.70492666666667 3.083575,81.70491999999999,81.70491999999999 3.0786233333333333,81.70491166666667,81.70491166666667 3.073671666666667,81.70490666666667,81.70490666666667 3.068718333333334,81.70490166666666,81.70490166666666 3.0637616666666663,81.70489833333333,81.70489833333333 3.0588050000000004,81.70489666666667,81.70489666666667 3.0538450000000004,81.70489666666667,81.70489666666667 3.048881666666667,81.70489666666667,81.70489666666667 3.043915,81.70489666666667,81.70489666666667 3.038945,81.70489833333333,81.70489833333333 3.033968333333333,81.7049,81.7049 3.028986666666666,81.7049,81.7049 3.0240016666666665,81.70490166666666,81.70490166666666 3.01901,81.70490333333335,81.70490333333335 3.0140149999999997,81.70490499999998,81.70490499999998 3.0090166666666667,81.70490833333334,81.70490833333334 3.0040150000000003,81.70491,81.70491 2.9990083333333333,81.70491166666667,81.70491166666667 2.993998333333333,81.70491166666667,81.70491166666667 2.988986666666667,81.70491333333332,81.70491333333332 2.9839716666666667,81.70491333333332,81.70491333333332 2.978956666666666,81.704915,81.704915 2.9739416666666667,81.70491666666666,81.70491666666666 2.968928333333333,81.70491666666666,81.70491666666666 2.9639150000000005,81.70491999999999,81.70491999999999 2.9589049999999997,81.70492166666665,81.70492166666665 2.953896666666666,81.704925,81.704925 2.948891666666666,81.70492833333333,81.70492833333333 2.9438883333333337,81.70493333333334,81.70493333333334 2.93889,81.70493833333333,81.70493833333333 2.933895,81.704945,81.704945 2.928903333333333,81.70495166666667,81.70495166666667 2.9239150000000005,81.70495833333332,81.70495833333332 2.918926666666667,81.70496833333333,81.70496833333333 2.9139416666666667,81.70497666666665,81.70497666666665 2.9089549999999997,81.70498833333332,81.70498833333332 2.9039716666666666,81.70499833333334,81.70499833333334 2.8989900000000004,81.70500833333334,81.70500833333334 2.8940099999999997,81.70501666666668,81.70501666666668 2.8890333333333333,81.70502166666667,81.70502166666667 2.884056666666667,81.70502333333334,81.70502333333334 2.87908,81.70502333333334,81.70502333333334 2.8741033333333337,81.70501833333334,81.70501833333334 2.8691266666666673,81.70501333333333,81.70501333333333 2.864148333333333,81.70500833333334,81.70500833333334 2.859166666666667,81.70500333333332,81.70500333333332 2.854181666666667,81.70499833333334,81.70499833333334 2.8491933333333335,81.704995,81.704995 2.8442016666666663,81.70499000000001,81.70499000000001 2.8392066666666667,81.704985,81.704985 2.8342083333333337,81.70498166666667,81.70498166666667 2.8292049999999995,81.70497666666665,81.70497666666665 2.8242000000000003,81.70497166666667,81.70497166666667 2.819188333333333,81.70496666666666,81.70496666666666 2.8141733333333336,81.70496166666668,81.70496166666668 2.8091533333333336,81.70495666666669,81.70495666666669 2.80413,81.70495166666667,81.70495166666667 2.799103333333333,81.70494666666666,81.70494666666666 2.794075,81.70494333333333,81.70494333333333 2.789041666666667,81.70493833333333,81.70493833333333 2.7840050000000005,81.704935,81.704935 2.7789649999999995,81.70493166666668,81.70493166666668 2.773921666666667,81.70492666666667,81.70492666666667 2.768873333333333,81.70492333333334,81.70492333333334 2.7638216666666664,81.70492166666665,81.70492166666665 2.758766666666667,81.70491833333332,81.70491833333332 2.753706666666666,81.70491666666666,81.70491666666666 2.7486450000000002,81.704915,81.704915 2.7435816666666666,81.704915,81.704915 2.7385166666666665,81.704915,81.704915 2.7334533333333337,81.70491666666666,81.70491666666666 2.7283899999999996,81.70491833333332,81.70491833333332 2.72333,81.70491999999999,81.70491999999999 2.718271666666667,81.70492333333334,81.70492333333334 2.7132150000000004,81.70492666666667,81.70492666666667 2.7081633333333337,81.70492999999999,81.70492999999999 2.7031183333333333,81.70493333333334,81.70493333333334 2.69808,81.70493666666667,81.70493666666667 2.6930483333333335,81.70494166666667,81.70494166666667 2.6880216666666663,81.70494666666666,81.70494666666666 2.683003333333333,81.70495166666667,81.70495166666667 2.6779899999999994,81.70495333333334,81.70495333333334 2.6729833333333333,81.70495333333334,81.70495333333334 2.667981666666667,81.70494999999998,81.70494999999998 2.6629883333333333,81.70494666666666,81.70494666666666 2.6580016666666664,81.70493833333333,81.70493833333333 2.6530233333333335,81.70492999999999,81.70492999999999 2.64805,81.70491999999999,81.70491999999999 2.6430816666666663,81.70491,81.70491 2.6381216666666667,81.7049,81.7049 2.6331683333333338,81.70488999999999,81.70488999999999 2.6282216666666662,81.70487833333334,81.70487833333334 2.623283333333333,81.70486666666667,81.70486666666667 2.618351666666667,81.70485666666667,81.70485666666667 2.6134283333333332,81.70484666666665,81.70484666666665 2.608511666666667,81.70483833333331,81.70483833333331 2.6035983333333337,81.70482999999999,81.70482999999999 2.5986866666666666,81.70482333333334,81.70482333333334 2.5937766666666664,81.70481833333332,81.70481833333332 2.5888666666666666,81.70481333333333,81.70481333333333 2.5839583333333334,81.70480833333332,81.70480833333332 2.5790516666666665,81.704805,81.704805 2.5741449999999997,81.70480166666667,81.70480166666667 2.5692383333333337,81.70479666666667,81.70479666666667 2.5643316666666673,81.70479333333334,81.70479333333334 2.559423333333333,81.70478833333333,81.70478833333333 2.554513333333334,81.70478333333334,81.70478333333334 2.5496016666666668,81.70477999999999,81.70477999999999 2.5446849999999994,81.704775,81.704775 2.5397666666666665,81.70477,81.70477 2.5348433333333333,81.70476500000001,81.70476500000001 2.529915,81.70476166666668,81.70476166666668 2.5249816666666662,81.70475666666667,81.70475666666667 2.5200416666666663,81.70475333333334,81.70475333333334 2.5150916666666663,81.70474999999999,81.70474999999999 2.5101350000000004,81.70474833333333,81.70474833333333 2.50517,81.70474666666667,81.70474666666667 2.5002000000000004,81.70474833333333,81.70474833333333 2.495228333333333,81.70474833333333,81.70474833333333 2.4902550000000003,81.70475166666665,81.70475166666665 2.4852783333333335,81.70475333333334,81.70475333333334 2.480301666666666,81.70475666666667,81.70475666666667 2.4753249999999998,81.70476,81.70476 2.4703483333333334,81.70476500000001,81.70476500000001 2.4653750000000003,81.70476833333333,81.70476833333333 2.4604033333333333,81.70477,81.70477 2.4554333333333336,81.70476833333333,81.70476833333333 2.450465,81.70476666666667,81.70476666666667 2.445498333333333,81.70476166666668,81.70476166666668 2.4405316666666668,81.70475333333334,81.70475333333334 2.435563333333334,81.704745,81.704745 2.4305966666666663,81.70473500000001,81.70473500000001 2.4256283333333335,81.70472333333335,81.70472333333335 2.4206600000000003,81.70471500000001,81.70471500000001 2.4156933333333335,81.70470499999999,81.70470499999999 2.410725,81.70469499999999,81.70469499999999 2.405756666666667,81.70468666666667,81.70468666666667 2.400785,81.70467833333335,81.70467833333335 2.395811666666667,81.70467000000001,81.70467000000001 2.3908366666666665,81.70466166666667,81.70466166666667 2.3858566666666663,81.70465166666668,81.70465166666668 2.3808749999999996,81.70464333333334,81.70464333333334 2.3758933333333334,81.70463333333333,81.70463333333333 2.37091,81.70462333333334,81.70462333333334 2.36593,81.70461333333331,81.70461333333331 2.360951666666667,81.70460333333334,81.70460333333334 2.3559733333333335,81.70459333333332,81.70459333333332 2.3509983333333335,81.70458500000001,81.70458500000001 2.346025,81.704575,81.704575 2.3410533333333334,81.70456500000002,81.70456500000002 2.336085,81.70455666666668,81.70455666666668 2.3311183333333334,81.70454666666666,81.70454666666666 2.326153333333333,81.70453833333332,81.70453833333332 2.32119,81.70452666666665,81.70452666666665 2.3162266666666667,81.704515,81.704515 2.3112633333333337,81.70450333333334,81.70450333333334 2.3062983333333333,81.70449,81.70449 2.3013316666666666,81.70447666666666,81.70447666666666 2.29636,81.70446333333332,81.70446333333332 2.2913866666666673,81.70444833333333,81.70444833333333 2.2864066666666667,81.70443333333333,81.70443333333333 2.28142,81.70441833333334,81.70441833333334 2.276428333333333,81.70440166666667,81.70440166666667 2.27143,81.70438666666668,81.70438666666668 2.266425,81.70437000000001,81.70437000000001 2.2614133333333335,81.70435166666667,81.70435166666667 2.2563933333333335,81.70433333333334,81.70433333333334 2.2513683333333336,81.70431666666667,81.70431666666667 2.2463383333333335,81.70429833333333,81.70429833333333 2.2413049999999997,81.70428166666669,81.70428166666669 2.2362699999999998,81.704265,81.704265 2.231235,81.70424833333334,81.70424833333334 2.226201666666667,81.70423333333333,81.70423333333333 2.221166666666667,81.70421833333332,81.70421833333332 2.2161349999999995,81.70420333333334,81.70420333333334 2.2111050000000003,81.70418833333332,81.70418833333332 2.2060800000000005,81.704175,81.704175 2.2010583333333336,81.70416166666668,81.70416166666668 2.1960433333333333,81.70415,81.70415 2.1910350000000003,81.70413666666667,81.70413666666667 2.186035,81.704125,81.704125 2.181043333333333,81.70411333333332,81.70411333333332 2.176058333333333,81.70410166666666,81.70410166666666 2.171081666666667,81.70409000000001,81.70409000000001 2.166111666666667,81.70407666666665,81.70407666666665 2.1611483333333332,81.70406333333334,81.70406333333334 2.1561899999999996,81.70404833333335,81.70404833333335 2.151238333333333,81.70403333333334,81.70403333333334 2.146293333333333,81.70401833333332,81.70401833333332 2.141351666666667,81.70400333333335,81.70400333333335 2.136416666666667,81.70398666666667,81.70398666666667 2.131485,81.70397166666666,81.70397166666666 2.12656,81.70395666666667,81.70395666666667 2.121636666666667,81.70394,81.70394 2.1167166666666666,81.703925,81.703925 2.1117966666666668,81.70391000000001,81.70391000000001 2.1068749999999996,81.70389666666667,81.70389666666667 2.1019499999999995,81.70388333333334,81.70388333333334 2.0970233333333335,81.70387166666666,81.70387166666666 2.0920916666666662,81.70386333333332,81.70386333333332 2.0871566666666665,81.70385666666667,81.70385666666667 2.0822183333333335,81.70385166666665,81.70385166666665 2.0772766666666667,81.70384666666666,81.70384666666666 2.0723350000000003,81.70384166666666,81.70384166666666 2.0673916666666665,81.70383500000001,81.70383500000001 2.0624483333333337,81.70382833333333,81.70382833333333 2.057506666666667,81.70382333333335,81.70382333333335 2.052565,81.70381666666667,81.70381666666667 2.047625,81.70381166666667,81.70381166666667 2.042685,81.70380499999999,81.70380499999999 2.037748333333333,81.70379833333334,81.70379833333334 2.032811666666667,81.70379,81.70379 2.02788,81.70378166666667,81.70378166666667 2.0229500000000002,81.70377333333333,81.70377333333333 2.018021666666667,81.70376333333333,81.70376333333333 2.013098333333333,81.70375333333334,81.70375333333334 2.008176666666667,81.703745,81.703745 2.0032583333333336,81.703735,81.703735 1.9983433333333331,81.70372666666667,81.70372666666667 1.99343,81.70371833333333,81.70371833333333 1.9885200000000003,81.70370999999999,81.70370999999999 1.983613333333333,81.70370166666666,81.70370166666666 1.97871,81.70369333333332,81.70369333333332 1.9738083333333336,81.70368666666667,81.70368666666667 1.9689100000000002,81.70367833333333,81.70367833333333 1.9640149999999998,81.70367166666666,81.70367166666666 1.9591233333333333,81.70366500000002,81.70366500000002 1.954235,81.70365833333334,81.70365833333334 1.9493483333333335,81.70365,81.70365 1.9444616666666663,81.70364333333333,81.70364333333333 1.9395766666666665,81.70363499999999,81.70363499999999 1.934695,81.70362666666665,81.70362666666665 1.9298133333333336,81.70361833333332,81.70361833333332 1.9249333333333336,81.70361000000001,81.70361000000001 1.9200516666666667,81.70360166666667,81.70360166666667 1.9151716666666667,81.70359333333333,81.70359333333333 1.9102916666666667,81.703585,81.703585 1.9054116666666667,81.703575,81.703575 1.9005316666666667,81.70356666666666,81.70356666666666 1.895651666666667,81.70355666666667,81.70355666666667 1.890771666666667,81.70354666666667,81.70354666666667 1.8858899999999998,81.703535,81.703535 1.8810083333333334,81.70352333333335,81.70352333333335 1.8761233333333334,81.70351,81.70351 1.8712350000000002,81.70349500000002,81.70349500000002 1.8663450000000001,81.70347833333334,81.70347833333334 1.8614516666666665,81.70346,81.70346 1.8565533333333335,81.70344166666668,81.70344166666668 1.8516516666666667,81.70342166666666,81.70342166666666 1.8467449999999999,81.70339999999999,81.70339999999999 1.8418366666666666,81.70337833333333,81.70337833333333 1.836925,81.70335666666668,81.70335666666668 1.8320149999999997,81.703335,81.703335 1.827105,81.70331333333333,81.70331333333333 1.8221966666666667,81.70329166666667,81.70329166666667 1.8172916666666667,81.70327166666665,81.70327166666665 1.8123883333333333,81.70325166666666,81.70325166666666 1.8074833333333333,81.70323166666668,81.70323166666668 1.8025783333333334,81.70321166666666,81.70321166666666 1.79767,81.70319166666667,81.70319166666667 1.7927616666666668,81.70317166666666,81.70317166666666 1.7878533333333333,81.70315166666667,81.70315166666667 1.7829483333333336,81.70312999999999,81.70312999999999 1.778045,81.70310666666667,81.70310666666667 1.773145,81.70308333333334,81.70308333333334 1.7682499999999999,81.70306166666666,81.70306166666666 1.7633583333333336,81.70303833333334,81.70303833333334 1.75847,81.70301666666666,81.70301666666666 1.7535866666666668,81.702995,81.702995 1.7487066666666666,81.70297333333333,81.70297333333333 1.7438299999999998,81.70295333333334,81.70295333333334 1.7389583333333336,81.70293333333335,81.70293333333335 1.7340899999999997,81.702915,81.702915 1.7292283333333334,81.70289500000001,81.70289500000001 1.7243716666666666,81.70287666666665,81.70287666666665 1.7195216666666666,81.70285833333334,81.70285833333334 1.7146783333333333,81.70283833333332,81.70283833333332 1.7098399999999998,81.70281833333333,81.70281833333333 1.7050066666666666,81.70279666666667,81.70279666666667 1.7001816666666665,81.702775,81.702775 1.69536,81.70275166666666,81.70275166666666 1.6905466666666662,81.70272666666665,81.70272666666665 1.6857383333333331,81.70270333333333,81.70270333333333 1.6809366666666667,81.70267833333335,81.70267833333335 1.6761433333333333,81.70265166666665,81.70265166666665 1.6713616666666666,81.70262333333335,81.70262333333335 1.6665866666666669,81.70259333333333,81.70259333333333 1.661821666666667,81.70256166666667,81.70256166666667 1.657066666666667,81.70252666666666,81.70252666666666 1.6523183333333336,81.70249166666667,81.70249166666667 1.6475783333333331,81.70245499999999,81.70245499999999 1.6428449999999997,81.70241833333331,81.70241833333331 1.6381166666666669,81.70237999999999,81.70237999999999 1.63339,81.70234166666668,81.70234166666668 1.6286633333333334,81.7023,81.7023 1.62393,81.70225666666668,81.70225666666668 1.6191883333333332,81.702215,81.702215 1.6144366666666663,81.70217333333335,81.70217333333335 1.6096733333333333,81.70213166666666,81.70213166666666 1.6049016666666667,81.70209333333334,81.70209333333334 1.6001233333333333,81.70205666666666,81.70205666666666 1.5953383333333337,81.702025,81.702025 1.5905483333333332,81.702,81.702 1.585755,81.70197833333334,81.70197833333334 1.5809600000000001,81.70196333333332,81.70196333333332 1.5761633333333331,81.701955,81.701955 1.571366666666667,81.70195166666667,81.70195166666667 1.5665733333333334,81.70195333333334,81.70195333333334 1.5617833333333333,81.70196,81.70196 1.5569983333333335,81.70197333333333,81.70197333333333 1.5522183333333333,81.70198833333333,81.70198833333333 1.5474450000000002,81.70200666666668,81.70200666666668 1.5426766666666665,81.702025,81.702025 1.537915,81.70204333333332,81.70204333333332 1.5331533333333334,81.70206166666668,81.70206166666668 1.5283933333333333,81.70207833333335,81.70207833333335 1.5236300000000003,81.70209166666667,81.70209166666667 1.5188633333333335,81.70210499999999,81.70210499999999 1.5140916666666664,81.70211499999999,81.70211499999999 1.5093133333333333,81.702125,81.702125 1.5045283333333335,81.70213333333332,81.70213333333332 1.499735,81.70214166666666,81.70214166666666 1.4949366666666666,81.70214666666668,81.70214666666668 1.490131666666667,81.70215166666667,81.70215166666667 1.4853233333333336,81.70215499999999,81.70215499999999 1.4805150000000002,81.70215999999999,81.70215999999999 1.4757050000000003,81.70216500000001,81.70216500000001 1.4708983333333332,81.70217,81.70217 1.4660966666666666,81.70217666666667,81.70217666666667 1.4612983333333331,81.70218333333334,81.70218333333334 1.4565083333333333,81.70218999999999,81.70218999999999 1.4517216666666668,81.702195,81.702195 1.4469400000000001,81.70219999999999,81.70219999999999 1.4421633333333332,81.70220333333334,81.70220333333334 1.4373866666666668,81.70220333333334,81.70220333333334 1.4326083333333335,81.70220166666665,81.70220166666665 1.4278316666666666,81.70219833333333,81.70219833333333 1.4230516666666666,81.70219166666668,81.70219166666668 1.41827,81.702185,81.702185 1.413488333333333,81.70217666666667,81.70217666666667 1.4087016666666665,81.70216666666667,81.70216666666667 1.40391,81.70215666666667,81.70215666666667 1.3991099999999999,81.70214666666668,81.70214666666668 1.3942983333333332,81.70213666666668,81.70213666666668 1.3894749999999998,81.70212833333333,81.70212833333333 1.3846433333333332,81.70211666666668,81.70211666666668 1.3798033333333335,81.70210166666666,81.70210166666666 1.374963333333333,81.70208166666667,81.70208166666667 1.370125,81.70206166666668,81.70206166666668 1.365295,81.70203833333333,81.70203833333333 1.360475,81.70201166666668,81.70201166666668 1.3556666666666668,81.70198333333333,81.70198333333333 1.3508700000000002,81.70195166666667,81.70195166666667 1.346085,81.70192000000002,81.70192000000002 1.3413099999999998,81.701885,81.701885 1.3365449999999999,81.70185166666666,81.70185166666666 1.33179,81.70181666666667,81.70181666666667 1.3270466666666667,81.70178166666668,81.70178166666668 1.3223133333333335,81.70174666666666,81.70174666666666 1.3175883333333331,81.70171333333332,81.70171333333332 1.3128716666666669,81.70168166666666,81.70168166666666 1.30816,81.70165,81.70165 1.3034549999999998,81.70162,81.70162 1.2987516666666667,81.70159,81.70159 1.2940533333333333,81.70156,81.70156 1.2893566666666665,81.70153,81.70153 1.2846616666666668,81.70150000000001,81.70150000000001 1.2799666666666667,81.70147166666668,81.70147166666668 1.2752700000000001,81.70144166666668,81.70144166666668 1.2705733333333333,81.70141166666669,81.70141166666669 1.2658733333333334,81.70138333333333,81.70138333333333 1.26117,81.70135666666668,81.70135666666668 1.2564666666666666,81.70132833333335,81.70132833333335 1.2517599999999998,81.70130333333334,81.70130333333334 1.2470533333333331,81.70127833333333,81.70127833333333 1.2423433333333331,81.701255,81.701255 1.2376316666666667,81.70123166666666,81.70123166666666 1.2329166666666667,81.70121,81.70121 1.2281966666666668,81.70118666666669,81.70118666666669 1.2234716666666665,81.70116666666667,81.70116666666667 1.21874,81.701145,81.701145 1.214005,81.701125,81.701125 1.2092666666666665,81.70110500000001,81.70110500000001 1.2045266666666667,81.70108499999999,81.70108499999999 1.1997833333333332,81.70106666666668,81.70106666666668 1.1950366666666665,81.70104833333335,81.70104833333335 1.190285,81.70103,81.70103 1.1855266666666666,81.701015,81.701015 1.1807616666666667,81.70100333333333,81.70100333333333 1.175985,81.70099666666667,81.70099666666667 1.1712016666666665,81.70099666666667,81.70099666666667 1.1664100000000002,81.70100000000001,81.70100000000001 1.1616166666666667,81.70100999999998,81.70100999999998 1.156825,81.70102166666668,81.70102166666668 1.1520316666666666,81.70103666666668,81.70103666666668 1.14724,81.70105833333334,81.70105833333334 1.1424483333333333,81.70108666666667,81.70108666666667 1.1376600000000001,81.701125,81.701125 1.1328783333333334,81.70117,81.70117 1.1281099999999997,81.70122833333333,81.70122833333333 1.1233633333333333,81.70129833333333,81.70129833333333 1.1186433333333332,81.70138166666666,81.70138166666666 1.113955,81.70148333333333,81.70148333333333 1.1093016666666664,81.70159999999998,81.70159999999998 1.1046900000000002,81.70173833333332,81.70173833333332 1.1001316666666667,81.70189666666667,81.70189666666667 1.0956316666666668,81.70207833333335,81.70207833333335 1.091195,81.70228166666666,81.70228166666666 1.0868216666666666,81.70250666666666,81.70250666666666 1.0825166666666666,81.70275333333335,81.70275333333335 1.0782816666666668,81.703025,81.703025 1.0741199999999997,81.70331666666665,81.70331666666665 1.0700316666666667,81.70363,81.70363 1.06602,81.70396166666666,81.70396166666666 1.0620933333333333,81.70431500000001,81.70431500000001 1.0582566666666666,81.70468666666667,81.70468666666667 1.0545066666666665,81.70507666666667,81.70507666666667 1.050845,81.70548333333332,81.70548333333332 1.0472783333333333,81.70590666666668,81.70590666666668 1.0438166666666668,81.70634833333334,81.70634833333334 1.0404633333333333,81.70680499999999,81.70680499999999 1.0372183333333331,81.70727833333333,81.70727833333333 1.034085,81.70776333333332,81.70776333333332 1.0310716666666666,81.708265,81.708265 1.0281883333333333,81.70878,81.70878 1.0254500000000002,81.70931166666665,81.70931166666665 1.0228716666666666,81.70986,81.70986 1.0204699999999998,81.71042333333334,81.71042333333334 1.0182433333333332,81.71100333333334,81.71100333333334 1.0161933333333335,81.711595,81.711595 1.0143283333333333,81.71219833333333,81.71219833333333 1.012651666666667,81.71281333333334,81.71281333333334 1.0111516666666667,81.71344,81.71344 1.0098350000000003,81.71407333333333,81.71407333333333 1.0087066666666669,81.71471666666667,81.71471666666667 1.0077483333333332,81.715365,81.715365 1.00693,81.71601666666666,81.71601666666666 1.006235,81.71667333333333,81.71667333333333 1.005646666666667,81.71733333333334,81.71733333333334 1.0051666666666668,81.717995,81.717995 1.00479,81.71865833333334,81.71865833333334 1.0045116666666667,81.719325,81.719325 1.0043349999999998,81.719995,81.719995 1.004245,81.72066333333335,81.72066333333335 1.0042133333333332,81.72133000000001,81.72133000000001 1.0042116666666665,81.72199666666667,81.72199666666667 1.0042183333333334,81.72265999999999,81.72265999999999 1.0042116666666665,81.72332166666666,81.72332166666666 1.0041849999999999,81.72398166666666,81.72398166666666 1.0041416666666667,81.72464,81.72464 1.0040833333333334,81.72529833333334,81.72529833333334 1.0040133333333332,81.72595666666668,81.72595666666668 1.0039166666666668,81.726615,81.726615 1.003785,81.72727333333333,81.72727333333333 1.0036083333333332,81.72793166666666,81.72793166666666 1.0033866666666666,81.72859000000001,81.72859000000001 1.0031266666666667,81.72924833333335,81.72924833333335 1.0028316666666666,81.72990666666666,81.72990666666666 1.0025249999999999,81.730565,81.730565 1.0021749999999998,81.73122666666667,81.73122666666667 1.0018216666666666,81.73189000000002,81.73189000000002 1.0014983333333334,81.73255499999999,81.73255499999999 1.0012433333333335,81.73322499999999,81.73322499999999 1.0010766666666666,81.73389666666667,81.73389666666667 1.0010083333333333,81.73457,81.73457 1.0010316666666665,81.73524333333334,81.73524333333334 1.001125,81.73591833333334,81.73591833333334 1.00126,81.73659166666665,81.73659166666665 1.0014200000000002,81.737265,81.737265 1.0015949999999998,81.73793500000001,81.73793500000001 1.0017749999999999,81.73860499999999,81.73860499999999 1.0019683333333331,81.73927333333333,81.73927333333333 1.0021683333333333,81.73994166666665,81.73994166666665 1.0023516666666668,81.74060833333334,81.74060833333334 1.0025016666666666,81.741275,81.741275 1.0026283333333337,81.74194166666668,81.74194166666668 1.0027383333333335,81.74260833333334,81.74260833333334 1.0028166666666667,81.743275,81.743275 1.002855,81.74394333333333,81.74394333333333 1.0028500000000002,81.74461333333335,81.74461333333335 1.0028050000000002,81.74528333333333,81.74528333333333 1.0027183333333332,81.74595666666667,81.74595666666667 1.002585,81.74663000000001,81.74663000000001 1.0024166666666665,81.74730500000001,81.74730500000001 1.0022183333333332,81.74798000000001,81.74798000000001 1.0019949999999997,81.74865666666665,81.74865666666665 1.00176,81.74933166666665,81.74933166666665 1.0015166666666666,81.75000833333334,81.75000833333334 1.0012683333333334,81.750685,81.750685 1.00103,81.75136333333333,81.75136333333333 1.0008133333333333,81.75204333333332,81.75204333333332 1.0006316666666666,81.75272333333334,81.75272333333334 1.0004933333333335,81.75340666666666,81.75340666666666 1.0004016666666666,81.75409166666667,81.75409166666667 1.0003399999999998,81.75477666666667,81.75477666666667 1.0002950000000002,81.75546333333332,81.75546333333332 1.000265,81.75614999999999,81.75614999999999 1.0002583333333335,81.756835,81.756835 1.000265,81.75752000000001,81.75752000000001 1.0002833333333334,81.75820333333333,81.75820333333333 1.0003133333333334,81.758885,81.758885 1.0003483333333332,81.75956666666666,81.75956666666666 1.0003883333333337,81.76024833333332,81.76024833333332 1.0004283333333333,81.76092833333334,81.76092833333334 1.0004683333333333,81.76160666666667,81.76160666666667 1.0005066666666669,81.76228500000002,81.76228500000002 1.000535,81.76296333333335,81.76296333333335 1.0005466666666665,81.76364166666667,81.76364166666667 1.0005483333333334,81.76431833333334,81.76431833333334 1.0005516666666667,81.764995,81.764995 1.0005549999999999,81.76567166666668,81.76567166666668 1.0005583333333332,81.76635,81.76635 1.0005633333333332,81.76702833333333,81.76702833333333 1.0005700000000002,81.76770499999999,81.76770499999999 1.00058,81.76838166666666,81.76838166666666 1.0005883333333334,81.76905833333332,81.76905833333332 1.0005933333333334,81.76973333333332,81.76973333333332 1.0005950000000003,81.77040833333332,81.77040833333332 1.000586666666667,81.77108166666666,81.77108166666666 1.0005633333333332,81.771755,81.771755 1.0005316666666666,81.77242833333334,81.77242833333334 1.0005,81.77310000000001,81.77310000000001 1.0004683333333333,81.77377000000001,81.77377000000001 1.0004350000000002,81.77444,81.77444 1.000398333333333,81.77510999999998,81.77510999999998 1.0003633333333335,81.77577833333334,81.77577833333334 1.0003300000000002,81.77644666666667,81.77644666666667 1.0002950000000002,81.777115,81.777115 1.00025,81.77778333333335,81.77778333333335 1.0001999999999998,81.77845166666665,81.77845166666665 1.0001483333333334,81.77912,81.77912 1.0000966666666664,81.77978999999999,81.77978999999999 1.00004,81.78046166666667,81.78046166666667 0.9999783333333335,81.781135,81.781135 0.9999116666666666,81.78181000000001,81.78181000000001 0.9998483333333333,81.78248666666667,81.78248666666667 0.9997983333333333,81.783165,81.783165 0.99977,81.78384500000001,81.78384500000001 0.9997633333333333,81.78452666666666,81.78452666666666 0.9997800000000001,81.78520999999999,81.78520999999999 0.9998233333333334,81.78589666666666,81.78589666666666 0.9998883333333332,81.78658333333333,81.78658333333333 0.9999666666666666,81.78727166666667,81.78727166666667 1.0000533333333335,81.78796000000001,81.78796000000001 1.0001433333333334,81.78865,81.78865 1.0002316666666669,81.78934,81.78934 1.000315,81.79003,81.79003 1.0003933333333335,81.79071833333334,81.79071833333334 1.0004683333333333,81.79140833333334,81.79140833333334 1.000533333333333,81.79209666666667,81.79209666666667 1.0005833333333334,81.79278333333332,81.79278333333332 1.0006116666666667,81.79346999999999,81.79346999999999 1.0006266666666666,81.79415666666667,81.79415666666667 1.0006366666666668,81.79484166666667,81.79484166666667 1.00064,81.79552666666667,81.79552666666667 1.0006266666666666,81.79621166666666,81.79621166666666 1.0006,81.796895,81.796895 1.0005733333333335,81.79757666666666,81.79757666666666 1.0005483333333334,81.79825833333334,81.79825833333334 1.0005216666666668,81.79893999999999,81.79893999999999 1.0004816666666667,81.79961833333333,81.79961833333333 1.0004366666666666,81.80029833333332,81.80029833333332 1.0003933333333335,81.80097666666667,81.80097666666667 1.00035,81.801655,81.801655 1.000305,81.80233333333335,81.80233333333335 1.0002566666666666,81.80300999999999,81.80300999999999 1.000215,81.80368666666668,81.80368666666668 1.0001849999999999,81.80436333333334,81.80436333333334 1.0001600000000002,81.80504,81.80504 1.0001383333333334,81.805715,81.805715 1.0001266666666666,81.80639166666667,81.80639166666667 1.0001249999999997,81.80706500000001,81.80706500000001 1.000133333333333,81.80774000000001,81.80774000000001 1.0001499999999999,81.80841333333332,81.80841333333332 1.00018,81.80908666666666,81.80908666666666 1.000225,81.80976,81.80976 1.0002849999999999,81.81043333333334,81.81043333333334 1.000355,81.81110499999998,81.81110499999998 1.0004333333333333,81.81177666666666,81.81177666666666 1.0005216666666668,81.81244833333334,81.81244833333334 1.0006049999999997,81.81312,81.81312 1.0006783333333333,81.81379166666667,81.81379166666667 1.0007483333333331,81.81446166666666,81.81446166666666 1.000815,81.81513333333334,81.81513333333334 1.00087,81.81580333333332,81.81580333333332 1.00091,81.816475,81.816475 1.0009416666666666,81.81714666666667,81.81714666666667 1.0009700000000001,81.81781833333334,81.81781833333334 1.0009933333333334,81.81849000000001,81.81849000000001 1.001005,81.81916,81.81916 1.0010066666666668,81.81983166666667,81.81983166666667 1.0009983333333334,81.82050333333332,81.82050333333332 1.0009783333333335,81.821175,81.821175 1.0009466666666664,81.82184666666667,81.82184666666667 1.00091,81.82252,81.82252 1.0008716666666668,81.82319166666667,81.82319166666667 1.0008333333333332,81.82386499999998,81.82386499999998 1.0007983333333332,81.82453833333335,81.82453833333335 1.0007683333333335,81.82521333333335,81.82521333333335 1.0007450000000002,81.82588833333332,81.82588833333332 1.0007283333333334,81.82656333333333,81.82656333333333 1.000716666666667,81.82723999999999,81.82723999999999 1.00071,81.82791833333334,81.82791833333334 1.000716666666667,81.82859833333333,81.82859833333333 1.0007416666666666,81.82927833333333,81.82927833333333 1.0007816666666665,81.82995999999999,81.82995999999999 1.0008249999999999,81.83064333333333,81.83064333333333 1.000865,81.83132833333335,81.83132833333335 1.0009066666666668,81.83201333333332,81.83201333333332 1.0009566666666667,81.83270000000002,81.83270000000002 1.001005,81.83338666666667,81.83338666666667 1.0010516666666667,81.834075,81.834075 1.0010966666666667,81.83476333333333,81.83476333333333 1.0011466666666666,81.83545000000001,81.83545000000001 1.0012033333333332,81.83613666666668,81.83613666666668 1.0012649999999998,81.83682333333333,81.83682333333333 1.0013316666666667,81.83750833333333,81.83750833333333 1.0014016666666667,81.83819333333334,81.83819333333334 1.0014750000000001,81.83887666666666,81.83887666666666 1.0015533333333333,81.83955833333331,81.83955833333331 1.0016350000000003,81.84024,81.84024 1.0017166666666664,81.84092000000001,81.84092000000001 1.0018016666666665,81.8416,81.8416 1.001885,81.84227833333333,81.84227833333333 1.0019683333333331,81.84295833333333,81.84295833333333 1.0020466666666668,81.84364000000001,81.84364000000001 1.0021216666666668,81.84432166666669,81.84432166666669 1.0021916666666666,81.84500666666666,81.84500666666666 1.0022566666666668,81.84569333333334,81.84569333333334 1.00232,81.84638333333334,81.84638333333334 1.0023849999999999,81.847075,81.847075 1.0024483333333332,81.84776833333333,81.84776833333333 1.0025133333333334,81.84846333333334,81.84846333333334 1.0025866666666667,81.84916,81.84916 1.0026666666666668,81.84985833333334,81.84985833333334 1.0027500000000003,81.85055666666666,81.85055666666666 1.002835,81.85125500000001,81.85125500000001 1.00292,81.85195166666668,81.85195166666668 1.0030033333333335,81.85264500000001,81.85264500000001 1.0030866666666667,81.853335,81.853335 1.0031700000000001,81.85402166666665,81.85402166666665 1.0032483333333333,81.85470333333333,81.85470333333333 1.0033283333333334,81.85538,81.85538 1.003405,81.856055,81.856055 1.0034766666666668,81.85672666666665,81.85672666666665 1.003541666666667,81.857395,81.857395 1.0035999999999998,81.85806166666667,81.85806166666667 1.0036483333333333,81.85872833333333,81.85872833333333 1.003685,81.85939333333333,81.85939333333333 1.0037133333333335,81.86005833333334,81.86005833333334 1.0037383333333334,81.86072333333334,81.86072333333334 1.003765,81.86138833333332,81.86138833333332 1.0037950000000002,81.86205333333335,81.86205333333335 1.0038283333333333,81.86272000000001,81.86272000000001 1.00386,81.86338833333333,81.86338833333333 1.003895,81.86405500000001,81.86405500000001 1.00394,81.86472166666667,81.86472166666667 1.0040050000000003,81.86538999999999,81.86538999999999 1.00408,81.86605666666667,81.86605666666667 1.0041533333333332,81.86672333333333,81.86672333333333 1.0042316666666669,81.86738999999999,81.86738999999999 1.0043166666666667,81.86805666666667,81.86805666666667 1.0044083333333333,81.86872499999998,81.86872499999998 1.0045033333333333,81.869395,81.869395 1.0045900000000003,81.87006500000001,81.87006500000001 1.0046683333333335,81.87073666666666,81.87073666666666 1.0047400000000002,81.87140833333333,81.87140833333333 1.004795,81.87208166666666,81.87208166666666 1.0048233333333332,81.87275333333334,81.87275333333334 1.0048233333333332,81.87342500000001,81.87342500000001 1.004798333333333,81.87409833333332,81.87409833333332 1.0047416666666666,81.87476833333334,81.87476833333334 1.0046466666666667,81.87543833333335,81.87543833333335 1.0045116666666667,81.87610833333333,81.87610833333333 1.0043433333333331,81.87677500000001,81.87677500000001 1.0041516666666668,81.87744166666667,81.87744166666667 1.0039383333333332,81.87810666666665,81.87810666666665 1.0037083333333332,81.87877166666668,81.87877166666668 1.0034700000000003,81.87943499999999,81.87943499999999 1.003245,81.88009833333334,81.88009833333334 1.003045,81.88076166666667,81.88076166666667 1.0028683333333335,81.88142666666666,81.88142666666666 1.0027216666666667,81.88209166666668,81.88209166666668 1.0025983333333335,81.88275666666665,81.88275666666665 1.0024933333333337,81.88342,81.88342 1.0024033333333333,81.884085,81.884085 1.0023216666666666,81.88475,81.88475 1.0022416666666665,81.88541333333332,81.88541333333332 1.00215,81.88607666666665,81.88607666666665 1.0020433333333332,81.88674,81.88674 1.0019066666666667,81.88740333333334,81.88740333333334 1.0017366666666667,81.88806833333334,81.88806833333334 1.0015283333333334,81.88873166666669,81.88873166666669 1.0012883333333331,81.889395,81.889395 1.0010183333333331,81.89006166666667,81.89006166666667 1.000716666666667,81.89072666666667,81.89072666666667 1.000385,81.89139333333333,81.89139333333333 1.0000433333333334,81.89206,81.89206 0.9997133333333333,81.89272833333332,81.89272833333332 0.9994183333333333,81.89339833333334,81.89339833333334 0.9991583333333334,81.89406833333335,81.89406833333335 0.9989183333333334,81.89474,81.89474 0.9986799999999999,81.89541333333334,81.89541333333334 0.9984350000000001,81.896085,81.896085 0.9981883333333333,81.89675833333334,81.89675833333334 0.9979483333333334,81.89743166666668,81.89743166666668 0.9977233333333333,81.89810500000002,81.89810500000002 0.9975183333333334,81.89878000000002,81.89878000000002 0.9973299999999999,81.89945500000002,81.89945500000002 0.9971516666666668,81.90013000000002,81.90013000000002 0.9969766666666666,81.90080500000002,81.90080500000002 0.996815,81.90148000000002,81.90148000000002 0.9966849999999999,81.90215333333333,81.90215333333333 0.9966066666666665,81.90282833333333,81.90282833333333 0.9965833333333334,81.90350166666667,81.90350166666667 0.9965983333333335,81.90417333333332,81.90417333333332 0.9966283333333332,81.904845,81.904845 0.9966433333333333,81.90551666666667,81.90551666666667 0.9966083333333332,81.90618833333333,81.90618833333333 0.9964966666666667,81.90685833333335,81.90685833333335 0.9962549999999999,81.90753,81.90753 0.9958566666666666,81.90820000000001,81.90820000000001 0.9952966666666667,81.90887,81.90887 0.994595,81.90954,81.90954 0.9937616666666668,81.91020833333334,81.91020833333334 0.9927999999999999,81.91087666666667,81.91087666666667 0.9917116666666667,81.91154166666666,81.91154166666666 0.9905033333333334,81.91220666666668,81.91220666666668 0.98919,81.91287000000001,81.91287000000001 0.987775,81.91353000000001,81.91353000000001 0.9862600000000001,81.91418666666667,81.91418666666667 0.9846533333333333,81.91484000000001,81.91484000000001 0.9829616666666667,81.91549166666667,81.91549166666667 0.9811883333333332,81.91613833333334,81.91613833333334 0.9793400000000001,81.91678333333331,81.91678333333331 0.9774166666666667,81.91742333333333,81.91742333333333 0.9754283333333333,81.91806000000001,81.91806000000001 0.9733816666666667,81.91869166666666,81.91869166666666 0.9712749999999999,81.91931833333334,81.91931833333334 0.96909,81.91994166666666,81.91994166666666 0.9668050000000001,81.92055666666667,81.92055666666667 0.9644033333333333,81.92116166666666,81.92116166666666 0.9618966666666667,81.92175999999999,81.92175999999999 0.9593016666666667,81.92234833333333,81.92234833333333 0.9566266666666665,81.92293000000001,81.92293000000001 0.9538766666666667,81.92350333333333,81.92350333333333 0.9510533333333333,81.92406833333332,81.92406833333332 0.9481516666666667,81.924625,81.924625 0.9451766666666667,81.92517166666667,81.92517166666667 0.9421166666666668,81.92570833333333,81.92570833333333 0.938955,81.92623166666667,81.92623166666667 0.9356566666666668,81.92673833333333,81.92673833333333 0.9321966666666666,81.92722333333332,81.92722333333332 0.9285566666666667,81.92768166666666,81.92768166666666 0.9247533333333333,81.92811499999999,81.92811499999999 0.9207966666666668,81.92852166666667,81.92852166666667 0.9166933333333334,81.92890166666666,81.92890166666666 0.9124416666666666,81.92925166666667,81.92925166666667 0.9080349999999999,81.92956833333332,81.92956833333332 0.9034983333333333,81.92985000000002,81.92985000000002 0.8988400000000001,81.93009666666667,81.93009666666667 0.8940799999999999,81.93030666666667,81.93030666666667 0.889235,81.93048166666667,81.93048166666667 0.8843199999999999,81.93062333333333,81.93062333333333 0.8793450000000002,81.93073,81.93073 0.8743233333333332,81.93079833333331,81.93079833333331 0.8692716666666666,81.93083333333335,81.93083333333335 0.8642083333333334,81.93083166666666,81.93083166666666 0.8591449999999998,81.93079333333333,81.93079333333333 0.8541,81.93072333333332,81.93072333333332 0.8490816666666666,81.93062333333333,81.93062333333333 0.8441016666666665,81.93048999999998,81.93048999999998 0.8391716666666665,81.93032333333333,81.93032333333333 0.8343066666666668,81.930125,81.930125 0.8295199999999999,81.92989666666668,81.92989666666668 0.8248316666666666,81.929635,81.929635 0.8202583333333334,81.92934166666669,81.92934166666669 0.8158050000000002,81.92902,81.92902 0.8114783333333332,81.92866833333332,81.92866833333332 0.80729,81.92828666666666,81.92828666666666 0.803245,81.92787666666666,81.92787666666666 0.7993516666666667,81.92743833333334,81.92743833333334 0.795625,81.92696999999998,81.92696999999998 0.792095,81.92647166666669,81.92647166666669 0.7888050000000001,81.92594166666667,81.92594166666667 0.7857916666666668,81.92538,81.92538 0.7830566666666667,81.92479499999999,81.92479499999999 0.7805866666666667,81.92418833333333,81.92418833333333 0.77837,81.92356499999998,81.92356499999998 0.7763950000000001,81.92292333333333,81.92292333333333 0.7746649999999999,81.92226833333335,81.92226833333335 0.7732149999999999,81.92159833333334,81.92159833333334 0.7720866666666667,81.92091333333333,81.92091333333333 0.7713016666666667,81.92022,81.92022 0.7708583333333334,81.91951999999999,81.91951999999999 0.7707566666666666,81.91882000000001,81.91882000000001 0.7709933333333333,81.91812166666666,81.91812166666666 0.7715616666666666,81.91742833333332,81.91742833333332 0.7724666666666667,81.91674333333334,81.91674333333334 0.7737216666666666,81.91607499999999,81.91607499999999 0.7753099999999999,81.91542333333334,81.91542333333334 0.7772016666666667,81.91479500000001,81.91479500000001 0.7793683333333332,81.91418666666667,81.91418666666667 0.7817700000000001,81.91359999999999,81.91359999999999 0.7843816666666666,81.913035,81.913035 0.7872083333333333,81.91249,81.91249 0.7902750000000001,81.911975,81.911975 0.7935666666666665,81.91149000000001,81.91149000000001 0.7970533333333333,81.91103333333334,81.91103333333334 0.8007116666666668,81.910605,81.910605 0.8045366666666667,81.91020666666668,81.91020666666668 0.8085266666666667,81.90984166666668,81.90984166666668 0.8126666666666665,81.90951166666667,81.90951166666667 0.8169350000000001,81.909215,81.909215 0.8213066666666666,81.90894833333333,81.90894833333333 0.8257716666666668,81.90871166666669,81.90871166666669 0.8303133333333333,81.90849666666666,81.90849666666666 0.834935,81.90830666666666,81.90830666666666 0.8396300000000001,81.90813833333333,81.90813833333333 0.8443866666666667,81.90799166666667,81.90799166666667 0.8491833333333334,81.90785333333334,81.90785333333334 0.8540133333333333,81.90772166666667,81.90772166666667 0.8588700000000001,81.90759333333334,81.90759333333334 0.8637333333333334,81.90746333333333,81.90746333333333 0.868595,81.90733333333333,81.90733333333333 0.8734450000000001,81.90719666666668,81.90719666666668 0.8782816666666667,81.90705500000001,81.90705500000001 0.8831033333333331,81.90691333333332,81.90691333333332 0.8879099999999999,81.90677500000001,81.90677500000001 0.8926999999999999,81.90663500000001,81.90663500000001 0.8974799999999999,81.90649666666667,81.90649666666667 0.9022549999999999,81.90635666666667,81.90635666666667 0.9070283333333335,81.90621833333333,81.90621833333333 0.9118033333333333,81.90607833333334,81.90607833333334 0.916585,81.90593666666668,81.90593666666668 0.92137,81.90579333333334,81.90579333333334 0.92616,81.90564666666668,81.90564666666668 0.930955,81.90549666666668,81.90549666666668 0.9357566666666668,81.905345,81.905345 0.9405699999999999,81.90519,81.90519 0.9453949999999999,81.90503333333334,81.90503333333334 0.9502266666666667,81.90487,81.90487 0.9550533333333333,81.90469833333333,81.90469833333333 0.9598666666666666,81.904515,81.904515 0.9646516666666667,81.90431499999998,81.90431499999998 0.9693783333333335,81.90409166666667,81.90409166666667 0.9740216666666666,81.90383833333334,81.90383833333334 0.9785583333333335,81.90355166666666,81.90355166666666 0.9829316666666668,81.90322166666667,81.90322166666667 0.9871233333333335,81.90285000000002,81.90285000000002 0.9911783333333334,81.90245166666666,81.90245166666666 0.995125,81.90203166666666,81.90203166666666 0.9989583333333333,81.90159,81.90159 1.00264,81.90112333333333,81.90112333333333 1.0061149999999999,81.90062833333332,81.90062833333332 1.009375,81.90010666666667,81.90010666666667 1.0124116666666667,81.89956333333333,81.89956333333333 1.0152333333333332,81.899,81.899 1.017846666666667,81.89842,81.89842 1.0202633333333335,81.89782333333332,81.89782333333332 1.0224449999999998,81.89721,81.89721 1.0243900000000001,81.89658333333333,81.89658333333333 1.026106666666667,81.895945,81.895945 1.0276066666666668,81.89529666666667,81.89529666666667 1.028895,81.89464,81.89464 1.0299766666666663,81.89397833333334,81.89397833333334 1.0308800000000002,81.89330833333332,81.89330833333332 1.031605,81.89263500000001,81.89263500000001 1.032155,81.89195666666666,81.89195666666666 1.0325300000000002,81.89127333333333,81.89127333333333 1.0327266666666666,81.89058833333333,81.89058833333333 1.03276,81.88990166666666,81.88990166666666 1.03266,81.88921500000001,81.88921500000001 1.032465,81.88852833333334,81.88852833333334 1.0321833333333332,81.88784166666666,81.88784166666666 1.03179,81.88715666666668,81.88715666666668 1.0312833333333333,81.88646999999999,81.88646999999999 1.0306899999999999,81.88578333333334,81.88578333333334 1.030035,81.88509666666667,81.88509666666667 1.0293283333333332,81.88440833333334,81.88440833333334 1.0285916666666668,81.88371833333333,81.88371833333333 1.0278383333333332,81.88302666666667,81.88302666666667 1.0270783333333335,81.88233499999998,81.88233499999998 1.0263216666666666,81.88164333333334,81.88164333333334 1.0255766666666668,81.88095,81.88095 1.0248583333333334,81.880255,81.880255 1.0241816666666668,81.87956000000001,81.87956000000001 1.0235383333333334,81.87886499999999,81.87886499999999 1.0229266666666668,81.87816833333332,81.87816833333332 1.0223600000000002,81.87747166666666,81.87747166666666 1.0218333333333336,81.87677333333332,81.87677333333332 1.0213249999999998,81.87607333333334,81.87607333333334 1.0208116666666665,81.87537333333333,81.87537333333333 1.020275,81.87467,81.87467 1.01971,81.87396833333334,81.87396833333334 1.0191133333333333,81.873265,81.873265 1.0184883333333334,81.87256166666666,81.87256166666666 1.0178283333333333,81.87185666666666,81.87185666666666 1.0171316666666665,81.87115,81.87115 1.01641,81.87044333333334,81.87044333333334 1.0156850000000002,81.86973666666665,81.86973666666665 1.0149633333333332,81.86903,81.86903 1.0142433333333332,81.86832333333334,81.86832333333334 1.0135249999999998,81.86761666666665,81.86761666666665 1.012825,81.86691166666665,81.86691166666665 1.0121766666666667,81.86620666666666,81.86620666666666 1.0115950000000002,81.8655,81.8655 1.011075,81.86479333333334,81.86479333333334 1.0106066666666667,81.86408666666667,81.86408666666667 1.0101933333333333,81.86338,81.86338 1.009831666666667,81.86267166666666,81.86267166666666 1.0095,81.86196333333334,81.86196333333334 1.0091783333333335,81.86125333333332,81.86125333333332 1.0088383333333335,81.86054166666666,81.86054166666666 1.0084666666666666,81.85982999999999,81.85982999999999 1.0080783333333334,81.85911499999999,81.85911499999999 1.0076866666666668,81.8584,81.8584 1.007295,81.85768666666667,81.85768666666667 1.0068916666666667,81.85697166666667,81.85697166666667 1.0064833333333332,81.85625833333334,81.85625833333334 1.0060733333333334,81.85554333333332,81.85554333333332 1.0056666666666667,81.85482999999999,81.85482999999999 1.0052599999999998,81.85411666666668,81.85411666666668 1.00485,81.85340333333335,81.85340333333335 1.004435,81.85269,81.85269 1.0040216666666666,81.85197666666666,81.85197666666666 1.0036133333333337,81.85126499999998,81.85126499999998 1.0032116666666666,81.850555,81.850555 1.0028283333333334,81.84984666666666,81.84984666666666 1.0024666666666666,81.84914166666667,81.84914166666667 1.0021416666666667,81.84843500000001,81.84843500000001 1.0018633333333333,81.84773166666668,81.84773166666668 1.0016416666666668,81.84702833333334,81.84702833333334 1.0014683333333332,81.84632666666667,81.84632666666667 1.0013383333333332,81.84562666666667,81.84562666666667 1.00125,81.84492666666667,81.84492666666667 1.0011899999999998,81.844225,81.844225 1.0011416666666668,81.84352499999999,81.84352499999999 1.001086666666667,81.84282333333334,81.84282333333334 1.001025,81.84212000000001,81.84212000000001 1.0009599999999998,81.84141666666665,81.84141666666665 1.0008966666666665,81.84071333333334,81.84071333333334 1.0008249999999999,81.84001,81.84001 1.0007433333333333,81.83930499999998,81.83930499999998 1.0006500000000003,81.83859833333332,81.83859833333332 1.0005533333333334,81.83789166666666,81.83789166666666 1.000453333333333,81.837185,81.837185 1.00036,81.83647666666667,81.83647666666667 1.000268333333333,81.83576666666666,81.83576666666666 1.0001733333333336,81.83505666666667,81.83505666666667 1.0000716666666667,81.83434666666666,81.83434666666666 0.9999733333333334,81.833635,81.833635 0.9998833333333336,81.83292499999999,81.83292499999999 0.9998033333333333,81.83221333333331,81.83221333333331 0.9997283333333332,81.83150166666665,81.83150166666665 0.9996533333333333,81.83078833333335,81.83078833333335 0.9995816666666666,81.83007500000001,81.83007500000001 0.9995083333333333,81.82936166666667,81.82936166666667 0.9994283333333333,81.828645,81.828645 0.9993416666666668,81.82792833333333,81.82792833333333 0.9992533333333333,81.82721,81.82721 0.9991616666666666,81.82649166666667,81.82649166666667 0.99907,81.82577166666667,81.82577166666667 0.9989766666666667,81.82505166666667,81.82505166666667 0.998885,81.82432999999999,81.82432999999999 0.9987966666666666,81.82360999999999,81.82360999999999 0.9987133333333333,81.82289,81.82289 0.9986350000000002,81.82217,81.82217 0.9985633333333334,81.82145166666666,81.82145166666666 0.9985049999999999,81.82073333333334,81.82073333333334 0.9984766666666667,81.82001666666666,81.82001666666666 0.9984983333333334,81.8193,81.8193 0.9985616666666667,81.81858333333334,81.81858333333334 0.99865,81.81786833333335,81.81786833333335 0.9987483333333333,81.81715333333332,81.81715333333332 0.9988450000000001,81.81644166666666,81.81644166666666 0.9989316666666667,81.81573166666668,81.81573166666668 0.9990033333333334,81.81502333333333,81.81502333333333 0.9990583333333334,81.81431833333333,81.81431833333333 0.9990933333333334,81.81361333333334,81.81361333333334 0.9991099999999999,81.81291,81.81291 0.9991133333333334,81.81220833333333,81.81220833333333 0.9991066666666666,81.81150666666669,81.81150666666669 0.9990950000000001,81.81080499999999,81.81080499999999 0.9990866666666666,81.81010333333334,81.81010333333334 0.99908,81.80940166666667,81.80940166666667 0.9990683333333333,81.8087,81.8087 0.9990566666666667,81.80799833333334,81.80799833333334 0.9990466666666666,81.80729500000001,81.80729500000001 0.9990383333333334,81.80659166666666,81.80659166666666 0.9990366666666667,81.80588833333333,81.80588833333333 0.9990416666666666,81.80518333333333,81.80518333333333 0.9990549999999999,81.80447666666667,81.80447666666667 0.99907,81.80377000000001,81.80377000000001 0.9990766666666668,81.80306333333333,81.80306333333333 0.9990716666666667,81.80235666666667,81.80235666666667 0.9990549999999999,81.80164833333332,81.80164833333332 0.9990333333333332,81.80093833333333,81.80093833333333 0.999005,81.80022833333334,81.80022833333334 0.9989566666666666,81.79951833333332,81.79951833333332 0.9988900000000001,81.79880666666665,81.79880666666665 0.9988166666666666,81.79809833333333,81.79809833333333 0.99875,81.79739,81.79739 0.998695,81.79668333333333,81.79668333333333 0.9986433333333332,81.79597833333334,81.79597833333334 0.9985899999999999,81.795275,81.795275 0.9985433333333331,81.79457166666667,81.79457166666667 0.9985083333333333,81.79387,81.79387 0.998485,81.79316999999999,81.79316999999999 0.9984683333333333,81.79247,81.79247 0.9984583333333333,81.79177166666668,81.79177166666668 0.9984666666666667,81.79107333333333,81.79107333333333 0.9985016666666667,81.79037666666667,81.79037666666667 0.9985616666666667,81.78968,81.78968 0.99864,81.78898500000001,81.78898500000001 0.9987316666666668,81.78829000000002,81.78829000000002 0.9988350000000001,81.787595,81.787595 0.9989450000000001,81.78689999999999,81.78689999999999 0.9990583333333334,81.786205,81.786205 0.9991733333333334,81.78551166666666,81.78551166666666 0.9992816666666666,81.78481666666666,81.78481666666666 0.9993749999999999,81.78412333333335,81.78412333333335 0.999445,81.78343,81.78343 0.9995016666666667,81.78273666666668,81.78273666666668 0.9995466666666668,81.78204333333332,81.78204333333332 0.9995883333333334,81.78134833333334,81.78134833333334 0.9996183333333334,81.78065499999998,81.78065499999998 0.9996349999999999,81.77995999999999,81.77995999999999 0.9996399999999999,81.779265,81.779265 0.9996366666666667,81.77857000000002,81.77857000000002 0.999625,81.777875,81.777875 0.9995983333333335,81.77717833333334,81.77717833333334 0.9995550000000001,81.77648166666667,81.77648166666667 0.9995033333333332,81.77578499999998,81.77578499999998 0.99945,81.77508666666667,81.77508666666667 0.9993966666666666,81.77438666666666,81.77438666666666 0.9993449999999999,81.77368666666668,81.77368666666668 0.9992983333333334,81.77298666666667,81.77298666666667 0.9992599999999999,81.77228333333333,81.77228333333333 0.9992283333333333,81.77158,81.77158 0.999205,81.77087333333334,81.77087333333334 0.9991966666666666,81.77016833333334,81.77016833333334 0.9991999999999999,81.76946,81.76946 0.9992116666666667,81.76875166666667,81.76875166666667 0.9992300000000001,81.76804166666666,81.76804166666666 0.9992533333333333,81.76733166666666,81.76733166666666 0.9992816666666666,81.76661999999999,81.76661999999999 0.9993150000000001,81.76590833333331,81.76590833333331 0.9993533333333334,81.76519499999999,81.76519499999999 0.9994016666666666,81.76448166666668,81.76448166666668 0.9994533333333333,81.76376833333335,81.76376833333335 0.9995083333333333,81.763055,81.763055 0.9995633333333334,81.76234333333335,81.76234333333335 0.9996216666666666,81.76163333333334,81.76163333333334 0.9996833333333335,81.76092499999999,81.76092499999999 0.9997499999999999,81.76021833333333,81.76021833333333 0.9998233333333334,81.75951333333333,81.75951333333333 0.9999000000000001,81.75881,81.75881 0.9999800000000001,81.75810833333333,81.75810833333333 1.0000566666666668,81.75740833333332,81.75740833333332 1.0001249999999997,81.75671,81.75671 1.0001883333333335,81.75601333333334,81.75601333333334 1.0002466666666667,81.75531666666667,81.75531666666667 1.000303333333333,81.75462000000002,81.75462000000002 1.0003566666666666,81.75392333333333,81.75392333333333 1.0004083333333333,81.75322666666665,81.75322666666665 1.0004583333333334,81.75253,81.75253 1.0005116666666667,81.75183166666666,81.75183166666666 1.0005566666666668,81.75113333333334,81.75113333333334 1.0005916666666665,81.750435,81.750435 1.0006133333333331,81.74973499999999,81.74973499999999 1.0006316666666666,81.74903666666667,81.74903666666667 1.0006599999999997,81.74833666666667,81.74833666666667 1.0007016666666666,81.74763833333333,81.74763833333333 1.0007516666666667,81.74694166666667,81.74694166666667 1.0008066666666666,81.74624333333333,81.74624333333333 1.0008599999999999,81.74554666666667,81.74554666666667 1.0009066666666668,81.74485,81.74485 1.0009366666666666,81.74415333333332,81.74415333333332 1.0009416666666666,81.74345666666666,81.74345666666666 1.0009266666666667,81.74276,81.74276 1.0008983333333334,81.742065,81.742065 1.0008566666666665,81.74136833333334,81.74136833333334 1.0008066666666666,81.74067333333335,81.74067333333335 1.00075,81.73997666666668,81.73997666666668 1.0006899999999999,81.73928166666666,81.73928166666666 1.000635,81.73858666666666,81.73858666666666 1.000585,81.73789166666667,81.73789166666667 1.00054,81.73719666666666,81.73719666666666 1.0005,81.73650166666667,81.73650166666667 1.0004616666666664,81.73580666666668,81.73580666666668 1.0004333333333333,81.73511,81.73511 1.0004116666666665,81.73441333333332,81.73441333333332 1.0004,81.73371666666667,81.73371666666667 1.000398333333333,81.73302166666667,81.73302166666667 1.00041,81.732325,81.732325 1.0004333333333333,81.73162833333335,81.73162833333335 1.0004683333333333,81.73093333333333,81.73093333333333 1.0005133333333334,81.73023833333333,81.73023833333333 1.0005616666666668,81.72954333333332,81.72954333333332 1.000615,81.72884833333333,81.72884833333333 1.0006633333333332,81.72815166666668,81.72815166666668 1.0007016666666666,81.72745666666667,81.72745666666667 1.0007283333333334,81.72675999999998,81.72675999999998 1.0007483333333331,81.72606499999999,81.72606499999999 1.00076,81.72537000000001,81.72537000000001 1.0007633333333334,81.72467499999999,81.72467499999999 1.0007583333333334,81.72397833333333,81.72397833333333 1.0007466666666667,81.72328333333334,81.72328333333334 1.0007233333333334,81.72258666666667,81.72258666666667 1.0006899999999999,81.72188999999999,81.72188999999999 1.0006466666666667,81.72119333333333,81.72119333333333 1.0006016666666668,81.72049666666668,81.72049666666668 1.0005549999999999,81.7198,81.7198 1.0005066666666669,81.71910333333332,81.71910333333332 1.0004566666666668,81.718405,81.718405 1.0004066666666664,81.71770666666666,81.71770666666666 1.000355,81.71700833333334,81.71700833333334 1.000303333333333,81.71631000000001,81.71631000000001 1.0002533333333332,81.71561166666666,81.71561166666666 1.0002066666666667,81.714915,81.714915 1.0001633333333333,81.71421833333335,81.71421833333335 1.0001249999999997,81.71352166666667,81.71352166666667 1.00009,81.712825,81.712825 1.0000616666666664,81.71212666666668,81.71212666666668 1.0000383333333336,81.71143,81.71143 1.00002,81.71073166666667,81.71073166666667 1.000005,81.71003333333333,81.71003333333333 0.9999933333333332,81.70933333333333,81.70933333333333 0.9999883333333333,81.70863500000002,81.70863500000002 0.9999883333333333,81.70793666666667,81.70793666666667 0.9999950000000001,81.70723833333332,81.70723833333332 1.0000133333333334,81.70654,81.70654 1.0000466666666665,81.70584166666666,81.70584166666666 1.0000916666666666,81.70514166666666,81.70514166666666 1.0001499999999999,81.70444333333332,81.70444333333332 1.0002216666666666,81.703745,81.703745 1.0003066666666667,81.70304500000002,81.70304500000002 1.0004083333333333,81.70234666666667,81.70234666666667 1.0005216666666668,81.70164666666666,81.70164666666666 1.0006416666666669,81.70094666666667,81.70094666666667 1.0007450000000002,81.70024833333332,81.70024833333332 1.0008249999999999,81.69954833333334,81.69954833333334 1.0008916666666665,81.69885,81.69885 1.0009466666666664,81.69815166666667,81.69815166666667 1.00099,81.69745333333334,81.69745333333334 1.0010133333333333,81.69675666666666,81.69675666666666 1.0010183333333331,81.69606,81.69606 1.001005,81.69536499999998,81.69536499999998 1.00098,81.69467,81.69467 1.000945,81.69397500000001,81.69397500000001 1.000905,81.69328166666665,81.69328166666665 1.0008583333333334,81.69258833333333,81.69258833333333 1.00081,81.691895,81.691895 1.0007683333333335,81.69120166666667,81.69120166666667 1.0007266666666665,81.69050833333333,81.69050833333333 1.0006883333333334,81.689815,81.689815 1.0006466666666667,81.68912,81.68912 1.0006016666666668,81.688425,81.688425 1.0005583333333332,81.68773,81.68773 1.00052,81.68703333333332,81.68703333333332 1.000485,81.686335,81.686335 1.000453333333333,81.68563666666667,81.68563666666667 1.0004216666666668,81.68493666666666,81.68493666666666 1.0003916666666666,81.68423666666665,81.68423666666665 1.0003683333333333,81.68353333333332,81.68353333333332 1.0003466666666667,81.68282999999998,81.68282999999998 1.0003300000000002,81.68212499999998,81.68212499999998 1.0003183333333334,81.68141999999999,81.68141999999999 1.000315,81.68071499999999,81.68071499999999 1.000315,81.68000833333333,81.68000833333333 1.000316666666667,81.67930166666666,81.67930166666666 1.0003199999999999,81.678595,81.678595 1.000325,81.67788833333334,81.67788833333334 1.0003316666666668,81.67718166666668,81.67718166666668 1.0003433333333331,81.676475,81.676475 1.00036,81.67577,81.67577 1.0003749999999998,81.675065,81.675065 1.0003833333333332,81.67436166666667,81.67436166666667 1.0003866666666668,81.67365833333334,81.67365833333334 1.000385,81.67295666666666,81.67295666666666 1.0003816666666667,81.67225666666666,81.67225666666666 1.0003833333333332,81.67155666666667,81.67155666666667 1.0003899999999997,81.67085999999999,81.67085999999999 1.0004016666666666,81.67016333333332,81.67016333333332 1.0004149999999998,81.66946999999999,81.66946999999999 1.0004333333333333,81.66877833333334,81.66877833333334 1.000453333333333,81.66808999999999,81.66808999999999 1.00048,81.66740166666666,81.66740166666666 1.0005133333333334,81.66671500000001,81.66671500000001 1.0005566666666668,81.66603,81.66603 1.0006033333333333,81.66534499999999,81.66534499999999 1.0006483333333334,81.66466000000001,81.66466000000001 1.0006899999999999,81.66397333333332,81.66397333333332 1.0007316666666664,81.66328666666666,81.66328666666666 1.0007733333333333,81.66259666666667,81.66259666666667 1.0008133333333333,81.661905,81.661905 1.00085,81.66121166666666,81.66121166666666 1.0008766666666666,81.66051666666667,81.66051666666667 1.00089,81.65981833333335,81.65981833333335 1.0008933333333334,81.65911833333334,81.65911833333334 1.000895,81.65841833333334,81.65841833333334 1.0008916666666665,81.65771666666666,81.65771666666666 1.0008883333333332,81.657015,81.657015 1.0008800000000002,81.65631333333333,81.65631333333333 1.00087,81.65561166666666,81.65561166666666 1.0008583333333334,81.65491166666668,81.65491166666668 1.000845,81.65421166666667,81.65421166666667 1.00083,81.65351333333332,81.65351333333332 1.0008116666666664,81.652815,81.652815 1.0007983333333332,81.65211833333333,81.65211833333333 1.000795,81.65142333333334,81.65142333333334 1.000795,81.65072833333335,81.65072833333335 1.0007966666666666,81.65003499999999,81.65003499999999 1.000795,81.64934333333333,81.64934333333333 1.0007883333333336,81.64865,81.64865 1.000775,81.64795833333332,81.64795833333332 1.0007566666666665,81.64726666666668,81.64726666666668 1.0007333333333333,81.64657666666666,81.64657666666666 1.0007050000000002,81.64588499999999,81.64588499999999 1.0006766666666664,81.645195,81.645195 1.0006516666666667,81.64450666666666,81.64450666666666 1.0006283333333335,81.64381833333333,81.64381833333333 1.0006033333333333,81.64313000000001,81.64313000000001 1.0005766666666667,81.64244,81.64244 1.0005499999999998,81.64175166666668,81.64175166666668 1.0005233333333337,81.64106333333335,81.64106333333335 1.0005,81.640375,81.640375 1.0004783333333331,81.63968666666665,81.63968666666665 1.0004633333333333,81.63899833333333,81.63899833333333 1.000453333333333,81.63831166666667,81.63831166666667 1.000451666666667,81.637625,81.637625 1.0004633333333333,81.63693833333335,81.63693833333335 1.0004816666666667,81.63625333333331,81.63625333333331 1.000505,81.63556833333334,81.63556833333334 1.0005316666666666,81.63488166666666,81.63488166666666 1.0005566666666668,81.63419666666665,81.63419666666665 1.0005783333333336,81.63351166666666,81.63351166666666 1.0005933333333334,81.63282666666669,81.63282666666669 1.0006,81.63213999999999,81.63213999999999 1.0005966666666664,81.631455,81.631455 1.000586666666667,81.63077,81.63077 1.0005666666666666,81.630085,81.630085 1.0005433333333333,81.6294,81.6294 1.0005166666666667,81.628715,81.628715 1.000485,81.62803,81.62803 1.0004483333333334,81.62734166666668,81.62734166666668 1.0004066666666664,81.62665333333332,81.62665333333332 1.0003666666666668,81.62596333333332,81.62596333333332 1.0003316666666668,81.62527166666666,81.62527166666666 1.000303333333333,81.62457833333333,81.62457833333333 1.0002766666666665,81.62388333333334,81.62388333333334 1.0002566666666666,81.62318666666667,81.62318666666667 1.0002366666666669,81.62248666666666,81.62248666666666 1.0002183333333332,81.62178833333334,81.62178833333334 1.0002033333333336,81.62108666666667,81.62108666666667 1.0001950000000002,81.620385,81.620385 1.00019,81.61968166666666,81.61968166666666 1.00019,81.61897666666667,81.61897666666667 1.0001966666666664,81.61827166666667,81.61827166666667 1.0002083333333331,81.61756499999998,81.61756499999998 1.0002233333333335,81.61685833333333,81.61685833333333 1.0002433333333334,81.61615166666667,81.61615166666667 1.000268333333333,81.615445,81.615445 1.0002983333333333,81.61473666666667,81.61473666666667 1.0003316666666668,81.61402833333332,81.61402833333332 1.0003683333333333,81.61332,81.61332 1.00041,81.61260999999999,81.61260999999999 1.00045,81.6119,81.6119 1.0004866666666665,81.61118833333335,81.61118833333335 1.0005249999999997,81.61047666666667,81.61047666666667 1.0005700000000002,81.60976333333333,81.60976333333333 1.000625,81.60905000000001,81.60905000000001 1.0006816666666665,81.60833500000001,81.60833500000001 1.0007366666666668,81.60762,81.60762 1.0007899999999998,81.606905,81.606905 1.0008366666666666,81.60619,81.60619 1.0008766666666666,81.60547499999998,81.60547499999998 1.0009083333333333,81.60476000000001,81.60476000000001 1.0009283333333332,81.60404666666666,81.60404666666666 1.0009416666666666,81.60333166666666,81.60333166666666 1.000951666666667,81.60261833333333,81.60261833333333 1.0009549999999998,81.60190666666668,81.60190666666668 1.0009549999999998,81.60119333333333,81.60119333333333 1.00095,81.60048166666668,81.60048166666668 1.0009433333333335,81.59977,81.59977 1.0009366666666666,81.59906000000001,81.59906000000001 1.0009333333333332,81.59835,81.59835 1.0009283333333332,81.59764166666668,81.59764166666668 1.0009216666666667,81.59693499999999,81.59693499999999 1.0009116666666669,81.59622833333333,81.59622833333333 1.0009016666666668,81.59552333333333,81.59552333333333 1.0008883333333332,81.59481833333332,81.59481833333332 1.00087,81.59411333333334,81.59411333333334 1.0008466666666667,81.59340999999999,81.59340999999999 1.0008249999999999,81.59270666666666,81.59270666666666 1.0008000000000001,81.59200333333334,81.59200333333334 1.0007766666666669,81.59129833333333,81.59129833333333 1.00076,81.590595,81.590595 1.0007483333333331,81.58989,81.58989 1.0007366666666668,81.589185,81.589185 1.0007316666666664,81.58847833333334,81.58847833333334 1.0007416666666666,81.58777333333335,81.58777333333335 1.00077,81.58706833333335,81.58706833333335 1.00081,81.58636333333335,81.58636333333335 1.000855,81.58566000000002,81.58566000000002 1.0009033333333335,81.58495666666666,81.58495666666666 1.0009483333333333,81.58425166666666,81.58425166666666 1.000986666666667,81.58354833333333,81.58354833333333 1.0010150000000002,81.58284499999999,81.58284499999999 1.0010283333333334,81.58214,81.58214 1.0010183333333331,81.58143666666666,81.58143666666666 1.000986666666667,81.58073166666667,81.58073166666667 1.0009433333333335,81.58002833333333,81.58002833333333 1.0008933333333334,81.579325,81.579325 1.0008316666666668,81.57862166666666,81.57862166666666 1.0007533333333332,81.57791999999999,81.57791999999999 1.0006583333333336,81.57722000000001,81.57722000000001 1.0005549999999999,81.57651833333334,81.57651833333334 1.0004433333333336,81.57582000000001,81.57582000000001 1.000316666666667,81.57512166666666,81.57512166666666 1.00018,81.57442666666667,81.57442666666667 1.0000366666666667,81.57372999999998,81.57372999999998 0.9998966666666667,81.57303499999999,81.57303499999999 0.9997766666666666,81.57234000000001,81.57234000000001 0.9996849999999999,81.57164666666665,81.57164666666665 0.9996183333333334,81.57095166666666,81.57095166666666 0.9995716666666666,81.57025833333334,81.57025833333334 0.9995533333333332,81.56956666666667,81.56956666666667 0.9995683333333333,81.56887499999999,81.56887499999999 0.9996183333333334,81.56818333333335,81.56818333333335 0.99969,81.56749166666667,81.56749166666667 0.9997766666666666,81.56680166666666,81.56680166666666 0.9998833333333336,81.56611,81.56611 1.0000149999999999,81.56542,81.56542 1.00017,81.56472833333333,81.56472833333333 1.0003416666666667,81.56403499999999,81.56403499999999 1.0005183333333332,81.56334166666669,81.56334166666669 1.0006933333333332,81.56264666666667,81.56264666666667 1.0008583333333334,81.56195333333332,81.56195333333332 1.0010083333333333,81.56125833333333,81.56125833333333 1.0011416666666668,81.56056333333333,81.56056333333333 1.0012566666666665,81.55986666666666,81.55986666666666 1.001356666666667,81.55917166666667,81.55917166666667 1.0014466666666664,81.55847499999999,81.55847499999999 1.001525,81.55777833333333,81.55777833333333 1.0015866666666668,81.55708333333332,81.55708333333332 1.0016300000000002,81.55638833333333,81.55638833333333 1.0016583333333335,81.55569166666668,81.55569166666668 1.0016733333333334,81.55499666666667,81.55499666666667 1.0016749999999999,81.55429999999998,81.55429999999998 1.0016633333333333,81.55360499999999,81.55360499999999 1.0016350000000003,81.55290833333333,81.55290833333333 1.0015916666666667,81.55221166666666,81.55221166666666 1.0015399999999999,81.55151666666667,81.55151666666667 1.0014783333333335,81.55082166666665,81.55082166666665 1.0014049999999999,81.55012666666667,81.55012666666667 1.0013183333333333,81.54943333333334,81.54943333333334 1.001221666666667,81.54874000000001,81.54874000000001 1.0011133333333335,81.54804666666666,81.54804666666666 1.0009949999999999,81.547355,81.547355 1.00087,81.54666333333333,81.54666333333333 1.0007383333333333,81.54597166666667,81.54597166666667 1.0005983333333333,81.54528,81.54528 1.00045,81.54458833333332,81.54458833333332 1.0002933333333333,81.54389833333335,81.54389833333335 1.0001266666666666,81.54320666666666,81.54320666666666 0.9999466666666669,81.54251666666669,81.54251666666669 0.9997516666666668,81.54182666666667,81.54182666666667 0.9995466666666668,81.54113666666666,81.54113666666666 0.9993516666666667,81.54044666666667,81.54044666666667 0.9991716666666668,81.53975666666666,81.53975666666666 0.999005,81.53906666666667,81.53906666666667 0.9988383333333333,81.53837666666666,81.53837666666666 0.9986683333333333,81.53768833333334,81.53768833333334 0.9984999999999999,81.53699833333333,81.53699833333333 0.9983449999999999,81.53630833333334,81.53630833333334 0.9982049999999999,81.53561833333333,81.53561833333333 0.99807,81.53492833333333,81.53492833333333 0.997935,81.53423833333333,81.53423833333333 0.9978016666666667,81.53354666666668,81.53354666666668 0.9976716666666666,81.53285500000001,81.53285500000001 0.9975400000000001,81.532165,81.532165 0.9974016666666666,81.53147333333332,81.53147333333332 0.9972616666666666,81.53078166666666,81.53078166666666 0.9971249999999999,81.53009,81.53009 0.9969966666666666,81.52939666666667,81.52939666666667 0.9968866666666666,81.52870333333334,81.52870333333334 0.9967916666666666,81.52801,81.52801 0.99671,81.527315,81.527315 0.9966383333333332,81.52662166666667,81.52662166666667 0.9965833333333334,81.52592833333333,81.52592833333333 0.9965400000000001,81.52523333333333,81.52523333333333 0.9965083333333334,81.52454,81.52454 0.9964916666666666,81.52384666666666,81.52384666666666 0.9964999999999999,81.52315333333333,81.52315333333333 0.9965316666666666,81.52246166666667,81.52246166666667 0.9965766666666666,81.52176833333334,81.52176833333334 0.9966366666666667,81.52107833333334,81.52107833333334 0.99671,81.52038666666668,81.52038666666668 0.9968033333333333,81.51969500000001,81.51969500000001 0.9969216666666667,81.51900166666665,81.51900166666665 0.9970699999999999,81.51830833333334,81.51830833333334 0.9972500000000001,81.517615,81.517615 0.9974583333333333,81.51691833333332,81.51691833333332 0.9976833333333333,81.51622166666665,81.51622166666665 0.9979083333333333,81.515525,81.515525 0.9981183333333332,81.51482666666668,81.51482666666668 0.998305,81.51412666666667,81.51412666666667 0.9984683333333333,81.51342666666666,81.51342666666666 0.9986133333333335,81.51272666666667,81.51272666666667 0.99875,81.51202666666666,81.51202666666666 0.9988783333333332,81.51132666666668,81.51132666666668 0.9989999999999999,81.510625,81.510625 0.9991133333333334,81.509925,81.509925 0.9992233333333332,81.50922500000001,81.50922500000001 0.9993316666666666,81.508525,81.508525 0.9994433333333334,81.50782333333333,81.50782333333333 0.9995583333333333,81.50712166666668,81.50712166666668 0.9996666666666666,81.50641999999999,81.50641999999999 0.9997666666666665,81.50571833333333,81.50571833333333 0.9998583333333333,81.505015,81.505015 0.9999416666666667,81.50431166666667,81.50431166666667 1.0000216666666668,81.50361,81.50361 1.0000983333333333,81.50290666666666,81.50290666666666 1.0001650000000002,81.50220499999999,81.50220499999999 1.000225,81.50150333333332,81.50150333333332 1.0002816666666667,81.50080166666667,81.50080166666667 1.0003366666666667,81.5001,81.5001 1.0003883333333337,81.49939833333333,81.49939833333333 1.0004350000000002,81.49869666666666,81.49869666666666 1.0004716666666666,81.49799500000002,81.49799500000002 1.0005,81.49729333333335,81.49729333333335 1.0005150000000003,81.49659000000001,81.49659000000001 1.0005100000000002,81.49588666666668,81.49588666666668 1.0004749999999998,81.49518333333334,81.49518333333334 1.0004166666666667,81.49448000000001,81.49448000000001 1.0003433333333331,81.49377500000001,81.49377500000001 1.0002483333333332,81.49307166666668,81.49307166666668 1.0000916666666666,81.49236666666668,81.49236666666668 0.9998416666666667,81.49166500000001,81.49166500000001 0.9994866666666666,81.490965,81.490965 0.9990183333333335,81.49026833333333,81.49026833333333 0.9984266666666667,81.489575,81.489575 0.9976966666666667,81.48888666666667,81.48888666666667 0.9968166666666667,81.48820666666667,81.48820666666667 0.9957899999999998,81.48753333333335,81.48753333333335 0.9946283333333333,81.48686833333332,81.48686833333332 0.9933366666666668,81.48621333333334,81.48621333333334 0.9919199999999999,81.485565,81.485565 0.990395,81.48492333333333,81.48492333333333 0.9887583333333333,81.48428833333335,81.48428833333335 0.9870133333333333,81.48365833333332,81.48365833333332 0.9851683333333333,81.48303333333334,81.48303333333334 0.9832366666666666,81.48241333333334,81.48241333333334 0.9812283333333333,81.48179833333333,81.48179833333333 0.979155,81.48118500000001,81.48118500000001 0.9770333333333332,81.48057499999999,81.48057499999999 0.9748716666666666,81.47996666666667,81.47996666666667 0.9726766666666666,81.47935833333334,81.47935833333334 0.9704600000000001,81.47875166666667,81.47875166666667 0.96822,81.47814333333335,81.47814333333335 0.9659549999999999,81.47753666666668,81.47753666666668 0.9636716666666666,81.47693,81.47693 0.9613733333333334,81.47632166666666,81.47632166666666 0.9590616666666666,81.47571500000001,81.47571500000001 0.956735,81.47510833333334,81.47510833333334 0.9543933333333332,81.4745,81.4745 0.9520333333333332,81.47389166666666,81.47389166666666 0.9496583333333334,81.47328333333333,81.47328333333333 0.9472733333333334,81.47267333333333,81.47267333333333 0.9448783333333334,81.47206,81.47206 0.9424733333333333,81.47144833333334,81.47144833333334 0.9400583333333333,81.470835,81.470835 0.9376300000000001,81.47022333333334,81.47022333333334 0.93519,81.46961,81.46961 0.9327366666666667,81.46899666666665,81.46899666666665 0.9302733333333334,81.46838166666667,81.46838166666667 0.9278016666666666,81.46776833333332,81.46776833333332 0.9253233333333333,81.46715333333334,81.46715333333334 0.9228449999999999,81.46653833333333,81.46653833333333 0.9203716666666667,81.46592333333334,81.46592333333334 0.9179033333333333,81.46530833333333,81.46530833333333 0.9154433333333333,81.46469166666668,81.46469166666668 0.9129916666666666,81.46407333333332,81.46407333333332 0.9105533333333334,81.46345166666666,81.46345166666666 0.9081316666666667,81.46283,81.46283 0.9057249999999999,81.46220333333333,81.46220333333333 0.9033266666666666,81.461575,81.461575 0.9009316666666666,81.460945,81.460945 0.8985466666666666,81.46031333333335,81.46031333333335 0.8961749999999999,81.45967666666667,81.45967666666667 0.8938183333333332,81.45904,81.45904 0.8914716666666666,81.45840000000001,81.45840000000001 0.8891366666666668,81.45776000000001,81.45776000000001 0.8868116666666667,81.45711833333333,81.45711833333333 0.8844983333333332,81.45647333333332,81.45647333333332 0.8822099999999999,81.45582833333332,81.45582833333332 0.8799616666666668,81.45517833333332,81.45517833333332 0.8777866666666667,81.45452166666668,81.45452166666668 0.8757216666666668,81.45385499999999,81.45385499999999 0.8738166666666667,81.45317833333333,81.45317833333333 0.8721266666666666,81.45248833333335,81.45248833333335 0.8706583333333332,81.45178666666668,81.45178666666668 0.8694283333333334,81.451075,81.451075 0.8684550000000001,81.45035666666666,81.45035666666666 0.8677199999999999,81.44963166666666,81.44963166666666 0.8672066666666667,81.44890499999998,81.44890499999998 0.86693,81.44817666666667,81.44817666666667 0.866895,81.44744833333333,81.44744833333333 0.8670966666666666,81.44672333333334,81.44672333333334 0.86753,81.44600166666666,81.44600166666666 0.8682016666666665,81.44528833333334,81.44528833333334 0.86911,81.44457999999999,81.44457999999999 0.8702466666666665,81.44388166666667,81.44388166666667 0.8716083333333334,81.44319333333334,81.44319333333334 0.8732033333333333,81.44251500000001,81.44251500000001 0.8750316666666668,81.44184833333333,81.44184833333333 0.8770983333333334,81.44119666666667,81.44119666666667 0.8794016666666666,81.44056166666667,81.44056166666667 0.8819333333333333,81.43994500000001,81.43994500000001 0.8846849999999999,81.43934833333334,81.43934833333334 0.8876483333333333,81.438775,81.438775 0.8908116666666667,81.43822333333334,81.43822333333334 0.89416,81.43769833333333,81.43769833333333 0.8976866666666666,81.43719833333331,81.43719833333331 0.9013833333333334,81.43672833333335,81.43672833333335 0.9052483333333333,81.43629,81.43629 0.9092800000000002,81.43588833333334,81.43588833333334 0.9134599999999999,81.43552500000001,81.43552500000001 0.9177600000000001,81.43520000000001,81.43520000000001 0.9221616666666667,81.43491499999999,81.43491499999999 0.9266366666666667,81.43467166666666,81.43467166666666 0.9311699999999999,81.43446666666668,81.43446666666668 0.9357466666666666,81.43429833333332,81.43429833333332 0.94036,81.43416833333335,81.43416833333335 0.9450016666666666,81.434075,81.434075 0.9496583333333334,81.43402500000002,81.43402500000002 0.9543116666666666,81.43401666666668,81.43401666666668 0.95894,81.43405166666666,81.43405166666666 0.9635266666666666,81.43412333333333,81.43412333333333 0.9680633333333333,81.43423333333334,81.43423333333334 0.972545,81.43437666666667,81.43437666666667 0.9769683333333332,81.43455333333334,81.43455333333334 0.9813249999999999,81.434765,81.434765 0.985595,81.43501333333334,81.43501333333334 0.9897533333333332,81.43529833333334,81.43529833333334 0.993785,81.43561999999999,81.43561999999999 0.9976549999999998,81.43598,81.43598 1.00133,81.43637833333332,81.43637833333332 1.0047800000000002,81.43681500000001,81.43681500000001 1.00799,81.43728333333334,81.43728333333334 1.0109383333333335,81.43778499999999,81.43778499999999 1.0136133333333333,81.438315,81.438315 1.01601,81.43886833333332,81.43886833333332 1.0181166666666666,81.43944333333333,81.43944333333333 1.0199283333333333,81.44003833333332,81.44003833333332 1.02144,81.44064833333333,81.44064833333333 1.02265,81.44127166666667,81.44127166666667 1.0235533333333333,81.44190666666668,81.44190666666668 1.0241483333333332,81.44255,81.44255 1.0244383333333336,81.44319666666667,81.44319666666667 1.0244099999999998,81.44384333333333,81.44384333333333 1.024083333333333,81.44448666666668,81.44448666666668 1.0235116666666668,81.44512333333334,81.44512333333334 1.0227383333333335,81.44575166666665,81.44575166666665 1.0217700000000003,81.44637333333334,81.44637333333334 1.0206066666666667,81.446985,81.446985 1.0192716666666666,81.44759000000002,81.44759000000002 1.0178083333333334,81.44818666666667,81.44818666666667 1.0162649999999998,81.44877666666667,81.44877666666667 1.014676666666667,81.44936166666666,81.44936166666666 1.0130683333333332,81.44994333333335,81.44994333333335 1.0114616666666667,81.450525,81.450525 1.0098983333333336,81.45110833333332,81.45110833333332 1.0084099999999998,81.45169666666666,81.45169666666666 1.0069966666666665,81.45229166666665,81.45229166666665 1.0056683333333334,81.45289666666666,81.45289666666666 1.0044300000000002,81.45350833333333,81.45350833333333 1.003265,81.45413,81.45413 1.0021766666666667,81.45475833333332,81.45475833333332 1.0011983333333332,81.45539666666667,81.45539666666667 1.000355,81.45604333333334,81.45604333333334 0.999645,81.45669666666666,81.45669666666666 0.9990383333333334,81.45735,81.45735 0.9985033333333334,81.45800500000001,81.45800500000001 0.9980249999999999,81.45866,81.45866 0.9975966666666667,81.45931499999999,81.45931499999999 0.9972083333333333,81.45997,81.45997 0.9968583333333334,81.46062500000001,81.46062500000001 0.9965416666666665,81.46128,81.46128 0.9962633333333334,81.46193666666667,81.46193666666667 0.9960400000000001,81.46259333333334,81.46259333333334 0.9958833333333333,81.46324833333333,81.46324833333333 0.9957966666666667,81.46390333333335,81.46390333333335 0.9957700000000002,81.46455833333333,81.46455833333333 0.995785,81.46520999999998,81.46520999999998 0.9958166666666667,81.46585833333334,81.46585833333334 0.9958433333333332,81.46650500000001,81.46650500000001 0.9958566666666666,81.46715166666665,81.46715166666665 0.9958716666666667,81.46779666666666,81.46779666666666 0.9959016666666666,81.46844333333333,81.46844333333333 0.9959466666666666,81.46909333333332,81.46909333333332 0.9959983333333333,81.469745,81.469745 0.9960616666666666,81.47039833333334,81.47039833333334 0.9961450000000002,81.47105333333334,81.47105333333334 0.9962450000000002,81.47171000000002,81.47171000000002 0.996355,81.47236833333334,81.47236833333334 0.9964733333333334,81.47302666666667,81.47302666666667 0.9966033333333334,81.47368333333334,81.47368333333334 0.9967449999999999,81.47434166666666,81.47434166666666 0.99689,81.475,81.475 0.99703,81.47565666666667,81.47565666666667 0.9971666666666665,81.47631500000001,81.47631500000001 0.9972949999999999,81.47697166666666,81.47697166666666 0.9974133333333333,81.47762833333333,81.47762833333333 0.997515,81.47828666666665,81.47828666666665 0.9975950000000001,81.47894500000001,81.47894500000001 0.99766,81.47960333333333,81.47960333333333 0.9977133333333335,81.48026499999999,81.48026499999999 0.9977516666666665,81.48092833333332,81.48092833333332 0.9977766666666668,81.48159333333334,81.48159333333334 0.9977900000000002,81.48225833333333,81.48225833333333 0.9977933333333333,81.48292666666666,81.48292666666666 0.9977900000000002,81.48359666666667,81.48359666666667 0.9977783333333333,81.48426833333333,81.48426833333333 0.997755,81.48494166666667,81.48494166666667 0.9977233333333333,81.48561500000001,81.48561500000001 0.9976833333333333,81.48628999999998,81.48628999999998 0.9976383333333333,81.48696666666667,81.48696666666667 0.9975933333333332,81.48764333333334,81.48764333333334 0.9975466666666667,81.48832333333333,81.48832333333333 0.9974966666666666,81.48900666666665,81.48900666666665 0.9974466666666666,81.48969166666669,81.48969166666669 0.997395,81.49038333333333,81.49038333333333 0.99734,81.49107833333333,81.49107833333333 0.99728,81.49177833333334,81.49177833333334 0.9972233333333332,81.49247999999999,81.49247999999999 0.9971816666666666,81.49318499999998,81.49318499999998 0.9971533333333334,81.49389333333333,81.49389333333333 0.9971366666666667,81.4946,81.4946 0.9971316666666667,81.49530833333333,81.49530833333333 0.9971383333333333,81.49601666666668,81.49601666666668 0.9971483333333333,81.49672333333334,81.49672333333334 0.9971616666666667,81.49742833333333,81.49742833333333 0.9971783333333335,81.49813333333333,81.49813333333333 0.9972,81.49883833333332,81.49883833333332 0.9972283333333334,81.49954166666666,81.49954166666666 0.9972516666666665,81.50024499999999,81.50024499999999 0.9972733333333335,81.50094666666666,81.50094666666666 0.9973000000000001,81.50165,81.50165 0.9973316666666667,81.50235333333333,81.50235333333333 0.9973683333333334,81.50305833333333,81.50305833333333 0.9974116666666668,81.50376500000002,81.50376500000002 0.99746,81.50447000000001,81.50447000000001 0.9975166666666667,81.50517833333333,81.50517833333333 0.99758,81.505885,81.505885 0.9976483333333335,81.50659333333333,81.50659333333333 0.9977283333333333,81.50730166666668,81.50730166666668 0.997825,81.50801166666666,81.50801166666666 0.9979366666666666,81.50872166666667,81.50872166666667 0.9980549999999999,81.50943166666666,81.50943166666666 0.9981849999999999,81.51014166666666,81.51014166666666 0.9983233333333335,81.51085166666667,81.51085166666667 0.9984683333333333,81.51155999999999,81.51155999999999 0.9986183333333334,81.51227,81.51227 0.9987649999999999,81.51297833333334,81.51297833333334 0.9989033333333333,81.51368666666666,81.51368666666666 0.9990300000000001,81.51439333333332,81.51439333333332 0.9991400000000001,81.5151,81.5151 0.9992333333333332,81.51580833333335,81.51580833333335 0.9993200000000001,81.51651500000001,81.51651500000001 0.9994016666666666,81.51722333333333,81.51722333333333 0.9994733333333333,81.51793166666667,81.51793166666667 0.9995283333333332,81.51863999999999,81.51863999999999 0.9995716666666666,81.51934833333334,81.51934833333334 0.9996066666666666,81.52005833333332,81.52005833333332 0.9996383333333333,81.52077,81.52077 0.9996616666666668,81.52148,81.52148 0.9996816666666667,81.52219333333333,81.52219333333333 0.9997033333333332,81.52290666666667,81.52290666666667 0.9997266666666668,81.52362166666666,81.52362166666666 0.9997516666666668,81.52433666666668,81.52433666666668 0.9997716666666666,81.52505333333333,81.52505333333333 0.9997883333333334,81.52577166666666,81.52577166666666 0.9998033333333333,81.52649,81.52649 0.9998133333333332,81.52721000000001,81.52721000000001 0.99982,81.52792999999998,81.52792999999998 0.9998249999999999,81.52864833333334,81.52864833333334 0.9998333333333334,81.52936833333334,81.52936833333334 0.9998483333333333,81.53008833333334,81.53008833333334 0.9998666666666666,81.53081000000002,81.53081000000002 0.9998883333333332,81.53152999999999,81.53152999999999 0.9999166666666667,81.53225166666667,81.53225166666667 0.9999516666666668,81.53297166666667,81.53297166666667 0.9999866666666666,81.53369333333333,81.53369333333333 1.0000166666666668,81.53441500000001,81.53441500000001 1.0000466666666665,81.53513833333334,81.53513833333334 1.0000850000000001,81.53586,81.53586 1.00013,81.53658333333334,81.53658333333334 1.000175,81.53730666666667,81.53730666666667 1.000225,81.53802999999999,81.53802999999999 1.0002883333333332,81.53875333333333,81.53875333333333 1.0003633333333335,81.53947666666666,81.53947666666666 1.0004483333333334,81.54019666666666,81.54019666666666 1.000535,81.54091499999998,81.54091499999998 1.0006083333333333,81.54163166666666,81.54163166666666 1.0006766666666664,81.542345,81.542345 1.0007483333333331,81.54305500000001,81.54305500000001 1.000816666666667,81.54376333333333,81.54376333333333 1.0008716666666668,81.54446833333333,81.54446833333333 1.000905,81.54517000000001,81.54517000000001 1.00093,81.54586833333332,81.54586833333332 1.0009483333333333,81.546565,81.546565 1.0009599999999998,81.54725833333333,81.54725833333333 1.0009583333333334,81.54795000000001,81.54795000000001 1.0009533333333334,81.54863999999999,81.54863999999999 1.000951666666667,81.54932666666666,81.54932666666666 1.0009566666666667,81.550015,81.550015 1.000965,81.55070333333333,81.55070333333333 1.0009816666666667,81.55139166666666,81.55139166666666 1.0010083333333333,81.55208,81.55208 1.0010466666666664,81.55277,81.55277 1.0010966666666667,81.55346166666666,81.55346166666666 1.0011566666666667,81.55415166666667,81.55415166666667 1.0012283333333334,81.55484499999999,81.55484499999999 1.0012983333333334,81.55553833333335,81.55553833333335 1.0013533333333333,81.55623166666666,81.55623166666666 1.00139,81.55692666666668,81.55692666666668 1.0014049999999999,81.55762166666668,81.55762166666668 1.0013966666666665,81.55831833333333,81.55831833333333 1.0013633333333334,81.559015,81.559015 1.0013133333333333,81.55971166666666,81.55971166666666 1.0012433333333335,81.56040833333334,81.56040833333334 1.001155,81.561105,81.561105 1.0010583333333332,81.56180166666667,81.56180166666667 1.0009533333333334,81.56249833333332,81.56249833333332 1.0008416666666666,81.56319333333332,81.56319333333332 1.0007233333333334,81.56388833333334,81.56388833333334 1.0005966666666664,81.56458333333335,81.56458333333335 1.0004600000000003,81.56527666666665,81.56527666666665 1.0003116666666665,81.56597000000001,81.56597000000001 1.0001666666666666,81.56666166666666,81.56666166666666 1.0000316666666667,81.56735166666667,81.56735166666667 0.9999100000000001,81.56804166666669,81.56804166666669 0.9998033333333333,81.56873166666666,81.56873166666666 0.9997166666666666,81.56942166666666,81.56942166666666 0.999645,81.57011,81.57011 0.9995866666666667,81.57079999999999,81.57079999999999 0.9995316666666667,81.57149,81.57149 0.99948,81.57217999999999,81.57217999999999 0.9994316666666666,81.57287166666666,81.57287166666666 0.99939,81.57356166666668,81.57356166666668 0.9993449999999999,81.57424999999999,81.57424999999999 0.9992900000000001,81.57494000000001,81.57494000000001 0.9992283333333333,81.57562833333333,81.57562833333333 0.9991616666666666,81.57631666666666,81.57631666666666 0.9990933333333334,81.57700666666666,81.57700666666666 0.9990266666666667,81.57769499999999,81.57769499999999 0.9989616666666667,81.57838666666666,81.57838666666666 0.9988983333333334,81.57907666666668,81.57907666666668 0.9988416666666666,81.57976833333335,81.57976833333335 0.9988016666666665,81.58046,81.58046 0.99879,81.58115166666667,81.58115166666667 0.998805,81.58184166666666,81.58184166666666 0.9988333333333331,81.58253333333333,81.58253333333333 0.9988600000000002,81.58322333333334,81.58322333333334 0.998895,81.58391499999999,81.58391499999999 0.9989483333333333,81.584605,81.584605 0.9990033333333334,81.58529499999999,81.58529499999999 0.9990516666666668,81.58598666666666,81.58598666666666 0.9991,81.58667666666668,81.58667666666668 0.9991516666666667,81.58736833333334,81.58736833333334 0.9992016666666665,81.58806,81.58806 0.9992416666666667,81.58875166666667,81.58875166666667 0.9992716666666667,81.589445,81.589445 0.999295,81.59013833333334,81.59013833333334 0.9993183333333332,81.59083166666665,81.59083166666665 0.9993383333333333,81.59152666666667,81.59152666666667 0.9993583333333333,81.59222333333334,81.59222333333334 0.99937,81.59291999999999,81.59291999999999 0.99938,81.59362,81.59362 0.9993916666666667,81.59432166666667,81.59432166666667 0.9993966666666666,81.59502333333332,81.59502333333332 0.9993966666666666,81.59572833333334,81.59572833333334 0.9993933333333334,81.59643333333334,81.59643333333334 0.9993933333333334,81.59713833333333,81.59713833333333 0.9993983333333335,81.59784666666665,81.59784666666665 0.999415,81.598555,81.598555 0.9994383333333332,81.59926333333333,81.59926333333333 0.9994683333333334,81.59997333333332,81.59997333333332 0.9995033333333332,81.60068333333334,81.60068333333334 0.9995483333333335,81.60139333333335,81.60139333333335 0.9995999999999999,81.60210333333333,81.60210333333333 0.9996633333333332,81.60281166666667,81.60281166666667 0.9997383333333334,81.60352166666665,81.60352166666665 0.9998233333333334,81.60423166666666,81.60423166666666 0.9999066666666667,81.60494000000001,81.60494000000001 0.9999916666666666,81.60564833333333,81.60564833333333 1.0000749999999998,81.606355,81.606355 1.0001583333333333,81.60706166666667,81.60706166666667 1.000235,81.60776833333333,81.60776833333333 1.0003016666666666,81.60847499999998,81.60847499999998 1.0003466666666667,81.60918000000001,81.60918000000001 1.0003733333333333,81.609885,81.609885 1.0003800000000003,81.61059166666666,81.61059166666666 1.0003633333333335,81.61129666666669,81.61129666666669 1.000325,81.61200166666666,81.61200166666666 1.0002666666666669,81.61270666666665,81.61270666666665 1.0001916666666668,81.61341166666665,81.61341166666665 1.0001066666666667,81.61411833333334,81.61411833333334 1.0000116666666665,81.61482333333333,81.61482333333333 0.9999116666666666,81.61553,81.61553 0.9998083333333333,81.616235,81.616235 0.9997083333333333,81.61694166666666,81.61694166666666 0.9996083333333332,81.61764666666666,81.61764666666666 0.99951,81.61835333333335,81.61835333333335 0.9994183333333333,81.61906,81.61906 0.9993333333333333,81.61976666666666,81.61976666666666 0.9992583333333335,81.62047166666666,81.62047166666666 0.999185,81.62117666666666,81.62117666666666 0.99912,81.62188166666668,81.62188166666668 0.99907,81.62258666666668,81.62258666666668 0.9990300000000001,81.62329166666667,81.62329166666667 0.9989950000000001,81.62399500000001,81.62399500000001 0.9989633333333334,81.6247,81.6247 0.9989300000000001,81.625405,81.625405 0.9988933333333333,81.62611,81.62611 0.9988516666666667,81.62681500000001,81.62681500000001 0.998805,81.62752166666667,81.62752166666667 0.9987566666666667,81.62822666666666,81.62822666666666 0.9987033333333333,81.62893333333332,81.62893333333332 0.9986483333333332,81.62963833333332,81.62963833333332 0.9985933333333333,81.630345,81.630345 0.9985466666666667,81.63105333333333,81.63105333333333 0.9985166666666666,81.63176000000001,81.63176000000001 0.9985083333333333,81.63246833333334,81.63246833333334 0.9985116666666665,81.63317666666667,81.63317666666667 0.9985266666666666,81.63388499999999,81.63388499999999 0.9985550000000001,81.63459166666665,81.63459166666665 0.9986033333333335,81.63530166666666,81.63530166666666 0.9986716666666666,81.63601000000001,81.63601000000001 0.9987600000000001,81.63671833333333,81.63671833333333 0.9988666666666668,81.63742833333333,81.63742833333333 0.9989933333333334,81.63814,81.63814 0.9991400000000001,81.63884999999999,81.63884999999999 0.9993033333333333,81.63956166666667,81.63956166666667 0.9994766666666667,81.64027333333333,81.64027333333333 0.9996633333333332,81.64098666666666,81.64098666666666 0.9998566666666665,81.64169833333334,81.64169833333334 1.0000366666666667,81.64241333333332,81.64241333333332 1.0001966666666664,81.64312833333332,81.64312833333332 1.0003483333333332,81.64384333333334,81.64384333333334 1.0005016666666668,81.64456,81.64456 1.0006383333333333,81.64527500000001,81.64527500000001 1.0007416666666666,81.64599166666667,81.64599166666667 1.0008083333333335,81.64670833333334,81.64670833333334 1.000845,81.64742500000001,81.64742500000001 1.0008599999999999,81.64814166666667,81.64814166666667 1.0008583333333334,81.64885666666666,81.64885666666666 1.0008350000000001,81.64957166666666,81.64957166666666 1.0007866666666667,81.650285,81.650285 1.000716666666667,81.65099666666666,81.65099666666666 1.000635,81.65170666666667,81.65170666666667 1.0005483333333334,81.65241666666668,81.65241666666668 1.0004583333333334,81.65312333333334,81.65312333333334 1.0003616666666666,81.65383,81.65383 1.000263333333333,81.654535,81.654535 1.0001650000000002,81.65523833333333,81.65523833333333 1.0000650000000002,81.65594,81.65594 0.9999783333333335,81.65664000000001,81.65664000000001 0.9999066666666667,81.65734000000002,81.65734000000002 0.9998499999999999,81.65803666666667,81.65803666666667 0.9998050000000002,81.65873333333333,81.65873333333333 0.99977,81.65943,81.65943 0.9997349999999998,81.660125,81.660125 0.9996933333333334,81.66081833333332,81.66081833333332 0.9996566666666666,81.66151,81.66151 0.999615,81.66220333333334,81.66220333333334 0.9995633333333334,81.66289499999999,81.66289499999999 0.9995133333333333,81.663585,81.663585 0.9994683333333334,81.664275,81.664275 0.9994233333333333,81.664965,81.664965 0.9993716666666668,81.66565333333332,81.66565333333332 0.9993200000000001,81.66634166666667,81.66634166666667 0.99927,81.66702833333333,81.66702833333333 0.9992200000000001,81.66771333333332,81.66771333333332 0.9991699999999999,81.66839666666667,81.66839666666667 0.9991216666666667,81.66908000000001,81.66908000000001 0.99908,81.66976333333334,81.66976333333334 0.9990433333333333,81.67044499999999,81.67044499999999 0.9990083333333334,81.671125,81.671125 0.99898,81.67180499999999,81.67180499999999 0.9989550000000001,81.67248333333335,81.67248333333335 0.9989316666666667,81.67316333333333,81.67316333333333 0.9989100000000001,81.67384166666668,81.67384166666668 0.998895,81.67452166666666,81.67452166666666 0.9988833333333333,81.67520166666665,81.67520166666665 0.998875,81.67588166666667,81.67588166666667 0.9988699999999999,81.67656500000001,81.67656500000001 0.9988699999999999,81.67724833333334,81.67724833333334 0.9988716666666666,81.67793166666668,81.67793166666668 0.9988733333333333,81.67861833333335,81.67861833333335 0.9988733333333333,81.67930666666666,81.67930666666666 0.9988666666666668,81.67999499999999,81.67999499999999 0.9988533333333333,81.680685,81.680685 0.9988366666666667,81.68137499999999,81.68137499999999 0.9988133333333334,81.682065,81.682065 0.9987883333333334,81.68275666666668,81.68275666666668 0.9987649999999999,81.68344833333335,81.68344833333335 0.9987466666666667,81.68414166666666,81.68414166666666 0.998735,81.68483500000002,81.68483500000002 0.9987316666666668,81.68552833333332,81.68552833333332 0.9987383333333332,81.686225,81.686225 0.9987566666666667,81.68692166666668,81.68692166666668 0.9987833333333332,81.68762166666669,81.68762166666669 0.998805,81.68832333333333,81.68832333333333 0.9988183333333335,81.68902666666666,81.68902666666666 0.99883,81.68973,81.68973 0.9988366666666667,81.690435,81.690435 0.9988350000000001,81.69113999999999,81.69113999999999 0.9988266666666668,81.69184499999999,81.69184499999999 0.99882,81.69254833333332,81.69254833333332 0.9988149999999999,81.69325333333335,81.69325333333335 0.9988133333333334,81.69395666666665,81.69395666666665 0.9988133333333334,81.69465833333335,81.69465833333335 0.9988149999999999,81.69536166666666,81.69536166666666 0.9988149999999999,81.69606333333333,81.69606333333333 0.9988149999999999,81.69676666666666,81.69676666666666 0.9988149999999999,81.69747,81.69747 0.9988166666666666,81.69817500000002,81.69817500000002 0.9988233333333334,81.69887999999999,81.69887999999999 0.9988366666666667,81.69958833333334,81.69958833333334 0.998855,81.70029500000001,81.70029500000001 0.9988833333333333,81.70100333333333,81.70100333333333 0.9989183333333334,81.70171333333332,81.70171333333332 0.99896,81.70242333333333,81.70242333333333 0.9990016666666666,81.70313333333334,81.70313333333334 0.9990383333333334,81.70384666666666,81.70384666666666 0.99907,81.70455833333334,81.70455833333334 0.9990983333333333,81.70527166666668,81.70527166666668 0.9991266666666667,81.705985,81.705985 0.9991483333333334,81.7067,81.7067 0.9991683333333332,81.70741500000001,81.70741500000001 0.9991833333333333,81.70812833333332,81.70812833333332 0.9991933333333333,81.70884333333335,81.70884333333335 0.9991966666666666,81.70955833333333,81.70955833333333 0.9991933333333333,81.71027333333333,81.71027333333333 0.9991833333333333,81.71098666666667,81.71098666666667 0.9991683333333332,81.71170166666668,81.71170166666668 0.9991516666666667,81.712415,81.712415 0.999135,81.71312833333333,81.71312833333333 0.99912,81.71384166666665,81.71384166666665 0.9991116666666666,81.71455500000002,81.71455500000002 0.9991099999999999,81.71526833333334,81.71526833333334 0.9991166666666668,81.71598000000002,81.71598000000002 0.9991266666666667,81.71669,81.71669 0.9991383333333332,81.71740000000001,81.71740000000001 0.9991566666666667,81.71811,81.71811 0.9991800000000001,81.71881833333333,81.71881833333333 0.9991999999999999,81.71952666666665,81.71952666666665 0.999215,81.720235,81.720235 0.9992300000000001,81.72094166666669,81.72094166666669 0.99924,81.72164833333332,81.72164833333332 0.9992450000000002,81.72235500000001,81.72235500000001 0.99925,81.72306,81.72306 0.9992599999999999,81.723765,81.723765 0.9992716666666667,81.72447166666667,81.72447166666667 0.9992916666666667,81.72517666666666,81.72517666666666 0.9993150000000001,81.72588166666667,81.72588166666667 0.9993383333333333,81.72658833333332,81.72658833333332 0.9993616666666667,81.72729333333332,81.72729333333332 0.9993816666666665,81.72800000000001,81.72800000000001 0.9993949999999999,81.72870666666667,81.72870666666667 0.9994033333333334,81.72941333333333,81.72941333333333 0.999415,81.73012166666668,81.73012166666668 0.9994216666666667,81.73082833333333,81.73082833333333 0.9994200000000002,81.73153666666667,81.73153666666667 0.9994183333333333,81.73224499999999,81.73224499999999 0.999415,81.73295333333334,81.73295333333334 0.9994033333333334,81.73366166666666,81.73366166666666 0.9993816666666665,81.73436833333335,81.73436833333335 0.9993483333333334,81.73507500000001,81.73507500000001 0.9993033333333333,81.73578166666667,81.73578166666667 0.9992549999999999,81.73648666666666,81.73648666666666 0.999205,81.73719,81.73719 0.999155,81.737895,81.737895 0.9991049999999999,81.73859833333333,81.73859833333333 0.9990549999999999,81.7393,81.7393 0.9990083333333334,81.74000000000001,81.74000000000001 0.9989666666666668,81.74069999999999,81.74069999999999 0.99894,81.7414,81.7414 0.998925,81.74210000000001,81.74210000000001 0.9989216666666667,81.74279833333333,81.74279833333333 0.9989300000000001,81.74349666666667,81.74349666666667 0.9989516666666667,81.744195,81.744195 0.99898,81.74489333333332,81.74489333333332 0.99901,81.74559333333333,81.74559333333333 0.9990416666666666,81.74629166666668,81.74629166666668 0.99907,81.74699,81.74699 0.9990950000000001,81.74768833333333,81.74768833333333 0.9991133333333334,81.74838833333334,81.74838833333334 0.9991283333333332,81.74908833333335,81.74908833333335 0.9991400000000001,81.74978833333333,81.74978833333333 0.9991499999999999,81.75049166666666,81.75049166666666 0.9991516666666667,81.751195,81.751195 0.9991516666666667,81.75189833333333,81.75189833333333 0.9991533333333333,81.75260333333335,81.75260333333335 0.9991533333333333,81.75330999999998,81.75330999999998 0.9991516666666667,81.75401500000001,81.75401500000001 0.9991516666666667,81.75472,81.75472 0.9991533333333333,81.75542666666666,81.75542666666666 0.999155,81.75613333333334,81.75613333333334 0.9991516666666667,81.75684,81.75684 0.9991383333333332,81.757545,81.757545 0.9991216666666667,81.75824999999999,81.75824999999999 0.9991033333333333,81.75895499999999,81.75895499999999 0.9990783333333333,81.75966000000001,81.75966000000001 0.9990366666666667,81.76036333333332,81.76036333333332 0.9989766666666667,81.76106666666665,81.76106666666665 0.9988933333333333,81.76176833333335,81.76176833333335 0.9987933333333334,81.76247,81.76247 0.9986933333333333,81.76317333333333,81.76317333333333 0.9985999999999998,81.763875,81.763875 0.99851,81.76457833333333,81.76457833333333 0.9984333333333335,81.76528333333333,81.76528333333333 0.9983799999999999,81.76598666666666,81.76598666666666 0.9983583333333332,81.76669166666666,81.76669166666666 0.9983683333333333,81.76739833333332,81.76739833333332 0.9984083333333332,81.76810333333331,81.76810333333331 0.9984783333333334,81.76881,81.76881 0.9985733333333333,81.76951666666666,81.76951666666666 0.9986883333333333,81.77022500000001,81.77022500000001 0.9988116666666667,81.77093166666667,81.77093166666667 0.998925,81.77163999999999,81.77163999999999 0.999035,81.77234833333333,81.77234833333333 0.9991433333333333,81.77305666666665,81.77305666666665 0.9992483333333333,81.773765,81.773765 0.9993383333333333,81.77447333333332,81.77447333333332 0.99941,81.77518166666667,81.77518166666667 0.9994716666666665,81.77588833333333,81.77588833333333 0.9995233333333334,81.77659666666666,81.77659666666666 0.9995683333333333,81.77730499999998,81.77730499999998 0.9996083333333332,81.77801333333333,81.77801333333333 0.999645,81.77872000000002,81.77872000000002 0.9996783333333333,81.77942833333334,81.77942833333334 0.9997083333333333,81.780135,81.780135 0.9997349999999998,81.78084166666666,81.78084166666666 0.9997599999999999,81.78154833333333,81.78154833333333 0.9997900000000001,81.78225499999999,81.78225499999999 0.9998283333333333,81.78296166666668,81.78296166666668 0.9998699999999999,81.78366666666668,81.78366666666668 0.9999150000000002,81.78437166666664,81.78437166666664 0.9999616666666665,81.785075,81.785075 1.0000116666666665,81.78578,81.78578 1.0000650000000002,81.78648333333334,81.78648333333334 1.0001166666666668,81.78718833333333,81.78718833333333 1.0001650000000002,81.78789166666667,81.78789166666667 1.0002116666666667,81.78859833333333,81.78859833333333 1.0002566666666666,81.78930333333332,81.78930333333332 1.000305,81.79001000000001,81.79001000000001 1.0003616666666666,81.79071833333334,81.79071833333334 1.0004216666666668,81.79142666666667,81.79142666666667 1.0004749999999998,81.79213500000002,81.79213500000002 1.0005216666666668,81.792845,81.792845 1.0005650000000001,81.79355500000001,81.79355500000001 1.0006016666666668,81.79426666666667,81.79426666666667 1.0006233333333334,81.794975,81.794975 1.0006516666666667,81.795685,81.795685 1.0006783333333333,81.79639499999999,81.79639499999999 1.0007016666666666,81.79710333333334,81.79710333333334 1.0007249999999999,81.79781166666666,81.79781166666666 1.00075,81.79851833333333,81.79851833333333 1.000775,81.79922499999999,81.79922499999999 1.0008000000000001,81.79992999999999,81.79992999999999 1.0008183333333334,81.80063333333332,81.80063333333332 1.0008266666666668,81.80133833333332,81.80133833333332 1.00083,81.80204166666668,81.80204166666668 1.0008316666666668,81.80274500000002,81.80274500000002 1.0008266666666668,81.80344833333332,81.80344833333332 1.0008133333333333,81.80414999999999,81.80414999999999 1.0008000000000001,81.80485333333333,81.80485333333333 1.0007866666666667,81.805555,81.805555 1.0007716666666668,81.806255,81.806255 1.0007516666666667,81.806955,81.806955 1.0007266666666665,81.80765333333335,81.80765333333335 1.0007000000000001,81.80835166666667,81.80835166666667 1.0006716666666666,81.80904999999998,81.80904999999998 1.000635,81.80974666666665,81.80974666666665 1.000586666666667,81.81044333333334,81.81044333333334 1.000533333333333,81.81114,81.81114 1.00048,81.81183833333331,81.81183833333331 1.0004199999999999,81.812535,81.812535 1.000355,81.81323333333333,81.81323333333333 1.0002849999999999,81.81393166666668,81.81393166666668 1.0002133333333332,81.81463,81.81463 1.0001416666666665,81.81533,81.81533 1.0000666666666667,81.81603166666667,81.81603166666667 0.9999883333333333,81.81673333333332,81.81673333333332 0.9999116666666666,81.81743666666665,81.81743666666665 0.9998349999999999,81.81813999999999,81.81813999999999 0.9997583333333334,81.81884499999998,81.81884499999998 0.9996833333333335,81.81955,81.81955 0.9996066666666666,81.82025833333333,81.82025833333333 0.9995333333333334,81.82096499999999,81.82096499999999 0.9994616666666668,81.82167333333334,81.82167333333334 0.9993866666666666,81.82238000000001,81.82238000000001 0.9993083333333335,81.82308833333333,81.82308833333333 0.9992300000000001,81.82379333333333,81.82379333333333 0.999155,81.82450000000001,81.82450000000001 0.9990766666666668,81.82520333333332,81.82520333333332 0.9989950000000001,81.82590666666665,81.82590666666665 0.9989083333333334,81.82660833333333,81.82660833333333 0.99882,81.82731,81.82731 0.9987383333333332,81.82800999999999,81.82800999999999 0.9986716666666666,81.82870833333334,81.82870833333334 0.998625,81.829405,81.829405 0.998595,81.83010166666665,81.83010166666665 0.9985749999999998,81.83079666666666,81.83079666666666 0.998565,81.83149000000002,81.83149000000002 0.9985683333333332,81.83218166666666,81.83218166666666 0.9985733333333333,81.83287333333334,81.83287333333334 0.998585,81.83356500000001,81.83356500000001 0.9986016666666668,81.83425666666668,81.83425666666668 0.9986266666666667,81.83494833333333,81.83494833333333 0.9986600000000002,81.83564,81.83564 0.9986999999999999,81.83633166666668,81.83633166666668 0.9987466666666667,81.83702333333335,81.83702333333335 0.998805,81.837715,81.837715 0.998875,81.83840666666667,81.83840666666667 0.9989550000000001,81.83909999999999,81.83909999999999 0.9990450000000002,81.83979166666666,81.83979166666666 0.9991483333333334,81.84048333333332,81.84048333333332 0.9992649999999998,81.841175,81.841175 0.9993916666666667,81.84186833333334,81.84186833333334 0.9995266666666667,81.84256,81.84256 0.9996616666666668,81.84325333333332,81.84325333333332 0.9997916666666665,81.84394499999999,81.84394499999999 0.9999199999999998,81.84463666666667,81.84463666666667 1.0000516666666668,81.84533,81.84533 1.0001716666666667,81.84602,81.84602 1.000263333333333,81.84671166666666,81.84671166666666 1.0003283333333333,81.84740166666667,81.84740166666667 1.0003583333333335,81.84809166666666,81.84809166666666 1.0003483333333332,81.84878,81.84878 1.0002983333333333,81.84946833333333,81.84946833333333 1.0002183333333332,81.850155,81.850155 1.0001183333333332,81.85083999999999,81.85083999999999 1.000001666666667,81.85152500000002,81.85152500000002 0.9998699999999999,81.85221,81.85221 0.9997250000000001,81.85289166666666,81.85289166666666 0.9995816666666666,81.85357333333332,81.85357333333332 0.99945,81.854255,81.854255 0.9993316666666666,81.85493499999998,81.85493499999998 0.9992283333333333,81.855615,81.855615 0.9991450000000001,81.85629333333333,81.85629333333333 0.9990883333333334,81.85697166666667,81.85697166666667 0.9990533333333332,81.85764999999999,81.85764999999999 0.999035,81.85832833333335,81.85832833333335 0.9990233333333333,81.85900666666667,81.85900666666667 0.9990166666666667,81.85968333333334,81.85968333333334 0.999015,81.86036166666666,81.86036166666666 0.9990200000000001,81.86103833333333,81.86103833333333 0.9990266666666667,81.86171333333333,81.86171333333333 0.9990300000000001,81.86238833333333,81.86238833333333 0.9990300000000001,81.86306333333333,81.86306333333333 0.9990266666666667,81.86373666666667,81.86373666666667 0.9990183333333335,81.86441166666667,81.86441166666667 0.9990033333333334,81.86508333333332,81.86508333333332 0.9989866666666668,81.86575666666666,81.86575666666666 0.9989616666666667,81.86643166666666,81.86643166666666 0.998925,81.86710666666666,81.86710666666666 0.9988816666666668,81.86778333333332,81.86778333333332 0.9988350000000001,81.86846333333334,81.86846333333334 0.9987833333333332,81.86914333333335,81.86914333333335 0.9987283333333334,81.86982666666667,81.86982666666667 0.9986666666666668,81.87051166666666,81.87051166666666 0.998605,81.87119666666666,81.87119666666666 0.9985499999999999,81.87188333333333,81.87188333333333 0.9985049999999999,81.87256999999998,81.87256999999998 0.9984666666666667,81.87325666666668,81.87325666666668 0.9984433333333332,81.87394333333333,81.87394333333333 0.9984299999999999,81.87463,81.87463 0.9984200000000001,81.87531666666668,81.87531666666668 0.9984,81.87600166666665,81.87600166666665 0.9983700000000002,81.876685,81.876685 0.9983316666666667,81.87736833333334,81.87736833333334 0.9982916666666668,81.87805,81.87805 0.9982533333333333,81.87872999999999,81.87872999999999 0.9982216666666667,81.87941000000001,81.87941000000001 0.9981983333333333,81.88008833333333,81.88008833333333 0.9981800000000001,81.88076833333332,81.88076833333332 0.9981733333333332,81.88144833333334,81.88144833333334 0.9981800000000001,81.88213166666667,81.88213166666667 0.9981933333333334,81.88281333333332,81.88281333333332 0.9982133333333334,81.88349833333335,81.88349833333335 0.9982416666666667,81.88418499999999,81.88418499999999 0.9982766666666667,81.88487166666667,81.88487166666667 0.9983116666666665,81.88556166666667,81.88556166666667 0.9983500000000001,81.88625166666667,81.88625166666667 0.9983933333333334,81.88694333333333,81.88694333333333 0.9984399999999999,81.88763666666668,81.88763666666668 0.9984966666666668,81.88833166666667,81.88833166666667 0.9985583333333332,81.88902666666667,81.88902666666667 0.9986316666666667,81.88972333333334,81.88972333333334 0.9987116666666666,81.89041999999999,81.89041999999999 0.9988033333333334,81.89111666666665,81.89111666666665 0.9989,81.89181333333333,81.89181333333333 0.999005,81.89250833333334,81.89250833333334 0.9991166666666668,81.89320333333333,81.89320333333333 0.9992333333333332,81.89389833333333,81.89389833333333 0.9993499999999998,81.89459333333333,81.89459333333333 0.9994649999999999,81.89528666666666,81.89528666666666 0.9995783333333335,81.89598,81.89598 0.9996883333333333,81.89667333333334,81.89667333333334 0.9997933333333332,81.89736666666667,81.89736666666667 0.999895,81.89805833333334,81.89805833333334 1.000005,81.89874999999999,81.89874999999999 1.0001433333333334,81.89944,81.89944 1.0003333333333333,81.90013000000002,81.90013000000002 1.0005933333333334,81.90082,81.90082 1.0009266666666667,81.90150833333335,81.90150833333335 1.0013383333333332,81.90219499999999,81.90219499999999 1.0018266666666666,81.90288166666664,81.90288166666664 1.0023983333333333,81.90356499999999,81.90356499999999 1.003056666666667,81.90424666666667,81.90424666666667 1.00382,81.904925,81.904925 1.0046983333333332,81.90560166666667,81.90560166666667 1.0056933333333336,81.90627500000001,81.90627500000001 1.0067966666666668,81.90694666666667,81.90694666666667 1.0079966666666669,81.90761333333333,81.90761333333333 1.0092833333333335,81.90827666666667,81.90827666666667 1.0106499999999998,81.908935,81.908935 1.0121016666666667,81.90959000000001,81.90959000000001 1.0136433333333335,81.91024166666666,81.91024166666666 1.0152799999999997,81.91088833333333,81.91088833333333 1.017025,81.91152999999998,81.91152999999998 1.0188966666666663,81.91216666666665,81.91216666666665 1.0209133333333333,81.91279666666665,81.91279666666665 1.0230716666666668,81.91342166666666,81.91342166666666 1.0253549999999998,81.91403833333334,81.91403833333334 1.027755,81.91464833333333,81.91464833333333 1.0302716666666665,81.91525,81.91525 1.0329083333333335,81.91584333333334,81.91584333333334 1.0356683333333334,81.91642666666668,81.91642666666668 1.03855,81.91699833333334,81.91699833333334 1.0415499999999998,81.91756000000001,81.91756000000001 1.04467,81.91810833333334,81.91810833333334 1.0479066666666665,81.918645,81.918645 1.0512633333333334,81.91916666666665,81.91916666666665 1.0547433333333331,81.919675,81.919675 1.0583466666666665,81.920165,81.920165 1.0620616666666667,81.92064166666667,81.92064166666667 1.0658683333333332,81.92110333333333,81.92110333333333 1.06973,81.92155666666666,81.92155666666666 1.0736183333333333,81.922005,81.922005 1.0775033333333335,81.92245333333334,81.92245333333334 1.0813683333333333,81.922905,81.922905 1.0851983333333335,81.92336,81.92336 1.0889666666666666,81.92382333333333,81.92382333333333 1.0926566666666666,81.92429833333334,81.92429833333334 1.09625,81.92478333333332,81.92478333333332 1.0997350000000001,81.92528333333334,81.92528333333334 1.1030933333333333,81.92579666666668,81.92579666666668 1.1063066666666668,81.92632666666667,81.92632666666667 1.1093516666666665,81.92687500000001,81.92687500000001 1.1122183333333333,81.92743999999999,81.92743999999999 1.1148900000000002,81.928025,81.928025 1.1173566666666666,81.92862666666666,81.92862666666666 1.1195966666666666,81.92924666666666,81.92924666666666 1.121575,81.92988333333334,81.92988333333334 1.1232683333333333,81.93053666666667,81.93053666666667 1.1246616666666667,81.931205,81.931205 1.1257733333333333,81.93188166666667,81.93188166666667 1.1266483333333335,81.932565,81.932565 1.12732,81.93325333333335,81.93325333333335 1.1277949999999999,81.933945,81.933945 1.128091666666667,81.93464,81.93464 1.1282383333333332,81.935335,81.935335 1.1282616666666665,81.93603166666668,81.93603166666668 1.1281700000000001,81.93672666666666,81.93672666666666 1.1279533333333334,81.93742166666665,81.93742166666665 1.1275983333333335,81.93811333333332,81.93811333333332 1.1271166666666668,81.93880166666668,81.93880166666668 1.1264949999999998,81.939485,81.939485 1.1256916666666668,81.94016333333333,81.94016333333333 1.1246683333333332,81.94083166666667,81.94083166666667 1.1233900000000003,81.94149000000002,81.94149000000002 1.1218383333333333,81.94213166666667,81.94213166666667 1.1200350000000001,81.94275833333332,81.94275833333332 1.1180116666666664,81.94336666666666,81.94336666666666 1.1157700000000002,81.94396,81.94396 1.1133116666666667,81.94453333333331,81.94453333333331 1.110628333333333,81.94508666666667,81.94508666666667 1.107715,81.94561666666667,81.94561666666667 1.1045883333333335,81.94612000000001,81.94612000000001 1.1012566666666666,81.94659833333334,81.94659833333334 1.0977333333333334,81.94705166666667,81.94705166666667 1.0940133333333333,81.947475,81.947475 1.0901,81.94786333333334,81.94786333333334 1.086013333333333,81.94821666666665,81.94821666666665 1.0817716666666668,81.94853499999999,81.94853499999999 1.0774000000000001,81.94881999999998,81.94881999999998 1.0729016666666666,81.94907166666668,81.94907166666668 1.0682866666666666,81.94929,81.94929 1.0635716666666668,81.94947333333333,81.94947333333333 1.0587299999999997,81.94961166666667,81.94961166666667 1.0538183333333335,81.949705,81.949705 1.0488600000000001,81.94975666666666,81.94975666666666 1.0439083333333334,81.94977166666666,81.94977166666666 1.038968333333333,81.94975166666667,81.94975166666667 1.0340566666666668,81.94969999999999,81.94969999999999 1.0291766666666666,81.94961833333333,81.94961833333333 1.0243349999999998,81.94950666666666,81.94950666666666 1.0195616666666665,81.94935666666667,81.94935666666667 1.0148766666666666,81.94916666666667,81.94916666666667 1.0103133333333332,81.948935,81.948935 1.0058583333333333,81.94866833333334,81.94866833333334 1.0015150000000002,81.94837000000001,81.94837000000001 0.9973166666666666,81.94803166666668,81.94803166666668 0.9933116666666667,81.94765,81.94765 0.9894833333333334,81.94723666666667,81.94723666666667 0.9858783333333334,81.94678666666667,81.94678666666667 0.9825133333333335,81.94630166666668,81.94630166666668 0.9793933333333332,81.94578833333334,81.94578833333334 0.976505,81.94524833333334,81.94524833333334 0.9738266666666667,81.944685,81.944685 0.9713916666666665,81.94409833333334,81.94409833333334 0.9692083333333333,81.94348666666666,81.94348666666666 0.9673216666666666,81.94285333333335,81.94285333333335 0.9657500000000001,81.9422,81.9422 0.9644883333333333,81.94153333333334,81.94153333333334 0.9635133333333332,81.94085499999998,81.94085499999998 0.9628066666666666,81.94016666666666,81.94016666666666 0.9623849999999999,81.93947333333335,81.93947333333335 0.9622449999999999,81.938775,81.938775 0.9623533333333333,81.93807333333334,81.93807333333334 0.9626849999999999,81.937375,81.937375 0.9632416666666668,81.93667833333335,81.93667833333335 0.963975,81.93598499999999,81.93598499999999 0.9648450000000001,81.93529833333332,81.93529833333332 0.96582,81.934615,81.934615 0.9668733333333334,81.93393833333333,81.93393833333333 0.9679783333333333,81.93326666666667,81.93326666666667 0.9691033333333333,81.93260000000001,81.93260000000001 0.97023,81.93193333333335,81.93193333333335 0.9713766666666669,81.93127166666666,81.93127166666666 0.972565,81.93061333333334,81.93061333333334 0.9737983333333333,81.92995666666667,81.92995666666667 0.97506,81.92930333333332,81.92930333333332 0.9763433333333331,81.92865166666667,81.92865166666667 0.97764,81.92800000000001,81.92800000000001 0.9789516666666667,81.92734833333334,81.92734833333334 0.9802816666666665,81.92669666666669,81.92669666666669 0.9816383333333335,81.92604666666666,81.92604666666666 0.9829950000000001,81.92539499999998,81.92539499999998 0.9843216666666667,81.92474166666666,81.92474166666666 0.9855899999999999,81.924085,81.924085 0.9867833333333332,81.92342500000001,81.92342500000001 0.9878966666666665,81.92276333333334,81.92276333333334 0.9889466666666668,81.92209833333332,81.92209833333332 0.98994,81.92143166666666,81.92143166666666 0.990865,81.92076333333334,81.92076333333334 0.9917050000000001,81.92009166666666,81.92009166666666 0.9924516666666666,81.91941666666666,81.91941666666666 0.993105,81.91873833333334,81.91873833333334 0.9936633333333333,81.91805666666669,81.91805666666669 0.9941233333333332,81.91737333333334,81.91737333333334 0.9944883333333333,81.916685,81.916685 0.9947683333333336,81.91599500000001,81.91599500000001 0.9949783333333333,81.915305,81.915305 0.9951366666666666,81.91461166666666,81.91461166666666 0.99527,81.91391833333333,81.91391833333333 0.995415,81.91322333333333,81.91322333333333 0.9955983333333333,81.91252999999999,81.91252999999999 0.9958216666666665,81.911835,81.911835 0.9960616666666666,81.91114,81.91114 0.9963,81.91044333333333,81.91044333333333 0.9965400000000001,81.90974500000002,81.90974500000002 0.9967999999999999,81.90904666666667,81.90904666666667 0.9970916666666666,81.908345,81.908345 0.9974100000000001,81.90764166666666,81.90764166666666 0.9977450000000001,81.90693666666667,81.90693666666667 0.9980883333333332,81.90623166666667,81.90623166666667 0.9984399999999999,81.90552333333332,81.90552333333332 0.9987950000000001,81.90481333333334,81.90481333333334 0.9991416666666667,81.90410000000001,81.90410000000001 0.9994649999999999,81.90338666666668,81.90338666666668 0.9997566666666667,81.90267166666666,81.90267166666666 1.000005,81.901955,81.901955 1.0001950000000002,81.90123666666666,81.90123666666666 1.0003133333333334,81.90051499999998,81.90051499999998 1.0003616666666666,81.89979166666666,81.89979166666666 1.000345,81.89906666666667,81.89906666666667 1.0002733333333333,81.89833833333334,81.89833833333334 1.0001616666666666,81.89760833333334,81.89760833333334 1.00002,81.896875,81.896875 0.9998483333333333,81.89613833333334,81.89613833333334 0.999655,81.8954,81.8954 0.99945,81.89465833333333,81.89465833333333 0.9992483333333333,81.893915,81.893915 0.99907,81.89316999999998,81.89316999999998 0.9989183333333334,81.89242833333333,81.89242833333333 0.9988033333333334,81.89168666666666,81.89168666666666 0.9987333333333333,81.89094833333334,81.89094833333334 0.9987199999999999,81.89021333333332,81.89021333333332 0.9987583333333333,81.88948166666668,81.88948166666668 0.9988383333333333,81.888755,81.888755 0.9989466666666666,81.88803333333334,81.88803333333334 0.9990666666666667,81.88731500000002,81.88731500000002 0.9991833333333333,81.8866,81.8866 0.9992983333333334,81.88588833333333,81.88588833333333 0.9994033333333334,81.88518,81.88518 0.999495,81.88447333333335,81.88447333333335 0.99957,81.88377000000001,81.88377000000001 0.9996216666666666,81.88306833333331,81.88306833333331 0.99965,81.88236666666667,81.88236666666667 0.9996583333333333,81.88166833333332,81.88166833333332 0.99965,81.88097166666667,81.88097166666667 0.9996266666666667,81.880275,81.880275 0.9995983333333335,81.87958,81.87958 0.99957,81.87888500000001,81.87888500000001 0.9995516666666667,81.87819166666667,81.87819166666667 0.9995483333333335,81.87750166666666,81.87750166666666 0.999565,81.87681166666667,81.87681166666667 0.9996033333333333,81.87612333333333,81.87612333333333 0.9996666666666666,81.87543666666666,81.87543666666666 0.9997533333333333,81.87475166666667,81.87475166666667 0.99986,81.87406833333333,81.87406833333333 0.9999866666666666,81.87338500000001,81.87338500000001 1.0001316666666669,81.872705,81.872705 1.0002866666666668,81.87202333333333,81.87202333333333 1.0004483333333334,81.87134166666668,81.87134166666668 1.0006066666666666,81.87066,81.87066 1.0007533333333332,81.86997833333332,81.86997833333332 1.0008883333333332,81.869295,81.869295 1.0010083333333333,81.86861000000002,81.86861000000002 1.0011133333333335,81.86792666666668,81.86792666666668 1.0012066666666666,81.86724,81.86724 1.00129,81.86655333333333,81.86655333333333 1.0013633333333334,81.86586666666666,81.86586666666666 1.00143,81.86517833333335,81.86517833333335 1.0014866666666669,81.86448999999999,81.86448999999999 1.0015366666666667,81.86380166666667,81.86380166666667 1.0015833333333333,81.86311166666665,81.86311166666665 1.001625,81.86242166666665,81.86242166666665 1.0016566666666666,81.86173,81.86173 1.0016766666666668,81.86103833333333,81.86103833333333 1.0016850000000002,81.86034500000001,81.86034500000001 1.0016883333333333,81.85965166666665,81.85965166666665 1.0016850000000002,81.85895833333335,81.85895833333335 1.0016766666666668,81.858265,81.858265 1.001665,81.85757166666667,81.85757166666667 1.0016466666666666,81.85687833333334,81.85687833333334 1.0016233333333333,81.856185,81.856185 1.0015933333333333,81.85549,81.85549 1.0015550000000002,81.85479500000001,81.85479500000001 1.0015099999999997,81.85409666666666,81.85409666666666 1.0014533333333333,81.85339666666667,81.85339666666667 1.00139,81.85269333333333,81.85269333333333 1.0013133333333333,81.85198833333334,81.85198833333334 1.0012300000000003,81.85128,81.85128 1.0011366666666668,81.85056999999999,81.85056999999999 1.001035,81.84985833333334,81.84985833333334 1.0009283333333332,81.84914333333333,81.84914333333333 1.0008183333333334,81.84842666666667,81.84842666666667 1.0007000000000001,81.84770833333333,81.84770833333333 1.0005783333333336,81.84698666666665,81.84698666666665 1.000465,81.84626499999999,81.84626499999999 1.0003633333333335,81.84554166666666,81.84554166666666 1.0002733333333333,81.84481666666666,81.84481666666666 1.00019,81.84409166666667,81.84409166666667 1.0001066666666667,81.84336333333333,81.84336333333333 1.00002,81.84263666666668,81.84263666666668 0.9999283333333333,81.84190666666667,81.84190666666667 0.9998266666666666,81.84117666666667,81.84117666666667 0.9997183333333333,81.840445,81.840445 0.9996033333333333,81.83971166666667,81.83971166666667 0.9994883333333333,81.83897666666668,81.83897666666668 0.9993749999999999,81.83824,81.83824 0.9992683333333333,81.83750333333334,81.83750333333334 0.9991716666666668,81.83676666666666,81.83676666666666 0.9990866666666666,81.83603,81.83603 0.9990183333333335,81.83529166666668,81.83529166666668 0.9989733333333334,81.834555,81.834555 0.9989516666666667,81.83381666666668,81.83381666666668 0.9989533333333334,81.83308,81.83308 0.9989683333333332,81.83234333333333,81.83234333333333 0.9989933333333334,81.83160666666667,81.83160666666667 0.9990300000000001,81.83087166666665,81.83087166666665 0.9990816666666668,81.83013833333332,81.83013833333332 0.9991466666666667,81.829405,81.829405 0.9992183333333333,81.82867333333333,81.82867333333333 0.9993016666666666,81.82794333333332,81.82794333333332 0.9994,81.82721500000001,81.82721500000001 0.9995116666666667,81.82648833333333,81.82648833333333 0.9996316666666666,81.82576166666666,81.82576166666666 0.9997533333333333,81.82503833333334,81.82503833333334 0.9998666666666666,81.82431333333335,81.82431333333335 0.9999666666666666,81.82359166666667,81.82359166666667 1.0000483333333334,81.82286999999998,81.82286999999998 1.000115,81.82214833333335,81.82214833333335 1.0001616666666666,81.82142833333333,81.82142833333333 1.0001866666666668,81.82070999999999,81.82070999999999 1.0001883333333335,81.81999166666667,81.81999166666667 1.000168333333333,81.81927333333333,81.81927333333333 1.0001283333333335,81.81855666666667,81.81855666666667 1.0000650000000002,81.81783999999999,81.81783999999999 0.9999866666666666,81.81712499999999,81.81712499999999 0.9998916666666666,81.81641,81.81641 0.9997833333333335,81.81569333333334,81.81569333333334 0.9996700000000001,81.81498,81.81498 0.9995550000000001,81.81426499999999,81.81426499999999 0.999445,81.81354999999999,81.81354999999999 0.9993416666666668,81.81283833333333,81.81283833333333 0.9992516666666668,81.812125,81.812125 0.9991800000000001,81.81141333333332,81.81141333333332 0.999125,81.81070333333334,81.81070333333334 0.9990866666666666,81.80999333333334,81.80999333333334 0.9990666666666667,81.80928333333333,81.80928333333333 0.9990616666666667,81.808575,81.808575 0.9990649999999999,81.80786833333332,81.80786833333332 0.9990749999999999,81.80716,81.80716 0.9990933333333334,81.80645333333334,81.80645333333334 0.99912,81.80574666666666,81.80574666666666 0.9991533333333333,81.80504,81.80504 0.9991966666666666,81.80433500000001,81.80433500000001 0.9992483333333333,81.80363000000001,81.80363000000001 0.9993116666666666,81.80292666666665,81.80292666666665 0.9993850000000001,81.80222166666668,81.80222166666668 0.9994700000000001,81.80151833333332,81.80151833333332 0.9995633333333334,81.80081499999999,81.80081499999999 0.9996649999999999,81.80011166666668,81.80011166666668 0.9997766666666666,81.79940833333335,81.79940833333335 0.9998966666666667,81.79870333333332,81.79870333333332 1.0000233333333333,81.79799833333333,81.79799833333333 1.0001449999999998,81.79729333333333,81.79729333333333 1.0002583333333335,81.79658666666667,81.79658666666667 1.00036,81.79588166666667,81.79588166666667 1.000451666666667,81.79517499999999,81.79517499999999 1.0005283333333332,81.79446999999999,81.79446999999999 1.0005899999999999,81.79376666666666,81.79376666666666 1.000635,81.79306333333335,81.79306333333335 1.000668333333333,81.79236333333334,81.79236333333334 1.0006883333333334,81.79166333333333,81.79166333333333 1.0006983333333332,81.79096500000001,81.79096500000001 1.0006933333333332,81.79026833333334,81.79026833333334 1.0006766666666664,81.78957499999999,81.78957499999999 1.0006500000000003,81.78888166666668,81.78888166666668 1.0006166666666667,81.78819,81.78819 1.000575,81.7875,81.7875 1.0005249999999997,81.78680833333333,81.78680833333333 1.0004699999999997,81.78611833333333,81.78611833333333 1.0004066666666664,81.78542666666667,81.78542666666667 1.0003416666666667,81.78473500000001,81.78473500000001 1.00027,81.78404166666665,81.78404166666665 1.0001933333333333,81.78334833333334,81.78334833333334 1.0001100000000003,81.782655,81.782655 1.00002,81.78196000000001,81.78196000000001 0.999925,81.78126833333333,81.78126833333333 0.9998283333333333,81.78057666666666,81.78057666666666 0.9997299999999999,81.779885,81.779885 0.9996433333333334,81.779195,81.779195 0.9995766666666666,81.77850666666667,81.77850666666667 0.99954,81.77782000000002,81.77782000000002 0.9995333333333334,81.77713333333332,81.77713333333332 0.9995483333333335,81.77644833333333,81.77644833333333 0.9995816666666666,81.77576666666668,81.77576666666668 0.9996300000000001,81.775085,81.775085 0.9997,81.77440333333332,81.77440333333332 0.9997866666666666,81.77372333333332,81.77372333333332 0.9998833333333336,81.773045,81.773045 0.9999866666666666,81.77236833333333,81.77236833333333 1.000095,81.77169333333333,81.77169333333333 1.0002016666666667,81.77101833333333,81.77101833333333 1.00031,81.77034499999999,81.77034499999999 1.0004216666666668,81.76967166666667,81.76967166666667 1.0005383333333335,81.76899833333333,81.76899833333333 1.0006583333333336,81.76832666666665,81.76832666666665 1.000775,81.76765333333331,81.76765333333331 1.0008816666666667,81.76698166666667,81.76698166666667 1.0009783333333335,81.76630833333333,81.76630833333333 1.0010700000000001,81.76563333333333,81.76563333333333 1.00116,81.76495833333333,81.76495833333333 1.0012400000000001,81.76428333333332,81.76428333333332 1.00131,81.76360833333332,81.76360833333332 1.00137,81.76293166666666,81.76293166666666 1.0014216666666667,81.76225333333333,81.76225333333333 1.001465,81.76157333333335,81.76157333333335 1.0014983333333334,81.76089333333333,81.76089333333333 1.0015266666666665,81.76021333333333,81.76021333333333 1.0015500000000002,81.75953333333334,81.75953333333334 1.00157,81.75885166666666,81.75885166666666 1.0015833333333333,81.75816833333334,81.75816833333334 1.0015916666666667,81.75748666666667,81.75748666666667 1.0015899999999998,81.75680333333334,81.75680333333334 1.0015766666666666,81.75612,81.75612 1.0015550000000002,81.75543499999999,81.75543499999999 1.0015266666666665,81.75475,81.75475 1.001491666666667,81.754065,81.754065 1.0014483333333333,81.75337833333333,81.75337833333333 1.001395,81.75269166666668,81.75269166666668 1.0013333333333332,81.75200333333335,81.75200333333335 1.0012666666666665,81.751315,81.751315 1.0011983333333332,81.75062666666665,81.75062666666665 1.0011266666666665,81.74993666666667,81.74993666666667 1.0010516666666667,81.74924499999999,81.74924499999999 1.00098,81.74855500000001,81.74855500000001 1.00091,81.74786333333333,81.74786333333333 1.0008466666666667,81.74717333333332,81.74717333333332 1.0007916666666667,81.74648166666665,81.74648166666665 1.0007466666666667,81.74579,81.74579 1.000715,81.74509833333333,81.74509833333333 1.0006983333333332,81.74440666666665,81.74440666666665 1.0006899999999999,81.74371333333335,81.74371333333335 1.0006883333333334,81.74302166666666,81.74302166666666 1.0006883333333334,81.74232833333333,81.74232833333333 1.0006899999999999,81.74163666666666,81.74163666666666 1.0006899999999999,81.74094499999998,81.74094499999998 1.0006899999999999,81.740255,81.740255 1.0006883333333334,81.73956333333332,81.73956333333332 1.0006816666666665,81.73887333333334,81.73887333333334 1.000668333333333,81.73818333333332,81.73818333333332 1.0006483333333334,81.73749166666666,81.73749166666666 1.0006233333333334,81.73680166666666,81.73680166666666 1.0005899999999999,81.73611166666666,81.73611166666666 1.0005466666666665,81.73542166666667,81.73542166666667 1.0004933333333335,81.73473,81.73473 1.0004283333333333,81.73404000000001,81.73404000000001 1.0003516666666665,81.73334833333334,81.73334833333334 1.000265,81.73265666666667,81.73265666666667 1.0001666666666666,81.73196666666665,81.73196666666665 1.0000566666666668,81.73127500000001,81.73127500000001 0.9999366666666667,81.73058499999999,81.73058499999999 0.9998083333333333,81.72989500000001,81.72989500000001 0.9996750000000001,81.72920666666666,81.72920666666666 0.9995483333333335,81.72851666666668,81.72851666666668 0.9994333333333333,81.72782833333335,81.72782833333335 0.9993333333333333,81.72714,81.72714 0.9992433333333334,81.72645333333334,81.72645333333334 0.9991633333333335,81.72576666666667,81.72576666666667 0.9990933333333334,81.72508166666665,81.72508166666665 0.999035,81.72439833333334,81.72439833333334 0.9989816666666667,81.723715,81.723715 0.9989266666666666,81.72303333333333,81.72303333333333 0.9988699999999999,81.72235333333334,81.72235333333334 0.9988166666666666,81.72167166666667,81.72167166666667 0.9987633333333334,81.72099166666668,81.72099166666668 0.998715,81.72031,81.72031 0.9986716666666666,81.71963000000001,81.71963000000001 0.9986350000000002,81.71894833333334,81.71894833333334 0.998605,81.718265,81.718265 0.998585,81.71758166666666,81.71758166666666 0.9985733333333333,81.7169,81.7169 0.9985733333333333,81.71621499999999,81.71621499999999 0.9985883333333334,81.71553166666665,81.71553166666665 0.9986183333333334,81.71484666666667,81.71484666666667 0.9986650000000001,81.71416166666666,81.71416166666666 0.9987283333333334,81.71347499999999,81.71347499999999 0.99881,81.71278833333334,81.71278833333334 0.9989049999999999,81.71210166666667,81.71210166666667 0.99901,81.71141333333334,81.71141333333334 0.9991216666666667,81.71072333333333,81.71072333333333 0.9992416666666667,81.71003166666667,81.71003166666667 0.9993666666666668,81.70934000000001,81.70934000000001 0.9994916666666666,81.70864499999999,81.70864499999999 0.9996083333333332,81.70795,81.70795 0.99971,81.70725333333333,81.70725333333333 0.9997966666666667,81.70655499999998,81.70655499999998 0.9998699999999999,81.70585666666666,81.70585666666666 0.999925,81.70515499999999,81.70515499999999 0.9999566666666666,81.70445166666666,81.70445166666666 0.9999683333333333,81.70374666666666,81.70374666666666 0.9999566666666666,81.70304,81.70304 0.999925,81.70233333333334,81.70233333333334 0.9998783333333334,81.70162499999999,81.70162499999999 0.9998183333333333,81.700915,81.700915 0.9997499999999999,81.70020333333335,81.70020333333335 0.9996700000000001,81.69949166666667,81.69949166666667 0.9995800000000001,81.69877833333334,81.69877833333334 0.9994883333333333,81.69806666666668,81.69806666666668 0.9994066666666666,81.69735333333334,81.69735333333334 0.9993383333333333,81.69663999999999,81.69663999999999 0.9992816666666666,81.69592666666668,81.69592666666668 0.9992333333333332,81.69521333333334,81.69521333333334 0.9991966666666666,81.6945,81.6945 0.9991733333333334,81.69378666666665,81.69378666666665 0.9991583333333334,81.69307333333332,81.69307333333332 0.9991466666666667,81.69235666666667,81.69235666666667 0.999135,81.69164,81.69164 0.999125,81.69092333333333,81.69092333333333 0.99912,81.69020333333332,81.69020333333332 0.99912,81.68948333333334,81.68948333333334 0.9991283333333332,81.68876333333333,81.68876333333333 0.9991433333333333,81.68804333333333,81.68804333333333 0.9991633333333335,81.68732333333334,81.68732333333334 0.9991833333333333,81.68660333333334,81.68660333333334 0.9992016666666665,81.68588166666667,81.68588166666667 0.9992166666666666,81.68516166666666,81.68516166666666 0.9992233333333332,81.68444166666666,81.68444166666666 0.9992216666666667,81.68372166666667,81.68372166666667 0.9992116666666667,81.68300166666667,81.68300166666667 0.9991950000000002,81.68228333333333,81.68228333333333 0.9991716666666668,81.681565,81.681565 0.9991433333333333,81.68084833333334,81.68084833333334 0.9991150000000001,81.68013166666667,81.68013166666667 0.9990950000000001,81.67941666666667,81.67941666666667 0.9990833333333334,81.67870333333335,81.67870333333335 0.9990816666666668,81.67799000000001,81.67799000000001 0.9990849999999999,81.67727833333333,81.67727833333333 0.9990883333333334,81.67656833333334,81.67656833333334 0.99909,81.67585833333332,81.67585833333332 0.9990883333333334,81.67515166666666,81.67515166666666 0.9990866666666666,81.67444333333331,81.67444333333331 0.9990883333333334,81.67373833333332,81.67373833333332 0.9990933333333334,81.67303333333332,81.67303333333332 0.9991033333333333,81.67233166666665,81.67233166666665 0.9991166666666668,81.67163000000001,81.67163000000001 0.9991366666666666,81.67092833333334,81.67092833333334 0.9991616666666666,81.67023000000002,81.67023000000002 0.9991950000000002,81.66953166666667,81.66953166666667 0.9992416666666667,81.668835,81.668835 0.9992983333333334,81.66813833333335,81.66813833333335 0.99937,81.66744166666666,81.66744166666666 0.9994633333333333,81.666745,81.666745 0.9995766666666666,81.66604833333334,81.66604833333334 0.9997050000000001,81.66535333333331,81.66535333333331 0.9998483333333333,81.66465666666666,81.66465666666666 1.0000033333333334,81.66396,81.66396 1.0001666666666666,81.663265,81.663265 1.0003316666666668,81.66256833333334,81.66256833333334 1.0005016666666668,81.66187333333335,81.66187333333335 1.0006733333333335,81.66117833333332,81.66117833333332 1.0008466666666667,81.66048333333332,81.66048333333332 1.0010150000000002,81.65978666666666,81.65978666666666 1.0011733333333335,81.65909166666667,81.65909166666667 1.0013233333333333,81.658395,81.658395 1.001465,81.65769833333334,81.65769833333334 1.0016033333333332,81.65700166666669,81.65700166666669 1.0017383333333332,81.65630333333334,81.65630333333334 1.0018766666666665,81.65560666666667,81.65560666666667 1.0020166666666666,81.65490833333332,81.65490833333332 1.002158333333333,81.65421,81.65421 1.0022983333333333,81.65351,81.65351 1.002435,81.65281166666668,81.65281166666668 1.00257,81.65211166666667,81.65211166666667 1.0027116666666667,81.65141166666668,81.65141166666668 1.00286,81.65071166666667,81.65071166666667 1.0030133333333333,81.65001166666666,81.65001166666666 1.0031549999999998,81.64931166666668,81.64931166666668 1.0032733333333335,81.64861166666667,81.64861166666667 1.0033699999999999,81.64791,81.64791 1.003455,81.64720833333335,81.64720833333335 1.0035216666666666,81.64650499999999,81.64650499999999 1.0035649999999998,81.64580166666666,81.64580166666666 1.0035833333333335,81.64509833333332,81.64509833333332 1.003575,81.64439500000002,81.64439500000002 1.0035516666666664,81.64368999999999,81.64368999999999 1.0035066666666668,81.642985,81.642985 1.0034383333333332,81.64227833333334,81.64227833333334 1.0033483333333335,81.64157166666668,81.64157166666668 1.0032499999999998,81.64086499999999,81.64086499999999 1.003143333333333,81.64015666666666,81.64015666666666 1.0030350000000001,81.63944833333333,81.63944833333333 1.0029266666666667,81.63874000000001,81.63874000000001 1.0028116666666667,81.63803,81.63803 1.002695,81.63731999999999,81.63731999999999 1.0025749999999998,81.63660833333333,81.63660833333333 1.0024583333333332,81.63589666666668,81.63589666666668 1.0023500000000003,81.635185,81.635185 1.0022516666666665,81.63447166666667,81.63447166666667 1.0021633333333333,81.63375666666668,81.63375666666668 1.0020783333333334,81.63304166666666,81.63304166666666 1.0019983333333333,81.63232500000001,81.63232500000001 1.001923333333333,81.63160666666666,81.63160666666666 1.0018516666666664,81.63089000000001,81.63089000000001 1.0017800000000001,81.63016999999999,81.63016999999999 1.001706666666667,81.62945166666668,81.62945166666668 1.0016350000000003,81.62873166666667,81.62873166666667 1.0015666666666665,81.62801166666667,81.62801166666667 1.0015016666666667,81.62729166666666,81.62729166666666 1.0014433333333335,81.62657166666665,81.62657166666665 1.001395,81.62585166666668,81.62585166666668 1.00135,81.62513166666666,81.62513166666666 1.0013033333333334,81.62441,81.62441 1.0012516666666669,81.62368833333333,81.62368833333333 1.0012,81.62296666666666,81.62296666666666 1.0011516666666667,81.62224500000002,81.62224500000002 1.0011116666666666,81.62152333333333,81.62152333333333 1.0010716666666666,81.62079999999999,81.62079999999999 1.0010316666666665,81.62007666666666,81.62007666666666 1.0009966666666665,81.61935333333334,81.61935333333334 1.0009716666666666,81.61862833333333,81.61862833333333 1.0009666666666668,81.61790333333335,81.61790333333335 1.00098,81.61717833333333,81.61717833333333 1.0010133333333333,81.61645333333334,81.61645333333334 1.0010583333333332,81.61572833333334,81.61572833333334 1.0011116666666666,81.61500500000001,81.61500500000001 1.0011733333333335,81.61428166666666,81.61428166666666 1.0012466666666666,81.61355833333333,81.61355833333333 1.00133,81.61283666666665,81.61283666666665 1.0014233333333336,81.61211333333335,81.61211333333335 1.001523333333333,81.61139166666666,81.61139166666666 1.0016216666666669,81.61066999999998,81.61066999999998 1.0017083333333334,81.60994833333332,81.60994833333332 1.0017800000000001,81.60922666666667,81.60922666666667 1.0018383333333332,81.60850833333333,81.60850833333333 1.0018816666666666,81.60778833333333,81.60778833333333 1.0019099999999999,81.60707166666667,81.60707166666667 1.001923333333333,81.60635666666667,81.60635666666667 1.0019216666666666,81.60564333333335,81.60564333333335 1.0019150000000001,81.60492999999998,81.60492999999998 1.0019066666666667,81.60422,81.60422 1.0018916666666668,81.60351166666666,81.60351166666666 1.0018716666666667,81.602805,81.602805 1.0018516666666664,81.60210166666667,81.60210166666667 1.001835,81.60139833333334,81.60139833333334 1.0018266666666666,81.600695,81.600695 1.0018250000000002,81.599995,81.599995 1.00183,81.599295,81.599295 1.0018416666666665,81.59859666666665,81.59859666666665 1.0018650000000002,81.59789833333333,81.59789833333333 1.0018966666666669,81.59720166666665,81.59720166666665 1.001936666666667,81.596505,81.596505 1.0019833333333334,81.59580999999999,81.59580999999999 1.0020333333333333,81.59511499999999,81.59511499999999 1.0020850000000001,81.59442,81.59442 1.0021283333333333,81.59372666666665,81.59372666666665 1.0021683333333333,81.59303333333335,81.59303333333335 1.0022016666666664,81.59234166666667,81.59234166666667 1.0022316666666666,81.59165,81.59165 1.002255,81.59095833333335,81.59095833333335 1.0022733333333331,81.59026833333334,81.59026833333334 1.00229,81.58957833333334,81.58957833333334 1.0023099999999998,81.58888833333334,81.58888833333334 1.002335,81.58819833333334,81.58819833333334 1.0023650000000002,81.58751000000001,81.58751000000001 1.0023966666666668,81.58682,81.58682 1.0024333333333333,81.58613000000001,81.58613000000001 1.0024616666666666,81.58544,81.58544 1.0024850000000003,81.58474833333332,81.58474833333332 1.002503333333333,81.58405666666665,81.58405666666665 1.0025199999999999,81.583365,81.583365 1.0025333333333333,81.58267166666667,81.58267166666667 1.0025416666666667,81.58197666666668,81.58197666666668 1.0025416666666667,81.58128333333333,81.58128333333333 1.0025316666666668,81.58058666666668,81.58058666666668 1.002515,81.57989166666665,81.57989166666665 1.0024933333333337,81.579195,81.579195 1.0024666666666666,81.57849833333333,81.57849833333333 1.002435,81.57780166666667,81.57780166666667 1.0024066666666667,81.57710499999999,81.57710499999999 1.0023916666666668,81.57640833333333,81.57640833333333 1.002395,81.57571333333333,81.57571333333333 1.0024066666666667,81.57501833333333,81.57501833333333 1.002415,81.57432333333334,81.57432333333334 1.00241,81.57363,81.57363 1.002395,81.57293666666666,81.57293666666666 1.0023716666666667,81.57224666666666,81.57224666666666 1.00234,81.571555,81.571555 1.0022983333333333,81.57086666666667,81.57086666666667 1.0022516666666665,81.57017833333333,81.57017833333333 1.0022016666666664,81.56949166666666,81.56949166666666 1.00215,81.56880666666667,81.56880666666667 1.0020966666666666,81.56812000000001,81.56812000000001 1.0020466666666668,81.56743499999999,81.56743499999999 1.0020000000000002,81.56675000000001,81.56675000000001 1.0019616666666666,81.56606499999998,81.56606499999998 1.00193,81.56538,81.56538 1.0019066666666667,81.56469333333332,81.56469333333332 1.0018916666666668,81.56400666666666,81.56400666666666 1.0018783333333334,81.56332166666667,81.56332166666667 1.0018683333333331,81.562635,81.562635 1.0018616666666667,81.56194833333333,81.56194833333333 1.0018599999999998,81.56126333333334,81.56126333333334 1.0018633333333333,81.56057666666668,81.56057666666668 1.0018716666666667,81.55989,81.55989 1.00189,81.55920333333333,81.55920333333333 1.0019216666666666,81.55851666666666,81.55851666666666 1.0019616666666666,81.55782833333332,81.55782833333332 1.0019966666666666,81.55714166666665,81.55714166666665 1.00202,81.55645333333334,81.55645333333334 1.0020333333333333,81.55576500000001,81.55576500000001 1.0020399999999998,81.55507666666668,81.55507666666668 1.0020399999999998,81.55438833333334,81.55438833333334 1.002025,81.55369999999999,81.55369999999999 1.0019933333333333,81.55301166666666,81.55301166666666 1.0019449999999999,81.552325,81.552325 1.0018866666666668,81.55163833333334,81.55163833333334 1.0018200000000002,81.55095166666668,81.55095166666668 1.001745,81.55026500000001,81.55026500000001 1.00166,81.54957999999999,81.54957999999999 1.0015566666666667,81.54889666666665,81.54889666666665 1.001438333333333,81.54821333333332,81.54821333333332 1.00131,81.54753000000001,81.54753000000001 1.0011816666666664,81.54684833333333,81.54684833333333 1.0010583333333332,81.54616833333331,81.54616833333331 1.0009366666666666,81.54548833333332,81.54548833333332 1.0008116666666664,81.54480833333334,81.54480833333334 1.0006866666666667,81.54413,81.54413 1.0005633333333332,81.54345,81.54345 1.0004416666666667,81.54277166666668,81.54277166666668 1.0003183333333334,81.54209333333333,81.54209333333333 1.0001950000000002,81.54141333333334,81.54141333333334 1.0000699999999998,81.54073499999998,81.54073499999998 0.9999416666666667,81.540055,81.540055 0.9998066666666666,81.539375,81.539375 0.9996666666666666,81.53869333333334,81.53869333333334 0.9995250000000001,81.53801166666666,81.53801166666666 0.99939,81.53733000000001,81.53733000000001 0.9992666666666667,81.53664666666667,81.53664666666667 0.9991533333333333,81.53596333333334,81.53596333333334 0.9990500000000001,81.53527833333334,81.53527833333334 0.9989633333333334,81.53459166666667,81.53459166666667 0.9988933333333333,81.53390500000002,81.53390500000002 0.9988416666666666,81.53321833333332,81.53321833333332 0.9987983333333333,81.53253000000001,81.53253000000001 0.9987600000000001,81.53184166666665,81.53184166666665 0.9987266666666667,81.53115166666667,81.53115166666667 0.9986999999999999,81.53046166666665,81.53046166666665 0.9986783333333332,81.52977166666668,81.52977166666668 0.9986566666666666,81.52908333333332,81.52908333333332 0.99863,81.52839333333334,81.52839333333334 0.9986033333333335,81.52770333333332,81.52770333333332 0.9985866666666667,81.527015,81.527015 0.9985733333333333,81.52632666666668,81.52632666666668 0.9985600000000001,81.52564000000001,81.52564000000001 0.998545,81.52495333333333,81.52495333333333 0.9985316666666667,81.52426666666666,81.52426666666666 0.9985249999999999,81.52357999999998,81.52357999999998 0.9985249999999999,81.522895,81.522895 0.9985266666666666,81.52220833333334,81.52220833333334 0.99853,81.52152333333335,81.52152333333335 0.9985350000000001,81.52083833333332,81.52083833333332 0.99854,81.52015333333334,81.52015333333334 0.9985483333333333,81.51946833333332,81.51946833333332 0.9985583333333332,81.51878333333335,81.51878333333335 0.9985683333333332,81.51809833333333,81.51809833333333 0.9985783333333333,81.51741166666669,81.51741166666669 0.9985933333333333,81.51672666666666,81.51672666666666 0.9986266666666667,81.51604,81.51604 0.9986866666666667,81.515355,81.515355 0.9987666666666667,81.51466833333333,81.51466833333333 0.9988583333333334,81.51398166666665,81.51398166666665 0.99896,81.51329499999999,81.51329499999999 0.9990749999999999,81.51260833333335,81.51260833333335 0.9992133333333335,81.51192166666667,81.51192166666667 0.99937,81.51123333333334,81.51123333333334 0.99954,81.51054333333333,81.51054333333333 0.9997216666666666,81.50985333333333,81.50985333333333 0.9999216666666666,81.50916000000001,81.50916000000001 1.0001449999999998,81.50846666666668,81.50846666666668 1.0003916666666666,81.50777166666667,81.50777166666667 1.0006633333333332,81.50707499999999,81.50707499999999 1.0009599999999998,81.506375,81.506375 1.0012833333333333,81.505675,81.505675 1.0016333333333334,81.50497166666666,81.50497166666666 1.0020083333333336,81.50426833333333,81.50426833333333 1.00241,81.50356333333333,81.50356333333333 1.0028283333333334,81.50285666666667,81.50285666666667 1.0032633333333336,81.50214999999999,81.50214999999999 1.0037066666666667,81.50144166666666,81.50144166666666 1.0041516666666668,81.50073333333333,81.50073333333333 1.0045983333333333,81.50002500000001,81.50002500000001 1.0050666666666666,81.49931666666666,81.49931666666666 1.0055849999999997,81.49861,81.49861 1.006185,81.49790666666667,81.49790666666667 1.0068983333333332,81.49720666666668,81.49720666666668 1.0077416666666668,81.49651,81.49651 1.0087333333333333,81.49581833333332,81.49581833333332 1.0098950000000002,81.49513499999999,81.49513499999999 1.0112416666666666,81.49445999999999,81.49445999999999 1.0127950000000003,81.49379666666667,81.49379666666667 1.014573333333333,81.49314500000001,81.49314500000001 1.016591666666667,81.49250833333335,81.49250833333335 1.0188683333333333,81.49189333333334,81.49189333333334 1.0214133333333333,81.49130000000001,81.49130000000001 1.024215,81.49073499999999,81.49073499999999 1.0272516666666667,81.49019833333332,81.49019833333332 1.0305083333333334,81.48968833333333,81.48968833333333 1.0339833333333333,81.48921166666666,81.48921166666666 1.0376566666666667,81.48877,81.48877 1.0415383333333335,81.48837000000002,81.48837000000002 1.0455766666666668,81.48800833333334,81.48800833333334 1.049765,81.48769,81.48769 1.0540766666666666,81.48741333333335,81.48741333333335 1.0584966666666669,81.48718000000001,81.48718000000001 1.0630116666666665,81.48699333333334,81.48699333333334 1.0675883333333334,81.48684666666666,81.48684666666666 1.0722216666666664,81.48675666666665,81.48675666666665 1.0768799999999998,81.48670666666666,81.48670666666666 1.0815516666666667,81.48669833333332,81.48669833333332 1.0862133333333333,81.48672499999999,81.48672499999999 1.090858333333333,81.48678666666667,81.48678666666667 1.095485,81.48687833333332,81.48687833333332 1.10009,81.48699500000001,81.48699500000001 1.104675,81.48714,81.48714 1.109225,81.48731333333333,81.48731333333333 1.1137233333333336,81.48751666666668,81.48751666666668 1.1181566666666667,81.48774666666667,81.48774666666667 1.1225283333333331,81.48799833333334,81.48799833333334 1.1268466666666668,81.48827,81.48827 1.1311266666666666,81.48855166666667,81.48855166666667 1.1353849999999996,81.48884166666667,81.48884166666667 1.1396316666666668,81.48913666666667,81.48913666666667 1.1438766666666664,81.489435,81.489435 1.1481216666666667,81.489735,81.489735 1.1523666666666668,81.49003833333333,81.49003833333333 1.1566083333333335,81.490345,81.490345 1.1608466666666668,81.490655,81.490655 1.1650866666666666,81.49096833333333,81.49096833333333 1.1693333333333331,81.49128166666667,81.49128166666667 1.1735883333333332,81.49159833333334,81.49159833333334 1.1778583333333332,81.49191833333332,81.49191833333332 1.1821466666666667,81.49223666666667,81.49223666666667 1.1864566666666667,81.49255666666667,81.49255666666667 1.190791666666667,81.49287833333334,81.49287833333334 1.1951466666666664,81.49319833333332,81.49319833333332 1.1995266666666666,81.49351833333333,81.49351833333333 1.2039266666666668,81.49383833333333,81.49383833333333 1.20835,81.49415666666665,81.49415666666665 1.212795,81.494475,81.494475 1.2172649999999998,81.49479000000001,81.49479000000001 1.22177,81.49510000000001,81.49510000000001 1.2263116666666665,81.49540333333333,81.49540333333333 1.2308983333333332,81.49569666666666,81.49569666666666 1.2355333333333336,81.49597999999999,81.49597999999999 1.2402183333333334,81.49624999999999,81.49624999999999 1.244948333333333,81.49650666666668,81.49650666666668 1.24972,81.49675166666667,81.49675166666667 1.254525,81.49698333333335,81.49698333333335 1.259356666666667,81.49720333333333,81.49720333333333 1.2642133333333332,81.49741166666666,81.49741166666666 1.2690883333333334,81.49761166666667,81.49761166666667 1.273975,81.49780333333334,81.49780333333334 1.27887,81.49799166666666,81.49799166666666 1.2837766666666668,81.498175,81.498175 1.288688333333333,81.498355,81.498355 1.2936066666666666,81.49852999999999,81.49852999999999 1.2985299999999997,81.49870333333334,81.49870333333334 1.3034583333333334,81.49887166666667,81.49887166666667 1.3083916666666666,81.49903499999999,81.49903499999999 1.3133183333333334,81.49919499999999,81.49919499999999 1.318235,81.49935166666667,81.49935166666667 1.32314,81.49950833333334,81.49950833333334 1.3280333333333334,81.49966333333333,81.49966333333333 1.3329183333333334,81.49981333333332,81.49981333333332 1.3377949999999998,81.49996,81.49996 1.3426650000000002,81.50010333333333,81.50010333333333 1.3475216666666665,81.50024166666667,81.50024166666667 1.3523683333333334,81.50037666666668,81.50037666666668 1.3572016666666666,81.50050666666667,81.50050666666667 1.3620233333333334,81.50062999999999,81.50062999999999 1.3668383333333332,81.50074666666667,81.50074666666667 1.3716516666666665,81.50085333333332,81.50085333333332 1.3764633333333334,81.50094833333333,81.50094833333333 1.3812766666666667,81.50103166666666,81.50103166666666 1.3860933333333336,81.501105,81.501105 1.3909099999999999,81.50116666666665,81.50116666666665 1.3957266666666666,81.50121833333333,81.50121833333333 1.40054,81.50126333333334,81.50126333333334 1.4053499999999999,81.50130499999999,81.50130499999999 1.4101533333333334,81.50134500000001,81.50134500000001 1.4149500000000002,81.50138333333332,81.50138333333332 1.41974,81.50142000000001,81.50142000000001 1.4245200000000002,81.50145666666668,81.50145666666668 1.4292883333333335,81.50149166666667,81.50149166666667 1.4340416666666669,81.50152999999999,81.50152999999999 1.438778333333333,81.50156833333335,81.50156833333335 1.443498333333333,81.50160833333332,81.50160833333332 1.4481983333333335,81.50165,81.50165 1.4528783333333335,81.50169166666666,81.50169166666666 1.4575383333333332,81.50173666666666,81.50173666666666 1.4621750000000002,81.50178166666666,81.50178166666666 1.4667916666666665,81.50182666666667,81.50182666666667 1.4713849999999997,81.50187166666667,81.50187166666667 1.475961666666667,81.50191333333333,81.50191333333333 1.4805199999999998,81.50195500000001,81.50195500000001 1.485065,81.50199500000001,81.50199500000001 1.4896,81.50203166666667,81.50203166666667 1.4941266666666668,81.50206333333333,81.50206333333333 1.49865,81.50209166666666,81.50209166666666 1.5031683333333332,81.50211666666667,81.50211666666667 1.5076833333333335,81.50214166666666,81.50214166666666 1.5121966666666666,81.502165,81.502165 1.5167083333333333,81.502185,81.502185 1.521213333333333,81.50220499999999,81.50220499999999 1.5257100000000001,81.50222333333333,81.50222333333333 1.5302000000000002,81.50224333333335,81.50224333333335 1.5346816666666667,81.50226500000001,81.50226500000001 1.5391566666666665,81.50228999999999,81.50228999999999 1.5436283333333336,81.502315,81.502315 1.5480966666666665,81.50234166666667,81.50234166666667 1.552563333333333,81.50236666666666,81.50236666666666 1.5570299999999997,81.50239333333334,81.50239333333334 1.5614966666666665,81.50242,81.50242 1.5659616666666663,81.50244500000001,81.50244500000001 1.5704250000000004,81.50246833333335,81.50246833333335 1.5748900000000001,81.50249000000001,81.50249000000001 1.579356666666667,81.50250833333332,81.50250833333332 1.5838266666666665,81.50252499999999,81.50252499999999 1.5883000000000003,81.50253833333333,81.50253833333333 1.5927766666666667,81.50255166666669,81.50255166666669 1.59726,81.50256166666667,81.50256166666667 1.6017466666666667,81.50257333333334,81.50257333333334 1.6062383333333337,81.50258333333332,81.50258333333332 1.6107333333333336,81.50259666666666,81.50259666666666 1.6152316666666668,81.50260833333333,81.50260833333333 1.6197350000000001,81.50262166666667,81.50262166666667 1.6242433333333335,81.50263666666666,81.50263666666666 1.6287599999999998,81.50264999999999,81.50264999999999 1.6332849999999999,81.50266333333333,81.50266333333333 1.6378183333333336,81.50267833333334,81.50267833333334 1.6423616666666665,81.50269166666666,81.50269166666666 1.6469166666666668,81.502705,81.502705 1.6514816666666667,81.50271666666664,81.50271666666664 1.6560599999999996,81.50273,81.50273 1.6606483333333335,81.50274166666665,81.50274166666665 1.6652466666666668,81.50275166666668,81.50275166666668 1.6698566666666665,81.50276166666666,81.50276166666666 1.674475,81.50276999999998,81.50276999999998 1.679103333333333,81.50277666666666,81.50277666666666 1.6837433333333331,81.50278166666668,81.50278166666668 1.6883949999999999,81.50278666666667,81.50278666666667 1.6930583333333333,81.50279166666665,81.50279166666665 1.6977333333333335,81.50279666666665,81.50279666666665 1.7024216666666665,81.502805,81.502805 1.70712,81.50281333333334,81.50281333333334 1.71183,81.50282499999999,81.50282499999999 1.7165499999999998,81.50283500000002,81.50283500000002 1.7212783333333337,81.50284833333333,81.50284833333333 1.7260150000000003,81.50286333333332,81.50286333333332 1.730758333333333,81.50288166666665,81.50288166666665 1.7355049999999999,81.50290166666667,81.50290166666667 1.7402566666666668,81.50292166666668,81.50292166666668 1.745011666666667,81.50294166666664,81.50294166666664 1.7497699999999998,81.50296,81.50296 1.7545333333333333,81.50298166666667,81.50298166666667 1.7592999999999999,81.50300500000002,81.50300500000002 1.7640716666666667,81.50302666666667,81.50302666666667 1.7688466666666662,81.50304999999999,81.50304999999999 1.773623333333333,81.50307166666667,81.50307166666667 1.7784000000000002,81.50309166666665,81.50309166666665 1.7831783333333335,81.50311333333333,81.50311333333333 1.787958333333333,81.50313166666666,81.50313166666666 1.7927383333333333,81.50315,81.50315 1.79752,81.50316666666664,81.50316666666664 1.8023033333333336,81.50318333333333,81.50318333333333 1.8070883333333332,81.50319999999999,81.50319999999999 1.8118750000000001,81.50321333333333,81.50321333333333 1.8166666666666664,81.50322666666666,81.50322666666666 1.8214616666666668,81.50324,81.50324 1.826261666666667,81.50324999999998,81.50324999999998 1.8310666666666666,81.50325833333332,81.50325833333332 1.8358750000000001,81.503265,81.503265 1.84069,81.50326833333334,81.50326833333334 1.8455083333333335,81.50327,81.50327 1.8503299999999998,81.50327166666666,81.50327166666666 1.8551533333333334,81.50327333333333,81.50327333333333 1.8599816666666664,81.50327499999999,81.50327499999999 1.8648116666666668,81.50327833333334,81.50327833333334 1.869643333333333,81.50328333333333,81.50328333333333 1.8744783333333337,81.50329333333335,81.50329333333335 1.8793166666666663,81.50330666666667,81.50330666666667 1.8841566666666667,81.50332333333334,81.50332333333334 1.8889983333333333,81.50334166666666,81.50334166666666 1.8938416666666669,81.50336333333334,81.50336333333334 1.8986883333333333,81.50338666666666,81.50338666666666 1.9035366666666667,81.50340833333333,81.50340833333333 1.908388333333333,81.50343166666667,81.50343166666667 1.9132416666666665,81.50345333333333,81.50345333333333 1.9180983333333335,81.50347499999998,81.50347499999998 1.922958333333333,81.503495,81.503495 1.9278216666666665,81.50351333333334,81.50351333333334 1.9326866666666667,81.50353166666667,81.50353166666667 1.9375550000000001,81.50354833333334,81.50354833333334 1.9424233333333332,81.503565,81.503565 1.9472916666666666,81.50358,81.50358 1.952161666666667,81.50359499999999,81.50359499999999 1.9570283333333334,81.50361,81.50361 1.9618933333333335,81.50362333333335,81.50362333333335 1.9667550000000003,81.50363666666667,81.50363666666667 1.971615,81.50365,81.50365 1.9764716666666666,81.50366166666666,81.50366166666666 1.9813283333333338,81.503675,81.503675 1.98618,81.50368666666667,81.50368666666667 1.9910300000000003,81.50369999999998,81.50369999999998 1.995875,81.50371333333334,81.50371333333334 2.000713333333333,81.50372666666668,81.50372666666668 2.005548333333333,81.50374000000001,81.50374000000001 2.010378333333333,81.50375333333332,81.50375333333332 2.0152016666666666,81.50376666666665,81.50376666666665 2.020016666666667,81.50377999999999,81.50377999999999 2.0248266666666663,81.50379333333335,81.50379333333335 2.0296300000000005,81.50380666666666,81.50380666666666 2.034431666666667,81.50381999999999,81.50381999999999 2.0392316666666668,81.50383333333333,81.50383333333333 2.044035,81.50384666666666,81.50384666666666 2.0488416666666667,81.50386,81.50386 2.053656666666667,81.50387333333333,81.50387333333333 2.058475,81.50388666666666,81.50388666666666 2.0633000000000004,81.50389833333334,81.50389833333334 2.0681266666666667,81.50391166666667,81.50391166666667 2.0729583333333337,81.50392666666667,81.50392666666667 2.0777933333333327,81.50394166666666,81.50394166666666 2.082633333333334,81.503955,81.503955 2.087476666666667,81.50396833333333,81.50396833333333 2.09232,81.50398166666668,81.50398166666668 2.0971616666666666,81.50399333333334,81.50399333333334 2.1020033333333337,81.50400499999999,81.50400499999999 2.106845,81.504015,81.504015 2.111686666666667,81.504025,81.504025 2.1165266666666667,81.50403666666665,81.50403666666665 2.1213683333333337,81.50404833333334,81.50404833333334 2.12621,81.50406,81.50406 2.131053333333334,81.50407166666666,81.50407166666666 2.1359,81.50408166666666,81.50408166666666 2.1407499999999997,81.50409166666665,81.50409166666665 2.1456049999999998,81.50410166666668,81.50410166666668 2.1504666666666665,81.50411166666666,81.50411166666666 2.155335,81.50412166666668,81.50412166666668 2.160215,81.50413166666668,81.50413166666668 2.165101666666667,81.50414,81.50414 2.17,81.50414999999998,81.50414999999998 2.174905,81.50415833333332,81.50415833333332 2.179815,81.50416833333334,81.50416833333334 2.1847299999999996,81.50417666666668,81.50417666666668 2.18965,81.50418666666666,81.50418666666666 2.194575,81.50419666666667,81.50419666666667 2.1995066666666667,81.50420500000001,81.50420500000001 2.2044433333333338,81.50421333333333,81.50421333333333 2.2093849999999997,81.50422166666667,81.50422166666667 2.2143316666666664,81.50422999999999,81.50422999999999 2.2192766666666666,81.50423833333333,81.50423833333333 2.2242200000000003,81.50424500000001,81.50424500000001 2.2291616666666663,81.50425333333332,81.50425333333332 2.2341,81.50426000000002,81.50426000000002 2.2390383333333332,81.50426833333333,81.50426833333333 2.243978333333333,81.50427666666667,81.50427666666667 2.2489183333333336,81.50428833333332,81.50428833333332 2.25386,81.50429833333332,81.50429833333332 2.258798333333333,81.50431,81.50431 2.2637333333333336,81.50432333333333,81.50432333333333 2.2686599999999997,81.50433666666666,81.50433666666666 2.273576666666667,81.50435166666666,81.50435166666666 2.2784850000000003,81.50436833333333,81.50436833333333 2.2833816666666666,81.50438833333334,81.50438833333334 2.2882700000000002,81.50440833333333,81.50440833333333 2.293146666666667,81.50443166666668,81.50443166666668 2.2980149999999995,81.504455,81.504455 2.3028700000000004,81.50447833333332,81.50447833333332 2.3077133333333335,81.50450000000001,81.50450000000001 2.3125450000000005,81.50452,81.50452 2.3173666666666666,81.50453833333333,81.50453833333333 2.322178333333333,81.50455666666667,81.50455666666667 2.32698,81.50457333333334,81.50457333333334 2.331773333333333,81.50458833333333,81.50458833333333 2.33656,81.50460333333334,81.50460333333334 2.34134,81.504615,81.504615 2.3461133333333333,81.50462666666668,81.50462666666668 2.350881666666666,81.50463666666666,81.50463666666666 2.355643333333334,81.50464333333333,81.50464333333333 2.360398333333333,81.50465,81.50465 2.365148333333333,81.50465500000001,81.50465500000001 2.369891666666667,81.50465500000001,81.50465500000001 2.3746300000000002,81.50465333333332,81.50465333333332 2.3793599999999997,81.50464833333334,81.50464833333334 2.384085,81.50463833333335,81.50463833333335 2.388803333333333,81.50462833333332,81.50462833333332 2.3935166666666667,81.504615,81.504615 2.3982266666666665,81.50459999999998,81.50459999999998 2.402931666666667,81.50458166666668,81.50458166666668 2.4076316666666666,81.50456333333334,81.50456333333334 2.41233,81.50454500000001,81.50454500000001 2.4170249999999998,81.50452499999999,81.50452499999999 2.4217166666666663,81.50450666666667,81.50450666666667 2.4264066666666664,81.50449,81.50449 2.431095,81.504475,81.504475 2.4357833333333336,81.504465,81.504465 2.4404700000000004,81.50445666666666,81.50445666666666 2.445158333333333,81.50445333333333,81.50445333333333 2.449843333333334,81.50445333333333,81.50445333333333 2.4545266666666667,81.50445333333333,81.50445333333333 2.4592050000000003,81.50445833333332,81.50445833333332 2.463878333333333,81.50446666666666,81.50446666666666 2.46855,81.50447833333332,81.50447833333332 2.473218333333333,81.50449,81.50449 2.4778816666666663,81.50450166666667,81.50450166666667 2.48254,81.50451500000001,81.50451500000001 2.4871949999999994,81.50452833333334,81.50452833333334 2.4918416666666667,81.50454333333334,81.50454333333334 2.49648,81.50455833333334,81.50455833333334 2.501113333333333,81.50457333333334,81.50457333333334 2.5057383333333334,81.50458833333333,81.50458833333333 2.510358333333333,81.50460333333334,81.50460333333334 2.514971666666667,81.50461833333334,81.50461833333334 2.5195800000000004,81.50463166666667,81.50463166666667 2.5241816666666663,81.50464666666667,81.50464666666667 2.52878,81.50466166666666,81.50466166666666 2.5333749999999995,81.50467666666667,81.50467666666667 2.537968333333333,81.50468833333333,81.50468833333333 2.5425633333333333,81.50470166666668,81.50470166666668 2.547156666666667,81.50471166666665,81.50471166666665 2.551748333333333,81.50472166666668,81.50472166666668 2.5563433333333334,81.50473000000001,81.50473000000001 2.560936666666667,81.50473833333332,81.50473833333332 2.5655316666666668,81.504745,81.504745 2.570126666666667,81.50474999999999,81.50474999999999 2.5747233333333335,81.504755,81.504755 2.579318333333333,81.50475833333333,81.50475833333333 2.583915,81.50476,81.50476 2.5931033333333335,81.50476333333333,81.50476333333333 2.5976933333333334,81.50476499999999,81.50476499999999 2.6022816666666664,81.50476833333335,81.50476833333335 2.606866666666667,81.50477333333333,81.50477333333333 2.611448333333333,81.50478000000001,81.50478000000001 2.616026666666667,81.50478833333334,81.50478833333334 2.6206050000000003,81.50479833333334,81.50479833333334 2.625186666666667,81.50481,81.50481 2.6297699999999997,81.50482166666666,81.50482166666666 2.6343583333333336,81.50483333333332,81.50483333333332 2.6389499999999995,81.50484499999999,81.50484499999999 2.6435433333333336,81.504855,81.504855 2.648136666666667,81.50486666666667,81.50486666666667 2.652733333333333,81.50487833333332,81.50487833333332 2.6573316666666664,81.50488999999999,81.50488999999999 2.6619300000000004,81.50490166666667,81.50490166666667 2.666531666666666,81.50491166666667,81.50491166666667 2.6711333333333336,81.50492166666668,81.50492166666668 2.6757400000000002,81.50493333333333,81.50493333333333 2.680348333333333,81.50494499999999,81.50494499999999 2.6849633333333336,81.50495500000001,81.50495500000001 2.689585,81.50496499999998,81.50496499999998 2.6942083333333335,81.50497499999999,81.50497499999999 2.6988366666666668,81.50498166666667,81.50498166666667 2.7034683333333334,81.50498833333333,81.50498833333333 2.7081066666666667,81.50499499999998,81.50499499999998 2.7127516666666667,81.50499833333333,81.50499833333333 2.717401666666667,81.50500166666669,81.50500166666669 2.722056666666667,81.50500500000001,81.50500500000001 2.726716666666667,81.50500500000001,81.50500500000001 2.7313799999999997,81.50500666666667,81.50500666666667 2.736045,81.50500500000001,81.50500500000001 2.740715,81.50500500000001,81.50500500000001 2.7453866666666666,81.50500500000001,81.50500500000001 2.750061666666667,81.50500500000001,81.50500500000001 2.7547400000000004,81.50500500000001,81.50500500000001 2.7594216666666664,81.50500500000001,81.50500500000001 2.764105,81.50500333333332,81.50500333333332 2.768791666666667,81.50500333333332,81.50500333333332 2.7734816666666666,81.50500166666669,81.50500166666669 2.778173333333333,81.505,81.505 2.782868333333334,81.50499666666667,81.50499666666667 2.7875666666666667,81.50499333333335,81.50499333333335 2.7922700000000003,81.50498999999999,81.50498999999999 2.7969749999999998,81.50498666666667,81.50498666666667 2.801686666666667,81.50498333333333,81.50498333333333 2.806401666666667,81.50498,81.50498 2.811123333333333,81.50497666666668,81.50497666666668 2.815853333333333,81.50497333333333,81.50497333333333 2.8205883333333333,81.50496833333334,81.50496833333334 2.8253333333333335,81.50496333333332,81.50496333333332 2.8300833333333335,81.50495833333333,81.50495833333333 2.8348416666666667,81.50495166666667,81.50495166666667 2.8396066666666666,81.50494499999999,81.50494499999999 2.84438,81.50494,81.50494 2.849158333333333,81.50493666666665,81.50493666666665 2.8539450000000004,81.50493333333333,81.50493333333333 2.858736666666667,81.50493166666666,81.50493166666666 2.8635349999999997,81.50493166666666,81.50493166666666 2.868338333333333,81.50493333333333,81.50493333333333 2.8731466666666665,81.50493499999999,81.50493499999999 2.877956666666667,81.50493666666665,81.50493666666665 2.8827716666666663,81.50493833333334,81.50493833333334 2.8875883333333334,81.50494166666667,81.50494166666667 2.89241,81.50494666666668,81.50494666666668 2.897235,81.50495000000001,81.50495000000001 2.902063333333333,81.50495333333333,81.50495333333333 2.9068966666666674,81.50495666666667,81.50495666666667 2.911735,81.50496,81.50496 2.9165749999999995,81.50496166666666,81.50496166666666 2.9214183333333335,81.50496499999998,81.50496499999998 2.9262650000000003,81.50496666666665,81.50496666666665 2.9311133333333332,81.50497,81.50497 2.935965,81.50497166666666,81.50497166666666 2.94082,81.50497499999999,81.50497499999999 2.9456749999999996,81.50497833333334,81.50497833333334 2.9505283333333336,81.50498166666667,81.50498166666667 2.95538,81.504985,81.504985 2.9602283333333332,81.50498999999999,81.50498999999999 2.9650733333333337,81.50499333333335,81.50499333333335 2.9699199999999997,81.50499833333333,81.50499833333333 2.9747666666666666,81.50500166666669,81.50500166666669 2.9796150000000003,81.50500500000001,81.50500500000001 2.9844666666666666,81.50500833333334,81.50500833333334 2.9893183333333333,81.50501,81.50501 2.9941733333333334,81.50501166666666,81.50501166666666 2.9990300000000003,81.50501166666666,81.50501166666666 3.003888333333333,81.50501166666666,81.50501166666666 3.008746666666667,81.50501,81.50501 3.0136083333333334,81.50500666666667,81.50500666666667 3.01847,81.50500166666669,81.50500166666669 3.023331666666667,81.50499666666667,81.50499666666667 3.0281933333333337,81.50498999999999,81.50498999999999 3.0330533333333336,81.50498166666667,81.50498166666667 3.0379150000000004,81.50497333333333,81.50497333333333 3.0427766666666662,81.50496333333332,81.50496333333332 3.047638333333333,81.50495333333333,81.50495333333333 3.0524999999999998,81.50494499999999,81.50494499999999 3.0573616666666674,81.50493833333334,81.50493833333334 3.062225,81.50493333333333,81.50493333333333 3.067088333333334,81.50492833333332,81.50492833333332 3.0719533333333335,81.504925,81.504925 3.0768183333333337,81.50492166666668,81.50492166666668 3.0816849999999993,81.50491833333335,81.50491833333335 3.086551666666667,81.50491333333333,81.50491333333333 3.091415,81.50490666666666,81.50490666666666 3.096276666666666,81.50490166666667,81.50490166666667 3.1011316666666664,81.504895,81.504895 3.1059783333333333,81.50488666666666,81.50488666666666 3.1108183333333326,81.50487833333332,81.50487833333332 3.1156500000000005,81.50487,81.50487 3.120473333333334,81.50486,81.50486 3.125291666666666,81.50484999999999,81.50484999999999 3.1301050000000004,81.50484,81.50484 3.134915,81.50483166666666,81.50483166666666 3.1397199999999996,81.50482833333334,81.50482833333334 3.14452,81.50482666666667,81.50482666666667 3.149313333333333,81.50482666666667,81.50482666666667 3.154101666666667,81.50483,81.50483 3.158881666666667,81.50483333333332,81.50483333333332 3.1636566666666663,81.50483833333334,81.50483833333334 3.168425,81.50484499999999,81.50484499999999 3.1731899999999995,81.50484999999999,81.50484999999999 3.177948333333333,81.504855,81.504855 3.182703333333333,81.50486,81.50486 3.187455,81.50486500000001,81.50486500000001 3.192203333333333,81.50486833333333,81.50486833333333 3.1969483333333333,81.50487166666667,81.50487166666667 3.20169,81.50487166666667,81.50487166666667 3.2064316666666666,81.50487333333334,81.50487333333334 3.2111700000000005,81.50487166666667,81.50487166666667 3.215908333333333,81.50487,81.50487 3.2206433333333337,81.50486500000001,81.50486500000001 3.2253783333333335,81.50486166666666,81.50486166666666 3.2301133333333336,81.50485666666667,81.50485666666667 3.234848333333333,81.50485333333332,81.50485333333332 3.239581666666667,81.50484833333333,81.50484833333333 3.2443150000000003,81.50484333333334,81.50484333333334 3.2490466666666666,81.50484,81.50484 3.2537783333333334,81.50484,81.50484 3.2585133333333336,81.50484333333334,81.50484333333334 3.26325,81.50484833333333,81.50484833333333 3.26799,81.504855,81.504855 3.27273,81.50486333333335,81.50486333333335 3.2774716666666666,81.50487333333334,81.50487333333334 3.2822116666666665,81.504885,81.504885 3.286953333333333,81.50489666666667,81.50489666666667 3.2916950000000007,81.50490833333332,81.50490833333332 3.296438333333333,81.50491666666666,81.50491666666666 3.414486666666666,81.504815,81.504815 3.41915,81.50481666666666,81.50481666666666 3.423806666666667,81.50481666666666,81.50481666666666 3.4284583333333334,81.504815,81.504815 3.4331066666666663,81.504815,81.504815 3.4377483333333334,81.50481333333333,81.50481333333333 3.4423866666666667,81.50481166666667,81.50481166666667 3.4470183333333333,81.50481,81.50481 3.4516466666666665,81.50480833333334,81.50480833333334 3.4562699999999995,81.50480666666668,81.50480666666668 3.4608899999999996,81.50480500000002,81.50480500000002 3.4655050000000003,81.50480333333333,81.50480333333333 3.4701199999999996,81.5048,81.5048 3.4747350000000004,81.50479666666668,81.50479666666668 3.4793500000000006,81.50479333333332,81.50479333333332 3.4839666666666673,81.50478833333334,81.50478833333334 3.488586666666667,81.50478333333334,81.50478333333334 3.4932116666666664,81.50477666666669,81.50477666666669 3.4978400000000005,81.50476833333335,81.50476833333335 3.502473333333333,81.50475833333333,81.50475833333333 3.5071100000000004,81.50474833333332,81.50474833333332 3.5117499999999997,81.50473666666666,81.50473666666666 3.5163933333333337,81.50472500000001,81.50472500000001 3.52104,81.504715,81.504715 3.52569,81.504705,81.504705 3.530346666666667,81.50469666666667,81.50469666666667 3.5350066666666664,81.50468833333333,81.50468833333333 3.5396716666666665,81.50468333333332,81.50468333333332 3.544341666666667,81.50468,81.50468 3.5490166666666663,81.50467833333333,81.50467833333333 3.553698333333334,81.50467666666667,81.50467666666667 3.5583850000000004,81.50467666666667,81.50467666666667 3.5630749999999995,81.50467666666667,81.50467666666667 3.56777,81.50467666666667,81.50467666666667 3.572465,81.50467499999999,81.50467499999999 3.5771633333333335,81.50467666666667,81.50467666666667 3.5818649999999996,81.50467666666667,81.50467666666667 3.586566666666667,81.50467666666667,81.50467666666667 3.591271666666666,81.50467499999999,81.50467499999999 3.5959783333333326,81.50467333333333,81.50467333333333 3.600686666666667,81.50467,81.50467 3.6053966666666666,81.50466500000002,81.50466500000002 3.610106666666667,81.50466,81.50466 3.6148166666666666,81.50465166666666,81.50465166666666 3.619525,81.50464333333333,81.50464333333333 3.6242316666666667,81.50463333333333,81.50463333333333 3.6289350000000002,81.50462333333333,81.50462333333333 3.633636666666666,81.50461000000001,81.50461000000001 3.638336666666667,81.50459666666666,81.50459666666666 3.643031666666667,81.50458000000002,81.50458000000002 3.6477266666666663,81.50456333333334,81.50456333333334 3.6524166666666664,81.50454333333334,81.50454333333334 3.657105000000001,81.50452166666666,81.50452166666666 3.6617933333333337,81.50450166666667,81.50450166666667 3.6664783333333335,81.50448,81.50448 3.6711616666666664,81.50446000000001,81.50446000000001 3.6758450000000003,81.50444000000002,81.50444000000002 3.6805266666666663,81.50442,81.50442 3.6852083333333336,81.50439999999999,81.50439999999999 3.6898866666666668,81.50438,81.50438 3.6945633333333343,81.50436166666667,81.50436166666667 3.6992383333333336,81.50434333333332,81.50434333333332 3.7039116666666665,81.50432833333332,81.50432833333332 3.7085816666666673,81.50431333333333,81.50431333333333 3.71325,81.50430166666668,81.50430166666668 3.7179166666666665,81.50429166666665,81.50429166666665 3.7225800000000002,81.50428333333333,81.50428333333333 3.72724,81.504275,81.504275 3.731898333333333,81.50426999999999,81.50426999999999 3.736553333333333,81.504265,81.504265 3.7412066666666663,81.50426166666665,81.50426166666665 3.7458566666666666,81.50425833333333,81.50425833333333 3.750506666666667,81.504255,81.504255 3.7551550000000002,81.50425166666668,81.50425166666668 3.759803333333333,81.50424833333334,81.50424833333334 3.7644516666666665,81.50424500000001,81.50424500000001 3.7691016666666664,81.50424333333335,81.50424333333335 3.7737533333333335,81.50424,81.50424 3.778405,81.50423833333333,81.50423833333333 3.783056666666667,81.50423833333333,81.50423833333333 3.7877083333333332,81.50424,81.50424 3.79236,81.50424166666666,81.50424166666666 3.7970116666666662,81.50424500000001,81.50424500000001 3.8016616666666665,81.50424833333334,81.50424833333334 3.8063149999999997,81.50425333333332,81.50425333333332 3.810968333333333,81.50426000000002,81.50426000000002 3.815625,81.50426666666667,81.50426666666667 3.8202866666666666,81.50427333333334,81.50427333333334 3.8249516666666667,81.50427833333333,81.50427833333333 3.82962,81.50428166666667,81.50428166666667 3.8342916666666667,81.50428333333333,81.50428333333333 3.8389683333333338,81.50428333333333,81.50428333333333 3.8436483333333333,81.50428000000001,81.50428000000001 3.848333333333333,81.504275,81.504275 3.853021666666667,81.50426999999999,81.50426999999999 3.8577133333333338,81.50426333333334,81.50426333333334 3.86241,81.504255,81.504255 3.86711,81.50424833333334,81.50424833333334 3.8718116666666664,81.50424333333335,81.50424333333335 3.8765183333333333,81.50423833333333,81.50423833333333 3.8812283333333335,81.50423333333332,81.50423333333332 3.885938333333333,81.50422833333333,81.50422833333333 3.8906516666666664,81.50422166666667,81.50422166666667 3.8953616666666666,81.50421666666665,81.50421666666665 3.9000716666666664,81.50421,81.50421 3.9047816666666666,81.50420333333332,81.50420333333332 3.9094899999999995,81.50419666666667,81.50419666666667 3.9141966666666668,81.50418833333335,81.50418833333335 3.918905,81.50417833333331,81.50417833333331 3.923611666666667,81.50416833333334,81.50416833333334 3.9283183333333334,81.50415666666666,81.50415666666666 3.9330233333333338,81.50414333333333,81.50414333333333 3.9377283333333324,81.50413000000002,81.50413000000002 3.94243,81.504115,81.504115 3.9471300000000005,81.50409833333333,81.50409833333333 3.9518283333333333,81.50408,81.50408 3.956523333333333,81.50406166666666,81.50406166666666 3.9612150000000006,81.50404333333333,81.50404333333333 3.9659033333333333,81.50402333333334,81.50402333333334 3.970590000000001,81.50400166666667,81.50400166666667 3.975273333333333,81.50398166666668,81.50398166666668 3.9799549999999995,81.50396000000002,81.50396000000002 3.9846350000000004,81.50393833333334,81.50393833333334 3.9893133333333326,81.50391666666665,81.50391666666665 3.99399,81.50389499999999,81.50389499999999 3.998666666666667,81.503875,81.503875 4.003343333333333,81.50385333333334,81.50385333333334 4.008018333333333,81.50383333333333,81.50383333333333 4.012695,81.50381333333334,81.50381333333334 4.0173716666666675,81.50379333333335,81.50379333333335 4.022048333333333,81.50377499999999,81.50377499999999 4.026726666666666,81.50375833333334,81.50375833333334 4.031408333333333,81.50374333333333,81.50374333333333 4.036091666666667,81.50373166666667,81.50373166666667 4.040778333333334,81.50372166666666,81.50372166666666 4.045468333333332,81.50371333333334,81.50371333333334 4.050161666666668,81.50370666666666,81.50370666666666 4.054856666666667,81.50370166666667,81.50370166666667 4.0595550000000005,81.50369833333332,81.50369833333332 4.064255,81.50369833333332,81.50369833333332 4.068958333333333,81.50369666666666,81.50369666666666 4.073666666666667,81.50369666666666,81.50369666666666 4.078378333333333,81.50369666666666,81.50369666666666 4.083095,81.50369666666666,81.50369666666666 4.087815,81.50369833333332,81.50369833333332 4.092538333333334,81.50369999999998,81.50369999999998 4.097266666666667,81.50370166666667,81.50370166666667 4.1019966666666665,81.50370166666667,81.50370166666667 4.106728333333333,81.50370333333333,81.50370333333333 4.111465,81.50370333333333,81.50370333333333 4.116203333333333,81.50370166666667,81.50370166666667 4.120945000000001,81.50369833333332,81.50369833333332 4.125686666666667,81.50369333333333,81.50369333333333 4.1304316666666665,81.50368833333333,81.50368833333333 4.135178333333334,81.50368000000002,81.50368000000002 4.139926666666666,81.50367166666668,81.50367166666668 4.144675,81.50366000000001,81.50366000000001 4.149426666666666,81.50364833333333,81.50364833333333 4.154180000000001,81.50363333333333,81.50363333333333 4.158935,81.50361833333334,81.50361833333334 4.163688333333334,81.5036,81.5036 4.168441666666667,81.50358,81.50358 4.173193333333333,81.50355833333332,81.50355833333332 4.177943333333334,81.503535,81.503535 4.182691666666666,81.50351166666665,81.50351166666665 4.187438333333334,81.50348500000001,81.50348500000001 4.192183333333333,81.50345833333334,81.50345833333334 4.196926666666666,81.50342833333335,81.50342833333335 4.20167,81.50339999999998,81.50339999999998 4.206413333333333,81.50337166666668,81.50337166666668 4.211156666666666,81.50334166666666,81.50334166666666 4.2159,81.50331333333332,81.50331333333332 4.220643333333334,81.50328333333333,81.50328333333333 4.225386666666665,81.503255,81.503255 4.230133333333333,81.50322666666666,81.50322666666666 4.2348799999999995,81.50319999999999,81.50319999999999 4.239628333333333,81.50317666666668,81.50317666666668 4.244376666666668,81.503155,81.503155 4.249128333333333,81.50313666666665,81.50313666666665 4.25388,81.50311833333335,81.50311833333335 4.258631666666667,81.50310333333333,81.50310333333333 4.263381666666667,81.50308833333332,81.50308833333332 4.268131666666666,81.503075,81.503075 4.27288,81.503065,81.503065 4.2776266666666665,81.503055,81.503055 4.282373333333334,81.50304666666666,81.50304666666666 4.287118333333334,81.50304,81.50304 4.291863333333334,81.50303,81.50303 4.2966083333333325,81.50302166666665,81.50302166666665 4.301354999999999,81.50301166666667,81.50301166666667 4.306101666666667,81.50300166666666,81.50300166666666 4.310851666666665,81.50299,81.50299 4.315601666666667,81.50297499999999,81.50297499999999 4.320353333333334,81.50295833333332,81.50295833333332 4.325106666666666,81.50293833333332,81.50293833333332 4.329858333333333,81.50291666666666,81.50291666666666 4.3346083333333345,81.50289166666666,81.50289166666666 4.339355000000001,81.50286500000001,81.50286500000001 4.344096666666667,81.50283666666665,81.50283666666665 4.348835,81.502805,81.502805 4.3535683333333335,81.502775,81.502775 4.358296666666666,81.50274333333334,81.50274333333334 4.363021666666666,81.50271,81.50271 4.367743333333332,81.50267833333334,81.50267833333334 4.372461666666666,81.50264666666666,81.50264666666666 4.377175,81.50261666666667,81.50261666666667 4.38189,81.50258833333334,81.50258833333334 4.3866016666666665,81.50256166666667,81.50256166666667 4.3913150000000005,81.50254,81.50254 4.396028333333334,81.50252,81.50252 4.400743333333334,81.50250166666667,81.50250166666667 4.405458333333333,81.50248666666666,81.50248666666666 4.410173333333333,81.50247333333334,81.50247333333334 4.414890000000001,81.50246166666668,81.50246166666668 4.419606666666666,81.50245166666667,81.50245166666667 4.42432,81.50244166666666,81.50244166666666 4.429031666666666,81.502435,81.502435 4.43374,81.50242999999999,81.50242999999999 4.438441666666667,81.50242499999999,81.50242499999999 4.443138333333333,81.50242166666666,81.50242166666666 4.447826666666667,81.50241833333334,81.50241833333334 4.452508333333334,81.50241500000001,81.50241500000001 4.457183333333333,81.50241,81.50241 4.461853333333333,81.50240666666667,81.50240666666667 4.466525,81.50240166666669,81.50240166666669 4.471198333333334,81.50239666666667,81.50239666666667 4.4758733333333325,81.50239166666667,81.50239166666667 4.480553333333333,81.50238500000002,81.50238500000002 4.485238333333333,81.50237666666668,81.50237666666668 4.489926666666666,81.50236666666666,81.50236666666666 4.4946183333333325,81.502355,81.502355 4.499311666666666,81.50234333333333,81.50234333333333 4.504009999999999,81.50233000000001,81.50233000000001 4.508706666666667,81.502315,81.502315 4.513406666666667,81.50229999999999,81.50229999999999 4.518108333333333,81.50228333333332,81.50228333333332 4.522811666666667,81.50226500000001,81.50226500000001 4.527516666666667,81.50224499999999,81.50224499999999 4.532226666666666,81.502225,81.502225 4.536943333333333,81.50220333333333,81.50220333333333 4.541666666666667,81.50218000000001,81.50218000000001 4.5463949999999995,81.50215666666666,81.50215666666666 4.551126666666668,81.50213166666668,81.50213166666668 4.555861666666666,81.50210500000001,81.50210500000001 4.560601666666667,81.50207833333334,81.50207833333334 4.565348333333334,81.50205333333334,81.50205333333334 4.570101666666667,81.50202666666668,81.50202666666668 4.574865,81.50200166666667,81.50200166666667 4.5796399999999995,81.50197499999999,81.50197499999999 4.584426666666666,81.50195,81.50195 4.589226666666667,81.50192499999999,81.50192499999999 4.594038333333333,81.50189999999998,81.50189999999998 4.598861666666666,81.50187666666669,81.50187666666669 4.603693333333333,81.501855,81.501855 4.60853,81.501835,81.501835 4.61337,81.50181500000001,81.50181500000001 4.618213333333333,81.50179666666668,81.50179666666668 4.623058333333335,81.50177666666667,81.50177666666667 4.627906666666666,81.50175499999999,81.50175499999999 4.6327566666666655,81.50173333333333,81.50173333333333 4.637608333333334,81.50171166666668,81.50171166666668 4.64246,81.50168666666667,81.50168666666667 4.647309999999999,81.50166166666666,81.50166166666666 4.652161666666666,81.50163500000001,81.50163500000001 4.6570116666666665,81.50160666666667,81.50160666666667 4.661861666666666,81.50157833333333,81.50157833333333 4.666711666666666,81.50154666666667,81.50154666666667 4.67156,81.50151500000001,81.50151500000001 4.676406666666667,81.50148166666666,81.50148166666666 4.681251666666666,81.50145,81.50145 4.686095,81.50142000000001,81.50142000000001 4.6909366666666665,81.50139000000001,81.50139000000001 4.695776666666667,81.50136166666665,81.50136166666665 4.700613333333333,81.50133500000001,81.50133500000001 4.705448333333334,81.50130833333331,81.50130833333331 4.710281666666666,81.50128000000001,81.50128000000001 4.715111666666666,81.50125333333334,81.50125333333334 4.719941666666666,81.50122666666667,81.50122666666667 4.7247699999999995,81.50119833333333,81.50119833333333 4.729598333333333,81.50117166666666,81.50117166666666 4.734426666666668,81.50114333333333,81.50114333333333 4.739254999999999,81.50111666666666,81.50111666666666 4.744088333333333,81.50109166666665,81.50109166666665 4.748926666666667,81.50106666666667,81.50106666666667 4.753771666666665,81.50104166666667,81.50104166666667 4.758623333333334,81.50102,81.50102 4.763481666666667,81.50099666666665,81.50099666666665 4.768345000000001,81.500975,81.500975 4.7732133333333335,81.50095166666668,81.50095166666668 4.778088333333333,81.50093,81.50093 4.782970000000001,81.50090666666667,81.50090666666667 4.787856666666666,81.50088666666667,81.50088666666667 4.792746666666666,81.50086666666665,81.50086666666665 4.797636666666667,81.50085,81.50085 4.802529999999999,81.50083333333333,81.50083333333333 4.807424999999999,81.50081833333334,81.50081833333334 4.812318333333333,81.50080333333334,81.50080333333334 4.817213333333333,81.50079000000001,81.50079000000001 4.822103333333333,81.50077666666667,81.50077666666667 4.826988333333333,81.500765,81.500765 4.831869999999999,81.50075333333332,81.50075333333332 4.836749999999999,81.50074333333335,81.50074333333335 4.8416266666666665,81.500735,81.500735 4.846498333333334,81.50072666666668,81.50072666666668 4.851366666666666,81.50072,81.50072 4.856231666666667,81.50071166666666,81.50071166666666 4.861091666666667,81.50070166666667,81.50070166666667 4.865946666666666,81.50069,81.50069 4.8708,81.50067833333333,81.50067833333333 4.875649999999999,81.500665,81.500665 4.8804983333333345,81.50064833333333,81.50064833333333 4.885346666666666,81.50062999999999,81.50062999999999 4.890195,81.50061166666666,81.50061166666666 4.895048333333334,81.50059,81.50059 4.899905,81.50056666666666,81.50056666666666 4.904765,81.50054,81.50054 4.909633333333333,81.50051,81.50051 4.914504999999999,81.50047666666667,81.50047666666667 4.919381666666667,81.50043333333332,81.50043333333332 4.924259999999999,81.50037833333334,81.50037833333334 4.929136666666667,81.50031,81.50031 4.934008333333334,81.50022333333334,81.50022333333334 4.9388700000000005,81.50012,81.50012 4.943718333333334,81.49999666666668,81.49999666666668 4.948550000000001,81.49985166666669,81.49985166666669 4.953355,81.49968833333334,81.49968833333334 4.958131666666667,81.49950499999998,81.49950499999998 4.962875,81.49930166666667,81.49930166666667 4.967576666666667,81.49907666666667,81.49907666666667 4.972228333333334,81.49883166666667,81.49883166666667 4.976825000000001,81.49856666666666,81.49856666666666 4.981361666666667,81.49828333333333,81.49828333333333 4.985831666666666,81.49798,81.49798 4.990233333333332,81.49766000000001,81.49766000000001 4.994563333333334,81.49732333333334,81.49732333333334 4.998821666666667,81.49696999999999,81.49696999999999 5.003021666666667,81.49660166666666,81.49660166666666 5.00716,81.49622166666666,81.49622166666666 5.011225,81.495825,81.495825 5.0152149999999995,81.49541,81.49541 5.0191300000000005,81.49497833333334,81.49497833333334 5.022971666666667,81.49453166666666,81.49453166666666 5.026738333333333,81.49406833333333,81.49406833333333 5.03042,81.49359166666666,81.49359166666666 5.034020000000001,81.49310000000001,81.49310000000001 5.037548333333334,81.49259500000001,81.49259500000001 5.041013333333333,81.49208,81.49208 5.044418333333334,81.491555,81.491555 5.047765,81.49102166666667,81.49102166666667 5.051046666666667,81.49047999999999,81.49047999999999 5.05425,81.48992666666666,81.48992666666666 5.057361666666667,81.48936166666667,81.48936166666667 5.060368333333334,81.48878333333334,81.48878333333334 5.063276666666667,81.48819666666667,81.48819666666667 5.066108333333334,81.48760000000001,81.48760000000001 5.068874999999999,81.48699833333333,81.48699833333333 5.071581666666667,81.48639166666668,81.48639166666668 5.074253333333332,81.48577833333333,81.48577833333333 5.076905,81.48516333333335,81.48516333333335 5.079541666666667,81.48454500000001,81.48454500000001 5.082176666666667,81.48392500000001,81.48392500000001 5.084826666666666,81.48330333333332,81.48330333333332 5.0875016666666655,81.48268166666666,81.48268166666666 5.0902,81.48205833333334,81.48205833333334 5.0929166666666665,81.48143166666667,81.48143166666667 5.095656666666666,81.480805,81.480805 5.098423333333333,81.480175,81.480175 5.101208333333333,81.47954333333334,81.47954333333334 5.103995000000001,81.47890833333334,81.47890833333334 5.106773333333334,81.47827166666667,81.47827166666667 5.109546666666667,81.47763333333333,81.47763333333333 5.112313333333334,81.47699333333334,81.47699333333334 5.115071666666666,81.47635333333332,81.47635333333332 5.117814999999999,81.47571,81.47571 5.120545000000001,81.475065,81.475065 5.123261666666667,81.47441666666667,81.47441666666667 5.125976666666667,81.47376833333334,81.47376833333334 5.128701666666666,81.47311833333335,81.47311833333335 5.131446666666666,81.47246666666666,81.47246666666666 5.134211666666666,81.471815,81.471815 5.136986666666667,81.47116,81.47116 5.139763333333334,81.47050166666668,81.47050166666668 5.142543333333333,81.46983999999999,81.46983999999999 5.1453266666666675,81.46917833333335,81.46917833333335 5.148111666666668,81.46851333333333,81.46851333333333 5.150903333333334,81.46784833333334,81.46784833333334 5.153698333333334,81.46718166666668,81.46718166666668 5.156499999999999,81.466515,81.466515 5.159321666666667,81.46585,81.46585 5.162173333333333,81.46518833333333,81.46518833333333 5.165046666666668,81.46452833333333,81.46452833333333 5.167948333333334,81.46387,81.46387 5.170888333333334,81.46321833333333,81.46321833333333 5.17385,81.46256833333334,81.46256833333334 5.17682,81.46192166666667,81.46192166666667 5.1797883333333345,81.461275,81.461275 5.182773333333334,81.46062833333333,81.46062833333333 5.1857733333333345,81.45998333333334,81.45998333333334 5.188781666666666,81.45933833333333,81.45933833333333 5.191795000000001,81.45868999999999,81.45868999999999 5.194818333333333,81.45803833333333,81.45803833333333 5.197856666666667,81.45738500000002,81.45738500000002 5.200906666666667,81.45672833333332,81.45672833333332 5.20397,81.45606833333333,81.45606833333333 5.207053333333332,81.45540833333334,81.45540833333334 5.210163333333333,81.45474666666668,81.45474666666668 5.213288333333333,81.45408166666665,81.45408166666665 5.216423333333333,81.45341499999999,81.45341499999999 5.219574999999999,81.45274666666667,81.45274666666667 5.222745,81.45207833333333,81.45207833333333 5.225929999999999,81.45141166666667,81.45141166666667 5.229126666666668,81.45074333333335,81.45074333333335 5.232326666666667,81.450075,81.450075 5.235526666666668,81.449405,81.449405 5.238725,81.44873666666668,81.44873666666668 5.241925,81.44806833333335,81.44806833333335 5.245126666666666,81.44739833333334,81.44739833333334 5.248330000000001,81.44672666666666,81.44672666666666 5.251530000000002,81.44605499999999,81.44605499999999 5.254723333333334,81.44538166666666,81.44538166666666 5.257906666666665,81.444705,81.444705 5.261081666666667,81.44403,81.44403 5.264241666666667,81.44335166666666,81.44335166666666 5.267391666666666,81.44267333333333,81.44267333333333 5.2705366666666675,81.441995,81.441995 5.273676666666667,81.44131500000002,81.44131500000002 5.276813333333332,81.440635,81.440635 5.27995,81.43995333333335,81.43995333333335 5.283086666666666,81.43927166666667,81.43927166666667 5.286218333333332,81.43858833333334,81.43858833333334 5.289353333333334,81.43790333333334,81.43790333333334 5.292489999999999,81.43721833333333,81.43721833333333 5.295628333333333,81.43653166666665,81.43653166666665 5.298769999999999,81.43584499999999,81.43584499999999 5.301916666666666,81.43515666666667,81.43515666666667 5.3050716666666675,81.43446833333334,81.43446833333334 5.308226666666667,81.43377833333334,81.43377833333334 5.311371666666667,81.43308499999999,81.43308499999999 5.314515,81.43239,81.43239 5.317661666666667,81.431695,81.431695 5.320808333333334,81.43099833333333,81.43099833333333 5.32395,81.43030166666668,81.43030166666668 5.327086666666665,81.42960500000002,81.42960500000002 5.330223333333333,81.42890833333334,81.42890833333334 5.333353333333333,81.42821166666666,81.42821166666666 5.336475,81.42751499999999,81.42751499999999 5.339595000000001,81.42681833333333,81.42681833333333 5.342708333333334,81.42612000000001,81.42612000000001 5.345815000000001,81.42542,81.42542 5.348914999999999,81.42472,81.42472 5.35201,81.42401666666666,81.42401666666666 5.355103333333333,81.42331333333333,81.42331333333333 5.358196666666666,81.42260666666667,81.42260666666667 5.36129,81.42189833333335,81.42189833333335 5.364381666666667,81.42118666666667,81.42118666666667 5.367476666666666,81.420475,81.420475 5.370579999999999,81.41976166666667,81.41976166666667 5.373685000000001,81.41904666666665,81.41904666666665 5.376793333333334,81.41833166666667,81.41833166666667 5.379905,81.417615,81.417615 5.383021666666667,81.41689666666666,81.41689666666666 5.386151666666666,81.41618,81.41618 5.389298333333333,81.41546333333334,81.41546333333334 5.392468333333333,81.41475000000001,81.41475000000001 5.395663333333333,81.41404,81.41404 5.398876666666667,81.41332999999999,81.41332999999999 5.402096666666667,81.41262333333333,81.41262333333333 5.405328333333334,81.41191666666667,81.41191666666667 5.408569999999999,81.41121166666667,81.41121166666667 5.411815,81.41050833333334,81.41050833333334 5.4150583333333335,81.40980333333333,81.40980333333333 5.418304999999999,81.40910000000001,81.40910000000001 5.4215583333333335,81.408395,81.408395 5.424806666666666,81.40769166666668,81.40769166666668 5.428051666666667,81.40698666666667,81.40698666666667 5.431300000000001,81.40628333333333,81.40628333333333 5.4345550000000005,81.40558166666666,81.40558166666666 5.437803333333333,81.40488166666667,81.40488166666667 5.441045000000002,81.40418,81.40418 5.444288333333332,81.40348000000002,81.40348000000002 5.447531666666667,81.40278166666667,81.40278166666667 5.450766666666668,81.40208333333332,81.40208333333332 5.453995,81.401385,81.401385 5.4572183333333335,81.40068833333333,81.40068833333333 5.460436666666666,81.39998999999999,81.39998999999999 5.463661666666668,81.39929333333333,81.39929333333333 5.466893333333333,81.39859499999999,81.39859499999999 5.470128333333333,81.39789666666667,81.39789666666667 5.473364999999999,81.39719833333334,81.39719833333334 5.476595,81.39649666666666,81.39649666666666 5.479814999999999,81.39579499999999,81.39579499999999 5.483031666666666,81.39509,81.39509 5.4862416666666665,81.394385,81.394385 5.489439999999999,81.39367833333334,81.39367833333334 5.492628333333333,81.39296833333334,81.39296833333334 5.495803333333333,81.39225666666667,81.39225666666667 5.498959999999999,81.391545,81.391545 5.5021,81.39083000000001,81.39083000000001 5.505230000000001,81.39011500000001,81.39011500000001 5.508355,81.3894,81.3894 5.511471666666667,81.388685,81.388685 5.514578333333333,81.38797,81.38797 5.517676666666667,81.38725500000001,81.38725500000001 5.5207733333333335,81.38653999999998,81.38653999999998 5.52387,81.38582500000001,81.38582500000001 5.526975000000001,81.38511333333332,81.38511333333332 5.53009,81.38440000000001,81.38440000000001 5.533213333333333,81.38368999999999,81.38368999999999 5.536346666666667,81.38298,81.38298 5.539479999999999,81.38226999999999,81.38226999999999 5.542613333333333,81.38156000000001,81.38156000000001 5.54575,81.38085,81.38085 5.548898333333334,81.38014166666667,81.38014166666667 5.552055,81.37943166666668,81.37943166666668 5.55521,81.37872166666666,81.37872166666666 5.558358333333333,81.37801166666665,81.37801166666665 5.5615049999999995,81.3773,81.3773 5.564651666666666,81.37658666666665,81.37658666666665 5.5678,81.37587500000001,81.37587500000001 5.570945,81.37516166666666,81.37516166666666 5.574091666666667,81.37444833333335,81.37444833333335 5.577243333333333,81.37373333333332,81.37373333333332 5.580396666666667,81.37302,81.37302 5.583555,81.37230666666666,81.37230666666666 5.586726666666668,81.37159333333335,81.37159333333335 5.589903333333333,81.37088,81.37088 5.593078333333333,81.37016666666666,81.37016666666666 5.596254999999999,81.36945333333333,81.36945333333333 5.59944,81.36874166666666,81.36874166666666 5.602631666666668,81.36802999999999,81.36802999999999 5.605818333333333,81.36732,81.36732 5.608998333333333,81.36660833333333,81.36660833333333 5.612178333333333,81.36589833333333,81.36589833333333 5.615356666666666,81.36519000000001,81.36519000000001 5.618524999999999,81.36447833333334,81.36447833333334 5.621688333333332,81.36377000000002,81.36377000000002 5.624851666666666,81.36305999999999,81.36305999999999 5.628008333333335,81.36235166666667,81.36235166666667 5.631158333333334,81.36164333333332,81.36164333333332 5.634306666666666,81.36093333333334,81.36093333333334 5.637460000000001,81.36022333333332,81.36022333333332 5.640621666666667,81.35951333333334,81.35951333333334 5.643796666666667,81.35880333333334,81.35880333333334 5.646986666666667,81.35809333333333,81.35809333333333 5.650195,81.35738500000001,81.35738500000001 5.653416666666667,81.356675,81.356675 5.656656666666667,81.35596833333334,81.35596833333334 5.659916666666667,81.35526166666666,81.35526166666666 5.663194999999999,81.35455666666667,81.35455666666667 5.666490000000001,81.35385333333333,81.35385333333333 5.669805000000001,81.35315333333332,81.35315333333332 5.673141666666666,81.35245333333333,81.35245333333333 5.676496666666666,81.35175666666667,81.35175666666667 5.679871666666665,81.35106166666665,81.35106166666665 5.683265,81.35036666666666,81.35036666666666 5.68667,81.34967333333334,81.34967333333334 5.690076666666666,81.34897666666669,81.34897666666669 5.693485,81.34828166666667,81.34828166666667 5.696888333333334,81.34758333333333,81.34758333333333 5.700283333333334,81.34688333333332,81.34688333333332 5.703671666666666,81.34618166666668,81.34618166666668 5.707048333333334,81.34547666666668,81.34547666666668 5.710411666666666,81.34477166666666,81.34477166666666 5.713768333333333,81.344065,81.344065 5.7171183333333335,81.34335666666666,81.34335666666666 5.720461666666667,81.34264666666665,81.34264666666665 5.723801666666666,81.34193833333333,81.34193833333333 5.727136666666667,81.34122833333332,81.34122833333332 5.73047,81.34051666666666,81.34051666666666 5.7337983333333336,81.33980499999998,81.33980499999998 5.737121666666667,81.33909166666668,81.33909166666668 5.740443333333333,81.33838,81.33838 5.74376,81.33766500000002,81.33766500000002 5.747076666666667,81.33695166666665,81.33695166666665 5.7503866666666665,81.33623666666668,81.33623666666668 5.753688333333334,81.33552166666666,81.33552166666666 5.756981666666667,81.33480666666667,81.33480666666667 5.760270000000001,81.33408999999999,81.33408999999999 5.7635466666666675,81.33337166666666,81.33337166666666 5.7668083333333335,81.33265333333333,81.33265333333333 5.770056666666667,81.33193166666666,81.33193166666666 5.773293333333333,81.33120833333335,81.33120833333335 5.776523333333334,81.330485,81.330485 5.779738333333333,81.32975833333334,81.32975833333334 5.782938333333334,81.32903,81.32903 5.786128333333333,81.32830166666666,81.32830166666666 5.789306666666667,81.32757166666667,81.32757166666667 5.792471666666668,81.32683833333334,81.32683833333334 5.795623333333333,81.32610500000001,81.32610500000001 5.798763333333333,81.32537,81.32537 5.8019,81.32463500000001,81.32463500000001 5.805026666666667,81.3239,81.3239 5.808141666666667,81.32316333333334,81.32316333333334 5.811251666666668,81.32242833333332,81.32242833333332 5.814355,81.32169166666667,81.32169166666667 5.817451666666667,81.32095666666667,81.32095666666667 5.820543333333334,81.32022,81.32022 5.823633333333333,81.31948500000001,81.31948500000001 5.826723333333333,81.31875166666669,81.31875166666669 5.829808333333333,81.31801833333333,81.31801833333333 5.83289,81.317285,81.317285 5.835968333333333,81.31655333333333,81.31655333333333 5.8390450000000005,81.31582333333336,81.31582333333336 5.842123333333332,81.31509333333332,81.31509333333332 5.845199999999999,81.31436666666667,81.31436666666667 5.84827,81.31363833333333,81.31363833333333 5.851329999999999,81.31291,81.31291 5.854385,81.31218,81.31218 5.857436666666667,81.31145166666666,81.31145166666666 5.8604933333333324,81.31072000000002,81.31072000000002 5.863551666666666,81.30998999999998,81.30998999999998 5.8666116666666674,81.30925666666666,81.30925666666666 5.869673333333332,81.30852333333333,81.30852333333333 5.872744999999999,81.30779,81.30779 5.875820000000001,81.307055,81.307055 5.878901666666667,81.30632166666666,81.30632166666666 5.881993333333333,81.30558666666667,81.30558666666667 5.885091666666667,81.30485333333334,81.30485333333334 5.8881950000000005,81.30412000000001,81.30412000000001 5.891301666666668,81.30338666666665,81.30338666666665 5.8944149999999995,81.30265166666666,81.30265166666666 5.897538333333334,81.30192,81.30192 5.9006783333333335,81.30118833333333,81.30118833333333 5.903836666666666,81.30045666666666,81.30045666666666 5.9070116666666665,81.29972833333332,81.29972833333332 5.910208333333333,81.29900166666667,81.29900166666667 5.9134166666666665,81.29827666666667,81.29827666666667 5.916639999999999,81.29755166666668,81.29755166666668 5.919876666666666,81.29683000000001,81.29683000000001 5.923123333333333,81.29610666666667,81.29610666666667 5.926371666666667,81.29538500000001,81.29538500000001 5.929625000000001,81.29466500000001,81.29466500000001 5.932893333333333,81.293945,81.293945 5.936179999999999,81.29322666666668,81.29322666666668 5.93948,81.29251166666666,81.29251166666666 5.9427900000000005,81.29179666666667,81.29179666666667 5.946113333333334,81.29108333333333,81.29108333333333 5.949453333333334,81.29037333333335,81.29037333333335 5.952803333333332,81.28966333333332,81.28966333333332 5.956158333333333,81.28895333333334,81.28895333333334 5.9595183333333335,81.28824500000002,81.28824500000002 5.962881666666668,81.28753666666667,81.28753666666667 5.9662483333333345,81.28682999999998,81.28682999999998 5.969613333333332,81.28612333333332,81.28612333333332 5.972983333333334,81.28541833333333,81.28541833333333 5.976355000000002,81.28471333333333,81.28471333333333 5.979723333333333,81.28401,81.28401 5.983094999999999,81.28330833333332,81.28330833333332 5.986468333333333,81.28260666666665,81.28260666666665 5.989841666666666,81.28190666666667,81.28190666666667 5.993215,81.28120666666666,81.28120666666666 5.996583333333334,81.28050666666665,81.28050666666665 5.9999433333333325,81.27980500000001,81.27980500000001 6.003296666666667,81.279105,81.279105 6.006644999999999,81.27840166666667,81.27840166666667 6.009988333333333,81.27769833333333,81.27769833333333 6.013328333333334,81.276995,81.276995 6.016669999999999,81.27629166666667,81.27629166666667 6.020015000000002,81.27558833333333,81.27558833333333 6.023366666666667,81.274885,81.274885 6.02672,81.27418166666666,81.27418166666666 6.030063333333334,81.27347833333333,81.27347833333333 6.033401666666666,81.27277333333333,81.27277333333333 6.036738333333333,81.27206833333334,81.27206833333334 6.040071666666668,81.27136166666665,81.27136166666665 6.043394999999999,81.27065500000002,81.27065500000002 6.046708333333334,81.26994666666667,81.26994666666667 6.0500099999999986,81.26923833333332,81.26923833333332 6.053301666666665,81.26852833333334,81.26852833333334 6.056583333333333,81.26781666666668,81.26781666666668 6.059856666666667,81.267105,81.267105 6.063123333333334,81.26639166666666,81.26639166666666 6.06639,81.26567666666668,81.26567666666668 6.069653333333333,81.26495999999999,81.26495999999999 6.072906666666667,81.26424166666668,81.26424166666668 6.076153333333333,81.26352166666666,81.26352166666666 6.079390000000001,81.2628,81.2628 6.082615,81.26207666666667,81.26207666666667 6.085826666666666,81.26135333333333,81.26135333333333 6.0890266666666655,81.26062833333334,81.26062833333334 6.09221,81.25990166666666,81.25990166666666 6.0953800000000005,81.25917500000001,81.25917500000001 6.098535,81.25844833333333,81.25844833333333 6.101678333333333,81.25772166666667,81.25772166666667 6.104806666666668,81.25699500000002,81.25699500000002 6.107915000000001,81.25626666666668,81.25626666666668 6.111008333333332,81.25554,81.25554 6.114086666666666,81.25481166666668,81.25481166666668 6.117161666666667,81.254085,81.254085 6.120231666666666,81.25335833333334,81.25335833333334 6.123298333333334,81.25263333333335,81.25263333333335 6.126361666666666,81.25190833333333,81.25190833333333 6.129421666666667,81.251185,81.251185 6.132476666666667,81.25046,81.25046 6.135525,81.24973666666665,81.24973666666665 6.138563333333333,81.24901166666666,81.24901166666666 6.141591666666667,81.24828666666667,81.24828666666667 6.144613333333332,81.24756000000001,81.24756000000001 6.1476316666666655,81.24683333333333,81.24683333333333 6.150645,81.24610666666668,81.24610666666668 6.153656666666666,81.24538,81.24538 6.156670000000001,81.24465166666668,81.24465166666668 6.159688333333334,81.24392333333334,81.24392333333334 6.162708333333335,81.243195,81.243195 6.165735000000001,81.24246666666666,81.24246666666666 6.168778333333333,81.24174,81.24174 6.171836666666667,81.24101333333334,81.24101333333334 6.174901666666667,81.24028833333332,81.24028833333332 6.177968333333333,81.23956000000001,81.23956000000001 6.181043333333333,81.23883333333333,81.23883333333333 6.184126666666667,81.23810833333333,81.23810833333333 6.1872083333333325,81.23737999999999,81.23737999999999 6.190286666666666,81.23665166666667,81.23665166666667 6.193363333333334,81.23592333333333,81.23592333333333 6.196436666666666,81.23519500000002,81.23519500000002 6.199506666666667,81.23446666666668,81.23446666666668 6.20257,81.23373666666667,81.23373666666667 6.205633333333333,81.23300666666667,81.23300666666667 6.2086983333333325,81.23227666666666,81.23227666666666 6.211765,81.23154833333334,81.23154833333334 6.214833333333333,81.23081833333333,81.23081833333333 6.217905,81.23008833333333,81.23008833333333 6.220986666666667,81.22935999999999,81.22935999999999 6.224071666666667,81.22863166666667,81.22863166666667 6.2271583333333345,81.22790166666667,81.22790166666667 6.230246666666667,81.22717166666666,81.22717166666666 6.233338333333333,81.22644166666669,81.22644166666669 6.23643,81.22571166666665,81.22571166666665 6.2395200000000015,81.22498000000002,81.22498000000002 6.242606666666667,81.22425000000001,81.22425000000001 6.245693333333333,81.22351833333335,81.22351833333335 6.248773333333332,81.22278666666665,81.22278666666665 6.25185,81.22205333333332,81.22205333333332 6.254923333333332,81.22132166666668,81.22132166666668 6.257996666666666,81.22058999999999,81.22058999999999 6.261068333333332,81.21985666666666,81.21985666666666 6.264141666666666,81.21912499999999,81.21912499999999 6.267213333333333,81.21839166666666,81.21839166666666 6.270281666666667,81.21766,81.21766 6.2733566666666665,81.21692833333333,81.21692833333333 6.276431666666667,81.21619833333332,81.21619833333332 6.279506666666666,81.21546666666666,81.21546666666666 6.2825783333333325,81.21473666666668,81.21473666666668 6.285653333333333,81.21400666666668,81.21400666666668 6.288728333333334,81.21327666666667,81.21327666666667 6.2918,81.21254833333334,81.21254833333334 6.294876666666666,81.21182,81.21182 6.297966666666667,81.21109333333332,81.21109333333332 6.301073333333333,81.21036833333334,81.21036833333334 6.304195000000001,81.20964500000001,81.20964500000001 6.307324999999999,81.20892166666665,81.20892166666665 6.310461666666668,81.20819833333334,81.20819833333334 6.313608333333335,81.20747666666665,81.20747666666665 6.316759999999999,81.20675666666666,81.20675666666666 6.319913333333333,81.206035,81.206035 6.323063333333333,81.20531333333334,81.20531333333334 6.326216666666667,81.20459166666666,81.20459166666666 6.329371666666667,81.20387,81.20387 6.332526666666666,81.20314666666667,81.20314666666667 6.335686666666668,81.20242499999999,81.20242499999999 6.338848333333335,81.20170166666666,81.20170166666666 6.342011666666668,81.20098,81.20098 6.345175,81.20025666666666,81.20025666666666 6.348338333333333,81.19953333333333,81.19953333333333 6.351496666666666,81.19881000000001,81.19881000000001 6.354646666666667,81.198085,81.198085 6.35779,81.19735999999999,81.19735999999999 6.360928333333333,81.196635,81.196635 6.364056666666666,81.19590833333335,81.19590833333335 6.367183333333332,81.19518333333333,81.19518333333333 6.370313333333334,81.19445666666667,81.19445666666667 6.373441666666667,81.19373166666665,81.19373166666665 6.376566666666667,81.19300666666666,81.19300666666666 6.379688333333334,81.19228166666667,81.19228166666667 6.382808333333333,81.19155666666667,81.19155666666667 6.3859216666666665,81.19083166666665,81.19083166666665 6.389025,81.19010666666667,81.19010666666667 6.392118333333333,81.18938166666668,81.18938166666668 6.395206666666666,81.18865666666667,81.18865666666667 6.3982850000000004,81.18793166666666,81.18793166666666 6.401353333333334,81.18720666666667,81.18720666666667 6.404413333333333,81.18648166666668,81.18648166666668 6.407466666666665,81.18575666666668,81.18575666666668 6.4105099999999995,81.18503,81.18503 6.413541666666666,81.18430333333335,81.18430333333335 6.41657,81.18357666666667,81.18357666666667 6.419596666666666,81.18284999999999,81.18284999999999 6.422616666666666,81.18212166666667,81.18212166666667 6.425628333333332,81.18139166666667,81.18139166666667 6.428641666666667,81.18066166666668,81.18066166666668 6.431653333333332,81.17993,81.17993 6.434661666666667,81.17919666666667,81.17919666666667 6.437683333333332,81.178465,81.178465 6.440725,81.17773166666667,81.17773166666667 6.443788333333333,81.17700166666667,81.17700166666667 6.446866666666666,81.17627333333333,81.17627333333333 6.449955,81.17554333333332,81.17554333333332 6.453056666666667,81.17481666666666,81.17481666666666 6.456173333333334,81.17409166666667,81.17409166666667 6.459298333333334,81.17336666666668,81.17336666666668 6.46243,81.17264166666668,81.17264166666668 6.465570000000001,81.17191999999999,81.17191999999999 6.468718333333333,81.17119833333332,81.17119833333332 6.471869999999999,81.17047666666667,81.17047666666667 6.475025,81.16975666666667,81.16975666666667 6.478185,81.16903833333335,81.16903833333335 6.481348333333333,81.16831999999998,81.16831999999998 6.484511666666667,81.16760166666667,81.16760166666667 6.487678333333334,81.16688500000001,81.16688500000001 6.49085,81.16617,81.16617 6.49402,81.165455,81.165455 6.497186666666665,81.16474,81.16474 6.500351666666668,81.16402500000001,81.16402500000001 6.503513333333332,81.16331166666667,81.16331166666667 6.506666666666666,81.16259666666666,81.16259666666666 6.509813333333333,81.16188166666669,81.16188166666669 6.512956666666666,81.16116666666666,81.16116666666666 6.516094999999999,81.16045000000001,81.16045000000001 6.5192283333333325,81.15973333333332,81.15973333333332 6.52236,81.15901666666667,81.15901666666667 6.52549,81.15829833333335,81.15829833333335 6.528616666666666,81.15758000000001,81.15758000000001 6.53174,81.15686,81.15686 6.534859999999999,81.15614,81.15614 6.537978333333333,81.15542,81.15542 6.5410916666666665,81.15469833333334,81.15469833333334 6.544200000000001,81.15397500000002,81.15397500000002 6.547301666666667,81.15325166666666,81.15325166666666 6.550394999999999,81.15252666666666,81.15252666666666 6.5534799999999995,81.15180166666667,81.15180166666667 6.556556666666667,81.15107666666665,81.15107666666665 6.559621666666668,81.15035166666667,81.15035166666667 6.562678333333333,81.149625,81.149625 6.565733333333333,81.14890000000001,81.14890000000001 6.568788333333334,81.14817333333333,81.14817333333333 6.571838333333334,81.14744833333332,81.14744833333332 6.574888333333334,81.14672166666666,81.14672166666666 6.577943333333333,81.14599666666666,81.14599666666666 6.5809983333333335,81.14527333333334,81.14527333333334 6.58405,81.14454833333332,81.14454833333332 6.5871,81.14382333333333,81.14382333333333 6.59015,81.14309833333333,81.14309833333333 6.5932,81.14237333333334,81.14237333333334 6.596253333333334,81.14164833333332,81.14164833333332 6.599311666666667,81.140925,81.140925 6.602375000000001,81.1402,81.1402 6.605436666666666,81.139475,81.139475 6.608493333333333,81.13874999999999,81.13874999999999 6.611548333333333,81.138025,81.138025 6.614598333333333,81.1373,81.1373 6.617636666666668,81.13657499999998,81.13657499999998 6.620671666666667,81.13584833333333,81.13584833333333 6.623701666666667,81.13512333333334,81.13512333333334 6.626729999999999,81.13439833333334,81.13439833333334 6.629760000000001,81.13367166666666,81.13367166666666 6.632788333333334,81.13294666666667,81.13294666666667 6.635811666666666,81.13222166666665,81.13222166666665 6.638835,81.131495,81.131495 6.64186,81.13077,81.13077 6.644888333333333,81.13004500000001,81.13004500000001 6.647913333333334,81.12931833333333,81.12931833333333 6.650935,81.12859333333334,81.12859333333334 6.653951666666668,81.12786666666666,81.12786666666666 6.65696,81.12714166666666,81.12714166666666 6.659966666666667,81.12641500000001,81.12641500000001 6.662968333333334,81.12568833333333,81.12568833333333 6.665963333333333,81.12496166666668,81.12496166666668 6.6689533333333335,81.12423666666668,81.12423666666668 6.671943333333333,81.12351,81.12351 6.674931666666667,81.12278500000001,81.12278500000001 6.677915,81.12205833333336,81.12205833333336 6.6808933333333345,81.12133333333334,81.12133333333334 6.683871666666667,81.12060666666666,81.12060666666666 6.686846666666667,81.11988,81.11988 6.689816666666667,81.11915333333332,81.11915333333332 6.692783333333334,81.118425,81.118425 6.695748333333334,81.11769666666669,81.11769666666669 6.698716666666666,81.11696833333335,81.11696833333335 6.701695000000002,81.11624,81.11624 6.704681666666667,81.11551166666666,81.11551166666666 6.707673333333334,81.11478333333334,81.11478333333334 6.710675,81.114055,81.114055 6.713691666666667,81.11332833333331,81.11332833333331 6.7167183333333345,81.11260333333333,81.11260333333333 6.719746666666666,81.11187666666667,81.11187666666667 6.722785000000001,81.11115333333333,81.11115333333333 6.725838333333333,81.11043000000001,81.11043000000001 6.728913333333332,81.10971,81.10971 6.732010000000001,81.10899333333334,81.10899333333334 6.735131666666666,81.10827833333333,81.10827833333333 6.73828,81.10756666666666,81.10756666666666 6.7414499999999995,81.10685666666667,81.10685666666667 6.744635,81.10614999999999,81.10614999999999 6.747836666666666,81.10544333333333,81.10544333333333 6.751051666666666,81.10473999999999,81.10473999999999 6.7542766666666685,81.10403666666666,81.10403666666666 6.757513333333333,81.10333666666668,81.10333666666668 6.760761666666667,81.10263666666667,81.10263666666667 6.764013333333333,81.10193833333332,81.10193833333332 6.767271666666667,81.10124166666667,81.10124166666667 6.770534999999999,81.10054666666666,81.10054666666666 6.773803333333333,81.09985,81.09985 6.777071666666666,81.09915500000001,81.09915500000001 6.780339999999999,81.09845833333334,81.09845833333334 6.783611666666666,81.09776333333332,81.09776333333332 6.786886666666667,81.09706666666666,81.09706666666666 6.790161666666667,81.09636833333334,81.09636833333334 6.793436666666667,81.09567,81.09567 6.796713333333334,81.09497,81.09497 6.799991666666666,81.09427,81.09427 6.803273333333334,81.09356833333332,81.09356833333332 6.8065483333333345,81.09286499999999,81.09286499999999 6.809814999999999,81.09215833333333,81.09215833333333 6.813075,81.09145166666667,81.09145166666667 6.816333333333333,81.09074333333334,81.09074333333334 6.819583333333333,81.09003333333332,81.09003333333332 6.822815000000001,81.08931999999999,81.08931999999999 6.826035,81.088605,81.088605 6.829243333333333,81.08788666666665,81.08788666666665 6.832435,81.08716666666668,81.08716666666668 6.835611666666667,81.08644333333334,81.08644333333334 6.838773333333334,81.08571833333335,81.08571833333335 6.841920000000001,81.08499333333333,81.08499333333333 6.845049999999999,81.08426500000002,81.08426500000002 6.848166666666666,81.08353666666667,81.08353666666667 6.851271666666666,81.08280666666667,81.08280666666667 6.854366666666666,81.082075,81.082075 6.857448333333333,81.08134166666667,81.08134166666667 6.860521666666667,81.08060666666668,81.08060666666668 6.863581666666666,81.07987,81.07987 6.866628333333333,81.07913166666668,81.07913166666668 6.8696649999999995,81.07839166666666,81.07839166666666 6.8726883333333335,81.07765166666665,81.07765166666665 6.875700000000001,81.07690999999998,81.07690999999998 6.878701666666666,81.076165,81.076165 6.881688333333333,81.07542166666667,81.07542166666667 6.884664999999998,81.074675,81.074675 6.8876333333333335,81.07392833333334,81.07392833333334 6.890600000000001,81.07318000000001,81.07318000000001 6.893556666666666,81.07243166666666,81.07243166666666 6.896505,81.07168333333335,81.07168333333335 6.89945,81.07093333333334,81.07093333333334 6.9023916666666665,81.07018333333335,81.07018333333335 6.905328333333333,81.06943333333335,81.06943333333335 6.908265000000001,81.06868166666666,81.06868166666666 6.911204999999999,81.06793166666665,81.06793166666665 6.9141449999999995,81.06718166666666,81.06718166666666 6.917083333333333,81.06643000000001,81.06643000000001 6.920025,81.06568000000001,81.06568000000001 6.922961666666667,81.06492833333333,81.06492833333333 6.925893333333334,81.06417833333333,81.06417833333333 6.928823333333335,81.06342666666666,81.06342666666666 6.93175,81.062675,81.062675 6.934673333333335,81.061925,81.061925 6.937598333333334,81.06117499999999,81.06117499999999 6.940529999999999,81.060425,81.060425 6.943464999999999,81.05967833333334,81.05967833333334 6.9464049999999995,81.05893166666667,81.05893166666667 6.94935,81.05818500000001,81.05818500000001 6.952303333333333,81.05744166666666,81.05744166666666 6.955263333333332,81.05669833333333,81.05669833333333 6.9582299999999995,81.05595666666667,81.05595666666667 6.961204999999999,81.055215,81.055215 6.96419,81.054475,81.054475 6.967183333333333,81.05373666666667,81.05373666666667 6.970185000000001,81.05299833333335,81.05299833333335 6.9731966666666665,81.05226166666667,81.05226166666667 6.976218333333332,81.05152500000001,81.05152500000001 6.9792516666666655,81.05078833333333,81.05078833333333 6.982293333333333,81.05005333333334,81.05005333333334 6.985341666666666,81.04931833333333,81.04931833333333 6.988399999999999,81.04858333333334,81.04858333333334 6.991465,81.04784833333332,81.04784833333332 6.994534999999999,81.04711333333333,81.04711333333333 6.997608333333333,81.04637833333334,81.04637833333334 7.000685000000001,81.04564333333332,81.04564333333332 7.0037650000000005,81.04490666666666,81.04490666666666 7.006853333333334,81.04417166666667,81.04417166666667 7.009951666666666,81.04343666666666,81.04343666666666 7.013058333333333,81.04270166666667,81.04270166666667 7.016173333333334,81.04196833333334,81.04196833333334 7.019298333333333,81.04123500000001,81.04123500000001 7.022430000000002,81.04050166666666,81.04050166666666 7.025566666666667,81.03977166666668,81.03977166666668 7.028705,81.03904166666668,81.03904166666668 7.0318433333333346,81.03831166666667,81.03831166666667 7.034983333333334,81.03758333333333,81.03758333333333 7.038119999999999,81.036855,81.036855 7.04125,81.03612833333332,81.03612833333332 7.0443733333333345,81.03539999999998,81.03539999999998 7.047491666666668,81.03467333333333,81.03467333333333 7.050601666666667,81.03394833333334,81.03394833333334 7.053706666666667,81.03322166666666,81.03322166666666 7.056806666666667,81.03249666666666,81.03249666666666 7.059903333333334,81.03177166666667,81.03177166666667 7.062993333333332,81.03104666666665,81.03104666666665 7.066078333333333,81.03032166666667,81.03032166666667 7.069155,81.029595,81.029595 7.0722249999999995,81.02887000000001,81.02887000000001 7.075288333333334,81.02814166666667,81.02814166666667 7.078343333333333,81.02741333333333,81.02741333333333 7.081391666666668,81.02668499999999,81.02668499999999 7.084429999999999,81.02595666666667,81.02595666666667 7.087458333333332,81.02522666666667,81.02522666666667 7.0904750000000005,81.024495,81.024495 7.093478333333333,81.02376166666667,81.02376166666667 7.096468333333333,81.02302833333334,81.02302833333334 7.099448333333334,81.02229333333332,81.02229333333332 7.1024183333333335,81.02155833333333,81.02155833333333 7.105375,81.02082166666668,81.02082166666668 7.108321666666666,81.020085,81.020085 7.111261666666667,81.01934666666666,81.01934666666666 7.114191666666666,81.018605,81.018605 7.117111666666667,81.01786333333332,81.01786333333332 7.120023333333334,81.01712166666667,81.01712166666667 7.122928333333334,81.01637666666667,81.01637666666667 7.125826666666667,81.01563,81.01563 7.128716666666666,81.01488333333334,81.01488333333334 7.131596666666667,81.01413500000001,81.01413500000001 7.134471666666667,81.01338666666666,81.01338666666666 7.137338333333334,81.01263666666667,81.01263666666667 7.140205,81.01188666666667,81.01188666666667 7.143073333333333,81.01113833333335,81.01113833333335 7.145945,81.01038833333335,81.01038833333335 7.148818333333332,81.00964166666667,81.00964166666667 7.151699999999999,81.008895,81.008895 7.154585,81.00814999999999,81.00814999999999 7.157473333333333,81.00740499999999,81.00740499999999 7.1603666666666665,81.00666166666666,81.00666166666666 7.163264999999999,81.00591833333334,81.00591833333334 7.166166666666667,81.00517666666667,81.00517666666667 7.16907,81.00443666666666,81.00443666666666 7.171975,81.00369666666667,81.00369666666667 7.17488,81.00295833333332,81.00295833333332 7.177788333333333,81.00222000000001,81.00222000000001 7.1807033333333345,81.00148166666666,81.00148166666666 7.183625000000001,81.00074500000001,81.00074500000001 7.18655,81.00000833333334,81.00000833333334 7.189475000000001,80.99927166666667,80.99927166666667 7.192405,80.99853499999999,80.99853499999999 7.195338333333333,80.9978,80.9978 7.198271666666667,80.99706333333333,80.99706333333333 7.201203333333333,80.99632833333334,80.99632833333334 7.204133333333334,80.99559166666666,80.99559166666666 7.207059999999999,80.99485333333334,80.99485333333334 7.209981666666666,80.99411666666666,80.99411666666666 7.212901666666665,80.99337833333334,80.99337833333334 7.215823333333332,80.99264000000001,80.99264000000001 7.218743333333333,80.99190166666666,80.99190166666666 7.2216700000000005,80.99116500000001,80.99116500000001 7.224603333333333,80.99042666666666,80.99042666666666 7.227541666666668,80.98969166666667,80.98969166666667 7.230486666666667,80.98895666666667,80.98895666666667 7.233433333333333,80.98822166666667,80.98822166666667 7.2363833333333325,80.98748666666668,80.98748666666668 7.2393350000000005,80.98675166666666,80.98675166666666 7.242286666666667,80.98601666666667,80.98601666666667 7.245238333333333,80.98528333333334,80.98528333333334 7.248189999999999,80.98454833333332,80.98454833333332 7.251146666666666,80.98381333333333,80.98381333333333 7.254099999999999,80.98307833333334,80.98307833333334 7.257051666666666,80.98234333333333,80.98234333333333 7.260001666666667,80.98160666666665,80.98160666666665 7.26295,80.98087,80.98087 7.2658933333333335,80.98013333333334,80.98013333333334 7.268831666666667,80.979395,80.979395 7.271768333333333,80.97865666666667,80.97865666666667 7.274698333333332,80.97791666666666,80.97791666666666 7.277619999999999,80.97717666666668,80.97717666666668 7.280538333333333,80.97643500000001,80.97643500000001 7.283451666666667,80.97569333333333,80.97569333333333 7.286359999999999,80.97494999999999,80.97494999999999 7.289268333333332,80.97420500000001,80.97420500000001 7.29218,80.97345999999999,80.97345999999999 7.295091666666667,80.97271666666667,80.97271666666667 7.298005000000001,80.97197166666668,80.97197166666668 7.300918333333334,80.971225,80.971225 7.303833333333334,80.97048000000001,80.97048000000001 7.306746666666668,80.96973333333334,80.96973333333334 7.30966,80.96898666666665,80.96898666666665 7.312576666666667,80.96824166666667,80.96824166666667 7.315501666666667,80.96749666666665,80.96749666666665 7.318426666666666,80.96675166666667,80.96675166666667 7.321346666666667,80.96600666666667,80.96600666666667 7.324268333333333,80.96526333333333,80.96526333333333 7.327184999999999,80.96451833333333,80.96451833333333 7.330100000000002,80.963775,80.963775 7.333016666666667,80.96303333333334,80.96303333333334 7.335956666666668,80.96229333333333,80.96229333333333 7.338914999999999,80.96155499999999,80.96155499999999 7.341888333333333,80.96082,80.96082 7.344876666666665,80.96008666666667,80.96008666666667 7.34788,80.95935333333334,80.95935333333334 7.350896666666667,80.95862166666667,80.95862166666667 7.353926666666666,80.95789166666667,80.95789166666667 7.356969999999999,80.95716166666666,80.95716166666666 7.360023333333334,80.95643333333335,80.95643333333335 7.36309,80.95570333333332,80.95570333333332 7.366169999999999,80.954975,80.954975 7.3692633333333335,80.95424666666666,80.95424666666666 7.372363333333334,80.95351833333335,80.95351833333335 7.375468333333333,80.95278833333334,80.95278833333334 7.378578333333333,80.95206,80.95206 7.381695,80.95132833333334,80.95132833333334 7.384810000000002,80.95059833333333,80.95059833333333 7.387926666666667,80.94986666666667,80.94986666666667 7.391045000000001,80.949135,80.949135 7.394161666666668,80.94840166666667,80.94840166666667 7.397275,80.94766833333334,80.94766833333334 7.40039,80.94693500000001,80.94693500000001 7.403503333333333,80.94620166666668,80.94620166666668 7.406608333333332,80.94546666666666,80.94546666666666 7.409708333333334,80.94473166666667,80.94473166666667 7.412803333333334,80.94399666666665,80.94399666666665 7.415888333333334,80.94326,80.94326 7.418963333333333,80.94252333333334,80.94252333333334 7.42203,80.94178500000001,80.94178500000001 7.425088333333334,80.94104666666667,80.94104666666667 7.428138333333334,80.94030833333332,80.94030833333332 7.431183333333333,80.93956666666666,80.93956666666666 7.434231666666666,80.938825,80.938825 7.43728,80.93808333333332,80.93808333333332 7.440331666666666,80.93734166666667,80.93734166666667 7.443388333333334,80.93659666666667,80.93659666666667 7.4464533333333325,80.93585333333334,80.93585333333334 7.4495216666666675,80.93510666666667,80.93510666666667 7.4525950000000005,80.93436,80.93436 7.455675,80.93361166666668,80.93361166666668 7.458758333333333,80.93286166666668,80.93286166666668 7.4618400000000005,80.93211166666667,80.93211166666667 7.464918333333332,80.93135999999998,80.93135999999998 7.4679883333333335,80.93060833333335,80.93060833333335 7.471055,80.929855,80.929855 7.474119999999998,80.92910166666667,80.92910166666667 7.477178333333335,80.92835000000001,80.92835000000001 7.48023,80.92759833333332,80.92759833333332 7.483271666666667,80.92684666666668,80.92684666666668 7.486305000000001,80.92609499999999,80.92609499999999 7.489328333333334,80.92534333333333,80.92534333333333 7.492336666666667,80.92459333333333,80.92459333333333 7.495333333333334,80.92384166666666,80.92384166666666 7.498323333333334,80.92309166666666,80.92309166666666 7.501306666666667,80.92234166666667,80.92234166666667 7.504278333333333,80.92159166666666,80.92159166666666 7.507241666666666,80.92084333333335,80.92084333333335 7.510198333333333,80.920095,80.920095 7.513144999999999,80.91934666666667,80.91934666666667 7.5160849999999995,80.91859833333334,80.91859833333334 7.519016666666666,80.91784999999999,80.91784999999999 7.521943333333333,80.91710333333334,80.91710333333334 7.524866666666666,80.916355,80.916355 7.527785000000001,80.91560666666666,80.91560666666666 7.530693333333334,80.91485666666668,80.91485666666668 7.533593333333333,80.91410666666668,80.91410666666668 7.536488333333334,80.913355,80.913355 7.5393783333333335,80.91260166666667,80.91260166666667 7.54227,80.91184833333334,80.91184833333334 7.545168333333333,80.91109499999999,80.91109499999999 7.548073333333334,80.91034,80.91034 7.550980000000001,80.90958499999999,80.90958499999999 7.553893333333335,80.90883000000001,80.90883000000001 7.556811666666666,80.908075,80.908075 7.559735000000001,80.90732,80.90732 7.562668333333332,80.90656499999999,80.90656499999999 7.5656066666666675,80.90581166666666,80.90581166666666 7.568546666666667,80.90505666666665,80.90505666666665 7.571488333333334,80.90430166666667,80.90430166666667 7.574436666666666,80.90354833333333,80.90354833333333 7.577396666666668,80.90279666666667,80.90279666666667 7.58036,80.90204499999999,80.90204499999999 7.58333,80.90129333333333,80.90129333333333 7.586306666666667,80.90054333333332,80.90054333333332 7.589293333333334,80.89979499999998,80.89979499999998 7.5922849999999995,80.89904666666666,80.89904666666666 7.595283333333334,80.89829999999999,80.89829999999999 7.598283333333334,80.89755333333332,80.89755333333332 7.601285,80.89680666666666,80.89680666666666 7.604295,80.89606,80.89606 7.607301666666666,80.89531333333333,80.89531333333333 7.61029,80.894565,80.894565 7.613270000000001,80.89381666666665,80.89381666666665 7.61625,80.89306833333335,80.89306833333335 7.619218333333333,80.89232,80.89232 7.622175,80.89157,80.89157 7.625120000000001,80.89082166666667,80.89082166666667 7.628051666666665,80.89007333333335,80.89007333333335 7.630966666666666,80.88932333333335,80.88932333333335 7.633861666666666,80.88857333333334,80.88857333333334 7.636738333333333,80.88782333333334,80.88782333333334 7.639598333333334,80.88707166666666,80.88707166666666 7.642438333333333,80.88632,80.88632 7.6452616666666655,80.88556666666666,80.88556666666666 7.648068333333334,80.88481166666668,80.88481166666668 7.650861666666667,80.88405666666667,80.88405666666667 7.653638333333333,80.88329833333333,80.88329833333333 7.656403333333333,80.88253833333333,80.88253833333333 7.659153333333335,80.88177833333333,80.88177833333333 7.661889999999999,80.881015,80.881015 7.6646149999999995,80.88025166666665,80.88025166666665 7.667324999999999,80.87948666666666,80.87948666666666 7.670021666666665,80.87872,80.87872 7.672703333333334,80.87795,80.87795 7.675371666666666,80.87718,80.87718 7.678025,80.87640833333334,80.87640833333334 7.6806649999999985,80.87563499999999,80.87563499999999 7.683293333333334,80.87486166666667,80.87486166666667 7.685908333333334,80.874085,80.874085 7.688506666666666,80.87330833333333,80.87330833333333 7.691086666666667,80.87252833333334,80.87252833333334 7.693650000000001,80.87174833333333,80.87174833333333 7.696193333333334,80.87096666666667,80.87096666666667 7.698716666666666,80.87018166666667,80.87018166666667 7.701228333333333,80.86939833333332,80.86939833333332 7.70373,80.86861166666665,80.86861166666665 7.706218333333333,80.86782499999998,80.86782499999998 7.7086983333333325,80.86703833333334,80.86703833333334 7.711168333333334,80.86625000000001,80.86625000000001 7.713626666666666,80.86546166666668,80.86546166666668 7.716081666666666,80.86467166666665,80.86467166666665 7.718539999999999,80.86388333333332,80.86388333333332 7.720994999999999,80.86309333333332,80.86309333333332 7.723446666666667,80.86230499999999,80.86230499999999 7.725899999999999,80.861515,80.861515 7.728354999999999,80.86072666666666,80.86072666666666 7.73081,80.85993666666667,80.85993666666667 7.733261666666667,80.85914833333334,80.85914833333334 7.735711666666667,80.85835833333334,80.85835833333334 7.738159999999999,80.85757000000001,80.85757000000001 7.740609999999999,80.85677999999999,80.85677999999999 7.743066666666666,80.85599166666665,80.85599166666665 7.7455283333333345,80.85520333333335,80.85520333333335 7.747990000000001,80.85441499999999,80.85441499999999 7.750450000000001,80.85362666666666,80.85362666666666 7.752906666666666,80.85283833333332,80.85283833333332 7.755356666666667,80.85204999999999,80.85204999999999 7.7578,80.85126,80.85126 7.760235,80.85047166666666,80.85047166666666 7.762661666666666,80.84968,80.84968 7.765088333333333,80.84889,80.84889 7.767519999999999,80.84810166666666,80.84810166666666 7.769956666666667,80.84731166666667,80.84731166666667 7.772393333333334,80.84652166666667,80.84652166666667 7.7748366666666655,80.84573166666668,80.84573166666668 7.777289999999999,80.84494333333335,80.84494333333335 7.779746666666667,80.84415500000001,80.84415500000001 7.782218333333333,80.84336833333334,80.84336833333334 7.784724999999999,80.842585,80.842585 7.787271666666667,80.84180333333333,80.84180333333333 7.789863333333334,80.84102666666666,80.84102666666666 7.792504999999999,80.840255,80.840255 7.795191666666668,80.83948666666667,80.83948666666667 7.797921666666667,80.83872333333335,80.83872333333335 7.800681666666667,80.83796166666666,80.83796166666666 7.803451666666666,80.83720166666666,80.83720166666666 7.806228333333332,80.83644333333335,80.83644333333335 7.809015,80.83568500000001,80.83568500000001 7.811810000000001,80.83492833333334,80.83492833333334 7.814606666666666,80.83417166666666,80.83417166666666 7.8174116666666675,80.833415,80.833415 7.820223333333334,80.83265833333333,80.83265833333333 7.823033333333332,80.83190166666665,80.83190166666665 7.825845,80.83114666666667,80.83114666666667 7.828661666666666,80.83039,80.83039 7.831481666666667,80.82963500000001,80.82963500000001 7.834295,80.82887666666667,80.82887666666667 7.8370999999999995,80.82812,80.82812 7.839903333333332,80.82736,80.82736 7.842705000000001,80.8266,80.8266 7.845503333333332,80.82584,80.82584 7.848301666666667,80.82507833333334,80.82507833333334 7.8511033333333335,80.82431833333334,80.82431833333334 7.853906666666668,80.82355666666668,80.82355666666668 7.856701666666668,80.82279333333332,80.82279333333332 7.859493333333334,80.82203,80.82203 7.862283333333333,80.82126666666667,80.82126666666667 7.865065,80.8205,80.8205 7.867838333333333,80.81973333333333,80.81973333333333 7.870608333333333,80.81896499999999,80.81896499999999 7.873371666666666,80.81819666666668,80.81819666666668 7.876116666666666,80.817425,80.817425 7.878838333333334,80.81665166666667,80.81665166666667 7.88154,80.815875,80.815875 7.884223333333334,80.81509666666666,80.81509666666666 7.886901666666667,80.81432,80.81432 7.889575,80.81354166666667,80.81354166666667 7.892243333333333,80.81276333333332,80.81276333333332 7.894903333333333,80.81198499999999,80.81198499999999 7.897553333333334,80.81120833333333,80.81120833333333 7.900195000000001,80.81042999999998,80.81042999999998 7.902831666666666,80.80965166666668,80.80965166666668 7.9054616666666675,80.808875,80.808875 7.908084999999999,80.80809666666667,80.80809666666667 7.910701666666667,80.80732,80.80732 7.913313333333334,80.80654166666666,80.80654166666666 7.915920000000001,80.805765,80.805765 7.918520000000001,80.80498666666668,80.80498666666668 7.921113333333333,80.80420666666666,80.80420666666666 7.923708333333333,80.80342833333333,80.80342833333333 7.926305,80.80265,80.80265 7.9289,80.80187,80.80187 7.931493333333333,80.80109,80.80109 7.934093333333334,80.80031000000001,80.80031000000001 7.936701666666666,80.79952833333333,80.79952833333333 7.939313333333332,80.79874666666666,80.79874666666666 7.941928333333333,80.797965,80.797965 7.944543333333334,80.79718333333335,80.79718333333335 7.947156666666666,80.7964,80.7964 7.949768333333332,80.795615,80.795615 7.952378333333333,80.79483166666667,80.79483166666667 7.954984999999999,80.794045,80.794045 7.957588333333333,80.79325999999999,80.79325999999999 7.960183333333333,80.79247333333332,80.79247333333332 7.962768333333335,80.79168500000002,80.79168500000002 7.965345,80.79089833333335,80.79089833333335 7.967911666666666,80.79010833333332,80.79010833333332 7.970463333333333,80.78931833333333,80.78931833333333 7.973001666666666,80.78852833333333,80.78852833333333 7.975535000000001,80.78773666666666,80.78773666666666 7.978063333333334,80.78694666666667,80.78694666666667 7.980590000000001,80.78615500000001,80.78615500000001 7.983115000000001,80.78536500000001,80.78536500000001 7.985636666666665,80.78457333333336,80.78457333333336 7.98816,80.78378333333333,80.78378333333333 7.990691666666668,80.78299166666667,80.78299166666667 7.993226666666667,80.78219999999999,80.78219999999999 7.995763333333334,80.78140833333333,80.78140833333333 7.99831,80.78061666666667,80.78061666666667 8.000871666666665,80.77982333333334,80.77982333333334 8.003453333333333,80.77903166666668,80.77903166666668 8.006046666666665,80.77824,80.77824 8.008656666666665,80.77745,80.77745 8.011294999999999,80.77665999999998,80.77665999999998 8.013955000000001,80.77587333333334,80.77587333333334 8.016631666666665,80.77508666666667,80.77508666666667 8.019331666666668,80.77430166666666,80.77430166666666 8.022060000000002,80.77351833333334,80.77351833333334 8.024813333333332,80.77273833333334,80.77273833333334 8.027586666666668,80.77196,80.77196 8.030380000000001,80.771185,80.771185 8.033183333333332,80.77040999999998,80.77040999999998 8.035988333333336,80.76963500000001,80.76963500000001 8.038793333333333,80.76885999999999,80.76885999999999 8.041604999999999,80.76808666666668,80.76808666666668 8.044414999999999,80.76731166666666,80.76731166666666 8.047220000000001,80.76653666666665,80.76653666666665 8.050026666666666,80.76576166666666,80.76576166666666 8.052835,80.76498666666666,80.76498666666666 8.05564,80.76421,80.76421 8.058443333333335,80.76343166666668,80.76343166666668 8.061245,80.76265333333335,80.76265333333335 8.064046666666666,80.76187333333334,80.76187333333334 8.066843333333333,80.76109333333335,80.76109333333335 8.069635,80.76031,80.76031 8.072424999999999,80.75952833333335,80.75952833333335 8.07521,80.75874333333334,80.75874333333334 8.077986666666666,80.75795833333333,80.75795833333333 8.080758333333334,80.75717333333334,80.75717333333334 8.083521666666666,80.756385,80.756385 8.086274999999999,80.755595,80.755595 8.089004999999998,80.754805,80.754805 8.091709999999999,80.75401166666668,80.75401166666668 8.094396666666666,80.75321666666667,80.75321666666667 8.097079999999998,80.75242333333333,80.75242333333333 8.099756666666666,80.75162999999999,80.75162999999999 8.102426666666666,80.75083666666667,80.75083666666667 8.105093333333333,80.75004333333332,80.75004333333332 8.107758333333333,80.74925166666667,80.74925166666667 8.110419999999998,80.74845999999998,80.74845999999998 8.11308,80.74766833333332,80.74766833333332 8.115739999999999,80.74687666666667,80.74687666666667 8.1184,80.74608666666667,80.74608666666667 8.121055,80.745295,80.745295 8.123700000000001,80.74450333333334,80.74450333333334 8.126336666666665,80.74371166666666,80.74371166666666 8.128965,80.74291833333334,80.74291833333334 8.131583333333332,80.74212333333332,80.74212333333332 8.134196666666666,80.74133,80.74133 8.136808333333333,80.74053500000001,80.74053500000001 8.139415000000001,80.73974166666666,80.73974166666666 8.142016666666667,80.73894666666668,80.73894666666668 8.144615,80.73815333333333,80.73815333333333 8.147208333333332,80.73736000000001,80.73736000000001 8.149796666666667,80.73656666666668,80.73656666666668 8.15238,80.73577333333333,80.73577333333333 8.15496,80.73498000000001,80.73498000000001 8.157536666666665,80.73418833333332,80.73418833333332 8.160113333333335,80.73339666666666,80.73339666666666 8.162686666666666,80.73260499999999,80.73260499999999 8.165258333333332,80.73181333333333,80.73181333333333 8.167828333333334,80.73102166666665,80.73102166666665 8.170404999999999,80.73023166666668,80.73023166666668 8.172984999999999,80.72944333333332,80.72944333333332 8.175566666666667,80.72865333333333,80.72865333333333 8.178153333333334,80.727865,80.727865 8.180739999999998,80.72707666666666,80.72707666666666 8.183328333333334,80.72628833333333,80.72628833333333 8.185916666666666,80.72550166666666,80.72550166666666 8.18851,80.72471499999999,80.72471499999999 8.191103333333333,80.72392833333335,80.72392833333335 8.193698333333332,80.72314166666668,80.72314166666668 8.196295000000001,80.72235500000001,80.72235500000001 8.198888333333334,80.72157,80.72157 8.201480000000002,80.72078333333334,80.72078333333334 8.204068333333334,80.71999666666667,80.71999666666667 8.206656666666666,80.71921,80.71921 8.209245000000001,80.71842333333333,80.71842333333333 8.211834999999999,80.71763666666666,80.71763666666666 8.21443,80.71684833333333,80.71684833333333 8.217026666666667,80.71606166666666,80.71606166666666 8.219623333333333,80.71527333333333,80.71527333333333 8.222223333333332,80.714485,80.714485 8.224825000000001,80.71369666666666,80.71369666666666 8.227426666666664,80.71290833333333,80.71290833333333 8.230026666666667,80.71212,80.71212 8.232626666666667,80.71133166666667,80.71133166666667 8.235223333333332,80.71054333333333,80.71054333333333 8.237818333333331,80.709755,80.709755 8.240411666666667,80.70896666666665,80.70896666666665 8.243004999999998,80.70818,80.70818 8.245596666666668,80.70739499999999,80.70739499999999 8.248185,80.70661000000001,80.70661000000001 8.250773333333333,80.705825,80.705825 8.253361666666665,80.70504,80.70504 8.255945,80.70425666666668,80.70425666666668 8.258523333333333,80.70347333333333,80.70347333333333 8.261098333333333,80.70269,80.70269 8.263666666666667,80.70190666666666,80.70190666666666 8.266228333333332,80.70112166666665,80.70112166666665 8.268785000000001,80.70033833333333,80.70033833333333 8.271338333333334,80.69955333333336,80.69955333333336 8.273891666666666,80.69876833333332,80.69876833333332 8.276440000000001,80.69798166666668,80.69798166666668 8.27899,80.69719666666667,80.69719666666667 8.281541666666666,80.69641,80.69641 8.284091666666665,80.69562333333333,80.69562333333333 8.286643333333334,80.69483833333334,80.69483833333334 8.289191666666667,80.69405166666667,80.69405166666667 8.291741666666669,80.69326333333333,80.69326333333333 8.29429,80.69247666666666,80.69247666666666 8.296843333333333,80.69169,80.69169 8.299401666666666,80.69090333333332,80.69090333333332 8.301963333333331,80.69011666666665,80.69011666666665 8.304525,80.68933000000001,80.68933000000001 8.307086666666669,80.68854333333334,80.68854333333334 8.309646666666668,80.68775666666667,80.68775666666667 8.312204999999999,80.68696833333334,80.68696833333334 8.314756666666666,80.68618000000001,80.68618000000001 8.317301666666667,80.68539166666665,80.68539166666665 8.31984,80.68460333333334,80.68460333333334 8.322371666666669,80.68381333333332,80.68381333333332 8.324891666666668,80.68302333333332,80.68302333333332 8.327405,80.68223333333333,80.68223333333333 8.329915,80.68144166666666,80.68144166666666 8.332416666666667,80.68065166666666,80.68065166666666 8.334911666666665,80.67986,80.67986 8.337413333333334,80.67907000000001,80.67907000000001 8.339926666666667,80.67828166666668,80.67828166666668 8.342448333333335,80.67749333333335,80.67749333333335 8.344976666666668,80.67670499999998,80.67670499999998 8.347516666666667,80.67592,80.67592 8.350071666666665,80.67513333333333,80.67513333333333 8.352635000000001,80.67434833333333,80.67434833333333 8.355201666666666,80.67356333333333,80.67356333333333 8.357776666666666,80.67277833333333,80.67277833333333 8.360351666666666,80.67199333333332,80.67199333333332 8.362921666666667,80.67121,80.67121 8.36549,80.670425,80.670425 8.368053333333332,80.66963999999999,80.66963999999999 8.37061,80.66885333333335,80.66885333333335 8.373170000000002,80.66807,80.66807 8.375738333333334,80.66728499999999,80.66728499999999 8.378313333333335,80.6665,80.6665 8.380896666666667,80.66571666666665,80.66571666666665 8.383491666666668,80.66493333333334,80.66493333333334 8.386095000000001,80.66415166666668,80.66415166666668 8.388705000000002,80.66337,80.66337 8.391325,80.66258833333333,80.66258833333333 8.393949999999998,80.66180666666668,80.66180666666668 8.396583333333332,80.66102666666669,80.66102666666669 8.399223333333332,80.66024666666667,80.66024666666667 8.401873333333333,80.659465,80.659465 8.404533333333333,80.658685,80.658685 8.407213333333335,80.65790666666668,80.65790666666668 8.409921666666667,80.65713,80.65713 8.412651666666667,80.65635499999999,80.65635499999999 8.415406666666666,80.65558,80.65558 8.418185000000001,80.65480833333332,80.65480833333332 8.420966666666667,80.65403666666666,80.65403666666666 8.423748333333332,80.653265,80.653265 8.426525,80.65249333333334,80.65249333333334 8.429295,80.65172166666666,80.65172166666666 8.432055,80.65094833333333,80.65094833333333 8.434810000000002,80.650175,80.650175 8.437551666666668,80.64940166666666,80.64940166666666 8.440263333333334,80.64862333333333,80.64862333333333 8.442948333333334,80.64784333333333,80.64784333333333 8.445606666666668,80.64706166666667,80.64706166666667 8.448243333333332,80.646275,80.646275 8.450871666666664,80.64548833333333,80.64548833333333 8.453491666666666,80.64470166666666,80.64470166666666 8.456105,80.64391333333333,80.64391333333333 8.458713333333334,80.643125,80.643125 8.461323333333334,80.64233666666667,80.64233666666667 8.463933333333332,80.64154833333333,80.64154833333333 8.466538333333334,80.64076,80.64076 8.469140000000001,80.63997166666667,80.63997166666667 8.471736666666667,80.63918333333334,80.63918333333334 8.474328333333332,80.638395,80.638395 8.476913333333332,80.63760666666667,80.63760666666667 8.479495,80.63682,80.63682 8.482074999999998,80.63603333333333,80.63603333333333 8.484648333333334,80.63524666666666,80.63524666666666 8.487218333333335,80.63446000000002,80.63446000000002 8.489783333333333,80.63367499999998,80.63367499999998 8.492343333333332,80.63289,80.63289 8.494896666666667,80.632105,80.632105 8.497440000000001,80.63132,80.63132 8.499978333333333,80.630535,80.630535 8.502514999999999,80.62974999999999,80.62974999999999 8.505051666666665,80.62896666666667,80.62896666666667 8.507583333333335,80.62818166666666,80.62818166666666 8.510108333333333,80.62739499999999,80.62739499999999 8.512625,80.62660833333332,80.62660833333332 8.515133333333333,80.62581833333333,80.62581833333333 8.517634999999999,80.62502833333333,80.62502833333333 8.520134999999998,80.62423666666668,80.62423666666668 8.52263,80.62344499999999,80.62344499999999 8.525121666666667,80.62265166666666,80.62265166666666 8.527611666666665,80.62185833333334,80.62185833333334 8.530100000000001,80.62106499999999,80.62106499999999 8.532583333333333,80.62027166666667,80.62027166666667 8.535066666666667,80.61947666666666,80.61947666666666 8.537551666666666,80.61868333333334,80.61868333333334 8.540036666666666,80.61789,80.61789 8.54252,80.61709666666668,80.61709666666668 8.545005,80.61630333333333,80.61630333333333 8.547495000000001,80.61550999999999,80.61550999999999 8.549993333333333,80.61471833333333,80.61471833333333 8.552496666666666,80.61392500000001,80.61392500000001 8.555008333333333,80.61313333333334,80.61313333333334 8.557528333333334,80.61233999999999,80.61233999999999 8.560055,80.61154833333333,80.61154833333333 8.562590000000002,80.61075666666667,80.61075666666667 8.565128333333332,80.60996499999999,80.60996499999999 8.567673333333332,80.60917333333333,80.60917333333333 8.570221666666667,80.60838166666667,80.60838166666667 8.572771666666666,80.60759166666666,80.60759166666666 8.575325000000001,80.6068,80.6068 8.577885,80.60601000000001,80.60601000000001 8.580449999999999,80.60521999999999,80.60521999999999 8.583015000000001,80.60443,80.60443 8.58558,80.60364,80.60364 8.588141666666667,80.60285166666667,80.60285166666667 8.590699999999998,80.60206000000001,80.60206000000001 8.593256666666667,80.60127000000001,80.60127000000001 8.595813333333334,80.60048166666668,80.60048166666668 8.598371666666667,80.59969333333332,80.59969333333332 8.600931666666668,80.59890499999999,80.59890499999999 8.603489999999999,80.59811833333332,80.59811833333332 8.606051666666666,80.59733333333334,80.59733333333334 8.608619999999998,80.59655,80.59655 8.611193333333334,80.59576666666668,80.59576666666668 8.613768333333335,80.594985,80.594985 8.616348333333333,80.59420333333333,80.59420333333333 8.618935,80.59342166666667,80.59342166666667 8.621528333333332,80.59263833333333,80.59263833333333 8.624133333333333,80.59185333333335,80.59185333333335 8.626746666666666,80.59106666666668,80.59106666666668 8.629363333333334,80.59028,80.59028 8.631981666666666,80.58948999999998,80.58948999999998 8.6346,80.58870000000002,80.58870000000002 8.637223333333333,80.58791,80.58791 8.639851666666669,80.58711666666667,80.58711666666667 8.642483333333331,80.58632499999999,80.58632499999999 8.645116666666667,80.58553166666667,80.58553166666667 8.647751666666666,80.58473666666667,80.58473666666667 8.650386666666666,80.58394166666666,80.58394166666666 8.653021666666666,80.58314666666668,80.58314666666668 8.655655,80.58235166666667,80.58235166666667 8.658288333333333,80.58155666666667,80.58155666666667 8.660913333333335,80.58076,80.58076 8.66353166666667,80.57996333333332,80.57996333333332 8.666141666666666,80.57916666666667,80.57916666666667 8.668743333333333,80.57836999999999,80.57836999999999 8.671331666666667,80.57757166666666,80.57757166666666 8.673915,80.57677333333334,80.57677333333334 8.676493333333333,80.575975,80.575975 8.679065,80.57517666666666,80.57517666666666 8.681628333333334,80.57437833333334,80.57437833333334 8.68419,80.57357999999998,80.57357999999998 8.686748333333332,80.57278,80.57278 8.689301666666667,80.57198,80.57198 8.691856666666665,80.57118,80.57118 8.694415,80.57038166666668,80.57038166666668 8.696974999999998,80.56958166666665,80.56958166666665 8.699536666666667,80.56878166666667,80.56878166666667 8.702101666666666,80.56798166666667,80.56798166666667 8.704666666666668,80.56718166666666,80.56718166666666 8.707231666666667,80.56638333333335,80.56638333333335 8.709798333333334,80.56558333333335,80.56558333333335 8.712359999999999,80.56478333333334,80.56478333333334 8.714921666666667,80.563985,80.563985 8.71748,80.56318666666667,80.56318666666667 8.720040000000001,80.56238666666665,80.56238666666665 8.7226,80.56158833333335,80.56158833333335 8.725163333333333,80.56079166666667,80.56079166666667 8.727731666666665,80.55999499999999,80.55999499999999 8.730303333333335,80.55919833333334,80.55919833333334 8.732876666666668,80.55840166666667,80.55840166666667 8.735456666666666,80.55760500000001,80.55760500000001 8.738036666666666,80.55680833333334,80.55680833333334 8.740615,80.55601,80.55601 8.743193333333334,80.55521166666668,80.55521166666668 8.745771666666668,80.55441166666665,80.55441166666665 8.748345,80.55361166666667,80.55361166666667 8.750915,80.55281000000001,80.55281000000001 8.753488333333333,80.55200833333333,80.55200833333333 8.756061666666668,80.55120499999998,80.55120499999998 8.758635,80.55040333333334,80.55040333333334 8.761206666666668,80.54960333333334,80.54960333333334 8.763781666666667,80.54880166666666,80.54880166666666 8.766355,80.54800166666666,80.54800166666666 8.768926666666667,80.54720166666667,80.54720166666667 8.771496666666668,80.54640333333334,80.54640333333334 8.774066666666666,80.54560499999998,80.54560499999998 8.776631666666665,80.54480833333334,80.54480833333334 8.779191666666664,80.54401166666668,80.54401166666668 8.781743333333331,80.54321666666667,80.54321666666667 8.784290000000002,80.54241999999999,80.54241999999999 8.786835,80.54162666666666,80.54162666666666 8.78937666666667,80.54083333333334,80.54083333333334 8.791911666666666,80.54003833333333,80.54003833333333 8.794443333333334,80.53924500000001,80.53924500000001 8.796971666666666,80.53845333333332,80.53845333333332 8.799493333333334,80.53765833333334,80.53765833333334 8.802013333333335,80.53686666666667,80.53686666666667 8.80454,80.53607333333332,80.53607333333332 8.807068333333332,80.53528,80.53528 8.809593333333334,80.53448833333334,80.53448833333334 8.812116666666668,80.533695,80.533695 8.814643333333333,80.5329,80.5329 8.817168333333331,80.53210666666668,80.53210666666668 8.81969,80.53131166666667,80.53131166666667 8.822213333333334,80.530515,80.530515 8.824736666666666,80.52972,80.52972 8.827259999999997,80.52892333333332,80.52892333333332 8.829781666666666,80.52812499999999,80.52812499999999 8.832301666666666,80.52732666666667,80.52732666666667 8.83482,80.52652833333333,80.52652833333333 8.837334999999998,80.52573,80.52573 8.839845,80.52493166666667,80.52493166666667 8.842351666666667,80.52413333333334,80.52413333333334 8.844854999999999,80.52333333333333,80.52333333333333 8.847351666666668,80.52253499999999,80.52253499999999 8.849841666666666,80.52173499999999,80.52173499999999 8.852325,80.52093666666667,80.52093666666667 8.854803333333333,80.52013666666667,80.52013666666667 8.857273333333334,80.51933833333332,80.51933833333332 8.859733333333331,80.51853833333332,80.51853833333332 8.862186666666664,80.51773833333333,80.51773833333333 8.864633333333332,80.51693833333334,80.51693833333334 8.867068333333334,80.51613833333334,80.51613833333334 8.869498333333333,80.51533833333333,80.51533833333333 8.87192,80.51453666666667,80.51453666666667 8.874338333333332,80.513735,80.513735 8.876763333333335,80.51293333333334,80.51293333333334 8.879199999999999,80.51213333333334,80.51213333333334 8.881651666666667,80.51133499999999,80.51133499999999 8.884115,80.51053499999999,80.51053499999999 8.886591666666666,80.50973666666667,80.50973666666667 8.889083333333334,80.50893833333333,80.50893833333333 8.891591666666667,80.50814166666666,80.50814166666666 8.894113333333332,80.50734333333334,80.50734333333334 8.896650000000001,80.50654666666667,80.50654666666667 8.899203333333332,80.50574999999999,80.50574999999999 8.901778333333333,80.50495500000001,80.50495500000001 8.904373333333334,80.50416000000001,80.50416000000001 8.906988333333333,80.50336666666666,80.50336666666666 8.909618333333334,80.50257333333334,80.50257333333334 8.912265,80.50178,80.50178 8.914926666666664,80.50099,80.50099 8.917600000000002,80.50019833333334,80.50019833333334 8.920281666666666,80.49941,80.49941 8.922963333333332,80.49862166666666,80.49862166666666 8.925631666666668,80.49783166666667,80.49783166666667 8.928284999999999,80.49704166666668,80.49704166666668 8.930931666666668,80.49625166666668,80.49625166666668 8.933568333333334,80.49546166666669,80.49546166666669 8.936195,80.49467166666666,80.49467166666666 8.938816666666668,80.49388,80.49388 8.941433333333332,80.49309000000001,80.49309000000001 8.94405,80.49229833333332,80.49229833333332 8.94667,80.49150833333333,80.49150833333333 8.949296666666667,80.49071833333333,80.49071833333333 8.951921666666667,80.48992833333334,80.48992833333334 8.954536666666668,80.48913666666667,80.48913666666667 8.957143333333331,80.48834333333332,80.48834333333332 8.959746666666668,80.48755,80.48755 8.962341666666667,80.48675666666665,80.48675666666665 8.964921666666667,80.48596333333333,80.48596333333333 8.967493333333334,80.48516833333333,80.48516833333333 8.970058333333332,80.48437500000001,80.48437500000001 8.972613333333333,80.48358166666667,80.48358166666667 8.975158333333335,80.48278833333335,80.48278833333335 8.977693333333333,80.48199666666666,80.48199666666666 8.980218333333331,80.481205,80.481205 8.982731666666666,80.48041166666667,80.48041166666667 8.985231666666667,80.47962166666667,80.47962166666667 8.98772,80.47883000000002,80.47883000000002 8.990198333333332,80.47803833333333,80.47803833333333 8.992669999999999,80.47724666666667,80.47724666666667 8.995143333333335,80.47645499999999,80.47645499999999 8.997635000000002,80.47566499999999,80.47566499999999 9.000143333333332,80.47487666666666,80.47487666666666 9.002661666666667,80.47408666666666,80.47408666666666 9.00519,80.47329666666666,80.47329666666666 9.007734999999998,80.47250833333332,80.47250833333332 9.010293333333333,80.47171833333333,80.47171833333333 9.01286,80.47092833333333,80.47092833333333 9.015425000000002,80.47013666666668,80.47013666666668 9.017989999999998,80.46934333333333,80.46934333333333 9.020551666666666,80.46854833333335,80.46854833333335 9.023108333333331,80.46775166666666,80.46775166666666 9.025663333333332,80.46695500000001,80.46695500000001 9.028215,80.46615666666668,80.46615666666668 9.030756666666667,80.465355,80.465355 9.033286666666669,80.46455333333334,80.46455333333334 9.035805,80.46375,80.46375 9.038308333333333,80.46294666666665,80.46294666666665 9.040791666666667,80.46213999999999,80.46213999999999 9.043256666666668,80.46133333333334,80.46133333333334 9.045705000000002,80.46052500000002,80.46052500000002 9.048135,80.45971666666667,80.45971666666667 9.050548333333333,80.45890666666665,80.45890666666665 9.052953333333333,80.45809833333333,80.45809833333333 9.05535,80.45728999999999,80.45728999999999 9.057735000000001,80.45648166666666,80.45648166666666 9.060115,80.45567333333334,80.45567333333334 9.062528333333335,80.45486166666666,80.45486166666666 9.064903333333332,80.45405333333332,80.45405333333332 9.067271666666665,80.453245,80.453245 9.069643333333334,80.45243666666667,80.45243666666667 9.072021666666666,80.45162666666667,80.45162666666667 9.074408333333334,80.45081833333334,80.45081833333334 9.076803333333334,80.45001000000002,80.45001000000002 9.079205,80.44920166666667,80.44920166666667 9.08161,80.44839166666667,80.44839166666667 9.084018333333335,80.44758333333331,80.44758333333331 9.086429999999998,80.44677333333335,80.44677333333335 9.088841666666667,80.445965,80.445965 9.091255,80.445155,80.445155 9.093666666666667,80.44434500000001,80.44434500000001 9.096075,80.443535,80.443535 9.098474999999999,80.44272500000001,80.44272500000001 9.100869999999999,80.44191333333333,80.44191333333333 9.10326,80.4411,80.4411 9.105646666666667,80.44028666666667,80.44028666666667 9.108030000000001,80.43947333333332,80.43947333333332 9.110408333333334,80.43865833333332,80.43865833333332 9.112786666666667,80.43784333333332,80.43784333333332 9.115163333333333,80.43702666666665,80.43702666666665 9.117545,80.43620833333333,80.43620833333333 9.119933333333334,80.43539166666666,80.43539166666666 9.122333333333332,80.434575,80.434575 9.124753333333333,80.43375999999999,80.43375999999999 9.127198333333332,80.43294833333331,80.43294833333331 9.129668333333331,80.43213666666666,80.43213666666666 9.132158333333333,80.43132833333334,80.43132833333334 9.134666666666666,80.43051999999999,80.43051999999999 9.13719,80.429715,80.429715 9.139718333333333,80.42891,80.42891 9.142251666666668,80.42810500000002,80.42810500000002 9.144791666666665,80.42730166666668,80.42730166666668 9.147340000000002,80.42649833333333,80.42649833333333 9.149888333333333,80.42569499999999,80.42569499999999 9.152433333333333,80.42489166666665,80.42489166666665 9.15498,80.42408833333333,80.42408833333333 9.157530000000001,80.423285,80.423285 9.160075,80.42248166666667,80.42248166666667 9.162613333333335,80.42167833333333,80.42167833333333 9.16515,80.42087333333335,80.42087333333335 9.16769,80.42007000000001,80.42007000000001 9.170223333333333,80.41926666666666,80.41926666666666 9.172756666666668,80.41846333333332,80.41846333333332 9.175293333333334,80.41766,80.41766 9.17783,80.41685666666666,80.41685666666666 9.180366666666666,80.416055,80.416055 9.182901666666666,80.41525166666666,80.41525166666666 9.185438333333336,80.41445166666666,80.41445166666666 9.187976666666666,80.41365000000002,80.41365000000002 9.190516666666666,80.41284833333333,80.41284833333333 9.193066666666665,80.41205000000001,80.41205000000001 9.19562,80.41125000000001,80.41125000000001 9.198179999999999,80.41045166666666,80.41045166666666 9.20075,80.40965333333332,80.40965333333332 9.203326666666669,80.40885499999999,80.40885499999999 9.205911666666667,80.40805833333334,80.40805833333334 9.208503333333333,80.40726166666666,80.40726166666666 9.211100000000002,80.40646499999998,80.40646499999998 9.213698333333333,80.40566833333334,80.40566833333334 9.216295,80.40487166666668,80.40487166666668 9.218888333333332,80.40407333333332,80.40407333333332 9.221484999999998,80.403275,80.403275 9.224078333333333,80.40247666666669,80.40247666666669 9.226665,80.40167833333332,80.40167833333332 9.229243333333335,80.40087833333334,80.40087833333334 9.231816666666665,80.40007666666668,80.40007666666668 9.23438,80.39927666666668,80.39927666666668 9.236933333333335,80.39847499999998,80.39847499999998 9.239481666666666,80.39767166666667,80.39767166666667 9.242026666666666,80.39687,80.39687 9.244578333333333,80.39606833333333,80.39606833333333 9.247129999999999,80.39526666666667,80.39526666666667 9.249686666666666,80.39446666666666,80.39446666666666 9.252246666666668,80.39366666666666,80.39366666666666 9.254811666666667,80.392865,80.392865 9.257376666666666,80.39206500000002,80.39206500000002 9.259936666666665,80.39126499999999,80.39126499999999 9.26249,80.39046333333334,80.39046333333334 9.265031666666665,80.38966166666668,80.38966166666668 9.267560000000001,80.38885666666668,80.38885666666668 9.270073333333332,80.38805333333333,80.38805333333333 9.272571666666664,80.38724666666667,80.38724666666667 9.275053333333334,80.38643833333334,80.38643833333334 9.277526666666667,80.38563,80.38563 9.279991666666666,80.38481999999999,80.38481999999999 9.282448333333333,80.38400833333334,80.38400833333334 9.284895,80.38319666666666,80.38319666666666 9.287336666666667,80.38238333333335,80.38238333333335 9.289774999999999,80.38157000000001,80.38157000000001 9.292206666666667,80.38075666666667,80.38075666666667 9.294630000000002,80.37994333333333,80.37994333333333 9.297051666666666,80.37912833333333,80.37912833333333 9.299468333333333,80.37831333333334,80.37831333333334 9.301876666666669,80.37749833333334,80.37749833333334 9.304281666666665,80.37668333333333,80.37668333333333 9.306683333333332,80.37586833333333,80.37586833333333 9.309080000000002,80.37505333333333,80.37505333333333 9.311470000000002,80.37423833333332,80.37423833333332 9.313856666666666,80.37342166666666,80.37342166666666 9.316239999999999,80.37260666666666,80.37260666666666 9.318616666666665,80.37179166666665,80.37179166666665 9.320991666666668,80.37097499999999,80.37097499999999 9.323366666666667,80.37016000000001,80.37016000000001 9.325738333333335,80.36934500000001,80.36934500000001 9.328105,80.36852833333334,80.36852833333334 9.330475,80.36771333333331,80.36771333333331 9.332841666666667,80.36689833333334,80.36689833333334 9.335205000000002,80.36608166666667,80.36608166666667 9.337576666666667,80.36526666666667,80.36526666666667 9.339955,80.36445166666667,80.36445166666667 9.342335,80.36363666666666,80.36363666666666 9.344715,80.36282166666666,80.36282166666666 9.347101666666667,80.36200666666666,80.36200666666666 9.349493333333335,80.36119333333332,80.36119333333332 9.3519,80.36037833333334,80.36037833333334 9.354318333333334,80.35956666666667,80.35956666666667 9.35675,80.35875333333334,80.35875333333334 9.359195,80.35794166666666,80.35794166666666 9.361656666666667,80.35713166666665,80.35713166666665 9.364133333333333,80.35632333333332,80.35632333333332 9.366621666666665,80.355515,80.355515 9.369126666666668,80.35470999999998,80.35470999999998 9.371641666666665,80.35390333333332,80.35390333333332 9.374165,80.35309833333334,80.35309833333334 9.376693333333332,80.35229333333334,80.35229333333334 9.379228333333334,80.35148833333334,80.35148833333334 9.381765,80.35068333333332,80.35068333333332 9.384303333333333,80.34987833333332,80.34987833333332 9.386843333333333,80.34907333333334,80.34907333333334 9.389385,80.34826666666665,80.34826666666665 9.391924999999999,80.34746000000001,80.34746000000001 9.394468333333332,80.34665333333334,80.34665333333334 9.39701,80.34584499999998,80.34584499999998 9.39955,80.34503666666666,80.34503666666666 9.40209,80.34422666666667,80.34422666666667 9.404628333333333,80.34341666666666,80.34341666666666 9.407163333333335,80.34260666666668,80.34260666666668 9.409696666666667,80.341795,80.341795 9.412226666666667,80.34098333333333,80.34098333333333 9.414758333333332,80.34017166666665,80.34017166666665 9.417293333333332,80.33936,80.33936 9.419831666666667,80.33854833333334,80.33854833333334 9.422371666666667,80.33773833333332,80.33773833333332 9.424918333333334,80.33692666666667,80.33692666666667 9.42747,80.33611666666668,80.33611666666668 9.430025,80.335305,80.335305 9.432585,80.334495,80.334495 9.435150000000002,80.33368499999999,80.33368499999999 9.437714999999997,80.332875,80.332875 9.44028,80.33206499999999,80.33206499999999 9.442846666666666,80.331255,80.331255 9.445414999999999,80.330445,80.330445 9.447983333333335,80.32963500000001,80.32963500000001 9.450551666666668,80.32882666666666,80.32882666666666 9.453118333333332,80.32801666666667,80.32801666666667 9.455678333333331,80.32720666666667,80.32720666666667 9.458229999999999,80.32639499999999,80.32639499999999 9.46078,80.325585,80.325585 9.463323333333333,80.32477499999999,80.32477499999999 9.465861666666667,80.323965,80.323965 9.468396666666667,80.32315333333332,80.32315333333332 9.470926666666665,80.32234,80.32234 9.47345,80.321525,80.321525 9.475959999999999,80.32070999999999,80.32070999999999 9.478463333333336,80.31989166666666,80.31989166666666 9.480960000000001,80.319075,80.319075 9.48345,80.318255,80.318255 9.485931666666666,80.317435,80.317435 9.48841,80.31661500000001,80.31661500000001 9.490884999999999,80.315795,80.315795 9.493353333333332,80.314975,80.314975 9.49582,80.31415333333332,80.31415333333332 9.498281666666665,80.31333166666667,80.31333166666667 9.500736666666667,80.31251166666667,80.31251166666667 9.503186666666666,80.31168833333332,80.31168833333332 9.505631666666666,80.31086666666667,80.31086666666667 9.508070000000002,80.31004333333333,80.31004333333333 9.510498333333334,80.30922000000001,80.30922000000001 9.512923333333331,80.30839666666668,80.30839666666668 9.515345000000002,80.30757166666668,80.30757166666668 9.517763333333333,80.30674666666667,80.30674666666667 9.520171666666668,80.30592166666668,80.30592166666668 9.522576666666668,80.30509666666667,80.30509666666667 9.524978333333333,80.30427166666666,80.30427166666666 9.527373333333333,80.30344666666667,80.30344666666667 9.529763333333332,80.30262166666667,80.30262166666667 9.532143333333334,80.301795,80.301795 9.534515,80.30096833333334,80.30096833333334 9.536876666666664,80.30014166666668,80.30014166666668 9.539231666666668,80.29931333333334,80.29931333333334 9.541580000000002,80.298485,80.298485 9.543921666666668,80.297655,80.297655 9.546261666666666,80.29682666666666,80.29682666666666 9.548604999999998,80.29599666666667,80.29599666666667 9.55095,80.29516833333335,80.29516833333335 9.553295,80.29433999999999,80.29433999999999 9.555650000000002,80.29351166666667,80.29351166666667 9.558018333333333,80.292685,80.292685 9.560395000000002,80.29186,80.29186 9.562793333333333,80.29103666666667,80.29103666666667 9.565208333333334,80.29021333333333,80.29021333333333 9.567633333333331,80.28939333333334,80.28939333333334 9.570071666666667,80.28857333333335,80.28857333333335 9.572526666666665,80.28775499999999,80.28775499999999 9.574995,80.28693833333332,80.28693833333332 9.577471666666666,80.28612333333332,80.28612333333332 9.579956666666668,80.28530833333332,80.28530833333332 9.582453333333332,80.284495,80.284495 9.584958333333333,80.28368166666667,80.28368166666667 9.587468333333335,80.28287000000002,80.28287000000002 9.589986666666666,80.28205833333334,80.28205833333334 9.592508333333335,80.28124666666666,80.28124666666666 9.595031666666669,80.280435,80.280435 9.597558333333334,80.27962333333332,80.27962333333332 9.600085,80.27881000000001,80.27881000000001 9.602611666666668,80.27799833333333,80.27799833333333 9.605138333333333,80.27718666666668,80.27718666666668 9.607666666666669,80.27637333333334,80.27637333333334 9.610193333333333,80.27556,80.27556 9.612720000000001,80.27474666666667,80.27474666666667 9.615253333333333,80.27393166666667,80.27393166666667 9.617783333333334,80.27311666666667,80.27311666666667 9.620311666666668,80.27230166666666,80.27230166666666 9.622843333333334,80.27148666666666,80.27148666666666 9.625376666666666,80.27067166666666,80.27067166666666 9.627918333333334,80.26985499999999,80.26985499999999 9.630465,80.26903999999999,80.26903999999999 9.633013333333334,80.26822499999999,80.26822499999999 9.635563333333332,80.26740833333332,80.26740833333332 9.638116666666667,80.26659166666666,80.26659166666666 9.64067,80.26577666666668,80.26577666666668 9.643220000000001,80.26495833333333,80.26495833333333 9.645766666666665,80.26414166666666,80.26414166666666 9.648313333333336,80.26332333333333,80.26332333333333 9.650861666666666,80.26250666666667,80.26250666666667 9.653408333333335,80.26169,80.26169 9.65595,80.26087166666666,80.26087166666666 9.658486666666667,80.26005333333333,80.26005333333333 9.661016666666665,80.25923666666667,80.25923666666667 9.663536666666666,80.25841833333334,80.25841833333334 9.666046666666666,80.25760000000001,80.25760000000001 9.66855,80.25678333333335,80.25678333333335 9.671041666666667,80.25596499999999,80.25596499999999 9.673523333333334,80.25514666666666,80.25514666666666 9.675995,80.25432833333333,80.25432833333333 9.67846,80.25351166666667,80.25351166666667 9.680926666666664,80.252695,80.252695 9.683390000000003,80.25187833333334,80.25187833333334 9.685856666666668,80.25106333333333,80.25106333333333 9.68833,80.25025,80.25025 9.690813333333335,80.24943666666665,80.24943666666665 9.693305,80.24862666666667,80.24862666666667 9.695806666666666,80.24781666666667,80.24781666666667 9.698318333333333,80.24700666666665,80.24700666666665 9.700831666666666,80.24619666666666,80.24619666666666 9.703346666666667,80.24538666666668,80.24538666666668 9.705866666666667,80.244575,80.244575 9.708385000000002,80.24376333333333,80.24376333333333 9.710901666666667,80.24294833333333,80.24294833333333 9.713408333333332,80.24213500000002,80.24213500000002 9.715910000000001,80.24131833333333,80.24131833333333 9.718396666666665,80.2405,80.2405 9.720870000000001,80.23967999999999,80.23967999999999 9.72333,80.23886,80.23886 9.725776666666667,80.23803666666666,80.23803666666666 9.728209999999999,80.23721166666665,80.23721166666665 9.730636666666667,80.23638666666668,80.23638666666668 9.733055,80.23556166666668,80.23556166666668 9.735466666666667,80.23473499999999,80.23473499999999 9.737866666666669,80.23391,80.23391 9.740258333333333,80.23308333333333,80.23308333333333 9.742643333333332,80.23225666666666,80.23225666666666 9.745018333333332,80.23143166666667,80.23143166666667 9.747385000000001,80.230605,80.230605 9.749743333333335,80.22977999999999,80.22977999999999 9.752095,80.22895666666666,80.22895666666666 9.754441666666667,80.22813333333335,80.22813333333335 9.756778333333333,80.22731,80.22731 9.75911,80.22648833333332,80.22648833333332 9.761435,80.22566666666667,80.22566666666667 9.763748333333334,80.224845,80.224845 9.766053333333335,80.22402166666669,80.22402166666669 9.76835,80.2232,80.2232 9.77064,80.22237666666666,80.22237666666666 9.772921666666667,80.22155333333333,80.22155333333333 9.775193333333334,80.22072833333333,80.22072833333333 9.777458333333335,80.21990333333332,80.21990333333332 9.779718333333333,80.21907666666667,80.21907666666667 9.781983333333333,80.21825,80.21825 9.784251666666668,80.21742333333333,80.21742333333333 9.786523333333333,80.21659500000001,80.21659500000001 9.788799999999998,80.21576833333334,80.21576833333334 9.791083333333335,80.21494166666666,80.21494166666666 9.793368333333332,80.21411333333333,80.21411333333333 9.795661666666666,80.213285,80.213285 9.797965,80.21245833333334,80.21245833333334 9.800273333333333,80.21163166666668,80.21163166666668 9.802584999999999,80.210805,80.210805 9.804903333333336,80.20997999999999,80.20997999999999 9.807223333333335,80.20915333333335,80.20915333333335 9.809545000000002,80.20832833333334,80.20832833333334 9.811866666666665,80.20750333333335,80.20750333333335 9.814191666666666,80.20667833333334,80.20667833333334 9.816525,80.205855,80.205855 9.818861666666667,80.20503000000001,80.20503000000001 9.821203333333335,80.20420666666666,80.20420666666666 9.823551666666665,80.20338499999998,80.20338499999998 9.825904999999999,80.20256166666667,80.20256166666667 9.828260000000002,80.20174,80.20174 9.830623333333333,80.20091666666669,80.20091666666669 9.832990000000002,80.200095,80.200095 9.835363333333333,80.19927500000001,80.19927500000001 9.837745,80.19845333333333,80.19845333333333 9.840133333333334,80.19763333333334,80.19763333333334 9.842531666666666,80.19681166666668,80.19681166666668 9.844938333333332,80.19599166666666,80.19599166666666 9.847356666666666,80.19517333333333,80.19517333333333 9.849785,80.194355,80.194355 9.852228333333333,80.19353666666665,80.19353666666665 9.854683333333334,80.19271999999998,80.19271999999998 9.857149999999999,80.191905,80.191905 9.859626666666665,80.19109,80.19109 9.862113333333333,80.19027666666666,80.19027666666666 9.864610000000003,80.18946500000001,80.18946500000001 9.867111666666668,80.18865333333333,80.18865333333333 9.869620000000001,80.18784333333333,80.18784333333333 9.872133333333332,80.18703333333332,80.18703333333332 9.874651666666667,80.186225,80.186225 9.877173333333333,80.18541833333333,80.18541833333333 9.8797,80.18461166666665,80.18461166666665 9.882231666666668,80.18380499999999,80.18380499999999 9.884765,80.18299999999999,80.18299999999999 9.887298333333332,80.18219500000001,80.18219500000001 9.889830000000002,80.18139166666667,80.18139166666667 9.892348333333333,80.18058666666668,80.18058666666668 9.894851666666666,80.17978,80.17978 9.897341666666668,80.17897500000001,80.17897500000001 9.899818333333334,80.17816666666666,80.17816666666666 9.902286666666669,80.17735833333333,80.17735833333333 9.90475,80.17655,80.17655 9.907203333333332,80.17574166666667,80.17574166666667 9.909651666666669,80.17493166666665,80.17493166666665 9.912098333333335,80.17412333333333,80.17412333333333 9.914546666666668,80.17331333333334,80.17331333333334 9.916994999999998,80.172505,80.172505 9.919443333333335,80.17169499999999,80.17169499999999 9.921893333333333,80.170885,80.170885 9.924341666666667,80.17007333333332,80.17007333333332 9.926791666666666,80.16926166666667,80.16926166666667 9.929241666666666,80.16844999999999,80.16844999999999 9.93169,80.167635,80.167635 9.934138333333333,80.16682,80.16682 9.936585000000001,80.16600333333334,80.16600333333334 9.939026666666667,80.16518500000001,80.16518500000001 9.941461666666669,80.16436666666667,80.16436666666667 9.943888333333334,80.16354500000001,80.16354500000001 9.946308333333334,80.16272333333333,80.16272333333333 9.948713333333334,80.16189999999999,80.16189999999999 9.951103333333334,80.161075,80.161075 9.953481666666667,80.16024999999999,80.16024999999999 9.955844999999998,80.15942499999998,80.15942499999998 9.95819,80.15859833333334,80.15859833333334 9.960521666666668,80.15777166666666,80.15777166666666 9.962845,80.15694666666666,80.15694666666666 9.965156666666665,80.15612,80.15612 9.967458333333333,80.15529333333333,80.15529333333333 9.969751666666667,80.15446666666666,80.15446666666666 9.97204,80.15364000000001,80.15364000000001 9.974325,80.15281333333334,80.15281333333334 9.976609999999999,80.15198666666667,80.15198666666667 9.978900000000001,80.15115999999999,80.15115999999999 9.981201666666665,80.15033666666668,80.15033666666668 9.983513333333335,80.14951166666667,80.14951166666667 9.985831666666668,80.14868833333334,80.14868833333334 9.988150000000001,80.14786666666669,80.14786666666669 9.990468333333334,80.147045,80.147045 9.992790000000001,80.14622333333332,80.14622333333332 9.995111666666665,80.14540333333333,80.14540333333333 9.997430000000001,80.144585,80.144585 9.999751666666665,80.14376833333334,80.14376833333334 10.002078333333332,80.14295333333332,80.14295333333332 10.004401666666668,80.14213833333334,80.14213833333334 10.006723333333335,80.14132666666666,80.14132666666666 10.009055,80.14051666666667,80.14051666666667 10.011391666666668,80.13970833333332,80.13970833333332 10.013724999999999,80.13889999999999,80.13889999999999 10.016060000000001,80.13809333333334,80.13809333333334 10.018406666666667,80.13728666666665,80.13728666666665 10.020760000000001,80.13648166666667,80.13648166666667 10.023118333333333,80.13567666666667,80.13567666666667 10.025485,80.13487,80.13487 10.027863333333332,80.13406499999999,80.13406499999999 10.030248333333333,80.13325999999999,80.13325999999999 10.032638333333335,80.13245333333333,80.13245333333333 10.035033333333333,80.13164666666665,80.13164666666665 10.037433333333334,80.13084000000002,80.13084000000002 10.039835,80.13003333333333,80.13003333333333 10.042236666666668,80.12922499999999,80.12922499999999 10.044641666666667,80.12841666666667,80.12841666666667 10.047048333333333,80.12760666666668,80.12760666666668 10.049448333333334,80.12679666666666,80.12679666666666 10.051844999999998,80.12598666666666,80.12598666666666 10.054243333333334,80.12517666666665,80.12517666666665 10.056638333333332,80.12436666666669,80.12436666666669 10.059031666666668,80.12355500000001,80.12355500000001 10.061425000000002,80.122745,80.122745 10.063825,80.121935,80.121935 10.066225000000001,80.121125,80.121125 10.068626666666667,80.12031666666668,80.12031666666668 10.071033333333332,80.11950666666667,80.11950666666667 10.073446666666666,80.11869999999999,80.11869999999999 10.075859999999999,80.11789166666667,80.11789166666667 10.078276666666666,80.11708333333334,80.11708333333334 10.080696666666666,80.116275,80.116275 10.083118333333335,80.11546833333334,80.11546833333334 10.085538333333334,80.11465833333332,80.11465833333332 10.087956666666665,80.11384833333334,80.11384833333334 10.090369999999998,80.11303833333334,80.11303833333334 10.092776666666667,80.112225,80.112225 10.095176666666665,80.11140999999999,80.11140999999999 10.097573333333335,80.11059333333333,80.11059333333333 10.099961666666667,80.109775,80.109775 10.102343333333334,80.10895666666667,80.10895666666667 10.104718333333333,80.108135,80.108135 10.107086666666666,80.10731333333332,80.10731333333332 10.109446666666665,80.10649000000001,80.10649000000001 10.111798333333333,80.10566666666666,80.10566666666666 10.114144999999999,80.10484333333333,80.10484333333333 10.116485,80.10401833333333,80.10401833333333 10.118825,80.10319333333332,80.10319333333332 10.121158333333332,80.10236833333333,80.10236833333333 10.123488333333333,80.10154333333332,80.10154333333332 10.125816666666667,80.10071833333332,80.10071833333332 10.128143333333334,80.099895,80.099895 10.130459999999998,80.09906833333332,80.09906833333332 10.132771666666667,80.09824333333331,80.09824333333331 10.135081666666666,80.09741666666667,80.09741666666667 10.137388333333334,80.09658999999999,80.09658999999999 10.139691666666666,80.09576333333332,80.09576333333332 10.141996666666667,80.09493666666667,80.09493666666667 10.1443,80.09410833333334,80.09410833333334 10.146605000000001,80.09328000000001,80.09328000000001 10.148911666666667,80.09245166666666,80.09245166666666 10.151223333333332,80.09162166666667,80.09162166666667 10.153543333333333,80.09079333333335,80.09079333333335 10.155873333333334,80.08996499999999,80.08996499999999 10.158211666666666,80.08913500000001,80.08913500000001 10.160556666666668,80.08830666666665,80.08830666666665 10.162906666666668,80.08747833333334,80.08747833333334 10.165258333333332,80.08665166666667,80.08665166666667 10.167611666666666,80.08582333333334,80.08582333333334 10.169965,80.08499666666665,80.08499666666665 10.172316666666669,80.08416999999999,80.08416999999999 10.174668333333333,80.08334166666667,80.08334166666667 10.177020000000002,80.082515,80.082515 10.179369999999999,80.08168833333333,80.08168833333333 10.181716666666668,80.08086000000002,80.08086000000002 10.184064999999999,80.08003333333332,80.08003333333332 10.186413333333334,80.079205,80.079205 10.188761666666664,80.07837666666667,80.07837666666667 10.191111666666664,80.07755,80.07755 10.193463333333334,80.07672333333335,80.07672333333335 10.195816666666667,80.07589666666665,80.07589666666665 10.198171666666665,80.07507000000001,80.07507000000001 10.200526666666669,80.07424500000002,80.07424500000002 10.202883333333332,80.07341833333332,80.07341833333332 10.20524,80.07259166666667,80.07259166666667 10.207598333333333,80.07176666666666,80.07176666666666 10.209956666666665,80.07094,80.07094 10.212321666666666,80.07011333333334,80.07011333333334 10.214690000000001,80.06928666666667,80.06928666666667 10.217063333333334,80.06846,80.06846 10.219445,80.06763500000001,80.06763500000001 10.22183,80.06680833333334,80.06680833333334 10.224215000000001,80.06598166666666,80.06598166666666 10.226603333333331,80.06515666666665,80.06515666666665 10.228993333333335,80.06433000000001,80.06433000000001 10.231381666666666,80.06350166666667,80.06350166666667 10.23377,80.062675,80.062675 10.236158333333334,80.06184833333333,80.06184833333333 10.238546666666668,80.06101999999998,80.06101999999998 10.240938333333332,80.06019333333334,80.06019333333334 10.243333333333334,80.059365,80.059365 10.245731666666668,80.05853666666667,80.05853666666667 10.248136666666667,80.05771,80.05771 10.250548333333334,80.05688166666668,80.05688166666668 10.252965,80.05605499999999,80.05605499999999 10.255388333333334,80.05522666666667,80.05522666666667 10.257818333333333,80.0544,80.0544 10.260254999999999,80.05357166666666,80.05357166666666 10.262693333333335,80.05274500000002,80.05274500000002 10.265133333333333,80.05191666666666,80.05191666666666 10.267571666666667,80.05108833333334,80.05108833333334 10.270005000000001,80.05025999999998,80.05025999999998 10.272436666666666,80.04943166666666,80.04943166666666 10.274863333333334,80.048605,80.048605 10.277285,80.04777666666666,80.04777666666666 10.279696666666668,80.04695000000001,80.04695000000001 10.282101666666668,80.04612333333331,80.04612333333331 10.284501666666669,80.04529833333332,80.04529833333332 10.286891666666666,80.04447166666668,80.04447166666668 10.289275,80.04364833333334,80.04364833333334 10.291654999999999,80.04282333333333,80.04282333333333 10.29403,80.04200166666666,80.04200166666666 10.296401666666664,80.04117833333332,80.04117833333332 10.29877,80.04035666666667,80.04035666666667 10.301138333333334,80.03953499999999,80.03953499999999 10.303505,80.038715,80.038715 10.305868333333331,80.03789499999999,80.03789499999999 10.308229999999998,80.037075,80.037075 10.310593333333333,80.03625500000001,80.03625500000001 10.312955,80.03543666666666,80.03543666666666 10.315316666666666,80.03461666666666,80.03461666666666 10.317675,80.03379833333334,80.03379833333334 10.320033333333333,80.03297833333332,80.03297833333332 10.322388333333334,80.03215833333333,80.03215833333333 10.32473833333333,80.03133833333332,80.03133833333332 10.32709,80.03051833333333,80.03051833333333 10.329441666666664,80.02969833333334,80.02969833333334 10.331793333333334,80.02887833333332,80.02887833333332 10.334141666666667,80.02805666666667,80.02805666666667 10.336491666666667,80.02723499999999,80.02723499999999 10.338843333333333,80.02641333333332,80.02641333333332 10.341195,80.02559166666667,80.02559166666667 10.343545,80.02477000000002,80.02477000000002 10.345896666666667,80.02394666666667,80.02394666666667 10.348246666666666,80.02312333333333,80.02312333333333 10.350595,80.0223,80.0223 10.352939999999998,80.02147666666666,80.02147666666666 10.355284999999999,80.02065166666665,80.02065166666665 10.357626666666665,80.01982666666666,80.01982666666666 10.359963333333333,80.01900000000002,80.01900000000002 10.362296666666667,80.01817333333332,80.01817333333332 10.364625000000002,80.017345,80.017345 10.366953333333333,80.01651499999998,80.01651499999998 10.369275,80.015685,80.015685 10.371591666666665,80.01485500000001,80.01485500000001 10.373903333333333,80.01402333333334,80.01402333333334 10.37621,80.01319166666666,80.01319166666666 10.378511666666666,80.01236000000002,80.01236000000002 10.380806666666667,80.01152833333333,80.01152833333333 10.383098333333333,80.010695,80.010695 10.385386666666667,80.00986333333334,80.00986333333334 10.387671666666668,80.00903166666667,80.00903166666667 10.389954999999999,80.0082,80.0082 10.392236666666669,80.00736833333335,80.00736833333335 10.394516666666668,80.00653666666668,80.00653666666668 10.396798333333335,80.00570499999999,80.00570499999999 10.39908,80.00487333333335,80.00487333333335 10.401364999999997,80.00404333333333,80.00404333333333 10.403656666666667,80.00321166666666,80.00321166666666 10.405956666666668,80.00238333333333,80.00238333333333 10.408266666666668,80.00155500000001,80.00155500000001 10.410584999999998,80.00072666666665,80.00072666666665 10.412903333333334,79.99990000000001,79.99990000000001 10.415226666666667,79.99907333333334,79.99907333333334 10.417551666666668,79.99824833333334,79.99824833333334 10.419876666666669,79.99742166666668,79.99742166666668 10.4222,79.99659666666668,79.99659666666668 10.424526666666667,79.99577333333333,79.99577333333333 10.426853333333334,79.99494833333334,79.99494833333334 10.429178333333335,79.994125,79.994125 10.43150166666667,79.99330333333334,79.99330333333334 10.433826666666667,79.99247999999999,79.99247999999999 10.436150000000003,79.99165833333333,79.99165833333333 10.438471666666667,79.99083666666668,79.99083666666668 10.440793333333334,79.99001666666666,79.99001666666666 10.443111666666667,79.98919500000001,79.98919500000001 10.445428333333332,79.98837666666665,79.98837666666665 10.44774,79.98755666666666,79.98755666666666 10.450048333333331,79.98673666666667,79.98673666666667 10.452353333333333,79.98591833333333,79.98591833333333 10.454653333333331,79.98509833333334,79.98509833333334 10.456946666666665,79.98428000000001,79.98428000000001 10.459236666666666,79.98346,79.98346 10.461521666666668,79.98264166666667,79.98264166666667 10.463801666666667,79.98182166666668,79.98182166666668 10.466076666666666,79.98100333333332,79.98100333333332 10.468344999999998,79.98018333333333,79.98018333333333 10.470609999999999,79.979365,79.979365 10.472870000000002,79.97854666666667,79.97854666666667 10.475124999999998,79.97772666666667,79.97772666666667 10.477376666666665,79.97690833333334,79.97690833333334 10.479625,79.97609000000001,79.97609000000001 10.481871666666667,79.97527166666669,79.97527166666669 10.484115,79.97445333333333,79.97445333333333 10.486356666666664,79.973635,79.973635 10.488595000000002,79.97281833333334,79.97281833333334 10.49083,79.97199999999998,79.97199999999998 10.493061666666664,79.97118333333331,79.97118333333331 10.495291666666665,79.97036499999999,79.97036499999999 10.497520000000002,79.96954833333332,79.96954833333332 10.499746666666665,79.96873166666666,79.96873166666666 10.501973333333336,79.96791499999999,79.96791499999999 10.504208333333334,79.96709999999999,79.96709999999999 10.506446666666665,79.96628499999998,79.96628499999998 10.508690000000001,79.96547000000001,79.96547000000001 10.510936666666666,79.96465666666667,79.96465666666667 10.513188333333336,79.96384333333333,79.96384333333333 10.515446666666666,79.96303166666668,79.96303166666668 10.517706666666667,79.96221833333334,79.96221833333334 10.51997,79.96140666666666,79.96140666666666 10.522236666666668,79.960595,79.960595 10.52450833333333,79.95978333333335,79.95978333333335 10.526779999999999,79.95897333333333,79.95897333333333 10.52905333333333,79.95816166666668,79.95816166666668 10.531324999999999,79.95735,79.95735 10.533596666666666,79.95653999999999,79.95653999999999 10.535866666666665,79.95572833333333,79.95572833333333 10.538139999999997,79.95491666666668,79.95491666666668 10.540415,79.954105,79.954105 10.542688333333334,79.95329500000001,79.95329500000001 10.544963333333332,79.95248333333333,79.95248333333333 10.547243333333332,79.95167333333333,79.95167333333333 10.549526666666669,79.95086333333334,79.95086333333334 10.551813333333332,79.95005333333333,79.95005333333333 10.554108333333332,79.94924333333334,79.94924333333334 10.556411666666667,79.948435,79.948435 10.558720000000003,79.94762666666668,79.94762666666668 10.561031666666668,79.94681999999999,79.94681999999999 10.563349999999998,79.94601333333334,79.94601333333334 10.565669999999999,79.94520666666668,79.94520666666668 10.567993333333336,79.94439999999999,79.94439999999999 10.570313333333333,79.94359333333334,79.94359333333334 10.572628333333332,79.94278833333334,79.94278833333334 10.574939999999998,79.94198166666668,79.94198166666668 10.577245000000003,79.941175,79.941175 10.579546666666667,79.94036833333334,79.94036833333334 10.581841666666666,79.93956000000001,79.93956000000001 10.584136666666666,79.93875333333334,79.93875333333334 10.586428333333334,79.93794666666665,79.93794666666665 10.58871666666667,79.93713833333332,79.93713833333332 10.590998333333333,79.93633,79.93633 10.593278333333332,79.93552166666666,79.93552166666666 10.595555000000001,79.93471166666667,79.93471166666667 10.597828333333332,79.9339,79.9339 10.600098333333335,79.93309,79.93309 10.602368333333333,79.93227666666667,79.93227666666667 10.604636666666666,79.93146333333334,79.93146333333334 10.606903333333332,79.93065,79.93065 10.609164999999999,79.929835,79.929835 10.611421666666669,79.92901833333333,79.92901833333333 10.613674999999999,79.92820166666667,79.92820166666667 10.615920000000001,79.92738166666666,79.92738166666666 10.61816,79.92656333333333,79.92656333333333 10.620395,79.92574166666668,79.92574166666668 10.622625000000001,79.92492,79.92492 10.624848333333334,79.92409666666668,79.92409666666668 10.627066666666668,79.92327333333333,79.92327333333333 10.62928166666667,79.92244833333332,79.92244833333332 10.631493333333331,79.92162333333334,79.92162333333334 10.633708333333335,79.92079833333334,79.92079833333334 10.635928333333334,79.91997166666668,79.91997166666668 10.638151666666666,79.91914499999999,79.91914499999999 10.640381666666666,79.91832,79.91832 10.642616666666665,79.91749333333335,79.91749333333335 10.644853333333334,79.91666666666666,79.91666666666666 10.64708833333333,79.91584,79.91584 10.649321666666665,79.91501333333333,79.91501333333333 10.651558333333332,79.91418833333333,79.91418833333333 10.653796666666665,79.91336166666667,79.91336166666667 10.656038333333333,79.912535,79.912535 10.658285,79.91171,79.91171 10.660535000000001,79.91088333333335,79.91088333333335 10.662783333333334,79.91005833333334,79.91005833333334 10.665035,79.90923166666667,79.90923166666667 10.667286666666666,79.90840666666668,79.90840666666668 10.669536666666666,79.90758000000001,79.90758000000001 10.671791666666666,79.90675333333334,79.90675333333334 10.67405666666667,79.90592833333335,79.90592833333335 10.676328333333332,79.90510333333334,79.90510333333334 10.67861,79.90427833333334,79.90427833333334 10.680905,79.90345500000001,79.90345500000001 10.68321,79.90263166666666,79.90263166666666 10.68552,79.90180833333335,79.90180833333335 10.687833333333332,79.900985,79.900985 10.690146666666665,79.90016333333334,79.90016333333334 10.692454999999997,79.89933833333333,79.89933833333333 10.694760000000002,79.89851499999999,79.89851499999999 10.697061666666666,79.89769,79.89769 10.699360000000002,79.89686499999999,79.89686499999999 10.701656666666667,79.89603999999999,79.89603999999999 10.70395,79.89521333333333,79.89521333333333 10.706236666666666,79.89438666666666,79.89438666666666 10.708521666666666,79.89356,79.89356 10.710801666666669,79.89273166666668,79.89273166666668 10.713076666666664,79.89190500000001,79.89190500000001 10.715344999999997,79.89107666666668,79.89107666666668 10.717608333333333,79.89024666666667,79.89024666666667 10.719863333333336,79.88941833333334,79.88941833333334 10.722111666666668,79.88858833333333,79.88858833333333 10.724351666666667,79.88775833333334,79.88775833333334 10.726586666666668,79.88692999999999,79.88692999999999 10.728819999999999,79.8861,79.8861 10.73105,79.88527000000002,79.88527000000002 10.733278333333333,79.88444166666666,79.88444166666666 10.735513333333332,79.88361333333334,79.88361333333334 10.737755,79.88278666666668,79.88278666666668 10.740000000000002,79.88195999999999,79.88195999999999 10.742248333333334,79.88113333333335,79.88113333333335 10.744501666666668,79.88030833333335,79.88030833333335 10.746758333333334,79.879485,79.879485 10.74901,79.87866000000001,79.87866000000001 10.751259999999997,79.87783666666667,79.87783666666667 10.75351166666667,79.87701333333332,79.87701333333332 10.755756666666665,79.87618833333333,79.87618833333333 10.757996666666667,79.87536499999999,79.87536499999999 10.760238333333332,79.87454166666667,79.87454166666667 10.762481666666668,79.87371833333333,79.87371833333333 10.764724999999999,79.87289666666668,79.87289666666668 10.766968333333335,79.87207333333335,79.87207333333335 10.769218333333335,79.87125166666667,79.87125166666667 10.771473333333331,79.87042833333332,79.87042833333332 10.773726666666668,79.86960666666667,79.86960666666667 10.77598,79.86878333333334,79.86878333333334 10.778236666666666,79.86796166666666,79.86796166666666 10.780495,79.86713833333334,79.86713833333334 10.782751666666664,79.866315,79.866315 10.785006666666668,79.86549166666667,79.86549166666667 10.78726,79.86466833333333,79.86466833333333 10.789511666666666,79.86384500000001,79.86384500000001 10.791765000000003,79.86302333333333,79.86302333333333 10.794021666666668,79.8622,79.8622 10.796280000000001,79.86137833333335,79.86137833333335 10.798535,79.86055666666667,79.86055666666667 10.800788333333333,79.85973499999999,79.85973499999999 10.803045000000001,79.858915,79.858915 10.805301666666667,79.85809666666667,79.85809666666667 10.807558333333334,79.85727833333334,79.85727833333334 10.809816666666666,79.85646,79.85646 10.812079999999998,79.85564333333333,79.85564333333333 10.814346666666665,79.85482833333334,79.85482833333334 10.816616666666668,79.85401499999999,79.85401499999999 10.818888333333332,79.85320166666666,79.85320166666666 10.821165,79.85238999999999,79.85238999999999 10.823445,79.85157833333334,79.85157833333334 10.825728333333332,79.85076833333332,79.85076833333332 10.828009999999999,79.84995833333333,79.84995833333333 10.830289999999998,79.84914833333333,79.84914833333333 10.832569999999997,79.84834000000001,79.84834000000001 10.834846666666666,79.84753000000002,79.84753000000002 10.837121666666668,79.84672166666667,79.84672166666667 10.839396666666667,79.84591499999999,79.84591499999999 10.841673333333333,79.84510666666667,79.84510666666667 10.843955000000003,79.8443,79.8443 10.846236666666668,79.84349499999999,79.84349499999999 10.848518333333335,79.84268999999999,79.84268999999999 10.8508,79.84188333333333,79.84188333333333 10.853083333333332,79.84107833333334,79.84107833333334 10.855363333333333,79.84027333333334,79.84027333333334 10.857635,79.83946666666667,79.83946666666667 10.859898333333335,79.83866,79.83866 10.862156666666666,79.83785166666668,79.83785166666668 10.864408333333332,79.83704333333334,79.83704333333334 10.866653333333334,79.83623333333333,79.83623333333333 10.86889333333333,79.83542333333334,79.83542333333334 10.871128333333337,79.83461333333332,79.83461333333332 10.87335833333333,79.83380000000001,79.83380000000001 10.875586666666667,79.83298833333333,79.83298833333333 10.877813333333334,79.832175,79.832175 10.880038333333335,79.83135999999999,79.83135999999999 10.88226,79.83054666666666,79.83054666666666 10.884478333333334,79.82973,79.82973 10.886698333333333,79.828915,79.828915 10.888915000000003,79.82809999999999,79.82809999999999 10.891126666666665,79.82728166666666,79.82728166666666 10.893331666666665,79.826465,79.826465 10.895534999999997,79.82564666666667,79.82564666666667 10.897731666666667,79.82482833333333,79.82482833333333 10.899920000000002,79.82401,79.82401 10.902104999999999,79.82319166666667,79.82319166666667 10.904288333333332,79.82237333333335,79.82237333333335 10.906471666666668,79.82155500000002,79.82155500000002 10.908651666666666,79.82073666666666,79.82073666666666 10.910835000000002,79.81992,79.81992 10.913016666666667,79.81910500000002,79.81910500000002 10.915193333333333,79.81828833333333,79.81828833333333 10.91736833333333,79.81747499999999,79.81747499999999 10.919541666666666,79.81666000000001,79.81666000000001 10.921711666666667,79.81584666666667,79.81584666666667 10.923873333333333,79.81503166666667,79.81503166666667 10.926029999999999,79.81421833333334,79.81421833333334 10.928181666666669,79.813405,79.813405 10.930326666666668,79.81259166666666,79.81259166666666 10.932463333333331,79.81177666666666,79.81177666666666 10.934593333333332,79.81096333333332,79.81096333333332 10.936719999999998,79.81014833333334,79.81014833333334 10.938841666666667,79.80933333333334,79.80933333333334 10.940958333333333,79.80851833333334,79.80851833333334 10.943074999999999,79.80770333333334,79.80770333333334 10.945195000000002,79.80688833333333,79.80688833333333 10.947316666666666,79.80607333333333,79.80607333333333 10.94944,79.80525833333333,79.80525833333333 10.951565000000002,79.80444500000002,79.80444500000002 10.9537,79.80363000000001,79.80363000000001 10.95584,79.80281666666667,79.80281666666667 10.957981666666669,79.80200333333333,79.80200333333333 10.960126666666667,79.80119166666667,79.80119166666667 10.962276666666666,79.80037999999999,79.80037999999999 10.964430000000002,79.79956833333334,79.79956833333334 10.966591666666666,79.79875833333335,79.79875833333335 10.968763333333333,79.79794833333334,79.79794833333334 10.970944999999999,79.79714,79.79714 10.973133333333331,79.79633166666667,79.79633166666667 10.975328333333335,79.79552333333332,79.79552333333332 10.977531666666668,79.79471666666667,79.79471666666667 10.979738333333332,79.79390833333332,79.79390833333332 10.981943333333334,79.79310166666669,79.79310166666669 10.984149999999998,79.79229333333333,79.79229333333333 10.986356666666666,79.791485,79.791485 10.988565000000001,79.79067666666667,79.79067666666667 10.99077,79.78986833333335,79.78986833333335 10.992975000000001,79.78905833333333,79.78905833333333 10.995178333333335,79.78824833333333,79.78824833333333 10.99738166666667,79.78743833333334,79.78743833333334 10.999586666666668,79.78662666666666,79.78662666666666 11.001790000000002,79.78581500000001,79.78581500000001 11.003993333333336,79.78500333333334,79.78500333333334 11.006198333333334,79.78419000000001,79.78419000000001 11.008403333333336,79.78337666666667,79.78337666666667 11.01060666666667,79.78256333333333,79.78256333333333 11.012810000000002,79.78174833333333,79.78174833333333 11.015016666666666,79.78093333333332,79.78093333333332 11.017225,79.78011833333332,79.78011833333332 11.019433333333332,79.77930333333335,79.77930333333335 11.02163833333333,79.77848833333334,79.77848833333334 11.023843333333332,79.77767166666665,79.77767166666665 11.026045,79.77685666666667,79.77685666666667 11.028245,79.77604166666667,79.77604166666667 11.030441666666666,79.775225,79.775225 11.032641666666665,79.77441,79.77441 11.034838333333335,79.77359666666666,79.77359666666666 11.037036666666665,79.77278166666666,79.77278166666666 11.039236666666666,79.77196833333335,79.77196833333335 11.041438333333334,79.77115500000001,79.77115500000001 11.043641666666666,79.77034166666667,79.77034166666667 11.045843333333334,79.76952833333333,79.76952833333333 11.048046666666668,79.76871666666666,79.76871666666666 11.050251666666666,79.76790500000001,79.76790500000001 11.052453333333334,79.76709333333334,79.76709333333334 11.054655,79.76628166666666,79.76628166666666 11.056856666666665,79.76547000000001,79.76547000000001 11.059058333333333,79.76465666666667,79.76465666666667 11.061255000000001,79.763845,79.763845 11.063453333333333,79.76303166666666,79.76303166666666 11.065655000000001,79.76221833333335,79.76221833333335 11.067853333333336,79.76140499999998,79.76140499999998 11.07005,79.76059166666667,79.76059166666667 11.072248333333334,79.75977666666667,79.75977666666667 11.074446666666667,79.75896333333333,79.75896333333333 11.076645000000001,79.75814833333335,79.75814833333335 11.078841666666666,79.75733500000001,79.75733500000001 11.081038333333332,79.75652000000001,79.75652000000001 11.08323666666667,79.755705,79.755705 11.085433333333333,79.75489,79.75489 11.08763,79.754075,79.754075 11.089825000000001,79.75326,79.75326 11.092019999999998,79.75244333333333,79.75244333333333 11.094213333333334,79.75162833333334,79.75162833333334 11.096406666666665,79.75081166666668,79.75081166666668 11.098599999999998,79.749995,79.749995 11.100789999999998,79.74917833333333,79.74917833333333 11.10298,79.74836,79.74836 11.105166666666664,79.74754333333334,79.74754333333334 11.107353333333332,79.74672500000001,79.74672500000001 11.109538333333333,79.74590666666666,79.74590666666666 11.111723333333336,79.74508833333333,79.74508833333333 11.113905,79.74427,79.74427 11.116081666666666,79.74345000000001,79.74345000000001 11.118253333333334,79.74262833333333,79.74262833333333 11.120420000000001,79.74180833333334,79.74180833333334 11.122583333333335,79.74098500000001,79.74098500000001 11.124738333333335,79.74016333333333,79.74016333333333 11.126885,79.73933833333332,79.73933833333332 11.129028333333334,79.738515,79.738515 11.13117,79.73769000000001,79.73769000000001 11.133315000000001,79.73686500000001,79.73686500000001 11.135465,79.73604,79.73604 11.137623333333332,79.73521500000001,79.73521500000001 11.139784999999998,79.73439,79.73439 11.141951666666667,79.73356666666666,79.73356666666666 11.144123333333335,79.73274166666667,79.73274166666667 11.146301666666666,79.73191833333333,79.73191833333333 11.148485000000003,79.73109666666664,79.73109666666664 11.150669999999998,79.73027499999999,79.73027499999999 11.15285833333333,79.72945333333334,79.72945333333334 11.155055,79.72863333333333,79.72863333333333 11.157248333333332,79.72781333333334,79.72781333333334 11.159441666666664,79.72699333333333,79.72699333333333 11.161639999999998,79.72617333333334,79.72617333333334 11.163843333333334,79.72535500000001,79.72535500000001 11.166045,79.72453833333334,79.72453833333334 11.168248333333333,79.72372000000001,79.72372000000001 11.170453333333334,79.72290333333332,79.72290333333332 11.172656666666668,79.72208666666666,79.72208666666666 11.174854999999999,79.72127166666668,79.72127166666668 11.177051666666669,79.72045499999999,79.72045499999999 11.179251666666667,79.71963999999998,79.71963999999998 11.181448333333334,79.71882500000001,79.71882500000001 11.183643333333334,79.71801,79.71801 11.185836666666667,79.717195,79.717195 11.188033333333331,79.71638,79.71638 11.190228333333335,79.71556666666666,79.71556666666666 11.192421666666668,79.71475333333332,79.71475333333332 11.194614999999999,79.71394000000001,79.71394000000001 11.196808333333335,79.71312666666667,79.71312666666667 11.198998333333336,79.712315,79.712315 11.201184999999997,79.71150166666666,79.71150166666666 11.203366666666666,79.71068833333332,79.71068833333332 11.205543333333331,79.70987499999998,79.70987499999998 11.207713333333333,79.70906000000001,79.70906000000001 11.209876666666666,79.708245,79.708245 11.212033333333332,79.70743,79.70743 11.214183333333335,79.70661333333334,79.70661333333334 11.216326666666665,79.70579500000001,79.70579500000001 11.218461666666666,79.70497666666665,79.70497666666665 11.220593333333333,79.70415666666666,79.70415666666666 11.22272,79.70333666666667,79.70333666666667 11.224843333333334,79.70251666666667,79.70251666666667 11.226965,79.70169500000002,79.70169500000002 11.229088333333335,79.70087333333333,79.70087333333333 11.231209999999997,79.70005166666665,79.70005166666665 11.233331666666666,79.69922833333334,79.69922833333334 11.235453333333332,79.69840500000001,79.69840500000001 11.237578333333333,79.69758166666666,79.69758166666666 11.239703333333333,79.69675666666666,79.69675666666666 11.241830000000002,79.69593166666667,79.69593166666667 11.243958333333335,79.69510666666666,79.69510666666666 11.246088333333333,79.69428166666665,79.69428166666665 11.24822,79.69345666666666,79.69345666666666 11.250353333333333,79.69263,79.69263 11.252486666666668,79.69180333333333,79.69180333333333 11.254618333333333,79.69097666666667,79.69097666666667 11.256753333333334,79.69015,79.69015 11.258891666666669,79.68932333333333,79.68932333333333 11.261030000000003,79.68849833333334,79.68849833333334 11.263168333333331,79.68767333333334,79.68767333333334 11.265308333333335,79.68684833333333,79.68684833333333 11.267448333333334,79.686025,79.686025 11.269584999999998,79.68520333333332,79.68520333333332 11.271720000000002,79.68438166666667,79.68438166666667 11.273853333333335,79.68356166666668,79.68356166666668 11.275983333333333,79.68274333333335,79.68274333333335 11.278110000000002,79.68192499999999,79.68192499999999 11.280235000000001,79.68110833333333,79.68110833333333 11.282358333333331,79.68029333333332,79.68029333333332 11.284485,79.67947833333332,79.67947833333332 11.286608333333334,79.67866666666667,79.67866666666667 11.288731666666667,79.677855,79.677855 11.290854999999999,79.677045,79.677045 11.292976666666668,79.67623499999999,79.67623499999999 11.29510166666667,79.67542666666665,79.67542666666665 11.297224999999997,79.67461833333333,79.67461833333333 11.299351666666666,79.67381166666668,79.67381166666668 11.301481666666668,79.67300666666665,79.67300666666665 11.303614999999997,79.67220000000002,79.67220000000002 11.305753333333332,79.67139666666667,79.67139666666667 11.307898333333334,79.67059166666667,79.67059166666667 11.310051666666666,79.66978833333333,79.66978833333333 11.31221,79.66898666666667,79.66898666666667 11.314375,79.66818333333335,79.66818333333335 11.316546666666667,79.66738333333333,79.66738333333333 11.318724999999999,79.66658166666666,79.66658166666666 11.320908333333335,79.66578,79.66578 11.323096666666668,79.66498,79.66498 11.325289999999999,79.66418000000002,79.66418000000002 11.327485000000003,79.66337833333333,79.66337833333333 11.329686666666666,79.66257666666668,79.66257666666668 11.331896666666665,79.66177499999999,79.66177499999999 11.334111666666669,79.66097333333335,79.66097333333335 11.336326666666666,79.66017,79.66017 11.338543333333332,79.65936666666666,79.65936666666666 11.340761666666666,79.65856333333333,79.65856333333333 11.34297,79.65775833333333,79.65775833333333 11.345168333333334,79.65695166666667,79.65695166666667 11.347363333333334,79.65614333333333,79.65614333333333 11.349556666666668,79.65533500000001,79.65533500000001 11.351738333333333,79.65452499999999,79.65452499999999 11.35391,79.65371333333331,79.65371333333331 11.356073333333331,79.6529,79.6529 11.358228333333331,79.652085,79.652085 11.360375,79.65127000000001,79.65127000000001 11.362515,79.65045333333335,79.65045333333335 11.364649999999997,79.649635,79.649635 11.366776666666665,79.64881666666668,79.64881666666668 11.368889999999999,79.64799666666666,79.64799666666666 11.370996666666667,79.64717666666667,79.64717666666667 11.373093333333335,79.64635499999999,79.64635499999999 11.37518,79.64553333333333,79.64553333333333 11.37725333333333,79.64471166666667,79.64471166666667 11.379318333333334,79.64388999999998,79.64388999999998 11.381374999999998,79.64306833333333,79.64306833333333 11.383423333333335,79.64224833333331,79.64224833333331 11.38547166666667,79.64142666666666,79.64142666666666 11.38752,79.64060666666666,79.64060666666666 11.389573333333333,79.63978666666667,79.63978666666667 11.391631666666669,79.63896833333334,79.63896833333334 11.393691666666665,79.63815166666667,79.63815166666667 11.395758333333335,79.63733500000001,79.63733500000001 11.397833333333333,79.63651833333334,79.63651833333334 11.399916666666664,79.635705,79.635705 11.402001666666667,79.63489166666666,79.63489166666666 11.40408333333333,79.63408,79.63408 11.406165,79.63326833333335,79.63326833333335 11.408246666666665,79.63245666666667,79.63245666666667 11.410325,79.63164666666665,79.63164666666665 11.412399999999998,79.63083666666667,79.63083666666667 11.414473333333335,79.63002666666667,79.63002666666667 11.416541666666669,79.62921500000002,79.62921500000002 11.418601666666666,79.62840333333334,79.62840333333334 11.420658333333334,79.62759166666666,79.62759166666666 11.422711666666666,79.62677833333335,79.62677833333335 11.424761666666665,79.62596500000001,79.62596500000001 11.426805,79.62515,79.62515 11.42885,79.62433333333334,79.62433333333334 11.430894999999998,79.62351833333334,79.62351833333334 11.43294,79.62270000000001,79.62270000000001 11.434991666666669,79.62188333333334,79.62188333333334 11.437049999999997,79.62106666666668,79.62106666666668 11.439113333333333,79.62024833333332,79.62024833333332 11.441180000000001,79.61943166666666,79.61943166666666 11.44325833333333,79.61861333333333,79.61861333333333 11.445346666666667,79.61779666666666,79.61779666666666 11.447441666666668,79.61698,79.61698 11.449546666666668,79.61616333333333,79.61616333333333 11.45166,79.61534666666667,79.61534666666667 11.453779999999998,79.61453166666666,79.61453166666666 11.455898333333336,79.613715,79.613715 11.458018333333333,79.6129,79.6129 11.460141666666667,79.61208333333333,79.61208333333333 11.462264999999999,79.61126666666667,79.61126666666667 11.464388333333332,79.61045,79.61045 11.466511666666669,79.60963333333333,79.60963333333333 11.468633333333331,79.60881833333333,79.60881833333333 11.470753333333334,79.608,79.608 11.472870000000002,79.60718333333331,79.60718333333331 11.474986666666664,79.60636500000001,79.60636500000001 11.477098333333332,79.60554499999999,79.60554499999999 11.479208333333334,79.60472666666666,79.60472666666666 11.481314999999999,79.60390666666667,79.60390666666667 11.483420000000002,79.60308666666667,79.60308666666667 11.485523333333333,79.60226666666668,79.60226666666668 11.487630000000001,79.60144666666666,79.60144666666666 11.489738333333332,79.60062666666667,79.60062666666667 11.491846666666667,79.59980666666668,79.59980666666668 11.493958333333335,79.59898666666666,79.59898666666666 11.496075,79.59816666666667,79.59816666666667 11.498201666666667,79.59734666666667,79.59734666666667 11.500333333333334,79.59652833333334,79.59652833333334 11.502473333333334,79.59570999999998,79.59570999999998 11.504621666666667,79.59489333333332,79.59489333333332 11.506776666666667,79.59407500000002,79.59407500000002 11.508935,79.59325833333335,79.59325833333335 11.511099999999999,79.59244166666669,79.59244166666669 11.513276666666664,79.59162500000002,79.59162500000002 11.515460000000001,79.59080833333336,79.59080833333336 11.517645,79.58999333333333,79.58999333333333 11.519838333333333,79.58917833333332,79.58917833333332 11.52204,79.58836500000001,79.58836500000001 11.524246666666667,79.58755166666667,79.58755166666667 11.526456666666665,79.58673833333334,79.58673833333334 11.528671666666666,79.58592666666667,79.58592666666667 11.530886666666666,79.58511666666665,79.58511666666665 11.533096666666667,79.584305,79.584305 11.535303333333331,79.58349499999998,79.58349499999998 11.537508333333335,79.58268500000001,79.58268500000001 11.539704999999998,79.581875,79.581875 11.541893333333334,79.58106333333332,79.58106333333332 11.544078333333333,79.58025166666667,79.58025166666667 11.546259999999998,79.57944000000002,79.57944000000002 11.548435,79.57862666666668,79.57862666666668 11.550608333333331,79.57781166666668,79.57781166666668 11.55278,79.57699833333334,79.57699833333334 11.55495,79.57618166666667,79.57618166666667 11.557114999999998,79.57536666666667,79.57536666666667 11.559281666666665,79.57455,79.57455 11.561446666666665,79.57373166666667,79.57373166666667 11.563608333333331,79.57291333333332,79.57291333333332 11.565766666666665,79.57209500000002,79.57209500000002 11.567923333333331,79.571275,79.571275 11.570073333333335,79.57045333333335,79.57045333333335 11.572218333333335,79.56963166666667,79.56963166666667 11.574354999999999,79.56880833333334,79.56880833333334 11.576485,79.56798166666667,79.56798166666667 11.578605,79.567155,79.567155 11.580716666666667,79.56632833333335,79.56632833333335 11.582824999999998,79.56549833333332,79.56549833333332 11.584928333333336,79.56467,79.56467 11.587028333333336,79.56383999999998,79.56383999999998 11.589125000000003,79.56301166666667,79.56301166666667 11.591219999999998,79.56218333333334,79.56218333333334 11.593311666666668,79.561355,79.561355 11.595398333333334,79.56052666666666,79.56052666666666 11.597483333333333,79.55969833333333,79.55969833333333 11.599564999999998,79.55886666666666,79.55886666666666 11.60164166666667,79.55803999999999,79.55803999999999 11.603715,79.55721333333334,79.55721333333334 11.605788333333331,79.55638666666667,79.55638666666667 11.607856666666665,79.55556166666666,79.55556166666666 11.609924999999999,79.55473666666667,79.55473666666667 11.611993333333333,79.55391166666666,79.55391166666666 11.614061666666665,79.55309000000001,79.55309000000001 11.616128333333332,79.55226833333333,79.55226833333333 11.618193333333332,79.55144833333334,79.55144833333334 11.620263333333332,79.55063166666667,79.55063166666667 11.622335,79.54981500000001,79.54981500000001 11.624403333333333,79.54899999999999,79.54899999999999 11.626475000000001,79.548185,79.548185 11.628549999999999,79.54737333333333,79.54737333333333 11.630625,79.54656333333334,79.54656333333334 11.632698333333334,79.54575499999999,79.54575499999999 11.634773333333332,79.54494666666666,79.54494666666666 11.63685,79.54413833333332,79.54413833333332 11.638928333333334,79.54333166666666,79.54333166666666 11.641006666666666,79.54252333333334,79.54252333333334 11.643088333333331,79.54171666666666,79.54171666666666 11.645171666666666,79.54090833333333,79.54090833333333 11.647250000000001,79.54010000000001,79.54010000000001 11.649326666666665,79.53929,79.53929 11.651403333333333,79.53847833333333,79.53847833333333 11.653480000000002,79.53766666666668,79.53766666666668 11.655556666666666,79.536855,79.536855 11.657628333333333,79.53604166666666,79.53604166666666 11.6597,79.53522666666666,79.53522666666666 11.661764999999997,79.53441166666666,79.53441166666666 11.66383,79.53359666666668,79.53359666666668 11.66588833333333,79.53278166666668,79.53278166666668 11.667939999999998,79.53196500000001,79.53196500000001 11.669985,79.53114833333335,79.53114833333335 11.672026666666667,79.53033166666668,79.53033166666668 11.67406,79.52951333333333,79.52951333333333 11.67609,79.52869666666666,79.52869666666666 11.678118333333334,79.52787833333333,79.52787833333333 11.680146666666666,79.52706166666667,79.52706166666667 11.682173333333331,79.526245,79.526245 11.684199999999997,79.52542666666668,79.52542666666668 11.686226666666668,79.52461000000001,79.52461000000001 11.688258333333334,79.52379333333334,79.52379333333334 11.690288333333333,79.52297666666665,79.52297666666665 11.692323333333333,79.52215999999999,79.52215999999999 11.69436,79.52134333333332,79.52134333333332 11.696403333333334,79.52052666666665,79.52052666666665 11.69845,79.51971166666668,79.51971166666668 11.700501666666668,79.51889500000001,79.51889500000001 11.702556666666666,79.51807833333335,79.51807833333335 11.704611666666665,79.51726166666668,79.51726166666668 11.706663333333331,79.51644333333333,79.51644333333333 11.708713333333332,79.51562666666666,79.51562666666666 11.710764999999999,79.51480833333333,79.51480833333333 11.712818333333333,79.51398833333333,79.51398833333333 11.714871666666665,79.51316833333334,79.51316833333334 11.716928333333332,79.51234833333332,79.51234833333332 11.718994999999998,79.51152833333333,79.51152833333333 11.721063333333332,79.51070833333334,79.51070833333334 11.723135,79.50988833333335,79.50988833333335 11.72521,79.50906499999999,79.50906499999999 11.727290000000002,79.50824333333334,79.50824333333334 11.72937,79.50742333333332,79.50742333333332 11.731455000000002,79.50660166666667,79.50660166666667 11.733543333333332,79.50577833333332,79.50577833333332 11.735635,79.50495666666667,79.50495666666667 11.737723333333333,79.50413333333334,79.50413333333334 11.739811666666666,79.50331166666666,79.50331166666666 11.741898333333332,79.50248666666666,79.50248666666666 11.743985,79.50166333333333,79.50166333333333 11.74607166666667,79.50084000000001,79.50084000000001 11.748153333333335,79.500015,79.500015 11.750238333333334,79.49919,79.49919 11.752324999999999,79.49836333333332,79.49836333333332 11.75441,79.49753833333331,79.49753833333331 11.7565,79.49671333333333,79.49671333333333 11.758598333333337,79.49588833333334,79.49588833333334 11.760701666666668,79.49506333333333,79.49506333333333 11.762810000000002,79.49423833333333,79.49423833333333 11.764925000000002,79.49341333333334,79.49341333333334 11.767048333333333,79.49258666666667,79.49258666666667 11.769176666666667,79.49176166666666,79.49176166666666 11.771306666666666,79.49093666666667,79.49093666666667 11.77344,79.49011,79.49011 11.775573333333334,79.48928333333333,79.48928333333333 11.777711666666669,79.48845833333334,79.48845833333334 11.77985333333333,79.48763166666664,79.48763166666664 11.781991666666665,79.48680666666667,79.48680666666667 11.784124999999998,79.48598000000001,79.48598000000001 11.786251666666665,79.485155,79.485155 11.788375,79.48433,79.48433 11.79049,79.48350500000001,79.48350500000001 11.792598333333334,79.48268,79.48268 11.794701666666665,79.48185666666666,79.48185666666666 11.796796666666667,79.48103333333333,79.48103333333333 11.798886666666666,79.48021000000001,79.48021000000001 11.800973333333332,79.47938666666667,79.47938666666667 11.803055,79.47856499999999,79.47856499999999 11.805130000000002,79.47774333333334,79.47774333333334 11.807203333333332,79.47692166666667,79.47692166666667 11.809278333333335,79.47610166666668,79.47610166666668 11.811353333333335,79.47528166666666,79.47528166666666 11.813424999999999,79.47446166666667,79.47446166666667 11.8155,79.47364166666665,79.47364166666665 11.817581666666669,79.47282166666666,79.47282166666666 11.819665,79.47200166666667,79.47200166666667 11.82175166666667,79.47118166666668,79.47118166666668 11.823841666666665,79.47036166666668,79.47036166666668 11.825936666666665,79.46954333333332,79.46954333333332 11.828033333333332,79.46872333333333,79.46872333333333 11.830129999999999,79.467905,79.467905 11.832228333333335,79.46708666666667,79.46708666666667 11.834323333333336,79.46627000000001,79.46627000000001 11.836413333333335,79.46545333333334,79.46545333333334 11.838496666666666,79.46463666666668,79.46463666666668 11.840578333333335,79.46382000000001,79.46382000000001 11.842656666666667,79.46300500000001,79.46300500000001 11.844731666666666,79.46218999999998,79.46218999999998 11.846804999999998,79.46137666666667,79.46137666666667 11.84888,79.46056333333333,79.46056333333333 11.850953333333333,79.45975166666668,79.45975166666668 11.853026666666667,79.45893833333334,79.45893833333334 11.855100000000002,79.45812666666667,79.45812666666667 11.857173333333332,79.45731666666666,79.45731666666666 11.859243333333332,79.456505,79.456505 11.861308333333334,79.45569499999999,79.45569499999999 11.863368333333336,79.45488333333334,79.45488333333334 11.865423333333334,79.45407166666668,79.45407166666668 11.867466666666665,79.45326,79.45326 11.869501666666666,79.45244666666666,79.45244666666666 11.871528333333332,79.45163333333332,79.45163333333332 11.873546666666668,79.45081833333334,79.45081833333334 11.875561666666668,79.45000166666668,79.45000166666668 11.877569999999999,79.44918500000001,79.44918500000001 11.879573333333333,79.44836833333335,79.44836833333335 11.881571666666666,79.44754999999999,79.44754999999999 11.883566666666665,79.44672999999999,79.44672999999999 11.885556666666666,79.44591,79.44591 11.887545,79.44509000000001,79.44509000000001 11.889533333333334,79.44427000000002,79.44427000000002 11.891518333333332,79.44345,79.44345 11.893498333333334,79.44262999999998,79.44262999999998 11.895476666666667,79.44180999999999,79.44180999999999 11.897451666666665,79.44099,79.44099 11.899424999999999,79.44017000000001,79.44017000000001 11.901401666666667,79.43935,79.43935 11.903390000000002,79.43853333333334,79.43853333333334 11.905385,79.43771666666667,79.43771666666667 11.907381666666668,79.43690000000001,79.43690000000001 11.909386666666668,79.43608666666667,79.43608666666667 11.911398333333334,79.43527333333333,79.43527333333333 11.913411666666665,79.43446,79.43446 11.915423333333335,79.43364666666666,79.43364666666666 11.917436666666665,79.43283499999998,79.43283499999998 11.919448333333332,79.43202333333333,79.43202333333333 11.921456666666666,79.43121,79.43121 11.92346,79.43039666666668,79.43039666666668 11.92547,79.429585,79.429585 11.927483333333331,79.42877166666668,79.42877166666668 11.929495000000001,79.42795833333334,79.42795833333334 11.931511666666665,79.42714666666666,79.42714666666666 11.933533333333333,79.42633333333332,79.42633333333332 11.93556166666667,79.42552,79.42552 11.937593333333332,79.42470666666667,79.42470666666667 11.93963,79.42389499999999,79.42389499999999 11.94167333333333,79.42308166666668,79.42308166666668 11.943721666666667,79.42226666666667,79.42226666666667 11.945776666666665,79.42145333333333,79.42145333333333 11.947835000000001,79.42063833333333,79.42063833333333 11.949898333333334,79.41982333333334,79.41982333333334 11.951968333333332,79.41900666666668,79.41900666666668 11.954040000000003,79.41819166666667,79.41819166666667 11.956115,79.41737499999999,79.41737499999999 11.958191666666668,79.41655999999999,79.41655999999999 11.960271666666666,79.415745,79.415745 11.962353333333331,79.41493,79.41493 11.964433333333332,79.414115,79.414115 11.966513333333333,79.41329999999999,79.41329999999999 11.968593333333333,79.41248833333334,79.41248833333334 11.97067333333333,79.411675,79.411675 11.972750000000001,79.41086333333332,79.41086333333332 11.974826666666667,79.41005333333334,79.41005333333334 11.976903333333334,79.40924333333334,79.40924333333334 11.978980000000002,79.40843333333335,79.40843333333335 11.981055,79.407625,79.407625 11.983126666666664,79.40681833333333,79.40681833333333 11.985198333333335,79.40601166666666,79.40601166666666 11.987261666666667,79.40520333333333,79.40520333333333 11.98931833333333,79.40439666666667,79.40439666666667 11.991368333333332,79.40359,79.40359 11.993409999999999,79.402785,79.402785 11.995440000000002,79.40197666666667,79.40197666666667 11.997456666666668,79.40117,79.40117 11.999459999999997,79.40036333333333,79.40036333333333 12.001449999999998,79.39955666666667,79.39955666666667 12.003431666666666,79.39874833333333,79.39874833333333 12.005408333333333,79.39794166666667,79.39794166666667 12.007378333333333,79.39713333333334,79.39713333333334 12.009336666666666,79.39632499999999,79.39632499999999 12.011294999999999,79.39551666666665,79.39551666666665 12.013251666666667,79.39470833333333,79.39470833333333 12.015208333333332,79.3939,79.3939 12.017168333333334,79.39309,79.39309 12.019135000000002,79.39228166666668,79.39228166666668 12.021108333333334,79.39147333333335,79.39147333333335 12.023078333333334,79.39066333333334,79.39066333333334 12.025053333333336,79.38985333333333,79.38985333333333 12.027029999999998,79.38904333333332,79.38904333333332 12.029011666666667,79.38823166666667,79.38823166666667 12.030999999999999,79.38742166666665,79.38742166666665 12.032991666666664,79.38661166666667,79.38661166666667 12.034988333333335,79.38580166666667,79.38580166666667 12.036983333333334,79.38499166666668,79.38499166666668 12.038971666666665,79.38418,79.38418 12.040958333333334,79.38337000000001,79.38337000000001 12.042939999999998,79.38255833333334,79.38255833333334 12.044918333333332,79.38174833333333,79.38174833333333 12.046888333333333,79.38093666666666,79.38093666666666 12.048853333333332,79.380125,79.380125 12.050814999999998,79.37931499999999,79.37931499999999 12.052776666666666,79.37850333333334,79.37850333333334 12.054731666666665,79.37769166666666,79.37769166666666 12.056689999999998,79.37687833333332,79.37687833333332 12.058666666666666,79.37606666666666,79.37606666666666 12.060661666666665,79.37525500000001,79.37525500000001 12.062678333333336,79.37444333333333,79.37444333333333 12.06472,79.37362999999999,79.37362999999999 12.066775,79.37282,79.37282 12.068838333333336,79.37200833333333,79.37200833333333 12.07091,79.37119833333333,79.37119833333333 12.07299,79.37038833333334,79.37038833333334 12.075075,79.36957833333332,79.36957833333332 12.077163333333333,79.36877,79.36877 12.079258333333332,79.36796166666666,79.36796166666666 12.081355000000002,79.36715333333333,79.36715333333333 12.083448333333335,79.36634500000001,79.36634500000001 12.085545000000002,79.36553666666667,79.36553666666667 12.087645000000002,79.36472999999998,79.36472999999998 12.089743333333333,79.36392166666666,79.36392166666666 12.091839999999998,79.36311333333333,79.36311333333333 12.093928333333334,79.36230333333333,79.36230333333333 12.096013333333334,79.36149166666668,79.36149166666668 12.098096666666668,79.36068,79.36068 12.100178333333334,79.35986666666666,79.35986666666666 12.102251666666668,79.35905333333335,79.35905333333335 12.104320000000001,79.35823833333335,79.35823833333335 12.106378333333335,79.35742333333332,79.35742333333332 12.108428333333332,79.35660666666665,79.35660666666665 12.110475000000001,79.35579166666668,79.35579166666668 12.112519999999998,79.35497500000001,79.35497500000001 12.114556666666665,79.35415666666665,79.35415666666665 12.116591666666666,79.35333833333335,79.35333833333335 12.11863,79.35251833333334,79.35251833333334 12.120665,79.35169833333332,79.35169833333332 12.122696666666666,79.35087666666666,79.35087666666666 12.12473,79.35005500000001,79.35005500000001 12.126760000000003,79.34923333333334,79.34923333333334 12.128786666666668,79.34841,79.34841 12.130811666666668,79.34758666666666,79.34758666666666 12.132836666666666,79.34676333333333,79.34676333333333 12.134861666666666,79.34594166666668,79.34594166666668 12.136881666666667,79.34511833333333,79.34511833333333 12.138903333333333,79.34429666666665,79.34429666666665 12.140925,79.343475,79.343475 12.142945000000001,79.34265166666667,79.34265166666667 12.144958333333335,79.34182999999999,79.34182999999999 12.146971666666666,79.34100666666667,79.34100666666667 12.148983333333335,79.34018333333333,79.34018333333333 12.151,79.33936166666668,79.33936166666668 12.153013333333334,79.33853833333332,79.33853833333332 12.155028333333332,79.33771666666667,79.33771666666667 12.157043333333334,79.33689500000001,79.33689500000001 12.159056666666668,79.33607333333333,79.33607333333333 12.161075,79.33525333333334,79.33525333333334 12.163103333333332,79.33443333333334,79.33443333333334 12.165141666666667,79.33361666666667,79.33361666666667 12.167188333333335,79.33279833333334,79.33279833333334 12.169246666666668,79.33198333333334,79.33198333333334 12.171326666666669,79.33117,79.33117 12.173428333333336,79.33035833333334,79.33035833333334 12.175538333333334,79.32954833333332,79.32954833333332 12.177655,79.32873833333333,79.32873833333333 12.179784999999999,79.32792833333332,79.32792833333332 12.181918333333332,79.32712,79.32712 12.18405,79.32631166666665,79.32631166666665 12.186188333333334,79.32550500000002,79.32550500000002 12.188329999999999,79.32469666666667,79.32469666666667 12.190468333333333,79.32388833333333,79.32388833333333 12.192606666666665,79.32308,79.32308 12.194745,79.32226833333335,79.32226833333335 12.196873333333333,79.32145666666668,79.32145666666668 12.19899,79.32064000000001,79.32064000000001 12.201095000000002,79.31982333333335,79.31982333333335 12.203188333333332,79.31900333333333,79.31900333333333 12.205268333333333,79.31817999999998,79.31817999999998 12.207335,79.31735666666667,79.31735666666667 12.209396666666665,79.31653166666668,79.31653166666668 12.211446666666667,79.31570666666667,79.31570666666667 12.213478333333335,79.31488166666666,79.31488166666666 12.215493333333333,79.31405500000001,79.31405500000001 12.217495,79.31322833333334,79.31322833333334 12.219476666666667,79.31240166666666,79.31240166666666 12.221438333333333,79.31157666666665,79.31157666666665 12.223391666666664,79.31075166666665,79.31075166666665 12.225333333333332,79.30992833333333,79.30992833333333 12.227258333333337,79.309105,79.309105 12.229171666666664,79.30828333333335,79.30828333333335 12.231081666666668,79.30746166666667,79.30746166666667 12.232990000000001,79.30663999999999,79.30663999999999 12.234896666666668,79.30582,79.30582 12.236794999999997,79.30499833333333,79.30499833333333 12.238684999999998,79.30417666666668,79.30417666666668 12.240568333333332,79.30335666666666,79.30335666666666 12.242441666666666,79.30253666666667,79.30253666666667 12.244301666666669,79.30171666666668,79.30171666666668 12.246156666666666,79.30089833333332,79.30089833333332 12.248005000000001,79.30008,79.30008 12.249848333333334,79.29926499999999,79.29926499999999 12.251688333333334,79.29844999999999,79.29844999999999 12.253523333333332,79.29763666666665,79.29763666666665 12.255356666666668,79.29682333333334,79.29682333333334 12.257185,79.29601166666666,79.29601166666666 12.259011666666668,79.29520333333333,79.29520333333333 12.260831666666665,79.29439333333333,79.29439333333333 12.262646666666667,79.29358333333332,79.29358333333332 12.264461666666667,79.29277333333333,79.29277333333333 12.26628,79.29196333333334,79.29196333333334 12.268101666666668,79.29115333333333,79.29115333333333 12.269925,79.29034166666666,79.29034166666666 12.271748333333335,79.28952833333332,79.28952833333332 12.273573333333331,79.28871500000001,79.28871500000001 12.275396666666664,79.28790166666667,79.28790166666667 12.277218333333332,79.28708666666667,79.28708666666667 12.279036666666665,79.28627166666666,79.28627166666666 12.280855,79.28545666666666,79.28545666666666 12.282671666666667,79.28464166666666,79.28464166666666 12.284485,79.28382833333335,79.28382833333335 12.286301666666668,79.283015,79.283015 12.28813,79.28220333333334,79.28220333333334 12.289968333333336,79.28139333333333,79.28139333333333 12.291808333333332,79.280585,79.280585 12.293661666666667,79.27978,79.27978 12.29552666666667,79.27897666666665,79.27897666666665 12.297405,79.278175,79.278175 12.299296666666665,79.277375,79.277375 12.301198333333334,79.27657833333333,79.27657833333333 12.303111666666668,79.27578166666667,79.27578166666667 12.305041666666668,79.27498666666666,79.27498666666666 12.306986666666669,79.27419499999998,79.27419499999998 12.308936666666666,79.27340166666666,79.27340166666666 12.310895000000002,79.27261,79.27261 12.312866666666665,79.27181999999999,79.27181999999999 12.314841666666666,79.27103166666667,79.27103166666667 12.316815,79.27024166666666,79.27024166666666 12.318795,79.26945166666667,79.26945166666667 12.320779999999997,79.26866333333334,79.26866333333334 12.322763333333334,79.26787333333334,79.26787333333334 12.32475166666667,79.26708500000001,79.26708500000001 12.326746666666669,79.26629500000001,79.26629500000001 12.328749999999998,79.26550666666668,79.26550666666668 12.330756666666666,79.26471833333335,79.26471833333335 12.332763333333332,79.26392833333333,79.26392833333333 12.334771666666667,79.26314000000002,79.26314000000002 12.336781666666667,79.26235,79.26235 12.338793333333335,79.26156,79.26156 12.340806666666667,79.26077000000001,79.26077000000001 12.342819999999998,79.25997999999998,79.25997999999998 12.344831666666666,79.25918833333333,79.25918833333333 12.346841666666666,79.25839833333333,79.25839833333333 12.348851666666667,79.257605,79.257605 12.350856666666667,79.25681333333334,79.25681333333334 12.352863333333335,79.25602000000002,79.25602000000002 12.354876666666666,79.25522666666667,79.25522666666667 12.356895000000002,79.25443499999999,79.25443499999999 12.358906666666666,79.25364499999999,79.25364499999999 12.36092,79.25285333333333,79.25285333333333 12.362939999999998,79.25206499999999,79.25206499999999 12.36496,79.25127666666667,79.25127666666667 12.366981666666666,79.25048833333334,79.25048833333334 12.369005000000001,79.2497,79.2497 12.371033333333331,79.24891333333333,79.24891333333333 12.373069999999998,79.24812833333333,79.24812833333333 12.375105000000001,79.24734333333335,79.24734333333335 12.377126666666667,79.24655833333334,79.24655833333334 12.379136666666668,79.24577333333333,79.24577333333333 12.381146666666666,79.24498833333335,79.24498833333335 12.383150000000002,79.24420333333335,79.24420333333335 12.385148333333332,79.24341833333334,79.24341833333334 12.387141666666665,79.24263166666667,79.24263166666667 12.38913,79.24184666666666,79.24184666666666 12.391113333333331,79.24105833333333,79.24105833333333 12.393093333333336,79.24026833333333,79.24026833333333 12.395064999999999,79.23947833333334,79.23947833333334 12.397029999999999,79.23868666666668,79.23868666666668 12.398986666666667,79.23789333333333,79.23789333333333 12.400934999999999,79.23709999999998,79.23709999999998 12.40287666666667,79.23630333333334,79.23630333333334 12.404808333333335,79.23550666666668,79.23550666666668 12.40672666666667,79.23470666666668,79.23470666666668 12.408630000000002,79.23390333333334,79.23390333333334 12.410518333333334,79.23309833333333,79.23309833333333 12.412398333333334,79.23229166666667,79.23229166666667 12.41427333333333,79.23148166666668,79.23148166666668 12.416135,79.23067166666667,79.23067166666667 12.417991666666667,79.22985833333334,79.22985833333334 12.419853333333332,79.22904666666666,79.22904666666666 12.421714999999999,79.22823499999998,79.22823499999998 12.423576666666667,79.22742166666667,79.22742166666667 12.425454999999998,79.22660833333333,79.22660833333333 12.427341666666665,79.22579666666668,79.22579666666668 12.429235000000002,79.22498333333334,79.22498333333334 12.431136666666664,79.22417,79.22417 12.433041666666668,79.22335666666666,79.22335666666666 12.43495333333333,79.22254166666667,79.22254166666667 12.436868333333335,79.22172666666667,79.22172666666667 12.438788333333333,79.22091166666667,79.22091166666667 12.440714999999999,79.220095,79.220095 12.442643333333335,79.21927833333332,79.21927833333332 12.444569999999999,79.21846000000001,79.21846000000001 12.446499999999999,79.21764166666667,79.21764166666667 12.448433333333332,79.21682166666668,79.21682166666668 12.450364999999998,79.21600333333335,79.21600333333335 12.452295,79.21518166666667,79.21518166666667 12.454225,79.21436000000001,79.21436000000001 12.456151666666665,79.21353833333333,79.21353833333333 12.458073333333333,79.212715,79.212715 12.459991666666667,79.21189,79.21189 12.461906666666666,79.21106499999999,79.21106499999999 12.46382166666667,79.21023833333334,79.21023833333334 12.465728333333333,79.20941166666667,79.20941166666667 12.46762666666667,79.20858166666667,79.20858166666667 12.469520000000001,79.20775166666667,79.20775166666667 12.471408333333333,79.20692000000001,79.20692000000001 12.473293333333334,79.20608666666668,79.20608666666668 12.47517333333333,79.20525333333335,79.20525333333335 12.477051666666668,79.20442,79.20442 12.478931666666664,79.203585,79.203585 12.480808333333336,79.20275166666667,79.20275166666667 12.482683333333332,79.20191999999999,79.20191999999999 12.48456666666667,79.20109000000001,79.20109000000001 12.486458333333331,79.20025999999999,79.20025999999999 12.488343333333333,79.19943333333335,79.19943333333335 12.490228333333334,79.19860666666666,79.19860666666666 12.492113333333334,79.19778166666666,79.19778166666666 12.493996666666666,79.19695833333334,79.19695833333334 12.495866666666664,79.19613666666667,79.19613666666667 12.49773,79.19531666666666,79.19531666666666 12.499596666666665,79.19449666666667,79.19449666666667 12.501471666666665,79.19367833333334,79.19367833333334 12.503358333333331,79.19286000000001,79.19286000000001 12.50525833333333,79.19204166666665,79.19204166666665 12.507176666666664,79.19122333333333,79.19122333333333 12.509113333333335,79.190405,79.190405 12.511066666666666,79.18958666666667,79.18958666666667 12.513031666666667,79.18876666666667,79.18876666666667 12.515015000000002,79.18794833333334,79.18794833333334 12.517015,79.18712833333335,79.18712833333335 12.519025000000001,79.18630999999999,79.18630999999999 12.521040000000003,79.18549166666666,79.18549166666666 12.523066666666669,79.184675,79.184675 12.525100000000002,79.18385833333333,79.18385833333333 12.527136666666669,79.18304166666667,79.18304166666667 12.529171666666665,79.18222666666666,79.18222666666666 12.531203333333336,79.18141166666666,79.18141166666666 12.533234999999998,79.18059833333335,79.18059833333335 12.535271666666665,79.17978499999998,79.17978499999998 12.537305,79.17897166666667,79.17897166666667 12.539335000000003,79.17815833333334,79.17815833333334 12.541363333333335,79.177345,79.177345 12.543398333333336,79.17653166666666,79.17653166666666 12.545438333333333,79.17571833333332,79.17571833333332 12.54748,79.17490333333332,79.17490333333332 12.549519999999998,79.17408833333334,79.17408833333334 12.551565000000002,79.17327166666668,79.17327166666668 12.553608333333333,79.17245500000001,79.17245500000001 12.55565333333333,79.17163833333335,79.17163833333335 12.557693333333335,79.17081999999999,79.17081999999999 12.559723333333334,79.17000166666666,79.17000166666666 12.56175,79.16918333333334,79.16918333333334 12.563778333333333,79.16836666666667,79.16836666666667 12.565800000000003,79.16754999999999,79.16754999999999 12.56781,79.16673166666666,79.16673166666666 12.569813333333332,79.165915,79.165915 12.571814999999999,79.16509666666667,79.16509666666667 12.573803333333332,79.16427833333334,79.16427833333334 12.575783333333334,79.16345833333332,79.16345833333332 12.577756666666668,79.16263833333333,79.16263833333333 12.579714999999998,79.16181833333334,79.16181833333334 12.581656666666666,79.16099833333332,79.16099833333332 12.583586666666669,79.16017666666667,79.16017666666667 12.585498333333332,79.15935666666667,79.15935666666667 12.587393333333335,79.15853666666668,79.15853666666668 12.589273333333331,79.15771833333332,79.15771833333332 12.591146666666669,79.1569,79.1569 12.593018333333335,79.15608333333333,79.15608333333333 12.594890000000001,79.15527000000002,79.15527000000002 12.596770000000001,79.15445833333334,79.15445833333334 12.598656666666667,79.15364833333334,79.15364833333334 12.600541666666667,79.15283999999998,79.15283999999998 12.602428333333332,79.15203166666666,79.15203166666666 12.604316666666668,79.15122666666666,79.15122666666666 12.606203333333335,79.15042166666667,79.15042166666667 12.608091666666667,79.14962,79.14962 12.609978333333334,79.14881833333334,79.14881833333334 12.611865000000002,79.14801666666668,79.14801666666668 12.613755,79.14721833333333,79.14721833333333 12.615644999999999,79.14641999999999,79.14641999999999 12.61754,79.14562333333333,79.14562333333333 12.619445,79.14482833333332,79.14482833333332 12.621361666666665,79.144035,79.144035 12.62328666666667,79.14324333333334,79.14324333333334 12.625221666666667,79.14245166666666,79.14245166666666 12.62716,79.14166,79.14166 12.629103333333335,79.14086666666667,79.14086666666667 12.631051666666668,79.14007333333335,79.14007333333335 12.633001666666667,79.13927666666667,79.13927666666667 12.634954999999998,79.13848,79.13848 12.636911666666666,79.13768333333334,79.13768333333334 12.638863333333331,79.13688333333332,79.13688333333332 12.640806666666668,79.13608166666667,79.13608166666667 12.642744999999998,79.13527999999998,79.13527999999998 12.644678333333331,79.13447666666667,79.13447666666667 12.646601666666667,79.13367333333335,79.13367333333335 12.648513333333334,79.13286666666666,79.13286666666666 12.650421666666666,79.13206,79.13206 12.652321666666667,79.13125166666666,79.13125166666666 12.654208333333335,79.13044166666667,79.13044166666667 12.656093333333333,79.12963166666668,79.12963166666668 12.65798,79.12882,79.12882 12.659868333333335,79.12800833333334,79.12800833333334 12.661756666666667,79.127195,79.127195 12.663648333333335,79.12638333333332,79.12638333333332 12.665541666666666,79.12557166666667,79.12557166666667 12.667435,79.12475833333333,79.12475833333333 12.66932833333333,79.12394499999999,79.12394499999999 12.67122166666667,79.12313166666665,79.12313166666665 12.673113333333331,79.12231666666668,79.12231666666668 12.674999999999999,79.12150166666667,79.12150166666667 12.676881666666667,79.12068666666667,79.12068666666667 12.678753333333336,79.11987,79.11987 12.680616666666666,79.11905000000002,79.11905000000002 12.682468333333336,79.11823,79.11823 12.684313333333334,79.11740833333334,79.11740833333334 12.68615,79.116585,79.116585 12.687980000000001,79.11576000000001,79.11576000000001 12.68980666666667,79.114935,79.114935 12.691631666666668,79.11411,79.11411 12.693449999999999,79.113285,79.113285 12.695265,79.11246,79.11246 12.69708166666667,79.11163333333333,79.11163333333333 12.6989,79.11080666666668,79.11080666666668 12.700723333333334,79.10997833333332,79.10997833333332 12.702546666666667,79.10914833333334,79.10914833333334 12.704369999999997,79.10831666666665,79.10831666666665 12.706196666666665,79.10748500000001,79.10748500000001 12.708025000000001,79.10665166666666,79.10665166666666 12.709849999999998,79.10581833333333,79.10581833333333 12.711676666666664,79.10498333333334,79.10498333333334 12.713505,79.10414666666667,79.10414666666667 12.71533,79.10330999999998,79.10330999999998 12.717154999999998,79.10247333333335,79.10247333333335 12.718981666666666,79.10163666666668,79.10163666666668 12.720804999999999,79.10079999999999,79.10079999999999 12.722628333333333,79.09996333333333,79.09996333333333 12.724450000000001,79.09912500000002,79.09912500000002 12.726265000000001,79.09828833333333,79.09828833333333 12.728075,79.09745333333332,79.09745333333332 12.72988,79.09661666666666,79.09661666666666 12.731685,79.09578333333334,79.09578333333334 12.733483333333332,79.09495000000001,79.09495000000001 12.735273333333334,79.09411666666668,79.09411666666668 12.737056666666668,79.093285,79.093285 12.738831666666666,79.09245333333332,79.09245333333332 12.740595,79.09162166666667,79.09162166666667 12.742348333333332,79.09079,79.09079 12.744095000000002,79.08995833333333,79.08995833333333 12.745831666666668,79.08912666666667,79.08912666666667 12.747571666666666,79.08829333333334,79.08829333333334 12.74929,79.08746166666666,79.08746166666666 12.751013333333331,79.08663000000001,79.08663000000001 12.752739999999998,79.08579833333333,79.08579833333333 12.754465,79.08496833333335,79.08496833333335 12.756196666666664,79.08413833333333,79.08413833333333 12.757941666666667,79.08330833333332,79.08330833333332 12.759693333333335,79.08247999999999,79.08247999999999 12.761455,79.08165166666667,79.08165166666667 12.763226666666666,79.08082166666665,79.08082166666665 12.765013333333332,79.07999166666667,79.07999166666667 12.76682,79.07916166666668,79.07916166666668 12.768648333333331,79.07833166666667,79.07833166666667 12.770495000000002,79.07749999999999,79.07749999999999 12.772363333333331,79.07666833333332,79.07666833333332 12.774241666666668,79.07583666666666,79.07583666666666 12.776128333333336,79.07500166666667,79.07500166666667 12.778023333333332,79.07416666666667,79.07416666666667 12.77992333333333,79.07333,79.07333 12.781821666666668,79.07249166666668,79.07249166666668 12.783728333333332,79.07165166666667,79.07165166666667 12.785636666666667,79.07081333333335,79.07081333333335 12.787545,79.06997333333334,79.06997333333334 12.789451666666666,79.069135,79.069135 12.791361666666667,79.06829833333332,79.06829833333332 12.793268333333334,79.06746333333335,79.06746333333335 12.79517333333333,79.06663,79.06663 12.797078333333333,79.06579833333333,79.06579833333333 12.798983333333334,79.06496999999999,79.06496999999999 12.800888333333335,79.06414499999998,79.06414499999998 12.802793333333334,79.06332166666667,79.06332166666667 12.804703333333334,79.06250166666668,79.06250166666668 12.806626666666666,79.06168500000001,79.06168500000001 12.808588333333335,79.06087166666667,79.06087166666667 12.810588333333332,79.06006166666666,79.06006166666666 12.812611666666664,79.05925333333333,79.05925333333333 12.81466666666667,79.05844999999998,79.05844999999998 12.816765,79.05764833333333,79.05764833333333 12.818898333333333,79.05685166666666,79.05685166666666 12.821061666666667,79.05605833333334,79.05605833333334 12.823246666666666,79.05526666666665,79.05526666666665 12.82546166666667,79.05447833333332,79.05447833333332 12.82769666666667,79.05369166666665,79.05369166666665 12.829945000000002,79.05290666666667,79.05290666666667 12.832201666666666,79.05212333333333,79.05212333333333 12.834443333333335,79.05133833333332,79.05133833333332 12.836673333333332,79.05055333333334,79.05055333333334 12.838903333333333,79.04976833333333,79.04976833333333 12.841129999999998,79.04898499999999,79.04898499999999 12.843348333333331,79.0482,79.0482 12.845558333333335,79.04741666666668,79.04741666666668 12.847758333333335,79.04663333333333,79.04663333333333 12.84994,79.04584833333332,79.04584833333332 12.852108333333335,79.04506166666668,79.04506166666668 12.854265000000002,79.04427666666668,79.04427666666668 12.856410000000002,79.04349166666667,79.04349166666667 12.858548333333333,79.04270666666666,79.04270666666666 12.860679999999997,79.04191999999999,79.04191999999999 12.862798333333336,79.041135,79.041135 12.864905,79.04034999999999,79.04034999999999 12.866998333333333,79.03956333333335,79.03956333333335 12.869078333333334,79.03877666666668,79.03877666666668 12.871143333333334,79.03798833333335,79.03798833333335 12.87319666666667,79.03719833333332,79.03719833333332 12.875240000000002,79.03640833333333,79.03640833333333 12.877271666666664,79.03561833333333,79.03561833333333 12.879298333333335,79.03482666666667,79.03482666666667 12.881318333333336,79.034035,79.034035 12.883333333333333,79.03324333333335,79.03324333333335 12.885341666666667,79.03245166666669,79.03245166666669 12.88734,79.03165833333334,79.03165833333334 12.889326666666665,79.03086499999999,79.03086499999999 12.891300000000003,79.03006833333333,79.03006833333333 12.893251666666668,79.02927166666666,79.02927166666666 12.895181666666668,79.02847166666666,79.02847166666666 12.89709333333333,79.02767166666665,79.02767166666665 12.89898166666667,79.02686833333333,79.02686833333333 12.900845,79.02606500000002,79.02606500000002 12.902685,79.02525999999999,79.02525999999999 12.90450333333333,79.02445166666665,79.02445166666665 12.9063,79.02364333333333,79.02364333333333 12.908076666666666,79.02283333333334,79.02283333333334 12.909838333333335,79.022025,79.022025 12.911588333333334,79.02121499999998,79.02121499999998 12.913326666666668,79.02040333333333,79.02040333333333 12.915056666666665,79.01959166666668,79.01959166666668 12.916776666666665,79.01877833333334,79.01877833333334 12.918484999999999,79.01796333333334,79.01796333333334 12.920185,79.01714666666668,79.01714666666668 12.921873333333334,79.01632666666666,79.01632666666666 12.923545000000003,79.015505,79.015505 12.925203333333332,79.01468166666666,79.01468166666666 12.926843333333332,79.01385666666667,79.01385666666667 12.928463333333331,79.01303,79.01303 12.93006,79.01220333333333,79.01220333333333 12.931640000000002,79.01137499999999,79.01137499999999 12.933193333333335,79.010545,79.010545 12.934726666666666,79.00971333333335,79.00971333333335 12.936258333333333,79.00888166666667,79.00888166666667 12.937800000000001,79.00805,79.00805 12.93937,79.00722,79.00722 12.940976666666664,79.00639,79.00639 12.942624999999998,79.00556333333333,79.00556333333333 12.944313333333332,79.00474,79.00474 12.946041666666666,79.00391666666665,79.00391666666665 12.947801666666667,79.00309666666666,79.00309666666666 12.949591666666668,79.00227833333334,79.00227833333334 12.95141,79.00146166666667,79.00146166666667 12.953249999999999,79.00064666666667,79.00064666666667 12.955106666666664,78.99983333333331,78.99983333333331 12.95698,78.99902166666666,78.99902166666666 12.958874999999999,78.99821333333334,78.99821333333334 12.960775000000002,78.997405,78.997405 12.962678333333335,78.99659666666668,78.99659666666668 12.964578333333334,78.99579000000001,78.99579000000001 12.966453333333334,78.99498166666667,78.99498166666667 12.968298333333331,78.99417333333335,78.99417333333335 12.970126666666665,78.99336333333333,78.99336333333333 12.971941666666666,78.99255333333335,78.99255333333335 12.973745,78.99174333333333,78.99174333333333 12.975538333333335,78.990935,78.990935 12.977321666666668,78.99012666666667,78.99012666666667 12.979101666666669,78.98931833333334,78.98931833333334 12.980876666666667,78.98850833333333,78.98850833333333 12.982651666666667,78.98769666666666,78.98769666666666 12.984431666666667,78.98688333333332,78.98688333333332 12.986211666666668,78.98607000000001,78.98607000000001 12.987995000000002,78.98525500000001,78.98525500000001 12.989783333333332,78.98444,78.98444 12.991576666666667,78.983625,78.983625 12.993369999999999,78.98280833333334,78.98280833333334 12.995166666666668,78.98199166666667,78.98199166666667 12.996965,78.98117500000001,78.98117500000001 12.998766666666665,78.98035833333334,78.98035833333334 13.000571666666668,78.97954166666668,78.97954166666668 13.002378333333336,78.97872500000001,78.97872500000001 13.004185,78.97790833333335,78.97790833333335 13.005989999999999,78.97708999999999,78.97708999999999 13.007793333333334,78.97627333333332,78.97627333333332 13.0096,78.975455,78.975455 13.011410000000001,78.97463666666665,78.97463666666665 13.013223333333334,78.97381666666666,78.97381666666666 13.015036666666667,78.97299500000001,78.97299500000001 13.016853333333332,78.97217333333333,78.97217333333333 13.018673333333332,78.97134999999999,78.97134999999999 13.020498333333334,78.97052666666667,78.97052666666667 13.022328333333332,78.96970333333334,78.96970333333334 13.024159999999998,78.96887833333334,78.96887833333334 13.025993333333334,78.96805333333333,78.96805333333333 13.027826666666666,78.96723,78.96723 13.029661666666666,78.966405,78.966405 13.031496666666667,78.96557999999999,78.96557999999999 13.033330000000001,78.96475666666667,78.96475666666667 13.035163333333333,78.96393166666668,78.96393166666668 13.036995000000001,78.96310833333334,78.96310833333334 13.038826666666667,78.962285,78.962285 13.040661666666665,78.96146333333333,78.96146333333333 13.042503333333332,78.96064166666667,78.96064166666667 13.04434666666667,78.95982000000002,78.95982000000002 13.046186666666665,78.95899833333334,78.95899833333334 13.048030000000002,78.95817666666666,78.95817666666666 13.049876666666666,78.957355,78.957355 13.051725,78.95653333333334,78.95653333333334 13.053571666666668,78.95571333333335,78.95571333333335 13.055421666666668,78.95489333333333,78.95489333333333 13.057273333333333,78.954075,78.954075 13.059128333333334,78.95325500000001,78.95325500000001 13.060991666666666,78.95243833333335,78.95243833333335 13.062876666666666,78.95162333333332,78.95162333333332 13.064776666666667,78.95081,78.95081 13.066685,78.94999833333333,78.94999833333333 13.068615,78.94918833333334,78.94918833333334 13.070565,78.94838,78.94838 13.072528333333333,78.94757333333334,78.94757333333334 13.074506666666666,78.94676666666668,78.94676666666668 13.076505000000001,78.94596499999999,78.94596499999999 13.078523333333331,78.94516333333334,78.94516333333334 13.080554999999999,78.94436333333334,78.94436333333334 13.082605000000001,78.943565,78.943565 13.084671666666667,78.94276833333335,78.94276833333335 13.086748333333334,78.94197166666665,78.94197166666665 13.08883,78.94117833333333,78.94117833333333 13.090898333333334,78.94038166666667,78.94038166666667 13.092936666666667,78.939585,78.939585 13.094946666666665,78.938785,78.938785 13.096921666666665,78.93798500000001,78.93798500000001 13.098866666666666,78.93718333333332,78.93718333333332 13.100785,78.93638166666668,78.93638166666668 13.102685000000001,78.93557999999999,78.93557999999999 13.104564999999997,78.93477666666665,78.93477666666665 13.106431666666667,78.93397333333333,78.93397333333333 13.108286666666668,78.93316833333333,78.93316833333333 13.110134999999998,78.93236166666667,78.93236166666667 13.111976666666665,78.93155333333333,78.93155333333333 13.113801666666665,78.93074333333334,78.93074333333334 13.115616666666666,78.92993166666666,78.92993166666666 13.117426666666667,78.92912000000001,78.92912000000001 13.119231666666666,78.92830666666667,78.92830666666667 13.121031666666665,78.92749166666667,78.92749166666667 13.122825,78.92667666666667,78.92667666666667 13.124614999999997,78.92586166666666,78.92586166666666 13.126401666666668,78.92504666666667,78.92504666666667 13.128183333333332,78.92423166666667,78.92423166666667 13.129960000000002,78.92341666666667,78.92341666666667 13.131730000000001,78.9226,78.9226 13.133506666666664,78.92178333333332,78.92178333333332 13.135291666666667,78.92096833333333,78.92096833333333 13.137078333333335,78.92015333333333,78.92015333333333 13.13887,78.91933833333333,78.91933833333333 13.140666666666668,78.91852166666666,78.91852166666666 13.142469999999998,78.91770333333334,78.91770333333334 13.144276666666666,78.91688333333333,78.91688333333333 13.146085000000001,78.91606000000002,78.91606000000002 13.147891666666666,78.91523500000001,78.91523500000001 13.149695,78.91440833333333,78.91440833333333 13.151498333333334,78.91358166666669,78.91358166666669 13.15329833333333,78.91275333333333,78.91275333333333 13.155096666666669,78.91192500000001,78.91192500000001 13.156901666666668,78.91109499999999,78.91109499999999 13.158708333333335,78.91026666666667,78.91026666666667 13.160521666666668,78.90944,78.90944 13.162334999999999,78.908615,78.908615 13.164146666666666,78.90779166666667,78.90779166666667 13.165956666666668,78.90696833333332,78.90696833333332 13.167761666666669,78.90614666666667,78.90614666666667 13.169561666666667,78.90532499999999,78.90532499999999 13.171363333333332,78.90450666666666,78.90450666666666 13.173164999999997,78.90368833333333,78.90368833333333 13.174968333333334,78.90287333333333,78.90287333333333 13.17677333333333,78.90205666666667,78.90205666666667 13.178583333333332,78.90124166666666,78.90124166666666 13.180394999999999,78.90042833333332,78.90042833333332 13.182211666666667,78.89961499999998,78.89961499999998 13.18403666666667,78.89880000000001,78.89880000000001 13.185868333333334,78.89798666666667,78.89798666666667 13.187710000000001,78.89717499999999,78.89717499999999 13.189561666666668,78.89636166666665,78.89636166666665 13.191421666666667,78.89555,78.89555 13.193286666666665,78.89473833333334,78.89473833333334 13.195155000000002,78.89392833333332,78.89392833333332 13.197020000000002,78.89311833333333,78.89311833333333 13.198878333333333,78.89230666666668,78.89230666666668 13.200735000000002,78.89149666666667,78.89149666666667 13.202586666666665,78.89068666666667,78.89068666666667 13.20444,78.88987666666668,78.88987666666668 13.206291666666667,78.88906833333333,78.88906833333333 13.208138333333334,78.88826,78.88826 13.209978333333334,78.88745166666666,78.88745166666666 13.211813333333334,78.886645,78.886645 13.213648333333332,78.88583833333334,78.88583833333334 13.215475,78.88503166666666,78.88503166666666 13.217298333333332,78.88422666666666,78.88422666666666 13.219114999999999,78.88342166666666,78.88342166666666 13.220928333333331,78.88261833333331,78.88261833333331 13.222738333333332,78.88181333333334,78.88181333333334 13.224543333333335,78.88100999999999,78.88100999999999 13.226343333333334,78.88020833333334,78.88020833333334 13.228138333333336,78.87940499999999,78.87940499999999 13.229930000000001,78.87860333333334,78.87860333333334 13.231716666666667,78.8778,78.8778 13.233500000000001,78.87699833333332,78.87699833333332 13.235278333333335,78.87619666666666,78.87619666666666 13.237053333333334,78.87539500000001,78.87539500000001 13.238825,78.87459333333332,78.87459333333332 13.240591666666669,78.87379166666668,78.87379166666668 13.242356666666668,78.87299166666668,78.87299166666668 13.244118333333331,78.87219333333334,78.87219333333334 13.245876666666668,78.87139499999999,78.87139499999999 13.247631666666667,78.87059833333332,78.87059833333332 13.249384999999998,78.86980333333332,78.86980333333332 13.251138333333332,78.86901,78.86901 13.252886666666665,78.86821833333335,78.86821833333335 13.254631666666668,78.86743000000001,78.86743000000001 13.256376666666664,78.86664166666665,78.86664166666665 13.258124999999998,78.86585500000001,78.86585500000001 13.259871666666665,78.86507166666667,78.86507166666667 13.261613333333331,78.86428666666667,78.86428666666667 13.263349999999999,78.86350499999999,78.86350499999999 13.265090000000002,78.86272333333334,78.86272333333334 13.266836666666666,78.86194333333334,78.86194333333334 13.268588333333332,78.86116333333332,78.86116333333332 13.27035,78.86038500000001,78.86038500000001 13.27212,78.85960666666668,78.85960666666668 13.273896666666667,78.85882833333334,78.85882833333334 13.275675,78.85805,78.85805 13.27746,78.85727166666668,78.85727166666668 13.279255,78.85649333333333,78.85649333333333 13.281056666666665,78.855715,78.855715 13.282860000000001,78.85493666666667,78.85493666666667 13.284661666666667,78.85415666666667,78.85415666666667 13.286458333333334,78.85337500000001,78.85337500000001 13.288253333333333,78.85259166666667,78.85259166666667 13.290046666666667,78.85180833333335,78.85180833333335 13.291841666666667,78.85102333333332,78.85102333333332 13.293635,78.85023833333334,78.85023833333334 13.295428333333332,78.84945166666667,78.84945166666667 13.297220000000001,78.848665,78.848665 13.299011666666669,78.84787833333333,78.84787833333333 13.300801666666667,78.84709166666667,78.84709166666667 13.30259,78.84630333333332,78.84630333333332 13.304376666666668,78.84551499999999,78.84551499999999 13.306156666666668,78.84472666666667,78.84472666666667 13.307929999999997,78.84393833333334,78.84393833333334 13.309695,78.84314833333333,78.84314833333333 13.31145166666667,78.84235833333334,78.84235833333334 13.313196666666666,78.84156666666665,78.84156666666665 13.314936666666664,78.840775,78.840775 13.316675000000002,78.83998333333334,78.83998333333334 13.318408333333332,78.83919166666665,78.83919166666665 13.320135,78.83839833333333,78.83839833333333 13.321861666666665,78.837605,78.837605 13.323583333333334,78.83681166666668,78.83681166666668 13.325305,78.83601999999999,78.83601999999999 13.327020000000001,78.83522666666667,78.83522666666667 13.328731666666666,78.83443333333332,78.83443333333332 13.33044,78.83364,78.83364 13.332141666666667,78.83284833333333,78.83284833333333 13.333834999999999,78.83205333333335,78.83205333333335 13.335521666666668,78.83126,78.83126 13.337201666666665,78.83046666666668,78.83046666666668 13.338876666666664,78.82967333333333,78.82967333333333 13.340535000000001,78.82887833333334,78.82887833333334 13.342171666666665,78.82808333333335,78.82808333333335 13.343788333333336,78.82728833333334,78.82728833333334 13.345386666666666,78.82649166666667,78.82649166666667 13.346969999999999,78.82569500000001,78.82569500000001 13.348541666666664,78.82489833333334,78.82489833333334 13.350101666666669,78.82410333333333,78.82410333333333 13.351661666666665,78.82330666666667,78.82330666666667 13.353233333333334,78.82251333333335,78.82251333333335 13.35482,78.82172,78.82172 13.356419999999998,78.82092833333331,78.82092833333331 13.358036666666667,78.820135,78.820135 13.359670000000003,78.81934333333334,78.81934333333334 13.361318333333335,78.81855166666666,78.81855166666666 13.362983333333334,78.81775833333334,78.81775833333334 13.36467,78.81696333333333,78.81696333333333 13.36637666666667,78.81616666666666,78.81616666666666 13.368105,78.81537,78.81537 13.369853333333333,78.81457166666667,78.81457166666667 13.371615000000002,78.81377166666667,78.81377166666667 13.373395000000002,78.81297166666666,78.81297166666666 13.375186666666666,78.81217166666666,78.81217166666666 13.376993333333333,78.81137000000001,78.81137000000001 13.37881,78.81057000000001,78.81057000000001 13.380638333333332,78.80977,78.80977 13.382478333333331,78.80897,78.80897 13.384336666666666,78.80817,78.80817 13.386213333333334,78.80737166666665,78.80737166666665 13.388103333333335,78.80657500000001,78.80657500000001 13.390001666666668,78.80577666666666,78.80577666666666 13.3919,78.80497833333335,78.80497833333335 13.393794999999999,78.80417833333333,78.80417833333333 13.395685,78.80337666666665,78.80337666666665 13.397571666666666,78.80257333333333,78.80257333333333 13.399458333333333,78.80176833333333,78.80176833333333 13.401346666666665,78.80096499999999,78.80096499999999 13.403243333333334,78.80016,78.80016 13.405145000000001,78.79935666666667,78.79935666666667 13.407048333333334,78.79855166666665,78.79855166666665 13.408946666666669,78.79774666666668,78.79774666666668 13.41084,78.79694166666667,78.79694166666667 13.412733333333332,78.796135,78.796135 13.414619999999998,78.79533,78.79533 13.416498333333335,78.79452333333333,78.79452333333333 13.418368333333335,78.793715,78.793715 13.420240000000002,78.79290833333334,78.79290833333334 13.422104999999998,78.79210166666667,78.79210166666667 13.423963333333331,78.79129333333334,78.79129333333334 13.425815000000002,78.79048333333333,78.79048333333333 13.427653333333335,78.78967166666668,78.78967166666668 13.429471666666666,78.78885833333334,78.78885833333334 13.431273333333335,78.78804333333333,78.78804333333333 13.433066666666665,78.78722666666667,78.78722666666667 13.434849999999999,78.78640833333334,78.78640833333334 13.436618333333335,78.78558666666666,78.78558666666666 13.438376666666667,78.78476333333332,78.78476333333332 13.440128333333334,78.78394,78.78394 13.441876666666667,78.78311500000001,78.78311500000001 13.443625,78.78229,78.78229 13.445375000000002,78.781465,78.781465 13.447128333333335,78.78064,78.78064 13.448884999999999,78.77981666666666,78.77981666666666 13.450643333333334,78.77899166666666,78.77899166666666 13.452406666666665,78.77816833333333,78.77816833333333 13.454176666666667,78.77734500000001,78.77734500000001 13.45595,78.77652333333333,78.77652333333333 13.457728333333334,78.77570000000001,78.77570000000001 13.459508333333334,78.77487833333333,78.77487833333333 13.461286666666668,78.77405833333334,78.77405833333334 13.463066666666668,78.77323833333334,78.77323833333334 13.464846666666666,78.77242000000001,78.77242000000001 13.466626666666667,78.77160166666665,78.77160166666665 13.468403333333333,78.77078499999999,78.77078499999999 13.470180000000001,78.76996833333332,78.76996833333332 13.47195,78.76915166666666,78.76915166666666 13.473713333333334,78.768335,78.768335 13.475468333333332,78.76751833333333,78.76751833333333 13.477209999999998,78.76670166666666,78.76670166666666 13.478936666666666,78.76588333333333,78.76588333333333 13.480648333333335,78.76506333333334,78.76506333333334 13.482341666666665,78.76424166666666,78.76424166666666 13.484011666666667,78.76341833333333,78.76341833333333 13.485656666666667,78.76259166666667,78.76259166666667 13.487276666666666,78.761765,78.761765 13.488874999999998,78.76093500000002,78.76093500000002 13.49046333333333,78.760105,78.760105 13.492046666666667,78.75927666666668,78.75927666666668 13.493631666666667,78.75844666666666,78.75844666666666 13.495233333333331,78.75761833333334,78.75761833333334 13.496846666666665,78.75679333333333,78.75679333333333 13.498478333333333,78.75596833333333,78.75596833333333 13.500131666666666,78.75514666666666,78.75514666666666 13.501799999999998,78.75432666666667,78.75432666666667 13.503476666666666,78.75350666666668,78.75350666666668 13.505166666666664,78.75269000000002,78.75269000000002 13.506865,78.75187500000001,78.75187500000001 13.508573333333334,78.75106166666667,78.75106166666667 13.510283333333334,78.75024833333333,78.75024833333333 13.511995,78.74943666666667,78.74943666666667 13.513706666666668,78.74862499999999,78.74862499999999 13.515418333333333,78.74781666666667,78.74781666666667 13.517128333333336,78.74700666666665,78.74700666666665 13.518839999999999,78.7462,78.7462 13.520555000000002,78.74539333333334,78.74539333333334 13.522268333333335,78.74458833333334,78.74458833333334 13.523988333333335,78.74378166666666,78.74378166666666 13.525715,78.74297833333333,78.74297833333333 13.527440000000002,78.74217166666668,78.74217166666668 13.529166666666669,78.74136666666665,78.74136666666665 13.5309,78.74056000000002,78.74056000000002 13.532633333333333,78.73975333333333,78.73975333333333 13.534368333333335,78.73894666666668,78.73894666666668 13.53610333333333,78.73813833333332,78.73813833333332 13.537841666666669,78.73733,78.73733 13.539595,78.73652166666666,78.73652166666666 13.541369999999999,78.735715,78.735715 13.543163333333334,78.73491,78.73491 13.544981666666668,78.73410666666668,78.73410666666668 13.546821666666665,78.73330333333334,78.73330333333334 13.548680000000003,78.73249999999999,78.73249999999999 13.550558333333333,78.73169666666665,78.73169666666665 13.552453333333336,78.73089333333333,78.73089333333333 13.554368333333333,78.73009000000002,78.73009000000002 13.556303333333336,78.72928333333333,78.72928333333333 13.55826,78.72847666666665,78.72847666666665 13.560243333333336,78.72767000000002,78.72767000000002 13.562255,78.72686333333333,78.72686333333333 13.564283333333332,78.72605499999999,78.72605499999999 13.56632,78.72524666666666,78.72524666666666 13.56836333333333,78.72443833333334,78.72443833333334 13.570413333333333,78.72362833333334,78.72362833333334 13.572456666666668,78.72281833333332,78.72281833333332 13.574486666666667,78.72200666666664,78.72200666666664 13.576501666666665,78.72119333333333,78.72119333333333 13.578504999999998,78.72037833333333,78.72037833333333 13.580490000000001,78.71956166666666,78.71956166666666 13.58246,78.718745,78.718745 13.584416666666666,78.71792666666667,78.71792666666667 13.586359999999999,78.71710833333334,78.71710833333334 13.588286666666665,78.71628666666666,78.71628666666666 13.590195000000001,78.715465,78.715465 13.592088333333333,78.71464166666668,78.71464166666668 13.593961666666667,78.71381666666667,78.71381666666667 13.595815000000002,78.71298833333334,78.71298833333334 13.597656666666667,78.71216,78.71216 13.59948166666667,78.71132833333333,78.71132833333333 13.601295,78.71049666666667,78.71049666666667 13.603096666666666,78.70966333333334,78.70966333333334 13.604894999999997,78.70882999999999,78.70882999999999 13.606688333333333,78.707995,78.707995 13.608474999999999,78.70716,78.70716 13.610253333333333,78.70632333333333,78.70632333333333 13.612025000000003,78.70548500000001,78.70548500000001 13.61379,78.70464833333335,78.70464833333335 13.615545000000001,78.70380833333334,78.70380833333334 13.617291666666665,78.70296833333333,78.70296833333333 13.619028333333333,78.70212833333333,78.70212833333333 13.620759999999999,78.70128833333332,78.70128833333332 13.622485,78.70044666666665,78.70044666666665 13.6242,78.69960666666667,78.69960666666667 13.62591,78.69876833333332,78.69876833333332 13.627616666666665,78.69793,78.69793 13.62932,78.69709333333333,78.69709333333333 13.631028333333331,78.69625666666667,78.69625666666667 13.632736666666665,78.69542333333334,78.69542333333334 13.634450000000001,78.69458999999999,78.69458999999999 13.636171666666666,78.69376000000001,78.69376000000001 13.637894999999999,78.69292999999999,78.69292999999999 13.639621666666669,78.69210166666667,78.69210166666667 13.641353333333333,78.691275,78.691275 13.64309,78.69044833333334,78.69044833333334 13.644826666666667,78.68962333333334,78.68962333333334 13.646563333333331,78.68879833333334,78.68879833333334 13.648301666666669,78.68797333333333,78.68797333333333 13.65004,78.68714833333334,78.68714833333334 13.651778333333333,78.68632333333333,78.68632333333333 13.653518333333333,78.68549833333333,78.68549833333333 13.655261666666668,78.68467166666667,78.68467166666667 13.657009999999998,78.68384666666667,78.68384666666667 13.658763333333331,78.68302166666666,78.68302166666666 13.66052,78.68219833333333,78.68219833333333 13.662283333333335,78.68137333333335,78.68137333333335 13.664046666666666,78.68054999999998,78.68054999999998 13.665811666666665,78.67972666666667,78.67972666666667 13.667576666666664,78.67890166666668,78.67890166666668 13.669341666666666,78.67807833333333,78.67807833333333 13.671106666666667,78.67725333333333,78.67725333333333 13.672875,78.67643,78.67643 13.67464666666667,78.67560666666668,78.67560666666668 13.676423333333332,78.67478166666668,78.67478166666668 13.678199999999999,78.67395833333333,78.67395833333333 13.679979999999999,78.67313333333334,78.67313333333334 13.681766666666666,78.67230833333333,78.67230833333333 13.683555,78.67148333333333,78.67148333333333 13.685344999999998,78.67065666666667,78.67065666666667 13.687141666666665,78.66983,78.66983 13.688943333333336,78.66900166666666,78.66900166666666 13.690746666666668,78.66817333333333,78.66817333333333 13.692558333333334,78.66734333333333,78.66734333333333 13.694374999999999,78.66651333333333,78.66651333333333 13.696193333333333,78.66568166666666,78.66568166666666 13.698018333333334,78.66485,78.66485 13.699846666666666,78.66401833333333,78.66401833333333 13.701676666666668,78.66318500000001,78.66318500000001 13.703506666666666,78.66235333333334,78.66235333333334 13.70534166666667,78.66152,78.66152 13.707176666666665,78.66068666666666,78.66068666666666 13.709013333333331,78.65985500000001,78.65985500000001 13.710856666666665,78.65902166666667,78.65902166666667 13.712705000000001,78.65819,78.65819 13.714551666666669,78.65735833333332,78.65735833333332 13.716398333333332,78.65652666666668,78.65652666666668 13.718248333333333,78.655695,78.655695 13.720096666666667,78.65486333333332,78.65486333333332 13.721943333333336,78.65403333333333,78.65403333333333 13.723793333333335,78.65320333333335,78.65320333333335 13.725646666666666,78.65237333333333,78.65237333333333 13.727496666666664,78.65154500000001,78.65154500000001 13.729349999999998,78.65071499999999,78.65071499999999 13.731205,78.64988833333334,78.64988833333334 13.733066666666664,78.64906333333333,78.64906333333333 13.734924999999999,78.64823833333332,78.64823833333332 13.736783333333335,78.647415,78.647415 13.738645,78.64659166666668,78.64659166666668 13.740508333333333,78.64577,78.64577 13.742368333333333,78.64494833333332,78.64494833333332 13.744224999999998,78.64412666666666,78.64412666666666 13.746081666666663,78.64330666666666,78.64330666666666 13.747931666666668,78.64248500000001,78.64248500000001 13.749771666666668,78.64166333333333,78.64166333333333 13.751605,78.64084166666667,78.64084166666667 13.753431666666664,78.64001999999999,78.64001999999999 13.755246666666668,78.63919833333333,78.63919833333333 13.757056666666665,78.63837500000001,78.63837500000001 13.758864999999998,78.63755333333333,78.63755333333333 13.760661666666666,78.63673333333334,78.63673333333334 13.762446666666664,78.63591166666666,78.63591166666666 13.764226666666664,78.63509,78.63509 13.766001666666666,78.63427,78.63427 13.767766666666668,78.63344833333335,78.63344833333335 13.769531666666667,78.63262833333333,78.63262833333333 13.7713,78.63181,78.63181 13.773059999999997,78.63099166666665,78.63099166666665 13.774818333333332,78.63017499999998,78.63017499999998 13.776578333333337,78.62935833333331,78.62935833333331 13.778331666666668,78.62854166666665,78.62854166666665 13.780073333333332,78.62772666666667,78.62772666666667 13.781809999999998,78.62691166666667,78.62691166666667 13.783541666666668,78.62609666666667,78.62609666666667 13.785265,78.62528,78.62528 13.786980000000002,78.624465,78.624465 13.788691666666667,78.62364833333334,78.62364833333334 13.790398333333334,78.62283333333333,78.62283333333333 13.792100000000001,78.62201666666667,78.62201666666667 13.793798333333333,78.62120166666666,78.62120166666666 13.795491666666667,78.620385,78.620385 13.797176666666667,78.61957,78.61957 13.798856666666664,78.61875666666666,78.61875666666666 13.80053,78.61794166666668,78.61794166666668 13.802203333333335,78.61712666666668,78.61712666666668 13.803876666666667,78.61631333333334,78.61631333333334 13.805546666666665,78.61550000000001,78.61550000000001 13.807213333333333,78.614685,78.614685 13.808868333333331,78.61386999999999,78.61386999999999 13.810511666666667,78.613055,78.613055 13.812144999999997,78.61223833333334,78.61223833333334 13.813766666666668,78.61142,78.61142 13.815380000000001,78.61060333333333,78.61060333333333 13.816981666666669,78.609785,78.609785 13.818571666666665,78.60896500000001,78.60896500000001 13.820155000000002,78.60814666666668,78.60814666666668 13.821735,78.60732666666667,78.60732666666667 13.823316666666663,78.60650833333334,78.60650833333334 13.824893333333335,78.60569000000001,78.60569000000001 13.826466666666667,78.60486999999999,78.60486999999999 13.828041666666666,78.60405333333333,78.60405333333333 13.829619999999998,78.603235,78.603235 13.8312,78.60241666666667,78.60241666666667 13.832785000000001,78.60159999999999,78.60159999999999 13.834371666666668,78.60078333333333,78.60078333333333 13.835961666666666,78.59996666666666,78.59996666666666 13.837558333333334,78.59915166666666,78.59915166666666 13.83916,78.59833499999999,78.59833499999999 13.840766666666667,78.59751833333333,78.59751833333333 13.842378333333333,78.59670166666666,78.59670166666666 13.843995,78.595885,78.595885 13.84562,78.59507,78.59507 13.847243333333333,78.59425333333334,78.59425333333334 13.848865,78.59343666666668,78.59343666666668 13.850488333333331,78.59262,78.59262 13.852106666666668,78.59180500000001,78.59180500000001 13.853723333333335,78.59098666666667,78.59098666666667 13.85533666666667,78.59017,78.59017 13.85695,78.58935333333334,78.58935333333334 13.858561666666665,78.58853500000001,78.58853500000001 13.860171666666668,78.58771833333334,78.58771833333334 13.861781666666666,78.58690166666668,78.58690166666668 13.863388333333335,78.58608500000001,78.58608500000001 13.864991666666667,78.58526833333335,78.58526833333335 13.866591666666666,78.58445333333334,78.58445333333334 13.868191666666668,78.58363666666668,78.58363666666668 13.869791666666666,78.58282166666667,78.58282166666667 13.871393333333334,78.58200666666667,78.58200666666667 13.873003333333333,78.58119166666667,78.58119166666667 13.874631666666668,78.58037833333333,78.58037833333333 13.876280000000001,78.579565,78.579565 13.877943333333334,78.57875499999999,78.57875499999999 13.879620000000001,78.57794333333334,78.57794333333334 13.881308333333335,78.57713333333332,78.57713333333332 13.883003333333333,78.576325,78.576325 13.884703333333334,78.575515,78.575515 13.88641,78.57470666666667,78.57470666666667 13.888119999999999,78.57389666666666,78.57389666666666 13.889835,78.57309000000001,78.57309000000001 13.891558333333334,78.57228166666665,78.57228166666665 13.89328833333333,78.57147499999999,78.57147499999999 13.895021666666667,78.57067,78.57067 13.896759999999999,78.56986500000001,78.56986500000001 13.898505000000002,78.56906166666667,78.56906166666667 13.900261666666665,78.56825666666666,78.56825666666666 13.902041666666666,78.56745500000001,78.56745500000001 13.903843333333336,78.56665333333332,78.56665333333332 13.90567,78.56585166666667,78.56585166666667 13.907515,78.56505166666668,78.56505166666668 13.909373333333333,78.56425,78.56425 13.911248333333333,78.56345,78.56345 13.91313833333333,78.56265,78.56265 13.915045000000001,78.56184999999999,78.56184999999999 13.916963333333335,78.56105166666666,78.56105166666666 13.918883333333333,78.56025333333334,78.56025333333334 13.920801666666668,78.55945666666666,78.55945666666666 13.922718333333336,78.55865833333333,78.55865833333333 13.924629999999999,78.55786166666667,78.55786166666667 13.926541666666667,78.557065,78.557065 13.928451666666668,78.55626833333335,78.55626833333335 13.930361666666665,78.55547333333334,78.55547333333334 13.932273333333335,78.55467666666668,78.55467666666668 13.93417,78.55387833333332,78.55387833333332 13.936051666666668,78.55307833333333,78.55307833333333 13.937924999999998,78.55227666666667,78.55227666666667 13.939788333333334,78.55147333333333,78.55147333333333 13.941636666666668,78.55066833333332,78.55066833333332 13.943478333333333,78.54986166666666,78.54986166666666 13.94531,78.549055,78.549055 13.947131666666667,78.54824666666666,78.54824666666666 13.948943333333334,78.54743833333333,78.54743833333333 13.950748333333337,78.54663000000001,78.54663000000001 13.952545000000002,78.54582,78.54582 13.954330000000002,78.54500833333333,78.54500833333333 13.956106666666669,78.54419666666665,78.54419666666665 13.957878333333335,78.54338333333334,78.54338333333334 13.95964166666667,78.54257,78.54257 13.961398333333333,78.54175666666666,78.54175666666666 13.963151666666665,78.54094166666668,78.54094166666668 13.964901666666668,78.54012833333334,78.54012833333334 13.96664333333333,78.53931333333334,78.53931333333334 13.968376666666666,78.53849833333334,78.53849833333334 13.970105,78.53768166666667,78.53768166666667 13.971826666666669,78.53686666666667,78.53686666666667 13.973543333333335,78.53605166666667,78.53605166666667 13.975258333333334,78.535235,78.535235 13.976971666666667,78.53442,78.53442 13.978678333333335,78.53360333333333,78.53360333333333 13.980385,78.53278833333334,78.53278833333334 13.982090000000001,78.53197333333333,78.53197333333333 13.983789999999999,78.53115833333332,78.53115833333332 13.985488333333334,78.53034333333333,78.53034333333333 13.987186666666666,78.52953,78.52953 13.988885000000002,78.52871499999999,78.52871499999999 13.990585,78.52790166666668,78.52790166666668 13.992288333333335,78.52708833333334,78.52708833333334 13.993993333333334,78.52627333333334,78.52627333333334 13.995695,78.52545833333333,78.52545833333333 13.997396666666669,78.52464166666667,78.52464166666667 13.999098333333333,78.523825,78.523825 14.000798333333334,78.52300833333334,78.52300833333334 14.002493333333332,78.52219000000001,78.52219000000001 14.004183333333332,78.52136999999999,78.52136999999999 14.005871666666666,78.52055,78.52055 14.007551666666666,78.51973,78.51973 14.009221666666667,78.51890666666668,78.51890666666668 14.010883333333332,78.51808333333334,78.51808333333334 14.012545,78.51725833333333,78.51725833333333 14.014203333333334,78.51643333333334,78.51643333333334 14.015853333333332,78.51560833333333,78.51560833333333 14.017503333333332,78.51478166666666,78.51478166666666 14.019153333333334,78.51395666666667,78.51395666666667 14.0208,78.51313166666667,78.51313166666667 14.022443333333335,78.51230666666666,78.51230666666666 14.024088333333335,78.51148166666667,78.51148166666667 14.025735000000001,78.51065833333335,78.51065833333335 14.027381666666667,78.50983666666667,78.50983666666667 14.029026666666669,78.50901499999999,78.50901499999999 14.030670000000002,78.50819499999999,78.50819499999999 14.032309999999999,78.507375,78.507375 14.033938333333333,78.50655833333333,78.50655833333333 14.035556666666666,78.50574166666667,78.50574166666667 14.037165,78.504925,78.504925 14.038765000000001,78.50411000000001,78.50411000000001 14.040358333333334,78.50329666666667,78.50329666666667 14.041945,78.502485,78.502485 14.043526666666667,78.50167333333334,78.50167333333334 14.045098333333332,78.50086333333333,78.50086333333333 14.046666666666665,78.500055,78.500055 14.048235,78.49924833333333,78.49924833333333 14.049794999999998,78.49844166666666,78.49844166666666 14.051348333333333,78.497635,78.497635 14.052898333333333,78.49682999999999,78.49682999999999 14.054443333333332,78.49602333333335,78.49602333333335 14.055985,78.49521833333333,78.49521833333333 14.057523333333332,78.49441333333331,78.49441333333331 14.059056666666667,78.49360833333334,78.49360833333334 14.060585,78.49280166666667,78.49280166666667 14.062113333333333,78.491995,78.491995 14.063641666666667,78.49118833333334,78.49118833333334 14.065165,78.49037833333334,78.49037833333334 14.066683333333334,78.48957000000001,78.48957000000001 14.068196666666665,78.48875833333334,78.48875833333334 14.069704999999999,78.48794833333332,78.48794833333332 14.071220000000002,78.48713833333333,78.48713833333333 14.072735000000002,78.48632666666667,78.48632666666667 14.074248333333333,78.48551499999999,78.48551499999999 14.075761666666665,78.48470333333331,78.48470333333331 14.077275000000002,78.48389333333333,78.48389333333333 14.078783333333336,78.48308166666668,78.48308166666668 14.080291666666668,78.48227,78.48227 14.081799999999998,78.48146,78.48146 14.083306666666667,78.48064999999998,78.48064999999998 14.084810000000001,78.47984166666666,78.47984166666666 14.086315000000003,78.47903333333333,78.47903333333333 14.08784,78.478225,78.478225 14.089389999999998,78.47742166666666,78.47742166666666 14.090961666666667,78.47661833333333,78.47661833333333 14.092558333333331,78.47581666666666,78.47581666666666 14.094175,78.47501666666666,78.47501666666666 14.095808333333332,78.47421666666668,78.47421666666668 14.097453333333334,78.47341833333334,78.47341833333334 14.099116666666665,78.47262166666665,78.47262166666665 14.100798333333335,78.47182666666667,78.47182666666667 14.102506666666665,78.47103500000001,78.47103500000001 14.104245,78.47024666666665,78.47024666666665 14.106005000000001,78.46946333333334,78.46946333333334 14.107786666666666,78.46868333333333,78.46868333333333 14.109585000000001,78.46790666666666,78.46790666666666 14.111389999999997,78.46713333333334,78.46713333333334 14.113203333333335,78.46636166666669,78.46636166666669 14.115026666666665,78.46558999999999,78.46558999999999 14.116855,78.46482,78.46482 14.118686666666669,78.46405,78.46405 14.120523333333331,78.46328166666666,78.46328166666666 14.12236,78.46251333333333,78.46251333333333 14.124191666666663,78.46174166666667,78.46174166666667 14.126020000000002,78.46097333333333,78.46097333333333 14.127843333333333,78.46020666666666,78.46020666666666 14.129646666666666,78.45943999999999,78.45943999999999 14.131431666666666,78.458675,78.458675 14.133221666666667,78.45791166666665,78.45791166666665 14.135010000000001,78.45715000000001,78.45715000000001 14.136796666666665,78.45638833333335,78.45638833333335 14.138586666666667,78.45563000000001,78.45563000000001 14.140368333333333,78.45487166666668,78.45487166666668 14.142146666666667,78.454115,78.454115 14.143918333333334,78.45335833333333,78.45335833333333 14.145673333333333,78.45260166666668,78.45260166666668 14.147403333333335,78.45184333333334,78.45184333333334 14.149111666666665,78.451085,78.451085 14.150798333333334,78.450325,78.450325 14.152475,78.44956666666667,78.44956666666667 14.154143333333332,78.44880666666667,78.44880666666667 14.155805,78.44804833333333,78.44804833333333 14.157458333333333,78.44729000000001,78.44729000000001 14.159103333333332,78.44653333333333,78.44653333333333 14.160743333333334,78.44577666666666,78.44577666666666 14.16238,78.44502000000001,78.44502000000001 14.164018333333335,78.44426333333334,78.44426333333334 14.165658333333333,78.44350833333333,78.44350833333333 14.167301666666667,78.442755,78.442755 14.168951666666665,78.44200166666666,78.44200166666666 14.170608333333332,78.44125000000001,78.44125000000001 14.172263333333333,78.44050000000001,78.44050000000001 14.173918333333333,78.43974833333333,78.43974833333333 14.17557,78.43899833333332,78.43899833333332 14.177216666666666,78.43824833333332,78.43824833333332 14.178858333333336,78.4375,78.4375 14.18049,78.43675166666667,78.43675166666667 14.182116666666664,78.43600666666666,78.43600666666666 14.183738333333334,78.43526166666666,78.43526166666666 14.185353333333333,78.43451833333333,78.43451833333333 14.18696,78.43377666666667,78.43377666666667 14.188550000000003,78.433035,78.433035 14.190129999999998,78.43229333333333,78.43229333333333 14.191698333333333,78.43155000000002,78.43155000000002 14.193258333333333,78.43080833333335,78.43080833333335 14.194813333333332,78.430065,78.430065 14.196368333333332,78.42932166666667,78.42932166666667 14.197923333333332,78.42857833333333,78.42857833333333 14.199473333333332,78.42783666666665,78.42783666666665 14.20101833333333,78.42709499999998,78.42709499999998 14.202554999999998,78.42635333333332,78.42635333333332 14.204078333333332,78.42561166666665,78.42561166666665 14.205589999999999,78.42486833333335,78.42486833333335 14.207093333333335,78.42412666666668,78.42412666666668 14.208590000000001,78.42338666666666,78.42338666666666 14.210076666666664,78.42264499999999,78.42264499999999 14.211556666666667,78.42190333333333,78.42190333333333 14.213031666666664,78.42116,78.42116 14.214499999999997,78.420415,78.420415 14.215945,78.41966666666667,78.41966666666667 14.217356666666667,78.41891333333332,78.41891333333332 14.218745,78.41815833333334,78.41815833333334 14.22011333333333,78.4174,78.4174 14.221461666666668,78.41664,78.41664 14.222805000000003,78.41587833333334,78.41587833333334 14.224145,78.41511666666668,78.41511666666668 14.225491666666668,78.41435333333335,78.41435333333335 14.22684,78.41359166666666,78.41359166666666 14.228188333333334,78.41283166666666,78.41283166666666 14.229538333333336,78.41207166666666,78.41207166666666 14.230888333333334,78.41131499999999,78.41131499999999 14.232236666666665,78.41055666666665,78.41055666666665 14.233588333333334,78.40980166666667,78.40980166666667 14.234943333333334,78.40904666666667,78.40904666666667 14.236300000000002,78.40829166666668,78.40829166666668 14.237655,78.40753833333333,78.40753833333333 14.239011666666666,78.40678500000001,78.40678500000001 14.240371666666666,78.40603333333334,78.40603333333334 14.241731666666665,78.40528166666665,78.40528166666665 14.243091666666665,78.40453000000002,78.40453000000002 14.244455,78.40378000000001,78.40378000000001 14.245818333333334,78.40303000000002,78.40303000000002 14.24718,78.40228000000002,78.40228000000002 14.248530000000002,78.40153000000001,78.40153000000001 14.249861666666668,78.40078000000001,78.40078000000001 14.251181666666666,78.40003000000002,78.40003000000002 14.252505,78.39928166666667,78.39928166666667 14.253818333333333,78.39853333333333,78.39853333333333 14.255108333333332,78.39778333333334,78.39778333333334 14.256361666666663,78.39703166666666,78.39703166666666 14.257563333333334,78.39627666666668,78.39627666666668 14.258705000000003,78.39552,78.39552 14.259793333333334,78.39476,78.39476 14.26082,78.39399833333334,78.39399833333334 14.26178666666667,78.39323333333333,78.39323333333333 14.262698333333335,78.39246666666666,78.39246666666666 14.263556666666668,78.39169833333335,78.39169833333335 14.264368333333334,78.39092833333335,78.39092833333335 14.265136666666669,78.39015500000001,78.39015500000001 14.265868333333334,78.38938166666668,78.38938166666668 14.266581666666665,78.38860666666667,78.38860666666667 14.267286666666667,78.38783,78.38783 14.267971666666664,78.38705333333336,78.38705333333336 14.26863,78.386275,78.386275 14.269273333333334,78.38550000000001,78.38550000000001 14.269910000000001,78.38472666666667,78.38472666666667 14.270543333333334,78.383955,78.383955 14.271188333333336,78.38318833333332,78.38318833333332 14.271855000000002,78.382425,78.382425 14.272546666666665,78.38166666666666,78.38166666666666 14.273281666666666,78.38091166666665,78.38091166666665 14.274041666666669,78.38015999999999,78.38015999999999 14.274796666666669,78.37941166666666,78.37941166666666 14.27553666666667,78.378665,78.378665 14.276253333333333,78.37791999999999,78.37791999999999 14.276951666666664,78.37717666666668,78.37717666666668 14.277631666666665,78.37643500000001,78.37643500000001 14.278303333333335,78.375695,78.375695 14.278958333333334,78.37495666666668,78.37495666666668 14.279588333333333,78.37422,78.37422 14.280198333333331,78.37348333333331,78.37348333333331 14.280790000000003,78.37274833333332,78.37274833333332 14.281368333333335,78.37201333333333,78.37201333333333 14.281936666666663,78.37128,78.37128 14.282486666666667,78.37054833333333,78.37054833333333 14.283013333333333,78.36981666666667,78.36981666666667 14.283523333333337,78.36908833333332,78.36908833333332 14.284013333333334,78.36836000000001,78.36836000000001 14.284476666666666,78.36763333333333,78.36763333333333 14.284925,78.36691,78.36691 14.285361666666665,78.36618666666666,78.36618666666666 14.285784999999997,78.36546666666666,78.36546666666666 14.286203333333331,78.36474666666666,78.36474666666666 14.286629999999999,78.36402833333334,78.36402833333334 14.287058333333334,78.36331166666668,78.36331166666668 14.287488333333332,78.36259833333332,78.36259833333332 14.287921666666668,78.36188499999999,78.36188499999999 14.288353333333337,78.361175,78.361175 14.28877,78.36046666666667,78.36046666666667 14.289176666666666,78.35976166666667,78.35976166666667 14.289576666666669,78.35906,78.35906 14.289953333333335,78.35836166666667,78.35836166666667 14.290295,78.35766499999998,78.35766499999998 14.290608333333333,78.35697166666668,78.35697166666668 14.290895,78.35628,78.35628 14.29117,78.35559166666668,78.35559166666668 14.291436666666668,78.35490499999999,78.35490499999999 14.291705000000002,78.35421833333334,78.35421833333334 14.291968333333333,78.353535,78.353535 14.292236666666668,78.35285333333331,78.35285333333331 14.292506666666666,78.35217166666666,78.35217166666666 14.292783333333334,78.35149166666666,78.35149166666666 14.293056666666667,78.35081166666667,78.35081166666667 14.29333,78.35013333333335,78.35013333333335 14.293598333333334,78.34945500000002,78.34945500000002 14.293865000000002,78.34878000000002,78.34878000000002 14.294128333333333,78.34810666666668,78.34810666666668 14.294383333333332,78.347435,78.347435 14.294626666666668,78.346765,78.346765 14.294863333333334,78.34609666666665,78.34609666666665 14.295098333333334,78.34543,78.34543 14.295321666666664,78.34476500000001,78.34476500000001 14.295533333333333,78.34410166666667,78.34410166666667 14.295734999999997,78.34344333333334,78.34344333333334 14.295929999999998,78.34278666666668,78.34278666666668 14.296119999999998,78.34213333333334,78.34213333333334 14.296313333333332,78.341485,78.341485 14.29651,78.34083666666668,78.34083666666668 14.296713333333333,78.34019166666667,78.34019166666667 14.296924999999998,78.33954999999999,78.33954999999999 14.297143333333333,78.33890833333334,78.33890833333334 14.297364999999997,78.33827,78.33827 14.297588333333332,78.33763333333333,78.33763333333333 14.297814999999998,78.33699666666666,78.33699666666666 14.298043333333332,78.33636166666668,78.33636166666668 14.298271666666668,78.33572833333334,78.33572833333334 14.298494999999997,78.33509500000001,78.33509500000001 14.298721666666667,78.33446166666667,78.33446166666667 14.298949999999998,78.33382833333334,78.33382833333334 14.299176666666664,78.33319666666667,78.33319666666667 14.299403333333332,78.33256666666666,78.33256666666666 14.299635,78.33193666666666,78.33193666666666 14.299876666666666,78.33130833333334,78.33130833333334 14.300121666666668,78.33068166666666,78.33068166666666 14.300366666666664,78.33005499999999,78.33005499999999 14.300611666666667,78.32943,78.32943 14.300858333333332,78.328805,78.328805 14.301111666666669,78.32818000000002,78.32818000000002 14.301368333333336,78.327555,78.327555 14.301631666666667,78.32692999999999,78.32692999999999 14.301901666666668,78.32630333333333,78.32630333333333 14.30218,78.32567833333331,78.32567833333331 14.302470000000001,78.32505166666667,78.32505166666667 14.302771666666667,78.32442499999999,78.32442499999999 14.303093333333333,78.32379999999999,78.32379999999999 14.303435000000002,78.32317333333334,78.32317333333334 14.303809999999999,78.32254833333333,78.32254833333333 14.30423666666667,78.32192499999998,78.32192499999998 14.304748333333334,78.32130333333332,78.32130333333332 14.305368333333336,78.32068500000001,78.32068500000001 14.306089999999998,78.32007,78.32007 14.306896666666669,78.31946,78.31946 14.307771666666667,78.31885333333332,78.31885333333332 14.30871,78.31825,78.31825 14.309705000000001,78.31765,78.31765 14.310756666666668,78.31705499999998,78.31705499999998 14.311861666666667,78.31646333333332,78.31646333333332 14.313018333333334,78.315875,78.315875 14.31424,78.31529333333334,78.31529333333334 14.31557,78.31472166666667,78.31472166666667 14.317045,78.31416500000002,78.31416500000002 14.318681666666665,78.31362666666666,78.31362666666666 14.320480000000002,78.31311166666666,78.31311166666666 14.322403333333332,78.31261333333333,78.31261333333333 14.324436666666669,78.312135,78.312135 14.326581666666668,78.31167333333333,78.31167333333333 14.328833333333334,78.31123333333333,78.31123333333333 14.331193333333331,78.31081333333333,78.31081333333333 14.333676666666669,78.31042000000002,78.31042000000002 14.336276666666665,78.31005666666668,78.31005666666668 14.338953333333333,78.30971333333333,78.30971333333333 14.341676666666668,78.30938333333334,78.30938333333334 14.344421666666666,78.30906166666668,78.30906166666668 14.347170000000002,78.30873833333334,78.30873833333334 14.349903333333335,78.30841,78.30841 14.352614999999998,78.30807833333334,78.30807833333334 14.355310000000001,78.307745,78.307745 14.357993333333333,78.30740999999999,78.30740999999999 14.360665,78.30707333333332,78.30707333333332 14.363321666666666,78.30673333333336,78.30673333333336 14.365965000000003,78.30639166666667,78.30639166666667 14.368616666666664,78.30605333333334,78.30605333333334 14.37128,78.30572333333332,78.30572333333332 14.373955,78.30539833333333,78.30539833333333 14.376634999999998,78.30508333333334,78.30508333333334 14.379321666666664,78.304775,78.304775 14.382011666666665,78.30447333333332,78.30447333333332 14.384705000000002,78.30418,78.30418 14.387401666666666,78.30389500000001,78.30389500000001 14.390099999999999,78.30361666666667,78.30361666666667 14.392800000000001,78.30334666666666,78.30334666666666 14.395508333333332,78.30308333333333,78.30308333333333 14.398225,78.30283166666666,78.30283166666666 14.400963333333335,78.30259666666669,78.30259666666669 14.403723333333335,78.30238166666666,78.30238166666666 14.406505,78.30219166666666,78.30219166666666 14.409305,78.30202333333332,78.30202333333332 14.41211333333333,78.30187333333333,78.30187333333333 14.414923333333336,78.301735,78.301735 14.417731666666668,78.30161,78.30161 14.420533333333331,78.30149166666668,78.30149166666668 14.423321666666668,78.301375,78.301375 14.426100000000002,78.30125666666666,78.30125666666666 14.428869999999998,78.30113833333334,78.30113833333334 14.431628333333332,78.30102166666668,78.30102166666668 14.434373333333333,78.30090166666668,78.30090166666668 14.437105,78.30078166666667,78.30078166666667 14.439828333333333,78.30065833333335,78.30065833333335 14.442540000000001,78.30053166666666,78.30053166666666 14.445236666666666,78.3004,78.3004 14.447919999999998,78.30027,78.30027 14.450586666666668,78.30013833333335,78.30013833333335 14.453230000000001,78.30000666666666,78.30000666666666 14.455846666666666,78.29987166666668,78.29987166666668 14.458441666666666,78.299735,78.299735 14.461009999999998,78.2996,78.2996 14.463551666666667,78.29946666666667,78.29946666666667 14.466069999999998,78.29933333333332,78.29933333333332 14.468569999999998,78.29920333333332,78.29920333333332 14.471055000000002,78.29907333333334,78.29907333333334 14.473528333333336,78.298945,78.298945 14.475991666666667,78.29881999999998,78.29881999999998 14.478451666666668,78.29870333333332,78.29870333333332 14.480908333333332,78.29859166666665,78.29859166666665 14.483356666666669,78.29848166666667,78.29848166666667 14.485795000000001,78.29837,78.29837 14.488223333333334,78.29826166666666,78.29826166666666 14.49064,78.29815500000001,78.29815500000001 14.493038333333335,78.29805166666667,78.29805166666667 14.495421666666669,78.29794833333334,78.29794833333334 14.497786666666666,78.29784833333333,78.29784833333333 14.500141666666666,78.29774833333332,78.29774833333332 14.50248666666667,78.29764499999999,78.29764499999999 14.504826666666668,78.29753666666667,78.29753666666667 14.507166666666668,78.297425,78.297425 14.509503333333337,78.29730666666666,78.29730666666666 14.511833333333334,78.29718666666665,78.29718666666665 14.514158333333334,78.297065,78.297065 14.516478333333335,78.29693999999999,78.29693999999999 14.5188,78.29681333333333,78.29681333333333 14.521126666666666,78.29668666666666,78.29668666666666 14.523463333333334,78.29655666666666,78.29655666666666 14.525804999999998,78.29642666666668,78.29642666666668 14.528151666666666,78.29629666666668,78.29629666666668 14.530501666666664,78.29616999999999,78.29616999999999 14.532853333333332,78.296045,78.296045 14.535206666666665,78.29592333333333,78.29592333333333 14.537564999999999,78.29580833333331,78.29580833333331 14.539929999999998,78.29569499999998,78.29569499999998 14.542298333333333,78.29558166666668,78.29558166666668 14.544666666666668,78.29546999999998,78.29546999999998 14.547036666666667,78.29535833333331,78.29535833333331 14.549405000000002,78.29524500000001,78.29524500000001 14.551765,78.29513166666668,78.29513166666668 14.554116666666667,78.29501833333335,78.29501833333335 14.556463333333333,78.29490666666668,78.29490666666668 14.558804999999998,78.29479166666665,78.29479166666665 14.56114,78.29467833333332,78.29467833333332 14.563471666666665,78.29456666666665,78.29456666666665 14.565796666666666,78.29445333333332,78.29445333333332 14.568118333333333,78.29434333333334,78.29434333333334 14.570433333333336,78.29423166666668,78.29423166666668 14.572736666666666,78.29412,78.29412 14.575025,78.29400833333334,78.29400833333334 14.577301666666665,78.29389666666667,78.29389666666667 14.579564999999999,78.29378333333334,78.29378333333334 14.58182,78.29366666666665,78.29366666666665 14.584075,78.29355166666666,78.29355166666666 14.586333333333334,78.29343833333333,78.29343833333333 14.588595000000002,78.29332666666666,78.29332666666666 14.590861666666669,78.29321499999999,78.29321499999999 14.593135,78.29310499999998,78.29310499999998 14.59542,78.292995,78.292995 14.597723333333334,78.29288666666666,78.29288666666666 14.600040000000002,78.29277666666668,78.29277666666668 14.602369999999999,78.29266666666668,78.29266666666668 14.604713333333335,78.29255833333333,78.29255833333333 14.607068333333332,78.29244833333334,78.29244833333334 14.609431666666667,78.29234,78.29234 14.611798333333335,78.29222833333333,78.29222833333333 14.614163333333332,78.29211833333335,78.29211833333335 14.616521666666664,78.29200833333331,78.29200833333331 14.618858333333332,78.29189666666667,78.29189666666667 14.621168333333332,78.29178666666667,78.29178666666667 14.623460000000001,78.29167666666666,78.29167666666666 14.625738333333334,78.29156666666665,78.29156666666665 14.628008333333332,78.29145333333332,78.29145333333332 14.630271666666665,78.29133833333333,78.29133833333333 14.632528333333333,78.29121833333335,78.29121833333335 14.634778333333333,78.291095,78.291095 14.637026666666669,78.29097,78.29097 14.639273333333334,78.29084333333334,78.29084333333334 14.64152,78.290715,78.290715 14.643765000000002,78.29058666666667,78.29058666666667 14.646011666666668,78.29046000000001,78.29046000000001 14.64825666666667,78.29033333333334,78.29033333333334 14.650498333333335,78.29020333333332,78.29020333333332 14.652736666666666,78.29007333333335,78.29007333333335 14.654968333333331,78.28994166666666,78.28994166666666 14.65719333333333,78.28981166666668,78.28981166666668 14.659415000000001,78.289685,78.289685 14.661633333333334,78.28955833333332,78.28955833333332 14.663846666666666,78.28943333333333,78.28943333333333 14.666058333333334,78.28930666666668,78.28930666666668 14.668263333333336,78.28918333333333,78.28918333333333 14.670461666666666,78.28905833333333,78.28905833333333 14.672653333333336,78.288935,78.288935 14.674833333333332,78.28881166666667,78.28881166666667 14.677008333333333,78.28869166666667,78.28869166666667 14.679181666666665,78.28857333333335,78.28857333333335 14.681351666666666,78.28845666666666,78.28845666666666 14.683513333333336,78.28834166666667,78.28834166666667 14.685668333333336,78.28822333333333,78.28822333333333 14.687808333333333,78.28810499999999,78.28810499999999 14.68994,78.287985,78.287985 14.692058333333335,78.28786666666666,78.28786666666666 14.694171666666668,78.28774666666666,78.28774666666666 14.696283333333335,78.28762666666665,78.28762666666665 14.698396666666667,78.28750333333335,78.28750333333335 14.700518333333333,78.28738333333334,78.28738333333334 14.702644999999999,78.28726333333334,78.28726333333334 14.704785000000001,78.28714666666666,78.28714666666666 14.706935,78.28702833333334,78.28702833333334 14.709095,78.28691333333332,78.28691333333332 14.711264999999997,78.28679833333332,78.28679833333332 14.713443333333332,78.28668666666668,78.28668666666668 14.715626666666665,78.28657499999998,78.28657499999998 14.717811666666668,78.28645999999999,78.28645999999999 14.719994999999999,78.28634666666666,78.28634666666666 14.722178333333332,78.28623333333333,78.28623333333333 14.724363333333335,78.28612166666666,78.28612166666666 14.726553333333335,78.28600999999999,78.28600999999999 14.728743333333334,78.28589833333332,78.28589833333332 14.730931666666667,78.28579,78.28579 14.733116666666668,78.28568666666668,78.28568666666668 14.735293333333335,78.28558333333334,78.28558333333334 14.737461666666665,78.28547666666665,78.28547666666665 14.739618333333333,78.28536666666668,78.28536666666668 14.741768333333335,78.28525333333334,78.28525333333334 14.743908333333332,78.28513833333332,78.28513833333332 14.746045,78.28502333333333,78.28502333333333 14.748173333333334,78.284905,78.284905 14.750296666666669,78.28478499999999,78.28478499999999 14.752419999999999,78.28466333333334,78.28466333333334 14.754548333333332,78.28454333333333,78.28454333333333 14.756685000000003,78.28442333333334,78.28442333333334 14.758830000000001,78.28430666666668,78.28430666666668 14.760986666666668,78.28419333333332,78.28419333333332 14.763149999999998,78.284085,78.284085 14.765314999999998,78.28397833333334,78.28397833333334 14.767479999999999,78.28387500000001,78.28387500000001 14.76965,78.28377666666667,78.28377666666667 14.771825000000002,78.28368166666667,78.28368166666667 14.774001666666667,78.28358999999999,78.28358999999999 14.776183333333332,78.28350166666667,78.28350166666667 14.778366666666667,78.283415,78.283415 14.780551666666668,78.28332833333334,78.28332833333334 14.782734999999999,78.28323499999999,78.28323499999999 14.784915000000002,78.28313666666666,78.28313666666666 14.787085000000003,78.28303333333334,78.28303333333334 14.78925,78.28292833333334,78.28292833333334 14.791411666666667,78.28282333333333,78.28282333333333 14.793566666666669,78.28272166666667,78.28272166666667 14.795718333333332,78.28262000000001,78.28262000000001 14.797863333333332,78.28251999999999,78.28251999999999 14.799998333333333,78.28242333333334,78.28242333333334 14.802123333333334,78.28232500000001,78.28232500000001 14.804241666666666,78.28222833333334,78.28222833333334 14.80635,78.282135,78.282135 14.808453333333334,78.28204166666666,78.28204166666666 14.810548333333335,78.28194333333332,78.28194333333332 14.812636666666666,78.28184166666666,78.28184166666666 14.814716666666667,78.28173833333334,78.28173833333334 14.816793333333331,78.28163333333335,78.28163333333335 14.81887,78.28152833333334,78.28152833333334 14.820948333333336,78.28141833333333,78.28141833333333 14.823026666666665,78.28130833333333,78.28130833333333 14.825113333333336,78.281195,78.281195 14.827208333333331,78.28108,78.28108 14.829316666666667,78.28096666666667,78.28096666666667 14.831440000000002,78.28085166666666,78.28085166666666 14.833573333333334,78.280735,78.280735 14.835715,78.28061333333333,78.28061333333333 14.83786,78.28048833333334,78.28048833333334 14.840011666666665,78.28036333333333,78.28036333333333 14.842173333333335,78.28023833333333,78.28023833333333 14.844344999999999,78.28011166666668,78.28011166666668 14.846519999999998,78.27998666666666,78.27998666666666 14.848703333333333,78.27985833333335,78.27985833333335 14.85089,78.27973166666666,78.27973166666666 14.85308,78.27960333333333,78.27960333333333 14.855273333333333,78.27947333333333,78.27947333333333 14.857468333333333,78.27934333333332,78.27934333333332 14.859665,78.27921666666667,78.27921666666667 14.861866666666668,78.27909333333334,78.27909333333334 14.864068333333336,78.27897166666666,78.27897166666666 14.866268333333334,78.27884833333331,78.27884833333331 14.86847,78.27872500000001,78.27872500000001 14.870669999999999,78.27860166666666,78.27860166666666 14.872868333333333,78.27847666666666,78.27847666666666 14.875061666666666,78.27835166666667,78.27835166666667 14.877248333333332,78.27822500000002,78.27822500000002 14.879429999999997,78.27809833333333,78.27809833333333 14.881606666666666,78.27797,78.27797 14.883776666666666,78.27783666666667,78.27783666666667 14.885933333333332,78.27770000000001,78.27770000000001 14.888076666666665,78.27755666666667,78.27755666666667 14.890204999999998,78.27740833333336,78.27740833333336 14.892325000000001,78.27725833333335,78.27725833333335 14.894449999999999,78.27711333333333,78.27711333333333 14.896581666666668,78.27697333333333,78.27697333333333 14.898726666666668,78.27683999999998,78.27683999999998 14.90088,78.27671166666667,78.27671166666667 14.903045000000002,78.27658666666667,78.27658666666667 14.905218333333334,78.27646333333334,78.27646333333334 14.907399999999999,78.27634166666668,78.27634166666668 14.909588333333332,78.27622333333333,78.27622333333333 14.911778333333334,78.27610500000002,78.27610500000002 14.913969999999997,78.27599,78.27599 14.916163333333335,78.27587666666666,78.27587666666666 14.918358333333332,78.27575833333334,78.27575833333334 14.920555000000002,78.27564166666667,78.27564166666667 14.922754999999999,78.27552,78.27552 14.924951666666667,78.27539666666667,78.27539666666667 14.927146666666667,78.27527166666668,78.27527166666668 14.92934,78.275145,78.275145 14.931538333333334,78.27502166666667,78.27502166666667 14.933740000000002,78.27489833333334,78.27489833333334 14.935946666666666,78.27477166666667,78.27477166666667 14.938161666666666,78.27464333333334,78.27464333333334 14.940383333333333,78.27451333333335,78.27451333333335 14.942604999999999,78.27438166666667,78.27438166666667 14.944826666666666,78.27424833333332,78.27424833333332 14.947043333333331,78.27411000000001,78.27411000000001 14.949258333333335,78.27397333333333,78.27397333333333 14.951476666666666,78.27383666666665,78.27383666666665 14.953703333333333,78.27369833333334,78.27369833333334 14.955933333333334,78.27356,78.27356 14.958168333333335,78.27341666666668,78.27341666666668 14.960410000000001,78.27327500000001,78.27327500000001 14.962661666666667,78.27313333333335,78.27313333333335 14.964938333333336,78.27299333333335,78.27299333333335 14.967216666666664,78.27285666666667,78.27285666666667 14.969506666666668,78.27272166666667,78.27272166666667 14.971803333333332,78.27259166666667,78.27259166666667 14.974111666666667,78.27246833333334,78.27246833333334 14.976434999999999,78.27235166666667,78.27235166666667 14.978766666666667,78.27223333333335,78.27223333333335 14.981106666666669,78.272115,78.272115 14.983463333333333,78.272,78.272 14.985835000000002,78.27189166666666,78.27189166666666 14.988221666666668,78.27178500000001,78.27178500000001 14.990618333333334,78.27168166666667,78.27168166666667 14.993025,78.27158,78.27158 14.995446666666666,78.271485,78.271485 14.997880000000002,78.27139333333334,78.27139333333334 15.00032333333333,78.27130500000001,78.27130500000001 15.002776666666668,78.27121666666666,78.27121666666666 15.005239999999999,78.27112666666667,78.27112666666667 15.00771,78.27103166666667,78.27103166666667 15.010183333333336,78.27093166666667,78.27093166666667 15.012661666666668,78.27082666666668,78.27082666666668 15.015141666666668,78.27071500000001,78.27071500000001 15.017623333333331,78.27060166666668,78.27060166666668 15.020109999999999,78.27048666666666,78.27048666666666 15.022591666666663,78.27036666666665,78.27036666666665 15.025066666666666,78.27023833333334,78.27023833333334 15.027533333333333,78.27009833333334,78.27009833333334 15.029993333333334,78.26995,78.26995 15.032448333333331,78.269795,78.269795 15.034903333333332,78.26964,78.26964 15.037358333333334,78.26948333333333,78.26948333333333 15.039813333333333,78.26932833333333,78.26932833333333 15.042268333333334,78.26917499999999,78.26917499999999 15.044721666666666,78.26902166666666,78.26902166666666 15.047175,78.26886999999999,78.26886999999999 15.049631666666668,78.26872,78.26872 15.052095,78.26857499999998,78.26857499999998 15.054564999999998,78.26843500000001,78.26843500000001 15.057043333333334,78.26829666666667,78.26829666666667 15.059523333333335,78.26815833333333,78.26815833333333 15.062011666666667,78.26801999999999,78.26801999999999 15.064514999999998,78.26788499999999,78.26788499999999 15.067033333333333,78.26774833333334,78.26774833333334 15.069566666666665,78.26761,78.26761 15.072111666666666,78.26746666666665,78.26746666666665 15.074666666666667,78.26732666666668,78.26732666666668 15.077236666666666,78.26719,78.26719 15.079815,78.26705166666669,78.26705166666669 15.082398333333332,78.26691333333332,78.26691333333332 15.084990000000001,78.26677500000001,78.26677500000001 15.087585000000002,78.26663833333333,78.26663833333333 15.09017833333333,78.26650333333333,78.26650333333333 15.092771666666666,78.26637166666667,78.26637166666667 15.095360000000001,78.26624166666667,78.26624166666667 15.097946666666667,78.26611500000001,78.26611500000001 15.100534999999997,78.26598666666668,78.26598666666668 15.103126666666666,78.26585333333334,78.26585333333334 15.105728333333332,78.26571999999999,78.26571999999999 15.108353333333332,78.26559333333334,78.26559333333334 15.111001666666667,78.26547166666667,78.26547166666667 15.113668333333331,78.26535499999999,78.26535499999999 15.116346666666667,78.26523999999999,78.26523999999999 15.119031666666668,78.26512833333332,78.26512833333332 15.121716666666668,78.26501499999999,78.26501499999999 15.124401666666666,78.2649,78.2649 15.127089999999997,78.26478333333333,78.26478333333333 15.129785,78.26466166666668,78.26466166666668 15.132485,78.264535,78.264535 15.135193333333333,78.26440833333332,78.26440833333332 15.137901666666668,78.26427666666667,78.26427666666667 15.140605000000003,78.26414166666666,78.26414166666666 15.143303333333332,78.26400666666667,78.26400666666667 15.145995000000001,78.26387166666666,78.26387166666666 15.148673333333335,78.26373333333332,78.26373333333332 15.151340000000001,78.26359333333335,78.26359333333335 15.153988333333333,78.26344666666667,78.26344666666667 15.156621666666666,78.26329999999999,78.26329999999999 15.15924,78.263155,78.263155 15.161833333333336,78.26300833333333,78.26300833333333 15.164389999999997,78.26285999999999,78.26285999999999 15.166914999999998,78.26270999999998,78.26270999999998 15.169408333333335,78.26255833333333,78.26255833333333 15.171875,78.26240333333334,78.26240333333334 15.17432,78.26224833333335,78.26224833333335 15.176753333333334,78.26209166666665,78.26209166666665 15.179181666666667,78.26193333333335,78.26193333333335 15.181601666666666,78.26177333333334,78.26177333333334 15.184013333333333,78.26161666666667,78.26161666666667 15.186419999999998,78.26146,78.26146 15.18881,78.26130666666667,78.26130666666667 15.191188333333333,78.26115666666666,78.26115666666666 15.193563333333335,78.26100499999998,78.26100499999998 15.19593166666667,78.26085666666667,78.26085666666667 15.198296666666668,78.260715,78.260715 15.200653333333332,78.26057666666667,78.26057666666667 15.203005,78.26044166666668,78.26044166666668 15.205356666666669,78.26031166666667,78.26031166666667 15.207716666666666,78.26018499999999,78.26018499999999 15.210081666666667,78.26006166666666,78.26006166666666 15.21245,78.25994,78.25994 15.214821666666666,78.25982000000002,78.25982000000002 15.217191666666668,78.25970000000001,78.25970000000001 15.219561666666669,78.25958333333332,78.25958333333332 15.221934999999998,78.25947,78.25947 15.224309999999997,78.25935833333332,78.25935833333332 15.226683333333334,78.25924499999999,78.25924499999999 15.229051666666665,78.25913,78.25913 15.231416666666666,78.25901666666667,78.25901666666667 15.233780000000001,78.25890333333334,78.25890333333334 15.236138333333335,78.25879,78.25879 15.238490000000002,78.25867333333333,78.25867333333333 15.240833333333335,78.25855499999999,78.25855499999999 15.243171666666667,78.25843833333333,78.25843833333333 15.2455,78.25831833333332,78.25831833333332 15.247815,78.2582,78.2582 15.250119999999999,78.25807833333334,78.25807833333334 15.252421666666663,78.25795666666667,78.25795666666667 15.25472,78.25783499999999,78.25783499999999 15.257018333333333,78.25771166666668,78.25771166666668 15.259314999999999,78.25758666666668,78.25758666666668 15.261608333333333,78.25746166666667,78.25746166666667 15.263905000000001,78.25733833333334,78.25733833333334 15.266203333333332,78.25721666666666,78.25721666666666 15.268510000000001,78.25709166666668,78.25709166666668 15.270825,78.25696833333332,78.25696833333332 15.273146666666667,78.25684500000001,78.25684500000001 15.275469999999999,78.25671833333334,78.25671833333334 15.277795,78.25659,78.25659 15.280124999999996,78.256465,78.256465 15.282456666666668,78.25634,78.25634 15.284788333333331,78.25621666666666,78.25621666666666 15.287116666666668,78.25609500000002,78.25609500000002 15.289441666666669,78.255975,78.255975 15.291765000000002,78.25585500000001,78.25585500000001 15.294083333333331,78.255735,78.255735 15.296396666666666,78.25561333333333,78.25561333333333 15.298706666666666,78.25549000000001,78.25549000000001 15.301011666666668,78.25536333333332,78.25536333333332 15.303308333333332,78.25523333333335,78.25523333333335 15.305598333333336,78.2551,78.2551 15.307876666666669,78.25496166666667,78.25496166666667 15.310146666666666,78.25482000000001,78.25482000000001 15.312411666666664,78.25467666666667,78.25467666666667 15.314673333333332,78.254535,78.254535 15.316933333333335,78.25439333333334,78.25439333333334 15.319194999999999,78.25425333333334,78.25425333333334 15.321465,78.25411833333332,78.25411833333332 15.323743333333333,78.25398833333334,78.25398833333334 15.326025,78.25386499999999,78.25386499999999 15.328311666666666,78.25374333333332,78.25374333333332 15.330596666666668,78.25362666666666,78.25362666666666 15.332876666666667,78.25351166666667,78.25351166666667 15.335149999999999,78.25339666666667,78.25339666666667 15.33741333333333,78.25328666666667,78.25328666666667 15.339678333333332,78.25318333333334,78.25318333333334 15.341944999999999,78.25308166666666,78.25308166666666 15.344218333333334,78.25297833333333,78.25297833333333 15.3465,78.25286666666666,78.25286666666666 15.348816666666668,78.25274333333333,78.25274333333333 15.351153333333333,78.25261,78.25261 15.353504999999998,78.25247,78.25247 15.355866666666667,78.25233166666666,78.25233166666666 15.358234999999999,78.25219666666668,78.25219666666668 15.360598333333334,78.25206499999999,78.25206499999999 15.362953333333333,78.25193333333334,78.25193333333334 15.365303333333333,78.25180333333334,78.25180333333334 15.367648333333333,78.25167333333333,78.25167333333333 15.369981666666668,78.25154666666668,78.25154666666668 15.372331666666664,78.25142,78.25142 15.374691666666669,78.25129,78.25129 15.377048333333333,78.25116166666666,78.25116166666666 15.379401666666666,78.25103166666665,78.25103166666665 15.381748333333332,78.25089833333332,78.25089833333332 15.384086666666667,78.25076166666668,78.25076166666668 15.386416666666666,78.25062166666667,78.25062166666667 15.388744999999998,78.25048000000001,78.25048000000001 15.391078333333335,78.25033833333335,78.25033833333335 15.393409999999998,78.25019833333334,78.25019833333334 15.395731666666666,78.25005833333334,78.25005833333334 15.398043333333332,78.24992166666667,78.24992166666667 15.400351666666664,78.24979166666668,78.24979166666668 15.402651666666669,78.24966666666667,78.24966666666667 15.404930000000002,78.24954333333334,78.24954333333334 15.407183333333334,78.24942,78.24942 15.409416666666669,78.24929833333334,78.24929833333334 15.41165,78.24917333333332,78.24917333333332 15.413873333333333,78.24905,78.24905 15.416089999999999,78.248925,78.248925 15.4183,78.24879833333333,78.24879833333333</coordinates>
            </LineString>
        </Placemark>
    </Document>
</kml>
