<?xml version="1.0" encoding="UTF-8"?>
<kml xmlns="http://www.opengis.net/kml/2.2" xmlns:gx="http://www.google.com/kml/ext/2.2">
    <Document id="53">
        <Placemark id="55">
            <name>RF14</name>
            <LineString id="54">
                <coordinates>15.498826666666666,78.24427833333331,78.24427833333331 15.497418333333334,78.24436333333334,78.24436333333334 15.495941666666665,78.24445,78.24445 15.494401666666665,78.24453833333335,78.24453833333335 15.492795000000003,78.24462666666668,78.24462666666668 15.491128333333334,78.24472,78.24472 15.489406666666664,78.24481833333333,78.24481833333333 15.487623333333334,78.24492,78.24492 15.485778333333334,78.24502000000001,78.24502000000001 15.483883333333331,78.24512333333334,78.24512333333334 15.481940000000002,78.24523166666665,78.24523166666665 15.479953333333333,78.24534499999999,78.24534499999999 15.477925000000003,78.24546333333333,78.24546333333333 15.475856666666669,78.24558166666668,78.24558166666668 15.473751666666665,78.24570166666668,78.24570166666668 15.471618333333334,78.24582166666666,78.24582166666666 15.469459999999998,78.24594166666667,78.24594166666667 15.467276666666665,78.24606166666668,78.24606166666668 15.465071666666667,78.24618333333333,78.24618333333333 15.462851666666667,78.246305,78.246305 15.460625,78.24642499999999,78.24642499999999 15.458395,78.24654666666667,78.24654666666667 15.456161666666667,78.24666666666666,78.24666666666666 15.453924999999998,78.24678833333336,78.24678833333336 15.451685000000003,78.24691166666666,78.24691166666666 15.449445,78.24703500000001,78.24703500000001 15.44721,78.24716000000001,78.24716000000001 15.444978333333331,78.24728166666667,78.24728166666667 15.442751666666666,78.24740833333333,78.24740833333333 15.440528333333333,78.24753666666666,78.24753666666666 15.438306666666666,78.24766666666667,78.24766666666667 15.436096666666668,78.24779,78.24779 15.433893333333334,78.24792666666667,78.24792666666667 15.4317,78.24805333333333,78.24805333333333 15.429516666666666,78.24817833333333,78.24817833333333 15.42734,78.24829999999999,78.24829999999999 15.425160000000004,78.24842666666667,78.24842666666667 15.422975000000001,78.24855833333334,78.24855833333334 15.420789999999998,78.24868000000001,78.24868000000001 15.418598333333332,78.24880833333334,78.24880833333334 15.416401666666664,78.24894166666667,78.24894166666667 15.414196666666665,78.249075,78.249075 15.411985000000001,78.24920833333333,78.24920833333333 15.409768333333332,78.249345,78.249345 15.407544999999999,78.24947999999999,78.24947999999999 15.405311666666668,78.24961833333333,78.24961833333333 15.403069999999998,78.24976,78.24976 15.400821666666666,78.24989833333333,78.24989833333333 15.398566666666666,78.25004,78.25004 15.396306666666666,78.25018,78.25018 15.394043333333332,78.25032166666666,78.25032166666666 15.391781666666668,78.25046666666668,78.25046666666668 15.389525,78.25061166666667,78.25061166666667 15.387273333333335,78.25076000000001,78.25076000000001 15.385029999999999,78.25091333333333,78.25091333333333 15.382793333333332,78.25107000000001,78.25107000000001 15.380563333333335,78.25123333333333,78.25123333333333 15.378338333333334,78.25140333333333,78.25140333333333 15.376118333333334,78.25158,78.25158 15.373904999999999,78.25176333333334,78.25176333333334 15.371705000000002,78.25195666666666,78.25195666666666 15.36952,78.25216,78.25216 15.367353333333332,78.25237333333332,78.25237333333332 15.365203333333334,78.25259666666668,78.25259666666668 15.363073333333332,78.25282999999999,78.25282999999999 15.36096,78.25307500000001,78.25307500000001 15.358866666666664,78.25333166666665,78.25333166666665 15.356796666666664,78.25359666666667,78.25359666666667 15.354753333333333,78.25387333333332,78.25387333333332 15.352733333333331,78.25416,78.25416 15.350731666666665,78.25445666666666,78.25445666666666 15.348749999999999,78.25476333333333,78.25476333333333 15.346791666666665,78.25507999999999,78.25507999999999 15.344860000000002,78.25540500000001,78.25540500000001 15.342956666666664,78.25573999999999,78.25573999999999 15.341084999999998,78.256085,78.256085 15.339238333333332,78.25643833333334,78.25643833333334 15.337421666666668,78.25679666666666,78.25679666666666 15.335628333333334,78.25716166666666,78.25716166666666 15.333860000000001,78.25753333333334,78.25753333333334 15.332118333333336,78.25790999999998,78.25790999999998 15.330400000000001,78.25829333333331,78.25829333333331 15.328705,78.25868166666666,78.25868166666666 15.327026666666667,78.259075,78.259075 15.32536,78.25947166666666,78.25947166666666 15.323704999999999,78.25987,78.25987 15.322058333333333,78.26027000000002,78.26027000000002 15.320421666666668,78.26067,78.26067 15.31879,78.26107333333333,78.26107333333333 15.31716,78.261475,78.261475 15.31553,78.26187833333334,78.26187833333334 15.313903333333334,78.26228333333333,78.26228333333333 15.31228,78.26268666666667,78.26268666666667 15.310661666666666,78.26309166666667,78.26309166666667 15.309051666666669,78.26349833333335,78.26349833333335 15.307451666666667,78.26390500000001,78.26390500000001 15.30586,78.26431500000001,78.26431500000001 15.304276666666667,78.264725,78.264725 15.302703333333332,78.265135,78.265135 15.301143333333336,78.26554666666667,78.26554666666667 15.299593333333332,78.26596,78.26596 15.298051666666668,78.26637333333333,78.26637333333333 15.296513333333333,78.26678833333332,78.26678833333332 15.294976666666665,78.26720166666668,78.26720166666668 15.293441666666668,78.26761499999999,78.26761499999999 15.29191,78.26802666666669,78.26802666666669 15.290373333333331,78.26844,78.26844 15.288834999999997,78.26885,78.26885 15.287291666666665,78.26925833333333,78.26925833333333 15.285746666666666,78.269665,78.269665 15.28419833333333,78.27007,78.27007 15.282645,78.27047666666668,78.27047666666668 15.281078333333333,78.27088166666668,78.27088166666668 15.279501666666665,78.27128666666667,78.27128666666667 15.277914999999998,78.27169333333333,78.27169333333333 15.276323333333334,78.2721,78.2721 15.27473,78.27251,78.27251 15.273133333333332,78.27292499999999,78.27292499999999 15.271526666666668,78.27334333333333,78.27334333333333 15.269906666666667,78.27376666666666,78.27376666666666 15.268271666666665,78.27419333333334,78.27419333333334 15.266625,78.27462333333332,78.27462333333332 15.264964999999998,78.27505666666666,78.27505666666666 15.263296666666667,78.27549333333333,78.27549333333333 15.261616666666665,78.27593166666666,78.27593166666666 15.259921666666667,78.27637333333334,78.27637333333334 15.25821,78.276815,78.276815 15.25648,78.27725833333335,78.27725833333335 15.254741666666666,78.27770333333333,78.27770333333333 15.253000000000002,78.27815000000001,78.27815000000001 15.25125833333333,78.27859666666667,78.27859666666667 15.249518333333333,78.27904500000001,78.27904500000001 15.247775000000003,78.27949500000001,78.27949500000001 15.24603,78.27994666666667,78.27994666666667 15.244286666666667,78.28039833333334,78.28039833333334 15.242545,78.28085166666666,78.28085166666666 15.240806666666668,78.28130666666667,78.28130666666667 15.239068333333336,78.28176166666668,78.28176166666668 15.237328333333334,78.28221833333333,78.28221833333333 15.235583333333333,78.28267666666667,78.28267666666667 15.233838333333333,78.28313499999999,78.28313499999999 15.2321,78.283595,78.283595 15.230363333333333,78.28405500000001,78.28405500000001 15.228626666666667,78.28451666666666,78.28451666666666 15.226893333333331,78.28497833333333,78.28497833333333 15.225161666666667,78.28544166666667,78.28544166666667 15.223436666666665,78.28590833333332,78.28590833333332 15.221709999999998,78.28637499999999,78.28637499999999 15.219981666666667,78.28684000000001,78.28684000000001 15.218251666666665,78.28730666666668,78.28730666666668 15.216528333333335,78.28777166666667,78.28777166666667 15.214811666666664,78.28823833333331,78.28823833333331 15.2131,78.288705,78.288705 15.211389999999998,78.28917,78.28917 15.209683333333333,78.28963166666668,78.28963166666668 15.207980000000001,78.29009333333335,78.29009333333335 15.206283333333333,78.29055333333335,78.29055333333335 15.204591666666666,78.29101333333332,78.29101333333332 15.202903333333332,78.29147333333334,78.29147333333334 15.201216666666669,78.29193333333332,78.29193333333332 15.199533333333331,78.29239666666666,78.29239666666666 15.19785,78.29285833333333,78.29285833333333 15.196171666666665,78.29332333333333,78.29332333333333 15.194491666666666,78.29378666666666,78.29378666666666 15.192803333333332,78.29424999999999,78.29424999999999 15.191106666666666,78.29471166666667,78.29471166666667 15.189403333333335,78.29517166666668,78.29517166666668 15.187696666666666,78.29563,78.29563 15.185986666666667,78.29608666666665,78.29608666666665 15.184268333333334,78.29654166666667,78.29654166666667 15.182531666666668,78.29699166666667,78.29699166666667 15.180781666666666,78.29743833333335,78.29743833333335 15.179021666666666,78.29788333333333,78.29788333333333 15.177253333333333,78.29832333333334,78.29832333333334 15.175484999999998,78.29875999999999,78.29875999999999 15.173718333333333,78.29919666666667,78.29919666666667 15.171948333333335,78.29963166666666,78.29963166666666 15.17017,78.30006333333336,78.30006333333336 15.168386666666667,78.30049333333334,78.30049333333334 15.166601666666667,78.30092166666667,78.30092166666667 15.164818333333336,78.30134833333332,78.30134833333332 15.163038333333333,78.30177333333332,78.30177333333332 15.161263333333332,78.3022,78.3022 15.159488333333334,78.30262666666665,78.30262666666665 15.15771,78.30305166666668,78.30305166666668 15.155928333333334,78.30347833333333,78.30347833333333 15.154148333333334,78.303905,78.303905 15.15236666666667,78.30433333333335,78.30433333333335 15.150576666666668,78.30476166666666,78.30476166666666 15.148773333333333,78.30518833333335,78.30518833333335 15.146956666666664,78.30561333333334,78.30561333333334 15.145128333333332,78.30603833333333,78.30603833333333 15.143284999999999,78.30646166666666,78.30646166666666 15.141426666666668,78.30688166666667,78.30688166666667 15.139563333333333,78.30730166666667,78.30730166666667 15.137698333333333,78.30772333333334,78.30772333333334 15.135825,78.30814333333332,78.30814333333332 15.133938333333333,78.30856166666666,78.30856166666666 15.13204,78.30898,78.30898 15.130138333333333,78.30939833333332,78.30939833333332 15.128231666666666,78.309815,78.309815 15.126311666666666,78.31023,78.31023 15.124376666666667,78.31064333333333,78.31064333333333 15.122424999999998,78.311055,78.311055 15.12044833333333,78.31146,78.31146 15.118443333333333,78.31186166666667,78.31186166666667 15.116418333333336,78.31226,78.31226 15.114376666666667,78.31265499999999,78.31265499999999 15.11232,78.31305,78.31305 15.110251666666667,78.31344166666666,78.31344166666666 15.10818,78.31383333333333,78.31383333333333 15.106110000000003,78.31422333333335,78.31422333333335 15.10404,78.31461500000002,78.31461500000002 15.101968333333332,78.315005,78.315005 15.099903333333335,78.31539666666664,78.31539666666664 15.097843333333332,78.31579,78.31579 15.095773333333332,78.31618166666668,78.31618166666668 15.09369,78.31657,78.31657 15.091596666666666,78.31695500000001,78.31695500000001 15.089503333333335,78.31734,78.31734 15.087408333333334,78.31772333333333,78.31772333333333 15.08531,78.31810666666668,78.31810666666668 15.083208333333333,78.31849000000001,78.31849000000001 15.0811,78.31887166666667,78.31887166666667 15.078980000000003,78.31924999999998,78.31924999999998 15.07685,78.31962666666668,78.31962666666668 15.074711666666666,78.32000333333333,78.32000333333333 15.072568333333333,78.32038166666666,78.32038166666666 15.070418333333334,78.32075833333333,78.32075833333333 15.068260000000002,78.32113833333334,78.32113833333334 15.066093333333335,78.32151833333334,78.32151833333334 15.063923333333333,78.3219,78.3219 15.061749999999998,78.32228166666667,78.32228166666667 15.059573333333333,78.32266666666668,78.32266666666668 15.057395000000001,78.32304833333332,78.32304833333332 15.055211666666667,78.32342833333334,78.32342833333334 15.053026666666666,78.32380666666666,78.32380666666666 15.050841666666667,78.32418500000001,78.32418500000001 15.048656666666668,78.32456166666665,78.32456166666665 15.04647,78.32494,78.32494 15.044284999999999,78.32531833333334,78.32531833333334 15.042101666666667,78.32569833333334,78.32569833333334 15.039923333333336,78.32607666666667,78.32607666666667 15.03775,78.32645666666667,78.32645666666667 15.035583333333333,78.326835,78.326835 15.033423333333333,78.32721333333335,78.32721333333335 15.031265,78.32759166666668,78.32759166666668 15.029111666666667,78.32797,78.32797 15.026963333333333,78.32834833333332,78.32834833333332 15.024816666666668,78.32872666666667,78.32872666666667 15.022675,78.32910666666666,78.32910666666666 15.020533333333331,78.32948833333333,78.32948833333333 15.018391666666666,78.32987000000001,78.32987000000001 15.016251666666669,78.33025500000001,78.33025500000001 15.014108333333334,78.33063833333334,78.33063833333334 15.011965000000002,78.33102500000001,78.33102500000001 15.009823333333335,78.33141166666667,78.33141166666667 15.007680000000002,78.33180000000002,78.33180000000002 15.005536666666668,78.33218833333333,78.33218833333333 15.003388333333332,78.33257666666667,78.33257666666667 15.00124,78.33296499999999,78.33296499999999 14.999093333333333,78.333355,78.333355 14.996945,78.33374333333332,78.33374333333332 14.994796666666664,78.33413333333333,78.33413333333333 14.992643333333335,78.33452166666666,78.33452166666666 14.990483333333335,78.33490666666665,78.33490666666665 14.988321666666666,78.33529333333331,78.33529333333331 14.986159999999998,78.33568,78.33568 14.984001666666666,78.336065,78.336065 14.981844999999998,78.33645333333335,78.33645333333335 14.979690000000003,78.33683833333332,78.33683833333332 14.977535,78.337225,78.337225 14.975379999999998,78.33760999999998,78.33760999999998 14.973223333333332,78.337995,78.337995 14.971066666666665,78.33838,78.33838 14.968906666666665,78.33876166666668,78.33876166666668 14.966748333333332,78.33914,78.33914 14.964593333333333,78.33951833333333,78.33951833333333 14.962438333333333,78.33989666666666,78.33989666666666 14.960280000000001,78.340275,78.340275 14.958124999999997,78.340655,78.340655 14.955971666666668,78.341035,78.341035 14.953819999999999,78.34141666666666,78.34141666666666 14.95167,78.34179833333333,78.34179833333333 14.949518333333334,78.34218333333332,78.34218333333332 14.947361666666668,78.34256666666667,78.34256666666667 14.945199999999998,78.34295333333333,78.34295333333333 14.943028333333332,78.34334000000001,78.34334000000001 14.940848333333335,78.34373,78.34373 14.938658333333334,78.34412,78.34412 14.936455,78.34451333333332,78.34451333333332 14.934241666666665,78.34491,78.34491 14.932023333333332,78.34531000000001,78.34531000000001 14.929806666666666,78.34571500000001,78.34571500000001 14.927593333333334,78.34612333333332,78.34612333333332 14.925378333333335,78.346535,78.346535 14.923163333333331,78.34695166666668,78.34695166666668 14.920946666666667,78.34737,78.34737 14.918730000000002,78.34779166666667,78.34779166666667 14.916508333333335,78.348215,78.348215 14.91428,78.34863999999999,78.34863999999999 14.912043333333333,78.34906666666667,78.34906666666667 14.909795,78.34949333333334,78.34949333333334 14.907538333333333,78.34992,78.34992 14.905271666666666,78.35034666666668,78.35034666666668 14.903001666666666,78.35077333333334,78.35077333333334 14.90073,78.35120166666668,78.35120166666668 14.89846,78.35163166666666,78.35163166666666 14.896188333333336,78.35206166666666,78.35206166666666 14.893919999999998,78.35249166666667,78.35249166666667 14.891653333333332,78.35292333333334,78.35292333333334 14.889388333333333,78.353355,78.353355 14.887125000000001,78.35378666666666,78.35378666666666 14.884861666666664,78.35421833333334,78.35421833333334 14.882601666666668,78.35464999999999,78.35464999999999 14.88034833333333,78.35508333333335,78.35508333333335 14.878101666666664,78.35552,78.35552 14.875865,78.35595666666666,78.35595666666666 14.873638333333334,78.35639666666665,78.35639666666665 14.871421666666667,78.35683666666667,78.35683666666667 14.869209999999999,78.35727833333333,78.35727833333333 14.867004999999997,78.35772166666668,78.35772166666668 14.864821666666668,78.35816833333332,78.35816833333332 14.862626666666664,78.35861333333334,78.35861333333334 14.860431666666667,78.35906166666668,78.35906166666668 14.858241666666668,78.35951166666668,78.35951166666668 14.856053333333332,78.35996166666668,78.35996166666668 14.853868333333333,78.360415,78.360415 14.851686666666668,78.36086666666667,78.36086666666667 14.849506666666665,78.36132166666665,78.36132166666665 14.847331666666665,78.36177500000001,78.36177500000001 14.845159999999998,78.36223166666666,78.36223166666666 14.842994999999998,78.36268666666668,78.36268666666668 14.840833333333334,78.36314333333333,78.36314333333333 14.838676666666668,78.36360166666665,78.36360166666665 14.836523333333332,78.36406,78.36406 14.834376666666667,78.36452,78.36452 14.832233333333333,78.36498166666668,78.36498166666668 14.830094999999998,78.36544500000001,78.36544500000001 14.827958333333333,78.36590666666666,78.36590666666666 14.825825,78.36637000000002,78.36637000000002 14.82369,78.36683166666667,78.36683166666667 14.821556666666666,78.36729333333334,78.36729333333334 14.819425000000003,78.36775333333334,78.36775333333334 14.817296666666666,78.36821499999999,78.36821499999999 14.815170000000002,78.36867333333333,78.36867333333333 14.813044999999999,78.36913333333334,78.36913333333334 14.81092,78.36959,78.36959 14.808798333333334,78.37004666666665,78.37004666666665 14.806676666666664,78.37050333333333,78.37050333333333 14.804558333333333,78.37096000000001,78.37096000000001 14.802443333333335,78.371415,78.371415 14.800329999999999,78.37186833333334,78.37186833333334 14.798218333333333,78.37232166666666,78.37232166666666 14.796111666666665,78.37277499999999,78.37277499999999 14.794009999999998,78.37322666666668,78.37322666666668 14.791911666666666,78.37367833333332,78.37367833333332 14.789814999999999,78.37413000000001,78.37413000000001 14.787721666666666,78.37457833333332,78.37457833333332 14.78563,78.37502833333332,78.37502833333332 14.783543333333334,78.375475,78.375475 14.781458333333335,78.37592166666667,78.37592166666667 14.779373333333334,78.37636833333333,78.37636833333333 14.77729,78.37681166666665,78.37681166666665 14.775208333333333,78.377255,78.377255 14.773126666666668,78.37769666666667,78.37769666666667 14.771043333333333,78.37813666666665,78.37813666666665 14.76896,78.37857500000001,78.37857500000001 14.766874999999999,78.37901333333333,78.37901333333333 14.764784999999998,78.37945,78.37945 14.762688333333331,78.379885,78.379885 14.760584999999999,78.38031833333332,78.38031833333332 14.758478333333334,78.38075166666665,78.38075166666665 14.756365000000002,78.38118333333334,78.38118333333334 14.754246666666667,78.38161333333335,78.38161333333335 14.752126666666667,78.38204333333333,78.38204333333333 14.750004999999998,78.38247333333334,78.38247333333334 14.747883333333336,78.38290333333333,78.38290333333333 14.745764999999997,78.383335,78.383335 14.743653333333336,78.38376666666667,78.38376666666667 14.741548333333334,78.38419999999999,78.38419999999999 14.739448333333334,78.38463499999999,78.38463499999999 14.737353333333331,78.38507,78.38507 14.735261666666668,78.385505,78.385505 14.733175000000003,78.38594333333333,78.38594333333333 14.73109,78.38638166666668,78.38638166666668 14.729004999999999,78.38682000000001,78.38682000000001 14.726918333333334,78.38726,78.38726 14.724831666666667,78.3877,78.3877 14.722745000000002,78.38814333333332,78.38814333333332 14.720654999999999,78.38858666666667,78.38858666666667 14.718563333333334,78.38903,78.38903 14.716466666666667,78.38947666666665,78.38947666666665 14.714366666666667,78.38992166666667,78.38992166666667 14.712263333333333,78.39036833333331,78.39036833333331 14.710156666666668,78.39081666666665,78.39081666666665 14.708048333333332,78.39126499999999,78.39126499999999 14.705933333333334,78.39171499999999,78.39171499999999 14.703811666666665,78.39216333333333,78.39216333333333 14.701683333333335,78.39261333333333,78.39261333333333 14.699549999999999,78.39306333333333,78.39306333333333 14.697411666666667,78.393515,78.393515 14.695268333333333,78.39396666666666,78.39396666666666 14.69312,78.39441833333332,78.39441833333332 14.690965000000002,78.39487166666665,78.39487166666665 14.688806666666668,78.395325,78.395325 14.686646666666665,78.39577833333333,78.39577833333333 14.684485,78.396235,78.396235 14.68232,78.39669,78.39669 14.680155,78.39714666666666,78.39714666666666 14.677991666666665,78.39760333333334,78.39760333333334 14.675828333333333,78.39806000000002,78.39806000000002 14.673668333333334,78.39851833333334,78.39851833333334 14.671511666666667,78.39898000000001,78.39898000000001 14.669361666666669,78.39944166666668,78.39944166666668 14.667216666666665,78.39990499999999,78.39990499999999 14.665081666666666,78.40037000000001,78.40037000000001 14.662954999999998,78.40083666666665,78.40083666666665 14.66084,78.40130500000001,78.40130500000001 14.658729999999998,78.40177499999999,78.40177499999999 14.656623333333334,78.40224333333335,78.40224333333335 14.654516666666666,78.40271,78.40271 14.652413333333334,78.40317666666667,78.40317666666667 14.650313333333333,78.40364333333333,78.40364333333333 14.648216666666666,78.40411000000002,78.40411000000002 14.646123333333332,78.404575,78.404575 14.644031666666667,78.40503999999999,78.40503999999999 14.641941666666664,78.40550333333333,78.40550333333333 14.639851666666669,78.405965,78.405965 14.637756666666668,78.40642333333334,78.40642333333334 14.635656666666668,78.40687833333332,78.40687833333332 14.63355,78.40733166666666,78.40733166666666 14.63144166666667,78.40778166666666,78.40778166666666 14.629331666666667,78.40823,78.40823 14.62722,78.40867666666666,78.40867666666666 14.625111666666665,78.40912166666668,78.40912166666668 14.623005000000001,78.40956666666666,78.40956666666666 14.62090166666667,78.41000999999999,78.41000999999999 14.618798333333332,78.41045166666666,78.41045166666666 14.616696666666666,78.41089333333332,78.41089333333332 14.6146,78.41133666666667,78.41133666666667 14.612504999999999,78.41177833333333,78.41177833333333 14.610408333333332,78.41222,78.41222 14.608308333333332,78.41265833333334,78.41265833333334 14.606198333333335,78.41309666666666,78.41309666666666 14.604088333333333,78.41353166666667,78.41353166666667 14.60197,78.41396666666667,78.41396666666667 14.599846666666668,78.41439999999999,78.41439999999999 14.597716666666667,78.41483,78.41483 14.595581666666666,78.41526,78.41526 14.593445000000003,78.41569,78.41569 14.591303333333334,78.41611833333332,78.41611833333332 14.589158333333334,78.416545,78.416545 14.587010000000001,78.41697333333335,78.41697333333335 14.584858333333335,78.4174,78.4174 14.582701666666665,78.41782666666667,78.41782666666667 14.580544999999999,78.41825333333333,78.41825333333333 14.578386666666665,78.41867999999998,78.41867999999998 14.576224999999999,78.41910833333333,78.41910833333333 14.574056666666669,78.41953666666667,78.41953666666667 14.571878333333332,78.41996333333333,78.41996333333333 14.569688333333334,78.42039166666666,78.42039166666666 14.567486666666666,78.42081833333334,78.42081833333334 14.565273333333334,78.421245,78.421245 14.563051666666668,78.42167333333335,78.42167333333335 14.560825,78.42210166666668,78.42210166666668 14.558593333333333,78.42253166666666,78.42253166666666 14.556356666666668,78.42296166666667,78.42296166666667 14.554115000000003,78.42339166666667,78.42339166666667 14.551865000000001,78.42382333333333,78.42382333333333 14.549613333333333,78.42425666666666,78.42425666666666 14.547358333333333,78.42469,78.42469 14.545101666666667,78.42512499999998,78.42512499999998 14.542843333333334,78.42556166666667,78.42556166666667 14.540585,78.426,78.426 14.538326666666666,78.42643833333334,78.42643833333334 14.536068333333333,78.42687833333332,78.42687833333332 14.533811666666667,78.42731999999998,78.42731999999998 14.531553333333333,78.42776333333333,78.42776333333333 14.529295000000003,78.42820666666667,78.42820666666667 14.527036666666666,78.42865166666668,78.42865166666668 14.524774999999998,78.42909666666667,78.42909666666667 14.522511666666666,78.429545,78.429545 14.520248333333333,78.42999166666665,78.42999166666665 14.517983333333332,78.43044166666665,78.43044166666665 14.515719999999998,78.43089333333334,78.43089333333334 14.513456666666666,78.43134499999998,78.43134499999998 14.51119,78.43179833333333,78.43179833333333 14.508924999999998,78.43225333333332,78.43225333333332 14.50666,78.43270833333334,78.43270833333334 14.504398333333333,78.43316333333334,78.43316333333334 14.50214,78.43362166666668,78.43362166666668 14.499884999999999,78.43408,78.43408 14.497631666666667,78.43453833333334,78.43453833333334 14.495383333333331,78.43499833333333,78.43499833333333 14.493140000000002,78.43545999999999,78.43545999999999 14.4909,78.43592166666667,78.43592166666667 14.488665,78.436385,78.436385 14.486433333333332,78.43684833333333,78.43684833333333 14.484206666666665,78.43731166666667,78.43731166666667 14.481979999999998,78.437775,78.437775 14.479753333333335,78.43823666666668,78.43823666666668 14.47752833333333,78.43869833333332,78.43869833333332 14.475306666666665,78.43915999999999,78.43915999999999 14.473083333333332,78.43962166666667,78.43962166666667 14.470865000000002,78.44008166666667,78.44008166666667 14.468636666666665,78.44054,78.44054 14.466405000000002,78.44099833333334,78.44099833333334 14.464168333333333,78.44145666666668,78.44145666666668 14.46193,78.44191333333333,78.44191333333333 14.459685000000002,78.44237,78.44237 14.457434999999998,78.44282499999998,78.44282499999998 14.45518,78.44328,78.44328 14.452916666666665,78.44373333333333,78.44373333333333 14.450645000000002,78.44418499999999,78.44418499999999 14.448365,78.44463666666668,78.44463666666668 14.446076666666665,78.44508499999999,78.44508499999999 14.443781666666666,78.44553499999999,78.44553499999999 14.441480000000002,78.44598333333333,78.44598333333333 14.43917,78.44643333333333,78.44643333333333 14.436853333333334,78.44688166666667,78.44688166666667 14.434531666666667,78.44733166666667,78.44733166666667 14.432203333333332,78.44778166666667,78.44778166666667 14.429871666666667,78.44823166666667,78.44823166666667 14.427534999999999,78.44868333333334,78.44868333333334 14.425195,78.44913666666666,78.44913666666666 14.422853333333334,78.44959166666665,78.44959166666665 14.420510000000002,78.45004666666667,78.45004666666667 14.418161666666666,78.45050499999999,78.45050499999999 14.415815,78.45096333333333,78.45096333333333 14.413466666666666,78.45142333333334,78.45142333333334 14.411121666666668,78.45188499999999,78.45188499999999 14.408775,78.45234666666668,78.45234666666668 14.406428333333334,78.45281,78.45281 14.404078333333334,78.45327166666667,78.45327166666667 14.401728333333331,78.45373333333333,78.45373333333333 14.399379999999999,78.45419499999998,78.45419499999998 14.397038333333333,78.45465500000002,78.45465500000002 14.394701666666665,78.45511333333334,78.45511333333334 14.392371666666667,78.45557,78.45557 14.390048333333333,78.45602666666667,78.45602666666667 14.387728333333333,78.45648,78.45648 14.38541,78.45693333333332,78.45693333333332 14.383094999999999,78.45738333333333,78.45738333333333 14.380781666666667,78.45783166666666,78.45783166666666 14.378471666666668,78.45828,78.45828 14.376161666666667,78.45872500000002,78.45872500000002 14.373850000000001,78.45916833333334,78.45916833333334 14.371535,78.45961000000001,78.45961000000001 14.369215,78.46005000000001,78.46005000000001 14.366891666666668,78.46048833333333,78.46048833333333 14.364563333333333,78.46092333333331,78.46092333333331 14.362240000000002,78.46135833333334,78.46135833333334 14.35993,78.46179333333332,78.46179333333332 14.357636666666666,78.46223166666667,78.46223166666667 14.35536,78.46267333333333,78.46267333333333 14.353105000000001,78.46311833333331,78.46311833333331 14.350868333333336,78.46356499999999,78.46356499999999 14.348651666666667,78.46401666666668,78.46401666666668 14.346451666666669,78.46447,78.46447 14.344263333333332,78.46492666666666,78.46492666666666 14.342088333333335,78.46538666666667,78.46538666666667 14.339926666666667,78.46585,78.46585 14.33777833333333,78.46631666666667,78.46631666666667 14.335646666666666,78.46678499999999,78.46678499999999 14.33353,78.46725833333333,78.46725833333333 14.33143,78.46773333333334,78.46773333333334 14.329343333333334,78.46821166666668,78.46821166666668 14.327269999999999,78.46869333333333,78.46869333333333 14.325215,78.46917666666666,78.46917666666666 14.323178333333333,78.469665,78.469665 14.321161666666669,78.470155,78.470155 14.319163333333332,78.47064666666667,78.47064666666667 14.317175,78.47114,78.47114 14.315198333333333,78.471635,78.471635 14.313235,78.47213166666668,78.47213166666668 14.31128666666667,78.47263166666667,78.47263166666667 14.309349999999998,78.47313500000001,78.47313500000001 14.307428333333334,78.47363999999999,78.47363999999999 14.305518333333335,78.47414833333335,78.47414833333335 14.303618333333334,78.47465666666668,78.47465666666668 14.30172833333333,78.47516833333333,78.47516833333333 14.299843333333335,78.47568000000001,78.47568000000001 14.297960000000002,78.47619166666667,78.47619166666667 14.296071666666666,78.47670333333333,78.47670333333333 14.294176666666667,78.47721166666666,78.47721166666666 14.292271666666664,78.47771999999999,78.47771999999999 14.29035833333333,78.47822666666666,78.47822666666666 14.28844,78.47873166666666,78.47873166666666 14.286513333333334,78.47923666666667,78.47923666666667 14.284583333333334,78.47973999999999,78.47973999999999 14.282648333333334,78.48024333333333,78.48024333333333 14.280705000000001,78.48074499999998,78.48074499999998 14.278748333333333,78.481245,78.481245 14.276771666666665,78.48174166666666,78.48174166666666 14.274774999999998,78.48223500000002,78.48223500000002 14.272758333333334,78.48272166666668,78.48272166666668 14.270723333333335,78.483205,78.483205 14.268671666666668,78.483685,78.483685 14.266606666666668,78.48416166666667,78.48416166666667 14.264528333333333,78.484635,78.484635 14.262436666666668,78.48510500000002,78.48510500000002 14.260325,78.48557166666666,78.48557166666666 14.258193333333333,78.48603166666666,78.48603166666666 14.256041666666667,78.48648833333334,78.48648833333334 14.253876666666667,78.48694166666668,78.48694166666668 14.251693333333334,78.48739,78.48739 14.24949,78.48783333333336,78.48783333333336 14.247268333333333,78.48827166666666,78.48827166666666 14.245028333333334,78.48870333333333,78.48870333333333 14.24277,78.48913166666665,78.48913166666665 14.240501666666667,78.48955666666667,78.48955666666667 14.238223333333334,78.48998,78.48998 14.235940000000001,78.49040333333333,78.49040333333333 14.233648333333333,78.490825,78.490825 14.231345,78.49124333333332,78.49124333333332 14.229031666666666,78.49166,78.49166 14.226709999999999,78.49207500000001,78.49207500000001 14.224381666666668,78.49248666666668,78.49248666666668 14.222046666666666,78.49289666666667,78.49289666666667 14.219704999999998,78.49330499999999,78.49330499999999 14.217358333333335,78.49371333333333,78.49371333333333 14.215009999999998,78.49412000000001,78.49412000000001 14.212660000000001,78.49452666666667,78.49452666666667 14.210306666666668,78.49493333333334,78.49493333333334 14.207953333333334,78.49533833333332,78.49533833333332 14.205598333333334,78.49574500000001,78.49574500000001 14.203245,78.49615,78.49615 14.200891666666667,78.496555,78.496555 14.198536666666666,78.49696,78.49696 14.196185,78.49736333333333,78.49736333333333 14.193835,78.49776833333333,78.49776833333333 14.19149,78.49817166666666,78.49817166666666 14.189149999999998,78.49857833333334,78.49857833333334 14.186813333333337,78.49898333333334,78.49898333333334 14.184479999999999,78.49939166666665,78.49939166666665 14.182150000000002,78.49980000000001,78.49980000000001 14.17982333333333,78.50021000000001,78.50021000000001 14.177498333333332,78.50062166666666,78.50062166666666 14.175176666666669,78.50103333333333,78.50103333333333 14.172855000000002,78.50144666666665,78.50144666666665 14.170533333333331,78.50186166666667,78.50186166666667 14.168208333333334,78.50227499999998,78.50227499999998 14.165881666666667,78.50269,78.50269 14.163553333333333,78.50310499999999,78.50310499999999 14.161219999999998,78.50352,78.50352 14.158883333333332,78.50393500000001,78.50393500000001 14.156541666666664,78.50435,78.50435 14.154196666666667,78.50476499999999,78.50476499999999 14.151848333333332,78.50518166666667,78.50518166666667 14.149496666666668,78.50559833333334,78.50559833333334 14.147141666666668,78.50601666666665,78.50601666666665 14.144783333333333,78.506435,78.506435 14.142421666666666,78.50685333333331,78.50685333333331 14.140056666666664,78.50727333333332,78.50727333333332 14.137686666666665,78.50769166666666,78.50769166666666 14.135313333333333,78.50811333333333,78.50811333333333 14.132936666666668,78.50853333333333,78.50853333333333 14.130558333333331,78.508955,78.508955 14.128175,78.50937833333333,78.50937833333333 14.125791666666665,78.5098,78.5098 14.123406666666664,78.51022499999999,78.51022499999999 14.121023333333335,78.51065000000001,78.51065000000001 14.118641666666667,78.51107666666667,78.51107666666667 14.116266666666668,78.51150500000001,78.51150500000001 14.113893333333332,78.51193666666667,78.51193666666667 14.11152333333333,78.51236833333334,78.51236833333334 14.109151666666666,78.51280166666668,78.51280166666668 14.106778333333333,78.51323333333333,78.51323333333333 14.104405000000002,78.51366666666667,78.51366666666667 14.102028333333331,78.5141,78.5141 14.099651666666668,78.51453499999998,78.51453499999998 14.097273333333332,78.51496833333334,78.51496833333334 14.094893333333333,78.51540499999999,78.51540499999999 14.092513333333333,78.51584333333334,78.51584333333334 14.090135000000004,78.51628333333333,78.51628333333333 14.087753333333334,78.516725,78.516725 14.085371666666667,78.51716666666667,78.51716666666667 14.082988333333333,78.51760999999999,78.51760999999999 14.080601666666666,78.518055,78.518055 14.078210000000002,78.51850166666665,78.51850166666665 14.075815,78.51894833333333,78.51894833333333 14.073416666666667,78.51939666666667,78.51939666666667 14.071011666666667,78.519845,78.519845 14.068601666666664,78.520295,78.520295 14.066186666666667,78.520745,78.520745 14.06377,78.52119666666667,78.52119666666667 14.061348333333333,78.52165,78.52165 14.058926666666666,78.52210333333335,78.52210333333335 14.056505000000001,78.52256,78.52256 14.054079999999997,78.52301666666668,78.52301666666668 14.051655,78.52347499999999,78.52347499999999 14.049228333333332,78.52393500000001,78.52393500000001 14.046801666666667,78.52439666666668,78.52439666666668 14.044376666666667,78.52485999999999,78.52485999999999 14.041951666666668,78.52532333333335,78.52532333333335 14.039529999999997,78.52578833333332,78.52578833333332 14.03711,78.526255,78.526255 14.034693333333333,78.52672166666667,78.52672166666667 14.032278333333332,78.52718833333333,78.52718833333333 14.02987,78.52765666666666,78.52765666666666 14.027463333333332,78.52812333333333,78.52812333333333 14.025056666666666,78.52859000000001,78.52859000000001 14.022649999999999,78.52905666666668,78.52905666666668 14.020243333333333,78.52952166666667,78.52952166666667 14.017840000000001,78.52998500000001,78.52998500000001 14.01543666666667,78.53045,78.53045 14.013035,78.53091333333334,78.53091333333334 14.010634999999999,78.53137666666667,78.53137666666667 14.008236666666669,78.53183999999999,78.53183999999999 14.00584,78.53230166666668,78.53230166666668 14.003446666666665,78.532765,78.532765 14.001055000000001,78.53322833333333,78.53322833333333 13.998668333333335,78.53368999999999,78.53368999999999 13.996285,78.53415333333334,78.53415333333334 13.993904999999998,78.534615,78.534615 13.99153,78.53507833333332,78.53507833333332 13.989155,78.53554000000001,78.53554000000001 13.986785000000001,78.53600333333333,78.53600333333333 13.984416666666666,78.53646499999999,78.53646499999999 13.982050000000001,78.53692833333334,78.53692833333334 13.979683333333332,78.53739,78.53739 13.977318333333335,78.53785166666667,78.53785166666667 13.974953333333334,78.53831333333332,78.53831333333332 13.972589999999999,78.53877500000002,78.53877500000002 13.970226666666667,78.53923666666667,78.53923666666667 13.967863333333332,78.53969666666667,78.53969666666667 13.965498333333334,78.54015500000001,78.54015500000001 13.963133333333333,78.54061333333334,78.54061333333334 13.960766666666665,78.54106999999999,78.54106999999999 13.958401666666667,78.54152500000001,78.54152500000001 13.956038333333332,78.54198,78.54198 13.953674999999997,78.54243499999998,78.54243499999998 13.951315,78.54288833333334,78.54288833333334 13.948958333333335,78.54334166666666,78.54334166666666 13.946608333333332,78.54379333333333,78.54379333333333 13.944263333333334,78.54424666666667,78.54424666666667 13.941923333333333,78.54469833333333,78.54469833333333 13.939588333333331,78.54514999999999,78.54514999999999 13.937255,78.54560166666666,78.54560166666666 13.934923333333332,78.54605166666666,78.54605166666666 13.932595,78.54650166666666,78.54650166666666 13.930268333333334,78.54695,78.54695 13.927945000000001,78.5474,78.5474 13.925625,78.54784833333333,78.54784833333333 13.923303333333335,78.54829666666666,78.54829666666666 13.920985,78.54874333333333,78.54874333333333 13.918668333333335,78.54919000000001,78.54919000000001 13.916351666666667,78.54963666666666,78.54963666666666 13.914035000000002,78.55008333333333,78.55008333333333 13.911718333333331,78.55052833333332,78.55052833333332 13.909400000000002,78.55097333333333,78.55097333333333 13.907078333333335,78.55141666666667,78.55141666666667 13.904755000000002,78.55186000000002,78.55186000000002 13.902426666666667,78.55230166666668,78.55230166666668 13.900096666666665,78.55274166666666,78.55274166666666 13.897765000000001,78.55318166666666,78.55318166666666 13.895431666666665,78.55362,78.55362 13.893095,78.55406,78.55406 13.890756666666666,78.55449833333334,78.55449833333334 13.888418333333334,78.55493666666666,78.55493666666666 13.886080000000002,78.55537666666669,78.55537666666669 13.883745,78.55581666666666,78.55581666666666 13.881413333333333,78.55625833333333,78.55625833333333 13.879085000000002,78.55670166666668,78.55670166666668 13.876761666666669,78.557145,78.557145 13.874443333333334,78.55758999999999,78.55758999999999 13.872133333333332,78.55803666666667,78.55803666666667 13.869831666666668,78.558485,78.558485 13.86753666666667,78.558935,78.558935 13.865246666666666,78.55938666666665,78.55938666666665 13.862958333333331,78.55983833333333,78.55983833333333 13.860668333333333,78.56029,78.56029 13.858379999999999,78.56074166666666,78.56074166666666 13.856086666666668,78.56119333333332,78.56119333333332 13.853788333333334,78.56164333333332,78.56164333333332 13.85149,78.56209499999999,78.56209499999999 13.849186666666665,78.56254666666668,78.56254666666668 13.846881666666665,78.56299833333334,78.56299833333334 13.844573333333335,78.56345,78.56345 13.842261666666664,78.56390166666667,78.56390166666667 13.839946666666668,78.56435333333333,78.56435333333333 13.837628333333335,78.56480499999999,78.56480499999999 13.835310000000002,78.56525666666666,78.56525666666666 13.832991666666665,78.56571000000001,78.56571000000001 13.830675,78.56616333333334,78.56616333333334 13.828356666666666,78.56661833333332,78.56661833333332 13.826038333333333,78.56707333333333,78.56707333333333 13.82372,78.56752833333334,78.56752833333334 13.821401666666667,78.567985,78.567985 13.819085,78.56844333333333,78.56844333333333 13.816768333333334,78.56890166666666,78.56890166666666 13.814448333333333,78.56936166666667,78.56936166666667 13.812125,78.56982166666667,78.56982166666667 13.809793333333335,78.57028,78.57028 13.807458333333333,78.57074,78.57074 13.805116666666667,78.5712,78.5712 13.802766666666667,78.57166,78.57166 13.800408333333333,78.57212166666666,78.57212166666666 13.798043333333332,78.57258166666666,78.57258166666666 13.79567,78.57304166666665,78.57304166666665 13.79329,78.57350166666666,78.57350166666666 13.790905,78.57396166666668,78.57396166666668 13.788514999999999,78.57442166666665,78.57442166666665 13.786120000000002,78.57488333333335,78.57488333333335 13.783721666666667,78.57534333333334,78.57534333333334 13.781320000000001,78.575805,78.575805 13.778916666666666,78.57626833333333,78.57626833333333 13.776515,78.57673166666667,78.57673166666667 13.774113333333334,78.577195,78.577195 13.77171666666667,78.57766000000001,78.57766000000001 13.769324999999998,78.57812833333334,78.57812833333334 13.766936666666668,78.57859499999999,78.57859499999999 13.764556666666666,78.57906500000001,78.57906500000001 13.762181666666667,78.579535,78.579535 13.759813333333334,78.58000666666668,78.58000666666668 13.757449999999999,78.58047833333333,78.58047833333333 13.755091666666665,78.58095166666668,78.58095166666668 13.752736666666665,78.581425,78.581425 13.750388333333335,78.58189833333333,78.58189833333333 13.748041666666666,78.58237333333334,78.58237333333334 13.745698333333333,78.58284833333335,78.58284833333335 13.743353333333335,78.58332333333333,78.58332333333333 13.741008333333331,78.58379833333333,78.58379833333333 13.738661666666665,78.58427333333334,78.58427333333334 13.736310000000001,78.58474999999999,78.58474999999999 13.733953333333334,78.585225,78.585225 13.73159,78.5857,78.5857 13.729218333333334,78.586175,78.586175 13.726833333333333,78.58665,78.58665 13.724435,78.58712500000001,78.58712500000001 13.722021666666667,78.58759833333333,78.58759833333333 13.719594999999998,78.58807166666668,78.58807166666668 13.71716,78.58854833333332,78.58854833333332 13.714713333333336,78.58902499999999,78.58902499999999 13.712256666666669,78.58950166666666,78.58950166666666 13.709789999999998,78.58998166666666,78.58998166666666 13.707311666666666,78.59046166666666,78.59046166666666 13.70482666666667,78.590945,78.590945 13.702331666666666,78.59143000000002,78.59143000000002 13.699824999999997,78.591915,78.591915 13.69731,78.59240333333332,78.59240333333332 13.694783333333332,78.59289166666669,78.59289166666669 13.692244999999998,78.59338333333334,78.59338333333334 13.689696666666668,78.593875,78.593875 13.687135,78.59436833333332,78.59436833333332 13.68456,78.59486166666669,78.59486166666669 13.681970000000002,78.595355,78.595355 13.679368333333331,78.59585000000001,78.59585000000001 13.676755,78.59634666666668,78.59634666666668 13.674129999999998,78.59684166666666,78.59684166666666 13.671493333333334,78.59733666666666,78.59733666666666 13.66884,78.59783166666666,78.59783166666666 13.666166666666669,78.59832666666665,78.59832666666665 13.663475000000004,78.59882166666665,78.59882166666665 13.660768333333332,78.59931666666667,78.59931666666667 13.658045,78.59981166666667,78.59981166666667 13.655304999999998,78.60030833333333,78.60030833333333 13.65255,78.60080333333335,78.60080333333335 13.649778333333332,78.60130000000001,78.60130000000001 13.646988333333335,78.60179666666666,78.60179666666666 13.644181666666666,78.60229500000001,78.60229500000001 13.641358333333336,78.602795,78.602795 13.638520000000002,78.60329499999999,78.60329499999999 13.635668333333333,78.60379666666667,78.60379666666667 13.632800000000001,78.6043,78.6043 13.629915000000002,78.604805,78.604805 13.627014999999998,78.60530833333334,78.60530833333334 13.624099999999999,78.605815,78.605815 13.621168333333332,78.60632166666667,78.60632166666667 13.618223333333333,78.60682833333334,78.60682833333334 13.615260000000001,78.607335,78.607335 13.612286666666666,78.60784333333334,78.60784333333334 13.609298333333333,78.60835166666668,78.60835166666668 13.606298333333331,78.60886166666666,78.60886166666666 13.60328666666667,78.60937166666666,78.60937166666666 13.600265000000002,78.609885,78.609885 13.597233333333334,78.61039666666669,78.61039666666669 13.594199999999999,78.61091333333334,78.61091333333334 13.591165,78.61143166666668,78.61143166666668 13.588136666666665,78.61195500000001,78.61195500000001 13.585113333333332,78.61248333333334,78.61248333333334 13.582098333333333,78.61301499999999,78.61301499999999 13.57909,78.61355166666668,78.61355166666668 13.576088333333335,78.61409166666667,78.61409166666667 13.573095,78.61463333333333,78.61463333333333 13.570108333333334,78.61517833333333,78.61517833333333 13.567133333333333,78.61572833333334,78.61572833333334 13.564171666666669,78.61628000000002,78.61628000000002 13.561221666666665,78.61683500000001,78.61683500000001 13.558278333333332,78.61739166666666,78.61739166666666 13.555340000000001,78.61795000000001,78.61795000000001 13.552408333333334,78.61851,78.61851 13.549481666666667,78.61907000000001,78.61907000000001 13.54656,78.61963333333334,78.61963333333334 13.543646666666667,78.62019666666667,78.62019666666667 13.540743333333333,78.62076333333333,78.62076333333333 13.537856666666668,78.62133333333333,78.62133333333333 13.534983333333333,78.62190666666666,78.62190666666666 13.532128333333333,78.622485,78.622485 13.529291666666666,78.62306666666667,78.62306666666667 13.526473333333334,78.62365333333335,78.62365333333335 13.523668333333335,78.62424166666666,78.62424166666666 13.520876666666666,78.62483333333333,78.62483333333333 13.518093333333335,78.62542833333335,78.62542833333335 13.515314999999998,78.62602333333334,78.62602333333334 13.512540000000001,78.62662,78.62662 13.509768333333334,78.62721666666665,78.62721666666665 13.507000000000003,78.627815,78.627815 13.504231666666666,78.628415,78.628415 13.501466666666666,78.629015,78.629015 13.498701666666665,78.62961333333334,78.62961333333334 13.495933333333335,78.63021166666668,78.63021166666668 13.493164999999998,78.63080833333333,78.63080833333333 13.490396666666667,78.631405,78.631405 13.487626666666664,78.63200166666668,78.63200166666668 13.484856666666667,78.63259500000001,78.63259500000001 13.482090000000003,78.63319,78.63319 13.479330000000001,78.63378333333333,78.63378333333333 13.476576666666665,78.63437666666668,78.63437666666668 13.473825,78.63497000000001,78.63497000000001 13.471078333333331,78.63556333333334,78.63556333333334 13.468331666666666,78.636155,78.636155 13.465584999999997,78.63674833333333,78.63674833333333 13.462836666666666,78.63734,78.63734 13.460080000000001,78.63793000000001,78.63793000000001 13.457320000000001,78.63852166666668,78.63852166666668 13.454551666666667,78.63911166666666,78.63911166666666 13.451775,78.63970333333333,78.63970333333333 13.44899,78.640295,78.640295 13.446195,78.640885,78.640885 13.443388333333333,78.641475,78.641475 13.440573333333335,78.642065,78.642065 13.437751666666667,78.64265666666667,78.64265666666667 13.434924999999998,78.64324666666667,78.64324666666667 13.432086666666663,78.64383500000001,78.64383500000001 13.42923333333333,78.64442333333332,78.64442333333332 13.426371666666666,78.64500833333334,78.64500833333334 13.423500000000002,78.64559333333332,78.64559333333332 13.420621666666667,78.64617666666666,78.64617666666666 13.417733333333334,78.64675999999999,78.64675999999999 13.414836666666668,78.64733999999999,78.64733999999999 13.411929999999998,78.64792000000001,78.64792000000001 13.409016666666666,78.64849833333334,78.64849833333334 13.406096666666667,78.649075,78.649075 13.403171666666667,78.64965166666667,78.64965166666667 13.400243333333332,78.65022666666667,78.65022666666667 13.397311666666665,78.65079999999999,78.65079999999999 13.394378333333334,78.65137333333335,78.65137333333335 13.391443333333333,78.651945,78.651945 13.388506666666668,78.65251833333332,78.65251833333332 13.385575,78.65309000000002,78.65309000000002 13.382641666666666,78.65366,78.65366 13.379710000000001,78.65423,78.65423 13.376773333333333,78.65479833333335,78.65479833333335 13.373836666666666,78.655365,78.655365 13.370896666666667,78.65593166666666,78.65593166666666 13.367951666666665,78.65649499999999,78.65649499999999 13.36499833333333,78.65705833333332,78.65705833333332 13.362035,78.65761666666667,78.65761666666667 13.359064999999998,78.65817499999999,78.65817499999999 13.356088333333332,78.65873166666667,78.65873166666667 13.353103333333337,78.65928666666667,78.65928666666667 13.350111666666665,78.65984166666667,78.65984166666667 13.347111666666668,78.660395,78.660395 13.344103333333331,78.66094666666667,78.66094666666667 13.341084999999998,78.66149833333334,78.66149833333334 13.338059999999999,78.66204833333333,78.66204833333333 13.335025,78.66259833333334,78.66259833333334 13.331985000000001,78.66314833333333,78.66314833333333 13.328936666666667,78.66369666666667,78.66369666666667 13.325885000000001,78.66424333333333,78.66424333333333 13.322831666666664,78.66479166666667,78.66479166666667 13.319776666666666,78.66533833333334,78.66533833333334 13.316718333333332,78.66588333333333,78.66588333333333 13.313659999999999,78.66642666666667,78.66642666666667 13.310601666666667,78.66697,78.66697 13.307551666666667,78.66751333333333,78.66751333333333 13.304506666666668,78.66805666666667,78.66805666666667 13.301466666666666,78.66860000000001,78.66860000000001 13.298428333333334,78.66914333333334,78.66914333333334 13.295395,78.66968666666668,78.66968666666668 13.292363333333334,78.67022833333333,78.67022833333333 13.289333333333332,78.67077166666667,78.67077166666667 13.286304999999999,78.67131666666668,78.67131666666668 13.283275,78.67186,78.67186 13.280244999999999,78.67240666666666,78.67240666666666 13.277216666666668,78.67295333333334,78.67295333333334 13.274191666666667,78.67350166666667,78.67350166666667 13.27117,78.67405333333333,78.67405333333333 13.26815,78.67460833333332,78.67460833333332 13.265131666666663,78.675165,78.675165 13.262115,78.675725,78.675725 13.2591,78.67628833333333,78.67628833333333 13.256085,78.67685333333334,78.67685333333334 13.253071666666665,78.67742166666666,78.67742166666666 13.250056666666666,78.67799000000001,78.67799000000001 13.247040000000002,78.67855833333333,78.67855833333333 13.244019999999999,78.67912666666668,78.67912666666668 13.241000000000001,78.679695,78.679695 13.237980000000002,78.68026333333333,78.68026333333333 13.234960000000001,78.68083166666668,78.68083166666668 13.231941666666668,78.68139833333333,78.68139833333333 13.228924999999998,78.68196666666665,78.68196666666665 13.225908333333335,78.68253333333334,78.68253333333334 13.222893333333332,78.6831,78.6831 13.219878333333336,78.683665,78.683665 13.216865,78.68423166666666,78.68423166666666 13.213848333333333,78.68479666666666,78.68479666666666 13.210831666666666,78.68536166666665,78.68536166666665 13.207813333333334,78.68592666666667,78.68592666666667 13.204798333333335,78.68649166666667,78.68649166666667 13.201786666666667,78.68705833333333,78.68705833333333 13.198778333333335,78.68762666666667,78.68762666666667 13.195773333333333,78.688195,78.688195 13.192773333333331,78.68876499999999,78.68876499999999 13.189778333333335,78.68933833333335,78.68933833333335 13.186788333333334,78.68991166666666,78.68991166666666 13.183801666666668,78.69048666666664,78.69048666666664 13.180816666666667,78.69106333333335,78.69106333333335 13.177836666666668,78.69164,78.69164 13.174858333333333,78.69221833333333,78.69221833333333 13.171883333333334,78.69279833333333,78.69279833333333 13.16890833333333,78.69337666666667,78.69337666666667 13.165935000000003,78.69395833333334,78.69395833333334 13.162961666666668,78.69454,78.69454 13.159984999999999,78.69512166666667,78.69512166666667 13.157006666666666,78.69570333333334,78.69570333333334 13.154025,78.696285,78.696285 13.151041666666666,78.69686833333333,78.69686833333333 13.148055,78.69745166666667,78.69745166666667 13.145063333333333,78.69803333333333,78.69803333333333 13.142068333333336,78.69861666666668,78.69861666666668 13.139068333333334,78.6992,78.6992 13.136061666666668,78.69978333333334,78.69978333333334 13.133048333333333,78.700365,78.700365 13.130026666666666,78.70094666666667,78.70094666666667 13.126993333333333,78.70152500000002,78.70152500000002 13.123951666666668,78.70210333333333,78.70210333333333 13.120901666666668,78.70267999999999,78.70267999999999 13.117843333333333,78.703255,78.703255 13.114778333333335,78.70382833333333,78.70382833333333 13.111708333333334,78.70440166666667,78.70440166666667 13.108633333333334,78.70497499999999,78.70497499999999 13.105551666666667,78.70554666666666,78.70554666666666 13.102464999999997,78.70611666666667,78.70611666666667 13.099375,78.70668500000001,78.70668500000001 13.096281666666668,78.70725166666666,78.70725166666666 13.093186666666668,78.70781833333332,78.70781833333332 13.090093333333336,78.708385,78.708385 13.086996666666668,78.70895,78.70895 13.08390166666667,78.709515,78.709515 13.080810000000001,78.71007833333333,78.71007833333333 13.077719999999998,78.71064166666666,78.71064166666666 13.074633333333335,78.71120499999999,78.71120499999999 13.071549999999997,78.71176833333335,78.71176833333335 13.068471666666667,78.71233166666666,78.71233166666666 13.065398333333334,78.71289666666668,78.71289666666668 13.062333333333333,78.71346000000001,78.71346000000001 13.059271666666666,78.714025,78.714025 13.056215000000002,78.71459,78.71459 13.053161666666664,78.71515500000001,78.71515500000001 13.05011,78.71571999999999,78.71571999999999 13.047058333333334,78.71628333333334,78.71628333333334 13.044008333333334,78.71684833333333,78.71684833333333 13.040955,78.71741166666666,78.71741166666666 13.037899999999999,78.71797333333333,78.71797333333333 13.034843333333333,78.718535,78.718535 13.031781666666667,78.71909666666667,78.71909666666667 13.028715,78.71965666666667,78.71965666666667 13.025646666666667,78.72021666666667,78.72021666666667 13.022574999999998,78.72077666666668,78.72077666666668 13.019501666666667,78.72133666666666,78.72133666666666 13.016426666666666,78.72189666666667,78.72189666666667 13.013348333333333,78.72245833333334,78.72245833333334 13.010271666666664,78.72302166666667,78.72302166666667 13.007195000000001,78.723585,78.723585 13.004118333333333,78.72415,78.72415 13.00104,78.72471666666668,78.72471666666668 12.997961666666667,78.72528333333334,78.72528333333334 12.994886666666664,78.72585166666666,78.72585166666666 12.991813333333335,78.72642166666665,78.72642166666665 12.98874,78.72699333333333,78.72699333333333 12.98567,78.727565,78.727565 12.982605,78.72813833333332,78.72813833333332 12.979538333333334,78.72871333333332,78.72871333333332 12.976471666666665,78.72928666666667,78.72928666666667 12.973401666666666,78.72986,78.72986 12.970328333333335,78.73043333333334,78.73043333333334 12.967251666666668,78.73100333333333,78.73100333333333 12.964170000000001,78.73157333333334,78.73157333333334 12.961086666666665,78.73214166666666,78.73214166666666 12.958003333333334,78.73271000000001,78.73271000000001 12.954921666666667,78.73327666666667,78.73327666666667 12.95184,78.73384333333334,78.73384333333334 12.948760000000002,78.73441,78.73441 12.945681666666665,78.73497499999999,78.73497499999999 12.942609999999998,78.73554166666665,78.73554166666665 12.939541666666667,78.73610833333333,78.73610833333333 12.936476666666666,78.73667666666668,78.73667666666668 12.933418333333336,78.737245,78.737245 12.930368333333336,78.737815,78.737815 12.927323333333335,78.73838833333333,78.73838833333333 12.924285000000001,78.73896166666667,78.73896166666667 12.921253333333333,78.73953833333334,78.73953833333334 12.918230000000001,78.74011666666667,78.74011666666667 12.915211666666668,78.74069666666666,78.74069666666666 12.912198333333333,78.74127833333333,78.74127833333333 12.909188333333336,78.74186166666667,78.74186166666667 12.906181666666667,78.74244666666668,78.74244666666668 12.903178333333337,78.74303166666667,78.74303166666667 12.900176666666669,78.74361666666665,78.74361666666665 12.897176666666667,78.74420333333333,78.74420333333333 12.894176666666665,78.74479,78.74479 12.891171666666667,78.74537666666667,78.74537666666667 12.888160000000001,78.74596,78.74596 12.885146666666667,78.74654333333332,78.74654333333332 12.882126666666666,78.74712500000001,78.74712500000001 12.879100000000003,78.74770666666666,78.74770666666666 12.876069999999999,78.74828666666666,78.74828666666666 12.873035,78.74886500000001,78.74886500000001 12.869998333333335,78.74944333333332,78.74944333333332 12.866958333333333,78.75002166666667,78.75002166666667 12.863916666666666,78.75059833333331,78.75059833333331 12.860875,78.751175,78.751175 12.857833333333332,78.75175166666665,78.75175166666665 12.854793333333333,78.75232833333334,78.75232833333334 12.851750000000001,78.75290499999998,78.75290499999998 12.848706666666667,78.75348000000001,78.75348000000001 12.845663333333334,78.754055,78.754055 12.842619999999998,78.75462999999999,78.75462999999999 12.839574999999998,78.75520499999999,78.75520499999999 12.83652666666667,78.75577833333334,78.75577833333334 12.833476666666666,78.75635166666667,78.75635166666667 12.830421666666666,78.75692166666666,78.75692166666666 12.827361666666665,78.75749166666665,78.75749166666665 12.824291666666666,78.75805833333334,78.75805833333334 12.821214999999999,78.758625,78.758625 12.818133333333332,78.75919000000002,78.75919000000002 12.81504666666667,78.75975333333335,78.75975333333335 12.811955000000001,78.76031500000002,78.76031500000002 12.808858333333333,78.76087666666666,78.76087666666666 12.805754999999998,78.76143666666667,78.76143666666667 12.802648333333332,78.76199666666668,78.76199666666668 12.799534999999999,78.76255333333333,78.76255333333333 12.796416666666667,78.76311166666666,78.76311166666666 12.793293333333335,78.76366833333334,78.76366833333334 12.790166666666666,78.76422333333333,78.76422333333333 12.787036666666664,78.76477833333333,78.76477833333333 12.783904999999999,78.76533333333333,78.76533333333333 12.780771666666666,78.76588833333335,78.76588833333335 12.777638333333334,78.76644333333334,78.76644333333334 12.774506666666666,78.767,78.767 12.771378333333331,78.76755666666666,78.76755666666666 12.76825,78.76811166666666,78.76811166666666 12.765121666666667,78.76866833333334,78.76866833333334 12.761998333333334,78.76922499999999,78.76922499999999 12.758875,78.76978166666666,78.76978166666666 12.755756666666665,78.77033833333334,78.77033833333334 12.752638333333335,78.770895,78.770895 12.749526666666668,78.77145166666665,78.77145166666665 12.746420000000002,78.77201,78.77201 12.743318333333333,78.77256833333333,78.77256833333333 12.740221666666665,78.77312666666667,78.77312666666667 12.737129999999997,78.77368666666668,78.77368666666668 12.734041666666666,78.77424833333332,78.77424833333332 12.730958333333334,78.77480999999999,78.77480999999999 12.72788,78.77537166666666,78.77537166666666 12.724803333333334,78.77593666666668,78.77593666666668 12.721729999999999,78.77650000000001,78.77650000000001 12.718658333333334,78.77706666666667,78.77706666666667 12.715586666666667,78.77763166666666,78.77763166666666 12.712516666666666,78.77819833333334,78.77819833333334 12.709445,78.77876666666666,78.77876666666666 12.706376666666664,78.77933666666667,78.77933666666667 12.703309999999998,78.77990666666668,78.77990666666668 12.700243333333331,78.78047833333333,78.78047833333333 12.697178333333333,78.78105166666667,78.78105166666667 12.694116666666664,78.78162666666667,78.78162666666667 12.691058333333334,78.78220333333334,78.78220333333334 12.688001666666667,78.78278333333333,78.78278333333333 12.684946666666667,78.78336333333333,78.78336333333333 12.68189,78.78394333333333,78.78394333333333 12.678831666666667,78.78452666666666,78.78452666666666 12.67577,78.78510833333333,78.78510833333333 12.672704999999999,78.78569166666665,78.78569166666665 12.669633333333334,78.78627499999999,78.78627499999999 12.666555,78.78685833333334,78.78685833333334 12.663468333333332,78.78744166666667,78.78744166666667 12.660376666666664,78.78802333333333,78.78802333333333 12.657278333333332,78.788605,78.788605 12.654175000000002,78.78918666666667,78.78918666666667 12.651065000000001,78.78976833333333,78.78976833333333 12.647948333333334,78.79034833333334,78.79034833333334 12.644821666666667,78.79092833333334,78.79092833333334 12.641688333333331,78.79150666666666,78.79150666666666 12.63854833333333,78.792085,78.792085 12.635403333333334,78.79266166666666,78.79266166666666 12.632251666666667,78.79323833333333,78.79323833333333 12.62909833333333,78.793815,78.793815 12.625941666666666,78.79439166666667,78.79439166666667 12.622781666666667,78.79496666666667,78.79496666666667 12.61962,78.79554166666668,78.79554166666668 12.61646,78.79611666666668,78.79611666666668 12.613299999999999,78.79669,78.79669 12.610141666666667,78.79726333333333,78.79726333333333 12.606985,78.797835,78.797835 12.603833333333332,78.79840666666666,78.79840666666666 12.600684999999999,78.79897833333334,78.79897833333334 12.597541666666666,78.79955000000001,78.79955000000001 12.594403333333332,78.80012,78.80012 12.591270000000002,78.80068999999999,78.80068999999999 12.588143333333337,78.80126,78.80126 12.585018333333336,78.80182833333335,78.80182833333335 12.581895000000001,78.80239666666667,78.80239666666667 12.57877,78.802965,78.802965 12.575646666666666,78.80353333333335,78.80353333333335 12.572523333333335,78.80410166666667,78.80410166666667 12.569398333333334,78.80467166666668,78.80467166666668 12.566275,78.80524,78.80524 12.563153333333334,78.80580833333333,78.80580833333333 12.560033333333335,78.80637833333334,78.80637833333334 12.556915,78.80694666666666,78.80694666666666 12.5538,78.80751666666667,78.80751666666667 12.550685,78.80808499999999,78.80808499999999 12.547571666666666,78.80865166666666,78.80865166666666 12.544458333333333,78.80922000000001,78.80922000000001 12.541343333333334,78.809785,78.809785 12.538224999999999,78.81035,78.81035 12.535101666666668,78.81091500000002,78.81091500000002 12.531975,78.81147833333333,78.81147833333333 12.528843333333334,78.81204,78.81204 12.525705000000002,78.81260166666667,78.81260166666667 12.522561666666665,78.81316333333334,78.81316333333334 12.519413333333333,78.81372333333334,78.81372333333334 12.51626,78.81428333333332,78.81428333333332 12.5131,78.81484333333333,78.81484333333333 12.509933333333334,78.81540166666667,78.81540166666667 12.506761666666668,78.81596166666667,78.81596166666667 12.503588333333335,78.81652000000001,78.81652000000001 12.500409999999999,78.81708000000002,78.81708000000002 12.497226666666664,78.81763833333333,78.81763833333333 12.49404,78.81819666666668,78.81819666666668 12.490848333333332,78.818755,78.818755 12.487655,78.819315,78.819315 12.484460000000002,78.81987333333333,78.81987333333333 12.481268333333333,78.820435,78.820435 12.478078333333332,78.82099666666667,78.82099666666667 12.474891666666668,78.82156,78.82156 12.47171,78.822125,78.822125 12.46853,78.82269333333333,78.82269333333333 12.465355,78.82326166666665,78.82326166666665 12.46218,78.82383166666666,78.82383166666666 12.459004999999998,78.82440166666667,78.82440166666667 12.45583333333333,78.824975,78.824975 12.45266666666667,78.82555000000002,78.82555000000002 12.44950833333333,78.82612833333333,78.82612833333333 12.446358333333334,78.82671,78.82671 12.443216666666668,78.82729333333333,78.82729333333333 12.440085,78.82788000000001,78.82788000000001 12.436958333333331,78.82846666666666,78.82846666666666 12.433835,78.829055,78.829055 12.430718333333333,78.829645,78.829645 12.427606666666668,78.83023499999999,78.83023499999999 12.4245,78.830825,78.830825 12.421396666666665,78.831415,78.831415 12.4183,78.832005,78.832005 12.415206666666666,78.83259500000001,78.83259500000001 12.412114999999998,78.83318333333334,78.83318333333334 12.409023333333334,78.83377166666668,78.83377166666668 12.40593,78.83435666666666,78.83435666666666 12.402831666666668,78.83494166666665,78.83494166666665 12.399729999999998,78.83552166666666,78.83552166666666 12.396623333333332,78.8361,78.8361 12.39351,78.83667666666666,78.83667666666666 12.390395,78.83725166666667,78.83725166666667 12.387274999999999,78.83782500000001,78.83782500000001 12.384154999999998,78.83839666666667,78.83839666666667 12.381033333333335,78.83896666666665,78.83896666666665 12.37791,78.839535,78.839535 12.374783333333335,78.84010333333335,78.84010333333335 12.371658333333334,78.84067166666667,78.84067166666667 12.368533333333335,78.84124,78.84124 12.365406666666669,78.84180666666666,78.84180666666666 12.362279999999998,78.84237333333334,78.84237333333334 12.359149999999998,78.84294,78.84294 12.356020000000003,78.84350666666666,78.84350666666666 12.35289,78.84407333333334,78.84407333333334 12.349758333333332,78.84463833333334,78.84463833333334 12.346623333333334,78.84520166666667,78.84520166666667 12.343484999999998,78.84576666666666,78.84576666666666 12.340343333333331,78.84632833333333,78.84632833333333 12.337200000000001,78.84689,78.84689 12.334055000000001,78.84745000000001,78.84745000000001 12.330909999999998,78.84800833333333,78.84800833333333 12.327766666666665,78.84856666666667,78.84856666666667 12.324625,78.84912500000002,78.84912500000002 12.32148,78.84968333333333,78.84968333333333 12.318336666666669,78.85024,78.85024 12.315193333333331,78.85079833333332,78.85079833333332 12.31205,78.851355,78.851355 12.308905,78.85191333333334,78.85191333333334 12.305760000000003,78.85247166666666,78.85247166666666 12.302611666666666,78.85302833333334,78.85302833333334 12.299465,78.85358666666667,78.85358666666667 12.296318333333332,78.85414666666668,78.85414666666668 12.293173333333336,78.85470666666666,78.85470666666666 12.290028333333332,78.85526666666667,78.85526666666667 12.286883333333332,78.85582833333333,78.85582833333333 12.283738333333336,78.85639166666667,78.85639166666667 12.280591666666664,78.85695333333334,78.85695333333334 12.277441666666668,78.85751666666667,78.85751666666667 12.27429,78.85808,78.85808 12.271135,78.85864333333333,78.85864333333333 12.267976666666666,78.859205,78.859205 12.264813333333333,78.85976833333334,78.85976833333334 12.261650000000001,78.86033,78.86033 12.258483333333333,78.86089166666667,78.86089166666667 12.255313333333334,78.86145166666665,78.86145166666665 12.252143333333334,78.86201166666666,78.86201166666666 12.248970000000002,78.86257166666665,78.86257166666665 12.245796666666669,78.86313,78.86313 12.242623333333333,78.86368833333334,78.86368833333334 12.239448333333332,78.86424666666666,78.86424666666666 12.236273333333333,78.864805,78.864805 12.2331,78.86536333333332,78.86536333333332 12.229926666666666,78.86592,78.86592 12.226754999999997,78.86647833333333,78.86647833333333 12.223586666666664,78.86703833333334,78.86703833333334 12.220420000000003,78.86759666666666,78.86759666666666 12.217259999999998,78.86815833333333,78.86815833333333 12.214105,78.86871833333333,78.86871833333333 12.210956666666666,78.86928166666667,78.86928166666667 12.207813333333334,78.869845,78.869845 12.204676666666668,78.87040833333333,78.87040833333333 12.201543333333332,78.87097333333332,78.87097333333332 12.198415,78.87153833333335,78.87153833333335 12.19529,78.87210333333334,78.87210333333334 12.192166666666665,78.87267,78.87267 12.189046666666664,78.87323666666666,78.87323666666666 12.18593,78.87380166666667,78.87380166666667 12.182813333333334,78.87436833333332,78.87436833333332 12.179698333333333,78.87493333333335,78.87493333333335 12.176583333333333,78.87549833333334,78.87549833333334 12.173466666666666,78.87606333333333,78.87606333333333 12.170348333333333,78.87662666666667,78.87662666666667 12.167226666666668,78.87719,78.87719 12.164101666666667,78.87775166666667,78.87775166666667 12.160973333333333,78.87831166666668,78.87831166666668 12.15784,78.87887166666665,78.87887166666665 12.154701666666664,78.87943,78.87943 12.151558333333334,78.87998666666667,78.87998666666667 12.148410000000002,78.88054333333332,78.88054333333332 12.145251666666665,78.88109833333334,78.88109833333334 12.142088333333334,78.88165166666666,78.88165166666666 12.138919999999999,78.88220333333335,78.88220333333335 12.135745000000002,78.88275499999999,78.88275499999999 12.132566666666666,78.88330666666667,78.88330666666667 12.129388333333335,78.88385833333334,78.88385833333334 12.126208333333334,78.88441166666667,78.88441166666667 12.12302833333333,78.88496333333332,78.88496333333332 12.119845000000002,78.88551666666667,78.88551666666667 12.116663333333333,78.88607,78.88607 12.113483333333333,78.88662500000001,78.88662500000001 12.110303333333333,78.88718166666666,78.88718166666666 12.107125,78.88773833333332,78.88773833333332 12.103948333333333,78.88829666666666,78.88829666666666 12.100776666666663,78.88885666666667,78.88885666666667 12.097608333333335,78.88941833333334,78.88941833333334 12.094443333333333,78.88998166666667,78.88998166666667 12.091283333333335,78.890545,78.890545 12.08813,78.89111166666666,78.89111166666666 12.08498,78.89168000000001,78.89168000000001 12.081835,78.89224833333333,78.89224833333333 12.078696666666668,78.89281833333334,78.89281833333334 12.075559999999998,78.89338833333333,78.89338833333333 12.072424999999999,78.89395833333332,78.89395833333332 12.069291666666667,78.89453000000002,78.89453000000002 12.066161666666668,78.8951,78.8951 12.063035,78.89567166666666,78.89567166666666 12.059908333333333,78.89624333333333,78.89624333333333 12.056783333333334,78.89681333333334,78.89681333333334 12.053659999999999,78.89738333333334,78.89738333333334 12.050533333333332,78.89795333333332,78.89795333333332 12.047403333333333,78.89852166666667,78.89852166666667 12.044269999999997,78.89908833333335,78.89908833333335 12.041131666666669,78.89965500000001,78.89965500000001 12.037989999999999,78.90022166666667,78.90022166666667 12.034843333333333,78.900785,78.900785 12.031691666666665,78.90135000000001,78.90135000000001 12.028538333333334,78.90191333333334,78.90191333333334 12.025385000000004,78.90247666666667,78.90247666666667 12.022228333333333,78.90303999999999,78.90303999999999 12.019068333333333,78.90360166666666,78.90360166666666 12.015908333333336,78.90416499999999,78.90416499999999 12.012746666666667,78.90472666666666,78.90472666666666 12.009585,78.90529,78.90529 12.00642333333333,78.90585333333334,78.90585333333334 12.003261666666665,78.90641666666667,78.90641666666667 12.000100000000002,78.90698,78.90698 11.996941666666666,78.90754333333332,78.90754333333332 11.993783333333331,78.90810833333333,78.90810833333333 11.990626666666667,78.90867333333333,78.90867333333333 11.987471666666666,78.90923666666666,78.90923666666666 11.984316666666665,78.90980166666665,78.90980166666665 11.981160000000001,78.91036500000001,78.91036500000001 11.978005,78.91092833333335,78.91092833333335 11.974846666666668,78.91149166666668,78.91149166666668 11.971684999999999,78.91205333333335,78.91205333333335 11.968521666666668,78.91261333333333,78.91261333333333 11.965353333333333,78.91317166666666,78.91317166666666 11.962181666666666,78.91373,78.91373 11.959008333333333,78.91428666666668,78.91428666666668 11.955831666666667,78.91484333333334,78.91484333333334 11.952655,78.91539833333333,78.91539833333333 11.949476666666666,78.91595333333333,78.91595333333333 11.946296666666667,78.91650833333333,78.91650833333333 11.943118333333333,78.91706333333332,78.91706333333332 11.939938333333336,78.91761833333334,78.91761833333334 11.93676,78.918175,78.918175 11.93358,78.91873,78.91873 11.930401666666668,78.91928500000002,78.91928500000002 11.927219999999998,78.91984166666666,78.91984166666666 11.924036666666664,78.92039666666668,78.92039666666668 11.920851666666666,78.92095166666667,78.92095166666667 11.917665,78.92150666666666,78.92150666666666 11.914475000000001,78.92206166666666,78.92206166666666 11.911285000000003,78.922615,78.922615 11.908091666666667,78.92316833333332,78.92316833333332 11.904896666666666,78.92372,78.92372 11.901696666666666,78.92427166666667,78.92427166666667 11.898493333333331,78.92482333333334,78.92482333333334 11.895288333333335,78.92537333333333,78.92537333333333 11.892083333333336,78.92592499999999,78.92592499999999 11.888878333333333,78.92647500000001,78.92647500000001 11.885674999999999,78.92702666666668,78.92702666666668 11.882473333333333,78.92758,78.92758 11.879276666666668,78.92813333333335,78.92813333333335 11.876086666666668,78.92868833333334,78.92868833333334 11.872903333333333,78.92924666666666,78.92924666666666 11.869726666666667,78.92980666666666,78.92980666666666 11.866555000000004,78.93037,78.93037 11.863385000000001,78.93093166666667,78.93093166666667 11.860218333333332,78.93149666666666,78.93149666666666 11.857054999999999,78.93206333333332,78.93206333333332 11.853896666666666,78.93263166666667,78.93263166666667 11.850750000000001,78.93320333333334,78.93320333333334 11.847618333333333,78.93377999999998,78.93377999999998 11.844505,78.93436166666667,78.93436166666667 11.841410000000002,78.93495,78.93495 11.838333333333333,78.93554166666667,78.93554166666667 11.83528,78.93614,78.93614 11.832245,78.93674166666666,78.93674166666666 11.829225000000001,78.93734833333333,78.93734833333333 11.826211666666664,78.93795666666668,78.93795666666668 11.823205000000002,78.93856500000001,78.93856500000001 11.820201666666666,78.93917333333334,78.93917333333334 11.817199999999998,78.93978333333332,78.93978333333332 11.814196666666666,78.94039166666666,78.94039166666666 11.811193333333332,78.941,78.941 11.808190000000003,78.94160833333333,78.94160833333333 11.805188333333335,78.942215,78.942215 11.802183333333334,78.94282,78.94282 11.799178333333336,78.94342499999999,78.94342499999999 11.796173333333336,78.94402666666667,78.94402666666667 11.79316833333333,78.94462833333334,78.94462833333334 11.790166666666666,78.94523,78.94523 11.787168333333334,78.94583166666666,78.94583166666666 11.784171666666667,78.94643166666667,78.94643166666667 11.781171666666665,78.94703,78.94703 11.778171666666667,78.94762833333331,78.94762833333331 11.77517,78.948225,78.948225 11.772163333333333,78.94881999999998,78.94881999999998 11.769151666666668,78.94941333333334,78.94941333333334 11.766135,78.950005,78.950005 11.763115,78.95059666666667,78.95059666666667 11.76009,78.95118666666667,78.95118666666667 11.757061666666669,78.95177666666667,78.95177666666667 11.754028333333334,78.95236333333335,78.95236333333335 11.750991666666666,78.95295166666666,78.95295166666666 11.747948333333333,78.95353666666665,78.95353666666665 11.744901666666665,78.95412166666667,78.95412166666667 11.741851666666665,78.954705,78.954705 11.7388,78.95528833333333,78.95528833333333 11.73574666666667,78.95587166666665,78.95587166666665 11.732691666666664,78.95645333333333,78.95645333333333 11.729634999999998,78.95703666666668,78.95703666666668 11.726574999999997,78.95761833333331,78.95761833333331 11.723511666666665,78.9582,78.9582 11.720445,78.95877999999999,78.95877999999999 11.717374999999999,78.95936166666668,78.95936166666668 11.714301666666666,78.95994166666667,78.95994166666667 11.711223333333333,78.96052,78.96052 11.708143333333332,78.9611,78.9611 11.705065000000001,78.96167833333335,78.96167833333335 11.701986666666668,78.96225999999999,78.96225999999999 11.698908333333334,78.96284,78.96284 11.695831666666665,78.96342,78.96342 11.692753333333332,78.96400166666666,78.96400166666666 11.689673333333335,78.96458333333334,78.96458333333334 11.686590000000002,78.965165,78.965165 11.683508333333336,78.96574666666666,78.96574666666666 11.680426666666666,78.96633,78.96633 11.677343333333331,78.96691500000001,78.96691500000001 11.674261666666668,78.9675,78.9675 11.671181666666666,78.96808666666668,78.96808666666668 11.668103333333333,78.96867499999999,78.96867499999999 11.665026666666666,78.969265,78.969265 11.661946666666665,78.969855,78.969855 11.658864999999999,78.97044666666666,78.97044666666666 11.65578,78.97103999999999,78.97103999999999 11.652695000000003,78.97163333333332,78.97163333333332 11.649608333333335,78.97222833333333,78.97222833333333 11.646519999999997,78.97282333333332,78.97282333333332 11.643431666666666,78.97342,78.97342 11.64034,78.97401666666666,78.97401666666666 11.637248333333332,78.97461499999999,78.97461499999999 11.63415333333333,78.97521333333333,78.97521333333333 11.631058333333332,78.97581166666667,78.97581166666667 11.627961666666664,78.97641166666666,78.97641166666666 11.624863333333336,78.97701166666667,78.97701166666667 11.621763333333334,78.97761000000001,78.97761000000001 11.618661666666668,78.97820666666667,78.97820666666667 11.615554999999999,78.97880333333333,78.97880333333333 11.612445,78.97939833333332,78.97939833333332 11.609333333333332,78.97998999999999,78.97998999999999 11.60622,78.98058166666665,78.98058166666665 11.603105000000003,78.98117166666665,78.98117166666665 11.599991666666666,78.98176,78.98176 11.596879999999999,78.98234666666667,78.98234666666667 11.593771666666663,78.98293333333334,78.98293333333334 11.590670000000001,78.98351833333332,78.98351833333332 11.587576666666667,78.98410333333334,78.98410333333334 11.584488333333336,78.98468833333332,78.98468833333332 11.581404999999998,78.98527,78.98527 11.57832833333333,78.98585166666666,78.98585166666666 11.575258333333334,78.98643333333332,78.98643333333332 11.572193333333333,78.98701333333334,78.98701333333334 11.569131666666665,78.98759166666667,78.98759166666667 11.566075000000001,78.98817000000001,78.98817000000001 11.563025000000001,78.98874666666667,78.98874666666667 11.559976666666667,78.98932166666667,78.98932166666667 11.556926666666667,78.98989666666665,78.98989666666665 11.553873333333335,78.99046833333333,78.99046833333333 11.550815,78.99103833333334,78.99103833333334 11.547751666666668,78.99160499999999,78.99160499999999 11.544686666666667,78.99217,78.99217 11.541623333333332,78.99273333333333,78.99273333333333 11.538566666666668,78.99329666666667,78.99329666666667 11.535515000000002,78.99385833333334,78.99385833333334 11.532468333333336,78.99442166666667,78.99442166666667 11.529425,78.99498333333332,78.99498333333332 11.526388333333333,78.99554833333333,78.99554833333333 11.523358333333332,78.99611333333333,78.99611333333333 11.520336666666665,78.99667999999998,78.99667999999998 11.517316666666666,78.99724666666667,78.99724666666667 11.514299999999999,78.99781333333333,78.99781333333333 11.511281666666665,78.99837833333332,78.99837833333332 11.508259999999998,78.998945,78.998945 11.505238333333335,78.99951166666666,78.99951166666666 11.502211666666668,79.00007833333335,79.00007833333335 11.499180000000003,79.000645,79.000645 11.496143333333334,79.00121,79.00121 11.493099999999998,79.001775,79.001775 11.490053333333332,79.00234000000002,79.00234000000002 11.487000000000002,79.00290333333335,79.00290333333335 11.483941666666666,79.00346666666665,79.00346666666665 11.480879999999999,79.00402999999999,79.00402999999999 11.477818333333335,79.00459333333335,79.00459333333335 11.474753333333334,79.00515833333334,79.00515833333334 11.471688333333335,79.00572333333334,79.00572333333334 11.468625000000001,79.00629166666666,79.00629166666666 11.465561666666666,79.00686000000002,79.00686000000002 11.462495,79.00743333333332,79.00743333333332 11.459424999999998,79.00800666666667,79.00800666666667 11.456348333333336,79.00858166666667,79.00858166666667 11.453266666666666,79.00915833333333,79.00915833333333 11.450178333333335,79.00973833333333,79.00973833333333 11.447088333333333,79.01031833333333,79.01031833333333 11.443995,79.01090166666667,79.01090166666667 11.440900000000001,79.011485,79.011485 11.437804999999999,79.01206999999998,79.01206999999998 11.434709999999999,79.01265666666666,79.01265666666666 11.431615,79.013245,79.013245 11.428524999999999,79.01383333333334,79.01383333333334 11.425436666666666,79.01442333333333,79.01442333333333 11.422355,79.01501499999999,79.01501499999999 11.419279999999999,79.01560833333333,79.01560833333333 11.416210000000001,79.01620166666666,79.01620166666666 11.41315,79.01679666666668,79.01679666666668 11.4101,79.017395,79.017395 11.407063333333335,79.01799333333334,79.01799333333334 11.404036666666666,79.01859499999999,79.01859499999999 11.40102,79.01919666666666,79.01919666666666 11.398013333333331,79.0198,79.0198 11.395015,79.02040333333333,79.02040333333333 11.392025,79.02100666666666,79.02100666666666 11.389044999999998,79.02160999999998,79.02160999999998 11.38608,79.02221333333334,79.02221333333334 11.38312833333333,79.02281666666666,79.02281666666666 11.380189999999999,79.02341833333332,79.02341833333332 11.377266666666666,79.02402000000001,79.02402000000001 11.374356666666666,79.02462166666665,79.02462166666665 11.371458333333331,79.025225,79.025225 11.368568333333332,79.025825,79.025825 11.365685000000001,79.026425,79.026425 11.3628,79.02702333333335,79.02702333333335 11.359909999999998,79.02761666666667,79.02761666666667 11.357006666666667,79.02820833333334,79.02820833333334 11.354088333333333,79.02879500000002,79.02879500000002 11.351155000000002,79.02938,79.02938 11.348198333333336,79.02996166666667,79.02996166666667 11.345218333333332,79.03054000000002,79.03054000000002 11.342216666666664,79.03111333333332,79.03111333333332 11.339195,79.03168500000001,79.03168500000001 11.336158333333332,79.03225166666667,79.03225166666667 11.33311,79.03281666666666,79.03281666666666 11.330051666666668,79.03338,79.03338 11.32698666666667,79.03394166666666,79.03394166666666 11.323916666666667,79.03450333333333,79.03450333333333 11.320836666666665,79.035065,79.035065 11.317744999999997,79.03562499999998,79.03562499999998 11.314644999999999,79.03618833333334,79.03618833333334 11.311535,79.03675333333334,79.03675333333334 11.308418333333336,79.03732,79.03732 11.305286666666666,79.03788833333334,79.03788833333334 11.302145,79.03845833333334,79.03845833333334 11.298991666666666,79.03902833333332,79.03902833333332 11.295831666666668,79.03960166666668,79.03960166666668 11.292661666666666,79.04017333333333,79.04017333333333 11.289484999999997,79.04074833333334,79.04074833333334 11.286301666666668,79.04132333333334,79.04132333333334 11.283113333333333,79.04189833333332,79.04189833333332 11.279919999999999,79.04247500000001,79.04247500000001 11.276724999999999,79.04305333333332,79.04305333333332 11.273530000000001,79.04363166666667,79.04363166666667 11.270336666666667,79.04421,79.04421 11.267148333333335,79.04478999999999,79.04478999999999 11.263963333333335,79.04537166666668,79.04537166666668 11.26078333333333,79.04595333333334,79.04595333333334 11.257606666666668,79.04653499999999,79.04653499999999 11.254433333333335,79.04711833333334,79.04711833333334 11.251266666666666,79.04770166666667,79.04770166666667 11.248104999999997,79.04828499999999,79.04828499999999 11.244951666666667,79.04886833333333,79.04886833333333 11.24181,79.04945500000001,79.04945500000001 11.238678333333334,79.05004166666666,79.05004166666666 11.235555,79.05062833333334,79.05062833333334 11.23244,79.05121666666668,79.05121666666668 11.229330000000001,79.05180499999999,79.05180499999999 11.226226666666665,79.05239333333333,79.05239333333333 11.223128333333333,79.05298166666667,79.05298166666667 11.220033333333335,79.05357000000001,79.05357000000001 11.216943333333331,79.05415833333333,79.05415833333333 11.213858333333334,79.05474666666667,79.05474666666667 11.210776666666668,79.05533500000001,79.05533500000001 11.207701666666665,79.05592333333335,79.05592333333335 11.20463166666667,79.05651333333333,79.05651333333333 11.201568333333334,79.05710166666667,79.05710166666667 11.198508333333333,79.05769000000001,79.05769000000001 11.195451666666667,79.05827999999998,79.05827999999998 11.192396666666665,79.05886833333335,79.05886833333335 11.189340000000001,79.059455,79.059455 11.186281666666664,79.06004166666666,79.06004166666666 11.183225,79.06062833333334,79.06062833333334 11.180168333333333,79.06121499999999,79.06121499999999 11.177113333333333,79.0618,79.0618 11.174061666666669,79.06238666666665,79.06238666666665 11.171014999999999,79.06297333333333,79.06297333333333 11.167971666666666,79.06356000000001,79.06356000000001 11.164931666666668,79.06414666666667,79.06414666666667 11.161896666666665,79.06473500000001,79.06473500000001 11.158863333333331,79.06532333333332,79.06532333333332 11.155831666666666,79.06591166666666,79.06591166666666 11.152803333333335,79.0665,79.0665 11.149775,79.06709000000001,79.06709000000001 11.146746666666665,79.06767833333332,79.06767833333332 11.143718333333332,79.06826833333332,79.06826833333332 11.140689999999998,79.06885833333332,79.06885833333332 11.13766,79.06944666666666,79.06944666666666 11.134625000000002,79.070035,79.070035 11.131586666666665,79.07062166666667,79.07062166666667 11.12854,79.07120666666665,79.07120666666665 11.125485,79.07179166666667,79.07179166666667 11.122421666666664,79.07237166666667,79.07237166666667 11.119353333333333,79.07295166666665,79.07295166666665 11.116281666666666,79.07352833333333,79.07352833333333 11.113206666666667,79.07410333333335,79.07410333333335 11.110126666666668,79.07467833333334,79.07467833333334 11.107041666666664,79.07525000000001,79.07525000000001 11.103955000000001,79.07582333333335,79.07582333333335 11.100866666666665,79.076395,79.076395 11.097775000000002,79.07696666666668,79.07696666666668 11.094678333333333,79.07753666666669,79.07753666666669 11.091578333333334,79.07810833333333,79.07810833333333 11.088473333333331,79.07867833333333,79.07867833333333 11.085361666666666,79.07925,79.07925 11.082240000000002,79.07982166666667,79.07982166666667 11.079111666666666,79.08039166666667,79.08039166666667 11.075975000000001,79.08096333333332,79.08096333333332 11.072829999999998,79.08153500000002,79.08153500000002 11.069680000000002,79.08210833333332,79.08210833333332 11.066526666666666,79.08268166666667,79.08268166666667 11.063368333333335,79.08325500000001,79.08325500000001 11.060205,79.08382833333333,79.08382833333333 11.057043333333334,79.08440333333333,79.08440333333333 11.05387666666667,79.08498,79.08498 11.050708333333334,79.08555666666666,79.08555666666666 11.047536666666668,79.08613333333332,79.08613333333332 11.044366666666669,79.08671166666666,79.08671166666666 11.041195000000002,79.08729,79.08729 11.038025000000003,79.08787000000001,79.08787000000001 11.034855,79.08844999999998,79.08844999999998 11.031683333333335,79.08903166666667,79.08903166666667 11.028513333333335,79.08961166666666,79.08961166666666 11.025343333333335,79.09019333333335,79.09019333333335 11.022171666666667,79.09077333333333,79.09077333333333 11.019003333333334,79.09135500000002,79.09135500000002 11.015835000000001,79.09193499999999,79.09193499999999 11.012669999999998,79.092515,79.092515 11.009506666666669,79.09309666666667,79.09309666666667 11.006343333333332,79.09367666666667,79.09367666666667 11.003178333333334,79.09425500000002,79.09425500000002 11.000015000000001,79.09483499999999,79.09483499999999 10.996853333333334,79.095415,79.095415 10.993694999999999,79.095995,79.095995 10.990535000000001,79.096575,79.096575 10.987376666666666,79.09715500000001,79.09715500000001 10.984218333333335,79.09773333333332,79.09773333333332 10.981061666666667,79.09831333333334,79.09831333333334 10.977904999999998,79.09889333333334,79.09889333333334 10.97474833333333,79.09947166666667,79.09947166666667 10.971594999999997,79.10005166666666,79.10005166666666 10.968441666666667,79.10063,79.10063 10.965293333333333,79.10121000000001,79.10121000000001 10.962144999999998,79.10179000000001,79.10179000000001 10.959,79.10236833333333,79.10236833333333 10.95586,79.10294999999999,79.10294999999999 10.952725000000001,79.10353166666665,79.10353166666665 10.949593333333333,79.10411333333333,79.10411333333333 10.946463333333334,79.10469666666665,79.10469666666665 10.943336666666669,79.10527999999998,79.10527999999998 10.94020833333333,79.10586333333333,79.10586333333333 10.937081666666666,79.10644666666667,79.10644666666667 10.933953333333331,79.10703166666669,79.10703166666669 10.930825,79.10761333333332,79.10761333333332 10.927700000000002,79.10819666666666,79.10819666666666 10.924578333333331,79.10877833333335,79.10877833333335 10.92145833333333,79.10935833333332,79.10935833333332 10.918341666666667,79.10993833333333,79.10993833333333 10.915230000000001,79.11051666666667,79.11051666666667 10.912123333333334,79.11109333333334,79.11109333333334 10.909019999999998,79.11166833333334,79.11166833333334 10.905918333333334,79.11224333333334,79.11224333333334 10.902816666666668,79.11281833333335,79.11281833333335 10.899713333333333,79.11339166666666,79.11339166666666 10.896608333333333,79.11396333333333,79.11396333333333 10.893498333333334,79.11453499999999,79.11453499999999 10.890385,79.115105,79.115105 10.887265,79.11567500000001,79.11567500000001 10.884139999999999,79.11624499999999,79.11624499999999 10.881011666666666,79.11681333333333,79.11681333333333 10.877878333333335,79.11738333333334,79.11738333333334 10.874741666666669,79.11795333333332,79.11795333333332 10.871604999999999,79.11852333333333,79.11852333333333 10.868463333333333,79.11909333333332,79.11909333333332 10.86532,79.119665,79.119665 10.862174999999997,79.12023666666667,79.12023666666667 10.859028333333333,79.12080833333333,79.12080833333333 10.855883333333335,79.12138333333336,79.12138333333336 10.852738333333333,79.12195833333334,79.12195833333334 10.849591666666667,79.122535,79.122535 10.846441666666665,79.12311333333334,79.12311333333334 10.84329166666667,79.12369333333332,79.12369333333332 10.840138333333336,79.12427333333332,79.12427333333332 10.836986666666668,79.12485666666666,79.12485666666666 10.833835,79.12544000000001,79.12544000000001 10.830681666666665,79.12602333333334,79.12602333333334 10.827528333333332,79.12660666666666,79.12660666666666 10.824375000000002,79.12719166666668,79.12719166666668 10.82122,79.12777666666665,79.12777666666665 10.818066666666667,79.12836166666666,79.12836166666666 10.814911666666669,79.12894833333334,79.12894833333334 10.811755000000002,79.12953333333333,79.12953333333333 10.808598333333336,79.13011833333333,79.13011833333333 10.805441666666665,79.13070333333334,79.13070333333334 10.802285,79.13128833333333,79.13128833333333 10.799128333333332,79.13187333333335,79.13187333333335 10.795976666666665,79.13245833333333,79.13245833333333 10.792828333333334,79.133045,79.133045 10.789685000000002,79.13363166666667,79.13363166666667 10.786548333333332,79.13421833333335,79.13421833333335 10.783415,79.13480666666666,79.13480666666666 10.780286666666665,79.13539666666667,79.13539666666667 10.777158333333334,79.13598666666667,79.13598666666667 10.77403,79.13657499999998,79.13657499999998 10.770899999999997,79.13716333333332,79.13716333333332 10.767766666666668,79.13775166666666,79.13775166666666 10.76463,79.13834,79.13834 10.761486666666666,79.138925,79.138925 10.758339999999999,79.13951000000002,79.13951000000002 10.755190000000002,79.140095,79.140095 10.752036666666665,79.14067999999999,79.14067999999999 10.748883333333334,79.14126333333334,79.14126333333334 10.745726666666666,79.14184666666668,79.14184666666668 10.742568333333335,79.14243,79.14243 10.73940833333333,79.14301166666667,79.14301166666667 10.736246666666668,79.14359333333334,79.14359333333334 10.733083333333333,79.14417333333334,79.14417333333334 10.729916666666668,79.14475333333333,79.14475333333333 10.726746666666669,79.14533333333333,79.14533333333333 10.723575000000002,79.14591166666666,79.14591166666666 10.720398333333332,79.14648833333335,79.14648833333335 10.717216666666666,79.147065,79.147065 10.714031666666664,79.14764,79.14764 10.710843333333333,79.148215,79.148215 10.707651666666665,79.14878833333334,79.14878833333334 10.70446,79.14936333333334,79.14936333333334 10.701268333333335,79.14993833333332,79.14993833333332 10.698075,79.15051333333335,79.15051333333335 10.694883333333335,79.15108833333333,79.15108833333333 10.691695000000001,79.15166333333333,79.15166333333333 10.688506666666667,79.15223999999999,79.15223999999999 10.685320000000003,79.15281666666667,79.15281666666667 10.682133333333335,79.153395,79.153395 10.67895,79.15397333333333,79.15397333333333 10.675768333333334,79.15455333333333,79.15455333333333 10.672588333333332,79.15513333333334,79.15513333333334 10.669408333333333,79.155715,79.155715 10.666228333333333,79.156295,79.156295 10.663046666666665,79.15687666666668,79.15687666666668 10.659863333333334,79.15745833333334,79.15745833333334 10.65667833333333,79.15803833333332,79.15803833333332 10.65349,79.15861833333332,79.15861833333332 10.650301666666667,79.15919833333335,79.15919833333335 10.647113333333333,79.15977833333334,79.15977833333334 10.643923333333332,79.16035666666667,79.16035666666667 10.640731666666667,79.16093500000001,79.16093500000001 10.63754,79.16151333333333,79.16151333333333 10.634346666666668,79.16209,79.16209 10.631153333333335,79.16266666666667,79.16266666666667 10.62796,79.16324166666666,79.16324166666666 10.62476666666667,79.16381833333334,79.16381833333334 10.621573333333334,79.16439333333334,79.16439333333334 10.618381666666666,79.16496833333335,79.16496833333335 10.61519,79.16554333333335,79.16554333333335 10.612,79.16611833333333,79.16611833333333 10.608811666666668,79.16669333333333,79.16669333333333 10.60562333333333,79.16726833333334,79.16726833333334 10.602436666666666,79.16784166666667,79.16784166666667 10.599248333333332,79.16841500000001,79.16841500000001 10.59606,79.16898833333333,79.16898833333333 10.59287,79.16956,79.16956 10.589679999999998,79.17013000000001,79.17013000000001 10.586488333333334,79.1707,79.1707 10.583294999999998,79.17126833333333,79.17126833333333 10.580101666666666,79.17183666666665,79.17183666666665 10.576903333333334,79.17240166666667,79.17240166666667 10.573701666666665,79.17296833333333,79.17296833333333 10.570491666666667,79.17353166666666,79.17353166666666 10.567276666666666,79.174095,79.174095 10.564055,79.17465666666666,79.17465666666666 10.560826666666667,79.17521833333333,79.17521833333333 10.557590000000001,79.17578,79.17578 10.554343333333334,79.17633999999998,79.17633999999998 10.551091666666666,79.17689999999999,79.17689999999999 10.547833333333333,79.17746,79.17746 10.544571666666664,79.17802,79.17802 10.541313333333337,79.17858,79.17858 10.538060000000002,79.17914166666667,79.17914166666667 10.534814999999998,79.179705,79.179705 10.531575000000002,79.18027000000001,79.18027000000001 10.528339999999998,79.18083333333334,79.18083333333334 10.52511,79.18139833333333,79.18139833333333 10.521886666666669,79.18196333333333,79.18196333333333 10.518670000000002,79.18252999999999,79.18252999999999 10.515460000000001,79.18309666666667,79.18309666666667 10.512261666666666,79.18366500000002,79.18366500000002 10.509071666666667,79.18423333333334,79.18423333333334 10.505889999999999,79.184805,79.184805 10.502718333333334,79.18537666666667,79.18537666666667 10.499555000000003,79.18595166666667,79.18595166666667 10.496406666666665,79.18652833333334,79.18652833333334 10.493268333333333,79.18710666666666,79.18710666666666 10.490138333333334,79.18768666666666,79.18768666666666 10.487016666666667,79.18826833333333,79.18826833333333 10.48390166666667,79.18885,79.18885 10.48079,79.18943333333333,79.18943333333333 10.47767833333333,79.19001666666665,79.19001666666665 10.47456833333333,79.19059999999999,79.19059999999999 10.471461666666668,79.191185,79.191185 10.468356666666669,79.19176999999999,79.19176999999999 10.46525,79.19235666666667,79.19235666666667 10.462141666666666,79.19294333333335,79.19294333333335 10.459028333333332,79.19353333333332,79.19353333333332 10.455911666666667,79.19412333333332,79.19412333333332 10.452791666666666,79.19471833333334,79.19471833333334 10.449663333333335,79.195315,79.195315 10.44653,79.19591333333334,79.19591333333334 10.443389999999999,79.19651499999999,79.19651499999999 10.440246666666667,79.19711999999998,79.19711999999998 10.437093333333335,79.19772499999999,79.19772499999999 10.433935,79.19833000000001,79.19833000000001 10.430769999999999,79.19893666666665,79.19893666666665 10.427605000000003,79.19954166666668,79.19954166666668 10.424436666666669,79.20014666666665,79.20014666666665 10.421271666666666,79.20074833333332,79.20074833333332 10.41811,79.20135,79.20135 10.41495,79.20195166666667,79.20195166666667 10.411794999999998,79.20255000000002,79.20255000000002 10.408646666666668,79.20314833333333,79.20314833333333 10.405506666666668,79.20374833333332,79.20374833333332 10.402378333333337,79.20434666666667,79.20434666666667 10.39926,79.20494666666667,79.20494666666667 10.396151666666666,79.20554833333333,79.20554833333333 10.393048333333335,79.20614666666667,79.20614666666667 10.389946666666665,79.20674666666667,79.20674666666667 10.386843333333333,79.207345,79.207345 10.38373,79.20793833333333,79.20793833333333 10.380600000000001,79.20852833333333,79.20852833333333 10.377453333333332,79.20911500000001,79.20911500000001 10.374291666666666,79.20969666666666,79.20969666666666 10.371111666666666,79.210275,79.210275 10.367913333333334,79.21084833333333,79.21084833333333 10.364696666666667,79.21141833333334,79.21141833333334 10.361466666666667,79.21198666666666,79.21198666666666 10.358225000000001,79.21255166666667,79.21255166666667 10.354975,79.21311333333333,79.21311333333333 10.351718333333334,79.213675,79.213675 10.348458333333333,79.21423666666666,79.21423666666666 10.345191666666667,79.21479500000001,79.21479500000001 10.34192,79.21535333333333,79.21535333333333 10.338643333333332,79.21591000000001,79.21591000000001 10.335359999999998,79.216465,79.216465 10.332071666666668,79.21701833333334,79.21701833333334 10.328780000000002,79.21756833333335,79.21756833333335 10.325488333333332,79.21812,79.21812 10.322198333333334,79.21867166666667,79.21867166666667 10.318911666666667,79.21922166666667,79.21922166666667 10.315629999999999,79.21977500000001,79.21977500000001 10.312354999999998,79.22032666666668,79.22032666666668 10.309086666666666,79.22088166666667,79.22088166666667 10.305826666666666,79.22143666666665,79.22143666666665 10.302570000000001,79.22199333333333,79.22199333333333 10.299323333333334,79.22255166666667,79.22255166666667 10.296083333333334,79.22311166666665,79.22311166666665 10.292850000000001,79.22367333333332,79.22367333333332 10.28962,79.22423666666666,79.22423666666666 10.286398333333334,79.22480166666665,79.22480166666665 10.283183333333334,79.22536666666667,79.22536666666667 10.279973333333334,79.22593499999999,79.22593499999999 10.276768333333331,79.22650333333334,79.22650333333334 10.273565000000001,79.22707166666667,79.22707166666667 10.270365,79.22764166666666,79.22764166666666 10.26717,79.22821333333333,79.22821333333333 10.263974999999999,79.22878333333334,79.22878333333334 10.26078,79.22935666666666,79.22935666666666 10.257584999999999,79.22992833333333,79.22992833333333 10.254388333333333,79.23050166666667,79.23050166666667 10.251190000000001,79.23107666666665,79.23107666666665 10.247986666666668,79.23165000000002,79.23165000000002 10.244781666666668,79.232225,79.232225 10.241573333333335,79.2328,79.2328 10.238365000000002,79.23337666666666,79.23337666666666 10.235154999999999,79.23395333333333,79.23395333333333 10.231943333333332,79.23452999999999,79.23452999999999 10.228733333333334,79.23510833333333,79.23510833333333 10.225521666666667,79.23568666666667,79.23568666666667 10.222311666666668,79.23626333333333,79.23626333333333 10.219099999999997,79.23684166666666,79.23684166666666 10.215891666666664,79.23742000000001,79.23742000000001 10.212685,79.23799833333335,79.23799833333335 10.209478333333335,79.23857666666667,79.23857666666667 10.206273333333332,79.23915499999998,79.23915499999998 10.203068333333333,79.23973333333333,79.23973333333333 10.19986,79.24030833333332,79.24030833333332 10.196648333333332,79.24088333333334,79.24088333333334 10.193435000000001,79.24145833333333,79.24145833333333 10.190218333333334,79.24203166666666,79.24203166666666 10.187,79.242605,79.242605 10.183781666666665,79.24317833333332,79.24317833333332 10.180563333333334,79.24374999999999,79.24374999999999 10.177345,79.24432333333333,79.24432333333333 10.174126666666666,79.24489499999999,79.24489499999999 10.170908333333331,79.24546666666666,79.24546666666666 10.167691666666666,79.24603666666667,79.24603666666667 10.164478333333333,79.24660833333333,79.24660833333333 10.161264999999998,79.24718,79.24718 10.158055,79.24775000000001,79.24775000000001 10.154846666666666,79.24831999999999,79.24831999999999 10.151643333333334,79.24888999999999,79.24888999999999 10.148445,79.24946,79.24946 10.145251666666667,79.25002833333332,79.25002833333332 10.142064999999999,79.25059666666667,79.25059666666667 10.138881666666665,79.251165,79.251165 10.135701666666668,79.25173166666666,79.25173166666666 10.132523333333333,79.25229666666668,79.25229666666668 10.129348333333335,79.25286166666667,79.25286166666667 10.126175000000002,79.25342500000001,79.25342500000001 10.123003333333331,79.25399,79.25399 10.119831666666666,79.25455333333333,79.25455333333333 10.11665666666667,79.25511666666667,79.25511666666667 10.11348,79.25568,79.25568 10.110300000000002,79.25624500000002,79.25624500000002 10.107115000000002,79.25680999999999,79.25680999999999 10.10392833333333,79.25737500000001,79.25737500000001 10.100738333333332,79.25794,79.25794 10.097546666666668,79.25850666666666,79.25850666666666 10.094349999999999,79.25907166666666,79.25907166666666 10.091151666666667,79.25963666666667,79.25963666666667 10.087950000000001,79.26020166666666,79.26020166666666 10.084744999999998,79.26076666666665,79.26076666666665 10.081535,79.26133166666668,79.26133166666668 10.07832,79.26189500000001,79.26189500000001 10.075099999999999,79.26245833333334,79.26245833333334 10.071873333333334,79.26302000000001,79.26302000000001 10.068641666666668,79.26358333333332,79.26358333333332 10.065403333333332,79.26414333333332,79.26414333333332 10.062156666666668,79.26470499999999,79.26470499999999 10.058903333333333,79.265265,79.265265 10.055643333333334,79.26582499999999,79.26582499999999 10.052378333333335,79.26638333333334,79.26638333333334 10.049104999999999,79.26694166666665,79.26694166666665 10.045826666666665,79.2675,79.2675 10.042545,79.26805833333331,79.26805833333331 10.039261666666667,79.26861833333335,79.26861833333335 10.035981666666668,79.26917833333333,79.26917833333333 10.032701666666664,79.26974,79.26974 10.029425,79.27030166666667,79.27030166666667 10.026148333333333,79.270865,79.270865 10.022874999999999,79.27143,79.27143 10.0196,79.27199333333333,79.27199333333333 10.016323333333336,79.27255666666666,79.27255666666666 10.013048333333336,79.27312166666668,79.27312166666668 10.009776666666665,79.27368666666665,79.27368666666665 10.006506666666667,79.27425166666667,79.27425166666667 10.003236666666666,79.27481666666667,79.27481666666667 9.999968333333333,79.27538166666666,79.27538166666666 9.996701666666665,79.27594666666668,79.27594666666668 9.993436666666666,79.27651333333334,79.27651333333334 9.990174999999999,79.27708166666666,79.27708166666666 9.986913333333334,79.27765,79.27765 9.983653333333333,79.27822,79.27822 9.980396666666667,79.27879166666668,79.27879166666668 9.977143333333332,79.279365,79.279365 9.97389,79.27994,79.27994 9.97064,79.280515,79.280515 9.967388333333336,79.28109333333333,79.28109333333333 9.964138333333334,79.28167,79.28167 9.960886666666667,79.28224833333333,79.28224833333333 9.957635,79.28282833333333,79.28282833333333 9.954383333333334,79.28340833333334,79.28340833333334 9.951131666666667,79.28398833333334,79.28398833333334 9.94788,79.28457,79.28457 9.944625,79.28515000000002,79.28515000000002 9.941368333333333,79.28572999999999,79.28572999999999 9.93811,79.28631,79.28631 9.934849999999999,79.28689166666666,79.28689166666666 9.931588333333334,79.28747166666666,79.28747166666666 9.928326666666667,79.28805166666668,79.28805166666668 9.925063333333332,79.28863166666667,79.28863166666667 9.921801666666665,79.28921333333332,79.28921333333332 9.918538333333334,79.28979333333335,79.28979333333335 9.915275000000001,79.29037499999998,79.29037499999998 9.912015,79.29095666666667,79.29095666666667 9.908760000000001,79.29153833333332,79.29153833333332 9.90551,79.29212166666667,79.29212166666667 9.902263333333334,79.29270666666666,79.29270666666666 9.89902,79.29329,79.29329 9.895781666666666,79.29387499999999,79.29387499999999 9.892541666666666,79.29445833333331,79.29445833333331 9.889299999999999,79.29504,79.29504 9.886058333333333,79.29562166666668,79.29562166666668 9.882814999999999,79.29620166666668,79.29620166666668 9.879563333333335,79.29677833333334,79.29677833333334 9.876306666666666,79.29735500000001,79.29735500000001 9.873045000000001,79.29792833333332,79.29792833333332 9.869781666666668,79.29850166666667,79.29850166666667 9.866513333333335,79.29907166666668,79.29907166666668 9.863241666666665,79.29964166666666,79.29964166666666 9.859970000000002,79.30021,79.30021 9.856705,79.30077833333333,79.30077833333333 9.853445,79.30134833333332,79.30134833333332 9.850191666666666,79.30192,79.30192 9.846945,79.30249166666667,79.30249166666667 9.843701666666666,79.30306333333333,79.30306333333333 9.840463333333336,79.303635,79.303635 9.83723,79.30420833333334,79.30420833333334 9.834001666666667,79.30478333333335,79.30478333333335 9.830776666666667,79.30535666666665,79.30535666666665 9.827554999999998,79.30593166666667,79.30593166666667 9.824340000000001,79.30650666666666,79.30650666666666 9.821128333333334,79.30708333333334,79.30708333333334 9.81792,79.30766,79.30766 9.814713333333334,79.30823666666667,79.30823666666667 9.811506666666665,79.30881166666667,79.30881166666667 9.808296666666667,79.30938833333333,79.30938833333333 9.805081666666666,79.30996333333331,79.30996333333331 9.801858333333332,79.31053833333334,79.31053833333334 9.798626666666667,79.31111166666666,79.31111166666666 9.79539,79.31168333333333,79.31168333333333 9.792145,79.31225666666667,79.31225666666667 9.788896666666666,79.31282833333333,79.31282833333333 9.785643333333335,79.31340166666666,79.31340166666666 9.78238666666667,79.31397333333334,79.31397333333334 9.779128333333334,79.31454666666666,79.31454666666666 9.775868333333335,79.31512,79.31512 9.772608333333332,79.31569333333333,79.31569333333333 9.769350000000001,79.31626666666665,79.31626666666665 9.766093333333334,79.31684166666668,79.31684166666668 9.762838333333335,79.31741666666666,79.31741666666666 9.75958,79.31799,79.31799 9.756316666666667,79.31856333333333,79.31856333333333 9.753053333333336,79.31913833333334,79.31913833333334 9.749786666666669,79.319715,79.319715 9.746514999999999,79.32029000000001,79.32029000000001 9.743236666666668,79.32086666666667,79.32086666666667 9.739956666666664,79.32144333333335,79.32144333333335 9.736671666666666,79.32202166666667,79.32202166666667 9.73338,79.32259999999998,79.32259999999998 9.730080000000001,79.32317833333333,79.32317833333333 9.726771666666668,79.32375833333333,79.32375833333333 9.723455,79.32433833333333,79.32433833333333 9.720131666666667,79.32492,79.32492 9.716798333333331,79.32550166666667,79.32550166666667 9.713459999999998,79.32608499999999,79.32608499999999 9.710118333333334,79.32666833333333,79.32666833333333 9.706776666666666,79.32725333333332,79.32725333333332 9.703434999999999,79.32784,79.32784 9.700096666666669,79.32842666666667,79.32842666666667 9.69676,79.32901499999998,79.32901499999998 9.69343,79.32960500000002,79.32960500000002 9.690103333333333,79.33019499999999,79.33019499999999 9.686783333333333,79.33078666666665,79.33078666666665 9.683469999999998,79.33138000000001,79.33138000000001 9.680163333333335,79.331975,79.331975 9.676859999999998,79.33257166666668,79.33257166666668 9.673558333333334,79.33316833333333,79.33316833333333 9.670258333333335,79.333765,79.333765 9.66696,79.33436333333334,79.33436333333334 9.66366,79.33496333333332,79.33496333333332 9.660355,79.33556166666668,79.33556166666668 9.657044999999998,79.33615833333333,79.33615833333333 9.653731666666667,79.33675666666667,79.33675666666667 9.65042,79.33735333333335,79.33735333333335 9.647108333333334,79.33795,79.33795 9.643796666666665,79.33854666666666,79.33854666666666 9.640486666666668,79.33914166666666,79.33914166666666 9.63718,79.33973499999999,79.33973499999999 9.633873333333334,79.34032666666666,79.34032666666666 9.630568333333335,79.34091833333332,79.34091833333332 9.627265000000001,79.34150833333332,79.34150833333332 9.62396,79.34209666666666,79.34209666666666 9.620656666666667,79.342685,79.342685 9.617351666666668,79.34327333333334,79.34327333333334 9.614046666666667,79.34385833333334,79.34385833333334 9.61074,79.34444333333333,79.34444333333333 9.607431666666667,79.34502833333332,79.34502833333332 9.604123333333332,79.34561166666667,79.34561166666667 9.600813333333333,79.34619333333335,79.34619333333335 9.597498333333334,79.34677499999998,79.34677499999998 9.59418,79.34735500000001,79.34735500000001 9.590858333333331,79.34793500000002,79.34793500000002 9.587533333333333,79.34851499999999,79.34851499999999 9.584203333333333,79.34909333333334,79.34909333333334 9.580871666666667,79.34967333333334,79.34967333333334 9.577535000000001,79.35025166666667,79.35025166666667 9.574193333333334,79.35083,79.35083 9.570846666666668,79.35140833333334,79.35140833333334 9.567493333333333,79.351985,79.351985 9.564135,79.35256,79.35256 9.560770000000002,79.35313500000001,79.35313500000001 9.557399999999998,79.35370833333334,79.35370833333334 9.554026666666667,79.35428,79.35428 9.55065,79.35485000000001,79.35485000000001 9.547271666666669,79.35542,79.35542 9.543891666666667,79.35599,79.35599 9.540511666666665,79.35655833333334,79.35655833333334 9.537131666666667,79.35712666666666,79.35712666666666 9.533753333333333,79.35769333333332,79.35769333333332 9.530375,79.35826,79.35826 9.526996666666667,79.358825,79.358825 9.523615,79.35938999999999,79.35938999999999 9.520235000000001,79.35995333333335,79.35995333333335 9.516851666666668,79.36051666666668,79.36051666666668 9.513466666666668,79.36107666666666,79.36107666666666 9.510079999999999,79.36163666666667,79.36163666666667 9.50669,79.36219666666665,79.36219666666665 9.503296666666667,79.36275333333333,79.36275333333333 9.499898333333334,79.36331166666668,79.36331166666668 9.496496666666667,79.36386666666668,79.36386666666668 9.493091666666666,79.36442333333333,79.36442333333333 9.48968,79.36497666666666,79.36497666666666 9.486263333333333,79.36553166666667,79.36553166666667 9.482843333333335,79.36608666666666,79.36608666666666 9.479418333333333,79.36664166666665,79.36664166666665 9.475991666666665,79.36719666666666,79.36719666666666 9.472561666666667,79.36775333333334,79.36775333333334 9.469128333333334,79.36831,79.36831 9.465691666666666,79.36886833333334,79.36886833333334 9.462251666666665,79.36942833333332,79.36942833333332 9.458805,79.36998666666666,79.36998666666666 9.455355,79.37054666666667,79.37054666666667 9.451905,79.37110833333332,79.37110833333332 9.448453333333333,79.37167,79.37167 9.444998333333334,79.37223166666666,79.37223166666666 9.441540000000002,79.37279333333333,79.37279333333333 9.438083333333333,79.373355,79.373355 9.434625,79.37391833333334,79.37391833333334 9.431171666666668,79.37448333333333,79.37448333333333 9.427721666666669,79.37505,79.37505 9.424278333333334,79.37561833333332,79.37561833333332 9.420843333333334,79.37619,79.37619 9.417416666666664,79.37676333333334,79.37676333333334 9.413996666666666,79.37733666666665,79.37733666666665 9.410580000000001,79.37791166666665,79.37791166666665 9.407168333333333,79.37848666666666,79.37848666666666 9.403756666666668,79.37906166666666,79.37906166666666 9.400348333333334,79.37963500000001,79.37963500000001 9.396941666666667,79.38021,79.38021 9.393536666666666,79.38078333333334,79.38078333333334 9.390134999999999,79.38135666666666,79.38135666666666 9.386735000000002,79.38193,79.38193 9.383334999999999,79.38250166666667,79.38250166666667 9.379936666666666,79.38307333333333,79.38307333333333 9.376536666666668,79.38364333333334,79.38364333333334 9.373136666666666,79.38421333333335,79.38421333333335 9.369734999999999,79.38478166666667,79.38478166666667 9.366333333333332,79.38535,79.38535 9.362931666666665,79.38591666666666,79.38591666666666 9.359530000000001,79.38648499999998,79.38648499999998 9.356131666666665,79.38705333333336,79.38705333333336 9.352736666666669,79.38762166666667,79.38762166666667 9.349345,79.38819166666667,79.38819166666667 9.345956666666666,79.38876333333332,79.38876333333332 9.342574999999998,79.38933666666668,79.38933666666668 9.339198333333334,79.38991333333333,79.38991333333333 9.335833333333332,79.39049000000001,79.39049000000001 9.332478333333333,79.39107000000001,79.39107000000001 9.329131666666665,79.39165166666666,79.39165166666666 9.325795000000001,79.39223333333332,79.39223333333332 9.322466666666665,79.39281833333334,79.39281833333334 9.319143333333333,79.39340166666666,79.39340166666666 9.315824999999998,79.39398666666666,79.39398666666666 9.312511666666667,79.39457000000002,79.39457000000002 9.309198333333335,79.39515333333334,79.39515333333334 9.305886666666666,79.395735,79.395735 9.302576666666665,79.39631666666668,79.39631666666668 9.299265000000002,79.39689666666665,79.39689666666665 9.295953333333333,79.397475,79.397475 9.292638333333333,79.39805166666667,79.39805166666667 9.289321666666668,79.39862833333333,79.39862833333333 9.286003333333333,79.39920333333332,79.39920333333332 9.282681666666669,79.39977666666668,79.39977666666668 9.279356666666667,79.40034999999999,79.40034999999999 9.27603,79.40092333333334,79.40092333333334 9.2727,79.40149666666667,79.40149666666667 9.269366666666668,79.40206833333333,79.40206833333333 9.26603,79.40264166666667,79.40264166666667 9.262693333333335,79.403215,79.403215 9.259356666666667,79.40378999999999,79.40378999999999 9.256016666666667,79.40436666666668,79.40436666666668 9.252675,79.40494166666666,79.40494166666666 9.249329999999999,79.40551833333335,79.40551833333335 9.245986666666665,79.40609666666666,79.40609666666666 9.242641666666668,79.406675,79.406675 9.239293333333336,79.40725333333332,79.40725333333332 9.235945000000001,79.40783499999999,79.40783499999999 9.232598333333334,79.40841499999999,79.40841499999999 9.229255,79.40899833333332,79.40899833333332 9.225911666666669,79.40958166666665,79.40958166666665 9.222568333333335,79.41016666666667,79.41016666666667 9.219228333333334,79.41075333333335,79.41075333333335 9.215891666666664,79.41134,79.41134 9.212556666666668,79.41192666666667,79.41192666666667 9.209223333333334,79.41251499999998,79.41251499999998 9.205893333333332,79.41310166666666,79.41310166666666 9.202568333333334,79.41369,79.41369 9.199246666666667,79.41427833333334,79.41427833333334 9.195928333333333,79.41486666666667,79.41486666666667 9.192615000000002,79.41545500000001,79.41545500000001 9.189308333333335,79.41604333333332,79.41604333333332 9.186003333333332,79.41663166666666,79.41663166666666 9.182698333333335,79.41722,79.41722 9.179395000000001,79.41780833333334,79.41780833333334 9.176089999999999,79.41839666666665,79.41839666666665 9.172783333333332,79.41898666666665,79.41898666666665 9.169473333333334,79.419575,79.419575 9.166161666666666,79.420165,79.420165 9.162844999999999,79.42075666666666,79.42075666666666 9.159525,79.42134666666666,79.42134666666666 9.156196666666668,79.42193666666667,79.42193666666667 9.152863333333334,79.422525,79.422525 9.149526666666665,79.42311333333333,79.42311333333333 9.146186666666667,79.42369999999998,79.42369999999998 9.14284,79.424285,79.424285 9.139485,79.42486833333335,79.42486833333335 9.136125000000002,79.42545,79.42545 9.132761666666665,79.42603,79.42603 9.129393333333333,79.42661,79.42661 9.126016666666668,79.42718833333335,79.42718833333335 9.122635,79.42776666666666,79.42776666666666 9.119250000000001,79.42834333333334,79.42834333333334 9.115861666666666,79.42891999999999,79.42891999999999 9.112468333333334,79.42949499999999,79.42949499999999 9.109066666666667,79.43006999999999,79.43006999999999 9.105660000000002,79.43064333333334,79.43064333333334 9.102249999999998,79.43121500000001,79.43121500000001 9.098836666666667,79.43178666666667,79.43178666666667 9.095421666666665,79.43235833333334,79.43235833333334 9.092006666666666,79.43293000000001,79.43293000000001 9.088589999999998,79.43350000000001,79.43350000000001 9.085173333333334,79.43406999999999,79.43406999999999 9.081753333333333,79.43464,79.43464 9.078336666666665,79.43521000000001,79.43521000000001 9.07492,79.43578000000001,79.43578000000001 9.071501666666668,79.43634999999999,79.43634999999999 9.068076666666666,79.43691833333334,79.43691833333334 9.064651666666666,79.43748666666669,79.43748666666669 9.061225,79.43805333333334,79.43805333333334 9.057796666666666,79.43862166666666,79.43862166666666 9.054361666666667,79.43918833333333,79.43918833333333 9.050925,79.43975666666665,79.43975666666665 9.047488333333332,79.440325,79.440325 9.044045,79.44089500000001,79.44089500000001 9.040595,79.44146333333333,79.44146333333333 9.037133333333333,79.44203,79.44203 9.033661666666665,79.44259666666666,79.44259666666666 9.030181666666666,79.44316166666668,79.44316166666668 9.026696666666668,79.44372499999999,79.44372499999999 9.023205,79.44428833333332,79.44428833333332 9.019706666666668,79.44484999999999,79.44484999999999 9.016206666666667,79.44541333333332,79.44541333333332 9.012703333333333,79.44597499999999,79.44597499999999 9.009198333333332,79.44653833333332,79.44653833333332 9.00569,79.44709999999999,79.44709999999999 9.00218,79.44766333333332,79.44766333333332 8.99867,79.44822666666666,79.44822666666666 8.99516,79.44878999999999,79.44878999999999 8.991648333333334,79.44935333333332,79.44935333333332 8.988138333333334,79.44991666666665,79.44991666666665 8.984628333333335,79.45047999999998,79.45047999999998 8.981118333333333,79.45104166666665,79.45104166666665 8.977609999999999,79.45160499999999,79.45160499999999 8.974105,79.45216833333335,79.45216833333335 8.970601666666665,79.45273166666665,79.45273166666665 8.967105,79.45329499999998,79.45329499999998 8.963613333333333,79.45386,79.45386 8.960130000000001,79.45442666666666,79.45442666666666 8.956653333333332,79.45499333333335,79.45499333333335 8.953186666666666,79.45556333333334,79.45556333333334 8.949728333333333,79.45613499999999,79.45613499999999 8.946279999999998,79.45670666666666,79.45670666666666 8.942841666666668,79.45728333333334,79.45728333333334 8.939406666666667,79.45785833333333,79.45785833333333 8.935975000000001,79.458435,79.458435 8.93255,79.45901166666667,79.45901166666667 8.929129999999999,79.45958999999999,79.45958999999999 8.92571,79.46016666666667,79.46016666666667 8.922286666666668,79.46074166666668,79.46074166666668 8.918866666666664,79.46131666666668,79.46131666666668 8.915448333333334,79.46189333333334,79.46189333333334 8.912031666666667,79.46246666666666,79.46246666666666 8.908615,79.46304166666668,79.46304166666668 8.9052,79.46361499999999,79.46361499999999 8.901786666666666,79.46418833333334,79.46418833333334 8.898376666666666,79.46476166666667,79.46476166666667 8.894968333333331,79.465335,79.465335 8.891561666666666,79.46590666666667,79.46590666666667 8.888158333333333,79.46647833333334,79.46647833333334 8.88476,79.46705,79.46705 8.881361666666667,79.46762166666667,79.46762166666667 8.877965,79.46819166666668,79.46819166666668 8.874571666666665,79.46876166666667,79.46876166666667 8.871179999999999,79.46933333333332,79.46933333333332 8.867788333333333,79.46990333333333,79.46990333333333 8.864398333333334,79.47047166666665,79.47047166666665 8.861010000000002,79.47104166666666,79.47104166666666 8.857619999999999,79.47161166666666,79.47161166666666 8.854226666666667,79.47218166666667,79.47218166666667 8.850828333333334,79.47274999999999,79.47274999999999 8.847423333333333,79.47331666666668,79.47331666666668 8.844014999999999,79.47388166666667,79.47388166666667 8.840598333333332,79.47444666666667,79.47444666666667 8.837175,79.47501000000001,79.47501000000001 8.83374333333333,79.47557333333333,79.47557333333333 8.830306666666667,79.47613333333334,79.47613333333334 8.826863333333336,79.476695,79.476695 8.823413333333333,79.47725500000001,79.47725500000001 8.819958333333334,79.47781333333333,79.47781333333333 8.816500000000001,79.47837166666667,79.47837166666667 8.813036666666665,79.47893166666665,79.47893166666665 8.809568333333335,79.47949,79.47949 8.8061,79.48004833333333,79.48004833333333 8.802631666666667,79.48060666666667,79.48060666666667 8.799166666666666,79.48116666666668,79.48116666666668 8.795705,79.48172666666666,79.48172666666666 8.792246666666667,79.48228833333333,79.48228833333333 8.788795000000002,79.48285,79.48285 8.785348333333333,79.48341333333333,79.48341333333333 8.781908333333332,79.48397833333333,79.48397833333333 8.778473333333332,79.48454166666669,79.48454166666669 8.775036666666665,79.48510666666665,79.48510666666665 8.771605000000001,79.48567000000001,79.48567000000001 8.768175000000001,79.48623333333335,79.48623333333335 8.764746666666666,79.48679833333334,79.48679833333334 8.761316666666666,79.48736000000001,79.48736000000001 8.757886666666666,79.48792333333334,79.48792333333334 8.75446,79.48848500000001,79.48848500000001 8.751033333333334,79.48904666666668,79.48904666666668 8.747608333333334,79.48960833333335,79.48960833333335 8.744183333333334,79.49017000000002,79.49017000000002 8.740758333333332,79.49073166666666,79.49073166666666 8.737336666666666,79.49129333333333,79.49129333333333 8.733916666666667,79.49185666666666,79.49185666666666 8.730501666666669,79.49242,79.49242 8.727088333333334,79.49298499999999,79.49298499999999 8.72368,79.49355166666668,79.49355166666668 8.720278333333333,79.49412000000001,79.49412000000001 8.716881666666666,79.49468999999999,79.49468999999999 8.713488333333334,79.49526166666666,79.49526166666666 8.710103333333333,79.495835,79.495835 8.706725,79.49640999999998,79.49640999999998 8.70335,79.49698666666667,79.49698666666667 8.699978333333332,79.49756333333332,79.49756333333332 8.696608333333334,79.49814166666667,79.49814166666667 8.693241666666667,79.49872166666667,79.49872166666667 8.689878333333333,79.49930166666667,79.49930166666667 8.686513333333334,79.49988166666668,79.49988166666668 8.683146666666667,79.50045999999999,79.50045999999999 8.679780000000001,79.50104,79.50104 8.67641333333333,79.50161833333334,79.50161833333334 8.673045,79.50219666666666,79.50219666666666 8.669675000000002,79.50277333333334,79.50277333333334 8.666303333333333,79.50335166666667,79.50335166666667 8.662931666666667,79.50393,79.50393 8.659558333333333,79.50450833333333,79.50450833333333 8.65618,79.50508666666666,79.50508666666666 8.652800000000001,79.505665,79.505665 8.649413333333332,79.50624166666665,79.50624166666665 8.646021666666666,79.50682166666668,79.50682166666668 8.642626666666667,79.5074,79.5074 8.639221666666666,79.50797833333331,79.50797833333331 8.635810000000001,79.508555,79.508555 8.632395000000002,79.50913333333334,79.50913333333334 8.62898,79.50971166666666,79.50971166666666 8.625561666666666,79.51028833333334,79.51028833333334 8.622145,79.510865,79.510865 8.618735,79.51144166666667,79.51144166666667 8.615331666666666,79.51201999999999,79.51201999999999 8.611938333333333,79.51259833333333,79.51259833333333 8.608556666666669,79.51317666666667,79.51317666666667 8.605190000000002,79.51375666666665,79.51375666666665 8.601838333333333,79.51433666666668,79.51433666666668 8.598503333333333,79.51492,79.51492 8.595183333333335,79.51550333333334,79.51550333333334 8.59187,79.516085,79.516085 8.588553333333333,79.516665,79.516665 8.585235,79.51724333333333,79.51724333333333 8.581909999999999,79.51782,79.51782 8.578571666666665,79.51839333333334,79.51839333333334 8.575216666666668,79.51896500000001,79.51896500000001 8.571846666666666,79.51953333333333,79.51953333333333 8.568463333333332,79.5201,79.5201 8.565073333333332,79.52066666666666,79.52066666666666 8.561673333333333,79.52122833333333,79.52122833333333 8.558263333333334,79.52179,79.52179 8.554848333333332,79.52234833333334,79.52234833333334 8.551429999999998,79.52290833333333,79.52290833333333 8.548006666666666,79.52346666666668,79.52346666666668 8.544576666666666,79.52402333333333,79.52402333333333 8.541141666666665,79.52457999999999,79.52457999999999 8.537709999999999,79.52513833333333,79.52513833333333 8.534275000000001,79.52569666666666,79.52569666666666 8.530836666666668,79.52625333333334,79.52625333333334 8.527398333333334,79.52681,79.52681 8.523958333333333,79.52736833333334,79.52736833333334 8.520518333333332,79.52792333333333,79.52792333333333 8.517076666666666,79.52848,79.52848 8.513636666666667,79.52903500000002,79.52903500000002 8.510196666666666,79.52958833333332,79.52958833333332 8.506758333333334,79.53014333333334,79.53014333333334 8.50332,79.53069666666669,79.53069666666669 8.49988,79.53124999999999,79.53124999999999 8.496436666666668,79.53180166666667,79.53180166666667 8.492989999999999,79.53235333333333,79.53235333333333 8.489538333333334,79.532905,79.532905 8.486086666666669,79.53345500000002,79.53345500000002 8.482631666666666,79.534005,79.534005 8.479176666666667,79.53455500000001,79.53455500000001 8.475721666666669,79.53510500000002,79.53510500000002 8.472266666666666,79.535655,79.535655 8.468811666666666,79.53620333333332,79.53620333333332 8.465356666666667,79.53675333333334,79.53675333333334 8.461900000000002,79.53730166666665,79.53730166666665 8.458440000000001,79.53784833333334,79.53784833333334 8.454978333333335,79.538395,79.538395 8.451516666666668,79.53894166666669,79.53894166666669 8.448054999999998,79.53948666666666,79.53948666666666 8.444591666666666,79.54003166666665,79.54003166666665 8.441126666666666,79.54057666666665,79.54057666666665 8.437661666666665,79.54112166666667,79.54112166666667 8.434193333333335,79.54166666666667,79.54166666666667 8.430724999999997,79.54220999999998,79.54220999999998 8.427256666666667,79.542755,79.542755 8.423784999999999,79.5433,79.5433 8.420308333333331,79.54384333333334,79.54384333333334 8.416828333333333,79.54438666666667,79.54438666666667 8.413348333333333,79.54493000000001,79.54493000000001 8.409866666666666,79.54547500000001,79.54547500000001 8.40638,79.54602,79.54602 8.402891666666667,79.54656666666666,79.54656666666666 8.399403333333334,79.547115,79.547115 8.395911666666665,79.547665,79.547665 8.392414999999998,79.548215,79.548215 8.388916666666667,79.54876666666668,79.54876666666668 8.385415,79.54932166666667,79.54932166666667 8.381911666666669,79.54987666666666,79.54987666666666 8.378405,79.55043500000001,79.55043500000001 8.374896666666666,79.55099666666666,79.55099666666666 8.371388333333336,79.55156000000001,79.55156000000001 8.367884999999998,79.55212666666667,79.55212666666667 8.364381666666667,79.55269499999999,79.55269499999999 8.36088,79.553265,79.553265 8.357381666666669,79.55383666666667,79.55383666666667 8.35389166666667,79.55441000000002,79.55441000000002 8.350406666666666,79.55498500000002,79.55498500000002 8.346923333333335,79.55556,79.55556 8.343446666666667,79.55613666666666,79.55613666666666 8.339974999999999,79.55671333333333,79.55671333333333 8.336508333333333,79.55729166666666,79.55729166666666 8.333045000000002,79.55787,79.55787 8.32958666666667,79.55844666666668,79.55844666666668 8.326128333333333,79.55902499999999,79.55902499999999 8.32267,79.55960166666668,79.55960166666668 8.319213333333334,79.56017833333333,79.56017833333333 8.315756666666665,79.56075333333332,79.56075333333332 8.312300000000002,79.56132833333332,79.56132833333332 8.308838333333332,79.56190000000001,79.56190000000001 8.305376666666666,79.56247166666668,79.56247166666668 8.301916666666667,79.56304166666668,79.56304166666668 8.298453333333333,79.56361166666666,79.56361166666666 8.294985000000002,79.56417833333332,79.56417833333332 8.291514999999999,79.564745,79.564745 8.288041666666667,79.56531,79.56531 8.284564999999999,79.56587333333333,79.56587333333333 8.281081666666667,79.566435,79.566435 8.277596666666668,79.566995,79.566995 8.274109999999999,79.56755333333332,79.56755333333332 8.270621666666667,79.56811166666667,79.56811166666667 8.26713,79.56866666666667,79.56866666666667 8.263636666666667,79.56922166666666,79.56922166666666 8.260145,79.56977666666666,79.56977666666666 8.256651666666667,79.57032833333334,79.57032833333334 8.253161666666667,79.57088166666666,79.57088166666666 8.249671666666668,79.57143333333333,79.57143333333333 8.246186666666667,79.57198499999998,79.57198499999998 8.242703333333333,79.57253833333331,79.57253833333331 8.239223333333332,79.57309000000001,79.57309000000001 8.235745,79.57364333333332,79.57364333333332 8.232268333333336,79.57419499999999,79.57419499999999 8.22879,79.57474833333335,79.57474833333335 8.225311666666666,79.57529833333334,79.57529833333334 8.221831666666667,79.57585,79.57585 8.218353333333333,79.57639833333333,79.57639833333333 8.214871666666667,79.57694666666666,79.57694666666666 8.211390000000002,79.57749333333334,79.57749333333334 8.207911666666666,79.57803833333334,79.57803833333334 8.204438333333332,79.57858499999999,79.57858499999999 8.200970000000002,79.57912999999999,79.57912999999999 8.197506666666666,79.57967666666667,79.57967666666667 8.194053333333333,79.580225,79.580225 8.190603333333334,79.58077499999999,79.58077499999999 8.187153333333333,79.58132333333333,79.58132333333333 8.183706666666664,79.58187333333333,79.58187333333333 8.180260000000002,79.58242166666666,79.58242166666666 8.176813333333333,79.58297166666667,79.58297166666667 8.173368333333332,79.58352333333335,79.58352333333335 8.169921666666667,79.58407499999998,79.58407499999998 8.166476666666666,79.58462666666667,79.58462666666667 8.163033333333335,79.58518166666666,79.58518166666666 8.159588333333334,79.58573666666665,79.58573666666665 8.156141666666668,79.58629166666667,79.58629166666667 8.152693333333334,79.58685,79.58685 8.149244999999999,79.58740666666665,79.58740666666665 8.145796666666666,79.58796666666666,79.58796666666666 8.142348333333334,79.58852833333333,79.58852833333333 8.138898333333334,79.58909166666666,79.58909166666666 8.135448333333331,79.58965666666666,79.58965666666666 8.132,79.590225,79.590225 8.128555,79.59079333333334,79.59079333333334 8.125108333333333,79.59136499999998,79.59136499999998 8.12166,79.59193499999999,79.59193499999999 8.118215,79.59250666666667,79.59250666666667 8.114773333333332,79.59307833333332,79.59307833333332 8.111335,79.59365,79.59365 8.1079,79.59422166666667,79.59422166666667 8.104471666666667,79.59479333333333,79.59479333333333 8.101049999999999,79.59536333333334,79.59536333333334 8.097631666666667,79.59593333333335,79.59593333333335 8.094219999999998,79.59650166666667,79.59650166666667 8.090811666666667,79.59706833333333,79.59706833333333 8.087408333333334,79.597635,79.597635 8.084008333333333,79.59819999999999,79.59819999999999 8.080611666666664,79.59876333333332,79.59876333333332 8.077215,79.59932666666666,79.59932666666666 8.073820000000001,79.59988833333333,79.59988833333333 8.070425000000002,79.60045,79.60045 8.067025,79.60101,79.60101 8.063619999999998,79.60157,79.60157 8.060213333333333,79.60213166666668,79.60213166666668 8.056799999999999,79.60269166666667,79.60269166666667 8.05338,79.60325166666668,79.60325166666668 8.049953333333335,79.60381166666666,79.60381166666666 8.046520000000001,79.60437166666667,79.60437166666667 8.043081666666666,79.60493166666667,79.60493166666667 8.039634999999999,79.60549166666665,79.60549166666665 8.036185,79.60605333333332,79.60605333333332 8.03273,79.60661499999999,79.60661499999999 8.029271666666668,79.60717666666666,79.60717666666666 8.025809999999998,79.60773999999999,79.60773999999999 8.022350000000001,79.60830166666666,79.60830166666666 8.018891666666669,79.608865,79.608865 8.015435,79.60942666666666,79.60942666666666 8.011981666666667,79.60999,79.60999 8.008526666666668,79.61055166666667,79.61055166666667 8.005073333333332,79.61111333333334,79.61111333333334 8.001618333333333,79.611675,79.611675 7.998158333333333,79.612235,79.612235 7.994691666666667,79.61279333333334,79.61279333333334 7.991221666666666,79.61335166666666,79.61335166666666 7.987751666666667,79.61390833333334,79.61390833333334 7.984278333333333,79.61446333333333,79.61446333333333 7.980801666666668,79.61501833333334,79.61501833333334 7.977313333333332,79.61557,79.61557 7.973816666666665,79.61612,79.61612 7.970311666666667,79.61666666666667,79.61666666666667 7.966791666666668,79.61721166666668,79.61721166666668 7.963261666666668,79.61775166666666,79.61775166666666 7.959723333333333,79.61829166666666,79.61829166666666 7.956181666666667,79.61882833333333,79.61882833333333 7.952638333333334,79.61936499999999,79.61936499999999 7.949093333333333,79.61990000000002,79.61990000000002 7.945551666666667,79.62043499999999,79.62043499999999 7.942019999999999,79.62097166666668,79.62097166666668 7.938495,79.62150833333334,79.62150833333334 7.934971666666667,79.62204666666666,79.62204666666666 7.931455000000001,79.62258499999999,79.62258499999999 7.9279433333333325,79.62312333333334,79.62312333333334 7.92443,79.62366166666668,79.62366166666668 7.920916666666667,79.6242,79.6242 7.9174050000000005,79.62473666666666,79.62473666666666 7.913891666666666,79.62527499999999,79.62527499999999 7.910376666666668,79.62581333333331,79.62581333333331 7.90686,79.62635,79.62635 7.903345,79.62689000000002,79.62689000000002 7.899826666666666,79.62742833333334,79.62742833333334 7.896306666666667,79.62796666666667,79.62796666666667 7.892785,79.62850499999999,79.62850499999999 7.889263333333334,79.62904333333333,79.62904333333333 7.885741666666666,79.62958166666668,79.62958166666668 7.882218333333333,79.63012,79.63012 7.878696666666667,79.63065833333333,79.63065833333333 7.87518,79.63119666666665,79.63119666666665 7.871664999999999,79.63173666666667,79.63173666666667 7.868155,79.63227666666667,79.63227666666667 7.86465,79.63281666666666,79.63281666666666 7.861149999999999,79.63335666666667,79.63335666666667 7.857654999999999,79.63389666666666,79.63389666666666 7.854166666666667,79.63443833333334,79.63443833333334 7.850681666666666,79.63498,79.63498 7.847195,79.63552166666668,79.63552166666668 7.843708333333333,79.63606333333335,79.63606333333335 7.840216666666667,79.63660666666667,79.63660666666667 7.836721666666667,79.63715166666665,79.63715166666665 7.833221666666666,79.63769666666668,79.63769666666668 7.829713333333332,79.63824333333334,79.63824333333334 7.826200000000001,79.63879,79.63879 7.822684999999999,79.63933666666667,79.63933666666667 7.819166666666666,79.639885,79.639885 7.815646666666667,79.64043333333333,79.64043333333333 7.812128333333335,79.64098000000001,79.64098000000001 7.808615,79.64153,79.64153 7.805104999999999,79.64207833333332,79.64207833333332 7.801598333333334,79.64263,79.64263 7.798095000000001,79.64318166666666,79.64318166666666 7.794593333333333,79.64373333333333,79.64373333333333 7.791094999999999,79.64428666666667,79.64428666666667 7.787593333333334,79.64484166666666,79.64484166666666 7.78409,79.64539666666666,79.64539666666666 7.780588333333332,79.64595166666666,79.64595166666666 7.7770866666666665,79.64651,79.64651 7.773585000000001,79.64706666666666,79.64706666666666 7.770085,79.64762666666667,79.64762666666667 7.766588333333334,79.64818666666667,79.64818666666667 7.763093333333334,79.64874833333334,79.64874833333334 7.759601666666667,79.64931166666668,79.64931166666668 7.756113333333334,79.64987666666667,79.64987666666667 7.752628333333332,79.65044333333333,79.65044333333333 7.749146666666666,79.65100999999999,79.65100999999999 7.745665000000002,79.65157666666667,79.65157666666667 7.742185,79.652145,79.652145 7.738706666666666,79.65271333333332,79.65271333333332 7.73523,79.65328166666667,79.65328166666667 7.731753333333334,79.65384999999999,79.65384999999999 7.728281666666668,79.65442,79.65442 7.7248133333333335,79.65499166666666,79.65499166666666 7.72135,79.65556333333333,79.65556333333333 7.717893333333334,79.656135,79.656135 7.714440000000001,79.65670666666666,79.65670666666666 7.710993333333334,79.65727833333334,79.65727833333334 7.7075516666666655,79.65784999999998,79.65784999999998 7.704113333333334,79.65841999999999,79.65841999999999 7.700676666666668,79.65898833333333,79.65898833333333 7.6972433333333345,79.65955333333332,79.65955333333332 7.693811666666666,79.66011833333334,79.66011833333334 7.690383333333333,79.66068166666668,79.66068166666668 7.686959999999999,79.66124333333335,79.66124333333335 7.683541666666668,79.66180500000002,79.66180500000002 7.680126666666665,79.66236666666666,79.66236666666666 7.676713333333334,79.66292833333333,79.66292833333333 7.673303333333333,79.66349166666666,79.66349166666666 7.669886666666668,79.66405333333333,79.66405333333333 7.666466666666667,79.66461666666666,79.66461666666666 7.663043333333333,79.66517833333333,79.66517833333333 7.6596166666666665,79.66574166666666,79.66574166666666 7.656188333333334,79.66630666666666,79.66630666666666 7.652755,79.66686999999999,79.66686999999999 7.649318333333333,79.66743666666667,79.66743666666667 7.645871666666666,79.668,79.668 7.642413333333334,79.66856333333334,79.66856333333334 7.638945,79.66912500000001,79.66912500000001 7.635468333333334,79.66968499999999,79.66968499999999 7.631988333333333,79.67024166666667,79.67024166666667 7.628505,79.67079833333334,79.67079833333334 7.625021666666667,79.67135333333333,79.67135333333333 7.62154,79.67190666666666,79.67190666666666 7.618061666666667,79.67246166666668,79.67246166666668 7.614583333333334,79.67301666666668,79.67301666666668 7.611105,79.67357000000001,79.67357000000001 7.607626666666666,79.674125,79.674125 7.6041516666666675,79.67467833333335,79.67467833333335 7.600676666666667,79.67523333333334,79.67523333333334 7.597201666666667,79.67578666666667,79.67578666666667 7.593728333333334,79.67634000000001,79.67634000000001 7.590258333333333,79.67689333333334,79.67689333333334 7.586795,79.67744666666667,79.67744666666667 7.583331666666667,79.67800000000001,79.67800000000001 7.579866666666667,79.67855166666665,79.67855166666665 7.576399999999999,79.6791,79.6791 7.57293,79.67964833333335,79.67964833333335 7.569458333333334,79.68019666666667,79.68019666666667 7.565983333333333,79.68074333333333,79.68074333333333 7.562503333333333,79.68129000000002,79.68129000000002 7.559021666666666,79.681835,79.681835 7.555535,79.68237999999998,79.68237999999998 7.552043333333334,79.68292499999998,79.68292499999998 7.548548333333334,79.68347,79.68347 7.545048333333333,79.68401333333334,79.68401333333334 7.541543333333334,79.68455666666668,79.68455666666668 7.538035000000001,79.68509999999999,79.68509999999999 7.534523333333334,79.68564500000001,79.68564500000001 7.531006666666667,79.68618833333335,79.68618833333335 7.527485,79.68673166666667,79.68673166666667 7.523956666666667,79.68727333333332,79.68727333333332 7.5204233333333335,79.687815,79.687815 7.516890000000001,79.68835666666668,79.68835666666668 7.5133600000000005,79.68889833333333,79.68889833333333 7.509833333333334,79.68943833333333,79.68943833333333 7.506306666666667,79.68997833333331,79.68997833333331 7.502783333333334,79.69051833333333,79.69051833333333 7.499265,79.69105833333334,79.69105833333334 7.495753333333333,79.69159833333333,79.69159833333333 7.492246666666667,79.69214,79.69214 7.488739999999999,79.69268000000001,79.69268000000001 7.485236666666666,79.69322,79.69322 7.4817350000000005,79.69376000000001,79.69376000000001 7.478235000000001,79.69430000000001,79.69430000000001 7.474733333333333,79.69484166666666,79.69484166666666 7.47123,79.69538166666665,79.69538166666665 7.467721666666667,79.69592333333333,79.69592333333333 7.464208333333332,79.69646333333334,79.69646333333334 7.46069,79.697005,79.697005 7.457168333333334,79.69754333333333,79.69754333333333 7.453639999999999,79.69808166666665,79.69808166666665 7.450110000000001,79.69862,79.69862 7.446576666666665,79.69915666666667,79.69915666666667 7.443040000000001,79.69969166666667,79.69969166666667 7.439498333333333,79.70022666666667,79.70022666666667 7.435956666666668,79.70076,79.70076 7.432413333333333,79.701295,79.701295 7.428868333333332,79.70182833333334,79.70182833333334 7.425323333333334,79.70236166666668,79.70236166666668 7.421778333333333,79.70289500000001,79.70289500000001 7.418228333333334,79.70342666666666,79.70342666666666 7.414671666666668,79.70395666666667,79.70395666666667 7.411113333333333,79.70448666666667,79.70448666666667 7.4075500000000005,79.70501333333333,79.70501333333333 7.403983333333334,79.70554000000001,79.70554000000001 7.400411666666667,79.70606666666666,79.70606666666666 7.396835,79.70659166666665,79.70659166666665 7.393258333333335,79.70711500000002,79.70711500000002 7.389681666666666,79.70764000000001,79.70764000000001 7.386110000000001,79.708165,79.708165 7.3825433333333335,79.70869166666665,79.70869166666665 7.378985,79.70922166666666,79.70922166666666 7.375433333333333,79.70975166666668,79.70975166666668 7.3718883333333345,79.71028333333334,79.71028333333334 7.3683499999999995,79.71081500000001,79.71081500000001 7.364815000000001,79.71134833333335,79.71134833333335 7.361283333333334,79.71188333333332,79.71188333333332 7.357753333333333,79.71241833333335,79.71241833333335 7.354228333333333,79.71295333333335,79.71295333333335 7.350705,79.71349166666667,79.71349166666667 7.347183333333334,79.71403000000001,79.71403000000001 7.3436633333333345,79.71456833333333,79.71456833333333 7.340143333333334,79.71510666666666,79.71510666666666 7.336621666666668,79.71564499999998,79.71564499999998 7.333103333333334,79.71618333333333,79.71618333333333 7.329586666666668,79.71672166666669,79.71672166666669 7.3260733333333325,79.71725833333335,79.71725833333335 7.322561666666667,79.71779666666667,79.71779666666667 7.319053333333333,79.718335,79.718335 7.315544999999999,79.71887333333333,79.71887333333333 7.31204,79.71941166666666,79.71941166666666 7.308536666666666,79.71995000000001,79.71995000000001 7.305035,79.72049,79.72049 7.301538333333333,79.72103000000001,79.72103000000001 7.298041666666668,79.72157166666666,79.72157166666666 7.294548333333333,79.72211333333333,79.72211333333333 7.291056666666667,79.72265666666667,79.72265666666667 7.287565000000001,79.72320166666667,79.72320166666667 7.284073333333333,79.72374666666666,79.72374666666666 7.280583333333333,79.72429166666669,79.72429166666669 7.277093333333333,79.72483666666668,79.72483666666668 7.273603333333334,79.72538333333334,79.72538333333334 7.270116666666667,79.72593,79.72593 7.266629999999999,79.72647833333335,79.72647833333335 7.263143333333333,79.72702666666667,79.72702666666667 7.259658333333334,79.72757833333334,79.72757833333334 7.256171666666667,79.72812833333334,79.72812833333334 7.2526866666666665,79.72868166666666,79.72868166666666 7.249198333333334,79.72923666666668,79.72923666666668 7.245706666666667,79.72979166666667,79.72979166666667 7.242211666666667,79.73034666666668,79.73034666666668 7.238709999999999,79.73090166666667,79.73090166666667 7.235203333333334,79.73145666666666,79.73145666666666 7.231693333333334,79.73201166666666,79.73201166666666 7.228181666666667,79.73256500000002,79.73256500000002 7.224666666666667,79.73311833333332,79.73311833333332 7.221153333333333,79.73367166666667,79.73367166666667 7.217641666666666,79.734225,79.734225 7.214131666666666,79.73477833333332,79.73477833333332 7.2106233333333325,79.73533,79.73533 7.207116666666667,79.73588333333333,79.73588333333333 7.203611666666665,79.736435,79.736435 7.200108333333333,79.73698666666665,79.73698666666665 7.196608333333335,79.73753833333332,79.73753833333332 7.193109999999999,79.73809166666666,79.73809166666666 7.189613333333334,79.73864499999999,79.73864499999999 7.186118333333334,79.73919833333332,79.73919833333332 7.182623333333334,79.73975333333333,79.73975333333333 7.179131666666666,79.74031000000001,79.74031000000001 7.17564,79.74086666666666,79.74086666666666 7.172153333333333,79.74142333333332,79.74142333333332 7.1686733333333335,79.74198333333332,79.74198333333332 7.165196666666667,79.74254166666667,79.74254166666667 7.161723333333333,79.74310333333332,79.74310333333332 7.158253333333332,79.743665,79.743665 7.154783333333334,79.74422666666666,79.74422666666666 7.151313333333333,79.74479166666667,79.74479166666667 7.147841666666666,79.745355,79.745355 7.144363333333333,79.74592,79.74592 7.140880000000001,79.74648333333333,79.74648333333333 7.137388333333333,79.747045,79.747045 7.133891666666666,79.74760666666666,79.74760666666666 7.130388333333333,79.74816666666668,79.74816666666668 7.126873333333333,79.74872333333332,79.74872333333332 7.123348333333333,79.74927833333334,79.74927833333334 7.119813333333334,79.74983166666667,79.74983166666667 7.116265,79.75037999999999,79.75037999999999 7.112701666666666,79.75092333333333,79.75092333333333 7.109131666666666,79.751465,79.751465 7.105556666666667,79.75200666666667,79.75200666666667 7.101978333333334,79.752545,79.752545 7.098395,79.75308333333335,79.75308333333335 7.094811666666668,79.75362000000001,79.75362000000001 7.0912283333333335,79.75415500000001,79.75415500000001 7.087643333333333,79.75469166666667,79.75469166666667 7.084055000000001,79.75522666666667,79.75522666666667 7.080463333333333,79.75576166666667,79.75576166666667 7.07687,79.75629666666667,79.75629666666667 7.073274999999999,79.75683166666667,79.75683166666667 7.069675,79.75736500000001,79.75736500000001 7.066068333333334,79.75789666666665,79.75789666666665 7.062458333333333,79.75842833333333,79.75842833333333 7.058843333333334,79.75895833333334,79.75895833333334 7.05523,79.75948833333332,79.75948833333332 7.051616666666667,79.76001833333333,79.76001833333333 7.048003333333333,79.76054833333333,79.76054833333333 7.044393333333333,79.76108,79.76108 7.040786666666666,79.76161166666668,79.76161166666668 7.037181666666666,79.76214499999999,79.76214499999999 7.033575000000001,79.76267833333333,79.76267833333333 7.02997,79.76321166666666,79.76321166666666 7.026366666666666,79.76374833333333,79.76374833333333 7.022765000000001,79.76428500000002,79.76428500000002 7.019161666666667,79.76482333333334,79.76482333333334 7.015561666666668,79.76536166666666,79.76536166666666 7.011966666666667,79.76590166666666,79.76590166666666 7.008373333333333,79.76644333333334,79.76644333333334 7.004781666666666,79.76698500000002,79.76698500000002 7.0011866666666664,79.76752833333333,79.76752833333333 6.997591666666667,79.76807,79.76807 6.993996666666668,79.768615,79.768615 6.9904,79.76915833333334,79.76915833333334 6.986798333333334,79.7697,79.7697 6.983199999999999,79.770245,79.770245 6.979599999999999,79.77078833333334,79.77078833333334 6.975999999999999,79.77133166666667,79.77133166666667 6.9723933333333346,79.77187500000001,79.77187500000001 6.96878,79.77241833333332,79.77241833333332 6.965156666666667,79.77296,79.77296 6.961528333333333,79.77350166666666,79.77350166666666 6.957895,79.77404166666668,79.77404166666668 6.954255,79.77458333333335,79.77458333333335 6.950613333333332,79.77512333333334,79.77512333333334 6.946973333333332,79.77566166666666,79.77566166666666 6.943338333333332,79.77620166666667,79.77620166666667 6.939706666666666,79.77673999999999,79.77673999999999 6.936076666666666,79.77727666666665,79.77727666666665 6.932455000000001,79.77781333333334,79.77781333333334 6.928841666666667,79.77834833333334,79.77834833333334 6.925235,79.77888166666668,79.77888166666668 6.921638333333334,79.77941499999999,79.77941499999999 6.918049999999999,79.77994833333332,79.77994833333332 6.914470000000001,79.78048166666666,79.78048166666666 6.910896666666668,79.78101333333333,79.78101333333333 6.90733,79.78154333333333,79.78154333333333 6.903769999999999,79.782075,79.782075 6.900213333333332,79.78260333333333,79.78260333333333 6.896661666666668,79.78313333333334,79.78313333333334 6.893115,79.78366166666666,79.78366166666666 6.889573333333334,79.78419166666666,79.78419166666666 6.886035000000001,79.78472333333335,79.78472333333335 6.882496666666667,79.78525166666668,79.78525166666668 6.878956666666666,79.78578166666667,79.78578166666667 6.875416666666666,79.78631333333334,79.78631333333334 6.871875,79.78684333333332,79.78684333333332 6.8683283333333325,79.78737166666666,79.78737166666666 6.864781666666666,79.78790166666667,79.78790166666667 6.861233333333333,79.78843166666668,79.78843166666668 6.857683333333334,79.78896,79.78896 6.85413,79.78948833333332,79.78948833333332 6.850580000000001,79.79001833333334,79.79001833333334 6.847033333333333,79.79054666666667,79.79054666666667 6.843485000000001,79.79107499999999,79.79107499999999 6.839938333333333,79.791605,79.791605 6.836398333333334,79.79213500000002,79.79213500000002 6.832861666666667,79.79266666666666,79.79266666666666 6.82933,79.7932,79.7932 6.825803333333332,79.79373166666666,79.79373166666666 6.822278333333332,79.79426333333335,79.79426333333335 6.818755,79.79479500000001,79.79479500000001 6.815236666666667,79.79532666666668,79.79532666666668 6.81172,79.79585833333333,79.79585833333333 6.808205,79.79639,79.79639 6.804689999999999,79.79692166666668,79.79692166666668 6.80118,79.79745333333332,79.79745333333332 6.797673333333335,79.79798666666666,79.79798666666666 6.7941666666666665,79.79852,79.79852 6.790661666666666,79.79905333333333,79.79905333333333 6.787154999999999,79.79958666666667,79.79958666666667 6.78365,79.80012333333333,79.80012333333333 6.780145000000001,79.80066,79.80066 6.7766399999999996,79.80119833333332,79.80119833333332 6.773135,79.80174,79.80174 6.7696283333333325,79.80228166666667,79.80228166666667 6.766116666666667,79.802825,79.802825 6.7626,79.80336833333334,79.80336833333334 6.759081666666666,79.80391333333334,79.80391333333334 6.755561666666667,79.80445999999999,79.80445999999999 6.752036666666667,79.805005,79.805005 6.748505,79.80555166666666,79.80555166666666 6.744968333333332,79.80609833333334,79.80609833333334 6.741428333333333,79.806645,79.806645 6.7378833333333334,79.80719166666665,79.80719166666665 6.734333333333333,79.80773833333332,79.80773833333332 6.730781666666667,79.808285,79.808285 6.727228333333334,79.80883166666666,79.80883166666666 6.723673333333332,79.80937833333334,79.80937833333334 6.720113333333334,79.80992333333334,79.80992333333334 6.716551666666667,79.81047000000001,79.81047000000001 6.712981666666668,79.81101333333332,79.81101333333332 6.709396666666667,79.81155499999998,79.81155499999998 6.705798333333332,79.81209333333334,79.81209333333334 6.702191666666667,79.81263166666666,79.81263166666666 6.698576666666666,79.81316833333335,79.81316833333335 6.69495,79.81370333333332,79.81370333333332 6.691316666666666,79.81423833333332,79.81423833333332 6.687676666666666,79.81477166666666,79.81477166666666 6.684026666666668,79.815305,79.815305 6.680368333333334,79.81583833333333,79.81583833333333 6.676708333333333,79.81637166666667,79.81637166666667 6.673044999999999,79.81690666666667,79.81690666666667 6.6693733333333345,79.81744166666667,79.81744166666667 6.665696666666666,79.81797666666667,79.81797666666667 6.662018333333332,79.81851166666667,79.81851166666667 6.658341666666667,79.81904833333333,79.81904833333333 6.654666666666666,79.81958500000002,79.81958500000002 6.650993333333334,79.82012333333334,79.82012333333334 6.647328333333334,79.82066333333334,79.82066333333334 6.643665,79.82120499999999,79.82120499999999 6.640003333333334,79.82174499999998,79.82174499999998 6.636345,79.82228666666666,79.82228666666666 6.632693333333332,79.82282833333333,79.82282833333333 6.6290466666666665,79.82337,79.82337 6.6254,79.82391333333334,79.82391333333334 6.621756666666666,79.82445500000001,79.82445500000001 6.618116666666666,79.82499666666666,79.82499666666666 6.614478333333333,79.82553833333333,79.82553833333333 6.610843333333333,79.82607833333334,79.82607833333334 6.607211666666665,79.82661833333333,79.82661833333333 6.603585,79.82715833333334,79.82715833333334 6.599961666666666,79.827695,79.827695 6.5963433333333334,79.82823333333334,79.82823333333334 6.592731666666666,79.82877,79.82877 6.589124999999999,79.82930666666667,79.82930666666667 6.585523333333333,79.82984333333333,79.82984333333333 6.581928333333333,79.83037999999999,79.83037999999999 6.578339999999999,79.83091833333332,79.83091833333332 6.5747566666666675,79.831455,79.831455 6.571181666666667,79.83199500000002,79.83199500000002 6.567608333333334,79.83253333333334,79.83253333333334 6.564033333333334,79.83307333333333,79.83307333333333 6.560455,79.83361333333333,79.83361333333333 6.556876666666668,79.83415499999998,79.83415499999998 6.553296666666667,79.83469666666666,79.83469666666666 6.549715,79.83524000000001,79.83524000000001 6.546126666666667,79.83578499999999,79.83578499999999 6.542540000000001,79.83632999999999,79.83632999999999 6.53895,79.83687666666667,79.83687666666667 6.535358333333333,79.837425,79.837425 6.531764999999999,79.83797333333334,79.83797333333334 6.528166666666667,79.83852499999999,79.83852499999999 6.524566666666668,79.83907666666666,79.83907666666666 6.520963333333333,79.83962833333334,79.83962833333334 6.517354999999999,79.84018,79.84018 6.513744999999999,79.84073166666667,79.84073166666667 6.510131666666666,79.84128166666666,79.84128166666666 6.506516666666665,79.84183166666666,79.84183166666666 6.5028999999999995,79.84237999999999,79.84237999999999 6.4992866666666655,79.84292833333333,79.84292833333333 6.495673333333333,79.843475,79.843475 6.4920583333333335,79.84402,79.84402 6.488440000000001,79.84456166666666,79.84456166666666 6.484820000000001,79.84510166666668,79.84510166666668 6.481201666666668,79.84564,79.84564 6.477581666666667,79.84617666666666,79.84617666666666 6.473961666666665,79.84671166666666,79.84671166666666 6.470343333333332,79.847245,79.847245 6.466728333333333,79.84777833333334,79.84777833333334 6.463113333333333,79.84831166666665,79.84831166666665 6.459500000000001,79.84884333333332,79.84884333333332 6.455889999999999,79.84937666666666,79.84937666666666 6.45228,79.84990833333333,79.84990833333333 6.448668333333335,79.85044166666667,79.85044166666667 6.445056666666666,79.850975,79.850975 6.441443333333333,79.85150833333334,79.85150833333334 6.437830000000001,79.85204333333333,79.85204333333333 6.434209999999999,79.85257666666666,79.85257666666666 6.430588333333333,79.85311166666666,79.85311166666666 6.426968333333335,79.85364833333333,79.85364833333333 6.423343333333334,79.854185,79.854185 6.419715,79.85472,79.85472 6.416086666666667,79.85525666666666,79.85525666666666 6.4124550000000005,79.85579500000001,79.85579500000001 6.408823333333334,79.85633166666668,79.85633166666668 6.40519,79.85686833333331,79.85686833333331 6.401558333333332,79.85740833333332,79.85740833333332 6.3979333333333335,79.85794833333334,79.85794833333334 6.394311666666665,79.85849166666667,79.85849166666667 6.390696666666666,79.85903666666667,79.85903666666667 6.387090000000001,79.859585,79.859585 6.38349,79.86013666666666,79.86013666666666 6.379898333333333,79.86068999999999,79.86068999999999 6.376311666666667,79.861245,79.861245 6.372731666666666,79.861805,79.861805 6.369151666666665,79.86236333333332,79.86236333333332 6.36557,79.86292333333336,79.86292333333336 6.361986666666667,79.86348333333333,79.86348333333333 6.3583983333333345,79.86404000000002,79.86404000000002 6.354805000000001,79.864595,79.864595 6.351203333333332,79.86514833333335,79.86514833333335 6.347596666666667,79.86569999999999,79.86569999999999 6.343985,79.86624833333335,79.86624833333335 6.340365,79.866795,79.866795 6.3367416666666685,79.86734,79.86734 6.333121666666667,79.86788333333334,79.86788333333334 6.329503333333334,79.86842666666666,79.86842666666666 6.325888333333333,79.86896833333334,79.86896833333334 6.322275,79.86951000000002,79.86951000000002 6.318661666666666,79.87004833333334,79.87004833333334 6.315046666666666,79.870585,79.870585 6.311425000000001,79.87111833333334,79.87111833333334 6.3077966666666665,79.87164833333333,79.87164833333333 6.304165,79.87217666666668,79.87217666666668 6.300528333333332,79.87270166666667,79.87270166666667 6.296885,79.87322333333333,79.87322333333333 6.293239999999999,79.873745,79.873745 6.289596666666667,79.874265,79.874265 6.285956666666667,79.87478666666667,79.87478666666667 6.282321666666667,79.87530833333335,79.87530833333335 6.278690000000001,79.87583,79.87583 6.275058333333334,79.87635333333334,79.87635333333334 6.271424999999999,79.87687500000001,79.87687500000001 6.267793333333333,79.87739833333333,79.87739833333333 6.26416,79.87792166666667,79.87792166666667 6.260520000000001,79.87844333333334,79.87844333333334 6.256878333333333,79.878965,79.878965 6.253233333333333,79.87948666666666,79.87948666666666 6.249586666666666,79.88000666666666,79.88000666666666 6.245934999999999,79.88052666666667,79.88052666666667 6.242279999999999,79.881045,79.881045 6.238626666666666,79.881565,79.881565 6.2349749999999995,79.88208333333334,79.88208333333334 6.231323333333335,79.88260166666667,79.88260166666667 6.227671666666667,79.88311999999999,79.88311999999999 6.2240216666666655,79.88364000000001,79.88364000000001 6.220373333333333,79.88415833333333,79.88415833333333 6.216726666666667,79.88467666666666,79.88467666666666 6.213076666666667,79.88519666666666,79.88519666666666 6.209428333333334,79.885715,79.885715 6.205778333333335,79.88623333333334,79.88623333333334 6.2021283333333335,79.88675333333335,79.88675333333335 6.198476666666665,79.88727166666665,79.88727166666665 6.194821666666667,79.88779166666666,79.88779166666666 6.191163333333333,79.88830999999999,79.88830999999999 6.187503333333332,79.88883,79.88883 6.18384,79.88934833333333,79.88934833333333 6.180171666666666,79.88986833333334,79.88986833333334 6.1765,79.89038666666667,79.89038666666667 6.172821666666667,79.890905,79.890905 6.169138333333332,79.89142333333332,79.89142333333332 6.165448333333334,79.89194166666665,79.89194166666665 6.161754999999999,79.89245833333332,79.89245833333332 6.158056666666666,79.89297666666667,79.89297666666667 6.154353333333333,79.89349333333334,79.89349333333334 6.150645,79.89401,79.89401 6.146936666666666,79.89452833333333,79.89452833333333 6.143228333333334,79.89504666666667,79.89504666666667 6.139516666666666,79.895565,79.895565 6.135803333333333,79.896085,79.896085 6.13209,79.89660500000001,79.89660500000001 6.128380000000001,79.897125,79.897125 6.124668333333333,79.89764666666667,79.89764666666667 6.120958333333334,79.89816833333333,79.89816833333333 6.117249999999999,79.89869166666666,79.89869166666666 6.113541666666667,79.89921666666666,79.89921666666666 6.109835,79.89974166666667,79.89974166666667 6.106128333333333,79.90026666666667,79.90026666666667 6.102421666666667,79.90079166666666,79.90079166666666 6.098719999999999,79.90132,79.90132 6.095016666666667,79.90184833333332,79.90184833333332 6.091316666666668,79.90237666666667,79.90237666666667 6.087618333333334,79.90290666666665,79.90290666666665 6.083926666666668,79.90343833333333,79.90343833333333 6.080238333333333,79.90397166666666,79.90397166666666 6.076553333333334,79.904505,79.904505 6.072871666666667,79.90504,79.90504 6.069198333333332,79.90557666666666,79.90557666666666 6.06553,79.90611499999999,79.90611499999999 6.061861666666665,79.90665166666665,79.90665166666665 6.058193333333332,79.90719,79.90719 6.054528333333333,79.90772666666666,79.90772666666666 6.050865000000002,79.90826500000001,79.90826500000001 6.047201666666667,79.90880333333334,79.90880333333334 6.043538333333333,79.90934166666666,79.90934166666666 6.039876666666667,79.90988166666666,79.90988166666666 6.036218333333333,79.91042166666665,79.91042166666665 6.032563333333333,79.91096166666667,79.91096166666667 6.028901666666667,79.91150166666665,79.91150166666665 6.02524,79.91204166666667,79.91204166666667 6.0215766666666655,79.91258333333333,79.91258333333333 6.0179149999999995,79.91312333333335,79.91312333333335 6.014248333333334,79.91366500000002,79.91366500000002 6.01058,79.91420666666667,79.91420666666667 6.006911666666667,79.91474833333334,79.91474833333334 6.003241666666665,79.91529000000001,79.91529000000001 5.999566666666667,79.91583166666666,79.91583166666666 5.995886666666667,79.91637166666668,79.91637166666668 5.992201666666667,79.91691166666666,79.91691166666666 5.988525,79.91744666666666,79.91744666666666 5.984826666666667,79.91798166666668,79.91798166666668 5.981118333333335,79.91851666666666,79.91851666666666 5.977416666666667,79.91905,79.91905 5.973718333333333,79.91958333333334,79.91958333333334 5.970028333333333,79.92011500000001,79.92011500000001 5.966343333333333,79.92064666666668,79.92064666666668 5.962665,79.92117666666667,79.92117666666667 5.958996666666667,79.92170833333331,79.92170833333331 5.955333333333335,79.92223833333333,79.92223833333333 5.951673333333334,79.92276666666666,79.92276666666666 5.948021666666667,79.92329666666667,79.92329666666667 5.944373333333335,79.92382333333333,79.92382333333333 5.940728333333334,79.92434999999999,79.92434999999999 5.937083333333335,79.924875,79.924875 5.933438333333334,79.92539833333333,79.92539833333333 5.9297900000000014,79.92591833333333,79.92591833333333 5.926138333333333,79.92643666666665,79.92643666666665 5.922483333333333,79.92695333333334,79.92695333333334 5.918821666666665,79.92746666666667,79.92746666666667 5.91515,79.92797666666667,79.92797666666667 5.911471666666667,79.92848333333333,79.92848333333333 5.907784999999999,79.92898833333334,79.92898833333334 5.904093333333333,79.92949,79.92949 5.900398333333334,79.92998833333333,79.92998833333333 5.896704999999998,79.93048499999999,79.93048499999999 5.893018333333333,79.93098333333334,79.93098333333334 5.889335,79.93148166666666,79.93148166666666 5.88565,79.93198166666667,79.93198166666667 5.881965,79.93248166666666,79.93248166666666 5.87828,79.93298333333334,79.93298333333334 5.8745949999999985,79.93348666666667,79.93348666666667 5.870908333333333,79.93399166666667,79.93399166666667 5.86722,79.9345,79.9345 5.863529999999999,79.93500833333333,79.93500833333333 5.859836666666666,79.93552,79.93552 5.856136666666667,79.93603166666668,79.93603166666668 5.852436666666667,79.93654333333333,79.93654333333333 5.848731666666667,79.93705666666668,79.93705666666668 5.845021666666666,79.93757333333333,79.93757333333333 5.84131,79.93809,79.93809 5.837596666666667,79.93861,79.93861 5.8338816666666675,79.93913166666667,79.93913166666667 5.830168333333334,79.93965499999999,79.93965499999999 5.826455000000001,79.94017999999998,79.94017999999998 5.822743333333333,79.94070833333333,79.94070833333333 5.819038333333333,79.94124000000001,79.94124000000001 5.815336666666668,79.94177166666665,79.94177166666665 5.811638333333334,79.94230666666668,79.94230666666668 5.807946666666666,79.94284333333334,79.94284333333334 5.804261666666668,79.94338333333333,79.94338333333333 5.800583333333333,79.94392666666667,79.94392666666667 5.796916666666667,79.94447166666666,79.94447166666666 5.793263333333334,79.94502166666668,79.94502166666668 5.78962,79.94557666666667,79.94557666666667 5.785983333333333,79.94613166666666,79.94613166666666 5.782353333333334,79.94669166666667,79.94669166666667 5.778733333333334,79.94725333333334,79.94725333333334 5.7751149999999996,79.94781666666667,79.94781666666667 5.771499999999999,79.94838166666666,79.94838166666666 5.767883333333333,79.94894666666666,79.94894666666666 5.764261666666666,79.94950999999999,79.94950999999999 5.76063,79.95007166666666,79.95007166666666 5.756986666666668,79.95063,79.95063 5.753331666666666,79.95118333333335,79.95118333333335 5.749668333333333,79.95173666666665,79.95173666666665 5.745991666666666,79.952285,79.952285 5.742301666666667,79.95282999999999,79.95282999999999 5.738598333333334,79.95337166666667,79.95337166666667 5.734888333333334,79.95391,79.95391 5.731169999999999,79.95444666666668,79.95444666666668 5.727441666666666,79.95498166666665,79.95498166666665 5.723703333333334,79.95551333333333,79.95551333333333 5.7199599999999995,79.95604333333334,79.95604333333334 5.716213333333333,79.95657166666666,79.95657166666666 5.712465,79.95710000000001,79.95710000000001 5.708716666666667,79.95762833333335,79.95762833333335 5.704974999999999,79.95815666666667,79.95815666666667 5.701233333333333,79.95868666666668,79.95868666666668 5.697491666666667,79.959215,79.959215 5.69375,79.95974166666667,79.95974166666667 5.690006666666667,79.96026833333333,79.96026833333333 5.686265,79.96079500000002,79.96079500000002 5.682519999999999,79.96131833333334,79.96131833333334 5.678775,79.96184166666667,79.96184166666667 5.6750300000000005,79.96236333333333,79.96236333333333 5.6712816666666654,79.96288166666668,79.96288166666668 5.66753,79.96339833333334,79.96339833333334 5.663773333333333,79.96391166666668,79.96391166666668 5.660016666666667,79.96442499999999,79.96442499999999 5.656255000000001,79.96493499999998,79.96493499999998 5.652493333333333,79.965445,79.965445 5.6487283333333345,79.96595333333333,79.96595333333333 5.644963333333333,79.96646166666666,79.96646166666666 5.641205,79.96697166666665,79.96697166666665 5.637453333333333,79.96748166666667,79.96748166666667 5.633706666666665,79.96799333333334,79.96799333333334 5.629963333333334,79.96850666666666,79.96850666666666 5.626228333333334,79.96902,79.96902 5.622496666666666,79.96953666666667,79.96953666666667 5.6187716666666665,79.97005499999999,79.97005499999999 5.615053333333333,79.97057499999998,79.97057499999998 5.611339999999998,79.97109666666665,79.97109666666665 5.607634999999999,79.97162166666666,79.97162166666666 5.603931666666668,79.97214999999998,79.97214999999998 5.6002366666666665,79.97267833333333,79.97267833333333 5.596546666666667,79.97321166666667,79.97321166666667 5.592863333333334,79.97374499999998,79.97374499999998 5.589181666666667,79.97428000000001,79.97428000000001 5.585506666666666,79.97481833333333,79.97481833333333 5.581833333333333,79.97535666666666,79.97535666666666 5.578164999999999,79.97589833333333,79.97589833333333 5.574495,79.97644,79.97644 5.570828333333333,79.97698166666667,79.97698166666667 5.567159999999999,79.97752333333332,79.97752333333332 5.563493333333334,79.97806333333334,79.97806333333334 5.559823333333333,79.978605,79.978605 5.5561533333333335,79.97914499999999,79.97914499999999 5.55248,79.97968333333334,79.97968333333334 5.5488066666666676,79.98022166666667,79.98022166666667 5.54513,79.98075999999999,79.98075999999999 5.541448333333332,79.98129499999999,79.98129499999999 5.537764999999999,79.98183000000002,79.98183000000002 5.534079999999999,79.98236499999999,79.98236499999999 5.5303949999999995,79.98290000000001,79.98290000000001 5.526706666666666,79.98343166666666,79.98343166666666 5.523013333333333,79.98396333333334,79.98396333333334 5.5193183333333335,79.98449333333332,79.98449333333332 5.515621666666668,79.98502333333333,79.98502333333333 5.511923333333335,79.98555166666667,79.98555166666667 5.508225,79.98607999999999,79.98607999999999 5.504526666666667,79.98660833333334,79.98660833333334 5.500826666666668,79.987135,79.987135 5.497126666666666,79.98766166666667,79.98766166666667 5.493426666666667,79.98818666666666,79.98818666666666 5.489726666666666,79.98871166666666,79.98871166666666 5.486023333333332,79.98923666666667,79.98923666666667 5.4823200000000005,79.98976166666667,79.98976166666667 5.4786150000000005,79.99028666666666,79.99028666666666 5.474903333333334,79.99081000000001,79.99081000000001 5.471188333333334,79.99133333333332,79.99133333333332 5.467466666666667,79.991855,79.991855 5.463738333333333,79.99237833333333,79.99237833333333 5.460001666666667,79.99289999999999,79.99289999999999 5.456253333333332,79.99342,79.99342 5.452498333333334,79.99394000000001,79.99394000000001 5.448734999999998,79.99446,79.99446 5.444961666666668,79.99497833333334,79.99497833333334 5.441176666666667,79.99549666666665,79.99549666666665 5.437385000000001,79.99601166666666,79.99601166666666 5.433586666666668,79.99652833333333,79.99652833333333 5.429781666666666,79.99704166666666,79.99704166666666 5.42597,79.997555,79.997555 5.422155,79.99806666666666,79.99806666666666 5.418336666666666,79.99857833333334,79.99857833333334 5.414513333333335,79.99909,79.99909 5.410688333333334,79.9996,79.9996 5.406863333333332,80.00011,80.00011 5.403038333333334,80.00062,80.00062 5.399208333333332,80.00112833333333,80.00112833333333 5.395371666666667,80.001635,80.001635 5.391533333333333,80.00213833333333,80.00213833333333 5.387695000000001,80.00264333333334,80.00264333333334 5.383858333333335,80.00314666666665,80.00314666666665 5.380026666666667,80.00365,80.00365 5.376198333333335,80.00415333333333,80.00415333333333 5.372380000000001,80.00465833333332,80.00465833333332 5.368566666666667,80.00516666666667,80.00516666666667 5.3647599999999995,80.005675,80.005675 5.3609566666666675,80.00618500000002,80.00618500000002 5.3571583333333335,80.00669500000001,80.00669500000001 5.353365000000001,80.00720833333332,80.00720833333332 5.3495750000000015,80.00772333333333,80.00772333333333 5.345785000000001,80.00823999999999,80.00823999999999 5.341994999999999,80.00875666666668,80.00875666666668 5.338209999999999,80.00927666666666,80.00927666666666 5.334426666666667,80.00979666666666,80.00979666666666 5.3306483333333325,80.01032,80.01032 5.326874999999999,80.01084666666667,80.01084666666667 5.323108333333333,80.01137499999999,80.01137499999999 5.319351666666667,80.01190666666666,80.01190666666666 5.315598333333333,80.01244,80.01244 5.311851666666667,80.012975,80.012975 5.308111666666668,80.01351166666666,80.01351166666666 5.304371666666666,80.01404833333332,80.01404833333332 5.300631666666667,80.01458500000001,80.01458500000001 5.296891666666667,80.01512166666667,80.01512166666667 5.293150000000002,80.01565666666667,80.01565666666667 5.289411666666666,80.01619333333333,80.01619333333333 5.285671666666667,80.01672833333333,80.01672833333333 5.281926666666667,80.01726166666667,80.01726166666667 5.278183333333335,80.017795,80.017795 5.274438333333335,80.01832666666665,80.01832666666665 5.270691666666665,80.01885833333336,80.01885833333336 5.266941666666665,80.01938833333334,80.01938833333334 5.263191666666667,80.01991666666666,80.01991666666666 5.2594400000000014,80.02044500000001,80.02044500000001 5.255686666666666,80.02097333333334,80.02097333333334 5.251930000000001,80.02149833333334,80.02149833333334 5.248171666666668,80.022025,80.022025 5.244413333333333,80.02254833333335,80.02254833333335 5.24065,80.02307166666665,80.02307166666665 5.236885000000002,80.023595,80.023595 5.23312,80.02411500000001,80.02411500000001 5.229356666666667,80.02463666666667,80.02463666666667 5.225596666666667,80.02515833333334,80.02515833333334 5.221839999999999,80.02568,80.02568 5.218083333333334,80.0262,80.0262 5.214331666666667,80.02672166666666,80.02672166666666 5.210583333333332,80.02724333333333,80.02724333333333 5.206838333333333,80.02776333333333,80.02776333333333 5.203095,80.02828333333333,80.02828333333333 5.199351666666667,80.02880333333333,80.02880333333333 5.1956083333333325,80.02932166666665,80.02932166666665 5.191863333333333,80.02983833333332,80.02983833333332 5.188115,80.030355,80.030355 5.184366666666667,80.03086833333334,80.03086833333334 5.180618333333333,80.03138333333332,80.03138333333332 5.17687,80.03189666666667,80.03189666666667 5.173121666666667,80.03241,80.03241 5.1693750000000005,80.03292166666665,80.03292166666665 5.1656266666666655,80.03343333333333,80.03343333333333 5.161878333333332,80.03394333333335,80.03394333333335 5.158129999999999,80.03445333333335,80.03445333333335 5.154380000000001,80.03496333333334,80.03496333333334 5.1506300000000005,80.03547166666667,80.03547166666667 5.146878333333333,80.03598000000001,80.03598000000001 5.143128333333333,80.03648666666666,80.03648666666666 5.1393733333333325,80.03699166666667,80.03699166666667 5.1356150000000005,80.03749666666667,80.03749666666667 5.131853333333334,80.03800000000001,80.03800000000001 5.12809,80.03850333333332,80.03850333333332 5.12432,80.03900666666667,80.03900666666667 5.120546666666666,80.03950833333334,80.03950833333334 5.116768333333333,80.04001,80.04001 5.112985000000001,80.04051333333334,80.04051333333334 5.1091983333333335,80.041015,80.041015 5.105408333333334,80.04151666666668,80.04151666666668 5.101613333333333,80.04202,80.04202 5.097818333333333,80.04252333333334,80.04252333333334 5.0940199999999995,80.04302833333334,80.04302833333334 5.090221666666667,80.04353333333334,80.04353333333334 5.086424999999999,80.04404166666667,80.04404166666667 5.082630000000001,80.04455,80.04455 5.07884,80.04506166666668,80.04506166666668 5.075053333333333,80.045575,80.045575 5.071273333333333,80.04608999999999,80.04608999999999 5.067496666666667,80.046605,80.046605 5.063725000000001,80.04712333333333,80.04712333333333 5.059958333333334,80.04764166666668,80.04764166666668 5.056194999999999,80.04816166666667,80.04816166666667 5.052435,80.04868333333334,80.04868333333334 5.048676666666665,80.04920666666666,80.04920666666666 5.044923333333333,80.04973,80.04973 5.041168333333334,80.05025499999999,80.05025499999999 5.037416666666667,80.05078,80.05078 5.033666666666667,80.051305,80.051305 5.029918333333334,80.05183166666666,80.05183166666666 5.026168333333334,80.05235833333333,80.05235833333333 5.02242,80.05288666666668,80.05288666666668 5.018673333333334,80.053415,80.053415 5.01493,80.05394500000001,80.05394500000001 5.011191666666666,80.05447666666666,80.05447666666666 5.007456666666667,80.05500833333333,80.05500833333333 5.003723333333334,80.05554000000001,80.05554000000001 4.9999899999999995,80.05607166666667,80.05607166666667 4.9962583333333335,80.05660333333334,80.05660333333334 4.9925283333333335,80.05713333333333,80.05713333333333 4.988795,80.05766166666668,80.05766166666668 4.985061666666667,80.05818833333333,80.05818833333333 4.981328333333334,80.058715,80.058715 4.977595,80.05924,80.05924 4.973861666666666,80.05976333333334,80.05976333333334 4.970128333333333,80.06028666666666,80.06028666666666 4.966395,80.06081000000002,80.06081000000002 4.962665,80.06133166666667,80.06133166666667 4.958938333333332,80.06185333333332,80.06185333333332 4.955213333333333,80.062375,80.062375 4.951491666666667,80.06289666666667,80.06289666666667 4.947773333333333,80.06341833333333,80.06341833333333 4.944058333333333,80.06394,80.06394 4.940343333333333,80.06446166666666,80.06446166666666 4.936646666666667,80.06498166666667,80.06498166666667 4.932933333333333,80.06550333333333,80.06550333333333 4.92922,80.06602666666666,80.06602666666666 4.925503333333333,80.06654833333333,80.06654833333333 4.921786666666667,80.06706999999999,80.06706999999999 4.91807,80.06759333333332,80.06759333333332 4.914353333333334,80.06811666666667,80.06811666666667 4.910635,80.06864166666666,80.06864166666666 4.906916666666667,80.069165,80.069165 4.903201666666666,80.06969000000001,80.06969000000001 4.899486666666666,80.07021666666667,80.07021666666667 4.895771666666667,80.07074333333333,80.07074333333333 4.892060000000001,80.07127166666668,80.07127166666668 4.88835,80.07180000000001,80.07180000000001 4.884638333333334,80.07232833333333,80.07232833333333 4.880926666666666,80.07285666666665,80.07285666666665 4.8772166666666665,80.073385,80.073385 4.873505000000001,80.07391333333334,80.07391333333334 4.869793333333333,80.07444,80.07444 4.86608,80.07496833333332,80.07496833333332 4.862363333333334,80.075495,80.075495 4.858639999999999,80.07602000000001,80.07602000000001 4.854911666666666,80.07654500000001,80.07654500000001 4.85118,80.07706833333333,80.07706833333333 4.8474433333333335,80.07759,80.07759 4.8437,80.07811166666667,80.07811166666667 4.839948333333334,80.07863166666667,80.07863166666667 4.836195,80.07915,80.07915 4.832433333333333,80.07967000000001,80.07967000000001 4.828663333333333,80.08018666666668,80.08018666666668 4.824883333333333,80.080705,80.080705 4.821094999999999,80.08122166666666,80.08122166666666 4.8172983333333335,80.08173833333333,80.08173833333333 4.813493333333333,80.08225499999999,80.08225499999999 4.809685,80.08277166666666,80.08277166666666 4.805876666666667,80.08328833333333,80.08328833333333 4.802066666666668,80.08380833333334,80.08380833333334 4.798255000000001,80.08432833333333,80.08432833333333 4.794441666666666,80.08484666666665,80.08484666666665 4.790625,80.08536500000001,80.08536500000001 4.786801666666667,80.08588333333333,80.08588333333333 4.782973333333334,80.08639833333334,80.08639833333334 4.77914,80.08691166666668,80.08691166666668 4.775301666666667,80.087425,80.087425 4.771459999999999,80.087935,80.087935 4.767613333333334,80.08844333333333,80.08844333333333 4.763765,80.08895,80.08895 4.759916666666667,80.08945666666666,80.08945666666666 4.756066666666666,80.08996166666667,80.08996166666667 4.7522150000000005,80.09046666666667,80.09046666666667 4.748365,80.09097,80.09097 4.744516666666666,80.091475,80.091475 4.740670000000001,80.09198,80.09198 4.736823333333334,80.09248500000001,80.09248500000001 4.73298,80.09299166666668,80.09299166666668 4.729138333333332,80.09349833333334,80.09349833333334 4.725298333333333,80.09400500000001,80.09400500000001 4.7214583333333335,80.094515,80.094515 4.717618333333332,80.09502333333333,80.09502333333333 4.713776666666666,80.095535,80.095535 4.709931666666666,80.09604666666668,80.09604666666668 4.706086666666668,80.09655833333333,80.09655833333333 4.702240000000001,80.09707333333334,80.09707333333334 4.6983950000000005,80.09758833333333,80.09758833333333 4.6945500000000004,80.098105,80.098105 4.690708333333332,80.09862166666667,80.09862166666667 4.686868333333333,80.09914166666668,80.09914166666668 4.683033333333333,80.09966333333334,80.09966333333334 4.679203333333334,80.10018499999998,80.10018499999998 4.675375,80.10070833333333,80.10070833333333 4.671551666666666,80.10123333333333,80.10123333333333 4.667726666666668,80.10175833333332,80.10175833333332 4.663903333333334,80.10228333333333,80.10228333333333 4.660080000000001,80.10280833333333,80.10280833333333 4.656258333333333,80.10333333333332,80.10333333333332 4.652436666666667,80.10386,80.10386 4.648616666666666,80.104385,80.104385 4.644795,80.10491166666668,80.10491166666668 4.640976666666666,80.10543833333332,80.10543833333332 4.637161666666666,80.10596666666667,80.10596666666667 4.633349999999999,80.10649666666666,80.10649666666666 4.6295399999999995,80.10702666666667,80.10702666666667 4.625731666666667,80.10755666666668,80.10755666666668 4.621921666666665,80.10808833333333,80.10808833333333 4.6181116666666675,80.10861833333334,80.10861833333334 4.614299999999999,80.10914833333334,80.10914833333334 4.610485000000001,80.10967666666669,80.10967666666669 4.60667,80.11020333333332,80.11020333333332 4.602851666666668,80.11073,80.11073 4.599033333333334,80.11125666666668,80.11125666666668 4.595216666666667,80.11178166666667,80.11178166666667 4.591401666666667,80.112305,80.112305 4.587588333333333,80.11282833333333,80.11282833333333 4.583776666666666,80.11335166666666,80.11335166666666 4.579968333333333,80.11387333333334,80.11387333333334 4.576160000000001,80.11439499999999,80.11439499999999 4.572351666666666,80.11491333333335,80.11491333333335 4.568538333333333,80.11543,80.11543 4.564721666666667,80.11594499999998,80.11594499999998 4.560901666666667,80.11645833333333,80.11645833333333 4.557073333333333,80.11697000000001,80.11697000000001 4.553236666666668,80.11747666666668,80.11747666666668 4.549391666666666,80.11798333333334,80.11798333333334 4.54554,80.11848666666666,80.11848666666666 4.541675,80.11898666666667,80.11898666666667 4.5378,80.11948333333333,80.11948333333333 4.533915,80.11997833333332,80.11997833333332 4.530023333333333,80.12047166666666,80.12047166666666 4.526128333333333,80.12096499999998,80.12096499999998 4.522231666666666,80.12145666666666,80.12145666666666 4.518336666666666,80.12195000000001,80.12195000000001 4.514444999999999,80.12244499999998,80.12244499999998 4.510556666666666,80.12294,80.12294 4.506671666666667,80.12343666666666,80.12343666666666 4.502791666666667,80.12393499999999,80.12393499999999 4.498915,80.12443499999999,80.12443499999999 4.495041666666666,80.12493500000001,80.12493500000001 4.49117,80.12543666666669,80.12543666666669 4.487305,80.12593833333334,80.12593833333334 4.483443333333333,80.12643999999999,80.12643999999999 4.479583333333333,80.12694333333333,80.12694333333333 4.475723333333334,80.12744666666667,80.12744666666667 4.471866666666667,80.12795,80.12795 4.4680100000000005,80.12845333333334,80.12845333333334 4.464156666666667,80.12895666666668,80.12895666666668 4.460304999999999,80.12946,80.12946 4.456458333333334,80.12996333333334,80.12996333333334 4.452615000000001,80.13046833333334,80.13046833333334 4.4487749999999995,80.13097333333334,80.13097333333334 4.444943333333334,80.13147999999998,80.13147999999998 4.441118333333333,80.13198666666668,80.13198666666668 4.437301666666666,80.13249666666667,80.13249666666667 4.433495,80.13300666666669,80.13300666666669 4.429696666666666,80.13352,80.13352 4.425906666666666,80.13403333333333,80.13403333333333 4.422123333333333,80.13454833333334,80.13454833333334 4.4183433333333335,80.13506333333332,80.13506333333332 4.414568333333333,80.13558166666667,80.13558166666667 4.410794999999999,80.13609833333334,80.13609833333334 4.407023333333334,80.13661833333335,80.13661833333335 4.403251666666667,80.13713666666665,80.13713666666665 4.399475,80.13765500000001,80.13765500000001 4.395696666666667,80.13817333333333,80.13817333333333 4.391918333333334,80.13869166666666,80.13869166666666 4.388136666666667,80.13921166666667,80.13921166666667 4.384351666666666,80.13973,80.13973 4.380565,80.14025166666667,80.14025166666667 4.376775,80.14077333333333,80.14077333333333 4.372978333333333,80.14129333333334,80.14129333333334 4.369175000000001,80.14181333333333,80.14181333333333 4.3653683333333335,80.14233166666666,80.14233166666666 4.361558333333332,80.14285000000001,80.14285000000001 4.357745,80.14336833333334,80.14336833333334 4.353928333333333,80.14388666666666,80.14388666666666 4.350110000000001,80.14440333333333,80.14440333333333 4.346288333333334,80.14492,80.14492 4.342468333333333,80.14543666666665,80.14543666666665 4.3386466666666665,80.14595333333332,80.14595333333332 4.334825,80.14647,80.14647 4.331005,80.14698666666665,80.14698666666665 4.327181666666667,80.14750166666666,80.14750166666666 4.323356666666667,80.14801666666668,80.14801666666668 4.319533333333333,80.14853166666666,80.14853166666666 4.31571,80.14904833333333,80.14904833333333 4.311886666666667,80.149565,80.149565 4.308065,80.15007999999999,80.15007999999999 4.304248333333333,80.15059666666666,80.15059666666666 4.300438333333333,80.15111499999999,80.15111499999999 4.296633333333333,80.15163333333334,80.15163333333334 4.292836666666667,80.15215166666667,80.15215166666667 4.289045000000001,80.15267166666665,80.15267166666665 4.28526,80.15319333333333,80.15319333333333 4.281478333333333,80.15371333333331,80.15371333333331 4.277695,80.154235,80.154235 4.273913333333334,80.15475666666667,80.15475666666667 4.27013,80.15527666666667,80.15527666666667 4.2663433333333325,80.15579666666665,80.15579666666665 4.262553333333333,80.156315,80.156315 4.258758333333334,80.15683333333332,80.15683333333332 4.25496,80.15735,80.15735 4.251156666666666,80.157865,80.157865 4.24735,80.15837833333333,80.15837833333333 4.243538333333333,80.15889000000001,80.15889000000001 4.239721666666666,80.1594,80.1594 4.235898333333333,80.15990833333333,80.15990833333333 4.232071666666667,80.160415,80.160415 4.2282416666666665,80.16092,80.16092 4.224404999999999,80.16142333333335,80.16142333333335 4.220565,80.161925,80.161925 4.216718333333333,80.16242333333334,80.16242333333334 4.212866666666667,80.16292166666666,80.16292166666666 4.209008333333333,80.16341833333333,80.16341833333333 4.205148333333334,80.16391333333334,80.16391333333334 4.2012849999999995,80.16440833333331,80.16440833333331 4.197416666666667,80.16490166666668,80.16490166666668 4.193548333333333,80.16539666666667,80.16539666666667 4.189683333333333,80.16589166666667,80.16589166666667 4.1858200000000005,80.16638833333334,80.16638833333334 4.181953333333333,80.16688333333332,80.16688333333332 4.17809,80.16738000000001,80.16738000000001 4.174235,80.16787666666669,80.16787666666669 4.170383333333334,80.16837499999998,80.16837499999998 4.166531666666667,80.16887166666667,80.16887166666667 4.162681666666667,80.16936999999999,80.16936999999999 4.158836666666667,80.16987,80.16987 4.1549933333333335,80.17036999999999,80.17036999999999 4.151148333333333,80.17087,80.17087 4.147305,80.17137000000001,80.17137000000001 4.14346,80.17187,80.17187 4.139613333333333,80.17236999999999,80.17236999999999 4.135763333333334,80.17287,80.17287 4.1319099999999995,80.17337,80.17337 4.128053333333333,80.17387,80.17387 4.1241916666666665,80.17437000000001,80.17437000000001 4.120328333333333,80.17487166666666,80.17487166666666 4.116461666666667,80.17537333333333,80.17537333333333 4.112588333333334,80.175875,80.175875 4.108711666666667,80.17637666666666,80.17637666666666 4.104828333333333,80.17688,80.17688 4.1009433333333325,80.17738166666665,80.17738166666665 4.097051666666667,80.17788333333333,80.17788333333333 4.093156666666667,80.17838499999999,80.17838499999999 4.0892599999999995,80.17888833333333,80.17888833333333 4.085363333333334,80.17939166666667,80.17939166666667 4.081468333333333,80.17989500000002,80.17989500000002 4.077575,80.18039999999999,80.18039999999999 4.073683333333332,80.180905,80.180905 4.069796666666666,80.18141166666666,80.18141166666666 4.065915,80.18192000000002,80.18192000000002 4.062038333333334,80.18242833333335,80.18242833333335 4.058166666666668,80.18293833333334,80.18293833333334 4.054298333333334,80.18344833333335,80.18344833333335 4.050434999999999,80.18396,80.18396 4.046573333333333,80.18446999999999,80.18446999999999 4.042716666666666,80.18498166666667,80.18498166666667 4.038863333333333,80.18549166666666,80.18549166666666 4.0350150000000005,80.18600333333335,80.18600333333335 4.03117,80.186515,80.186515 4.027328333333334,80.18702499999999,80.18702499999999 4.023486666666666,80.18753666666666,80.18753666666666 4.0196499999999995,80.18804666666665,80.18804666666665 4.015814999999999,80.18855833333333,80.18855833333333 4.011983333333332,80.18906833333335,80.18906833333335 4.008151666666667,80.18957666666668,80.18957666666668 4.004321666666667,80.19008666666667,80.19008666666667 4.000493333333334,80.19059666666666,80.19059666666666 3.9966683333333335,80.19110666666667,80.19110666666667 3.992848333333333,80.19161833333332,80.19161833333332 3.9890333333333334,80.19213,80.19213 3.985223333333334,80.19264333333335,80.19264333333335 3.9814133333333332,80.19315666666667,80.19315666666667 3.9776033333333336,80.19367166666666,80.19367166666666 3.973795,80.19418666666667,80.19418666666667 3.969981666666666,80.19470166666667,80.19470166666667 3.9661649999999997,80.19521666666667,80.19521666666667 3.962345,80.19573333333334,80.19573333333334 3.958521666666667,80.19624833333334,80.19624833333334 3.954693333333334,80.19676333333334,80.19676333333334 3.950861666666666,80.19727666666665,80.19727666666665 3.947025000000001,80.19778833333334,80.19778833333334 3.9431783333333335,80.19829666666666,80.19829666666666 3.939325,80.198805,80.198805 3.935461666666667,80.19931,80.19931 3.93159,80.199815,80.199815 3.927713333333333,80.20032,80.20032 3.9238316666666666,80.20082333333332,80.20082333333332 3.9199499999999996,80.20132666666666,80.20132666666666 3.9160650000000006,80.20183166666666,80.20183166666666 3.9121799999999993,80.20233499999999,80.20233499999999 3.908293333333333,80.20284,80.20284 3.904408333333333,80.20334333333334,80.20334333333334 3.900523333333334,80.20384833333334,80.20384833333334 3.8966400000000005,80.20435166666665,80.20435166666665 3.892758333333333,80.204855,80.204855 3.88888,80.20535833333334,80.20535833333334 3.8850000000000002,80.20586166666668,80.20586166666668 3.8811216666666666,80.20636333333333,80.20636333333333 3.8772466666666667,80.20686500000001,80.20686500000001 3.8733750000000002,80.20736666666667,80.20736666666667 3.8695016666666664,80.20787000000001,80.20787000000001 3.8656316666666672,80.20837166666666,80.20837166666666 3.861766666666667,80.20887333333334,80.20887333333334 3.857905,80.20937666666666,80.20937666666666 3.854048333333333,80.20988,80.20988 3.8501933333333334,80.21038333333333,80.21038333333333 3.846341666666667,80.21088833333333,80.21088833333333 3.8424949999999995,80.21139166666667,80.21139166666667 3.8386516666666664,80.21189666666668,80.21189666666668 3.8348066666666663,80.21239999999999,80.21239999999999 3.830956666666666,80.21290166666667,80.21290166666667 3.8271016666666666,80.2134,80.2134 3.823245,80.21389833333333,80.21389833333333 3.8193816666666662,80.21439333333333,80.21439333333333 3.8155100000000006,80.21488666666667,80.21488666666667 3.8116366666666663,80.21537666666667,80.21537666666667 3.8077583333333336,80.21586500000001,80.21586500000001 3.8038750000000006,80.21634999999999,80.21634999999999 3.7999866666666664,80.21683500000002,80.21683500000002 3.7960949999999998,80.21731833333334,80.21731833333334 3.7921933333333335,80.2178,80.2178 3.7882866666666666,80.21828166666666,80.21828166666666 3.7843750000000003,80.218765,80.218765 3.780458333333333,80.21924833333334,80.21924833333334 3.7765350000000004,80.21973333333332,80.21973333333332 3.7726083333333333,80.22022166666669,80.22022166666669 3.768671666666666,80.22071166666666,80.22071166666666 3.7647283333333332,80.221205,80.221205 3.760778333333333,80.22169833333334,80.22169833333334 3.7568249999999996,80.22219333333335,80.22219333333335 3.7528699999999997,80.22268999999999,80.22268999999999 3.748915,80.22318833333334,80.22318833333334 3.7449633333333328,80.22368833333334,80.22368833333334 3.7410166666666664,80.22419,80.22419 3.7370749999999995,80.22469333333333,80.22469333333333 3.7331333333333334,80.22519833333334,80.22519833333334 3.7291933333333334,80.22570166666665,80.22570166666665 3.7252566666666667,80.22620333333333,80.22620333333333 3.721325,80.22670666666666,80.22670666666666 3.7173983333333336,80.22720833333334,80.22720833333334 3.7134800000000006,80.22771166666668,80.22771166666668 3.7095700000000003,80.22821333333333,80.22821333333333 3.7056666666666658,80.22871666666667,80.22871666666667 3.7017683333333338,80.22922000000001,80.22922000000001 3.6978733333333333,80.22972499999999,80.22972499999999 3.693986666666667,80.23022999999999,80.23022999999999 3.690106666666667,80.23073833333332,80.23073833333332 3.6862350000000004,80.23124833333334,80.23124833333334 3.68237,80.23176,80.23176 3.6785133333333335,80.23227166666668,80.23227166666668 3.6746600000000003,80.23278499999999,80.23278499999999 3.6708116666666664,80.23329999999999,80.23329999999999 3.6669666666666663,80.23381333333333,80.23381333333333 3.663125000000001,80.23432666666668,80.23432666666668 3.6592866666666666,80.23484,80.23484 3.655443333333333,80.23535333333332,80.23535333333332 3.6515950000000004,80.23586333333331,80.23586333333331 3.6477450000000005,80.23637333333333,80.23637333333333 3.643891666666667,80.23688166666669,80.23688166666669 3.640035,80.23739166666665,80.23739166666665 3.636171666666667,80.23789833333335,80.23789833333335 3.6323033333333337,80.23840499999999,80.23840499999999 3.6284316666666667,80.23891166666668,80.23891166666668 3.624555,80.23941666666666,80.23941666666666 3.6206750000000003,80.23992333333335,80.23992333333335 3.616795,80.24042833333333,80.24042833333333 3.6129133333333336,80.24093333333333,80.24093333333333 3.6090316666666666,80.24144,80.24144 3.60515,80.241945,80.241945 3.6012699999999995,80.24244999999998,80.24244999999998 3.59739,80.24295666666667,80.24295666666667 3.593513333333333,80.24346333333334,80.24346333333334 3.5896366666666664,80.24397,80.24397 3.5857649999999994,80.24447833333333,80.24447833333333 3.5818966666666663,80.24498666666666,80.24498666666666 3.5780316666666665,80.24549666666668,80.24549666666668 3.5741683333333336,80.24600666666667,80.24600666666667 3.570306666666666,80.24651666666666,80.24651666666666 3.5664500000000006,80.24702666666667,80.24702666666667 3.562596666666667,80.24753833333332,80.24753833333332 3.5587433333333336,80.24804833333332,80.24804833333332 3.554891666666667,80.24855833333334,80.24855833333334 3.5510400000000004,80.24906833333333,80.24906833333333 3.547186666666667,80.24957833333332,80.24957833333332 3.5433300000000005,80.25008666666668,80.25008666666668 3.5394666666666668,80.250595,80.250595 3.5355966666666667,80.25110166666667,80.25110166666667 3.531721666666667,80.25160666666667,80.25160666666667 3.527841666666667,80.25210999999999,80.25210999999999 3.5239583333333337,80.25261166666667,80.25261166666667 3.520068333333333,80.25310999999999,80.25310999999999 3.5161750000000005,80.25360833333335,80.25360833333335 3.512273333333334,80.25410166666667,80.25410166666667 3.5083666666666673,80.25459500000001,80.25459500000001 3.5044516666666667,80.25508499999998,80.25508499999998 3.50053,80.25557333333334,80.25557333333334 3.4965999999999995,80.25605999999999,80.25605999999999 3.4926633333333332,80.25654666666665,80.25654666666665 3.488721666666667,80.25703,80.25703 3.48477,80.25751333333332,80.25751333333332 3.4808116666666664,80.25799500000001,80.25799500000001 3.4768483333333338,80.25847666666667,80.25847666666667 3.472876666666666,80.25895833333334,80.25895833333334 3.468903333333334,80.25943833333334,80.25943833333334 3.464928333333333,80.25991833333333,80.25991833333333 3.4609550000000007,80.26039999999999,80.26039999999999 3.456981666666667,80.26087999999999,80.26087999999999 3.4530049999999997,80.26136166666667,80.26136166666667 3.4490283333333336,80.26184166666667,80.26184166666667 3.445053333333333,80.26232499999999,80.26232499999999 3.4410783333333335,80.26280666666668,80.26280666666668 3.4371066666666668,80.26329000000001,80.26329000000001 3.4331416666666663,80.263775,80.263775 3.429181666666667,80.26426166666667,80.26426166666667 3.425226666666666,80.26474833333334,80.26474833333334 3.4212700000000003,80.26523666666667,80.26523666666667 3.4173150000000003,80.26572666666667,80.26572666666667 3.4133616666666664,80.26621666666666,80.26621666666666 3.4094116666666667,80.26670666666668,80.26670666666668 3.4054633333333335,80.2672,80.2672 3.4015200000000005,80.267695,80.267695 3.397586666666667,80.26819333333333,80.26819333333333 3.393658333333334,80.26869166666667,80.26869166666667 3.389736666666667,80.26919333333335,80.26919333333335 3.3858150000000005,80.269695,80.269695 3.3818966666666666,80.27019833333334,80.27019833333334 3.377985,80.27070166666668,80.27070166666668 3.3740766666666664,80.271205,80.271205 3.37017,80.27171,80.27171 3.3662683333333328,80.27221333333334,80.27221333333334 3.362368333333333,80.27271833333333,80.27271833333333 3.3584699999999996,80.27322166666667,80.27322166666667 3.3545716666666663,80.27372666666668,80.27372666666668 3.3506733333333325,80.27423000000002,80.27423000000002 3.346773333333333,80.27473499999999,80.27473499999999 3.3428716666666665,80.27524,80.27524 3.338966666666667,80.27574666666666,80.27574666666666 3.3350599999999995,80.27625166666667,80.27625166666667 3.331148333333333,80.27675666666667,80.27675666666667 3.3272333333333335,80.27726166666667,80.27726166666667 3.3233150000000005,80.27776666666668,80.27776666666668 3.319393333333333,80.27826666666667,80.27826666666667 3.315463333333333,80.27876666666667,80.27876666666667 3.311531666666666,80.27926666666669,80.27926666666669 3.3075966666666665,80.27976666666667,80.27976666666667 3.3036600000000003,80.28026333333334,80.28026333333334 3.29972,80.28075999999999,80.28075999999999 3.295778333333333,80.28125499999999,80.28125499999999 3.2918383333333328,80.28175166666666,80.28175166666666 3.2879016666666665,80.28225000000002,80.28225000000002 3.2839633333333333,80.28274833333332,80.28274833333332 3.2800249999999993,80.28324666666667,80.28324666666667 3.276088333333333,80.28374666666667,80.28374666666667 3.272151666666666,80.28424833333332,80.28424833333332 3.268211666666666,80.28475,80.28475 3.26427,80.28525166666665,80.28525166666665 3.2603199999999997,80.28575166666666,80.28575166666666 3.2563666666666666,80.28625166666667,80.28625166666667 3.252405,80.28675,80.28675 3.2484333333333333,80.28724666666666,80.28724666666666 3.2444516666666665,80.28774000000001,80.28774000000001 3.240463333333333,80.28823166666666,80.28823166666666 3.2364699999999997,80.28872333333335,80.28872333333335 3.232471666666667,80.28921166666667,80.28921166666667 3.2284699999999997,80.28969999999998,80.28969999999998 3.2244666666666673,80.29018833333332,80.29018833333332 3.220463333333333,80.29067666666667,80.29067666666667 3.2164583333333336,80.291165,80.291165 3.2124550000000003,80.29165333333334,80.29165333333334 3.208453333333334,80.29214166666667,80.29214166666667 3.2044533333333334,80.29263,80.29263 3.2004550000000003,80.29312,80.29312 3.1964599999999996,80.29361166666665,80.29361166666665 3.1924683333333332,80.29410333333334,80.29410333333334 3.1884800000000006,80.29459666666668,80.29459666666668 3.184495,80.29509,80.29509 3.1805116666666664,80.29558333333331,80.29558333333331 3.17653,80.29607833333333,80.29607833333333 3.17255,80.29657333333333,80.29657333333333 3.168571666666667,80.29706999999999,80.29706999999999 3.164595,80.297565,80.297565 3.16062,80.29806166666667,80.29806166666667 3.1566483333333335,80.29856,80.29856 3.1526816666666666,80.29905833333333,80.29905833333333 3.148716666666667,80.29955666666666,80.29955666666666 3.144756666666667,80.30005666666665,80.30005666666665 3.1407999999999996,80.30055833333333,80.30055833333333 3.136843333333333,80.30106,80.30106 3.1328916666666666,80.30156166666667,80.30156166666667 3.1289416666666665,80.30206499999998,80.30206499999998 3.124995,80.30256833333333,80.30256833333333 3.1210483333333334,80.30307333333333,80.30307333333333 3.1171,80.30357833333333,80.30357833333333 3.1131483333333336,80.30408333333334,80.30408333333334 3.1091966666666666,80.30458666666665,80.30458666666665 3.1052450000000005,80.30509166666668,80.30509166666668 3.1012866666666667,80.30559333333333,80.30559333333333 3.0973233333333337,80.30609333333334,80.30609333333334 3.09336,80.30659333333332,80.30659333333332 3.0893983333333335,80.30709333333331,80.30709333333331 3.0854366666666664,80.30759333333333,80.30759333333333 3.0814766666666666,80.30809500000001,80.30809500000001 3.0775216666666667,80.30859833333334,80.30859833333334 3.0735733333333335,80.30910166666665,80.30910166666665 3.0696299999999996,80.30960499999999,80.30960499999999 3.0656883333333336,80.31011,80.31011 3.0617499999999995,80.31061333333334,80.31061333333334 3.0578133333333333,80.31111666666668,80.31111666666668 3.053875,80.31161999999999,80.31161999999999 3.049938333333334,80.31212000000001,80.31212000000001 3.0459966666666665,80.31262000000001,80.31262000000001 3.042051666666666,80.31311833333334,80.31311833333334 3.0381016666666665,80.31361333333332,80.31361333333332 3.034146666666667,80.31410666666669,80.31410666666669 3.0301866666666664,80.31459833333334,80.31459833333334 3.02622,80.31508666666667,80.31508666666667 3.02225,80.31557333333335,80.31557333333335 3.018276666666667,80.31605833333333,80.31605833333333 3.0143000000000004,80.31654166666667,80.31654166666667 3.010321666666667,80.31702499999999,80.31702499999999 3.006343333333333,80.31750833333334,80.31750833333334 3.0023650000000006,80.31799,80.31799 2.998388333333333,80.31847166666665,80.31847166666665 2.9944166666666674,80.31895666666667,80.31895666666667 2.9904483333333327,80.31944,80.31944 2.986485,80.31992666666667,80.31992666666667 2.982525,80.32041333333335,80.32041333333335 2.9785700000000004,80.32090166666667,80.32090166666667 2.974621666666667,80.32139166666667,80.32139166666667 2.9706766666666664,80.32188166666667,80.32188166666667 2.966736666666667,80.32237499999998,80.32237499999998 2.962806666666666,80.32287,80.32287 2.9588866666666673,80.32336666666666,80.32336666666666 2.9549733333333332,80.32386499999998,80.32386499999998 2.9510683333333336,80.32436666666666,80.32436666666666 2.9471700000000003,80.32486833333334,80.32486833333334 2.9432783333333337,80.32537166666667,80.32537166666667 2.9393916666666664,80.32587500000001,80.32587500000001 2.935506666666667,80.32637666666666,80.32637666666666 2.9316216666666666,80.32687833333331,80.32687833333331 2.92774,80.32737833333333,80.32737833333333 2.923861666666667,80.32788000000001,80.32788000000001 2.919983333333333,80.32837833333332,80.32837833333332 2.9161016666666666,80.32887500000001,80.32887500000001 2.9122216666666665,80.32937166666667,80.32937166666667 2.908341666666666,80.329865,80.329865 2.9044616666666663,80.33035666666666,80.33035666666666 2.900576666666667,80.33084500000001,80.33084500000001 2.896688333333333,80.33133,80.33133 2.8928016666666663,80.331815,80.331815 2.8889116666666665,80.33229666666666,80.33229666666666 2.885021666666667,80.33277666666666,80.33277666666666 2.8811316666666666,80.333255,80.333255 2.8772433333333334,80.33373166666667,80.33373166666667 2.873358333333333,80.33420833333334,80.33420833333334 2.8694749999999996,80.33468333333334,80.33468333333334 2.865591666666667,80.335155,80.335155 2.86171,80.33562833333335,80.33562833333335 2.8578300000000003,80.33609833333334,80.33609833333334 2.8539483333333333,80.33656666666668,80.33656666666668 2.8500683333333328,80.33703333333332,80.33703333333332 2.84619,80.33750166666667,80.33750166666667 2.8423133333333332,80.33796833333334,80.33796833333334 2.8384333333333336,80.33843499999999,80.33843499999999 2.834555,80.33890166666666,80.33890166666666 2.8306766666666667,80.33936833333333,80.33936833333333 2.8268,80.33983500000001,80.33983500000001 2.8229200000000003,80.34030333333334,80.34030333333334 2.8190383333333333,80.34077166666665,80.34077166666665 2.8151566666666668,80.34124166666668,80.34124166666668 2.8112700000000004,80.34171166666667,80.34171166666667 2.8073816666666667,80.34218333333332,80.34218333333332 2.803486666666667,80.34265833333333,80.34265833333333 2.7995900000000002,80.343135,80.343135 2.79569,80.34361333333332,80.34361333333332 2.7917883333333338,80.34409333333333,80.34409333333333 2.78788,80.34457499999999,80.34457499999999 2.78397,80.34505833333331,80.34505833333331 2.7800566666666673,80.34554166666666,80.34554166666666 2.7761416666666667,80.34602833333334,80.34602833333334 2.7722249999999997,80.346515,80.346515 2.768308333333333,80.34700166666667,80.34700166666667 2.764393333333333,80.34748833333335,80.34748833333335 2.7604800000000003,80.34797666666667,80.34797666666667 2.756566666666667,80.34846666666667,80.34846666666667 2.752655,80.34895666666667,80.34895666666667 2.7487450000000004,80.34944833333334,80.34944833333334 2.744838333333334,80.34994166666667,80.34994166666667 2.7409333333333334,80.350435,80.350435 2.7370316666666668,80.35093166666667,80.35093166666667 2.7331316666666665,80.35142833333332,80.35142833333332 2.7292316666666663,80.35192500000001,80.35192500000001 2.7253300000000005,80.35242333333333,80.35242333333333 2.721426666666666,80.35291999999998,80.35291999999998 2.7175199999999995,80.35341833333334,80.35341833333334 2.71361,80.35391333333334,80.35391333333334 2.7096933333333335,80.35440833333335,80.35440833333335 2.7057683333333333,80.3549,80.3549 2.7018366666666664,80.35539,80.35539 2.697901666666666,80.35587833333334,80.35587833333334 2.69396,80.356365,80.356365 2.6900133333333334,80.35685000000001,80.35685000000001 2.686066666666666,80.35733499999999,80.35733499999999 2.682121666666667,80.35782,80.35782 2.6781766666666664,80.358305,80.358305 2.6742333333333335,80.35878999999998,80.35878999999998 2.670291666666667,80.359275,80.359275 2.666353333333333,80.35976166666667,80.35976166666667 2.6624149999999998,80.36024833333333,80.36024833333333 2.6584783333333335,80.36073666666667,80.36073666666667 2.6545433333333337,80.361225,80.361225 2.6506083333333335,80.36171333333333,80.36171333333333 2.6466699999999994,80.36220333333335,80.36220333333335 2.6427299999999994,80.36269166666666,80.36269166666666 2.6387816666666666,80.36318166666668,80.36318166666668 2.6348300000000004,80.36367000000001,80.36367000000001 2.6308733333333336,80.36416,80.36416 2.6269083333333327,80.36464833333334,80.36464833333334 2.622936666666667,80.36513500000001,80.36513500000001 2.6189633333333333,80.36562333333333,80.36562333333333 2.614983333333334,80.36611166666667,80.36611166666667 2.611001666666667,80.3666,80.3666 2.6070166666666665,80.36708833333333,80.36708833333333 2.60303,80.36757666666666,80.36757666666666 2.5990399999999996,80.36806333333334,80.36806333333334 2.595045,80.36855166666666,80.36855166666666 2.5910483333333336,80.36903833333334,80.36903833333334 2.587051666666666,80.36952500000001,80.36952500000001 2.5830516666666665,80.37001166666667,80.37001166666667 2.5790516666666665,80.37049833333334,80.37049833333334 2.5750483333333336,80.37098333333333,80.37098333333333 2.5710433333333333,80.37147,80.37147 2.5670333333333333,80.371955,80.371955 2.5630216666666663,80.37244000000001,80.37244000000001 2.5590100000000007,80.372925,80.372925 2.554996666666667,80.37340833333332,80.37340833333332 2.550985,80.37389333333334,80.37389333333334 2.5469749999999998,80.37437833333333,80.37437833333333 2.5429666666666666,80.37486166666665,80.37486166666665 2.5389600000000003,80.37534666666669,80.37534666666669 2.534956666666667,80.37583166666667,80.37583166666667 2.5309566666666665,80.37631666666667,80.37631666666667 2.52696,80.37680166666668,80.37680166666668 2.5229666666666666,80.37728666666666,80.37728666666666 2.518978333333333,80.37777166666667,80.37777166666667 2.5149933333333334,80.37825500000001,80.37825500000001 2.5110099999999997,80.37873833333333,80.37873833333333 2.5070316666666663,80.37922166666668,80.37922166666668 2.5030566666666667,80.379705,80.379705 2.499085,80.38018833333335,80.38018833333335 2.495116666666666,80.38067000000001,80.38067000000001 2.491151666666666,80.38115166666667,80.38115166666667 2.4871900000000005,80.38163333333334,80.38163333333334 2.4832316666666667,80.382115,80.382115 2.479275,80.38259666666666,80.38259666666666 2.4753200000000004,80.38307833333334,80.38307833333334 2.471368333333334,80.38356,80.38356 2.467418333333333,80.38404,80.38404 2.463468333333333,80.38452166666666,80.38452166666666 2.459521666666667,80.38500333333334,80.38500333333334 2.455573333333333,80.385485,80.385485 2.451625,80.38596666666668,80.38596666666668 2.447675,80.38644833333333,80.38644833333333 2.4437233333333332,80.38692999999999,80.38692999999999 2.43977,80.38741166666668,80.38741166666668 2.4358150000000003,80.38789166666668,80.38789166666668 2.4318583333333335,80.38837333333333,80.38837333333333 2.4278983333333333,80.38885499999999,80.38885499999999 2.4239350000000006,80.38933666666668,80.38933666666668 2.419966666666667,80.38981666666668,80.38981666666668 2.415993333333333,80.39029500000001,80.39029500000001 2.412015,80.390775,80.390775 2.408031666666667,80.39125333333334,80.39125333333334 2.4040450000000004,80.39173166666667,80.39173166666667 2.400053333333333,80.39221,80.39221 2.3960600000000003,80.39268833333334,80.39268833333334 2.392065,80.39316666666667,80.39316666666667 2.3880699999999995,80.393645,80.393645 2.384075,80.394125,80.394125 2.3800833333333333,80.394605,80.394605 2.3760966666666667,80.39508666666667,80.39508666666667 2.3721116666666666,80.39556833333333,80.39556833333333 2.368128333333334,80.39604999999999,80.39604999999999 2.364148333333333,80.39653333333334,80.39653333333334 2.3601699999999997,80.397015,80.397015 2.356193333333333,80.39749833333335,80.39749833333335 2.352218333333333,80.39798166666667,80.39798166666667 2.3482466666666664,80.39846333333334,80.39846333333334 2.3442749999999997,80.39894666666666,80.39894666666666 2.340303333333334,80.39942833333332,80.39942833333332 2.336335,80.39991,80.39991 2.3323666666666667,80.40039166666666,80.40039166666666 2.3284016666666667,80.40087333333332,80.40087333333332 2.324438333333333,80.40135333333332,80.40135333333332 2.320475,80.40183333333334,80.40183333333334 2.3165150000000003,80.40231333333334,80.40231333333334 2.3125583333333335,80.40279166666667,80.40279166666667 2.3086050000000005,80.40327,80.40327 2.3046550000000003,80.40374833333334,80.40374833333334 2.3007083333333336,80.40422500000001,80.40422500000001 2.296765,80.40470166666668,80.40470166666668 2.292825,80.40517833333332,80.40517833333332 2.288885,80.405655,80.405655 2.284945,80.40613,80.40613 2.281005,80.40660333333332,80.40660333333332 2.277065,80.40707833333333,80.40707833333333 2.273125,80.40755166666666,80.40755166666666 2.269185,80.40802666666667,80.40802666666667 2.2652466666666666,80.40850000000002,80.40850000000002 2.2613083333333335,80.40897333333334,80.40897333333334 2.2573683333333334,80.40944833333332,80.40944833333332 2.2534283333333334,80.40992333333332,80.40992333333332 2.2494866666666664,80.41039833333333,80.41039833333333 2.2455449999999995,80.41087333333333,80.41087333333333 2.2416000000000005,80.41135,80.41135 2.2376533333333333,80.41182500000001,80.41182500000001 2.2337050000000005,80.41230166666665,80.41230166666665 2.2297566666666664,80.41277833333335,80.41277833333335 2.2258066666666667,80.41325499999999,80.41325499999999 2.2218566666666666,80.41373166666666,80.41373166666666 2.2179049999999996,80.41421,80.41421 2.2139516666666665,80.41468666666667,80.41468666666667 2.2099949999999997,80.415165,80.415165 2.206036666666667,80.41564166666667,80.41564166666667 2.2020733333333333,80.41611833333332,80.41611833333332 2.1981066666666673,80.41659500000002,80.41659500000002 2.194131666666667,80.41707166666666,80.41707166666666 2.190153333333333,80.41754666666667,80.41754666666667 2.1861666666666664,80.41802166666666,80.41802166666666 2.182173333333333,80.41849666666667,80.41849666666667 2.1781733333333335,80.41897000000002,80.41897000000002 2.1741666666666664,80.41944333333333,80.41944333333333 2.170155,80.41991666666665,80.41991666666665 2.1661366666666666,80.42039,80.42039 2.1621133333333336,80.42086166666667,80.42086166666667 2.1580833333333334,80.42133500000001,80.42133500000001 2.15405,80.421805,80.421805 2.1500099999999995,80.42227666666666,80.42227666666666 2.1459683333333337,80.42274833333333,80.42274833333333 2.1419233333333336,80.42322166666668,80.42322166666668 2.13788,80.42369333333333,80.42369333333333 2.133835,80.42416833333334,80.42416833333334 2.129793333333333,80.42464333333335,80.42464333333335 2.125753333333333,80.42511999999999,80.42511999999999 2.121715,80.42559833333333,80.42559833333333 2.11768,80.42607666666666,80.42607666666666 2.113648333333334,80.42655833333332,80.42655833333332 2.10962,80.42704,80.42704 2.1055983333333335,80.42752333333333,80.42752333333333 2.10158,80.42801,80.42801 2.0975650000000003,80.428495,80.428495 2.0935566666666667,80.42898333333333,80.42898333333333 2.0895516666666665,80.42947166666667,80.42947166666667 2.085548333333333,80.42996,80.42996 2.0815449999999998,80.43044833333333,80.43044833333333 2.0775399999999995,80.430935,80.430935 2.0735333333333332,80.43142333333333,80.43142333333333 2.069525,80.43190833333334,80.43190833333334 2.0655150000000004,80.43239499999999,80.43239499999999 2.0615,80.43287833333333,80.43287833333333 2.057481666666667,80.43336166666667,80.43336166666667 2.05346,80.43384333333333,80.43384333333333 2.049433333333334,80.43432333333332,80.43432333333332 2.045403333333333,80.43480166666666,80.43480166666666 2.0413683333333337,80.43527833333333,80.43527833333333 2.0373316666666668,80.435755,80.435755 2.033291666666667,80.43623,80.43623 2.0292499999999998,80.43670333333334,80.43670333333334 2.025208333333333,80.43717666666666,80.43717666666666 2.021165,80.43765,80.43765 2.0171216666666663,80.43812166666666,80.43812166666666 2.013078333333333,80.43859333333333,80.43859333333333 2.0090350000000003,80.43906666666668,80.43906666666668 2.0049916666666663,80.43953833333333,80.43953833333333 2.0009466666666667,80.44001166666668,80.44001166666668 1.9969016666666666,80.44048333333333,80.44048333333333 1.992858333333333,80.44095666666666,80.44095666666666 1.988815,80.44143166666667,80.44143166666667 1.9847733333333335,80.44190499999999,80.44190499999999 1.9807316666666668,80.44238,80.44238 1.9766933333333332,80.44285666666667,80.44285666666667 1.9726583333333332,80.44333166666668,80.44333166666668 1.9686266666666667,80.44380833333332,80.44380833333332 1.9645983333333334,80.444285,80.444285 1.9605733333333333,80.44476333333333,80.44476333333333 1.9565516666666665,80.44524166666666,80.44524166666666 1.952533333333333,80.44572,80.44572 1.9485183333333336,80.44620166666665,80.44620166666665 1.9445083333333333,80.44668166666668,80.44668166666668 1.9405000000000001,80.447165,80.447165 1.9364949999999999,80.44764833333335,80.44764833333335 1.9324916666666667,80.44813333333333,80.44813333333333 1.9284916666666665,80.44861999999999,80.44861999999999 1.924491666666667,80.44910833333333,80.44910833333333 1.9204933333333334,80.449595,80.449595 1.9164933333333332,80.45008500000002,80.45008500000002 1.912493333333333,80.45057333333332,80.45057333333332 1.90849,80.45106333333334,80.45106333333334 1.9044833333333335,80.45155166666667,80.45155166666667 1.9004733333333332,80.45204000000001,80.45204000000001 1.8964599999999998,80.45252833333333,80.45252833333333 1.8924433333333337,80.45301500000001,80.45301500000001 1.8884200000000002,80.45350166666668,80.45350166666668 1.88439,80.453985,80.453985 1.880355,80.45446833333334,80.45446833333334 1.876315,80.45495166666666,80.45495166666666 1.8722699999999999,80.45543166666666,80.45543166666666 1.8682183333333335,80.45591166666665,80.45591166666665 1.864161666666667,80.45638999999998,80.45638999999998 1.8601016666666665,80.45686833333332,80.45686833333332 1.8560400000000001,80.45734666666668,80.45734666666668 1.8519750000000004,80.45782333333332,80.45782333333332 1.8479066666666668,80.4583,80.4583 1.843835,80.45877666666667,80.45877666666667 1.83976,80.45925166666666,80.45925166666666 1.83568,80.45972666666667,80.45972666666667 1.8315983333333334,80.46020166666668,80.46020166666668 1.827513333333333,80.46067500000002,80.46067500000002 1.8234249999999999,80.46114833333331,80.46114833333331 1.8193349999999997,80.46162166666666,80.46162166666666 1.8152433333333335,80.46209333333333,80.46209333333333 1.8111483333333336,80.46256499999998,80.46256499999998 1.8070516666666667,80.46303666666667,80.46303666666667 1.8029533333333334,80.46350833333332,80.46350833333332 1.7988516666666663,80.46397833333334,80.46397833333334 1.7947483333333336,80.46444666666666,80.46444666666666 1.7906416666666667,80.46491499999999,80.46491499999999 1.7865333333333335,80.46538166666667,80.46538166666667 1.7824266666666668,80.46585,80.46585 1.7783216666666666,80.46631666666667,80.46631666666667 1.7742183333333332,80.46678333333332,80.46678333333332 1.7701166666666666,80.46725166666666,80.46725166666666 1.766018333333333,80.46772,80.46772 1.761925,80.46818999999999,80.46818999999999 1.7578383333333334,80.46866166666668,80.46866166666668 1.7537583333333333,80.46913333333333,80.46913333333333 1.749685,80.46960833333333,80.46960833333333 1.7456183333333333,80.470085,80.470085 1.7415583333333333,80.47056166666667,80.47056166666667 1.7375033333333336,80.47104,80.47104 1.7334549999999997,80.47151833333334,80.47151833333334 1.7294083333333334,80.47199666666667,80.47199666666667 1.7253633333333336,80.472475,80.472475 1.72132,80.47295333333334,80.47295333333334 1.7172783333333332,80.47343000000001,80.47343000000001 1.7132349999999998,80.47390833333334,80.47390833333334 1.7091916666666669,80.47438500000001,80.47438500000001 1.70515,80.47486166666665,80.47486166666665 1.701108333333333,80.47534000000002,80.47534000000002 1.697066666666667,80.47581666666666,80.47581666666666 1.693025,80.47629333333333,80.47629333333333 1.6889850000000002,80.47677,80.47677 1.6849433333333332,80.47724666666667,80.47724666666667 1.6809000000000003,80.47772333333334,80.47772333333334 1.6768566666666667,80.47819999999999,80.47819999999999 1.672815,80.47867666666666,80.47867666666666 1.66877,80.47915333333333,80.47915333333333 1.6647233333333333,80.47963166666666,80.47963166666666 1.6606750000000003,80.48010833333333,80.48010833333333 1.6566250000000005,80.48058666666667,80.48058666666667 1.6525733333333337,80.481065,80.481065 1.6485216666666669,80.481545,80.481545 1.6444683333333334,80.48202333333333,80.48202333333333 1.6404166666666669,80.48250500000002,80.48250500000002 1.6363633333333332,80.48298499999999,80.48298499999999 1.632313333333333,80.48346666666667,80.48346666666667 1.6282633333333332,80.48394833333333,80.48394833333333 1.624215,80.48443000000002,80.48443000000002 1.6201683333333334,80.48491166666668,80.48491166666668 1.6161233333333334,80.485395,80.485395 1.6120783333333335,80.48587666666667,80.48587666666667 1.6080366666666666,80.48635999999999,80.48635999999999 1.6039933333333334,80.48684333333334,80.48684333333334 1.5999500000000002,80.487325,80.487325 1.5959066666666668,80.48780833333335,80.48780833333335 1.5918633333333334,80.48829166666667,80.48829166666667 1.5878183333333333,80.48877333333333,80.48877333333333 1.5837716666666668,80.489255,80.489255 1.5797233333333334,80.48973833333332,80.48973833333332 1.575671666666667,80.49021833333332,80.49021833333332 1.5716166666666667,80.4907,80.4907 1.567556666666667,80.49118,80.49118 1.5634949999999996,80.49165833333333,80.49165833333333 1.559428333333333,80.49213833333333,80.49213833333333 1.555355,80.492615,80.492615 1.5512750000000004,80.49309166666667,80.49309166666667 1.5471866666666667,80.49356666666665,80.49356666666665 1.5430883333333334,80.49404,80.49404 1.5389816666666665,80.49451333333333,80.49451333333333 1.5348633333333335,80.49498333333332,80.49498333333332 1.5307366666666669,80.49545166666665,80.49545166666665 1.5266033333333335,80.49591833333334,80.49591833333334 1.5224600000000001,80.49638333333334,80.49638333333334 1.518311666666667,80.49684666666667,80.49684666666667 1.5141566666666666,80.49730999999998,80.49730999999998 1.5099966666666664,80.49777166666665,80.49777166666665 1.5058333333333331,80.49823166666667,80.49823166666667 1.5016633333333331,80.49869166666667,80.49869166666667 1.4974916666666664,80.49915166666668,80.49915166666668 1.4933149999999997,80.49961,80.49961 1.4891349999999999,80.50006666666665,80.50006666666665 1.484951666666667,80.50052333333333,80.50052333333333 1.4807616666666665,80.50097833333332,80.50097833333332 1.47657,80.50143166666668,80.50143166666668 1.4723766666666667,80.501885,80.501885 1.4681833333333332,80.50233833333333,80.50233833333333 1.4639950000000002,80.50279333333333,80.50279333333333 1.45981,80.50324833333335,80.50324833333335 1.4556283333333333,80.503705,80.503705 1.4514533333333333,80.50416333333334,80.50416333333334 1.4472833333333333,80.50462166666667,80.50462166666667 1.4431183333333333,80.50508166666667,80.50508166666667 1.4389533333333333,80.50554166666667,80.50554166666667 1.434795,80.50600166666666,80.50600166666666 1.430645,80.50646499999999,80.50646499999999 1.4265050000000001,80.50693,80.50693 1.422375,80.50739833333334,80.50739833333334 1.4182533333333334,80.50786833333333,80.50786833333333 1.4141416666666666,80.50833999999999,80.50833999999999 1.41004,80.50881333333334,80.50881333333334 1.4059450000000002,80.50929,80.50929 1.4018583333333332,80.50976833333334,80.50976833333334 1.3977783333333333,80.51024833333332,80.51024833333332 1.3937016666666666,80.51072833333333,80.51072833333333 1.3896283333333335,80.51120999999999,80.51120999999999 1.3855583333333334,80.51169166666668,80.51169166666668 1.3814933333333332,80.512175,80.512175 1.3774316666666666,80.51266000000001,80.51266000000001 1.3733766666666667,80.51314666666667,80.51314666666667 1.369325,80.51363500000001,80.51363500000001 1.36528,80.51412666666667,80.51412666666667 1.3612416666666667,80.51462000000001,80.51462000000001 1.3572083333333336,80.515115,80.515115 1.3531766666666665,80.51561166666669,80.51561166666669 1.3491483333333334,80.51610833333335,80.51610833333335 1.3451233333333332,80.51660833333334,80.51660833333334 1.3411016666666666,80.51711,80.51711 1.33708,80.51761166666668,80.51761166666668 1.3330616666666668,80.51811666666669,80.51811666666669 1.3290416666666665,80.51862,80.51862 1.325015,80.51912333333334,80.51912333333334 1.32098,80.51962499999999,80.51962499999999 1.31694,80.52012333333333,80.52012333333333 1.3128950000000001,80.52062166666666,80.52062166666666 1.3088449999999998,80.52112000000001,80.52112000000001 1.30479,80.52161500000001,80.52161500000001 1.3007300000000002,80.52211,80.52211 1.296665,80.52260166666666,80.52260166666666 1.2925933333333335,80.52309333333334,80.52309333333334 1.2885116666666665,80.52357999999998,80.52357999999998 1.28442,80.52406500000001,80.52406500000001 1.2803266666666666,80.52454833333333,80.52454833333333 1.2762300000000002,80.52503166666668,80.52503166666668 1.2721300000000002,80.52551333333334,80.52551333333334 1.2680250000000002,80.525995,80.525995 1.2639183333333333,80.52647499999999,80.52647499999999 1.2598083333333334,80.52695333333332,80.52695333333332 1.2556983333333334,80.52743333333332,80.52743333333332 1.251588333333333,80.52791500000001,80.52791500000001 1.2474766666666668,80.528395,80.528395 1.2433583333333333,80.52887333333334,80.52887333333334 1.2392366666666668,80.52935166666667,80.52935166666667 1.2351149999999997,80.52983,80.52983 1.2309916666666667,80.53030833333334,80.53030833333334 1.2268683333333332,80.53078666666667,80.53078666666667 1.2227433333333333,80.53126333333334,80.53126333333334 1.2186166666666667,80.53174166666668,80.53174166666668 1.2144883333333332,80.53221833333335,80.53221833333335 1.2103566666666667,80.53269333333333,80.53269333333333 1.2062216666666667,80.53316833333334,80.53316833333334 1.20208,80.53364166666665,80.53364166666665 1.1979349999999998,80.53411333333334,80.53411333333334 1.1937866666666666,80.53458333333334,80.53458333333334 1.1896316666666669,80.53505166666667,80.53505166666667 1.185475,80.53551833333333,80.53551833333333 1.181318333333333,80.535985,80.535985 1.1771633333333333,80.53645166666666,80.53645166666666 1.1730066666666668,80.53691833333335,80.53691833333335 1.16885,80.53738333333332,80.53738333333332 1.1646949999999998,80.53784666666668,80.53784666666668 1.1605400000000001,80.53831,80.53831 1.156383333333333,80.53877333333332,80.53877333333332 1.1522249999999998,80.53923333333334,80.53923333333334 1.148065,80.53969333333332,80.53969333333332 1.1439066666666666,80.54015333333335,80.54015333333335 1.13975,80.54061333333334,80.54061333333334 1.135595,80.54107166666665,80.54107166666665 1.13144,80.54153,80.54153 1.1272866666666668,80.54198833333334,80.54198833333334 1.1231333333333333,80.54244666666666,80.54244666666666 1.1189783333333334,80.542905,80.542905 1.1148233333333333,80.54336166666668,80.54336166666668 1.1106633333333333,80.54381666666667,80.54381666666667 1.1065016666666667,80.54427333333334,80.54427333333334 1.1023366666666665,80.54472666666666,80.54472666666666 1.0981683333333334,80.54518166666668,80.54518166666668 1.0939983333333332,80.545635,80.545635 1.0898266666666665,80.54608833333333,80.54608833333333 1.08565,80.54654,80.54654 1.0814749999999997,80.54699333333332,80.54699333333332 1.0773016666666666,80.54744666666667,80.54744666666667 1.0731283333333332,80.54790166666666,80.54790166666666 1.0689583333333332,80.54835666666666,80.54835666666666 1.0647933333333335,80.548815,80.548815 1.0606316666666666,80.54927333333335,80.54927333333335 1.05647,80.54973333333334,80.54973333333334 1.0523116666666668,80.55019333333334,80.55019333333334 1.0481550000000002,80.55065333333334,80.55065333333334 1.044,80.551115,80.551115 1.0398433333333332,80.55157666666666,80.55157666666666 1.03569,80.55204,80.55204 1.0315383333333334,80.55250333333333,80.55250333333333 1.0273883333333331,80.55296833333334,80.55296833333334 1.0232416666666664,80.55343333333333,80.55343333333333 1.0191016666666666,80.55390166666666,80.55390166666666 1.0149666666666666,80.55437,80.55437 1.0108349999999997,80.55484,80.55484 1.0067033333333333,80.55531166666665,80.55531166666665 1.0025716666666669,80.55578166666666,80.55578166666666 0.9984416666666666,80.55625333333334,80.55625333333334 0.9943116666666666,80.55672333333334,80.55672333333334 0.9901799999999998,80.55719333333333,80.55719333333333 0.9860466666666666,80.55766333333334,80.55766333333334 0.9819133333333334,80.55813333333333,80.55813333333333 0.97778,80.55860333333332,80.55860333333332 0.9736483333333332,80.55907166666667,80.55907166666667 0.9695199999999999,80.55954166666666,80.55954166666666 0.9653966666666668,80.56001333333334,80.56001333333334 0.9612783333333331,80.560485,80.560485 0.9571649999999999,80.56095666666667,80.56095666666667 0.9530566666666666,80.56143000000002,80.56143000000002 0.9489566666666666,80.56190333333333,80.56190333333333 0.9448616666666666,80.56237833333331,80.56237833333331 0.9407733333333332,80.56285500000001,80.56285500000001 0.9366900000000001,80.56333166666666,80.56333166666666 0.93261,80.56380666666666,80.56380666666666 0.9285316666666666,80.56428166666666,80.56428166666666 0.9244583333333334,80.56475666666667,80.56475666666667 0.9203833333333333,80.56523000000001,80.56523000000001 0.9163066666666667,80.5657,80.5657 0.9122250000000001,80.56616833333332,80.56616833333332 0.9081383333333334,80.56663333333333,80.56663333333333 0.9040516666666667,80.56709833333333,80.56709833333333 0.8999583333333333,80.56756,80.56756 0.8958600000000001,80.56801833333334,80.56801833333334 0.89176,80.568475,80.568475 0.8876583333333333,80.56893,80.56893 0.883555,80.56938333333332,80.56938333333332 0.8794533333333333,80.56983666666667,80.56983666666667 0.8753516666666665,80.57029,80.57029 0.8712516666666666,80.57074333333333,80.57074333333333 0.8671516666666665,80.57119666666668,80.57119666666668 0.8630533333333332,80.57165166666667,80.57165166666667 0.8589583333333335,80.57210666666667,80.57210666666667 0.8548666666666668,80.57256333333332,80.57256333333332 0.8507783333333333,80.57302166666666,80.57302166666666 0.8466933333333334,80.57348333333333,80.57348333333333 0.8426100000000001,80.57394500000001,80.57394500000001 0.83853,80.57441,80.57441 0.8344533333333333,80.574875,80.574875 0.8303783333333333,80.57534333333334,80.57534333333334 0.8263066666666667,80.57581166666668,80.57581166666668 0.8222383333333333,80.57627999999998,80.57627999999998 0.8181666666666667,80.57674999999999,80.57674999999999 0.8140916666666668,80.57721666666666,80.57721666666666 0.8100133333333334,80.57768499999999,80.57768499999999 0.8059333333333333,80.57815166666667,80.57815166666667 0.8018466666666666,80.57861833333334,80.57861833333334 0.797755,80.57908333333333,80.57908333333333 0.7936533333333334,80.57954833333334,80.57954833333334 0.789545,80.58001,80.58001 0.7854283333333333,80.58047166666665,80.58047166666665 0.7812999999999999,80.58093166666666,80.58093166666666 0.7771650000000001,80.58139166666666,80.58139166666666 0.7730233333333334,80.58184999999999,80.58184999999999 0.768875,80.58231000000002,80.58231000000002 0.7647233333333334,80.58277,80.58277 0.7605683333333333,80.58323166666668,80.58323166666668 0.7564116666666666,80.583695,80.583695 0.752255,80.58416000000001,80.58416000000001 0.7481000000000001,80.584625,80.584625 0.7439433333333334,80.58509333333333,80.58509333333333 0.7397883333333333,80.58556166666666,80.58556166666666 0.7356316666666667,80.58603166666667,80.58603166666667 0.731475,80.58650166666666,80.58650166666666 0.7273183333333333,80.58697333333332,80.58697333333332 0.72316,80.58744333333334,80.58744333333334 0.7190033333333333,80.58791500000001,80.58791500000001 0.7148450000000001,80.588385,80.588385 0.710685,80.588855,80.588855 0.7065233333333333,80.58932333333334,80.58932333333334 0.7023616666666667,80.58979166666667,80.58979166666667 0.6981983333333333,80.59026,80.59026 0.694035,80.59072666666665,80.59072666666665 0.68987,80.59119333333332,80.59119333333332 0.6857083333333334,80.59166,80.59166 0.6815466666666667,80.59212666666667,80.59212666666667 0.677385,80.59259333333333,80.59259333333333 0.6732250000000001,80.59305833333333,80.59305833333333 0.6690666666666666,80.593525,80.593525 0.66491,80.59398833333333,80.59398833333333 0.6607500000000001,80.59445166666666,80.59445166666666 0.6565883333333333,80.59491333333334,80.59491333333334 0.6524266666666667,80.59537333333334,80.59537333333334 0.6482616666666666,80.59583166666667,80.59583166666667 0.6440966666666668,80.59628833333332,80.59628833333332 0.6399333333333335,80.59674333333334,80.59674333333334 0.6357683333333334,80.59719833333332,80.59719833333332 0.631605,80.59765166666665,80.59765166666665 0.6274416666666668,80.59810333333334,80.59810333333334 0.6232783333333335,80.598555,80.598555 0.6191183333333333,80.59900666666667,80.59900666666667 0.6149583333333333,80.59945833333333,80.59945833333333 0.6108016666666666,80.59990833333333,80.59990833333333 0.606645,80.60036,80.60036 0.6024916666666668,80.60081,80.60081 0.5983383333333333,80.60126166666667,80.60126166666667 0.5941866666666668,80.601715,80.601715 0.59004,80.60216999999999,80.60216999999999 0.5858983333333333,80.60262833333333,80.60262833333333 0.5817616666666666,80.60309000000001,80.60309000000001 0.5776316666666667,80.60355333333334,80.60355333333334 0.5735083333333333,80.60401833333334,80.60401833333334 0.5693883333333334,80.60448666666666,80.60448666666666 0.56527,80.60495499999999,80.60495499999999 0.5611533333333333,80.605425,80.605425 0.5570366666666665,80.60589499999999,80.60589499999999 0.55292,80.60636666666664,80.60636666666664 0.5487999999999998,80.60683666666667,80.60683666666667 0.5446766666666667,80.60730833333334,80.60730833333334 0.54055,80.60777833333333,80.60777833333333 0.5364183333333333,80.60824833333332,80.60824833333332 0.5322816666666667,80.60871833333334,80.60871833333334 0.52814,80.60918833333335,80.60918833333335 0.5239916666666666,80.60965666666665,80.60965666666665 0.5198366666666666,80.61012666666667,80.61012666666667 0.5156783333333333,80.61059499999999,80.61059499999999 0.5115133333333333,80.61106333333335,80.61106333333335 0.50734,80.61153,80.61153 0.5031616666666666,80.61199666666667,80.61199666666667 0.49898,80.61246333333334,80.61246333333334 0.49479166666666663,80.61292833333333,80.61292833333333 0.490595,80.61339166666667,80.61339166666667 0.4863950000000001,80.613855,80.613855 0.48219500000000004,80.61431833333333,80.61431833333333 0.4779933333333333,80.61478166666667,80.61478166666667 0.4737883333333333,80.615245,80.615245 0.46958,80.61571,80.61571 0.4653683333333334,80.61617166666667,80.61617166666667 0.4611533333333333,80.61663333333333,80.61663333333333 0.4569333333333333,80.61709499999999,80.61709499999999 0.4527133333333333,80.61755666666666,80.61755666666666 0.44849,80.61801666666668,80.61801666666668 0.44426333333333334,80.61847500000002,80.61847500000002 0.440035,80.61893166666667,80.61893166666667 0.4358033333333333,80.61938833333333,80.61938833333333 0.4315683333333334,80.61984333333332,80.61984333333332 0.42733,80.62029666666668,80.62029666666668 0.42309166666666664,80.62074833333334,80.62074833333334 0.41885500000000003,80.62120166666666,80.62120166666666 0.41461833333333337,80.62165166666666,80.62165166666666 0.410385,80.62210333333336,80.62210333333336 0.406155,80.62255333333333,80.62255333333333 0.40193,80.62300499999999,80.62300499999999 0.39771,80.62345666666668,80.62345666666668 0.3934933333333333,80.62390666666668,80.62390666666668 0.38928166666666664,80.62435833333335,80.62435833333335 0.38507500000000006,80.62480833333335,80.62480833333335 0.38087333333333334,80.62526000000001,80.62526000000001 0.37667333333333336,80.62571166666667,80.62571166666667 0.372475,80.62616166666668,80.62616166666668 0.36828333333333335,80.62661166666668,80.62661166666668 0.3640933333333333,80.62706333333334,80.62706333333334 0.35990666666666665,80.627515,80.627515 0.35572166666666666,80.627965,80.627965 0.35154,80.62841666666667,80.62841666666667 0.3473583333333333,80.62886833333333,80.62886833333333 0.34318,80.62932166666666,80.62932166666666 0.3390033333333333,80.629775,80.629775 0.33483166666666664,80.63023166666667,80.63023166666667 0.3306616666666667,80.63069000000002,80.63069000000002 0.3264966666666667,80.63114999999999,80.63114999999999 0.32233666666666666,80.63161166666667,80.63161166666667 0.3181833333333334,80.63207666666668,80.63207666666668 0.31403333333333333,80.63254333333333,80.63254333333333 0.30988666666666664,80.63301333333332,80.63301333333332 0.3057416666666667,80.63348333333333,80.63348333333333 0.30159833333333336,80.63395333333332,80.63395333333332 0.29745499999999997,80.63442499999998,80.63442499999998 0.29331,80.634895,80.634895 0.28916166666666665,80.63536500000001,80.63536500000001 0.28500833333333336,80.63583333333334,80.63583333333334 0.2808483333333333,80.63629999999999,80.63629999999999 0.2766783333333333,80.63676333333333,80.63676333333333 0.27249833333333334,80.637225,80.637225 0.26831166666666667,80.63768166666667,80.63768166666667 0.264115,80.63813833333334,80.63813833333334 0.259915,80.63859333333333,80.63859333333333 0.2557066666666667,80.63904666666669,80.63904666666669 0.251495,80.63950000000001,80.63950000000001 0.24727833333333332,80.63995166666668,80.63995166666668 0.24305666666666667,80.64040333333334,80.64040333333334 0.23883000000000004,80.64085333333334,80.64085333333334 0.23459833333333335,80.641305,80.641305 0.23036499999999996,80.64175666666667,80.64175666666667 0.22612833333333335,80.64220833333334,80.64220833333334 0.22189000000000003,80.64265999999999,80.64265999999999 0.21765166666666672,80.64311166666667,80.64311166666667 0.21341166666666664,80.643565,80.643565 0.20917166666666667,80.64402000000001,80.64402000000001 0.20493166666666665,80.64447333333334,80.64447333333334 0.20069333333333333,80.64492833333333,80.64492833333333 0.19645666666666664,80.645385,80.645385 0.19222333333333333,80.64584166666667,80.64584166666667 0.18799166666666667,80.64630000000001,80.64630000000001 0.18376666666666666,80.64675999999999,80.64675999999999 0.17954333333333333,80.64722166666667,80.64722166666667 0.17532166666666668,80.64768333333333,80.64768333333333 0.17110499999999998,80.64814500000001,80.64814500000001 0.16689,80.64860666666665,80.64860666666665 0.16267666666666666,80.64907000000001,80.64907000000001 0.15846666666666667,80.64953166666666,80.64953166666666 0.15426,80.64999333333333,80.64999333333333 0.15005333333333334,80.650455,80.650455 0.14584833333333333,80.65091666666667,80.65091666666667 0.14164666666666667,80.65137500000002,80.65137500000002 0.13744333333333336,80.65183499999999,80.65183499999999 0.13324166666666667,80.65229166666666,80.65229166666666 0.129035,80.65274666666664,80.65274666666664 0.12482333333333334,80.6532,80.6532 0.12061000000000001,80.65365,80.65365 0.11639333333333332,80.65409833333334,80.65409833333334 0.11217166666666668,80.65454500000001,80.65454500000001 0.10794833333333331,80.65498833333332,80.65498833333332 0.10372666666666668,80.65543166666667,80.65543166666667 0.099505,80.655875,80.655875 0.09528833333333334,80.65631666666665,80.65631666666665 0.091075,80.65675833333333,80.65675833333333 0.08686666666666666,80.65720166666668,80.65720166666668 0.08266333333333334,80.657645,80.657645 0.07846666666666667,80.65808999999999,80.65808999999999 0.07427333333333334,80.65853666666666,80.65853666666666 0.07008833333333332,80.658985,80.658985 0.06590833333333332,80.65943333333333,80.65943333333333 0.061731666666666664,80.65988333333333,80.65988333333333 0.057554999999999995,80.66033333333333,80.66033333333333 0.053378333333333326,80.66078333333333,80.66078333333333 0.04920166666666667,80.66123166666667,80.66123166666667 0.04502333333333333,80.66168,80.66168 0.040843333333333336,80.66212833333334,80.66212833333334 0.03666333333333334,80.66257833333334,80.66257833333334 0.032481666666666666,80.66302833333332,80.66302833333332 0.0283,80.66347666666668,80.66347666666668 0.024115,80.66392666666668,80.66392666666668 0.019928333333333333,80.66437666666668,80.66437666666668 0.015741666666666668,80.66482666666668,80.66482666666668 0.011551666666666668,80.66527666666666,80.66527666666666 0.00736,80.66572666666666,80.66572666666666 0.003168333333333333,80.66617833333332,80.66617833333332 -0.0010233333333333333,80.66662833333332,80.66662833333332 -0.005216666666666666,80.66708000000001,80.66708000000001 -0.00941,80.66753166666668,80.66753166666668 -0.013603333333333335,80.66798333333334,80.66798333333334 -0.017798333333333333,80.66843666666666,80.66843666666666 -0.021995,80.66888999999999,80.66888999999999 -0.026193333333333332,80.66934333333333,80.66934333333333 -0.030395,80.66979833333332,80.66979833333332 -0.034598333333333335,80.67025166666667,80.67025166666667 -0.03880666666666666,80.67070666666666,80.67070666666666 -0.043015000000000005,80.67115999999999,80.67115999999999 -0.04722666666666667,80.671615,80.671615 -0.051438333333333336,80.67207,80.67207 -0.055648333333333334,80.67252333333333,80.67252333333333 -0.05985666666666667,80.67298000000001,80.67298000000001 -0.06406166666666667,80.67343833333332,80.67343833333332 -0.06826666666666667,80.673895,80.673895 -0.07247,80.67435333333333,80.67435333333333 -0.07667500000000001,80.67481333333333,80.67481333333333 -0.08088166666666667,80.67527166666667,80.67527166666667 -0.08509,80.67572833333334,80.67572833333334 -0.08930166666666667,80.67618499999999,80.67618499999999 -0.09351333333333334,80.67664,80.67664 -0.097725,80.67709666666666,80.67709666666666 -0.10193666666666666,80.67755000000001,80.67755000000001 -0.10614499999999998,80.678005,80.678005 -0.11034833333333333,80.67846,80.67846 -0.11454666666666667,80.67891666666665,80.67891666666665 -0.118735,80.67937333333333,80.67937333333333 -0.12291333333333332,80.67983166666667,80.67983166666667 -0.12708,80.68029333333332,80.68029333333332 -0.13123666666666667,80.68075666666668,80.68075666666668 -0.1353866666666667,80.68122,80.68122 -0.13953166666666666,80.68168666666668,80.68168666666668 -0.143675,80.68215499999998,80.68215499999998 -0.14781666666666665,80.682625,80.682625 -0.15195666666666668,80.68309666666667,80.68309666666667 -0.15609666666666666,80.68356833333335,80.68356833333335 -0.16023666666666667,80.68404333333334,80.68404333333334 -0.16438166666666665,80.68451666666665,80.68451666666665 -0.16852833333333334,80.68499166666666,80.68499166666666 -0.17268166666666668,80.68546666666666,80.68546666666666 -0.17684166666666667,80.68593833333334,80.68593833333334 -0.18101166666666665,80.68641,80.68641 -0.18519166666666664,80.68687833333333,80.68687833333333 -0.18938000000000002,80.68734333333335,80.68734333333335 -0.19357666666666667,80.68780666666666,80.68780666666666 -0.19778333333333337,80.68826666666666,80.68826666666666 -0.20199999999999996,80.68872333333334,80.68872333333334 -0.206225,80.68917666666667,80.68917666666667 -0.21045833333333333,80.68962833333333,80.68962833333333 -0.2147,80.69007666666667,80.69007666666667 -0.21894833333333336,80.69052166666668,80.69052166666668 -0.22320333333333336,80.69096666666667,80.69096666666667 -0.2274616666666667,80.69140833333333,80.69140833333333 -0.23172166666666663,80.69185,80.69185 -0.23598499999999997,80.69229166666666,80.69229166666666 -0.24025000000000002,80.69273333333332,80.69273333333332 -0.244515,80.69317333333333,80.69317333333333 -0.24878166666666662,80.693615,80.693615 -0.25305333333333335,80.69405666666665,80.69405666666665 -0.25732666666666665,80.6945,80.6945 -0.2616033333333333,80.694945,80.694945 -0.26588333333333336,80.69539166666668,80.69539166666668 -0.27016666666666667,80.69583833333333,80.69583833333333 -0.27445166666666665,80.69628666666667,80.69628666666667 -0.27874000000000004,80.69673833333333,80.69673833333333 -0.2830333333333333,80.69718999999999,80.69718999999999 -0.28733000000000003,80.69764166666668,80.69764166666668 -0.29163333333333336,80.69809333333332,80.69809333333332 -0.29593833333333336,80.69854833333333,80.69854833333333 -0.30024666666666666,80.69900166666666,80.69900166666666 -0.30456,80.69945666666666,80.69945666666666 -0.30887666666666663,80.69991166666668,80.69991166666668 -0.3131983333333333,80.70036833333333,80.70036833333333 -0.3175216666666667,80.70082333333335,80.70082333333335 -0.32185,80.70128,80.70128 -0.3261816666666667,80.701735,80.701735 -0.3305133333333334,80.70219333333331,80.70219333333331 -0.3348466666666667,80.70264999999999,80.70264999999999 -0.33918166666666666,80.70310833333333,80.70310833333333 -0.3435166666666667,80.70356833333332,80.70356833333332 -0.34785,80.70402833333333,80.70402833333333 -0.35218333333333335,80.70449,80.70449 -0.356515,80.70495166666667,80.70495166666667 -0.36085,80.70541333333334,80.70541333333334 -0.365185,80.70587499999999,80.70587499999999 -0.3695233333333333,80.70633666666666,80.70633666666666 -0.37386166666666665,80.70679833333334,80.70679833333334 -0.37820000000000004,80.70726166666667,80.70726166666667 -0.3825366666666667,80.70772333333333,80.70772333333333 -0.38687333333333335,80.70818833333334,80.70818833333334 -0.3912083333333333,80.70865166666667,80.70865166666667 -0.39554333333333336,80.70911666666665,80.70911666666665 -0.3998783333333334,80.70958166666667,80.70958166666667 -0.4042133333333333,80.71004666666667,80.71004666666667 -0.40854666666666667,80.71051333333334,80.71051333333334 -0.4128816666666667,80.71097999999999,80.71097999999999 -0.4172166666666667,80.711445,80.711445 -0.42155499999999996,80.71191000000002,80.71191000000002 -0.42589166666666667,80.712375,80.712375 -0.4302316666666667,80.71284000000001,80.71284000000001 -0.4345733333333334,80.71330333333333,80.71330333333333 -0.43891166666666664,80.71376666666666,80.71376666666666 -0.44325,80.71423166666666,80.71423166666666 -0.44758666666666663,80.71469499999999,80.71469499999999 -0.45191833333333337,80.71516,80.71516 -0.456245,80.71562499999999,80.71562499999999 -0.46056833333333336,80.71609,80.71609 -0.46488499999999994,80.71655500000001,80.71655500000001 -0.4692,80.71702166666668,80.71702166666668 -0.47351,80.71748666666667,80.71748666666667 -0.47781999999999997,80.71795333333331,80.71795333333331 -0.4821283333333333,80.71841666666667,80.71841666666667 -0.48643666666666663,80.71888000000001,80.71888000000001 -0.4907416666666667,80.71934333333334,80.71934333333334 -0.49504166666666666,80.71980833333335,80.71980833333335 -0.49933999999999995,80.72027166666668,80.72027166666668 -0.5036349999999999,80.72073499999999,80.72073499999999 -0.5079283333333333,80.72120000000001,80.72120000000001 -0.5122166666666667,80.72166333333332,80.72166333333332 -0.5165050000000001,80.72212666666665,80.72212666666665 -0.5207933333333333,80.72259166666666,80.72259166666666 -0.5250783333333333,80.72305500000002,80.72305500000002 -0.529365,80.72351666666667,80.72351666666667 -0.53365,80.72398,80.72398 -0.5379366666666667,80.72444166666668,80.72444166666668 -0.5422266666666666,80.72490166666665,80.72490166666665 -0.5465200000000001,80.72536166666669,80.72536166666669 -0.550815,80.72581833333334,80.72581833333334 -0.5551166666666667,80.72627666666666,80.72627666666666 -0.5594233333333333,80.72673166666665,80.72673166666665 -0.5637366666666667,80.72718499999998,80.72718499999998 -0.5680550000000001,80.72763833333333,80.72763833333333 -0.5723816666666667,80.72808833333333,80.72808833333333 -0.5767133333333333,80.72854,80.72854 -0.5810533333333334,80.72898833333333,80.72898833333333 -0.5853966666666668,80.72943833333333,80.72943833333333 -0.5897466666666666,80.72988666666667,80.72988666666667 -0.5941,80.73033499999998,80.73033499999998 -0.5984583333333333,80.73078333333332,80.73078333333332 -0.6028216666666667,80.73123333333332,80.73123333333332 -0.607185,80.73168333333332,80.73168333333332 -0.6115533333333334,80.73213499999999,80.73213499999999 -0.6159266666666666,80.73258666666668,80.73258666666668 -0.6203033333333333,80.73304,80.73304 -0.6246833333333335,80.73349333333333,80.73349333333333 -0.6290666666666667,80.73394666666665,80.73394666666665 -0.633455,80.73440166666667,80.73440166666667 -0.6378433333333333,80.73485833333334,80.73485833333334 -0.6422316666666668,80.73531500000001,80.73531500000001 -0.6466233333333334,80.73577166666666,80.73577166666666 -0.6510116666666667,80.73622833333334,80.73622833333334 -0.6554,80.73668666666667,80.73668666666667 -0.659785,80.73714333333335,80.73714333333335 -0.664165,80.73760166666666,80.73760166666666 -0.6685383333333332,80.73805833333334,80.73805833333334 -0.6729016666666666,80.73851666666665,80.73851666666665 -0.6772533333333333,80.73897333333332,80.73897333333332 -0.6815933333333334,80.73943333333332,80.73943333333332 -0.6859216666666665,80.73989333333334,80.73989333333334 -0.6902366666666667,80.74035333333332,80.74035333333332 -0.6945366666666666,80.74081666666667,80.74081666666667 -0.6988216666666667,80.74128333333334,80.74128333333334 -0.7030966666666667,80.74174833333333,80.74174833333333 -0.7073583333333333,80.74221833333333,80.74221833333333 -0.7116066666666666,80.74268833333335,80.74268833333335 -0.7158433333333334,80.74316166666667,80.74316166666667 -0.72007,80.743635,80.743635 -0.7242866666666667,80.74411333333335,80.74411333333335 -0.7284933333333334,80.74459166666666,80.74459166666666 -0.7326916666666667,80.74507333333332,80.74507333333332 -0.7368866666666667,80.74555333333333,80.74555333333333 -0.7410833333333334,80.74603499999999,80.74603499999999 -0.7452816666666667,80.74651333333333,80.74651333333333 -0.7494866666666666,80.74699166666666,80.74699166666666 -0.753695,80.74746666666667,80.74746666666667 -0.7579066666666667,80.74794166666668,80.74794166666668 -0.7621233333333334,80.74841333333335,80.74841333333335 -0.7663449999999999,80.748885,80.748885 -0.7705716666666665,80.749355,80.749355 -0.7748066666666666,80.74982333333334,80.74982333333334 -0.7790533333333334,80.75028833333334,80.75028833333334 -0.7833083333333333,80.75075166666667,80.75075166666667 -0.7875699999999999,80.75121166666666,80.75121166666666 -0.7918416666666668,80.75167166666667,80.75167166666667 -0.7961216666666666,80.75212833333335,80.75212833333335 -0.8004116666666666,80.75258333333333,80.75258333333333 -0.8047083333333334,80.753035,80.753035 -0.8090133333333333,80.75348666666667,80.75348666666667 -0.813325,80.75393666666668,80.75393666666668 -0.817645,80.754385,80.754385 -0.8219733333333333,80.75483333333334,80.75483333333334 -0.8263083333333332,80.75528166666668,80.75528166666668 -0.8306516666666668,80.75572833333335,80.75572833333335 -0.8350033333333334,80.756175,80.756175 -0.8393616666666666,80.75662166666665,80.75662166666665 -0.8437266666666667,80.75706666666666,80.75706666666666 -0.8480983333333333,80.75751333333332,80.75751333333332 -0.852475,80.75795833333333,80.75795833333333 -0.8568566666666666,80.75840499999998,80.75840499999998 -0.8612416666666668,80.75885166666666,80.75885166666666 -0.8656283333333332,80.75929833333333,80.75929833333333 -0.8700149999999999,80.75974500000001,80.75974500000001 -0.8744033333333333,80.76019333333335,80.76019333333335 -0.8787916666666666,80.76064166666666,80.76064166666666 -0.8831766666666666,80.76109166666666,80.76109166666666 -0.8875600000000001,80.76154333333335,80.76154333333335 -0.89194,80.76199333333335,80.76199333333335 -0.896315,80.76244666666668,80.76244666666668 -0.9006866666666666,80.76289833333334,80.76289833333334 -0.9050533333333333,80.76335166666667,80.76335166666667 -0.9094183333333333,80.76380499999999,80.76380499999999 -0.9137833333333335,80.76425666666668,80.76425666666668 -0.9181450000000001,80.76470833333332,80.76470833333332 -0.9225066666666667,80.76515833333332,80.76515833333332 -0.9268649999999999,80.76560666666666,80.76560666666666 -0.9312233333333333,80.76605333333333,80.76605333333333 -0.9355816666666665,80.76650000000001,80.76650000000001 -0.9399383333333334,80.76694333333333,80.76694333333333 -0.944295,80.767385,80.767385 -0.9486483333333333,80.76782833333333,80.76782833333333 -0.9529966666666667,80.76827333333334,80.76827333333334 -0.9573383333333333,80.76871999999999,80.76871999999999 -0.9616733333333334,80.76916666666666,80.76916666666666 -0.966,80.76961666666666,80.76961666666666 -0.9703200000000001,80.77006833333333,80.77006833333333 -0.9746316666666666,80.77052166666668,80.77052166666668 -0.9789333333333334,80.77097833333333,80.77097833333333 -0.9832266666666667,80.77143666666667,80.77143666666667 -0.9875083333333334,80.77189666666666,80.77189666666666 -0.9917766666666666,80.77235666666667,80.77235666666667 -0.9960283333333332,80.77281833333333,80.77281833333333 -1.000265,80.77327833333332,80.77327833333332 -1.0044883333333334,80.77373833333333,80.77373833333333 -1.0086983333333335,80.77419666666667,80.77419666666667 -1.0128983333333332,80.77465166666666,80.77465166666666 -1.0170883333333334,80.775105,80.775105 -1.02127,80.77555666666666,80.77555666666666 -1.0254450000000002,80.77600666666666,80.77600666666666 -1.0296133333333333,80.776455,80.776455 -1.03378,80.77690166666666,80.77690166666666 -1.0379433333333334,80.77734666666667,80.77734666666667 -1.0421016666666667,80.77779166666666,80.77779166666666 -1.046255,80.77823499999998,80.77823499999998 -1.0504033333333331,80.77867833333333,80.77867833333333 -1.0545466666666667,80.77912,80.77912 -1.0586866666666668,80.77956166666667,80.77956166666667 -1.0628216666666666,80.78,80.78 -1.066955,80.78043666666669,80.78043666666669 -1.071085,80.78087166666666,80.78087166666666 -1.0752133333333334,80.78130333333334,80.78130333333334 -1.079345,80.78173333333335,80.78173333333335 -1.0834766666666669,80.78215833333334,80.78215833333334 -1.0876083333333333,80.78258166666667,80.78258166666667 -1.0917366666666668,80.78300166666668,80.78300166666668 -1.095865,80.78341999999999,80.78341999999999 -1.0999866666666667,80.78383666666667,80.78383666666667 -1.1041033333333334,80.78425,80.78425 -1.1082116666666666,80.784665,80.784665 -1.112315,80.78507666666667,80.78507666666667 -1.1164116666666666,80.78548666666667,80.78548666666667 -1.1205,80.78589666666666,80.78589666666666 -1.1245800000000001,80.786305,80.786305 -1.1286533333333333,80.78671333333332,80.78671333333332 -1.1327183333333333,80.78712,80.78712 -1.136775,80.78752666666666,80.78752666666666 -1.140825,80.787935,80.787935 -1.1448683333333334,80.78834499999999,80.78834499999999 -1.1489049999999998,80.788755,80.788755 -1.1529366666666665,80.78916666666667,80.78916666666667 -1.156966666666667,80.78958,80.78958 -1.160993333333333,80.78999333333333,80.78999333333333 -1.1650183333333333,80.79040833333333,80.79040833333333 -1.1690399999999999,80.79082333333335,80.79082333333335 -1.17306,80.79124,80.79124 -1.17708,80.79165499999999,80.79165499999999 -1.1810983333333334,80.79207,80.79207 -1.1851083333333332,80.79248333333332,80.79248333333332 -1.1891116666666666,80.79289666666668,80.79289666666668 -1.1931066666666665,80.79330833333333,80.79330833333333 -1.1970916666666667,80.79371833333333,80.79371833333333 -1.2010649999999998,80.79412833333333,80.79412833333333 -1.2050283333333331,80.79453833333335,80.79453833333335 -1.2089816666666666,80.79494666666666,80.79494666666666 -1.2129283333333332,80.79535333333332,80.79535333333332 -1.2168666666666668,80.79576166666666,80.79576166666666 -1.2208000000000003,80.79616833333333,80.79616833333333 -1.2247283333333334,80.796575,80.796575 -1.2286516666666667,80.79698,80.79698 -1.2325700000000002,80.79738666666667,80.79738666666667 -1.2364816666666665,80.79779333333332,80.79779333333332 -1.2403883333333334,80.79820166666667,80.79820166666667 -1.244285,80.79860833333335,80.79860833333335 -1.2481733333333331,80.79901499999998,80.79901499999998 -1.252055,80.79942333333332,80.79942333333332 -1.2559266666666666,80.79983000000001,80.79983000000001 -1.259795,80.80023833333333,80.80023833333333 -1.26366,80.80064500000002,80.80064500000002 -1.2675233333333333,80.80105,80.80105 -1.271385,80.801455,80.801455 -1.2752483333333333,80.80185833333334,80.80185833333334 -1.2791149999999998,80.80226166666667,80.80226166666667 -1.282986666666667,80.80266333333334,80.80266333333334 -1.2868616666666663,80.80306499999999,80.80306499999999 -1.2907433333333331,80.803465,80.803465 -1.2946333333333333,80.80386166666668,80.80386166666668 -1.2985299999999997,80.80425833333334,80.80425833333334 -1.3024350000000002,80.80465166666666,80.80465166666666 -1.3063416666666667,80.805045,80.805045 -1.3102466666666666,80.80543833333333,80.80543833333333 -1.3141516666666666,80.80583,80.80583 -1.3180533333333335,80.80622000000001,80.80622000000001 -1.3219516666666666,80.80661333333335,80.80661333333335 -1.3258433333333333,80.80700499999999,80.80700499999999 -1.3297316666666668,80.80739833333335,80.80739833333335 -1.333615,80.80779333333332,80.80779333333332 -1.3374933333333334,80.80818833333332,80.80818833333332 -1.3413666666666666,80.80858500000001,80.80858500000001 -1.345233333333333,80.80898166666667,80.80898166666667 -1.349095,80.80937833333334,80.80937833333334 -1.3529516666666666,80.80977666666666,80.80977666666666 -1.3568016666666667,80.81017499999999,80.81017499999999 -1.3606483333333337,80.810575,80.810575 -1.36449,80.81097666666668,80.81097666666668 -1.3683316666666665,80.81137666666667,80.81137666666667 -1.3721716666666668,80.81177833333332,80.81177833333332 -1.37601,80.81218,80.81218 -1.3798466666666667,80.81258166666667,80.81258166666667 -1.3836833333333334,80.81298333333334,80.81298333333334 -1.38752,80.81338666666667,80.81338666666667 -1.3913566666666664,80.81379000000001,80.81379000000001 -1.395195,80.81419166666666,80.81419166666666 -1.3990400000000003,80.81459333333335,80.81459333333335 -1.4028883333333333,80.81499333333333,80.81499333333333 -1.4067383333333332,80.81539333333335,80.81539333333335 -1.4105933333333334,80.81579333333335,80.81579333333335 -1.41445,80.81619,80.81619 -1.4183116666666664,80.81658666666667,80.81658666666667 -1.4221750000000002,80.81697833333332,80.81697833333332 -1.426038333333333,80.81737,80.81737 -1.4299016666666666,80.81776,80.81776 -1.4337616666666666,80.81814999999999,80.81814999999999 -1.437618333333333,80.81854,80.81854 -1.4414683333333334,80.81892833333332,80.81892833333332 -1.4453150000000001,80.81931833333333,80.81931833333333 -1.449155,80.81970666666666,80.81970666666666 -1.4529900000000002,80.82009500000001,80.82009500000001 -1.45682,80.82048499999999,80.82048499999999 -1.4606433333333335,80.82087333333334,80.82087333333334 -1.4644650000000001,80.82126166666666,80.82126166666666 -1.468285,80.82165,80.82165 -1.472103333333333,80.82203666666668,80.82203666666668 -1.4759200000000001,80.822425,80.822425 -1.479735,80.82281166666665,80.82281166666665 -1.4835483333333335,80.8232,80.8232 -1.48736,80.82358833333333,80.82358833333333 -1.4911733333333335,80.82397500000002,80.82397500000002 -1.4949883333333331,80.82436333333334,80.82436333333334 -1.498805,80.82475,80.82475 -1.5026216666666663,80.82513666666667,80.82513666666667 -1.5064400000000002,80.82552333333332,80.82552333333332 -1.5102583333333333,80.82590833333335,80.82590833333335 -1.5140783333333332,80.82629333333333,80.82629333333333 -1.5178966666666667,80.82667666666666,80.82667666666666 -1.5217183333333333,80.82705999999999,80.82705999999999 -1.5255450000000002,80.82743833333335,80.82743833333335 -1.5293783333333333,80.82781666666666,80.82781666666666 -1.5332149999999998,80.82819166666667,80.82819166666667 -1.5370516666666667,80.82856500000001,80.82856500000001 -1.5408916666666665,80.82893833333333,80.82893833333333 -1.5447333333333333,80.82931166666668,80.82931166666668 -1.548575,80.82968333333334,80.82968333333334 -1.5524166666666668,80.83005333333335,80.83005333333335 -1.5562566666666668,80.830425,80.830425 -1.5600933333333336,80.83079500000001,80.83079500000001 -1.5639249999999998,80.831165,80.831165 -1.5677483333333333,80.83153666666668,80.83153666666668 -1.5715633333333332,80.83191,80.83191 -1.5753716666666668,80.83228333333334,80.83228333333334 -1.57917,80.83265666666667,80.83265666666667 -1.5829583333333332,80.83303333333333,80.83303333333333 -1.58674,80.83341,80.83341 -1.5905133333333334,80.83378833333332,80.83378833333332 -1.59428,80.83416833333334,80.83416833333334 -1.5980416666666666,80.83455000000001,80.83455000000001 -1.6017983333333332,80.83493333333332,80.83493333333332 -1.6055516666666667,80.83531833333335,80.83531833333335 -1.6093016666666666,80.835705,80.835705 -1.6130516666666663,80.83609333333332,80.83609333333332 -1.6167983333333336,80.83648333333333,80.83648333333333 -1.6205483333333333,80.83687499999999,80.83687499999999 -1.6242999999999999,80.83726666666666,80.83726666666666 -1.6280549999999998,80.83766,80.83766 -1.6318116666666669,80.83805166666667,80.83805166666667 -1.6355716666666666,80.83844500000001,80.83844500000001 -1.6393349999999998,80.83883666666668,80.83883666666668 -1.6431033333333334,80.83922833333332,80.83922833333332 -1.6468766666666665,80.83961666666667,80.83961666666667 -1.6506566666666664,80.84000333333333,80.84000333333333 -1.6544400000000001,80.84038666666667,80.84038666666667 -1.6582316666666665,80.84076666666665,80.84076666666665 -1.6620300000000001,80.84114333333335,80.84114333333335 -1.6658333333333333,80.841515,80.841515 -1.6696416666666667,80.841885,80.841885 -1.6734549999999997,80.84224999999999,80.84224999999999 -1.6772750000000003,80.84261166666667,80.84261166666667 -1.6810983333333336,80.84297,80.84297 -1.6849233333333333,80.84332666666666,80.84332666666666 -1.6887499999999998,80.84368166666667,80.84368166666667 -1.6925733333333333,80.84403666666667,80.84403666666667 -1.6963949999999999,80.84439166666667,80.84439166666667 -1.7002066666666669,80.84474833333334,80.84474833333334 -1.704015,80.845105,80.845105 -1.7078166666666665,80.84546333333333,80.84546333333333 -1.7116133333333332,80.84582333333333,80.84582333333333 -1.7154049999999996,80.846185,80.846185 -1.7191933333333334,80.84654666666668,80.84654666666668 -1.7229800000000002,80.84691166666666,80.84691166666666 -1.7267649999999999,80.84727666666666,80.84727666666666 -1.7305499999999998,80.84764166666666,80.84764166666666 -1.734336666666667,80.848005,80.848005 -1.7381233333333332,80.84837,80.84837 -1.7419116666666667,80.848735,80.848735 -1.745698333333333,80.84909833333332,80.84909833333332 -1.7494866666666666,80.84946333333335,80.84946333333335 -1.753271666666667,80.84982833333332,80.84982833333332 -1.7570550000000003,80.85019499999999,80.85019499999999 -1.7608300000000001,80.85056333333334,80.85056333333334 -1.7646000000000002,80.85093499999999,80.85093499999999 -1.7683633333333333,80.85130833333334,80.85130833333334 -1.7721216666666666,80.85168333333333,80.85168333333333 -1.7758716666666667,80.85206166666666,80.85206166666666 -1.779618333333333,80.85244166666666,80.85244166666666 -1.78336,80.85282500000001,80.85282500000001 -1.7870983333333332,80.85321,80.85321 -1.790831666666667,80.853595,80.853595 -1.794565,80.85398166666667,80.85398166666667 -1.7982983333333329,80.85436833333333,80.85436833333333 -1.8020316666666667,80.85475666666667,80.85475666666667 -1.805765,80.855145,80.855145 -1.809495,80.85553499999999,80.85553499999999 -1.8132233333333332,80.855925,80.855925 -1.8169466666666665,80.85631500000001,80.85631500000001 -1.820665,80.85670666666668,80.85670666666668 -1.8243783333333337,80.85709833333333,80.85709833333333 -1.8280866666666666,80.85749,80.85749 -1.8317916666666667,80.85788166666667,80.85788166666667 -1.8354916666666665,80.85827166666665,80.85827166666665 -1.839185,80.85866166666666,80.85866166666666 -1.842875,80.85905166666666,80.85905166666666 -1.8465633333333333,80.85944,80.85944 -1.8502516666666664,80.85982666666666,80.85982666666666 -1.8539383333333332,80.86021,80.86021 -1.8576233333333334,80.86059166666668,80.86059166666668 -1.8613066666666669,80.86097166666666,80.86097166666666 -1.8649883333333332,80.86134999999999,80.86134999999999 -1.8686716666666665,80.86172499999999,80.86172499999999 -1.8723583333333333,80.86209666666666,80.86209666666666 -1.8760499999999998,80.86246500000001,80.86246500000001 -1.879745,80.86282999999999,80.86282999999999 -1.8834466666666667,80.86319333333333,80.86319333333333 -1.8871533333333332,80.86355499999999,80.86355499999999 -1.8908649999999998,80.863915,80.863915 -1.8945783333333335,80.86427499999999,80.86427499999999 -1.8982949999999996,80.864635,80.864635 -1.902015,80.864995,80.864995 -1.905735,80.865355,80.865355 -1.9094583333333333,80.86571666666667,80.86571666666667 -1.9131816666666666,80.86607833333335,80.86607833333335 -1.9169049999999996,80.86644,80.86644 -1.9206283333333332,80.86680333333334,80.86680333333334 -1.9243533333333331,80.86716666666665,80.86716666666665 -1.9280783333333331,80.86752999999999,80.86752999999999 -1.931805,80.86789499999999,80.86789499999999 -1.9355316666666669,80.86825999999999,80.86825999999999 -1.9392566666666666,80.868625,80.868625 -1.9429783333333335,80.86899166666666,80.86899166666666 -1.946698333333333,80.86936000000001,80.86936000000001 -1.950415,80.86972833333331,80.86972833333331 -1.9541316666666666,80.87009666666667,80.87009666666667 -1.9578483333333332,80.87046666666666,80.87046666666666 -1.9615666666666662,80.87083666666668,80.87083666666668 -1.9652833333333333,80.87120833333333,80.87120833333333 -1.9690016666666663,80.87158166666666,80.87158166666666 -1.9727216666666667,80.871955,80.871955 -1.976443333333333,80.87233,80.87233 -1.980165,80.87270333333332,80.87270333333332 -1.98389,80.87307833333331,80.87307833333331 -1.9876150000000004,80.87345333333332,80.87345333333332 -1.99134,80.87382833333332,80.87382833333332 -1.9950699999999997,80.87420166666668,80.87420166666668 -1.998805,80.874575,80.874575 -2.0025399999999998,80.87494666666667,80.87494666666667 -2.00628,80.87531666666668,80.87531666666668 -2.0100216666666673,80.87568833333333,80.87568833333333 -2.0137666666666667,80.87605666666666,80.87605666666666 -2.0175133333333335,80.87642666666667,80.87642666666667 -2.02126,80.87679666666666,80.87679666666666 -2.025008333333333,80.87716666666668,80.87716666666668 -2.0287566666666663,80.87753833333333,80.87753833333333 -2.0325033333333336,80.87790833333334,80.87790833333334 -2.036248333333334,80.87827999999999,80.87827999999999 -2.03999,80.87865166666667,80.87865166666667 -2.0437299999999996,80.87902500000001,80.87902500000001 -2.047463333333334,80.8794,80.8794 -2.0511966666666663,80.87977333333332,80.87977333333332 -2.054926666666667,80.88014666666666,80.88014666666666 -2.058653333333334,80.88052166666667,80.88052166666667 -2.0623783333333336,80.88089333333333,80.88089333333333 -2.066103333333333,80.88126666666668,80.88126666666668 -2.0698283333333336,80.88163666666667,80.88163666666667 -2.073553333333333,80.88200833333335,80.88200833333335 -2.0772816666666665,80.88237833333334,80.88237833333334 -2.081011666666667,80.88274666666666,80.88274666666666 -2.0847416666666665,80.883115,80.883115 -2.0884750000000003,80.88348333333333,80.88348333333333 -2.0922083333333332,80.88385166666666,80.88385166666666 -2.0959416666666666,80.88422000000001,80.88422000000001 -2.099675,80.88459,80.88459 -2.103405,80.88495833333333,80.88495833333333 -2.1071333333333335,80.88532666666666,80.88532666666666 -2.1108566666666664,80.88569666666668,80.88569666666668 -2.1145750000000003,80.88606666666666,80.88606666666666 -2.118288333333333,80.88643666666667,80.88643666666667 -2.121995,80.88680666666666,80.88680666666666 -2.125696666666667,80.88717666666668,80.88717666666668 -2.1293916666666663,80.88754833333336,80.88754833333336 -2.1330833333333334,80.88792166666667,80.88792166666667 -2.1367700000000003,80.888295,80.888295 -2.140456666666667,80.88866833333334,80.88866833333334 -2.14414,80.88904500000001,80.88904500000001 -2.14782,80.88942333333333,80.88942333333333 -2.151496666666667,80.88980166666668,80.88980166666668 -2.15517,80.89018333333333,80.89018333333333 -2.15884,80.89056500000001,80.89056500000001 -2.1625033333333334,80.89095,80.89095 -2.1661633333333334,80.891335,80.891335 -2.1698166666666667,80.89172166666667,80.89172166666667 -2.173468333333333,80.89211000000002,80.89211000000002 -2.1771199999999995,80.89249833333334,80.89249833333334 -2.1807749999999997,80.89288333333333,80.89288333333333 -2.1844349999999997,80.89326833333334,80.89326833333334 -2.188098333333333,80.89364999999998,80.89364999999998 -2.191766666666667,80.89403166666666,80.89403166666666 -2.195441666666666,80.89441000000001,80.89441000000001 -2.199126666666667,80.89478666666668,80.89478666666668 -2.202821666666667,80.89515833333333,80.89515833333333 -2.2065250000000005,80.89552833333333,80.89552833333333 -2.21024,80.89589333333333,80.89589333333333 -2.2139649999999995,80.89625500000001,80.89625500000001 -2.2177016666666662,80.89661333333335,80.89661333333335 -2.221446666666667,80.89696833333335,80.89696833333335 -2.2251966666666663,80.89732166666667,80.89732166666667 -2.2289499999999998,80.897675,80.897675 -2.2327033333333337,80.89802666666667,80.89802666666667 -2.2364616666666666,80.89838,80.89838 -2.24022,80.898735,80.898735 -2.24398,80.89908999999999,80.89908999999999 -2.247746666666667,80.89944499999999,80.89944499999999 -2.2515199999999997,80.89980166666666,80.89980166666666 -2.2553016666666665,80.90015833333335,80.90015833333335 -2.2590916666666665,80.90051666666668,80.90051666666668 -2.262886666666667,80.900875,80.900875 -2.2666883333333327,80.90123333333334,80.90123333333334 -2.2704933333333335,80.90159499999999,80.90159499999999 -2.2742999999999998,80.90195666666666,80.90195666666666 -2.2781100000000003,80.90231833333334,80.90231833333334 -2.281916666666667,80.90268166666665,80.90268166666665 -2.285725,80.90304499999999,80.90304499999999 -2.289531666666667,80.90340666666665,80.90340666666665 -2.2933383333333337,80.90376833333333,80.90376833333333 -2.2971399999999993,80.90413000000001,80.90413000000001 -2.300938333333333,80.90449,80.90449 -2.3047349999999995,80.90485000000001,80.90485000000001 -2.30853,80.90521,80.90521 -2.312321666666666,80.90557,80.90557 -2.3161133333333335,80.90592833333335,80.90592833333335 -2.3199050000000003,80.90628833333334,80.90628833333334 -2.323698333333333,80.90664666666666,80.90664666666666 -2.327491666666667,80.907005,80.907005 -2.3312866666666667,80.90736500000001,80.90736500000001 -2.33508,80.907725,80.907725 -2.338871666666667,80.90808499999999,80.90808499999999 -2.34266,80.90844666666666,80.90844666666666 -2.3464466666666666,80.90881166666667,80.90881166666667 -2.3502300000000003,80.90917666666665,80.90917666666665 -2.354015,80.90954333333333,80.90954333333333 -2.3577966666666668,80.90991166666666,80.90991166666666 -2.3615766666666667,80.91028333333334,80.91028333333334 -2.3653533333333336,80.91065499999999,80.91065499999999 -2.369128333333333,80.91103,80.91103 -2.3728999999999996,80.91140666666668,80.91140666666668 -2.37667,80.91178333333335,80.91178333333335 -2.3804416666666666,80.91216166666666,80.91216166666666 -2.3842116666666664,80.91254000000002,80.91254000000002 -2.3879850000000005,80.91291833333334,80.91291833333334 -2.3917599999999997,80.91329833333333,80.91329833333333 -2.395538333333333,80.913675,80.913675 -2.399321666666667,80.91405333333334,80.91405333333334 -2.403106666666667,80.91442999999998,80.91442999999998 -2.4068950000000005,80.91480666666666,80.91480666666666 -2.4106850000000004,80.91518333333333,80.91518333333333 -2.4144766666666664,80.91556,80.91556 -2.4182716666666666,80.91593666666665,80.91593666666665 -2.4220699999999997,80.91631,80.91631 -2.4258683333333333,80.91668333333334,80.91668333333334 -2.4296699999999998,80.91705499999999,80.91705499999999 -2.4334716666666663,80.91742333333333,80.91742333333333 -2.437273333333333,80.91779,80.91779 -2.4410749999999997,80.918155,80.918155 -2.444875,80.91851666666666,80.91851666666666 -2.44867,80.91888,80.91888 -2.4524616666666668,80.91924000000002,80.91924000000002 -2.4562483333333334,80.91960166666667,80.91960166666667 -2.46003,80.91996000000002,80.91996000000002 -2.4638050000000002,80.92031833333334,80.92031833333334 -2.467575,80.92067666666668,80.92067666666668 -2.47134,80.921035,80.921035 -2.475101666666667,80.92139333333333,80.92139333333333 -2.4788616666666665,80.92175,80.92175 -2.4826166666666665,80.92210666666666,80.92210666666666 -2.4863683333333335,80.92246333333333,80.92246333333333 -2.4901166666666668,80.92282,80.92282 -2.493863333333333,80.92317666666666,80.92317666666666 -2.497606666666667,80.92353166666666,80.92353166666666 -2.5013466666666666,80.92388833333334,80.92388833333334 -2.505081666666667,80.92424333333334,80.92424333333334 -2.5088116666666664,80.9246,80.9246 -2.5125366666666666,80.92495666666667,80.92495666666667 -2.516255,80.92531333333334,80.92531333333334 -2.519966666666667,80.92567166666666,80.92567166666666 -2.523676666666667,80.92602833333333,80.92602833333333 -2.5273833333333333,80.92638666666666,80.92638666666666 -2.531088333333333,80.92674333333332,80.92674333333332 -2.5347916666666666,80.92710166666667,80.92710166666667 -2.5385000000000004,80.92746166666667,80.92746166666667 -2.54221,80.92782,80.92782 -2.5459216666666666,80.92817833333332,80.92817833333332 -2.5496366666666663,80.92853833333334,80.92853833333334 -2.553355,80.92889666666667,80.92889666666667 -2.557078333333333,80.92925666666666,80.92925666666666 -2.5608083333333336,80.92961333333332,80.92961333333332 -2.564545,80.92997,80.92997 -2.5682883333333333,80.93032666666666,80.93032666666666 -2.5720383333333334,80.93068166666666,80.93068166666666 -2.5757966666666667,80.93103500000001,80.93103500000001 -2.57956,80.93138999999998,80.93138999999998 -2.5833283333333337,80.93174333333333,80.93174333333333 -2.5871033333333333,80.93209666666667,80.93209666666667 -2.590883333333333,80.93245,80.93245 -2.594665,80.93280333333335,80.93280333333335 -2.59845,80.93315833333332,80.93315833333332 -2.6022383333333328,80.93351333333334,80.93351333333334 -2.6060299999999996,80.93386833333334,80.93386833333334 -2.6098266666666663,80.934225,80.934225 -2.6136283333333337,80.93458000000001,80.93458000000001 -2.6174350000000004,80.93493499999998,80.93493499999998 -2.621246666666667,80.93529,80.93529 -2.6250600000000004,80.93564500000002,80.93564500000002 -2.628875,80.93599999999999,80.93599999999999 -2.63269,80.93635666666667,80.93635666666667 -2.6365033333333336,80.93671333333333,80.93671333333333 -2.640315,80.93707333333334,80.93707333333334 -2.644123333333334,80.93743333333333,80.93743333333333 -2.6479266666666663,80.93779500000001,80.93779500000001 -2.651725,80.93816,80.93816 -2.6555183333333328,80.93852333333334,80.93852333333334 -2.6593083333333336,80.93888833333334,80.93888833333334 -2.6630933333333333,80.93925333333334,80.93925333333334 -2.666876666666666,80.93962,80.93962 -2.67066,80.93998666666667,80.93998666666667 -2.6744399999999997,80.94035333333333,80.94035333333333 -2.6782199999999996,80.94072,80.94072 -2.6820016666666664,80.94108666666666,80.94108666666666 -2.685783333333333,80.94145166666667,80.94145166666667 -2.689565,80.94181666666667,80.94181666666667 -2.6933483333333332,80.94218166666667,80.94218166666667 -2.697133333333334,80.94254500000001,80.94254500000001 -2.7009200000000004,80.94290666666669,80.94290666666669 -2.7047083333333335,80.94326833333334,80.94326833333334 -2.708498333333333,80.94362833333332,80.94362833333332 -2.712288333333334,80.94398833333334,80.94398833333334 -2.7160783333333334,80.94434833333334,80.94434833333334 -2.7198666666666664,80.94470833333332,80.94470833333332 -2.723655,80.94506833333334,80.94506833333334 -2.727443333333334,80.94542999999999,80.94542999999999 -2.731235,80.94579166666666,80.94579166666666 -2.7350266666666663,80.946155,80.946155 -2.73882,80.94651833333334,80.94651833333334 -2.7426150000000007,80.94688333333333,80.94688333333333 -2.7464166666666663,80.94724833333333,80.94724833333333 -2.750221666666666,80.947615,80.947615 -2.7540283333333333,80.94798166666666,80.94798166666666 -2.75784,80.94835166666667,80.94835166666667 -2.7616516666666664,80.94872166666666,80.94872166666666 -2.7654666666666667,80.949095,80.949095 -2.7692816666666666,80.94946833333334,80.94946833333334 -2.773101666666667,80.94984333333333,80.94984333333333 -2.7769233333333334,80.95022166666666,80.95022166666666 -2.7807483333333334,80.95059833333333,80.95059833333333 -2.7845766666666667,80.95097833333331,80.95097833333331 -2.7884066666666665,80.95135666666667,80.95135666666667 -2.7922416666666665,80.95173833333334,80.95173833333334 -2.796081666666667,80.95211833333333,80.95211833333333 -2.799925,80.9525,80.9525 -2.803773333333334,80.95288166666666,80.95288166666666 -2.807625,80.95326499999999,80.95326499999999 -2.8114766666666666,80.95364833333332,80.95364833333332 -2.81533,80.95403333333334,80.95403333333334 -2.819181666666667,80.95441833333332,80.95441833333332 -2.823033333333333,80.95480333333332,80.95480333333332 -2.826885,80.95518999999999,80.95518999999999 -2.8307333333333333,80.95557500000001,80.95557500000001 -2.8345783333333334,80.95596,80.95596 -2.8384233333333335,80.95634333333334,80.95634333333334 -2.842273333333333,80.95672500000002,80.95672500000002 -2.846135,80.95709833333333,80.95709833333333 -2.8500116666666666,80.95746333333334,80.95746333333334 -2.85391,80.95781499999998,80.95781499999998 -2.8578333333333332,80.95815333333334,80.95815333333334 -2.8617816666666664,80.958475,80.958475 -2.86576,80.95877833333333,80.95877833333333 -2.869768333333333,80.95906166666668,80.95906166666668 -2.873806666666667,80.95932333333333,80.95932333333333 -2.8778716666666666,80.95956166666667,80.95956166666667 -2.8819616666666663,80.95977666666666,80.95977666666666 -2.8860683333333332,80.95997000000001,80.95997000000001 -2.8901933333333334,80.96014166666667,80.96014166666667 -2.894328333333333,80.96029333333331,80.96029333333331 -2.8984716666666666,80.960425,80.960425 -2.902623333333333,80.96053833333333,80.96053833333333 -2.9067800000000004,80.960635,80.960635 -2.910941666666666,80.96071333333332,80.96071333333332 -2.9151066666666665,80.960775,80.960775 -2.919271666666666,80.96082,80.96082 -2.923435,80.96085166666666,80.96085166666666 -2.9275949999999997,80.96086833333334,80.96086833333334 -2.931748333333333,80.960875,80.960875 -2.935895,80.96087166666666,80.96087166666666 -2.940036666666667,80.96086166666669,80.96086166666669 -2.9441733333333335,80.96084833333333,80.96084833333333 -2.9483050000000004,80.96083,80.96083 -2.9524333333333335,80.96081166666667,80.96081166666667 -2.9565599999999996,80.96079,80.96079 -2.960685,80.96076666666666,80.96076666666666 -2.9648133333333333,80.96073999999999,80.96073999999999 -2.968948333333334,80.96070833333333,80.96070833333333 -2.97309,80.96067333333333,80.96067333333333 -2.977245,80.96063333333333,80.96063333333333 -2.9814133333333332,80.96059166666667,80.96059166666667 -2.985596666666667,80.96054833333334,80.96054833333334 -2.9898,80.96050166666667,80.96050166666667 -2.9940249999999997,80.960455,80.960455 -2.9982700000000007,80.96040666666667,80.96040666666667 -3.0025383333333338,80.96036000000001,80.96036000000001 -3.006828333333333,80.960315,80.960315 -3.0111400000000006,80.96027166666666,80.96027166666666 -3.0154716666666666,80.96023166666666,80.96023166666666 -3.019823333333333,80.96019666666666,80.96019666666666 -3.0241933333333333,80.96017,80.96017 -3.0285833333333327,80.96014833333332,80.96014833333332 -3.032985,80.96013333333335,80.96013333333335 -3.037396666666667,80.96012333333334,80.96012333333334 -3.0418166666666666,80.96011666666666,80.96011666666666 -3.0462449999999994,80.96011166666668,80.96011166666668 -3.0506816666666667,80.96010833333334,80.96010833333334 -3.0551250000000003,80.96010833333334,80.96010833333334 -3.059576666666666,80.96011,80.96011 -3.0640416666666663,80.96011666666666,80.96011666666666 -3.06852,80.96012666666667,80.96012666666667 -3.07301,80.96014,80.96014 -3.0775133333333335,80.96015833333333,80.96015833333333 -3.0820283333333336,80.96017833333335,80.96017833333335 -3.0865533333333333,80.96020166666666,80.96020166666666 -3.0910850000000005,80.96022666666666,80.96022666666666 -3.0956199999999994,80.96025333333334,80.96025333333334 -3.1001599999999994,80.96028333333334,80.96028333333334 -3.1047066666666665,80.960315,80.960315 -3.109258333333333,80.96034666666665,80.96034666666665 -3.113816666666667,80.96038166666666,80.96038166666666 -3.118381666666666,80.96041666666667,80.96041666666667 -3.1229533333333332,80.96045166666666,80.96045166666666 -3.127531666666667,80.96048666666668,80.96048666666668 -3.1321116666666664,80.96051833333331,80.96051833333331 -3.136693333333333,80.96054833333334,80.96054833333334 -3.141271666666666,80.96057666666667,80.96057666666667 -3.145843333333334,80.96060000000001,80.96060000000001 -3.150408333333333,80.96062166666667,80.96062166666667 -3.1549666666666663,80.96064166666667,80.96064166666667 -3.1595133333333334,80.96065833333334,80.96065833333334 -3.16405,80.96067333333333,80.96067333333333 -3.16857,80.96068499999998,80.96068499999998 -3.1730716666666665,80.96069500000002,80.96069500000002 -3.1775583333333333,80.96070333333334,80.96070333333334 -3.1820316666666666,80.96071333333332,80.96071333333332 -3.1864966666666668,80.96072333333335,80.96072333333335 -3.190951666666667,80.96073166666666,80.96073166666666 -3.1953983333333333,80.96074166666668,80.96074166666668 -3.199838333333333,80.96074833333333,80.96074833333333 -3.2042750000000004,80.960755,80.960755 -3.208706666666667,80.96075833333333,80.96075833333333 -3.213135,80.96075666666667,80.96075666666667 -3.21756,80.96075333333334,80.96075333333334 -3.221985,80.96074833333333,80.96074833333333 -3.226408333333333,80.96074166666668,80.96074166666668 -3.2308283333333327,80.96073333333334,80.96073333333334 -3.2352466666666664,80.96072333333335,80.96072333333335 -3.239663333333333,80.96071500000001,80.96071500000001 -3.244076666666667,80.960705,80.960705 -3.2484866666666665,80.96069333333332,80.96069333333332 -3.2528916666666667,80.96068,80.96068 -3.2572950000000005,80.96066499999999,80.96066499999999 -3.2616966666666665,80.96065,80.96065 -3.2661000000000002,80.96063333333333,80.96063333333333 -3.270505,80.960615,80.960615 -3.274913333333333,80.960595,80.960595 -3.279328333333334,80.960575,80.960575 -3.2837466666666675,80.96055333333335,80.96055333333335 -3.2881733333333334,80.96053166666667,80.96053166666667 -3.292606666666667,80.96051,80.96051 -3.2970450000000002,80.96049000000001,80.96049000000001 -3.3014900000000007,80.96047000000002,80.96047000000002 -3.30594,80.96045166666666,80.96045166666666 -3.310396666666667,80.96043666666667,80.96043666666667 -3.31486,80.96042166666666,80.96042166666666 -3.319331666666667,80.96041,80.96041 -3.32381,80.96039833333333,80.96039833333333 -3.3282966666666662,80.96038833333334,80.96038833333334 -3.3327933333333335,80.96038,80.96038 -3.3372983333333335,80.96037333333332,80.96037333333332 -3.34181,80.96036666666667,80.96036666666667 -3.346331666666667,80.96036166666667,80.96036166666667 -3.3508616666666664,80.96035833333335,80.96035833333335 -3.3554000000000004,80.96035499999999,80.96035499999999 -3.359946666666666,80.96035333333333,80.96035333333333 -3.3645,80.96035166666667,80.96035166666667 -3.3690583333333333,80.96035,80.96035 -3.3736216666666667,80.96035166666667,80.96035166666667 -3.3781899999999996,80.96035333333333,80.96035333333333 -3.3827616666666676,80.96035499999999,80.96035499999999 -3.3873333333333338,80.96035833333335,80.96035833333335 -3.391905,80.96036166666667,80.96036166666667 -3.396476666666666,80.96036666666667,80.96036666666667 -3.401045,80.96037166666666,80.96037166666666 -3.405608333333333,80.96037833333334,80.96037833333334 -3.410166666666667,80.96038499999999,80.96038499999999 -3.4147216666666673,80.96039166666667,80.96039166666667 -3.4192716666666665,80.96039833333333,80.96039833333333 -3.4238183333333336,80.96040666666667,80.96040666666667 -3.4283650000000003,80.96041500000001,80.96041500000001 -3.4329116666666666,80.96042166666666,80.96042166666666 -3.4374599999999997,80.96042833333333,80.96042833333333 -3.442008333333334,80.960435,80.960435 -3.4465600000000003,80.96043999999999,80.96043999999999 -3.4511166666666666,80.96044666666667,80.96044666666667 -3.4556750000000007,80.96045166666666,80.96045166666666 -3.4602383333333337,80.960455,80.960455 -3.464805,80.96045999999998,80.96045999999998 -3.4693766666666668,80.960465,80.960465 -3.473955,80.96047000000002,80.96047000000002 -3.478536666666667,80.960475,80.960475 -3.483121666666667,80.96048,80.96048 -3.4877133333333337,80.96048666666668,80.96048666666668 -3.4923083333333333,80.96049333333333,80.96049333333333 -3.4969083333333333,80.96050000000001,80.96050000000001 -3.5015116666666675,80.96050666666666,80.96050666666666 -3.50612,80.96051333333332,80.96051333333332 -3.510731666666666,80.96051833333331,80.96051833333331 -3.5153450000000004,80.96052500000002,80.96052500000002 -3.51996,80.96052833333334,80.96052833333334 -3.5245749999999996,80.96053333333333,80.96053333333333 -3.529191666666667,80.96053666666667,80.96053666666667 -3.53381,80.96053833333333,80.96053833333333 -3.538425,80.96053833333333,80.96053833333333 -3.5430350000000006,80.96053833333333,80.96053833333333 -3.5476400000000003,80.960535,80.960535 -3.5522383333333334,80.96053166666667,80.96053166666667 -3.55683,80.96052666666665,80.96052666666665 -3.561413333333333,80.96052166666666,80.96052166666666 -3.5659899999999998,80.96051666666668,80.96051666666668 -3.570560000000001,80.96051166666666,80.96051166666666 -3.575121666666666,80.96050666666666,80.96050666666666 -3.5796766666666664,80.96050166666667,80.96050166666667 -3.5842216666666666,80.96049666666666,80.96049666666666 -3.58876,80.96049166666667,80.96049166666667 -3.5932899999999997,80.96048666666668,80.96048666666668 -3.597808333333333,80.96048333333333,80.96048333333333 -3.6023200000000006,80.96048,80.96048 -3.606821666666666,80.96047833333334,80.96047833333334 -3.611315,80.960475,80.960475 -3.6157983333333337,80.96047333333334,80.96047333333334 -3.6202733333333335,80.96047000000002,80.96047000000002 -3.624738333333334,80.96046833333332,80.96046833333332 -3.629195,80.960465,80.960465 -3.6336450000000005,80.96046166666667,80.96046166666667 -3.6380866666666662,80.96045666666666,80.96045666666666 -3.6425216666666675,80.96045166666666,80.96045166666666 -3.6469500000000004,80.96044666666667,80.96044666666667 -3.651375,80.96043999999999,80.96043999999999 -3.6557949999999995,80.96043166666665,80.96043166666665 -3.660211666666667,80.96042166666666,80.96042166666666 -3.664625,80.96041166666669,80.96041166666669 -3.669035000000001,80.96040166666666,80.96040166666666 -3.673441666666667,80.96039,80.96039 -3.677845,80.96037833333334,80.96037833333334 -3.682243333333333,80.96036666666667,80.96036666666667 -3.6866399999999997,80.96035666666666,80.96035666666666 -3.691031666666667,80.96034500000002,80.96034500000002 -3.695419999999999,80.960335,80.960335 -3.699805,80.960325,80.960325 -3.704188333333334,80.960315,80.960315 -3.708568333333333,80.96030666666667,80.96030666666667 -3.7129450000000004,80.96029833333333,80.96029833333333 -3.7173233333333338,80.96028999999999,80.96028999999999 -3.721698333333333,80.96028333333334,80.96028333333334 -3.7260733333333333,80.96027833333333,80.96027833333333 -3.7304483333333334,80.96027166666666,80.96027166666666 -3.7348233333333334,80.96026833333333,80.96026833333333 -3.739198333333334,80.96026333333332,80.96026333333332 -3.743573333333333,80.96025999999999,80.96025999999999 -3.7479483333333334,80.96025666666667,80.96025666666667 -3.7523233333333335,80.96025333333334,80.96025333333334 -3.7567,80.96025,80.96025 -3.761076666666667,80.96024666666668,80.96024666666668 -3.7654566666666662,80.96024500000001,80.96024500000001 -3.769836666666667,80.96024500000001,80.96024500000001 -3.7742199999999997,80.96024666666668,80.96024666666668 -3.778606666666667,80.96024833333334,80.96024833333334 -3.7829966666666666,80.96025333333334,80.96025333333334 -3.7873900000000003,80.96025999999999,80.96025999999999 -3.7917883333333338,80.96026666666667,80.96026666666667 -3.79619,80.96027666666667,80.96027666666667 -3.8005966666666664,80.96028833333332,80.96028833333332 -3.805006666666667,80.96030166666665,80.96030166666665 -3.80942,80.960315,80.960315 -3.8138350000000005,80.96032833333335,80.96032833333335 -3.8182500000000004,80.96034,80.96034 -3.8226649999999998,80.96034833333334,80.96034833333334 -3.82708,80.96035666666666,80.96035666666666 -3.831495,80.96036166666667,80.96036166666667 -3.835906666666667,80.96036333333333,80.96036333333333 -3.8403183333333333,80.96036333333333,80.96036333333333 -3.8447283333333333,80.96036166666667,80.96036166666667 -3.8491366666666664,80.96035833333335,80.96035833333335 -3.853541666666666,80.96035166666667,80.96035166666667 -3.857941666666666,80.96034166666666,80.96034166666666 -3.8623366666666668,80.96033000000001,80.96033000000001 -3.866726666666667,80.96031833333332,80.96031833333332 -3.8711099999999994,80.960305,80.960305 -3.8754850000000003,80.96028999999999,80.96028999999999 -3.8798533333333336,80.96027500000001,80.96027500000001 -3.884218333333333,80.96026166666668,80.96026166666668 -3.888581666666667,80.96025,80.96025 -3.8929433333333328,80.96023833333334,80.96023833333334 -3.897311666666667,80.96022833333333,80.96022833333333 -3.9016866666666674,80.96022166666667,80.96022166666667 -3.906071666666667,80.96021333333333,80.96021333333333 -3.9104666666666663,80.96020666666665,80.96020666666665 -3.9148700000000005,80.9602,80.9602 -3.919281666666667,80.96019333333334,80.96019333333334 -3.923701666666667,80.96018666666669,80.96018666666669 -3.9281283333333334,80.96017833333335,80.96017833333335 -3.932561666666667,80.96016833333333,80.96016833333333 -3.9370016666666667,80.96015666666666,80.96015666666666 -3.9414466666666668,80.960145,80.960145 -3.9458983333333335,80.96013166666665,80.96013166666665 -3.9503516666666667,80.96011833333333,80.96011833333333 -3.9548099999999993,80.96010166666666,80.96010166666666 -3.959271666666667,80.96008499999999,80.96008499999999 -3.9637383333333336,80.96006833333331,80.96006833333331 -3.9682066666666667,80.96005166666667,80.96005166666667 -3.9726783333333335,80.96003499999999,80.96003499999999 -3.97715,80.96001833333332,80.96001833333332 -3.9816233333333333,80.960005,80.960005 -3.9861000000000004,80.959995,80.959995 -3.99058,80.95998666666667,80.95998666666667 -3.995061666666667,80.95998166666665,80.95998166666665 -3.9995466666666672,80.95997999999999,80.95997999999999 -4.004033333333333,80.95998166666665,80.95998166666665 -4.008519999999999,80.959985,80.959985 -4.013005,80.95998833333333,80.95998833333333 -4.017491666666667,80.959995,80.959995 -4.021976666666667,80.96000166666666,80.96000166666666 -4.026461666666666,80.96000833333332,80.96000833333332 -4.030948333333334,80.96001666666666,80.96001666666666 -4.035435,80.960025,80.960025 -4.039923333333333,80.96003499999999,80.96003499999999 -4.044413333333333,80.96004500000002,80.96004500000002 -4.048903333333333,80.960055,80.960055 -4.053395,80.96006499999999,80.96006499999999 -4.0578883333333335,80.96007333333333,80.96007333333333 -4.06238,80.96008166666667,80.96008166666667 -4.066871666666666,80.96008833333333,80.96008833333333 -4.071363333333332,80.96009500000001,80.96009500000001 -4.075855000000001,80.96009833333333,80.96009833333333 -4.0803449999999994,80.96010166666666,80.96010166666666 -4.084834999999999,80.96010333333335,80.96010333333335 -4.0893250000000005,80.96010333333335,80.96010333333335 -4.093814999999999,80.96010166666666,80.96010166666666 -4.098303333333332,80.9601,80.9601 -4.102791666666667,80.96009666666667,80.96009666666667 -4.107278333333333,80.96009500000001,80.96009500000001 -4.111764999999999,80.96009166666666,80.96009166666666 -4.11625,80.96008833333333,80.96008833333333 -4.120735000000001,80.96008499999999,80.96008499999999 -4.125216666666666,80.96008166666667,80.96008166666667 -4.129698333333333,80.96008,80.96008 -4.134178333333333,80.96008,80.96008 -4.138658333333333,80.96008333333333,80.96008333333333 -4.143138333333333,80.96008833333333,80.96008833333333 -4.147618333333333,80.96009500000001,80.96009500000001 -4.1521,80.96010333333335,80.96010333333335 -4.156581666666667,80.96011333333333,80.96011333333333 -4.161063333333333,80.96012166666665,80.96012166666665 -4.165545,80.96013166666665,80.96013166666665 -4.170028333333334,80.96013833333333,80.96013833333333 -4.174513333333333,80.96014666666666,80.96014666666666 -4.179001666666665,80.96015333333334,80.96015333333334 -4.183491666666667,80.96015666666666,80.96015666666666 -4.187981666666667,80.96015833333333,80.96015833333333 -4.192474999999999,80.96015833333333,80.96015833333333 -4.19697,80.96015833333333,80.96015833333333 -4.201466666666668,80.960155,80.960155 -4.205966666666668,80.96015000000001,80.96015000000001 -4.210468333333334,80.96014333333332,80.96014333333332 -4.214975,80.96013666666667,80.96013666666667 -4.219485,80.96012833333333,80.96012833333333 -4.223996666666666,80.96012000000002,80.96012000000002 -4.228511666666666,80.96011166666668,80.96011166666668 -4.23303,80.96010500000001,80.96010500000001 -4.237551666666667,80.9601,80.9601 -4.242075,80.96009666666667,80.96009666666667 -4.246598333333334,80.96009333333332,80.96009333333332 -4.251123333333334,80.96009333333332,80.96009333333332 -4.25565,80.96009500000001,80.96009500000001 -4.260175,80.96009833333333,80.96009833333333 -4.2647,80.96010166666666,80.96010166666666 -4.269221666666668,80.96010666666668,80.96010666666668 -4.273741666666667,80.96011333333333,80.96011333333333 -4.2782599999999995,80.96012166666665,80.96012166666665 -4.282776666666667,80.96012833333333,80.96012833333333 -4.2872916666666665,80.96013500000001,80.96013500000001 -4.291805,80.96014333333332,80.96014333333332 -4.296315000000001,80.96015000000001,80.96015000000001 -4.300825000000001,80.96015666666666,80.96015666666666 -4.305331666666667,80.96016333333334,80.96016333333334 -4.3098383333333325,80.96017,80.96017 -4.314343333333333,80.96017499999999,80.96017499999999 -4.318849999999999,80.96017833333335,80.96017833333335 -4.323358333333334,80.96018166666667,80.96018166666667 -4.327868333333334,80.96018333333333,80.96018333333333 -4.332380000000001,80.960185,80.960185 -4.336895000000001,80.96018333333333,80.96018333333333 -4.341413333333334,80.96018000000001,80.96018000000001 -4.345935,80.96017666666665,80.96017666666665 -4.350463333333333,80.96017166666667,80.96017166666667 -4.354995,80.96016666666667,80.96016666666667 -4.359531666666666,80.96015999999999,80.96015999999999 -4.364073333333333,80.96015166666665,80.96015166666665 -4.36862,80.960145,80.960145 -4.373171666666667,80.96013666666667,80.96013666666667 -4.377725,80.96012666666667,80.96012666666667 -4.3822833333333335,80.96011833333333,80.96011833333333 -4.386845,80.96011,80.96011 -4.391408333333334,80.96010333333335,80.96010333333335 -4.395976666666667,80.9601,80.9601 -4.400548333333333,80.9601,80.9601 -4.405123333333333,80.96010166666666,80.96010166666666 -4.409701666666667,80.96010833333334,80.96010833333334 -4.414281666666667,80.96011666666666,80.96011666666666 -4.418864999999999,80.96012666666667,80.96012666666667 -4.423446666666667,80.96013666666667,80.96013666666667 -4.42803,80.960145,80.960145 -4.4326099999999995,80.96015333333334,80.96015333333334 -4.43719,80.96015999999999,80.96015999999999 -4.441766666666667,80.960165,80.960165 -4.446343333333334,80.96016833333333,80.96016833333333 -4.450916666666667,80.96017,80.96017 -4.455486666666667,80.96016666666667,80.96016666666667 -4.460051666666666,80.96016333333334,80.96016333333334 -4.464611666666667,80.96015833333333,80.96015833333333 -4.469166666666665,80.96015166666665,80.96015166666665 -4.473714999999999,80.960145,80.960145 -4.478256666666666,80.96014,80.96014 -4.482793333333333,80.96013500000001,80.96013500000001 -4.487325,80.96013500000001,80.96013500000001 -4.491851666666667,80.96013666666667,80.96013666666667 -4.4963750000000005,80.96014333333332,80.96014333333332 -4.500893333333334,80.96015166666665,80.96015166666665 -4.5054066666666674,80.96016166666668,80.96016166666668 -4.509916666666667,80.96017499999999,80.96017499999999 -4.514421666666666,80.96018666666669,80.96018666666669 -4.5189233333333325,80.9602,80.9602 -4.523425,80.96021166666667,80.96021166666667 -4.527925,80.96022333333333,80.96022333333333 -4.532424999999999,80.96023499999998,80.96023499999998 -4.536926666666666,80.96024500000001,80.96024500000001 -4.541426666666666,80.960255,80.960255 -4.5459283333333325,80.96026166666668,80.96026166666668 -4.5504299999999995,80.96026833333333,80.96026833333333 -4.55493,80.96027166666666,80.96027166666666 -4.559430000000001,80.96027333333335,80.96027333333335 -4.563928333333332,80.96027333333335,80.96027333333335 -4.5684249999999995,80.96027000000002,80.96027000000002 -4.572921666666666,80.96026833333333,80.96026833333333 -4.577416666666666,80.960265,80.960265 -4.581910000000001,80.96026333333332,80.96026333333332 -4.586404999999999,80.96025999999999,80.96025999999999 -4.5908983333333335,80.96025666666667,80.96025666666667 -4.595393333333332,80.960255,80.960255 -4.599891666666667,80.96025166666666,80.96025166666666 -4.604396666666667,80.96024833333334,80.96024833333334 -4.608906666666667,80.96024500000001,80.96024500000001 -4.613426666666667,80.96024333333332,80.96024333333332 -4.617954999999999,80.96024333333332,80.96024333333332 -4.622493333333334,80.96024666666668,80.96024666666668 -4.627040000000001,80.96025,80.96025 -4.631596666666667,80.960255,80.960255 -4.636159999999999,80.96026166666668,80.96026166666668 -4.640731666666666,80.96027000000002,80.96027000000002 -4.645309999999999,80.96027666666667,80.96027666666667 -4.649895,80.960285,80.960285 -4.654485,80.96029166666668,80.96029166666668 -4.659081666666667,80.96029833333333,80.96029833333333 -4.66368,80.960305,80.960305 -4.668278333333332,80.96030999999999,80.96030999999999 -4.67288,80.96031666666666,80.96031666666666 -4.677481666666668,80.96032000000001,80.96032000000001 -4.682086666666668,80.96032333333333,80.96032333333333 -4.686691666666667,80.960325,80.960325 -4.691300000000001,80.96032666666666,80.96032666666666 -4.69591,80.96032833333335,80.96032833333335 -4.700521666666667,80.96033000000001,80.96033000000001 -4.705134999999999,80.96033333333334,80.96033333333334 -4.70975,80.96033666666668,80.96033666666668 -4.714366666666668,80.96034,80.96034 -4.718984999999999,80.96034333333333,80.96034333333333 -4.723601666666666,80.96034666666665,80.96034666666665 -4.728218333333334,80.96035,80.96035 -4.732833333333334,80.96035333333333,80.96035333333333 -4.737444999999999,80.96035499999999,80.96035499999999 -4.742053333333333,80.96035666666666,80.96035666666666 -4.746659999999999,80.96035499999999,80.96035499999999 -4.751261666666665,80.96035166666667,80.96035166666667 -4.755863333333333,80.96034500000002,80.96034500000002 -4.76046,80.96033833333333,80.96033833333333 -4.765056666666666,80.96033000000001,80.96033000000001 -4.7696499999999995,80.96032000000001,80.96032000000001 -4.774243333333334,80.96031333333333,80.96031333333333 -4.778831666666666,80.96030666666667,80.96030666666667 -4.78342,80.96030166666665,80.96030166666665 -4.788003333333333,80.96029833333333,80.96029833333333 -4.792581666666667,80.96029666666666,80.96029666666666 -4.797156666666667,80.96029666666666,80.96029666666666 -4.801726666666666,80.96029666666666,80.96029666666666 -4.806291666666666,80.96029833333333,80.96029833333333 -4.81085,80.96029833333333,80.96029833333333 -4.815403333333333,80.96030000000002,80.96030000000002 -4.81995,80.96030000000002,80.96030000000002 -4.824491666666667,80.96030000000002,80.96030000000002 -4.829028333333333,80.96030000000002,80.96030000000002 -4.83356,80.96030000000002,80.96030000000002 -4.838088333333333,80.96030000000002,80.96030000000002 -4.8426116666666665,80.96030000000002,80.96030000000002 -4.847131666666667,80.96029833333333,80.96029833333333 -4.851649999999999,80.96029833333333,80.96029833333333 -4.856165,80.96029833333333,80.96029833333333 -4.8606766666666665,80.96029666666666,80.96029666666666 -4.865188333333333,80.96029833333333,80.96029833333333 -4.8697,80.96029833333333,80.96029833333333 -4.87421,80.96030000000002,80.96030000000002 -4.878721666666666,80.960305,80.960305 -4.883230000000001,80.96030999999999,80.96030999999999 -4.887740000000001,80.96031666666666,80.96031666666666 -4.892248333333334,80.96032666666666,80.96032666666666 -4.8967583333333335,80.96033833333333,80.96033833333333 -4.901268333333333,80.96035333333333,80.96035333333333 -4.90578,80.96036833333332,80.96036833333332 -4.91029,80.96038333333333,80.96038333333333 -4.9148016666666665,80.96039833333333,80.96039833333333 -4.919313333333333,80.96041500000001,80.96041500000001 -4.923825,80.96042999999999,80.96042999999999 -4.928336666666667,80.96044166666668,80.96044166666668 -4.932848333333333,80.96045000000001,80.96045000000001 -4.937361666666667,80.960455,80.960455 -4.9418750000000005,80.96045666666666,80.96045666666666 -4.946389999999999,80.960455,80.960455 -4.950906666666667,80.96045166666666,80.96045166666666 -4.955426666666666,80.960445,80.960445 -4.959948333333333,80.96043833333333,80.96043833333333 -4.964471666666666,80.96042999999999,80.96042999999999 -4.9689966666666665,80.96042000000001,80.96042000000001 -4.9735249999999995,80.96040833333333,80.96040833333333 -4.9780549999999995,80.96039666666667,80.96039666666667 -4.982586666666667,80.96038499999999,80.96038499999999 -4.987119999999999,80.96037,80.96037 -4.991655,80.96035499999999,80.96035499999999 -4.996191666666666,80.96034,80.96034 -5.00073,80.960325,80.960325 -5.005268333333334,80.96030833333333,80.96030833333333 -5.009806666666667,80.96029166666668,80.96029166666668 -5.0143466666666665,80.96027500000001,80.96027500000001 -5.018886666666666,80.96025833333333,80.96025833333333 -5.0234266666666665,80.96024166666666,80.96024166666666 -5.027963333333332,80.96022333333333,80.96022333333333 -5.0325,80.96020499999999,80.96020499999999 -5.037035,80.960185,80.960185 -5.041569999999999,80.96016333333334,80.96016333333334 -5.046103333333334,80.96014,80.96014 -5.050638333333333,80.960115,80.960115 -5.055173333333333,80.96009,80.96009 -5.059708333333333,80.96006333333332,80.96006333333332 -5.064243333333334,80.96003666666668,80.96003666666668 -5.068778333333334,80.96000999999998,80.96000999999998 -5.073315,80.95998166666665,80.95998166666665 -5.077851666666667,80.95995500000001,80.95995500000001 -5.082388333333334,80.95992666666665,80.95992666666665 -5.086925,80.95989833333334,80.95989833333334 -5.091463333333333,80.95986833333332,80.95986833333332 -5.096,80.95983999999999,80.95983999999999 -5.100538333333334,80.95981333333334,80.95981333333334 -5.10508,80.95978833333334,80.95978833333334 -5.109623333333333,80.95976499999999,80.95976499999999 -5.114166666666667,80.95974500000001,80.95974500000001 -5.118713333333333,80.95972499999999,80.95972499999999 -5.123263333333334,80.95970833333335,80.95970833333335 -5.127816666666667,80.95969666666666,80.95969666666666 -5.132371666666667,80.95968666666667,80.95968666666667 -5.136928333333334,80.95967999999999,80.95967999999999 -5.141488333333333,80.95967333333334,80.95967333333334 -5.146051666666667,80.95967000000002,80.95967000000002 -5.150619999999999,80.95966833333333,80.95966833333333 -5.155191666666667,80.95966666666666,80.95966666666666 -5.159766666666667,80.959665,80.959665 -5.164345000000001,80.95966666666666,80.95966666666666 -5.168928333333334,80.95967000000002,80.95967000000002 -5.173515,80.959675,80.959675 -5.178105000000001,80.95968500000001,80.95968500000001 -5.1827,80.95970000000001,80.95970000000001 -5.1872983333333345,80.95972,80.95972 -5.1919,80.95974333333334,80.95974333333334 -5.196501666666666,80.95976833333334,80.95976833333334 -5.201104999999999,80.95979666666668,80.95979666666668 -5.205709999999999,80.95982666666667,80.95982666666667 -5.210313333333334,80.95985833333334,80.95985833333334 -5.2149133333333335,80.95989166666666,80.95989166666666 -5.219511666666667,80.95992500000001,80.95992500000001 -5.224106666666668,80.95996,80.95996 -5.228696666666668,80.959995,80.959995 -5.23328,80.96002833333334,80.96002833333334 -5.237858333333332,80.96006166666666,80.96006166666666 -5.24243,80.96009333333332,80.96009333333332 -5.246993333333334,80.96012333333334,80.96012333333334 -5.251551666666668,80.96015000000001,80.96015000000001 -5.256101666666666,80.96017499999999,80.96017499999999 -5.260646666666666,80.96019666666666,80.96019666666666 -5.265186666666668,80.96021499999999,80.96021499999999 -5.269721666666667,80.96023166666666,80.96023166666666 -5.274253333333332,80.96024833333334,80.96024833333334 -5.278781666666667,80.96026666666667,80.96026666666667 -5.283311666666666,80.96029166666668,80.96029166666668 -5.287839999999999,80.960325,80.960325 -5.29237,80.96037166666666,80.96037166666666 -5.296896666666668,80.96043833333333,80.96043833333333 -5.301414999999999,80.96052500000002,80.96052500000002 -5.3059199999999995,80.96063833333332,80.96063833333332 -5.3104016666666665,80.96077833333335,80.96077833333335 -5.314848333333333,80.96094666666666,80.96094666666666 -5.319249999999999,80.96114333333333,80.96114333333333 -5.3236,80.96137333333334,80.96137333333334 -5.327895000000001,80.96162833333334,80.96162833333334 -5.332130000000001,80.96191333333333,80.96191333333333 -5.3363033333333325,80.96222666666667,80.96222666666667 -5.3404083333333325,80.96257000000001,80.96257000000001 -5.344438333333333,80.96294,80.96294 -5.348391666666667,80.96333666666666,80.96333666666666 -5.352263333333334,80.96376166666668,80.96376166666668 -5.356048333333334,80.96421166666669,80.96421166666669 -5.359738333333333,80.96468833333333,80.96468833333333 -5.363323333333334,80.96519166666667,80.96519166666667 -5.366793333333335,80.96571833333333,80.96571833333333 -5.370133333333333,80.96627166666667,80.96627166666667 -5.373338333333333,80.96685000000001,80.96685000000001 -5.3763950000000005,80.96745166666668,80.96745166666668 -5.379298333333333,80.968075,80.968075 -5.382040000000001,80.96871833333334,80.96871833333334 -5.384619999999998,80.96937833333332,80.96937833333332 -5.387039999999999,80.97005666666668,80.97005666666668 -5.389286666666668,80.97074833333333,80.97074833333333 -5.391355,80.971455,80.971455 -5.3932416666666665,80.97217166666667,80.97217166666667 -5.394935,80.97290166666667,80.97290166666667 -5.396416666666666,80.97364166666665,80.97364166666665 -5.397714999999999,80.97438999999999,80.97438999999999 -5.398791666666667,80.97514666666666,80.97514666666666 -5.3996433333333345,80.97591166666665,80.97591166666665 -5.400273333333334,80.97668000000002,80.97668000000002 -5.400665,80.97745333333333,80.97745333333333 -5.400818333333333,80.97822833333332,80.97822833333332 -5.400741666666666,80.97900166666666,80.97900166666666 -5.400435000000001,80.97977500000002,80.97977500000002 -5.399895000000001,80.98054499999999,80.98054499999999 -5.399148333333333,80.98131166666666,80.98131166666666 -5.398189999999999,80.98207166666666,80.98207166666666 -5.397025,80.98282333333333,80.98282333333333 -5.395653333333333,80.98356833333334,80.98356833333334 -5.3940600000000005,80.9843,80.9843 -5.392243333333333,80.98502,80.98502 -5.39021,80.98572333333333,80.98572333333333 -5.387955,80.98640999999998,80.98640999999998 -5.385488333333332,80.98707666666665,80.98707666666665 -5.382840000000002,80.98772166666666,80.98772166666666 -5.380019999999999,80.98834666666666,80.98834666666666 -5.377041666666666,80.98895166666665,80.98895166666665 -5.373905000000001,80.989535,80.989535 -5.370605000000001,80.99009333333332,80.99009333333332 -5.367156666666666,80.99062666666666,80.99062666666666 -5.3635833333333345,80.99113499999999,80.99113499999999 -5.359898333333333,80.99162333333335,80.99162333333335 -5.356113333333334,80.99209166666665,80.99209166666665 -5.352236666666665,80.99253999999999,80.99253999999999 -5.348285,80.99297,80.99297 -5.34427,80.99338833333331,80.99338833333331 -5.340215,80.9938,80.9938 -5.3361366666666665,80.99421,80.99421 -5.332036666666666,80.99462166666666,80.99462166666666 -5.327916666666666,80.99503666666666,80.99503666666666 -5.323773333333333,80.99545166666668,80.99545166666668 -5.319610000000001,80.99587,80.99587 -5.315433333333335,80.99629166666666,80.99629166666666 -5.311231666666667,80.99671333333333,80.99671333333333 -5.306998333333333,80.99713333333334,80.99713333333334 -5.302738333333334,80.99754833333333,80.99754833333333 -5.2984616666666655,80.99796333333333,80.99796333333333 -5.294176666666668,80.99837666666669,80.99837666666669 -5.289875000000001,80.99878666666666,80.99878666666666 -5.285556666666668,80.99919333333335,80.99919333333335 -5.281228333333334,80.999595,80.999595 -5.276888333333332,80.999995,80.999995 -5.272538333333334,81.00039000000001,81.00039000000001 -5.268175000000001,81.00077999999999,81.00077999999999 -5.2638033333333345,81.00116333333334,81.00116333333334 -5.259428333333333,81.00154500000001,81.00154500000001 -5.255058333333333,81.001925,81.001925 -5.2506966666666655,81.00230499999998,81.00230499999998 -5.24634,81.002685,81.002685 -5.241993333333332,81.00306666666667,81.00306666666667 -5.2376516666666655,81.00345,81.00345 -5.233315000000001,81.00383500000001,81.00383500000001 -5.228975,81.00422,81.00422 -5.224633333333332,81.00460166666667,81.00460166666667 -5.220293333333332,81.00498166666667,81.00498166666667 -5.215953333333332,81.00535833333333,81.00535833333333 -5.2116066666666665,81.00573166666666,81.00573166666666 -5.207258333333334,81.00609999999999,81.00609999999999 -5.202913333333334,81.00647000000001,81.00647000000001 -5.198576666666666,81.00683833333333,81.00683833333333 -5.194251666666667,81.00720833333332,81.00720833333332 -5.18994,81.00758,81.00758 -5.185644999999999,81.00795333333333,81.00795333333333 -5.1813666666666665,81.00833,81.00833 -5.17711,81.00871000000001,81.00871000000001 -5.172878333333333,81.00909,81.00909 -5.1686733333333335,81.009475,81.009475 -5.1644966666666665,81.00986333333334,81.00986333333334 -5.160346666666666,81.01025333333334,81.01025333333334 -5.156223333333334,81.01064833333334,81.01064833333334 -5.152123333333334,81.01104666666667,81.01104666666667 -5.148036666666667,81.011445,81.011445 -5.143960000000001,81.01184499999998,81.01184499999998 -5.139896666666666,81.01224666666668,81.01224666666668 -5.135843333333334,81.01265,81.01265 -5.131805,81.01305500000001,81.01305500000001 -5.1277766666666675,81.01346166666667,81.01346166666667 -5.123758333333333,81.01386666666666,81.01386666666666 -5.119748333333334,81.01427333333332,81.01427333333332 -5.115745,81.01467833333332,81.01467833333332 -5.111748333333333,81.015085,81.015085 -5.107760000000001,81.01549166666668,81.01549166666668 -5.10378,81.01589666666668,81.01589666666668 -5.099808333333333,81.01630000000002,81.01630000000002 -5.0958466666666675,81.016705,81.016705 -5.091896666666667,81.01710666666665,81.01710666666665 -5.087956666666667,81.01750999999999,81.01750999999999 -5.084026666666667,81.01791333333334,81.01791333333334 -5.0801066666666665,81.01831499999999,81.01831499999999 -5.076201666666666,81.01871833333333,81.01871833333333 -5.07231,81.01912166666666,81.01912166666666 -5.068431666666668,81.01952833333334,81.01952833333334 -5.064561666666667,81.01993333333334,81.01993333333334 -5.0607,81.02033833333333,81.02033833333333 -5.056846666666666,81.02074333333333,81.02074333333333 -5.053003333333333,81.02115166666667,81.02115166666667 -5.049168333333333,81.02156,81.02156 -5.045346666666666,81.02197,81.02197 -5.0415366666666666,81.02238333333334,81.02238333333334 -5.037736666666667,81.02279833333333,81.02279833333333 -5.033945,81.02321500000001,81.02321500000001 -5.0301599999999995,81.02363499999998,81.02363499999998 -5.026386666666666,81.02405666666665,81.02405666666665 -5.022628333333334,81.02447999999998,81.02447999999998 -5.018883333333333,81.02490833333333,81.02490833333333 -5.015146666666667,81.02533666666668,81.02533666666668 -5.0114149999999995,81.02576666666667,81.02576666666667 -5.007693333333332,81.02619833333334,81.02619833333334 -5.003995000000001,81.02663666666668,81.02663666666668 -5.00032,81.02707999999998,81.02707999999998 -4.99666,81.027525,81.027525 -4.993008333333332,81.02797166666664,81.02797166666664 -4.989366666666667,81.02841833333332,81.02841833333332 -4.985733333333334,81.02886666666666,81.02886666666666 -4.982105,81.029315,81.029315 -4.978478333333334,81.02976333333332,81.02976333333332 -4.974851666666667,81.03021166666667,81.03021166666667 -4.971221666666667,81.03066,81.03066 -4.967598333333333,81.03110833333334,81.03110833333334 -4.963975,81.03155666666667,81.03155666666667 -4.960349999999999,81.03200333333332,81.03200333333332 -4.95672,81.03244666666667,81.03244666666667 -4.953086666666667,81.03289,81.03289 -4.9494549999999995,81.03333166666667,81.03333166666667 -4.945826666666667,81.03377333333333,81.03377333333333 -4.9422,81.03421666666665,81.03421666666665 -4.938576666666666,81.03466,81.03466 -4.934958333333333,81.03510333333334,81.03510333333334 -4.931344999999999,81.03555166666668,81.03555166666668 -4.927741666666666,81.03599999999999,81.03599999999999 -4.924141666666667,81.03645166666668,81.03645166666668 -4.920545,81.03690333333334,81.03690333333334 -4.916955,81.03735833333333,81.03735833333333 -4.9133716666666665,81.037815,81.037815 -4.909795,81.03827333333334,81.03827333333334 -4.906223333333333,81.03873166666668,81.03873166666668 -4.902653333333332,81.03919166666667,81.03919166666667 -4.899091666666667,81.03965166666667,81.03965166666667 -4.895533333333334,81.04011333333334,81.04011333333334 -4.891985,81.04057499999999,81.04057499999999 -4.888443333333333,81.04104000000001,81.04104000000001 -4.884905,81.04150666666665,81.04150666666665 -4.881371666666666,81.04197333333333,81.04197333333333 -4.877845,81.04244,81.04244 -4.874318333333333,81.04290833333333,81.04290833333333 -4.8707866666666675,81.04337500000001,81.04337500000001 -4.86724,81.04383833333333,81.04383833333333 -4.8636816666666665,81.04430166666666,81.04430166666666 -4.860110000000001,81.044765,81.044765 -4.856526666666666,81.04522666666666,81.04522666666666 -4.8529366666666665,81.04568833333333,81.04568833333333 -4.849343333333333,81.04615000000001,81.04615000000001 -4.845746666666667,81.04661333333334,81.04661333333334 -4.842148333333334,81.04707666666665,81.04707666666665 -4.838548333333334,81.04754333333334,81.04754333333334 -4.834943333333333,81.04801,81.04801 -4.831335,81.04848,81.04848 -4.827723333333334,81.04895,81.04895 -4.8241033333333325,81.04942166666666,81.04942166666666 -4.820476666666667,81.04989333333332,81.04989333333332 -4.816843333333333,81.05036333333334,81.05036333333334 -4.81321,81.05083333333334,81.05083333333334 -4.80958,81.05130166666665,81.05130166666665 -4.805951666666667,81.05177,81.05177 -4.802323333333333,81.052235,81.052235 -4.7986933333333335,81.0527,81.0527 -4.795061666666667,81.05316500000002,81.05316500000002 -4.79143,81.053625,81.053625 -4.787801666666666,81.05408499999999,81.05408499999999 -4.784179999999999,81.05454333333333,81.05454333333333 -4.780566666666667,81.055,81.055 -4.776961666666667,81.05545833333333,81.05545833333333 -4.773358333333333,81.05591333333332,81.05591333333332 -4.769761666666667,81.05636833333334,81.05636833333334 -4.766164999999999,81.05682166666666,81.05682166666666 -4.762573333333332,81.05727499999999,81.05727499999999 -4.758983333333332,81.05772666666668,81.05772666666668 -4.755393333333334,81.05817666666668,81.05817666666668 -4.751804999999999,81.05862499999999,81.05862499999999 -4.748216666666666,81.05907,81.05907 -4.744626666666666,81.05951499999999,81.05951499999999 -4.741036666666666,81.05995833333333,81.05995833333333 -4.737451666666667,81.06040333333334,81.06040333333334 -4.7338700000000005,81.06084666666666,81.06084666666666 -4.73029,81.06129166666665,81.06129166666665 -4.726705000000001,81.06173666666666,81.06173666666666 -4.723118333333333,81.06218,81.06218 -4.719526666666666,81.06262500000001,81.06262500000001 -4.715931666666667,81.06307,81.06307 -4.712328333333334,81.06351333333335,81.06351333333335 -4.708716666666667,81.06395666666667,81.06395666666667 -4.705096666666667,81.06439666666668,81.06439666666668 -4.7014716666666665,81.06483666666665,81.06483666666665 -4.69784,81.06527333333334,81.06527333333334 -4.694201666666667,81.06570833333332,81.06570833333332 -4.690555,81.06614166666668,81.06614166666668 -4.686904999999999,81.06657333333332,81.06657333333332 -4.683248333333333,81.06700333333332,81.06700333333332 -4.679595,81.06743333333333,81.06743333333333 -4.675951666666667,81.06786333333334,81.06786333333334 -4.672318333333333,81.06829499999999,81.06829499999999 -4.668698333333333,81.06873000000002,81.06873000000002 -4.665085,81.069165,81.069165 -4.6614716666666665,81.06960000000002,81.06960000000002 -4.657848333333333,81.07003666666667,81.07003666666667 -4.654213333333333,81.07047166666666,81.07047166666666 -4.650568333333334,81.07090833333334,81.07090833333334 -4.646916666666666,81.07134833333332,81.07134833333332 -4.643253333333333,81.07179166666667,81.07179166666667 -4.639576666666666,81.07223333333333,81.07223333333333 -4.635889999999999,81.07267666666667,81.07267666666667 -4.632198333333333,81.07312333333334,81.07312333333334 -4.628499999999999,81.07356833333333,81.07356833333333 -4.624798333333334,81.07401666666667,81.07401666666667 -4.621095,81.074465,81.074465 -4.617398333333334,81.07491666666667,81.07491666666667 -4.613706666666667,81.07537000000002,81.07537000000002 -4.6100216666666665,81.07582500000001,81.07582500000001 -4.60634,81.07628,81.07628 -4.602660000000001,81.07673833333332,81.07673833333332 -4.598983333333334,81.07719666666667,81.07719666666667 -4.595306666666667,81.07765666666667,81.07765666666667 -4.591628333333333,81.07811666666666,81.07811666666666 -4.587946666666667,81.07857833333335,81.07857833333335 -4.5842600000000004,81.07903833333333,81.07903833333333 -4.580566666666667,81.07949833333335,81.07949833333335 -4.5768683333333335,81.07995666666669,81.07995666666669 -4.573161666666667,81.08041333333334,81.08041333333334 -4.56945,81.08086833333333,81.08086833333333 -4.565731666666666,81.08132333333333,81.08132333333333 -4.562011666666667,81.08177666666666,81.08177666666666 -4.558293333333333,81.08223166666667,81.08223166666667 -4.554578333333334,81.08268833333332,81.08268833333332 -4.550866666666667,81.08314666666666,81.08314666666666 -4.547156666666668,81.08360833333332,81.08360833333332 -4.543448333333334,81.08407333333334,81.08407333333334 -4.539738333333333,81.08453833333334,81.08453833333334 -4.536028333333333,81.08500666666667,81.08500666666667 -4.532321666666666,81.08547499999999,81.08547499999999 -4.528621666666667,81.08594499999998,81.08594499999998 -4.5249250000000005,81.08641666666666,81.08641666666666 -4.521229999999999,81.08688833333333,81.08688833333333 -4.517538333333333,81.08736166666665,81.08736166666665 -4.513850000000001,81.08783666666666,81.08783666666666 -4.510163333333334,81.08831333333333,81.08831333333333 -4.506478333333333,81.08879,81.08879 -4.502793333333333,81.08926833333334,81.08926833333334 -4.49911,81.08974666666667,81.08974666666667 -4.495426666666667,81.090225,81.090225 -4.491745000000001,81.090705,81.090705 -4.488063333333333,81.09118666666666,81.09118666666666 -4.48438,81.09166666666668,81.09166666666668 -4.480690000000001,81.09214666666668,81.09214666666668 -4.476991666666667,81.09262500000001,81.09262500000001 -4.473288333333333,81.09310166666668,81.09310166666668 -4.469575,81.09357833333333,81.09357833333333 -4.465853333333333,81.09405333333333,81.09405333333333 -4.462125,81.09452833333332,81.09452833333332 -4.4583916666666665,81.09500166666666,81.09500166666666 -4.454651666666668,81.09547333333333,81.09547333333333 -4.4509099999999995,81.09594500000001,81.09594500000001 -4.447166666666667,81.09641499999998,81.09641499999998 -4.44343,81.09688333333334,81.09688333333334 -4.439704999999999,81.09734833333333,81.09734833333333 -4.4359883333333325,81.09781166666667,81.09781166666667 -4.432281666666666,81.09827333333334,81.09827333333334 -4.428586666666666,81.09873333333334,81.09873333333334 -4.424901666666666,81.09919333333333,81.09919333333333 -4.421228333333333,81.09965166666665,81.09965166666665 -4.417563333333335,81.10010999999999,81.10010999999999 -4.413908333333333,81.10056833333333,81.10056833333333 -4.410261666666667,81.10102499999999,81.10102499999999 -4.406618333333333,81.10148166666667,81.10148166666667 -4.402976666666667,81.10193666666669,81.10193666666669 -4.399336666666666,81.10239166666668,81.10239166666668 -4.395691666666666,81.10284333333334,81.10284333333334 -4.392041666666667,81.10329333333334,81.10329333333334 -4.3883833333333335,81.10374166666668,81.10374166666668 -4.384715,81.10418833333333,81.10418833333333 -4.381043333333333,81.10463333333334,81.10463333333334 -4.377368333333334,81.10507833333332,81.10507833333332 -4.373698333333333,81.10552,81.10552 -4.370031666666668,81.10596166666666,81.10596166666666 -4.366368333333333,81.10640333333335,81.10640333333335 -4.36271,81.10684333333333,81.10684333333333 -4.359055,81.10728166666667,81.10728166666667 -4.355403333333333,81.10771666666666,81.10771666666666 -4.351755,81.10815166666667,81.10815166666667 -4.348109999999999,81.10858333333334,81.10858333333334 -4.344466666666667,81.10901166666666,81.10901166666666 -4.34082,81.10943833333333,81.10943833333333 -4.337171666666666,81.10986166666666,81.10986166666666 -4.333521666666667,81.11028333333333,81.11028333333333 -4.3298716666666675,81.11070166666667,81.11070166666667 -4.326225,81.11112,81.11112 -4.322581666666666,81.11153833333334,81.11153833333334 -4.318946666666666,81.11195833333332,81.11195833333332 -4.315315,81.11237833333333,81.11237833333333 -4.31169,81.1128,81.1128 -4.308068333333334,81.11322166666666,81.11322166666666 -4.304453333333334,81.11364666666668,81.11364666666668 -4.300843333333332,81.11407333333334,81.11407333333334 -4.29724,81.11449999999999,81.11449999999999 -4.29364,81.11492833333332,81.11492833333332 -4.290041666666665,81.11535666666667,81.11535666666667 -4.286445,81.11578500000002,81.11578500000002 -4.282851666666666,81.116215,81.116215 -4.279260000000001,81.11664499999999,81.11664499999999 -4.275671666666668,81.11707666666666,81.11707666666666 -4.272083333333333,81.11750833333333,81.11750833333333 -4.268493333333333,81.11794166666665,81.11794166666665 -4.264893333333333,81.11837333333332,81.11837333333332 -4.261288333333334,81.11880500000001,81.11880500000001 -4.257678333333333,81.11923666666665,81.11923666666665 -4.254065000000001,81.11966666666666,81.11966666666666 -4.250445000000001,81.12009333333334,81.12009333333334 -4.246828333333333,81.12052166666668,81.12052166666668 -4.243221666666667,81.12095166666666,81.12095166666666 -4.239623333333334,81.12138166666666,81.12138166666666 -4.236033333333332,81.121815,81.121815 -4.232446666666666,81.12224666666665,81.12224666666665 -4.228865,81.12268000000002,81.12268000000002 -4.22529,81.12311166666667,81.12311166666667 -4.221723333333334,81.12354500000001,81.12354500000001 -4.218161666666667,81.12397833333334,81.12397833333334 -4.214596666666667,81.12441166666666,81.12441166666666 -4.211025,81.124845,81.124845 -4.207448333333334,81.12528,81.12528 -4.203871666666666,81.12571666666666,81.12571666666666 -4.200290000000001,81.12615666666666,81.12615666666666 -4.196700000000001,81.1266,81.1266 -4.1930983333333325,81.12704333333332,81.12704333333332 -4.1894833333333334,81.12749166666669,81.12749166666669 -4.185858333333333,81.12794333333332,81.12794333333332 -4.182223333333334,81.12840166666666,81.12840166666666 -4.178578333333334,81.12886333333331,81.12886333333331 -4.174918333333333,81.12932833333333,81.12932833333333 -4.171248333333334,81.12979666666666,81.12979666666666 -4.167575,81.13026666666666,81.13026666666666 -4.163898333333334,81.13074,81.13074 -4.16022,81.13121500000001,81.13121500000001 -4.156535,81.13169,81.13169 -4.152848333333333,81.13216500000001,81.13216500000001 -4.149158333333334,81.13264166666666,81.13264166666666 -4.14547,81.13311833333333,81.13311833333333 -4.141790000000001,81.133595,81.133595 -4.1381250000000005,81.13407166666667,81.13407166666667 -4.134473333333333,81.13455166666667,81.13455166666667 -4.130838333333334,81.13503166666666,81.13503166666666 -4.1272150000000005,81.13551333333332,81.13551333333332 -4.1236,81.13599500000001,81.13599500000001 -4.119986666666667,81.13647666666667,81.13647666666667 -4.116369999999999,81.13695666666668,81.13695666666668 -4.112743333333333,81.13743333333333,81.13743333333333 -4.109101666666667,81.13790833333334,81.13790833333334 -4.1054466666666665,81.13837833333334,81.13837833333334 -4.101783333333334,81.138845,81.138845 -4.098108333333333,81.13930833333333,81.13930833333333 -4.094411666666667,81.13976666666667,81.13976666666667 -4.090673333333333,81.14021333333335,81.14021333333335 -4.086876666666667,81.14064666666667,81.14064666666667 -4.083008333333334,81.14106166666667,81.14106166666667 -4.0790533333333325,81.14145333333332,81.14145333333332 -4.074995,81.14181833333335,81.14181833333335 -4.070835,81.14215,81.14215 -4.066586666666668,81.14245,81.14245 -4.062258333333333,81.14271833333335,81.14271833333335 -4.057858333333334,81.14295,81.14295 -4.053395,81.14314666666668,81.14314666666668 -4.048881666666667,81.14330833333332,81.14330833333332 -4.04432,81.14343166666666,81.14343166666666 -4.039721666666666,81.14351666666667,81.14351666666667 -4.035093333333333,81.14356333333335,81.14356333333335 -4.030448333333333,81.14357333333334,81.14357333333334 -4.025803333333334,81.14353833333334,81.14353833333334 -4.021193333333334,81.14345166666668,81.14345166666668 -4.016658333333333,81.143315,81.143315 -4.012221666666667,81.14313666666666,81.14313666666666 -4.007901666666667,81.14292166666668,81.14292166666668 -4.003723333333334,81.14266833333333,81.14266833333333 -3.9997083333333334,81.14237666666666,81.14237666666666 -3.9958533333333333,81.14205333333332,81.14205333333332 -3.992158333333333,81.14170166666666,81.14170166666666 -3.988618333333333,81.14132333333333,81.14132333333333 -3.9852433333333335,81.14092000000001,81.14092000000001 -3.98205,81.14049,81.14049 -3.9790566666666667,81.14003333333332,81.14003333333332 -3.976268333333333,81.13955666666668,81.13955666666668 -3.9736783333333334,81.13906000000001,81.13906000000001 -3.9712833333333335,81.13854666666667,81.13854666666667 -3.9690883333333336,81.13801666666666,81.13801666666666 -3.967094999999999,81.13747333333335,81.13747333333335 -3.9652916666666673,81.13691833333336,81.13691833333336 -3.96367,81.13635166666667,81.13635166666667 -3.962253333333334,81.135775,81.135775 -3.961051666666666,81.13518833333333,81.13518833333333 -3.9600549999999997,81.134595,81.134595 -3.9592483333333326,81.13399500000001,81.13399500000001 -3.9586133333333327,81.13339166666665,81.13339166666665 -3.958125,81.13278333333332,81.13278333333332 -3.957758333333334,81.13217333333334,81.13217333333334 -3.9575,81.13156,81.13156 -3.9573550000000006,81.13094666666665,81.13094666666665 -3.9573483333333335,81.13033,81.13033 -3.957486666666667,81.12971333333333,81.12971333333333 -3.957766666666667,81.12909666666665,81.12909666666665 -3.958196666666667,81.12848166666667,81.12848166666667 -3.958768333333333,81.12787166666666,81.12787166666666 -3.9594683333333336,81.12726333333333,81.12726333333333 -3.9602599999999994,81.12665833333334,81.12665833333334 -3.9611199999999998,81.12605833333335,81.12605833333335 -3.962035,81.12546,81.12546 -3.9629866666666667,81.12486333333332,81.12486333333332 -3.963955000000001,81.12426833333333,81.12426833333333 -3.9649283333333334,81.12367333333333,81.12367333333333 -3.965906666666667,81.12308166666666,81.12308166666666 -3.9669000000000003,81.12248833333334,81.12248833333334 -3.967921666666667,81.12189666666667,81.12189666666667 -3.968969999999999,81.12130666666667,81.12130666666667 -3.9700333333333333,81.120715,81.120715 -3.9710983333333334,81.12012333333334,81.12012333333334 -3.9721600000000006,81.11953000000001,81.11953000000001 -3.9732250000000002,81.11893333333333,81.11893333333333 -3.9742966666666666,81.11833499999999,81.11833499999999 -3.97537,81.117735,81.117735 -3.976446666666666,81.11713,81.11713 -3.977525,81.11652333333333,81.11652333333333 -3.978605,81.11591166666666,81.11591166666666 -3.9796833333333335,81.11529666666668,81.11529666666668 -3.9807616666666665,81.11467833333332,81.11467833333332 -3.981833333333334,81.11405833333332,81.11405833333332 -3.9829,81.11343333333333,81.11343333333333 -3.98396,81.11280666666667,81.11280666666667 -3.9850216666666665,81.11217833333333,81.11217833333333 -3.9860816666666663,81.11154833333333,81.11154833333333 -3.9871400000000006,81.11091666666665,81.11091666666665 -3.9882,81.11028333333333,81.11028333333333 -3.98927,81.10964833333335,81.10964833333335 -3.9903566666666666,81.10901333333332,81.10901333333332 -3.9914683333333327,81.10837833333333,81.10837833333333 -3.9926083333333335,81.10774166666667,81.10774166666667 -3.9937716666666665,81.10710666666668,81.10710666666668 -3.9949716666666673,81.10647166666665,81.10647166666665 -3.9962083333333327,81.10583666666666,81.10583666666666 -3.9974716666666663,81.10520166666666,81.10520166666666 -3.9987449999999995,81.10456500000001,81.10456500000001 -4.00003,81.10392666666665,81.10392666666665 -4.001323333333334,81.10328666666666,81.10328666666666 -4.002625,81.10264500000001,81.10264500000001 -4.003931666666667,81.10200166666667,81.10200166666667 -4.005241666666667,81.101355,81.101355 -4.006541666666666,81.10070666666667,81.10070666666667 -4.007806666666667,81.10005333333335,81.10005333333335 -4.009028333333332,81.09939666666668,81.09939666666668 -4.010218333333333,81.09873833333333,81.09873833333333 -4.011379999999999,81.09807666666667,81.09807666666667 -4.012506666666667,81.097415,81.097415 -4.0136,81.09675000000001,81.09675000000001 -4.014670000000001,81.09608333333335,81.09608333333335 -4.015723333333333,81.09541833333333,81.09541833333333 -4.016761666666667,81.09475166666665,81.09475166666665 -4.017786666666668,81.09408666666666,81.09408666666666 -4.0188016666666675,81.09342166666667,81.09342166666667 -4.019815,81.09275833333334,81.09275833333334 -4.020831666666667,81.09209333333334,81.09209333333334 -4.021856666666666,81.09143000000002,81.09143000000002 -4.022893333333333,81.09076499999999,81.09076499999999 -4.023936666666667,81.09009999999999,81.09009999999999 -4.024988333333334,81.08943333333332,81.08943333333332 -4.026048333333335,81.088765,81.088765 -4.027111666666666,81.08809666666667,81.08809666666667 -4.028178333333333,81.087425,81.087425 -4.029248333333333,81.08675333333333,81.08675333333333 -4.030321666666667,81.08607833333333,81.08607833333333 -4.031393333333334,81.08540333333333,81.08540333333333 -4.032463333333332,81.08472833333333,81.08472833333333 -4.033528333333333,81.08405166666667,81.08405166666667 -4.034588333333334,81.08337499999999,81.08337499999999 -4.03565,81.08269833333334,81.08269833333334 -4.036723333333333,81.08202333333334,81.08202333333334 -4.037805,81.08134666666666,81.08134666666666 -4.03889,81.08067166666666,81.08067166666666 -4.03998,81.07999666666666,81.07999666666666 -4.041078333333333,81.07932000000001,81.07932000000001 -4.042186666666668,81.07864166666667,81.07864166666667 -4.0432950000000005,81.07796166666668,81.07796166666668 -4.044406666666667,81.07727833333334,81.07727833333334 -4.045528333333333,81.07659166666667,81.07659166666667 -4.04666,81.07590333333333,81.07590333333333 -4.047796666666667,81.07521333333334,81.07521333333334 -4.048933333333332,81.07451833333332,81.07451833333332 -4.0500750000000005,81.07382333333332,81.07382333333332 -4.051219999999999,81.07312666666667,81.07312666666667 -4.052363333333332,81.07243,81.07243 -4.053498333333333,81.07173166666665,81.07173166666665 -4.054625,81.07103333333333,81.07103333333333 -4.055745,81.07033499999999,81.07033499999999 -4.0568566666666666,81.069635,81.069635 -4.057963333333333,81.06893666666666,81.06893666666666 -4.059065,81.06823666666666,81.06823666666666 -4.060166666666667,81.06753833333335,81.06753833333335 -4.061265,81.06683833333334,81.06683833333334 -4.062363333333333,81.06613666666667,81.06613666666667 -4.063461666666667,81.065435,81.065435 -4.0645549999999995,81.06473333333332,81.06473333333332 -4.065644999999999,81.06403000000002,81.06403000000002 -4.0667333333333335,81.06332666666668,81.06332666666668 -4.067808333333333,81.06262166666669,81.06262166666669 -4.068858333333333,81.06191666666666,81.06191666666666 -4.069873333333333,81.06120833333331,81.06120833333331 -4.070838333333334,81.06049833333333,81.06049833333333 -4.071748333333333,81.05978666666667,81.05978666666667 -4.07261,81.05907333333333,81.05907333333333 -4.073426666666667,81.05835666666667,81.05835666666667 -4.0741966666666665,81.05763833333333,81.05763833333333 -4.074916666666667,81.05691666666667,81.05691666666667 -4.075589999999999,81.05619333333333,81.05619333333333 -4.076233333333334,81.05546833333334,81.05546833333334 -4.076853333333333,81.05474333333335,81.05474333333335 -4.077443333333333,81.054015,81.054015 -4.078008333333333,81.05328833333333,81.05328833333333 -4.078546666666666,81.05256,81.05256 -4.07906,81.05183166666666,81.05183166666666 -4.079533333333333,81.05110166666665,81.05110166666665 -4.079974999999999,81.05037333333334,81.05037333333334 -4.080386666666666,81.04964333333334,81.04964333333334 -4.080768333333332,81.048915,81.048915 -4.0811150000000005,81.04818666666668,81.04818666666668 -4.08143,81.04745833333334,81.04745833333334 -4.081713333333333,81.04673,81.04673 -4.081974999999999,81.04600166666667,81.04600166666667 -4.082215000000001,81.04527500000002,81.04527500000002 -4.0824300000000004,81.04454666666668,81.04454666666668 -4.082631666666666,81.04381833333333,81.04381833333333 -4.082821666666666,81.04309166666668,81.04309166666668 -4.083013333333333,81.04236333333334,81.04236333333334 -4.0832049999999995,81.04163666666666,81.04163666666666 -4.083394999999999,81.04091,81.04091 -4.083586666666666,81.04018333333335,81.04018333333335 -4.083785000000001,81.03945833333333,81.03945833333333 -4.083988333333334,81.03873333333334,81.03873333333334 -4.084201666666666,81.03800833333334,81.03800833333334 -4.084421666666666,81.03728500000001,81.03728500000001 -4.084648333333333,81.03656,81.03656 -4.08488,81.03583666666667,81.03583666666667 -4.085110000000001,81.03511166666667,81.03511166666667 -4.085325,81.03438833333334,81.03438833333334 -4.085495,81.03366333333332,81.03366333333332 -4.0855999999999995,81.03293833333333,81.03293833333333 -4.085655,81.03221333333333,81.03221333333333 -4.085676666666667,81.03148833333331,81.03148833333331 -4.085661666666666,81.03076333333333,81.03076333333333 -4.085633333333333,81.03003666666667,81.03003666666667 -4.0856216666666665,81.02931166666667,81.02931166666667 -4.0856216666666665,81.02858499999999,81.02858499999999 -4.085638333333334,81.02785833333334,81.02785833333334 -4.085676666666667,81.02713333333332,81.02713333333332 -4.08573,81.02640666666667,81.02640666666667 -4.085793333333333,81.02568166666667,81.02568166666667 -4.085871666666668,81.02495666666665,81.02495666666665 -4.085966666666668,81.02423,81.02423 -4.08608,81.02350499999999,81.02350499999999 -4.086211666666667,81.02278,81.02278 -4.086358333333334,81.02205666666666,81.02205666666666 -4.086504999999999,81.02133166666667,81.02133166666667 -4.0866533333333335,81.02060833333334,81.02060833333334 -4.08681,81.019885,81.019885 -4.08697,81.01916166666668,81.01916166666668 -4.08713,81.01843999999998,81.01843999999998 -4.087291666666667,81.01771833333333,81.01771833333333 -4.087459999999999,81.01699833333333,81.01699833333333 -4.087629999999999,81.01627666666667,81.01627666666667 -4.087793333333333,81.01555666666665,81.01555666666665 -4.087951666666666,81.01483666666665,81.01483666666665 -4.088095000000001,81.01411833333333,81.01411833333333 -4.088216666666667,81.01339999999999,81.01339999999999 -4.088305,81.01268333333333,81.01268333333333 -4.08837,81.01196666666668,81.01196666666668 -4.088421666666667,81.01125166666668,81.01125166666668 -4.08847,81.01053833333334,81.01053833333334 -4.088518333333334,81.00982333333333,81.00982333333333 -4.088563333333334,81.00911166666666,81.00911166666666 -4.088616666666666,81.00839833333333,81.00839833333333 -4.088681666666666,81.00768666666666,81.00768666666666 -4.088758333333334,81.00697499999998,81.00697499999998 -4.088843333333333,81.006265,81.006265 -4.088941666666667,81.00555333333334,81.00555333333334 -4.089051666666666,81.00484333333333,81.00484333333333 -4.08917,81.00413333333331,81.00413333333331 -4.089288333333333,81.00342333333333,81.00342333333333 -4.089403333333333,81.00271500000001,81.00271500000001 -4.089518333333333,81.00200499999998,81.00200499999998 -4.089626666666667,81.001295,81.001295 -4.089718333333333,81.00058666666668,81.00058666666668 -4.089790000000001,80.99987833333333,80.99987833333333 -4.089838333333334,80.99917,80.99917 -4.0898650000000005,80.99846166666666,80.99846166666666 -4.0898666666666665,80.99775333333334,80.99775333333334 -4.0898449999999995,80.99704666666668,80.99704666666668 -4.089806666666667,80.99633999999999,80.99633999999999 -4.089756666666667,80.99563333333333,80.99563333333333 -4.089693333333334,80.99492666666667,80.99492666666667 -4.089616666666667,80.99422,80.99422 -4.089525000000001,80.993515,80.993515 -4.0894216666666665,80.99280833333334,80.99280833333334 -4.089303333333334,80.99210333333335,80.99210333333335 -4.08917,80.99139666666666,80.99139666666666 -4.0890233333333335,80.99069166666666,80.99069166666666 -4.088866666666667,80.989985,80.989985 -4.088699999999999,80.98927999999998,80.98927999999998 -4.088525,80.98857500000001,80.98857500000001 -4.088348333333334,80.98786833333332,80.98786833333332 -4.088176666666667,80.98716333333333,80.98716333333333 -4.088023333333334,80.98645833333333,80.98645833333333 -4.087888333333333,80.98575333333334,80.98575333333334 -4.087771666666667,80.98504833333332,80.98504833333332 -4.087671666666666,80.98434333333333,80.98434333333333 -4.0875916666666665,80.98363833333333,80.98363833333333 -4.087528333333333,80.98293166666667,80.98293166666667 -4.08748,80.98222666666668,80.98222666666668 -4.087441666666668,80.98151999999999,80.98151999999999 -4.087416666666667,80.98081499999999,80.98081499999999 -4.087405,80.98010833333333,80.98010833333333 -4.0874066666666655,80.97940166666667,80.97940166666667 -4.0874299999999995,80.97869499999999,80.97869499999999 -4.087468333333334,80.97798833333333,80.97798833333333 -4.087525000000001,80.97728166666667,80.97728166666667 -4.087595,80.97657333333333,80.97657333333333 -4.087678333333334,80.97586666666668,80.97586666666668 -4.087771666666667,80.97515833333333,80.97515833333333 -4.08788,80.97445,80.97445 -4.088005,80.97374333333335,80.97374333333335 -4.088141666666666,80.973035,80.973035 -4.088285000000001,80.97232833333334,80.97232833333334 -4.088433333333333,80.97162,80.97162 -4.088584999999999,80.97091333333334,80.97091333333334 -4.088730000000001,80.97020833333332,80.97020833333332 -4.088856666666666,80.96950166666669,80.96950166666669 -4.088964999999999,80.96879666666666,80.96879666666666 -4.089061666666666,80.96809166666667,80.96809166666667 -4.089148333333333,80.96738833333333,80.96738833333333 -4.089223333333333,80.96668666666666,80.96668666666666 -4.08929,80.96598499999999,80.96598499999999 -4.0893516666666665,80.96528333333335,80.96528333333335 -4.089408333333334,80.96458333333334,80.96458333333334 -4.089463333333333,80.96388499999999,80.96388499999999 -4.089518333333333,80.96318666666666,80.96318666666666 -4.089569999999999,80.96249,80.96249 -4.089621666666666,80.96179166666668,80.96179166666668 -4.089673333333334,80.961095,80.961095 -4.089723333333334,80.96039833333333,80.96039833333333 -4.089776666666667,80.95970000000001,80.95970000000001 -4.089831666666667,80.95900333333333,80.95900333333333 -4.089883333333332,80.95830500000001,80.95830500000001 -4.089931666666667,80.95760833333334,80.95760833333334 -4.089968333333334,80.95691,80.95691 -4.089993333333334,80.95620999999998,80.95620999999998 -4.090003333333333,80.95551166666667,80.95551166666667 -4.089998333333334,80.95481333333335,80.95481333333335 -4.089983333333333,80.95411333333334,80.95411333333334 -4.089958333333333,80.95341333333334,80.95341333333334 -4.089921666666666,80.952715,80.952715 -4.089874999999999,80.95201499999999,80.95201499999999 -4.089821666666666,80.95131500000001,80.95131500000001 -4.08977,80.95061666666666,80.95061666666666 -4.089721666666667,80.94991666666668,80.94991666666668 -4.0896783333333335,80.94921833333333,80.94921833333333 -4.089641666666666,80.94851999999999,80.94851999999999 -4.089615,80.94782166666666,80.94782166666666 -4.089595,80.94712333333334,80.94712333333334 -4.089583333333334,80.94642333333333,80.94642333333333 -4.089576666666667,80.94572499999998,80.94572499999998 -4.089575,80.945025,80.945025 -4.089578333333334,80.94432499999999,80.94432499999999 -4.089586666666667,80.943625,80.943625 -4.089605,80.94292499999999,80.94292499999999 -4.089636666666666,80.94222333333335,80.94222333333335 -4.0896833333333324,80.94152166666665,80.94152166666665 -4.089746666666666,80.94082,80.94082 -4.089828333333333,80.94011666666667,80.94011666666667 -4.089923333333333,80.93941333333333,80.93941333333333 -4.090028333333334,80.93871,80.93871 -4.090133333333333,80.93800666666667,80.93800666666667 -4.0902416666666666,80.93730000000001,80.93730000000001 -4.090355,80.93659500000001,80.93659500000001 -4.090463333333333,80.93588833333332,80.93588833333332 -4.090563333333334,80.93518166666667,80.93518166666667 -4.090656666666666,80.934475,80.934475 -4.090748333333333,80.93376666666667,80.93376666666667 -4.090836666666667,80.93305833333335,80.93305833333335 -4.090913333333333,80.93235,80.93235 -4.090978333333334,80.93164166666668,80.93164166666668 -4.0910400000000005,80.93093333333333,80.93093333333333 -4.091101666666666,80.93022500000001,80.93022500000001 -4.091158333333333,80.92951666666667,80.92951666666667 -4.091208333333334,80.92880666666666,80.92880666666666 -4.091254999999999,80.92809833333334,80.92809833333334 -4.091296666666667,80.92738999999999,80.92738999999999 -4.09133,80.92668166666667,80.92668166666667 -4.091353333333333,80.92597166666667,80.92597166666667 -4.0913666666666675,80.92526333333335,80.92526333333335 -4.091373333333333,80.924555,80.924555 -4.0913699999999995,80.92384833333334,80.92384833333334 -4.091354999999999,80.92313999999999,80.92313999999999 -4.091335000000001,80.92243166666667,80.92243166666667 -4.09131,80.921725,80.921725 -4.09128,80.92101833333334,80.92101833333334 -4.091241666666666,80.92031000000001,80.92031000000001 -4.091201666666667,80.91960333333333,80.91960333333333 -4.091163333333333,80.91889833333333,80.91889833333333 -4.091123333333334,80.91819166666667,80.91819166666667 -4.091088333333333,80.91748666666668,80.91748666666668 -4.091055,80.91678166666668,80.91678166666668 -4.091026666666665,80.91607833333335,80.91607833333335 -4.091005,80.91537499999998,80.91537499999998 -4.090995,80.91467166666665,80.91467166666665 -4.090995,80.91397,80.91397 -4.091001666666666,80.91326833333333,80.91326833333333 -4.091013333333334,80.91256666666666,80.91256666666666 -4.091031666666666,80.91186500000002,80.91186500000002 -4.091053333333333,80.91116500000001,80.91116500000001 -4.091075,80.910465,80.910465 -4.091098333333333,80.90976500000001,80.90976500000001 -4.09112,80.909065,80.909065 -4.09114,80.90836666666668,80.90836666666668 -4.091156666666667,80.90766833333333,80.90766833333333 -4.091166666666667,80.90697000000002,80.90697000000002 -4.091168333333333,80.90627166666667,80.90627166666667 -4.091148333333333,80.90487666666665,80.90487666666665 -4.091121666666667,80.90417833333333,80.90417833333333 -4.091085,80.90348000000002,80.90348000000002 -4.0910400000000005,80.90278166666667,80.90278166666667 -4.090984999999999,80.90208333333334,80.90208333333334 -4.090920000000001,80.90138499999999,80.90138499999999 -4.0908500000000005,80.90068500000001,80.90068500000001 -4.090776666666666,80.899985,80.899985 -4.090698333333332,80.89928499999999,80.89928499999999 -4.090618333333333,80.89858500000001,80.89858500000001 -4.090539999999999,80.89788333333334,80.89788333333334 -4.090465,80.89718166666667,80.89718166666667 -4.090396666666668,80.89648000000001,80.89648000000001 -4.090335,80.89578,80.89578 -4.090286666666666,80.89507833333333,80.89507833333333 -4.090248333333333,80.89437666666666,80.89437666666666 -4.090213333333334,80.89367666666668,80.89367666666668 -4.090185,80.89297499999998,80.89297499999998 -4.090160000000001,80.892275,80.892275 -4.090141666666666,80.89157666666668,80.89157666666668 -4.0901283333333325,80.89087833333333,80.89087833333333 -4.090118333333334,80.89018,80.89018 -4.090113333333333,80.88948166666668,80.88948166666668 -4.090110000000001,80.88878333333334,80.88878333333334 -4.090110000000001,80.88808666666668,80.88808666666668 -4.090108333333332,80.88738833333333,80.88738833333333 -4.0901016666666665,80.88668833333332,80.88668833333332 -4.090091666666667,80.88598999999999,80.88598999999999 -4.090086666666666,80.88529000000001,80.88529000000001 -4.090085,80.88459,80.88459 -4.090078333333333,80.88388833333333,80.88388833333333 -4.09007,80.88318833333332,80.88318833333332 -4.090065000000001,80.88248833333334,80.88248833333334 -4.090065000000001,80.88178833333333,80.88178833333333 -4.090063333333334,80.88109,80.88109 -4.09006,80.88039166666668,80.88039166666668 -4.090061666666667,80.87969333333334,80.87969333333334 -4.090066666666666,80.87899500000002,80.87899500000002 -4.090071666666667,80.87829666666667,80.87829666666667 -4.090078333333333,80.87759833333332,80.87759833333332 -4.090086666666666,80.87689999999999,80.87689999999999 -4.090091666666667,80.87620333333334,80.87620333333334 -4.09009,80.87550666666665,80.87550666666665 -4.090083333333333,80.87481,80.87481 -4.090074999999999,80.87411499999999,80.87411499999999 -4.090061666666667,80.87342166666669,80.87342166666669 -4.090048333333333,80.87272666666667,80.87272666666667 -4.090035000000001,80.87203,80.87203 -4.09002,80.871335,80.871335 -4.090003333333333,80.87063833333335,80.87063833333335 -4.089986666666666,80.86994166666666,80.86994166666666 -4.089973333333333,80.86924666666665,80.86924666666665 -4.089958333333333,80.86855,80.86855 -4.089945,80.86785333333334,80.86785333333334 -4.0899350000000005,80.86715666666667,80.86715666666667 -4.08993,80.86646000000002,80.86646000000002 -4.089926666666667,80.86576333333333,80.86576333333333 -4.089926666666667,80.86506666666668,80.86506666666668 -4.089931666666667,80.86436833333333,80.86436833333333 -4.089938333333333,80.86367166666666,80.86367166666666 -4.089945,80.86297333333334,80.86297333333334 -4.089948333333334,80.862275,80.862275 -4.089955,80.86157666666668,80.86157666666668 -4.0899616666666665,80.86087666666667,80.86087666666667 -4.089966666666667,80.86017666666666,80.86017666666666 -4.089971666666666,80.859475,80.859475 -4.089976666666667,80.858775,80.858775 -4.0899816666666675,80.85807166666666,80.85807166666666 -4.089986666666666,80.85736833333333,80.85736833333333 -4.08999,80.85666499999999,80.85666499999999 -4.08999,80.85595833333333,80.85595833333333 -4.08999,80.85525166666666,80.85525166666666 -4.089988333333333,80.85454333333334,80.85454333333334 -4.089988333333333,80.85383333333333,80.85383333333333 -4.0899816666666675,80.85312333333331,80.85312333333331 -4.089963333333333,80.85240999999999,80.85240999999999 -4.089940000000001,80.85169499999999,80.85169499999999 -4.089918333333334,80.85097999999999,80.85097999999999 -4.0899,80.85026500000001,80.85026500000001 -4.089881666666667,80.84955000000001,80.84955000000001 -4.089863333333333,80.84883666666666,80.84883666666666 -4.089853333333334,80.84812333333332,80.84812333333332 -4.0898449999999995,80.84741166666664,80.84741166666664 -4.089838333333334,80.8467,80.8467 -4.089835,80.84599166666666,80.84599166666666 -4.089836666666667,80.84528333333334,80.84528333333334 -4.089841666666666,80.84457666666668,80.84457666666668 -4.089843333333334,80.84387166666669,80.84387166666669 -4.089841666666666,80.84316666666666,80.84316666666666 -4.089841666666666,80.84246333333333,80.84246333333333 -4.08985,80.84176166666666,80.84176166666666 -4.089858333333333,80.84106000000001,80.84106000000001 -4.089871666666667,80.84036,80.84036 -4.0898916666666665,80.83965833333333,80.83965833333333 -4.089921666666666,80.83895833333332,80.83895833333332 -4.0899616666666665,80.83825833333333,80.83825833333333 -4.09001,80.83755666666666,80.83755666666666 -4.090066666666666,80.83685666666668,80.83685666666668 -4.090126666666667,80.83615499999998,80.83615499999998 -4.090188333333334,80.83545333333333,80.83545333333333 -4.090255000000001,80.83475333333335,80.83475333333335 -4.090319999999999,80.83405166666665,80.83405166666665 -4.0903816666666675,80.83335166666667,80.83335166666667 -4.090444999999999,80.83265,80.83265 -4.090511666666666,80.83195,80.83195 -4.09058,80.83124833333333,80.83124833333333 -4.090648333333332,80.83054666666666,80.83054666666666 -4.090723333333333,80.82984499999999,80.82984499999999 -4.090801666666667,80.82914333333332,80.82914333333332 -4.090878333333333,80.82844166666668,80.82844166666668 -4.090958333333333,80.82773833333334,80.82773833333334 -4.0910416666666665,80.82703666666667,80.82703666666667 -4.091128333333333,80.82633333333334,80.82633333333334 -4.091213333333333,80.82563166666667,80.82563166666667 -4.091296666666667,80.82492833333333,80.82492833333333 -4.091383333333333,80.82422666666666,80.82422666666666 -4.091478333333333,80.82352500000002,80.82352500000002 -4.091571666666666,80.82282166666668,80.82282166666668 -4.091665000000001,80.82211999999998,80.82211999999998 -4.091756666666667,80.82141833333334,80.82141833333334 -4.091846666666668,80.82071666666667,80.82071666666667 -4.091935,80.82001666666666,80.82001666666666 -4.092014999999999,80.819315,80.819315 -4.092088333333334,80.81861666666666,80.81861666666666 -4.092156666666667,80.81791666666665,80.81791666666665 -4.09222,80.81721833333333,80.81721833333333 -4.092275,80.81652000000001,80.81652000000001 -4.092325,80.81582166666666,80.81582166666666 -4.0923766666666666,80.815125,80.815125 -4.092421666666667,80.81442833333334,80.81442833333334 -4.092456666666667,80.81373166666668,80.81373166666668 -4.092486666666667,80.81303666666666,80.81303666666666 -4.092513333333333,80.81234166666665,80.81234166666665 -4.092533333333334,80.81164666666666,80.81164666666666 -4.092545000000001,80.81095166666667,80.81095166666667 -4.092548333333333,80.81025833333332,80.81025833333332 -4.09255,80.80956500000002,80.80956500000002 -4.092546666666666,80.80887166666666,80.80887166666666 -4.092535,80.80817833333334,80.80817833333334 -4.092515,80.80748499999999,80.80748499999999 -4.092489999999999,80.80679166666667,80.80679166666667 -4.092459999999999,80.8061,80.8061 -4.0924266666666655,80.80540833333333,80.80540833333333 -4.092384999999999,80.80471666666668,80.80471666666668 -4.092339999999999,80.80402500000001,80.80402500000001 -4.092291666666668,80.80333499999999,80.80333499999999 -4.092241666666666,80.80264500000001,80.80264500000001 -4.092186666666667,80.80195333333333,80.80195333333333 -4.092126666666667,80.80126333333332,80.80126333333332 -4.092063333333334,80.80057166666667,80.80057166666667 -4.091995,80.79988166666666,80.79988166666666 -4.091921666666668,80.79919166666667,80.79919166666667 -4.09184,80.79850166666667,80.79850166666667 -4.091748333333334,80.79781166666666,80.79781166666666 -4.091651666666667,80.79712166666667,80.79712166666667 -4.09155,80.79643166666666,80.79643166666666 -4.0914383333333335,80.79574166666667,80.79574166666667 -4.091316666666666,80.79505166666667,80.79505166666667 -4.091195,80.79436166666665,80.79436166666665 -4.091076666666667,80.79367166666667,80.79367166666667 -4.09096,80.79298166666668,80.79298166666668 -4.090848333333333,80.79229166666667,80.79229166666667 -4.090748333333333,80.79160166666668,80.79160166666668 -4.09066,80.79091166666667,80.79091166666667 -4.090588333333333,80.79022166666665,80.79022166666665 -4.090526666666666,80.78953166666668,80.78953166666668 -4.0904783333333326,80.78884166666666,80.78884166666666 -4.090438333333334,80.78815166666668,80.78815166666668 -4.0904066666666665,80.78746333333332,80.78746333333332 -4.090380000000001,80.786775,80.786775 -4.090353333333333,80.78608666666668,80.78608666666668 -4.090328333333332,80.7854,80.7854 -4.090301666666666,80.78471333333333,80.78471333333333 -4.0902683333333325,80.78402833333332,80.78402833333332 -4.09023,80.78334333333333,80.78334333333333 -4.090185,80.78265999999999,80.78265999999999 -4.090131666666666,80.78197833333334,80.78197833333334 -4.09007,80.78129833333332,80.78129833333332 -4.089998333333334,80.78061833333332,80.78061833333332 -4.089918333333334,80.77993833333333,80.77993833333333 -4.089828333333333,80.77926166666667,80.77926166666667 -4.089726666666667,80.77858333333334,80.77858333333334 -4.089615,80.77790666666668,80.77790666666668 -4.089498333333333,80.77722999999999,80.77722999999999 -4.089371666666667,80.77655333333335,80.77655333333335 -4.089228333333334,80.77587666666666,80.77587666666666 -4.089051666666666,80.7752,80.7752 -4.088823333333334,80.77452333333333,80.77452333333333 -4.088541666666666,80.77384666666667,80.77384666666667 -4.0882249999999996,80.77317166666667,80.77317166666667 -4.087881666666667,80.772495,80.772495 -4.087511666666667,80.77182,80.77182 -4.087108333333334,80.77114666666667,80.77114666666667 -4.0866783333333325,80.77047500000002,80.77047500000002 -4.086223333333333,80.769805,80.769805 -4.085726666666666,80.76913666666665,80.76913666666665 -4.0851533333333325,80.76846999999998,80.76846999999998 -4.084471666666667,80.76780666666667,80.76780666666667 -4.083668333333334,80.76714499999999,80.76714499999999 -4.082725000000001,80.76648833333334,80.76648833333334 -4.081605,80.76583666666667,80.76583666666667 -4.080305,80.76519,80.76519 -4.078828333333332,80.76455,80.76455 -4.077156666666666,80.76391666666666,80.76391666666666 -4.075268333333334,80.76329333333334,80.76329333333334 -4.073168333333333,80.76268166666668,80.76268166666668 -4.070881666666667,80.76208166666667,80.76208166666667 -4.0684233333333335,80.76149166666667,80.76149166666667 -4.065783333333333,80.76091500000001,80.76091500000001 -4.062946666666666,80.76035333333333,80.76035333333333 -4.059921666666667,80.75981000000002,80.75981000000002 -4.0567183333333325,80.759285,80.759285 -4.053350000000001,80.75877833333334,80.75877833333334 -4.049823333333332,80.75829333333334,80.75829333333334 -4.046143333333333,80.75782999999998,80.75782999999998 -4.042315000000001,80.75739000000002,80.75739000000002 -4.038348333333333,80.75697166666667,80.75697166666667 -4.034248333333333,80.75657833333334,80.75657833333334 -4.0300199999999995,80.75620833333335,80.75620833333335 -4.02567,80.75586666666666,80.75586666666666 -4.021203333333333,80.75555166666665,80.75555166666665 -4.016638333333334,80.75526333333333,80.75526333333333 -4.01199,80.75500333333333,80.75500333333333 -4.007269999999999,80.75476833333333,80.75476833333333 -4.002491666666667,80.75455833333334,80.75455833333334 -3.9976633333333336,80.754375,80.754375 -3.9927966666666665,80.75421666666666,80.75421666666666 -3.987876666666667,80.75408,80.75408 -3.9829250000000007,80.75397333333332,80.75397333333332 -3.9779416666666663,80.75389333333334,80.75389333333334 -3.972936666666666,80.75383666666667,80.75383666666667 -3.967918333333334,80.75380499999999,80.75380499999999 -3.9628966666666665,80.75379833333334,80.75379833333334 -3.9578683333333338,80.75381333333333,80.75381333333333 -3.9528383333333332,80.75385333333334,80.75385333333334 -3.947823333333333,80.75392000000001,80.75392000000001 -3.942805000000001,80.75400833333333,80.75400833333333 -3.9377916666666666,80.75411833333334,80.75411833333334 -3.9327883333333338,80.75425166666666,80.75425166666666 -3.927795,80.75440166666667,80.75440166666667 -3.9228133333333335,80.75456833333334,80.75456833333334 -3.917848333333333,80.75475,80.75475 -3.9128966666666662,80.75494166666668,80.75494166666668 -3.907958333333333,80.75514000000001,80.75514000000001 -3.903033333333333,80.75534666666667,80.75534666666667 -3.89812,80.75555999999999,80.75555999999999 -3.8932166666666665,80.75577666666665,80.75577666666665 -3.888323333333333,80.755995,80.755995 -3.88344,80.75621333333333,80.75621333333333 -3.878566666666667,80.75643333333335,80.75643333333335 -3.873705,80.75665166666667,80.75665166666667 -3.8688533333333335,80.75686999999999,80.75686999999999 -3.8640116666666673,80.75708833333333,80.75708833333333 -3.8591783333333334,80.75730499999999,80.75730499999999 -3.854353333333333,80.75752166666665,80.75752166666665 -3.8495350000000004,80.75773833333332,80.75773833333332 -3.8447216666666666,80.75795666666667,80.75795666666667 -3.839915,80.758175,80.758175 -3.8351149999999996,80.75839333333334,80.75839333333334 -3.830321666666667,80.75861166666667,80.75861166666667 -3.8255350000000004,80.75883166666668,80.75883166666668 -3.820756666666667,80.75905166666668,80.75905166666668 -3.8159866666666664,80.75927166666666,80.75927166666666 -3.811218333333333,80.75949333333334,80.75949333333334 -3.806453333333333,80.75971500000001,80.75971500000001 -3.8016916666666662,80.75993833333332,80.75993833333332 -3.79693,80.76016500000001,80.76016500000001 -3.79218,80.76039166666665,80.76039166666665 -3.787443333333333,80.76061833333334,80.76061833333334 -3.7827166666666674,80.76084666666667,80.76084666666667 -3.7780050000000003,80.76107666666668,80.76107666666668 -3.7733066666666666,80.76130833333333,80.76130833333333 -3.768623333333333,80.76154,80.76154 -3.763951666666667,80.76177166666668,80.76177166666668 -3.759291666666667,80.76200499999999,80.76200499999999 -3.7546433333333327,80.76223666666667,80.76223666666667 -3.7500033333333334,80.76247,80.76247 -3.74537,80.76270166666667,80.76270166666667 -3.7407450000000004,80.76293333333332,80.76293333333332 -3.73613,80.76316666666666,80.76316666666666 -3.7315250000000004,80.76340166666668,80.76340166666668 -3.7269316666666668,80.76364000000001,80.76364000000001 -3.7223466666666667,80.76387999999999,80.76387999999999 -3.717766666666666,80.76411833333334,80.76411833333334 -3.713195,80.76436000000001,80.76436000000001 -3.7086300000000003,80.76460166666668,80.76460166666668 -3.7040716666666667,80.76484333333333,80.76484333333333 -3.6995183333333332,80.76508666666666,80.76508666666666 -3.694973333333333,80.76533166666667,80.76533166666667 -3.6904416666666666,80.76557833333332,80.76557833333332 -3.68592,80.76583,80.76583 -3.6814150000000003,80.76608833333334,80.76608833333334 -3.6769333333333334,80.76635666666665,80.76635666666665 -3.6724866666666665,80.76664333333333,80.76664333333333 -3.6680783333333338,80.76694499999999,80.76694499999999 -3.6637133333333325,80.76726333333333,80.76726333333333 -3.6593983333333333,80.76759666666668,80.76759666666668 -3.655135000000001,80.76794666666667,80.76794666666667 -3.6509183333333333,80.76831000000001,80.76831000000001 -3.6467433333333337,80.76868166666667,80.76868166666667 -3.6426149999999997,80.76906833333335,80.76906833333335 -3.638545,80.76946666666667,80.76946666666667 -3.6345366666666665,80.76988,80.76988 -3.630598333333333,80.77031000000001,80.77031000000001 -3.626741666666666,80.770755,80.770755 -3.6229683333333336,80.77121833333334,80.77121833333334 -3.6192716666666667,80.77169333333333,80.77169333333333 -3.615653333333334,80.77218500000001,80.77218500000001 -3.612116666666666,80.77268999999998,80.77268999999998 -3.608661666666667,80.77321166666667,80.77321166666667 -3.605285,80.773745,80.773745 -3.6019866666666664,80.77429166666668,80.77429166666668 -3.598765,80.77485,80.77485 -3.5956133333333336,80.77542000000001,80.77542000000001 -3.5925200000000004,80.77599833333333,80.77599833333333 -3.589485,80.77658333333335,80.77658333333335 -3.5865016666666665,80.77717500000001,80.77717500000001 -3.583571666666667,80.77777,80.77777 -3.580696666666666,80.77837,80.77837 -3.5778783333333335,80.77897333333333,80.77897333333333 -3.575116666666667,80.77958166666666,80.77958166666666 -3.5724116666666665,80.780195,80.780195 -3.5697600000000005,80.78081166666666,80.78081166666666 -3.5671683333333335,80.78143333333334,80.78143333333334 -3.564663333333333,80.78205999999999,80.78205999999999 -3.5622533333333335,80.78269666666667,80.78269666666667 -3.5599199999999995,80.783335,80.783335 -3.557643333333333,80.78397833333334,80.78397833333334 -3.555418333333334,80.78462333333334,80.78462333333334 -3.553248333333334,80.78527166666665,80.78527166666665 -3.5511333333333326,80.78592166666667,80.78592166666667 -3.5490883333333327,80.78657666666668,80.78657666666668 -3.5471500000000002,80.78723666666666,80.78723666666666 -3.5453099999999997,80.78790333333333,80.78790333333333 -3.543528333333333,80.78857166666666,80.78857166666666 -3.5417983333333334,80.789245,80.789245 -3.540133333333334,80.78992,80.78992 -3.5385616666666664,80.79060166666667,80.79060166666667 -3.53708,80.79128999999999,80.79128999999999 -3.5356933333333327,80.79198333333333,80.79198333333333 -3.53439,80.79268166666668,80.79268166666668 -3.533153333333333,80.79338500000001,80.79338500000001 -3.5319799999999995,80.79409166666667,80.79409166666667 -3.5308699999999997,80.79480166666667,80.79480166666667 -3.529828333333333,80.79551499999998,80.79551499999998 -3.528841666666667,80.79623166666667,80.79623166666667 -3.527868333333333,80.79695333333333,80.79695333333333 -3.526885,80.797675,80.797675 -3.525886666666667,80.79840166666666,80.79840166666666 -3.524875,80.79913,80.79913 -3.5238583333333335,80.79986166666667,80.79986166666667 -3.522845,80.800595,80.800595 -3.521841666666666,80.80132833333333,80.80132833333333 -3.5208466666666673,80.80206333333334,80.80206333333334 -3.5198499999999995,80.80279833333333,80.80279833333333 -3.5188416666666664,80.80353166666666,80.80353166666666 -3.517823333333333,80.80426666666668,80.80426666666668 -3.5168016666666673,80.80500166666667,80.80500166666667 -3.51577,80.80573833333332,80.80573833333332 -3.5147183333333336,80.80647333333334,80.80647333333334 -3.5136366666666667,80.80721,80.80721 -3.5125216666666668,80.807945,80.807945 -3.511376666666666,80.80868166666666,80.80868166666666 -3.5102133333333327,80.80941500000002,80.80941500000002 -3.5090600000000003,80.81015000000001,80.81015000000001 -3.5079233333333333,80.810885,80.810885 -3.506796666666667,80.81161999999999,80.81161999999999 -3.5056800000000004,80.81235166666669,80.81235166666669 -3.5045850000000005,80.81308166666666,80.81308166666666 -3.5035149999999997,80.81381,80.81381 -3.5024583333333332,80.81453666666665,80.81453666666665 -3.5014183333333335,80.81525833333333,80.81525833333333 -3.50041,80.81597833333333,80.81597833333333 -3.4994400000000008,80.81669666666667,80.81669666666667 -3.498525,80.81741333333333,80.81741333333333 -3.4976816666666672,80.81813000000001,80.81813000000001 -3.496936666666666,80.81884499999998,80.81884499999998 -3.496291666666666,80.81956000000001,80.81956000000001 -3.4957483333333332,80.82027333333333,80.82027333333333 -3.495311666666667,80.82098666666667,80.82098666666667 -3.4949883333333336,80.82169833333334,80.82169833333334 -3.494763333333333,80.82241,80.82241 -3.4946183333333334,80.82311999999999,80.82311999999999 -3.4945349999999995,80.82382833333334,80.82382833333334 -3.4945,80.824535,80.824535 -3.494495,80.82524166666668,80.82524166666668 -3.494498333333333,80.82594833333332,80.82594833333332 -3.4944783333333334,80.82665833333334,80.82665833333334 -3.494416666666667,80.82736833333333,80.82736833333333 -3.494323333333334,80.82808,80.82808 -3.494215,80.82879166666667,80.82879166666667 -3.4940899999999995,80.82950666666666,80.82950666666666 -3.4939366666666665,80.83022166666666,80.83022166666666 -3.4937633333333338,80.83094,80.83094 -3.493585,80.83165999999999,80.83165999999999 -3.493408333333333,80.83238166666668,80.83238166666668 -3.49323,80.83310666666667,80.83310666666667 -3.493051666666667,80.833835,80.833835 -3.492883333333333,80.83456500000001,80.83456500000001 -3.4927216666666676,80.835295,80.835295 -3.4925566666666668,80.83602666666667,80.83602666666667 -3.4923883333333334,80.83676,80.83676 -3.492216666666667,80.83749166666666,80.83749166666666 -3.492043333333333,80.83822666666667,80.83822666666667 -3.4918666666666662,80.83896,80.83896 -3.49169,80.83969499999999,80.83969499999999 -3.491516666666666,80.84043166666667,80.84043166666667 -3.49135,80.84116999999999,80.84116999999999 -3.491188333333333,80.84191000000001,80.84191000000001 -3.4910283333333334,80.84265166666668,80.84265166666668 -3.49087,80.84339499999999,80.84339499999999 -3.4907133333333333,80.84414,80.84414 -3.490558333333333,80.84488500000002,80.84488500000002 -3.4904133333333336,80.84563,80.84563 -3.490283333333333,80.84637666666666,80.84637666666666 -3.4901633333333333,80.84712166666667,80.84712166666667 -3.4900500000000005,80.84786833333332,80.84786833333332 -3.4899433333333327,80.848615,80.848615 -3.489841666666666,80.84936333333334,80.84936333333334 -3.4897400000000007,80.85010999999999,80.85010999999999 -3.489641666666666,80.85085833333333,80.85085833333333 -3.489548333333334,80.85160666666667,80.85160666666667 -3.489461666666667,80.852355,80.852355 -3.4893783333333337,80.85310166666666,80.85310166666666 -3.489301666666666,80.85384833333333,80.85384833333333 -3.489233333333333,80.85459666666668,80.85459666666668 -3.4891766666666664,80.85534166666666,80.85534166666666 -3.4891349999999997,80.85608833333335,80.85608833333335 -3.489111666666667,80.85683333333333,80.85683333333333 -3.489101666666666,80.85758000000001,80.85758000000001 -3.489101666666666,80.85832666666666,80.85832666666666 -3.4891083333333333,80.85907333333334,80.85907333333334 -3.4891183333333338,80.85982166666665,80.85982166666665 -3.4891349999999997,80.86057000000001,80.86057000000001 -3.4891533333333333,80.86131666666667,80.86131666666667 -3.4891733333333335,80.862065,80.862065 -3.4891916666666662,80.86281166666666,80.86281166666666 -3.489211666666667,80.86355833333333,80.86355833333333 -3.4892299999999996,80.86430333333332,80.86430333333332 -3.4892433333333335,80.86504833333333,80.86504833333333 -3.4892516666666666,80.86579166666667,80.86579166666667 -3.48925,80.86653333333334,80.86653333333334 -3.4892416666666666,80.86727333333333,80.86727333333333 -3.489223333333334,80.86801333333334,80.86801333333334 -3.489203333333333,80.86874999999999,80.86874999999999 -3.489181666666667,80.86948333333332,80.86948333333332 -3.4891600000000005,80.87021666666668,80.87021666666668 -3.4891400000000004,80.87094833333335,80.87094833333335 -3.489126666666667,80.87167666666666,80.87167666666666 -3.4891199999999998,80.872405,80.872405 -3.489113333333333,80.87313166666665,80.87313166666665 -3.489101666666666,80.87385666666667,80.87385666666667 -3.489088333333333,80.87458166666667,80.87458166666667 -3.4890783333333335,80.875305,80.875305 -3.4890666666666665,80.87602666666666,80.87602666666666 -3.489046666666667,80.87674833333334,80.87674833333334 -3.48902,80.87747,80.87747 -3.4889866666666665,80.87818999999999,80.87818999999999 -3.488946666666666,80.87890999999999,80.87890999999999 -3.4888950000000003,80.87962833333333,80.87962833333333 -3.488829999999999,80.88034833333334,80.88034833333334 -3.48875,80.88106499999999,80.88106499999999 -3.4886633333333332,80.88178333333335,80.88178333333335 -3.488571666666667,80.8825,80.8825 -3.488481666666667,80.88321499999999,80.88321499999999 -3.488396666666667,80.88393166666667,80.88393166666667 -3.488308333333333,80.88464666666667,80.88464666666667 -3.4882149999999994,80.88536,80.88536 -3.488113333333334,80.88607333333333,80.88607333333333 -3.4880033333333333,80.88678833333333,80.88678833333333 -3.4878899999999997,80.8875,80.8875 -3.487776666666666,80.88821333333333,80.88821333333333 -3.4876633333333333,80.888925,80.888925 -3.4875383333333336,80.88963500000001,80.88963500000001 -3.487400000000001,80.890345,80.890345 -3.487251666666667,80.89105333333333,80.89105333333333 -3.4870950000000005,80.89176166666665,80.89176166666665 -3.4869333333333334,80.89246833333334,80.89246833333334 -3.4867583333333325,80.893175,80.893175 -3.486575,80.89388166666666,80.89388166666666 -3.4863883333333328,80.89458666666665,80.89458666666665 -3.4862099999999994,80.89529166666665,80.89529166666665 -3.486038333333333,80.89599666666668,80.89599666666668 -3.4858666666666664,80.89670166666667,80.89670166666667 -3.485698333333334,80.89740666666667,80.89740666666667 -3.485538333333333,80.89811166666667,80.89811166666667 -3.4853983333333334,80.89881666666666,80.89881666666666 -3.4853049999999994,80.89952166666667,80.89952166666667 -3.4852766666666666,80.90022666666667,80.90022666666667 -3.485323333333333,80.90093,80.90093 -3.4854499999999997,80.90163333333334,80.90163333333334 -3.4856566666666673,80.902335,80.902335 -3.4859499999999994,80.903035,80.903035 -3.486345,80.90373166666666,80.90373166666666 -3.486865,80.90442666666665,80.90442666666665 -3.487511666666667,80.90511666666667,80.90511666666667 -3.488276666666667,80.90580499999999,80.90580499999999 -3.4891600000000005,80.90648833333333,80.90648833333333 -3.490168333333333,80.90716666666668,80.90716666666668 -3.4913066666666674,80.90783833333333,80.90783833333333 -3.4925750000000004,80.90850166666667,80.90850166666667 -3.493966666666666,80.90915833333334,80.90915833333334 -3.4954766666666663,80.909805,80.909805 -3.4971000000000005,80.91044166666667,80.91044166666667 -3.4988283333333334,80.91106833333332,80.91106833333332 -3.500655,80.91168499999999,80.91168499999999 -3.502581666666667,80.91229166666668,80.91229166666668 -3.5046166666666663,80.91288833333333,80.91288833333333 -3.5067583333333334,80.913475,80.913475 -3.5090099999999995,80.91404999999999,80.91404999999999 -3.511366666666667,80.91461166666666,80.91461166666666 -3.5138333333333334,80.91516166666668,80.91516166666668 -3.5164099999999996,80.91569666666668,80.91569666666668 -3.5190949999999996,80.916215,80.916215 -3.5218866666666666,80.91671666666666,80.91671666666666 -3.524785,80.9172,80.9172 -3.527781666666667,80.91766333333332,80.91766333333332 -3.5308633333333335,80.91811,80.91811 -3.534011666666667,80.91854166666667,80.91854166666667 -3.5372149999999998,80.91896000000001,80.91896000000001 -3.5404616666666673,80.91936666666666,80.91936666666666 -3.543743333333333,80.91976500000001,80.91976500000001 -3.547053333333333,80.92015333333333,80.92015333333333 -3.550378333333333,80.92053666666668,80.92053666666668 -3.5537166666666664,80.92091666666666,80.92091666666666 -3.5570699999999995,80.92129,80.92129 -3.5604416666666667,80.92166000000002,80.92166000000002 -3.563828333333333,80.92202499999999,80.92202499999999 -3.567228333333333,80.92238666666667,80.92238666666667 -3.570645,80.92274499999999,80.92274499999999 -3.5740816666666664,80.92309833333334,80.92309833333334 -3.577538333333334,80.92344666666666,80.92344666666666 -3.5810166666666663,80.92379166666667,80.92379166666667 -3.584516666666667,80.92413333333333,80.92413333333333 -3.588033333333333,80.92447333333332,80.92447333333332 -3.5915683333333335,80.92481166666666,80.92481166666666 -3.59512,80.92515000000002,80.92515000000002 -3.5986866666666666,80.92548666666666,80.92548666666666 -3.6022649999999996,80.92582166666666,80.92582166666666 -3.6058533333333336,80.92616,80.92616 -3.6094566666666674,80.92649666666667,80.92649666666667 -3.613078333333333,80.92683166666667,80.92683166666667 -3.6167166666666666,80.92716499999999,80.92716499999999 -3.6203699999999994,80.92749666666667,80.92749666666667 -3.6240349999999997,80.92783,80.92783 -3.627715,80.92815999999999,80.92815999999999 -3.6314116666666667,80.92848666666666,80.92848666666666 -3.635121666666667,80.92880833333335,80.92880833333335 -3.638845,80.92912833333334,80.92912833333334 -3.642575,80.92944333333332,80.92944333333332 -3.6463133333333335,80.92975499999999,80.92975499999999 -3.6500600000000007,80.93006,80.93006 -3.653813333333333,80.93036166666667,80.93036166666667 -3.657575,80.93065833333334,80.93065833333334 -3.661343333333334,80.93094833333332,80.93094833333332 -3.665121666666667,80.93123333333334,80.93123333333334 -3.6689066666666674,80.93151333333334,80.93151333333334 -3.6727016666666663,80.93178833333333,80.93178833333333 -3.676501666666667,80.93205999999999,80.93205999999999 -3.6803083333333326,80.93232833333334,80.93232833333334 -3.68412,80.93259499999999,80.93259499999999 -3.6879349999999995,80.93285833333333,80.93285833333333 -3.6917549999999997,80.93312166666666,80.93312166666666 -3.6955733333333334,80.93338833333334,80.93338833333334 -3.699396666666667,80.93365833333334,80.93365833333334 -3.7032266666666667,80.93392833333336,80.93392833333336 -3.707066666666666,80.93419999999999,80.93419999999999 -3.7109166666666664,80.93447166666667,80.93447166666667 -3.7147766666666664,80.93474500000002,80.93474500000002 -3.718648333333333,80.93502000000001,80.93502000000001 -3.722531666666667,80.935295,80.935295 -3.72643,80.93557166666666,80.93557166666666 -3.7303400000000004,80.93584833333334,80.93584833333334 -3.734256666666667,80.93612666666665,80.93612666666665 -3.7381816666666667,80.93640666666668,80.93640666666668 -3.742115,80.93668833333332,80.93668833333332 -3.746055,80.93697000000002,80.93697000000002 -3.7500000000000004,80.93725166666665,80.93725166666665 -3.753946666666667,80.93753333333335,80.93753333333335 -3.7578966666666664,80.93781500000001,80.93781500000001 -3.7618516666666664,80.93809500000002,80.93809500000002 -3.765814999999999,80.93837,80.93837 -3.7697833333333337,80.938645,80.938645 -3.77376,80.93891666666667,80.93891666666667 -3.777741666666666,80.93918666666667,80.93918666666667 -3.7817316666666674,80.939455,80.939455 -3.7857266666666662,80.93972000000001,80.93972000000001 -3.7897233333333333,80.93998333333334,80.93998333333334 -3.793723333333333,80.940245,80.940245 -3.7977249999999994,80.94050166666666,80.94050166666666 -3.801726666666666,80.94075666666666,80.94075666666666 -3.8057283333333336,80.94100999999999,80.94100999999999 -3.8097283333333336,80.94126333333332,80.94126333333332 -3.8137299999999996,80.941515,80.941515 -3.8177383333333332,80.94176333333333,80.94176333333333 -3.8217566666666674,80.94201333333334,80.94201333333334 -3.8257816666666664,80.94226333333334,80.94226333333334 -3.8298133333333326,80.94251666666668,80.94251666666668 -3.833853333333334,80.94277166666667,80.94277166666667 -3.8379000000000003,80.94302666666667,80.94302666666667 -3.841951666666667,80.943285,80.943285 -3.8460083333333333,80.94354499999999,80.94354499999999 -3.8500733333333326,80.94380833333332,80.94380833333332 -3.8541483333333333,80.94407333333334,80.94407333333334 -3.8582383333333334,80.94434500000001,80.94434500000001 -3.862343333333333,80.94461833333334,80.94461833333334 -3.866461666666667,80.94489666666665,80.94489666666665 -3.870588333333333,80.94518000000001,80.94518000000001 -3.8747266666666667,80.94546666666666,80.94546666666666 -3.87887,80.94575666666667,80.94575666666667 -3.8830166666666663,80.94605166666668,80.94605166666668 -3.887166666666667,80.94634833333333,80.94634833333333 -3.8913183333333334,80.94664999999999,80.94664999999999 -3.8954716666666664,80.94695333333334,80.94695333333334 -3.8996266666666664,80.94725833333332,80.94725833333332 -3.903778333333333,80.94756666666666,80.94756666666666 -3.9079266666666665,80.94787833333332,80.94787833333332 -3.9120666666666666,80.94819333333334,80.94819333333334 -3.9162,80.94851000000001,80.94851000000001 -3.9203233333333336,80.94883,80.94883 -3.924436666666667,80.94915333333333,80.94915333333333 -3.9285483333333326,80.94947666666667,80.94947666666667 -3.932661666666667,80.94979666666667,80.94979666666667 -3.936785000000001,80.95011333333335,80.95011333333335 -3.940923333333333,80.95042166666668,80.95042166666668 -3.94508,80.95071999999999,80.95071999999999 -3.9492633333333336,80.95100666666667,80.95100666666667 -3.953473333333333,80.95128166666666,80.95128166666666 -3.9577133333333334,80.95154333333333,80.95154333333333 -3.961981666666667,80.95179166666668,80.95179166666668 -3.9662733333333335,80.95202666666668,80.95202666666668 -3.970585,80.95224833333333,80.95224833333333 -3.97491,80.95245833333334,80.95245833333334 -3.9792516666666673,80.95265333333333,80.95265333333333 -3.983603333333334,80.95283333333334,80.95283333333334 -3.9879666666666673,80.95299999999999,80.95299999999999 -3.9923399999999996,80.95315333333332,80.95315333333332 -3.9967249999999996,80.95329166666669,80.95329166666669 -4.001119999999999,80.95341499999999,80.95341499999999 -4.005525,80.95352000000001,80.95352000000001 -4.009936666666667,80.95360666666667,80.95360666666667 -4.014355000000001,80.95367333333333,80.95367333333333 -4.018773333333333,80.95372166666667,80.95372166666667 -4.0231916666666665,80.95374666666667,80.95374666666667 -4.027595000000001,80.95374666666667,80.95374666666667 -4.031975,80.95371833333334,80.95371833333334 -4.0363283333333335,80.953665,80.953665 -4.040645,80.953585,80.953585 -4.044921666666666,80.95348166666665,80.95348166666665 -4.049151666666667,80.953355,80.953355 -4.053326666666666,80.95320166666667,80.95320166666667 -4.05744,80.95302666666666,80.95302666666666 -4.061486666666666,80.95282833333333,80.95282833333333 -4.065461666666667,80.95260833333334,80.95260833333334 -4.069355,80.95236833333334,80.95236833333334 -4.0731616666666675,80.95210333333331,80.95210333333331 -4.076865,80.95181333333333,80.95181333333333 -4.080441666666666,80.95149333333335,80.95149333333335 -4.083863333333333,80.95114,80.95114 -4.0870983333333335,80.95075166666668,80.95075166666668 -4.090115,80.95032833333332,80.95032833333332 -4.092924999999999,80.94987499999999,80.94987499999999 -4.095536666666667,80.94939666666666,80.94939666666666 -4.097948333333333,80.94889499999998,80.94889499999998 -4.100144999999999,80.94837000000001,80.94837000000001 -4.102128333333334,80.94782666666667,80.94782666666667 -4.1038950000000005,80.947265,80.947265 -4.105453333333334,80.94668833333334,80.94668833333334 -4.106816666666667,80.94609833333334,80.94609833333334 -4.10799,80.94549666666666,80.94549666666666 -4.108955,80.94488666666666,80.94488666666666 -4.109718333333333,80.944265,80.944265 -4.110273333333333,80.94363333333334,80.94363333333334 -4.110621666666666,80.94299333333335,80.94299333333335 -4.1107716666666665,80.94235,80.94235 -4.110716666666666,80.94170166666667,80.94170166666667 -4.110465,80.94104999999999,80.94104999999999 -4.110036666666667,80.94039833333333,80.94039833333333 -4.109446666666666,80.93974666666665,80.93974666666665 -4.1087,80.93909666666666,80.93909666666666 -4.107798333333333,80.93844833333333,80.93844833333333 -4.106755000000001,80.93780499999998,80.93780499999998 -4.105593333333333,80.93716333333333,80.93716333333333 -4.104365000000001,80.93652333333334,80.93652333333334 -4.103096666666667,80.93588666666666,80.93588666666666 -4.101853333333333,80.93524833333333,80.93524833333333 -4.100635,80.93460833333334,80.93460833333334 -4.0994366666666675,80.93396833333333,80.93396833333333 -4.0982666666666665,80.93332833333335,80.93332833333335 -4.097151666666666,80.932685,80.932685 -4.096116666666666,80.93203833333334,80.93203833333334 -4.095165,80.93138833333335,80.93138833333335 -4.094298333333334,80.93073666666666,80.93073666666666 -4.093523333333334,80.93008166666667,80.93008166666667 -4.092843333333333,80.92942333333333,80.92942333333333 -4.092241666666666,80.928765,80.928765 -4.091713333333334,80.92810500000002,80.92810500000002 -4.091245,80.92744499999999,80.92744499999999 -4.090816666666667,80.92678500000001,80.92678500000001 -4.090413333333334,80.92612500000001,80.92612500000001 -4.090018333333333,80.92546666666667,80.92546666666667 -4.089615,80.92480833333333,80.92480833333333 -4.0892,80.92415166666666,80.92415166666666 -4.088785,80.92349666666668,80.92349666666668 -4.088371666666666,80.92284166666666,80.92284166666666 -4.087966666666667,80.92218666666665,80.92218666666665 -4.087571666666666,80.92153166666667,80.92153166666667 -4.08719,80.92087833333333,80.92087833333333 -4.086831666666667,80.92022333333333,80.92022333333333 -4.0865,80.91957000000001,80.91957000000001 -4.086196666666667,80.91891666666666,80.91891666666666 -4.0859266666666665,80.91826333333333,80.91826333333333 -4.085688333333334,80.91761166666667,80.91761166666667 -4.085486666666667,80.91695833333333,80.91695833333333 -4.085319999999999,80.91630833333333,80.91630833333333 -4.085188333333333,80.91565833333334,80.91565833333334 -4.085088333333332,80.91500833333332,80.91500833333332 -4.085026666666668,80.91435999999999,80.91435999999999 -4.085006666666667,80.91371333333332,80.91371333333332 -4.085024999999999,80.91306666666665,80.91306666666665 -4.085073333333334,80.91242166666665,80.91242166666665 -4.085151666666667,80.91177833333333,80.91177833333333 -4.085261666666667,80.91113666666668,80.91113666666668 -4.085405000000001,80.91049500000001,80.91049500000001 -4.085578333333333,80.909855,80.909855 -4.0857850000000004,80.909215,80.909215 -4.086031666666666,80.90857666666668,80.90857666666668 -4.086313333333334,80.90794166666666,80.90794166666666 -4.086616666666666,80.90730666666666,80.90730666666666 -4.0869349999999995,80.90667333333333,80.90667333333333 -4.087268333333334,80.90604333333334,80.90604333333334 -4.087621666666666,80.90541333333334,80.90541333333334 -4.087986666666667,80.90478833333333,80.90478833333333 -4.088356666666667,80.90416333333333,80.90416333333333 -4.088721666666667,80.90354166666667,80.90354166666667 -4.089083333333335,80.90292000000001,80.90292000000001 -4.089440000000001,80.90229833333332,80.90229833333332 -4.089781666666668,80.90167666666666,80.90167666666666 -4.09009,80.901055,80.901055 -4.090371666666667,80.90043000000001,80.90043000000001 -4.090631666666667,80.899805,80.899805 -4.0908533333333335,80.89918,80.89918 -4.091031666666666,80.89855166666666,80.89855166666666 -4.091175000000001,80.89792333333332,80.89792333333332 -4.091286666666666,80.897295,80.897295 -4.091365000000001,80.89666333333334,80.89666333333334 -4.091406666666667,80.89603166666667,80.89603166666667 -4.091411666666666,80.8954,80.8954 -4.091379999999999,80.89476666666665,80.89476666666665 -4.091315000000001,80.89413166666667,80.89413166666667 -4.091220000000001,80.89349666666666,80.89349666666666 -4.09109,80.89286000000001,80.89286000000001 -4.090918333333334,80.89222166666666,80.89222166666666 -4.090706666666667,80.89158166666667,80.89158166666667 -4.0904533333333335,80.89094166666666,80.89094166666666 -4.090158333333334,80.89029833333335,80.89029833333335 -4.089816666666667,80.889655,80.889655 -4.089428333333334,80.88901,80.88901 -4.088991666666667,80.88836333333333,80.88836333333333 -4.0885050000000005,80.88771666666666,80.88771666666666 -4.087970000000001,80.88707,80.88707 -4.08739,80.88642166666666,80.88642166666666 -4.086766666666667,80.88577333333333,80.88577333333333 -4.086116666666666,80.885125,80.885125 -4.0854550000000005,80.88447833333333,80.88447833333333 -4.084786666666667,80.88383499999999,80.88383499999999 -4.0841166666666675,80.88319166666668,80.88319166666668 -4.083446666666666,80.88255333333333,80.88255333333333 -4.082795,80.881915,80.881915 -4.082191666666667,80.88128,80.88128 -4.081646666666666,80.88064833333334,80.88064833333334 -4.081153333333333,80.88001666666668,80.88001666666668 -4.080696666666666,80.87938666666666,80.87938666666666 -4.0802716666666665,80.87875833333332,80.87875833333332 -4.079878333333334,80.87813166666666,80.87813166666666 -4.079536666666667,80.87750666666668,80.87750666666668 -4.079251666666667,80.87688166666666,80.87688166666666 -4.079025,80.87625666666665,80.87625666666665 -4.0788649999999995,80.87563333333333,80.87563333333333 -4.078774999999999,80.87501166666667,80.87501166666667 -4.07875,80.87438999999999,80.87438999999999 -4.078786666666666,80.87377,80.87377 -4.078869999999999,80.87315,80.87315 -4.078993333333333,80.87253166666666,80.87253166666666 -4.0791450000000005,80.87191,80.87191 -4.079335,80.87129499999999,80.87129499999999 -4.079565,80.87067833333333,80.87067833333333 -4.079833333333334,80.87006500000001,80.87006500000001 -4.08014,80.86945166666666,80.86945166666666 -4.080471666666668,80.86884166666667,80.86884166666667 -4.080813333333333,80.86823166666666,80.86823166666666 -4.081165,80.86762333333333,80.86762333333333 -4.081521666666666,80.86701833333333,80.86701833333333 -4.081875,80.86641500000002,80.86641500000002 -4.082221666666666,80.86581333333332,80.86581333333332 -4.082563333333334,80.86521333333333,80.86521333333333 -4.082906666666667,80.86461500000001,80.86461500000001 -4.083261666666667,80.86401666666667,80.86401666666667 -4.083626666666667,80.86341999999999,80.86341999999999 -4.084003333333333,80.86282333333334,80.86282333333334 -4.084386666666667,80.86222500000001,80.86222500000001 -4.0847766666666665,80.86162666666667,80.86162666666667 -4.085170000000001,80.86102666666666,80.86102666666666 -4.085568333333333,80.860425,80.860425 -4.08597,80.85982333333334,80.85982333333334 -4.086368333333334,80.85922000000001,80.85922000000001 -4.0867433333333345,80.858615,80.858615 -4.087086666666665,80.85800833333333,80.85800833333333 -4.0874033333333335,80.85740166666665,80.85740166666665 -4.087703333333334,80.856795,80.856795 -4.087986666666667,80.85618666666666,80.85618666666666 -4.088251666666667,80.85557833333336,80.85557833333336 -4.088506666666667,80.85497166666667,80.85497166666667 -4.088760000000001,80.85436333333334,80.85436333333334 -4.089016666666668,80.853755,80.853755 -4.089278333333334,80.85314666666666,80.85314666666666 -4.089545,80.85253833333333,80.85253833333333 -4.089816666666667,80.85193,80.85193 -4.0901,80.85132166666668,80.85132166666668 -4.090394999999999,80.85071500000001,80.85071500000001 -4.090705,80.85010833333332,80.85010833333332 -4.091021666666666,80.84950000000002,80.84950000000002 -4.0913450000000005,80.84889166666667,80.84889166666667 -4.0916733333333335,80.84828333333334,80.84828333333334 -4.092006666666666,80.84767333333332,80.84767333333332 -4.092341666666667,80.84706333333334,80.84706333333334 -4.092666666666667,80.84645166666665,80.84645166666665 -4.0929850000000005,80.84584,80.84584 -4.093286666666666,80.84522666666668,80.84522666666668 -4.093548333333334,80.84461333333334,80.84461333333334 -4.093746666666667,80.84399666666667,80.84399666666667 -4.093886666666667,80.84337833333333,80.84337833333333 -4.0939716666666675,80.84275833333332,80.84275833333332 -4.094001666666667,80.84213333333334,80.84213333333334 -4.093984999999999,80.84150666666666,80.84150666666666 -4.093943333333333,80.84087999999998,80.84087999999998 -4.093889999999999,80.84025,80.84025 -4.093841666666667,80.83961833333333,80.83961833333333 -4.093803333333333,80.83898666666667,80.83898666666667 -4.093773333333333,80.83835166666667,80.83835166666667 -4.093746666666667,80.83771666666667,80.83771666666667 -4.093725,80.83707666666666,80.83707666666666 -4.093701666666666,80.83643500000001,80.83643500000001 -4.0936699999999995,80.83579,80.83579 -4.093628333333333,80.83514000000001,80.83514000000001 -4.093576666666666,80.834485,80.834485 -4.093511666666666,80.83382833333334,80.83382833333334 -4.093428333333334,80.83316666666666,80.83316666666666 -4.093326666666667,80.83250333333335,80.83250333333335 -4.093215,80.83183666666667,80.83183666666667 -4.093096666666666,80.83116666666666,80.83116666666666 -4.092973333333333,80.83049333333332,80.83049333333332 -4.092848333333333,80.82981833333332,80.82981833333332 -4.092731666666667,80.82914,80.82914 -4.092633333333334,80.82845833333334,80.82845833333334 -4.092558333333333,80.82777500000002,80.82777500000002 -4.092513333333333,80.82708833333332,80.82708833333332 -4.0924966666666664,80.82639833333332,80.82639833333332 -4.092503333333334,80.82570833333332,80.82570833333332 -4.092511666666668,80.82501333333333,80.82501333333333 -4.092516666666667,80.82431833333334,80.82431833333334 -4.092508333333334,80.82362166666667,80.82362166666667 -4.092483333333333,80.82292500000001,80.82292500000001 -4.092431666666666,80.822225,80.822225 -4.092336666666666,80.821525,80.821525 -4.092203333333334,80.82082666666668,80.82082666666668 -4.0920466666666675,80.820125,80.820125 -4.091873333333334,80.819425,80.819425 -4.091685000000001,80.81872333333334,80.81872333333334 -4.0914866666666665,80.81802166666667,80.81802166666667 -4.091286666666666,80.81732,80.81732 -4.09109,80.81661666666666,80.81661666666666 -4.090896666666667,80.81591333333333,80.81591333333333 -4.090705,80.81520833333333,80.81520833333333 -4.0905249999999995,80.814505,80.814505 -4.09036,80.8138,80.8138 -4.090203333333332,80.81309333333334,80.81309333333334 -4.0900533333333335,80.81238666666667,80.81238666666667 -4.08991,80.81168000000001,80.81168000000001 -4.089781666666668,80.81097333333335,80.81097333333335 -4.089668333333333,80.81026333333331,80.81026333333331 -4.089565,80.80955499999999,80.80955499999999 -4.08948,80.808845,80.808845 -4.089415,80.80813500000001,80.80813500000001 -4.08936,80.807425,80.807425 -4.089311666666667,80.80671333333332,80.80671333333332 -4.089275,80.80600166666666,80.80600166666666 -4.089251666666666,80.80529000000001,80.80529000000001 -4.089241666666666,80.80457666666665,80.80457666666665 -4.089243333333333,80.803865,80.803865 -4.0892599999999995,80.80315166666665,80.80315166666665 -4.089291666666667,80.80243833333334,80.80243833333334 -4.089331666666667,80.80172666666667,80.80172666666667 -4.089378333333334,80.80101333333334,80.80101333333334 -4.089436666666667,80.80030000000001,80.80030000000001 -4.089504999999999,80.79958833333333,80.79958833333333 -4.089578333333334,80.79887666666667,80.79887666666667 -4.0896566666666665,80.798165,80.798165 -4.089741666666667,80.79745500000001,80.79745500000001 -4.089833333333333,80.796745,80.796745 -4.089931666666667,80.79603666666667,80.79603666666667 -4.090036666666666,80.79532833333332,80.79532833333332 -4.090151666666667,80.79462166666669,80.79462166666669 -4.090276666666667,80.79391666666666,80.79391666666666 -4.090411666666667,80.79321333333336,80.79321333333336 -4.090558333333333,80.79251166666666,80.79251166666666 -4.090714999999999,80.79181000000001,80.79181000000001 -4.090878333333333,80.79111,80.79111 -4.091043333333333,80.79041166666666,80.79041166666666 -4.0912033333333335,80.78971499999999,80.78971499999999 -4.091365000000001,80.78902,80.78902 -4.091545,80.788325,80.788325 -4.091758333333332,80.78763166666666,80.78763166666666 -4.0920266666666665,80.78693833333332,80.78693833333332 -4.09237,80.78624666666666,80.78624666666666 -4.092811666666666,80.785555,80.785555 -4.093366666666667,80.78486666666666,80.78486666666666 -4.094041666666667,80.78417999999999,80.78417999999999 -4.094849999999999,80.78349499999999,80.78349499999999 -4.095796666666666,80.78281333333332,80.78281333333332 -4.09688,80.78213666666667,80.78213666666667 -4.098101666666667,80.78146333333333,80.78146333333333 -4.0994633333333335,80.78079333333332,80.78079333333332 -4.100955,80.78012999999999,80.78012999999999 -4.102575,80.77947333333334,80.77947333333334 -4.104325,80.77882333333332,80.77882333333332 -4.106201666666667,80.77818,80.77818 -4.108201666666667,80.777545,80.777545 -4.110323333333333,80.77691666666666,80.77691666666666 -4.112561666666666,80.77629833333333,80.77629833333333 -4.114908333333334,80.77569,80.77569 -4.117361666666667,80.77508999999999,80.77508999999999 -4.119923333333333,80.77450000000002,80.77450000000002 -4.122588333333334,80.77392166666667,80.77392166666667 -4.125358333333334,80.77335500000001,80.77335500000001 -4.1282266666666665,80.77279833333333,80.77279833333333 -4.131188333333334,80.772255,80.772255 -4.1342366666666654,80.77172333333333,80.77172333333333 -4.137370000000001,80.77120333333333,80.77120333333333 -4.140586666666667,80.77069333333334,80.77069333333334 -4.1438733333333335,80.77019666666668,80.77019666666668 -4.147221666666668,80.76970833333334,80.76970833333334 -4.15061,80.76922833333332,80.76922833333332 -4.154023333333333,80.76875166666667,80.76875166666667 -4.157446666666667,80.76827666666667,80.76827666666667 -4.160868333333333,80.76780500000001,80.76780500000001 -4.164276666666667,80.76733166666666,80.76733166666666 -4.1676616666666675,80.76685666666667,80.76685666666667 -4.171015000000001,80.76638,80.76638 -4.174333333333332,80.76589833333334,80.76589833333334 -4.17762,80.76541166666665,80.76541166666665 -4.180896666666666,80.76492666666667,80.76492666666667 -4.184173333333335,80.76444,80.76444 -4.187453333333334,80.76395333333333,80.76395333333333 -4.190748333333334,80.76346833333335,80.76346833333335 -4.194066666666666,80.76298666666666,80.76298666666666 -4.1974100000000005,80.76250833333333,80.76250833333333 -4.200774999999999,80.76203333333332,80.76203333333332 -4.204153333333332,80.76155833333334,80.76155833333334 -4.207543333333334,80.76108333333333,80.76108333333333 -4.210943333333334,80.76061,80.76061 -4.214343333333333,80.76013499999999,80.76013499999999 -4.217736666666666,80.75965666666666,80.75965666666666 -4.221116666666667,80.75917666666666,80.75917666666666 -4.2244850000000005,80.75869166666666,80.75869166666666 -4.227836666666668,80.75820666666668,80.75820666666668 -4.231171666666666,80.75771666666665,80.75771666666665 -4.234488333333333,80.757225,80.757225 -4.237786666666667,80.75673333333334,80.75673333333334 -4.241066666666667,80.75623833333334,80.75623833333334 -4.24433,80.75574333333333,80.75574333333333 -4.247583333333334,80.75524833333333,80.75524833333333 -4.250835,80.75475666666667,80.75475666666667 -4.254086666666667,80.75426500000002,80.75426500000002 -4.257333333333333,80.75377499999999,80.75377499999999 -4.260578333333334,80.75328666666667,80.75328666666667 -4.263818333333334,80.75279833333333,80.75279833333333 -4.2670449999999995,80.75230833333333,80.75230833333333 -4.270256666666667,80.75181666666668,80.75181666666668 -4.273455,80.75132333333333,80.75132333333333 -4.276643333333333,80.75082833333333,80.75082833333333 -4.279825,80.75033166666667,80.75033166666667 -4.2829983333333335,80.74983333333333,80.74983333333333 -4.286169999999999,80.749335,80.749335 -4.289343333333332,80.74883499999999,80.74883499999999 -4.2925216666666675,80.74833666666667,80.74833666666667 -4.295703333333333,80.74783666666666,80.74783666666666 -4.298888333333333,80.74733666666667,80.74733666666667 -4.302076666666666,80.74683666666668,80.74683666666668 -4.3052649999999995,80.74633833333334,80.74633833333334 -4.308456666666667,80.74583833333332,80.74583833333332 -4.311649999999999,80.74534,80.74534 -4.31485,80.74484333333334,80.74484333333334 -4.318053333333332,80.744345,80.744345 -4.321258333333334,80.74384833333333,80.74384833333333 -4.324465,80.74335166666667,80.74335166666667 -4.327678333333334,80.74285499999999,80.74285499999999 -4.330891666666666,80.74235833333333,80.74235833333333 -4.334105,80.74186166666667,80.74186166666667 -4.337315,80.74136333333333,80.74136333333333 -4.34052,80.74086333333334,80.74086333333334 -4.3437166666666664,80.74036333333335,80.74036333333335 -4.3469016666666676,80.73986000000001,80.73986000000001 -4.350079999999999,80.739355,80.739355 -4.353254999999999,80.73885,80.73885 -4.356425,80.738345,80.738345 -4.359591666666666,80.73784,80.73784 -4.362751666666667,80.73733666666666,80.73733666666666 -4.365911666666667,80.73683333333332,80.73683333333332 -4.369068333333333,80.73633333333333,80.73633333333333 -4.37222,80.73583333333332,80.73583333333332 -4.375365,80.73533666666667,80.73533666666667 -4.37851,80.73484,80.73484 -4.381656666666667,80.73434833333334,80.73434833333334 -4.384806666666666,80.73385833333333,80.73385833333333 -4.387953333333333,80.73336833333333,80.73336833333333 -4.391101666666667,80.73288000000001,80.73288000000001 -4.394251666666667,80.73239333333333,80.73239333333333 -4.397401666666666,80.73190666666666,80.73190666666666 -4.400548333333333,80.73142,80.73142 -4.403696666666666,80.73093666666668,80.73093666666668 -4.4068483333333335,80.73045333333333,80.73045333333333 -4.409998333333334,80.72997333333333,80.72997333333333 -4.413146666666666,80.72949333333334,80.72949333333334 -4.416293333333333,80.72901333333331,80.72901333333331 -4.419436666666666,80.72853833333333,80.72853833333333 -4.422571666666667,80.72806166666666,80.72806166666666 -4.425693333333334,80.72758666666668,80.72758666666668 -4.4288050000000005,80.72711333333334,80.72711333333334 -4.4319049999999995,80.72664,80.72664 -4.43499,80.72616666666666,80.72616666666666 -4.438061666666667,80.72569166666668,80.72569166666668 -4.44113,80.72521833333333,80.72521833333333 -4.444198333333333,80.72474666666668,80.72474666666668 -4.447266666666668,80.72427333333333,80.72427333333333 -4.450336666666667,80.72380166666666,80.72380166666666 -4.453408333333334,80.72332833333334,80.72332833333334 -4.456471666666667,80.722855,80.722855 -4.459528333333334,80.72238000000002,80.72238000000002 -4.462581666666668,80.721905,80.721905 -4.465636666666667,80.72143,80.72143 -4.468691666666667,80.72095666666667,80.72095666666667 -4.471748333333333,80.72048166666666,80.72048166666666 -4.474805,80.72001,80.72001 -4.477860000000001,80.71953833333335,80.71953833333335 -4.480908333333334,80.719065,80.719065 -4.483953333333333,80.71859333333333,80.71859333333333 -4.487,80.71812166666668,80.71812166666668 -4.490048333333333,80.71764999999999,80.71764999999999 -4.4931,80.71717833333334,80.71717833333334 -4.496155,80.71670666666667,80.71670666666667 -4.499218333333333,80.71623666666665,80.71623666666665 -4.50229,80.71576499999999,80.71576499999999 -4.505365,80.71529166666667,80.71529166666667 -4.508445,80.71481833333334,80.71481833333334 -4.511523333333333,80.71434333333333,80.71434333333333 -4.514598333333334,80.713865,80.713865 -4.517661666666667,80.713385,80.713385 -4.520708333333333,80.71290166666667,80.71290166666667 -4.523743333333333,80.71241666666666,80.71241666666666 -4.526771666666666,80.71193166666667,80.71193166666667 -4.529794999999999,80.71144666666666,80.71144666666666 -4.532808333333333,80.71096166666666,80.71096166666666 -4.535813333333333,80.71047499999999,80.71047499999999 -4.538811666666668,80.70999,80.70999 -4.5417983333333325,80.70950333333333,80.70950333333333 -4.544765,80.70901666666667,80.70901666666667 -4.547715,80.70853,80.70853 -4.550658333333332,80.70804166666666,80.70804166666666 -4.553593333333334,80.707555,80.707555 -4.556521666666667,80.70706833333332,80.70706833333332 -4.559443333333333,80.70658333333334,80.70658333333334 -4.562363333333334,80.70609833333333,80.70609833333333 -4.565286666666666,80.70561500000001,80.70561500000001 -4.568215,80.70513166666667,80.70513166666667 -4.571151666666665,80.70464833333335,80.70464833333335 -4.574096666666668,80.70416666666667,80.70416666666667 -4.577053333333333,80.70368333333332,80.70368333333332 -4.580015,80.7032,80.7032 -4.582981666666667,80.70271666666666,80.70271666666666 -4.585951666666666,80.70223166666668,80.70223166666668 -4.588926666666667,80.70174666666666,80.70174666666666 -4.591906666666667,80.70125999999999,80.70125999999999 -4.594886666666666,80.70077333333333,80.70077333333333 -4.5978683333333334,80.70028666666668,80.70028666666668 -4.600851666666666,80.69979833333332,80.69979833333332 -4.603834999999999,80.69930833333333,80.69930833333333 -4.606816666666667,80.69881833333334,80.69881833333334 -4.609796666666667,80.69832500000001,80.69832500000001 -4.612776666666666,80.69783333333334,80.69783333333334 -4.615753333333333,80.69734,80.69734 -4.618728333333333,80.69684333333332,80.69684333333332 -4.621700000000001,80.69634833333332,80.69634833333332 -4.624671666666667,80.69585000000001,80.69585000000001 -4.627639999999999,80.69535166666665,80.69535166666665 -4.630608333333333,80.69485166666666,80.69485166666666 -4.63358,80.69435166666668,80.69435166666668 -4.636548333333334,80.69385000000001,80.69385000000001 -4.63952,80.69334666666667,80.69334666666667 -4.642495,80.69284333333333,80.69284333333333 -4.645476666666666,80.69233999999999,80.69233999999999 -4.648465,80.69183833333334,80.69183833333334 -4.651460000000001,80.691335,80.691335 -4.654466666666666,80.69083333333334,80.69083333333334 -4.657483333333333,80.69033166666667,80.69033166666667 -4.660511666666667,80.68983333333333,80.68983333333333 -4.66355,80.68933333333334,80.68933333333334 -4.666594999999999,80.68883500000001,80.68883500000001 -4.669648333333333,80.68833833333333,80.68833833333333 -4.67271,80.68784166666667,80.68784166666667 -4.6757816666666665,80.68734666666667,80.68734666666667 -4.678863333333333,80.68685333333332,80.68685333333332 -4.681955,80.68636166666667,80.68636166666667 -4.685056666666666,80.68587166666667,80.68587166666667 -4.6881666666666675,80.68538166666667,80.68538166666667 -4.691285,80.68489333333335,80.68489333333335 -4.694413333333334,80.68440666666667,80.68440666666667 -4.697548333333333,80.68392,80.68392 -4.700684999999999,80.68343333333334,80.68343333333334 -4.7038150000000005,80.68294666666667,80.68294666666667 -4.7069366666666665,80.68245666666667,80.68245666666667 -4.710048333333333,80.68196666666665,80.68196666666665 -4.713146666666666,80.68147166666667,80.68147166666667 -4.7162283333333335,80.680975,80.680975 -4.719296666666667,80.68047499999999,80.68047499999999 -4.7223500000000005,80.67997333333334,80.67997333333334 -4.725388333333334,80.67946833333333,80.67946833333333 -4.728415,80.67896,80.67896 -4.7314316666666665,80.67845000000001,80.67845000000001 -4.73444,80.67793666666667,80.67793666666667 -4.737443333333332,80.67742333333332,80.67742333333332 -4.740441666666666,80.67690833333333,80.67690833333333 -4.743446666666667,80.67639333333332,80.67639333333332 -4.746464999999999,80.67587833333334,80.67587833333334 -4.749498333333333,80.67536666666666,80.67536666666666 -4.752555000000001,80.674855,80.674855 -4.755635000000001,80.67434833333333,80.67434833333333 -4.758736666666667,80.673845,80.673845 -4.7618566666666675,80.67334333333332,80.67334333333332 -4.764991666666666,80.67284666666666,80.67284666666666 -4.768141666666667,80.67235166666666,80.67235166666666 -4.771308333333334,80.67186166666669,80.67186166666669 -4.774488333333332,80.67137333333332,80.67137333333332 -4.77768,80.67088833333334,80.67088833333334 -4.780888333333333,80.67040666666666,80.67040666666666 -4.784108333333333,80.66992833333333,80.66992833333333 -4.787341666666667,80.669455,80.669455 -4.790584999999999,80.668985,80.668985 -4.79383,80.66851666666668,80.66851666666668 -4.797075,80.66805166666666,80.66805166666666 -4.800323333333333,80.66758833333334,80.66758833333334 -4.803581666666666,80.66713,80.66713 -4.806846666666667,80.66667500000001,80.66667500000001 -4.810115,80.66622166666666,80.66622166666666 -4.81339,80.66577500000001,80.66577500000001 -4.816671666666666,80.66533,80.66533 -4.819958333333333,80.66489,80.66489 -4.823248333333333,80.66445333333331,80.66445333333331 -4.826538333333334,80.66401833333333,80.66401833333333 -4.829825,80.663585,80.663585 -4.83311,80.66315333333333,80.66315333333333 -4.8363933333333335,80.66272333333333,80.66272333333333 -4.839671666666666,80.66229333333335,80.66229333333335 -4.842945000000001,80.661865,80.661865 -4.846213333333334,80.661435,80.661435 -4.849476666666666,80.66100666666667,80.66100666666667 -4.852735,80.66057666666669,80.66057666666669 -4.855988333333333,80.66014833333334,80.66014833333334 -4.859238333333334,80.65972,80.65972 -4.8624849999999995,80.65929,80.65929 -4.865731666666667,80.65886000000002,80.65886000000002 -4.868975000000001,80.65843000000001,80.65843000000001 -4.872218333333333,80.65799833333334,80.65799833333334 -4.875463333333333,80.65756833333334,80.65756833333334 -4.878713333333334,80.65713666666667,80.65713666666667 -4.881965,80.65670666666666,80.65670666666666 -4.8852183333333326,80.65627500000001,80.65627500000001 -4.888476666666667,80.65584333333334,80.65584333333334 -4.891745000000001,80.65541333333333,80.65541333333333 -4.895029999999999,80.654985,80.654985 -4.898323333333333,80.65455666666668,80.65455666666668 -4.901625000000001,80.65412833333333,80.65412833333333 -4.904936666666667,80.65370166666668,80.65370166666668 -4.90826,80.653275,80.653275 -4.911593333333333,80.65284833333334,80.65284833333334 -4.914936666666668,80.65242333333335,80.65242333333335 -4.918291666666667,80.65199666666668,80.65199666666668 -4.921656666666666,80.65157333333335,80.65157333333335 -4.925035,80.65115000000002,80.65115000000002 -4.928426666666667,80.65072833333335,80.65072833333335 -4.931825,80.65030499999999,80.65030499999999 -4.935215,80.64988,80.64988 -4.938595,80.64944999999999,80.64944999999999 -4.94196,80.64901833333333,80.64901833333333 -4.945305,80.64858333333333,80.64858333333333 -4.948621666666667,80.64814166666667,80.64814166666667 -4.951908333333334,80.64769500000001,80.64769500000001 -4.955166666666667,80.64724500000001,80.64724500000001 -4.958401666666666,80.64679000000001,80.64679000000001 -4.961613333333333,80.64633,80.64633 -4.964801666666666,80.64586666666668,80.64586666666668 -4.96797,80.64539833333332,80.64539833333332 -4.971119999999999,80.64492666666666,80.64492666666666 -4.974251666666667,80.64445166666665,80.64445166666665 -4.977366666666668,80.64397333333332,80.64397333333332 -4.980465,80.64349166666666,80.64349166666666 -4.983548333333333,80.64300666666665,80.64300666666665 -4.986610000000001,80.64251833333333,80.64251833333333 -4.989648333333333,80.64202333333331,80.64202333333331 -4.992663333333333,80.64152500000002,80.64152500000002 -4.995653333333333,80.64102166666667,80.64102166666667 -4.998611666666666,80.64051333333335,80.64051333333335 -5.0015366666666665,80.63999833333334,80.63999833333334 -5.004428333333333,80.63947666666667,80.63947666666667 -5.0072849999999995,80.63895,80.63895 -5.010108333333332,80.63841666666666,80.63841666666666 -5.012895000000001,80.63787666666667,80.63787666666667 -5.015646666666667,80.63733166666665,80.63733166666665 -5.018365,80.63678,80.63678 -5.021051666666667,80.63622499999998,80.63622499999998 -5.023715,80.635665,80.635665 -5.026355,80.63510166666667,80.63510166666667 -5.028966666666667,80.63453500000001,80.63453500000001 -5.031546666666666,80.633965,80.633965 -5.034088333333333,80.63339166666665,80.63339166666665 -5.0365850000000005,80.63281333333333,80.63281333333333 -5.039031666666667,80.63223,80.63223 -5.041428333333333,80.63164333333333,80.63164333333333 -5.043776666666666,80.63105166666666,80.63105166666666 -5.046071666666667,80.63045666666667,80.63045666666667 -5.04831,80.62985666666667,80.62985666666667 -5.0504983333333335,80.62925499999999,80.62925499999999 -5.052631666666667,80.62864833333333,80.62864833333333 -5.054705000000001,80.62803666666667,80.62803666666667 -5.056719999999999,80.62742166666666,80.62742166666666 -5.058676666666666,80.62680166666667,80.62680166666667 -5.060575,80.62617833333334,80.62617833333334 -5.062413333333334,80.62555,80.62555 -5.064201666666667,80.62491666666666,80.62491666666666 -5.065943333333333,80.62428166666668,80.62428166666668 -5.067648333333333,80.62364333333332,80.62364333333332 -5.06931,80.623,80.623 -5.070928333333333,80.62235333333334,80.62235333333334 -5.072506666666666,80.62170333333334,80.62170333333334 -5.0740516666666675,80.62105,80.62105 -5.075566666666666,80.62039333333334,80.62039333333334 -5.077041666666666,80.61973333333334,80.61973333333334 -5.078485,80.61907166666667,80.61907166666667 -5.079901666666666,80.61840666666666,80.61840666666666 -5.081291666666667,80.61774,80.61774 -5.082648333333333,80.61707000000001,80.61707000000001 -5.083976666666666,80.61639666666667,80.61639666666667 -5.085281666666666,80.61572333333334,80.61572333333334 -5.086563333333333,80.61504833333333,80.61504833333333 -5.087815,80.61437166666667,80.61437166666667 -5.089041666666667,80.613695,80.613695 -5.090255000000001,80.61301666666668,80.61301666666668 -5.091455,80.61233833333335,80.61233833333335 -5.092641666666666,80.61166,80.61166 -5.093814999999999,80.61098166666667,80.61098166666667 -5.094983333333333,80.61030500000001,80.61030500000001 -5.096148333333333,80.60962833333332,80.60962833333332 -5.097305,80.60895166666666,80.60895166666666 -5.098458333333333,80.60827666666668,80.60827666666668 -5.099609999999999,80.60760333333332,80.60760333333332 -5.100763333333333,80.60693166666667,80.60693166666667 -5.101916666666668,80.60626000000002,80.60626000000002 -5.103069999999999,80.60559166666667,80.60559166666667 -5.104223333333334,80.60492333333333,80.60492333333333 -5.105378333333334,80.60425666666667,80.60425666666667 -5.106531666666667,80.60359166666667,80.60359166666667 -5.107683333333333,80.60292833333332,80.60292833333332 -5.108836666666667,80.60226500000002,80.60226500000002 -5.109991666666667,80.60160333333333,80.60160333333333 -5.1111433333333345,80.60094333333335,80.60094333333335 -5.112293333333333,80.60028333333332,80.60028333333332 -5.1134450000000005,80.59962333333334,80.59962333333334 -5.114603333333332,80.598965,80.598965 -5.115768333333334,80.59830666666667,80.59830666666667 -5.116933333333334,80.59764833333332,80.59764833333332 -5.118099999999999,80.59698999999999,80.59698999999999 -5.119276666666668,80.59633166666667,80.59633166666667 -5.120458333333334,80.59567333333334,80.59567333333334 -5.121643333333334,80.595015,80.595015 -5.1228333333333325,80.59435666666666,80.59435666666666 -5.124028333333334,80.59369833333332,80.59369833333332 -5.125226666666666,80.59303833333334,80.59303833333334 -5.126423333333332,80.59238,80.59238 -5.127619999999999,80.59172333333332,80.59172333333332 -5.1288383333333325,80.59107,80.59107 -5.130111666666666,80.59042166666667,80.59042166666667 -5.131444999999999,80.58978,80.58978 -5.132843333333333,80.589145,80.589145 -5.134334999999999,80.58851999999999,80.58851999999999 -5.135936666666667,80.58790833333333,80.58790833333333 -5.1376366666666655,80.58730666666666,80.58730666666666 -5.139413333333334,80.58671833333332,80.58671833333332 -5.1412700000000005,80.58614166666668,80.58614166666668 -5.143208333333333,80.58557666666668,80.58557666666668 -5.145223333333333,80.58502333333333,80.58502333333333 -5.1472999999999995,80.58448000000001,80.58448000000001 -5.149446666666666,80.58394833333334,80.58394833333334 -5.151668333333334,80.58342666666668,80.58342666666668 -5.1539616666666666,80.582915,80.582915 -5.156331666666667,80.58241500000001,80.58241500000001 -5.15878,80.58192833333332,80.58192833333332 -5.161306666666667,80.58144999999999,80.58144999999999 -5.163911666666667,80.58098333333334,80.58098333333334 -5.16659,80.58052666666669,80.58052666666669 -5.169345000000001,80.58007833333332,80.58007833333332 -5.17217,80.57964333333334,80.57964333333334 -5.175061666666665,80.57921666666665,80.57921666666665 -5.1780116666666665,80.5788,80.5788 -5.181018333333333,80.57839333333334,80.57839333333334 -5.184076666666666,80.57799666666665,80.57799666666665 -5.187186666666667,80.57760833333333,80.57760833333333 -5.190345000000001,80.57722833333334,80.57722833333334 -5.193548333333333,80.57685833333333,80.57685833333333 -5.196793333333332,80.57649666666666,80.57649666666666 -5.200083333333334,80.576145,80.576145 -5.203415,80.57580166666668,80.57580166666668 -5.206783333333334,80.57546666666667,80.57546666666667 -5.210190000000001,80.57514,80.57514 -5.213641666666666,80.57482333333336,80.57482333333336 -5.217135,80.57451833333334,80.57451833333334 -5.220666666666667,80.57422166666666,80.57422166666666 -5.224236666666666,80.57393499999999,80.57393499999999 -5.227845,80.57365833333333,80.57365833333333 -5.231494999999999,80.573395,80.573395 -5.2351833333333335,80.57314333333333,80.57314333333333 -5.238916666666668,80.57290666666667,80.57290666666667 -5.242688333333334,80.57268333333333,80.57268333333333 -5.246493333333333,80.572475,80.572475 -5.250333333333333,80.57228166666665,80.57228166666665 -5.25421,80.572105,80.572105 -5.258125,80.57194500000001,80.57194500000001 -5.262084999999999,80.57180833333334,80.57180833333334 -5.266094999999999,80.57169833333333,80.57169833333333 -5.27016,80.57162000000001,80.57162000000001 -5.274273333333334,80.57157833333335,80.57157833333335 -5.278421666666666,80.57157166666666,80.57157166666666 -5.282588333333333,80.57160499999999,80.57160499999999 -5.286753333333333,80.57168,80.57168 -5.290896666666667,80.57179666666666,80.57179666666666 -5.295005,80.57195,80.57195 -5.299073333333333,80.57213499999999,80.57213499999999 -5.303093333333333,80.57235833333334,80.57235833333334 -5.307056666666667,80.57261666666666,80.57261666666666 -5.310956666666667,80.57291,80.57291 -5.314780000000001,80.57324166666668,80.57324166666668 -5.318503333333333,80.57361333333333,80.57361333333333 -5.322115,80.57402166666667,80.57402166666667 -5.325611666666667,80.574465,80.574465 -5.32899,80.57494166666667,80.57494166666667 -5.332246666666666,80.57544833333334,80.57544833333334 -5.335358333333333,80.57598833333333,80.57598833333333 -5.338298333333333,80.57656333333331,80.57656333333331 -5.3410600000000015,80.57717,80.57717 -5.343635,80.577805,80.577805 -5.3459933333333325,80.57846833333333,80.57846833333333 -5.348155000000001,80.57915166666668,80.57915166666668 -5.350133333333334,80.57985500000001,80.57985500000001 -5.351906666666668,80.58057666666667,80.58057666666667 -5.3534483333333345,80.58131499999999,80.58131499999999 -5.354781666666666,80.58206333333334,80.58206333333334 -5.35592,80.58282166666667,80.58282166666667 -5.356861666666666,80.58358833333334,80.58358833333334 -5.357609999999999,80.58436,80.58436 -5.358163333333333,80.58513833333333,80.58513833333333 -5.358531666666666,80.58591833333334,80.58591833333334 -5.35873,80.58670166666668,80.58670166666668 -5.358751666666666,80.58748833333335,80.58748833333335 -5.3585866666666675,80.588275,80.588275 -5.358228333333333,80.58906,80.58906 -5.357681666666667,80.58984499999998,80.58984499999998 -5.356951666666667,80.59062833333333,80.59062833333333 -5.3560333333333325,80.59140666666667,80.59140666666667 -5.354923333333333,80.59218000000001,80.59218000000001 -5.353626666666666,80.59294666666666,80.59294666666666 -5.352151666666667,80.593705,80.593705 -5.3504966666666665,80.59445333333333,80.59445333333333 -5.348663333333333,80.59519166666668,80.59519166666668 -5.346656666666667,80.59591666666667,80.59591666666667 -5.344481666666667,80.59662666666665,80.59662666666665 -5.3421433333333335,80.59732333333334,80.59732333333334 -5.339643333333333,80.59800166666666,80.59800166666666 -5.336986666666667,80.59866333333332,80.59866333333332 -5.334185000000001,80.59930666666666,80.59930666666666 -5.331245,80.59992999999999,80.59992999999999 -5.328178333333333,80.600535,80.600535 -5.324990000000001,80.60112000000001,80.60112000000001 -5.3216883333333325,80.601685,80.601685 -5.3182800000000015,80.60222999999998,80.60222999999998 -5.314776666666668,80.60275666666666,80.60275666666666 -5.311179999999999,80.60326166666667,80.60326166666667 -5.307491666666666,80.60374833333334,80.60374833333334 -5.303716666666666,80.60421333333333,80.60421333333333 -5.299858333333332,80.60465833333332,80.60465833333332 -5.2959216666666675,80.60508166666668,80.60508166666668 -5.291905000000001,80.60548333333332,80.60548333333332 -5.287815,80.60586166666667,80.60586166666667 -5.283653333333332,80.60622,80.60622 -5.279423333333333,80.60655333333334,80.60655333333334 -5.275129999999999,80.60686333333334,80.60686333333334 -5.270781666666666,80.60714999999999,80.60714999999999 -5.2663850000000005,80.60741500000002,80.60741500000002 -5.261943333333334,80.60765833333332,80.60765833333332 -5.257465000000001,80.60787833333333,80.60787833333333 -5.252953333333332,80.60807666666666,80.60807666666666 -5.2484133333333345,80.60825833333332,80.60825833333332 -5.243855,80.60842333333333,80.60842333333333 -5.239278333333335,80.60857833333333,80.60857833333333 -5.234693333333333,80.60872499999999,80.60872499999999 -5.230101666666667,80.60886833333335,80.60886833333335 -5.225503333333334,80.60901000000001,80.60901000000001 -5.220904999999998,80.60914999999999,80.60914999999999 -5.216308333333335,80.609295,80.609295 -5.211716666666666,80.60944500000001,80.60944500000001 -5.20713,80.60960166666668,80.60960166666668 -5.2025516666666665,80.60976833333335,80.60976833333335 -5.19798,80.609945,80.609945 -5.193418333333333,80.61013166666666,80.61013166666666 -5.188868333333334,80.61033166666665,80.61033166666665 -5.184333333333333,80.610545,80.610545 -5.179813333333334,80.61077166666668,80.61077166666668 -5.175306666666666,80.61101000000001,80.61101000000001 -5.170813333333333,80.61125666666666,80.61125666666666 -5.166329999999999,80.61151166666666,80.61151166666666 -5.161849999999999,80.61176999999998,80.61176999999998 -5.1573683333333324,80.61202833333333,80.61202833333333 -5.152884999999999,80.61228833333334,80.61228833333334 -5.1483983333333345,80.612545,80.612545 -5.143906666666667,80.61280166666667,80.61280166666667 -5.139408333333335,80.613055,80.613055 -5.134901666666667,80.61330666666666,80.61330666666666 -5.130383333333333,80.61355166666668,80.61355166666668 -5.125849999999999,80.61379333333332,80.61379333333332 -5.1213083333333325,80.61403000000001,80.61403000000001 -5.11676,80.61426666666667,80.61426666666667 -5.112209999999999,80.61450166666667,80.61450166666667 -5.107666666666666,80.61473833333334,80.61473833333334 -5.103126666666666,80.61497166666666,80.61497166666666 -5.098588333333334,80.61520333333334,80.61520333333334 -5.094055,80.61543499999999,80.61543499999999 -5.089526666666666,80.615665,80.615665 -5.085005,80.61589333333333,80.61589333333333 -5.08049,80.61612,80.61612 -5.075981666666666,80.61634166666667,80.61634166666667 -5.071481666666666,80.61656166666666,80.61656166666666 -5.066988333333333,80.61677833333334,80.61677833333334 -5.062505,80.61699333333333,80.61699333333333 -5.0580300000000005,80.61720833333335,80.61720833333335 -5.053566666666667,80.61742333333332,80.61742333333332 -5.049115000000001,80.61763833333333,80.61763833333333 -5.044676666666668,80.61785666666665,80.61785666666665 -5.040255,80.61807666666667,80.61807666666667 -5.03585,80.61829833333331,80.61829833333331 -5.031456666666667,80.61852333333331,80.61852333333331 -5.027075000000001,80.61875,80.61875 -5.022701666666666,80.61897666666667,80.61897666666667 -5.018336666666666,80.61920333333333,80.61920333333333 -5.013976666666666,80.61943,80.61943 -5.009623333333333,80.61965666666666,80.61965666666666 -5.005273333333333,80.61988333333335,80.61988333333335 -5.000929999999999,80.62011166666667,80.62011166666667 -4.996591666666666,80.62033833333334,80.62033833333334 -4.992258333333334,80.620565,80.620565 -4.987928333333333,80.62079,80.62079 -4.983603333333334,80.621015,80.621015 -4.979276666666666,80.62124,80.62124 -4.974951666666666,80.62146166666668,80.62146166666668 -4.970621666666667,80.62168166666666,80.62168166666666 -4.966288333333334,80.62189833333332,80.62189833333332 -4.96195,80.622115,80.622115 -4.95761,80.62232833333336,80.62232833333336 -4.953266666666668,80.62253833333332,80.62253833333332 -4.948923333333334,80.62274833333333,80.62274833333333 -4.944581666666666,80.62295833333333,80.62295833333333 -4.940241666666666,80.62316666666668,80.62316666666668 -4.93591,80.62337666666667,80.62337666666667 -4.931588333333333,80.62358499999999,80.62358499999999 -4.927278333333333,80.62379666666668,80.62379666666668 -4.922978333333333,80.62400833333332,80.62400833333332 -4.918688333333335,80.62422166666667,80.62422166666667 -4.914408333333334,80.62443666666667,80.62443666666667 -4.910138333333332,80.62465333333333,80.62465333333333 -4.905875,80.62487,80.62487 -4.90162,80.62508666666666,80.62508666666666 -4.89737,80.62530333333335,80.62530333333335 -4.8931249999999995,80.62551833333333,80.62551833333333 -4.888886666666666,80.62573499999999,80.62573499999999 -4.8846533333333335,80.62594999999999,80.62594999999999 -4.880425,80.62616333333334,80.62616333333334 -4.8762,80.62637666666667,80.62637666666667 -4.871978333333334,80.62658833333333,80.62658833333333 -4.86776,80.6268,80.6268 -4.863544999999999,80.62700833333334,80.62700833333334 -4.859326666666666,80.62721333333333,80.62721333333333 -4.855105,80.62741166666666,80.62741166666666 -4.850876666666666,80.62760166666666,80.62760166666666 -4.846638333333332,80.62777833333332,80.62777833333332 -4.842393333333334,80.62794333333333,80.62794333333333 -4.838138333333333,80.628095,80.628095 -4.833871666666666,80.62823166666668,80.62823166666668 -4.829593333333333,80.62835333333335,80.62835333333335 -4.825306666666667,80.62846,80.62846 -4.82101,80.62855333333334,80.62855333333334 -4.816705,80.62863,80.62863 -4.812396666666666,80.62869000000002,80.62869000000002 -4.808081666666666,80.62873499999999,80.62873499999999 -4.803766666666667,80.62876500000002,80.62876500000002 -4.799448333333334,80.62878,80.62878 -4.795133333333333,80.62878,80.62878 -4.790815,80.62876833333334,80.62876833333334 -4.786498333333334,80.628745,80.628745 -4.7821783333333325,80.62871166666667,80.62871166666667 -4.777856666666666,80.62867166666666,80.62867166666666 -4.773531666666667,80.62862333333335,80.62862333333335 -4.769205000000001,80.62857000000001,80.62857000000001 -4.764876666666667,80.62851166666665,80.62851166666665 -4.760553333333333,80.62844833333334,80.62844833333334 -4.756241666666668,80.62837999999999,80.62837999999999 -4.751948333333334,80.62830833333334,80.62830833333334 -4.74768,80.628235,80.628235 -4.743433333333334,80.62816000000001,80.62816000000001 -4.739213333333333,80.62808333333334,80.62808333333334 -4.7350216666666665,80.62800499999999,80.62800499999999 -4.730854999999999,80.627925,80.627925 -4.7267133333333335,80.62784333333333,80.62784333333333 -4.722595000000001,80.62775666666667,80.62775666666667 -4.718501666666667,80.62766833333332,80.62766833333332 -4.714425,80.62758,80.62758 -4.710363333333334,80.62749166666667,80.62749166666667 -4.706311666666666,80.627405,80.627405 -4.7022683333333335,80.62732166666666,80.62732166666666 -4.6982333333333335,80.62724166666666,80.62724166666666 -4.694208333333333,80.62716166666668,80.62716166666668 -4.690190000000001,80.62708166666667,80.62708166666667 -4.686173333333333,80.62700333333335,80.62700333333335 -4.682155,80.626925,80.626925 -4.678135,80.62684833333333,80.62684833333333 -4.674113333333333,80.62676833333332,80.62676833333332 -4.670089999999999,80.62668666666667,80.62668666666667 -4.6660683333333335,80.62660333333334,80.62660333333334 -4.662039999999999,80.62651666666667,80.62651666666667 -4.658003333333334,80.62642999999998,80.62642999999998 -4.653953333333333,80.62634333333332,80.62634333333332 -4.649886666666666,80.62625666666666,80.62625666666666 -4.645804999999999,80.62617166666666,80.62617166666666 -4.641706666666668,80.62608666666667,80.62608666666667 -4.637593333333333,80.62600333333333,80.62600333333333 -4.633465,80.62592166666666,80.62592166666666 -4.629321666666667,80.62584166666667,80.62584166666667 -4.625165000000001,80.62576500000002,80.62576500000002 -4.620996666666667,80.62568833333333,80.62568833333333 -4.616816666666667,80.62561333333332,80.62561333333332 -4.612626666666667,80.62554000000002,80.62554000000002 -4.608428333333333,80.625465,80.625465 -4.604221666666667,80.62539000000001,80.62539000000001 -4.600006666666666,80.62531500000001,80.62531500000001 -4.595785,80.62524,80.62524 -4.591555,80.62516166666666,80.62516166666666 -4.587318333333333,80.62508333333334,80.62508333333334 -4.583073333333333,80.62500499999999,80.62500499999999 -4.578823333333333,80.62492333333334,80.62492333333334 -4.574566666666667,80.62484166666667,80.62484166666667 -4.570303333333333,80.62475666666667,80.62475666666667 -4.5660316666666665,80.62467333333333,80.62467333333333 -4.561749999999999,80.62459166666666,80.62459166666666 -4.557456666666667,80.62451,80.62451 -4.553153333333333,80.62442999999999,80.62442999999999 -4.548840000000001,80.62435166666667,80.62435166666667 -4.544516666666667,80.62427500000001,80.62427500000001 -4.540181666666666,80.62420166666666,80.62420166666666 -4.535838333333333,80.62413,80.62413 -4.531483333333333,80.62405833333334,80.62405833333334 -4.527118333333332,80.62398833333333,80.62398833333333 -4.522738333333333,80.62392,80.62392 -4.518343333333333,80.62385666666667,80.62385666666667 -4.51393,80.62379666666668,80.62379666666668 -4.5095,80.62374333333334,80.62374333333334 -4.50505,80.62369666666666,80.62369666666666 -4.500583333333333,80.62365833333334,80.62365833333334 -4.496098333333332,80.62362833333334,80.62362833333334 -4.491596666666665,80.62361,80.62361 -4.487078333333333,80.62360166666667,80.62360166666667 -4.482548333333333,80.62360333333334,80.62360333333334 -4.4780066666666665,80.62361666666668,80.62361666666668 -4.4734533333333335,80.62364333333332,80.62364333333332 -4.468895,80.62368,80.62368 -4.464331666666666,80.62372666666666,80.62372666666666 -4.459766666666666,80.62378499999998,80.62378499999998 -4.455206666666667,80.62385166666665,80.62385166666665 -4.450655,80.62392666666665,80.62392666666665 -4.446111666666667,80.62400833333332,80.62400833333332 -4.4415716666666665,80.62409500000001,80.62409500000001 -4.437033333333334,80.62418833333332,80.62418833333332 -4.432491666666667,80.62428666666666,80.62428666666666 -4.427950000000001,80.62439333333333,80.62439333333333 -4.423408333333333,80.62451,80.62451 -4.418868333333333,80.62463666666666,80.62463666666666 -4.4143333333333326,80.62477666666666,80.62477666666666 -4.409801666666667,80.62492833333334,80.62492833333334 -4.405271666666667,80.62508833333332,80.62508833333332 -4.400743333333334,80.62525666666669,80.62525666666669 -4.396213333333335,80.62543333333333,80.62543333333333 -4.391681666666666,80.62561333333332,80.62561333333332 -4.38715,80.62580166666666,80.62580166666666 -4.382621666666665,80.62599666666667,80.62599666666667 -4.378101666666668,80.62620499999998,80.62620499999998 -4.373598333333334,80.62642666666666,80.62642666666666 -4.369113333333333,80.62666333333333,80.62666333333333 -4.364655,80.62691833333332,80.62691833333332 -4.360223333333334,80.62719000000001,80.62719000000001 -4.355823333333333,80.62747833333333,80.62747833333333 -4.35145,80.62778166666668,80.62778166666668 -4.347104999999999,80.62809833333336,80.62809833333336 -4.342781666666665,80.62842833333335,80.62842833333335 -4.338476666666667,80.62876666666665,80.62876666666665 -4.3341916666666656,80.62911333333332,80.62911333333332 -4.329933333333334,80.62946833333332,80.62946833333332 -4.325699999999999,80.62982666666667,80.62982666666667 -4.3214999999999995,80.63019166666666,80.63019166666666 -4.317334999999999,80.63056166666667,80.63056166666667 -4.313208333333333,80.63093833333333,80.63093833333333 -4.309125000000001,80.63132333333333,80.63132333333333 -4.305081666666666,80.63171833333332,80.63171833333332 -4.301075,80.63212333333333,80.63212333333333 -4.297108333333333,80.63253666666665,80.63253666666665 -4.293178333333334,80.63296000000001,80.63296000000001 -4.289281666666666,80.63339333333334,80.63339333333334 -4.285416666666666,80.63383666666667,80.63383666666667 -4.281573333333333,80.63428833333333,80.63428833333333 -4.277751666666666,80.63474666666667,80.63474666666667 -4.27394,80.63521166666665,80.63521166666665 -4.270138333333334,80.63568333333333,80.63568333333333 -4.266344999999999,80.63616,80.63616 -4.262563333333333,80.63664,80.63664 -4.258801666666666,80.63712499999998,80.63712499999998 -4.255066666666666,80.63761500000001,80.63761500000001 -4.251361666666667,80.63810666666666,80.63810666666666 -4.247694999999999,80.63860333333334,80.63860333333334 -4.244071666666666,80.63910500000001,80.63910500000001 -4.240493333333333,80.63961166666665,80.63961166666665 -4.23695,80.64012166666667,80.64012166666667 -4.233433333333333,80.64063333333334,80.64063333333334 -4.229938333333333,80.64114833333332,80.64114833333332 -4.2264583333333325,80.64166333333333,80.64166333333333 -4.222986666666667,80.64218000000001,80.64218000000001 -4.219518333333333,80.64269666666668,80.64269666666668 -4.216055,80.64321333333335,80.64321333333335 -4.212594999999999,80.64373166666665,80.64373166666665 -4.209136666666667,80.64425,80.64425 -4.205668333333334,80.64476666666667,80.64476666666667 -4.202193333333334,80.64528333333332,80.64528333333332 -4.198711666666667,80.6458,80.6458 -4.195238333333332,80.64631666666668,80.64631666666668 -4.191771666666667,80.64683333333335,80.64683333333335 -4.18831,80.64734833333333,80.64734833333333 -4.184826666666667,80.64786333333333,80.64786333333333 -4.181376666666668,80.64837833333333,80.64837833333333 -4.17794,80.648895,80.648895 -4.174516666666666,80.64941333333333,80.64941333333333 -4.171103333333334,80.64993166666667,80.64993166666667 -4.167705,80.65045,80.65045 -4.16434,80.65097333333334,80.65097333333334 -4.161008333333334,80.6515,80.6515 -4.157719999999999,80.65203333333334,80.65203333333334 -4.154475000000001,80.65257,80.65257 -4.151276666666666,80.65311166666667,80.65311166666667 -4.148126666666666,80.65366,80.65366 -4.145021666666667,80.65421333333333,80.65421333333333 -4.141955,80.65476999999998,80.65476999999998 -4.13892,80.65532999999999,80.65532999999999 -4.135910000000001,80.65589166666666,80.65589166666666 -4.13291,80.65645333333333,80.65645333333333 -4.129919999999999,80.657015,80.657015 -4.1269366666666665,80.65757666666667,80.65757666666667 -4.123968333333333,80.65813833333333,80.65813833333333 -4.1210249999999995,80.65870333333334,80.65870333333334 -4.118116666666667,80.65926999999999,80.65926999999999 -4.115248333333333,80.65984166666667,80.65984166666667 -4.112421666666666,80.66041666666666,80.66041666666666 -4.1096433333333335,80.66099666666666,80.66099666666666 -4.106918333333333,80.66158166666668,80.66158166666668 -4.104265000000001,80.66217333333334,80.66217333333334 -4.101703333333332,80.66277500000001,80.66277500000001 -4.099253333333333,80.663385,80.663385 -4.0969266666666675,80.66400666666667,80.66400666666667 -4.094731666666667,80.66463999999999,80.66463999999999 -4.092675,80.66528166666667,80.66528166666667 -4.090763333333334,80.665935,80.665935 -4.088991666666667,80.66659833333333,80.66659833333333 -4.087363333333334,80.66727166666666,80.66727166666666 -4.085871666666668,80.66795166666668,80.66795166666668 -4.0845166666666675,80.66864166666666,80.66864166666666 -4.0832999999999995,80.66933833333333,80.66933833333333 -4.082213333333334,80.67004,80.67004 -4.081255,80.67074666666667,80.67074666666667 -4.080415,80.67145666666666,80.67145666666666 -4.079681666666667,80.67216666666667,80.67216666666667 -4.079046666666667,80.67287666666665,80.67287666666665 -4.078493333333333,80.67358666666668,80.67358666666668 -4.0779966666666665,80.67429333333332,80.67429333333332 -4.077521666666667,80.67499833333333,80.67499833333333 -4.077055,80.67570166666665,80.67570166666665 -4.076595000000001,80.67640666666667,80.67640666666667 -4.076158333333334,80.67711,80.67711 -4.075756666666666,80.677815,80.677815 -4.07539,80.67852166666665,80.67852166666665 -4.075066666666667,80.67923,80.67923 -4.07479,80.67994000000002,80.67994000000002 -4.074568333333334,80.68065,80.68065 -4.074396666666667,80.68136166666666,80.68136166666666 -4.074243333333334,80.682075,80.682075 -4.0740783333333335,80.68278833333333,80.68278833333333 -4.073883333333333,80.68350499999998,80.68350499999998 -4.073666666666667,80.68422333333334,80.68422333333334 -4.073425,80.684945,80.684945 -4.073163333333333,80.68566833333333,80.68566833333333 -4.072896666666667,80.68639333333334,80.68639333333334 -4.07263,80.68712000000001,80.68712000000001 -4.0723883333333335,80.687845,80.687845 -4.072185,80.68856999999998,80.68856999999998 -4.072028333333334,80.68929499999999,80.68929499999999 -4.0719183333333335,80.69002,80.69002 -4.071853333333333,80.69074333333333,80.69074333333333 -4.07182,80.69146833333332,80.69146833333332 -4.071806666666667,80.69219333333334,80.69219333333334 -4.071803333333333,80.69291833333334,80.69291833333334 -4.071811666666666,80.69364166666666,80.69364166666666 -4.071835,80.69436499999999,80.69436499999999 -4.071873333333334,80.69508833333333,80.69508833333333 -4.0719183333333335,80.69580833333333,80.69580833333333 -4.071966666666666,80.69652666666666,80.69652666666666 -4.072010000000001,80.69724333333333,80.69724333333333 -4.072045,80.69795666666667,80.69795666666667 -4.072064999999999,80.69866999999999,80.69866999999999 -4.0720600000000005,80.69938166666667,80.69938166666667 -4.072033333333333,80.70008999999999,80.70008999999999 -4.0719899999999996,80.70079833333334,80.70079833333334 -4.071935000000001,80.701505,80.701505 -4.071871666666666,80.70221,80.70221 -4.0718016666666665,80.702915,80.702915 -4.071743333333334,80.70361666666666,80.70361666666666 -4.0717083333333335,80.70431666666667,80.70431666666667 -4.071695,80.70501500000002,80.70501500000002 -4.071706666666667,80.70571166666667,80.70571166666667 -4.071745000000001,80.70640666666667,80.70640666666667 -4.071811666666666,80.70710000000001,80.70710000000001 -4.07191,80.70779166666665,80.70779166666665 -4.072033333333333,80.70848166666667,80.70848166666667 -4.072165,80.70917166666665,80.70917166666665 -4.0722933333333335,80.70985833333334,80.70985833333334 -4.072403333333333,80.710545,80.710545 -4.072491666666667,80.71123,80.71123 -4.072558333333334,80.71191333333334,80.71191333333334 -4.072604999999999,80.71259666666667,80.71259666666667 -4.072633333333334,80.71327833333332,80.71327833333332 -4.07264,80.71396,80.71396 -4.0726216666666675,80.71464333333334,80.71464333333334 -4.072586666666667,80.71532666666667,80.71532666666667 -4.072545,80.71601000000001,80.71601000000001 -4.072503333333334,80.71669666666668,80.71669666666668 -4.072464999999999,80.717385,80.717385 -4.0724366666666665,80.71807333333332,80.71807333333332 -4.072423333333333,80.71876499999999,80.71876499999999 -4.072425,80.71945666666667,80.71945666666667 -4.0724366666666665,80.72015166666667,80.72015166666667 -4.07244,80.72084833333332,80.72084833333332 -4.072431666666666,80.72154666666667,80.72154666666667 -4.072413333333334,80.72224666666666,80.72224666666666 -4.072385,80.72295000000001,80.72295000000001 -4.072346666666667,80.72365333333333,80.72365333333333 -4.072298333333333,80.72435833333334,80.72435833333334 -4.072240000000001,80.72506166666668,80.72506166666668 -4.072178333333333,80.72576666666667,80.72576666666667 -4.072115000000001,80.72647,80.72647 -4.0720600000000005,80.72717166666666,80.72717166666666 -4.072025,80.727875,80.727875 -4.072018333333334,80.72857666666667,80.72857666666667 -4.07204,80.72927833333334,80.72927833333334 -4.072086666666666,80.72997833333335,80.72997833333335 -4.0721533333333335,80.73067833333333,80.73067833333333 -4.07223,80.73137833333334,80.73137833333334 -4.072311666666667,80.73207833333332,80.73207833333332 -4.072396666666667,80.73277833333333,80.73277833333333 -4.0724816666666666,80.73347666666668,80.73347666666668 -4.072565,80.73417666666667,80.73417666666667 -4.072641666666667,80.73487666666668,80.73487666666668 -4.072711666666667,80.73557833333332,80.73557833333332 -4.072773333333333,80.73628,80.73628 -4.072826666666666,80.73698333333333,80.73698333333333 -4.072875000000001,80.73768666666666,80.73768666666666 -4.072918333333332,80.73839166666666,80.73839166666666 -4.072965,80.73909666666668,80.73909666666668 -4.07302,80.73980166666668,80.73980166666668 -4.073085,80.74050833333334,80.74050833333334 -4.073160000000001,80.74121666666666,80.74121666666666 -4.073245,80.74192333333333,80.74192333333333 -4.07334,80.74263333333334,80.74263333333334 -4.073445,80.74334333333333,80.74334333333333 -4.073558333333333,80.744055,80.744055 -4.073681666666667,80.74476833333333,80.74476833333333 -4.073813333333333,80.74548333333335,80.74548333333335 -4.07395,80.74619833333333,80.74619833333333 -4.074086666666666,80.74691333333334,80.74691333333334 -4.07422,80.74763,80.74763 -4.074351666666666,80.74834666666668,80.74834666666668 -4.074481666666666,80.74906333333334,80.74906333333334 -4.074601666666665,80.74978166666665,80.74978166666665 -4.074708333333334,80.75050166666666,80.75050166666666 -4.074801666666667,80.75122,80.75122 -4.074883333333333,80.75194,80.75194 -4.074954999999999,80.75265999999999,80.75265999999999 -4.0750150000000005,80.75337999999999,80.75337999999999 -4.075065,80.75410000000001,80.75410000000001 -4.0751100000000005,80.75482000000001,80.75482000000001 -4.075146666666666,80.75554000000001,80.75554000000001 -4.07518,80.75626,80.75626 -4.075211666666666,80.75698,80.75698 -4.075240000000001,80.75770000000001,80.75770000000001 -4.075261666666666,80.75841999999999,80.75841999999999 -4.075271666666666,80.75914,80.75914 -4.075270000000001,80.75986166666667,80.75986166666667 -4.075261666666666,80.76058166666667,80.76058166666667 -4.075251666666667,80.76130500000001,80.76130500000001 -4.075248333333334,80.76202833333333,80.76202833333333 -4.075255,80.76275333333332,80.76275333333332 -4.0752749999999995,80.76347833333332,80.76347833333332 -4.075306666666666,80.76420333333334,80.76420333333334 -4.075351666666667,80.76492999999999,80.76492999999999 -4.075411666666667,80.76565666666667,80.76565666666667 -4.075488333333333,80.76638333333332,80.76638333333332 -4.075575000000001,80.76711,80.76711 -4.075670000000001,80.76783666666667,80.76783666666667 -4.075763333333334,80.76856500000001,80.76856500000001 -4.075853333333333,80.76929333333332,80.76929333333332 -4.075943333333333,80.77002166666666,80.77002166666666 -4.076033333333334,80.77075,80.77075 -4.076123333333333,80.77148000000001,80.77148000000001 -4.076216666666666,80.77220999999999,80.77220999999999 -4.076306666666667,80.77293999999999,80.77293999999999 -4.076391666666667,80.77367166666666,80.77367166666666 -4.076466666666668,80.77440333333332,80.77440333333332 -4.076529999999999,80.77513666666665,80.77513666666665 -4.076583333333334,80.77587000000001,80.77587000000001 -4.076621666666667,80.77660333333334,80.77660333333334 -4.076643333333333,80.77733833333333,80.77733833333333 -4.076648333333334,80.77807333333332,80.77807333333332 -4.0766383333333325,80.77881000000001,80.77881000000001 -4.076616666666666,80.77954666666666,80.77954666666666 -4.076585,80.78028333333333,80.78028333333333 -4.076548333333333,80.78102000000001,80.78102000000001 -4.076511666666668,80.78175666666667,80.78175666666667 -4.076476666666665,80.78249166666666,80.78249166666666 -4.076443333333334,80.78322666666668,80.78322666666668 -4.076415000000001,80.78396166666667,80.78396166666667 -4.07639,80.784695,80.784695 -4.076370000000001,80.78542833333333,80.78542833333333 -4.076356666666666,80.78616166666667,80.78616166666667 -4.076345,80.786895,80.786895 -4.076333333333333,80.78762833333333,80.78762833333333 -4.076321666666666,80.78836333333332,80.78836333333332 -4.076313333333333,80.78909833333334,80.78909833333334 -4.076308333333334,80.789835,80.789835 -4.076308333333334,80.79057333333334,80.79057333333334 -4.076309999999999,80.79131333333333,80.79131333333333 -4.076315,80.79205666666667,80.79205666666667 -4.076325,80.7928,80.7928 -4.076336666666667,80.79354333333335,80.79354333333335 -4.076353333333334,80.79428833333334,80.79428833333334 -4.076371666666666,80.79503166666666,80.79503166666666 -4.0764000000000005,80.79577499999999,80.79577499999999 -4.076438333333333,80.79651666666668,80.79651666666668 -4.076485,80.79725499999999,80.79725499999999 -4.076535,80.79799166666668,80.79799166666668 -4.07658,80.798725,80.798725 -4.076618333333333,80.79945666666667,80.79945666666667 -4.07665,80.80018666666668,80.80018666666668 -4.076675,80.80091333333333,80.80091333333333 -4.076696666666667,80.80163833333333,80.80163833333333 -4.076721666666666,80.80236,80.80236 -4.076753333333334,80.80307833333333,80.80307833333333 -4.076796666666666,80.80379500000002,80.80379500000002 -4.076853333333333,80.80450833333333,80.80450833333333 -4.076928333333333,80.80522166666665,80.80522166666665 -4.077028333333333,80.80593333333333,80.80593333333333 -4.0771516666666665,80.80664166666668,80.80664166666668 -4.0772949999999994,80.80734833333334,80.80734833333334 -4.077448333333334,80.80805333333333,80.80805333333333 -4.077603333333333,80.808755,80.808755 -4.077756666666667,80.80945333333335,80.80945333333335 -4.077909999999999,80.81015000000001,80.81015000000001 -4.078061666666667,80.810845,80.810845 -4.078206666666667,80.81153666666668,80.81153666666668 -4.078345,80.81222666666666,80.81222666666666 -4.078473333333333,80.81291666666665,80.81291666666665 -4.078601666666667,80.813605,80.813605 -4.0787249999999995,80.81429166666666,80.81429166666666 -4.078843333333333,80.81498,80.81498 -4.0789550000000006,80.81566666666664,80.81566666666664 -4.079063333333334,80.81635166666668,80.81635166666668 -4.079168333333333,80.817035,80.817035 -4.079275000000001,80.81771666666666,80.81771666666666 -4.0793800000000005,80.81839666666667,80.81839666666667 -4.079481666666667,80.81907666666666,80.81907666666666 -4.079576666666667,80.81975333333332,80.81975333333332 -4.079673333333334,80.82043166666668,80.82043166666668 -4.079755,80.82111,80.82111 -4.079828333333333,80.82178666666667,80.82178666666667 -4.079890000000001,80.822465,80.822465 -4.079935,80.823145,80.823145 -4.0799666666666665,80.82382500000001,80.82382500000001 -4.079986666666667,80.82450666666666,80.82450666666666 -4.079994999999999,80.82518833333334,80.82518833333334 -4.079994999999999,80.82587166666667,80.82587166666667 -4.0799883333333336,80.82655500000001,80.82655500000001 -4.079976666666666,80.82723999999999,80.82723999999999 -4.079963333333333,80.82792500000001,80.82792500000001 -4.079953333333333,80.82860999999998,80.82860999999998 -4.079951666666667,80.82929500000002,80.82929500000002 -4.079965000000001,80.82997833333334,80.82997833333334 -4.079993333333334,80.83066166666669,80.83066166666669 -4.0800350000000005,80.83134333333334,80.83134333333334 -4.080088333333332,80.83202500000002,80.83202500000002 -4.0801516666666675,80.832705,80.832705 -4.080226666666667,80.83338333333333,80.83338333333333 -4.080311666666666,80.83406166666667,80.83406166666667 -4.080403333333334,80.83473833333333,80.83473833333333 -4.080498333333334,80.835415,80.835415 -4.080588333333334,80.83609,80.83609 -4.080674999999999,80.83676666666666,80.83676666666666 -4.080758333333335,80.83744166666666,80.83744166666666 -4.0808366666666664,80.83811833333333,80.83811833333333 -4.0809050000000004,80.83879666666665,80.83879666666665 -4.080963333333333,80.83947499999998,80.83947499999998 -4.081009999999999,80.840155,80.840155 -4.081043333333333,80.84083500000001,80.84083500000001 -4.081063333333334,80.84151666666666,80.84151666666666 -4.081071666666667,80.84219833333333,80.84219833333333 -4.08107,80.84288333333333,80.84288333333333 -4.081058333333333,80.84356833333334,80.84356833333334 -4.081036666666667,80.84425333333333,80.84425333333333 -4.081008333333334,80.84494,80.84494 -4.080976666666667,80.84562833333332,80.84562833333332 -4.080945000000001,80.84631666666667,80.84631666666667 -4.080913333333334,80.84700500000001,80.84700500000001 -4.080881666666666,80.84769333333334,80.84769333333334 -4.080851666666666,80.84838166666667,80.84838166666667 -4.080828333333334,80.84906999999998,80.84906999999998 -4.080818333333334,80.84975833333334,80.84975833333334 -4.080821666666668,80.85044833333332,80.85044833333332 -4.0808366666666664,80.85113666666668,80.85113666666668 -4.080861666666667,80.85182499999999,80.85182499999999 -4.080896666666666,80.85251499999998,80.85251499999998 -4.080938333333333,80.85320499999999,80.85320499999999 -4.080989999999999,80.85389500000001,80.85389500000001 -4.081051666666665,80.85458666666668,80.85458666666668 -4.081123333333333,80.85527833333335,80.85527833333335 -4.081203333333335,80.85597,80.85597 -4.081293333333334,80.85666166666667,80.85666166666667 -4.081390000000001,80.85735333333335,80.85735333333335 -4.0814916666666665,80.85804666666665,80.85804666666665 -4.081596666666666,80.85874166666667,80.85874166666667 -4.081710000000001,80.85943666666668,80.85943666666668 -4.08183,80.86013333333334,80.86013333333334 -4.08195,80.86082999999999,80.86082999999999 -4.082071666666668,80.86152833333334,80.86152833333334 -4.082188333333335,80.86222833333333,80.86222833333333 -4.082305000000001,80.86292833333334,80.86292833333334 -4.082419999999999,80.86363166666668,80.86363166666668 -4.082533333333334,80.86433500000001,80.86433500000001 -4.0826433333333325,80.86504166666667,80.86504166666667 -4.082751666666667,80.86574833333334,80.86574833333334 -4.082858333333333,80.86645666666666,80.86645666666666 -4.082966666666667,80.86716666666665,80.86716666666665 -4.083076666666666,80.86787833333332,80.86787833333332 -4.083191666666666,80.86859,80.86859 -4.083308333333332,80.86930500000001,80.86930500000001 -4.083426666666668,80.87002000000001,80.87002000000001 -4.083538333333333,80.870735,80.870735 -4.083641666666667,80.87145166666666,80.87145166666666 -4.083731666666667,80.87216833333333,80.87216833333333 -4.083808333333333,80.87288333333333,80.87288333333333 -4.083875,80.8736,80.8736 -4.083933333333334,80.87431666666667,80.87431666666667 -4.083985,80.875035,80.875035 -4.084033333333333,80.87575166666667,80.87575166666667 -4.084085,80.87646833333334,80.87646833333334 -4.084145,80.87718333333335,80.87718333333335 -4.084211666666667,80.87789833333332,80.87789833333332 -4.084286666666666,80.878615,80.878615 -4.084363333333333,80.87933,80.87933 -4.084445000000001,80.88004500000001,80.88004500000001 -4.084526666666666,80.88075999999998,80.88075999999998 -4.084603333333333,80.88147500000001,80.88147500000001 -4.08467,80.88219,80.88219 -4.084728333333334,80.88290666666666,80.88290666666666 -4.0847766666666665,80.88362333333333,80.88362333333333 -4.084820000000001,80.88434,80.88434 -4.08486,80.88505833333333,80.88505833333333 -4.084891666666667,80.88577666666666,80.88577666666666 -4.084921666666666,80.886495,80.886495 -4.084951666666668,80.88721500000001,80.88721500000001 -4.084980000000001,80.88793333333332,80.88793333333332 -4.0850100000000005,80.88865333333334,80.88865333333334 -4.08504,80.88937333333334,80.88937333333334 -4.085066666666666,80.89009333333334,80.89009333333334 -4.085091666666666,80.89081500000002,80.89081500000002 -4.085116666666667,80.89153666666665,80.89153666666665 -4.085143333333335,80.89225833333333,80.89225833333333 -4.0851766666666665,80.89298166666669,80.89298166666669 -4.085211666666667,80.89370500000001,80.89370500000001 -4.085249999999999,80.89442833333332,80.89442833333332 -4.08529,80.89515333333334,80.89515333333334 -4.085331666666666,80.89587833333333,80.89587833333333 -4.085374999999999,80.89660333333332,80.89660333333332 -4.085421666666667,80.89732833333333,80.89732833333333 -4.085471666666668,80.89805333333334,80.89805333333334 -4.085525,80.89877833333333,80.89877833333333 -4.085581666666667,80.89950166666665,80.89950166666665 -4.085641666666667,80.90022666666667,80.90022666666667 -4.085705,80.90095000000001,80.90095000000001 -4.08577,80.90167333333333,80.90167333333333 -4.085836666666667,80.90239666666666,80.90239666666666 -4.085906666666666,80.90311833333334,80.90311833333334 -4.085978333333334,80.90384,80.90384 -4.086053333333334,80.90455833333334,80.90455833333334 -4.08613,80.90527833333333,80.90527833333333 -4.0862066666666665,80.90599666666667,80.90599666666667 -4.086276666666667,80.90671333333333,80.90671333333333 -4.086329999999999,80.90743,80.90743 -4.086363333333333,80.90814833333333,80.90814833333333 -4.086379999999999,80.90886333333333,80.90886333333333 -4.086385,80.90958,80.90958 -4.086381666666668,80.910295,80.910295 -4.086375,80.91100999999999,80.91100999999999 -4.086378333333334,80.91172499999999,80.91172499999999 -4.0863949999999996,80.91244,80.91244 -4.086423333333334,80.913155,80.913155 -4.086468333333333,80.91386833333334,80.91386833333334 -4.086526666666667,80.91458333333333,80.91458333333333 -4.086598333333334,80.91529666666666,80.91529666666666 -4.086676666666667,80.91601166666666,80.91601166666666 -4.086756666666667,80.91672499999999,80.91672499999999 -4.086836666666666,80.91744000000001,80.91744000000001 -4.086916666666667,80.91815333333334,80.91815333333334 -4.086996666666668,80.91886500000001,80.91886500000001 -4.087076666666667,80.91957833333332,80.91957833333332 -4.08715,80.92029000000001,80.92029000000001 -4.087214999999999,80.92100166666668,80.92100166666668 -4.087276666666667,80.92171333333333,80.92171333333333 -4.087331666666666,80.922425,80.922425 -4.087383333333333,80.923135,80.923135 -4.0874299999999995,80.92384499999999,80.92384499999999 -4.087473333333333,80.92455666666666,80.92455666666666 -4.087516666666667,80.92526666666667,80.92526666666667 -4.087558333333333,80.92597833333333,80.92597833333333 -4.087605,80.92668999999998,80.92668999999998 -4.087655,80.92740166666668,80.92740166666668 -4.087714999999999,80.92811333333334,80.92811333333334 -4.087786666666667,80.92882666666665,80.92882666666665 -4.087868333333334,80.92953833333333,80.92953833333333 -4.087958333333333,80.93025333333334,80.93025333333334 -4.088061666666667,80.93096666666668,80.93096666666668 -4.088173333333333,80.93168166666668,80.93168166666668 -4.088299999999999,80.93239833333332,80.93239833333332 -4.0884350000000005,80.93311333333332,80.93311333333332 -4.088581666666667,80.93383,80.93383 -4.088736666666667,80.934545,80.934545 -4.088901666666666,80.93526166666668,80.93526166666668 -4.089076666666667,80.93597666666665,80.93597666666665 -4.089261666666667,80.93669333333334,80.93669333333334 -4.089453333333334,80.93740999999999,80.93740999999999 -4.089648333333334,80.93812666666668,80.93812666666668 -4.089843333333334,80.93884500000001,80.93884500000001 -4.0900300000000005,80.93956333333334,80.93956333333334 -4.090201666666667,80.94028333333334,80.94028333333334 -4.09036,80.94100333333334,80.94100333333334 -4.0905000000000005,80.94172499999999,80.94172499999999 -4.090621666666666,80.94244333333333,80.94244333333333 -4.09072,80.94316166666668,80.94316166666668 -4.090793333333334,80.94388,80.94388 -4.090841666666666,80.94459499999999,80.94459499999999 -4.090875,80.94530833333333,80.94530833333333 -4.090896666666667,80.94601999999999,80.94601999999999 -4.090911666666667,80.94673166666666,80.94673166666666 -4.0909216666666675,80.94744000000001,80.94744000000001 -4.090928333333333,80.94814833333334,80.94814833333334 -4.090933333333334,80.94885500000001,80.94885500000001 -4.090933333333334,80.94956,80.94956 -4.0909249999999995,80.95026666666666,80.95026666666666 -4.090904999999999,80.95097333333332,80.95097333333332 -4.090866666666667,80.95168000000001,80.95168000000001 -4.090818333333333,80.952385,80.952385 -4.09076,80.95309166666667,80.95309166666667 -4.090695,80.95379833333332,80.95379833333332 -4.090626666666666,80.95450500000001,80.95450500000001 -4.090563333333334,80.95521166666667,80.95521166666667 -4.090510000000001,80.95591666666667,80.95591666666667 -4.090463333333333,80.95662333333333,80.95662333333333 -4.090421666666667,80.95732833333334,80.95732833333334 -4.090383333333334,80.95803333333333,80.95803333333333 -4.0903583333333335,80.95873833333333,80.95873833333333 -4.090328333333332,80.95944333333333,80.95944333333333 -4.090299999999999,80.96015000000001,80.96015000000001 -4.090271666666666,80.96085666666667,80.96085666666667 -4.090238333333333,80.96156333333333,80.96156333333333 -4.090198333333333,80.96227166666665,80.96227166666665 -4.090141666666666,80.96298,80.96298 -4.0900533333333335,80.96368833333332,80.96368833333332 -4.089919999999999,80.96439833333335,80.96439833333335 -4.089723333333334,80.96510833333333,80.96510833333333 -4.089451666666666,80.96581833333335,80.96581833333335 -4.0891,80.96652666666667,80.96652666666667 -4.088661666666667,80.96723666666666,80.96723666666666 -4.088123333333334,80.96794499999999,80.96794499999999 -4.087481666666666,80.96865166666667,80.96865166666667 -4.086735,80.96935500000001,80.96935500000001 -4.085876666666667,80.97005499999999,80.97005499999999 -4.084905,80.97075166666667,80.97075166666667 -4.083815,80.97144166666666,80.97144166666666 -4.082600000000001,80.97212666666667,80.97212666666667 -4.08126,80.97280666666667,80.97280666666667 -4.079793333333333,80.97347666666667,80.97347666666667 -4.078198333333333,80.97414,80.97414 -4.07647,80.97479499999999,80.97479499999999 -4.074608333333333,80.97543833333333,80.97543833333333 -4.072613333333334,80.97607166666667,80.97607166666667 -4.070483333333333,80.97669333333333,80.97669333333333 -4.068216666666667,80.97730333333334,80.97730333333334 -4.065813333333334,80.97789833333333,80.97789833333333 -4.063276666666667,80.97847833333333,80.97847833333333 -4.060608333333334,80.97904166666666,80.97904166666666 -4.057813333333334,80.97958833333334,80.97958833333334 -4.054888333333333,80.98011666666667,80.98011666666667 -4.051843333333332,80.98062666666667,80.98062666666667 -4.048678333333334,80.98111499999999,80.98111499999999 -4.045403333333334,80.981585,80.981585 -4.042025000000001,80.98203166666667,80.98203166666667 -4.038551666666667,80.98245833333334,80.98245833333334 -4.034986666666666,80.98286166666668,80.98286166666668 -4.031336666666666,80.983245,80.983245 -4.027604999999999,80.98360666666667,80.98360666666667 -4.0238000000000005,80.983945,80.983945 -4.019923333333334,80.98426166666667,80.98426166666667 -4.01598,80.984555,80.984555 -4.011973333333333,80.984825,80.984825 -4.007913333333334,80.98507000000001,80.98507000000001 -4.003803333333334,80.98528833333333,80.98528833333333 -3.9996549999999997,80.98548166666667,80.98548166666667 -3.9954783333333337,80.98565,80.98565 -3.99128,80.985795,80.985795 -3.987071666666667,80.985915,80.985915 -3.9828650000000003,80.98601,80.98601 -3.978666666666667,80.98607999999999,80.98607999999999 -3.9744833333333336,80.98612833333334,80.98612833333334 -3.970321666666666,80.98615499999998,80.98615499999998 -3.9661833333333334,80.98616166666669,80.98616166666669 -3.9620666666666664,80.98615,80.98615 -3.957975,80.98612,80.98612 -3.953908333333334,80.98607333333334,80.98607333333334 -3.949873333333333,80.98601166666668,80.98601166666668 -3.9458716666666667,80.98593333333334,80.98593333333334 -3.9419066666666667,80.98584166666666,80.98584166666666 -3.9379816666666674,80.98573833333333,80.98573833333333 -3.9340916666666668,80.985625,80.985625 -3.930228333333333,80.98550499999999,80.98550499999999 -3.9263883333333336,80.98538,80.98538 -3.9225616666666667,80.98524833333333,80.98524833333333 -3.9187483333333337,80.98511333333332,80.98511333333332 -3.9149450000000003,80.984975,80.984975 -3.9111550000000004,80.98483333333334,80.98483333333334 -3.9073883333333335,80.98468333333334,80.98468333333334 -3.903651666666667,80.98452666666667,80.98452666666667 -3.8999449999999998,80.98436166666669,80.98436166666669 -3.8962633333333336,80.98418833333334,80.98418833333334 -3.8926033333333336,80.98400833333334,80.98400833333334 -3.888961666666666,80.98382166666667,80.98382166666667 -3.885338333333333,80.98362999999999,80.98362999999999 -3.8817316666666666,80.98343499999999,80.98343499999999 -3.878145,80.98323666666668,80.98323666666668 -3.8745749999999997,80.98303666666666,80.98303666666666 -3.8710183333333332,80.98283833333333,80.98283833333333 -3.8674783333333336,80.98264166666667,80.98264166666667 -3.8639566666666667,80.98244833333332,80.98244833333332 -3.8604649999999996,80.98225500000001,80.98225500000001 -3.8570099999999994,80.98206,80.98206 -3.8535850000000007,80.98186333333334,80.98186333333334 -3.8501800000000004,80.981665,80.981665 -3.8467916666666664,80.98146166666666,80.98146166666666 -3.843421666666667,80.98125333333333,80.98125333333333 -3.8400700000000003,80.98104166666668,80.98104166666668 -3.8367383333333334,80.98082333333333,80.98082333333333 -3.8334283333333334,80.98059833333333,80.98059833333333 -3.830141666666666,80.98036833333335,80.98036833333335 -3.8268750000000002,80.98013166666665,80.98013166666665 -3.8236250000000003,80.97988666666666,80.97988666666666 -3.8203900000000006,80.97963666666668,80.97963666666668 -3.8171683333333335,80.97938166666665,80.97938166666665 -3.813958333333333,80.97912333333333,80.97912333333333 -3.810751666666667,80.97886166666666,80.97886166666666 -3.8075466666666666,80.97859666666668,80.97859666666668 -3.8043400000000003,80.97833000000001,80.97833000000001 -3.801126666666667,80.97806000000001,80.97806000000001 -3.7979000000000003,80.97778833333334,80.97778833333334 -3.7946533333333328,80.97751833333334,80.97751833333334 -3.7913783333333337,80.97724666666667,80.97724666666667 -3.788076666666667,80.97697666666666,80.97697666666666 -3.78475,80.97670833333335,80.97670833333335 -3.7814050000000003,80.97643833333333,80.97643833333333 -3.77805,80.97616666666667,80.97616666666667 -3.774686666666667,80.97589333333335,80.97589333333335 -3.7713233333333336,80.975615,80.975615 -3.76796,80.97533333333334,80.97533333333334 -3.7645966666666673,80.97504833333335,80.97504833333335 -3.761235,80.97475833333334,80.97475833333334 -3.7578783333333328,80.97446333333333,80.97446333333333 -3.754518333333333,80.97416499999999,80.97416499999999 -3.7511516666666664,80.97386499999999,80.97386499999999 -3.747776666666667,80.973565,80.973565 -3.744383333333334,80.97326500000001,80.97326500000001 -3.740975,80.97296666666665,80.97296666666665 -3.7375466666666664,80.97267166666666,80.97267166666666 -3.7341016666666675,80.97237833333334,80.97237833333334 -3.730641666666667,80.97208666666667,80.97208666666667 -3.7271683333333336,80.97179666666666,80.97179666666666 -3.723683333333333,80.97150500000001,80.97150500000001 -3.7201916666666666,80.97121333333334,80.97121333333334 -3.716688333333334,80.97092166666667,80.97092166666667 -3.713176666666666,80.97062833333332,80.97062833333332 -3.709656666666667,80.97033333333333,80.97033333333333 -3.7061316666666673,80.97003833333332,80.97003833333332 -3.7026100000000004,80.96974,80.96974 -3.699093333333334,80.96944,80.96944 -3.695581666666666,80.96914000000001,80.96914000000001 -3.692075,80.96884,80.96884 -3.6885716666666664,80.96853833333331,80.96853833333331 -3.685068333333333,80.96823499999999,80.96823499999999 -3.6815666666666664,80.96793000000001,80.96793000000001 -3.6780649999999997,80.96762333333334,80.96762333333334 -3.6745650000000003,80.967315,80.967315 -3.6710633333333336,80.967005,80.967005 -3.6675600000000004,80.966695,80.966695 -3.6640500000000005,80.96638333333334,80.96638333333334 -3.660535,80.96607333333334,80.96607333333334 -3.657011666666667,80.96576333333334,80.96576333333334 -3.6534750000000003,80.96545333333334,80.96545333333334 -3.649923333333334,80.96514833333335,80.96514833333335 -3.646355,80.96484333333333,80.96484333333333 -3.6427750000000008,80.96454166666668,80.96454166666668 -3.6391899999999997,80.96424166666668,80.96424166666668 -3.635596666666667,80.96394166666667,80.96394166666667 -3.632,80.96364333333334,80.96364333333334 -3.628398333333333,80.96334666666667,80.96334666666667 -3.624795,80.96305166666667,80.96305166666667 -3.6211900000000004,80.96275833333334,80.96275833333334 -3.6175866666666665,80.962465,80.962465 -3.6139816666666666,80.96217333333333,80.96217333333333 -3.610373333333334,80.96188166666667,80.96188166666667 -3.6067583333333335,80.96159,80.96159 -3.6031350000000004,80.96129833333333,80.96129833333333 -3.599505,80.96100833333334,80.96100833333334 -3.5958700000000006,80.96071833333333,80.96071833333333 -3.5922283333333334,80.96042666666666,80.96042666666666 -3.5885833333333332,80.96013500000001,80.96013500000001 -3.5849349999999998,80.95984333333334,80.95984333333334 -3.5812816666666665,80.95955166666666,80.95955166666666 -3.57762,80.95925833333335,80.95925833333335 -3.5739516666666664,80.95896499999999,80.95896499999999 -3.570276666666667,80.95867166666667,80.95867166666667 -3.5665999999999993,80.95837833333334,80.95837833333334 -3.562923333333333,80.95808333333333,80.95808333333333 -3.559246666666667,80.95778666666668,80.95778666666668 -3.55557,80.95749166666667,80.95749166666667 -3.5518883333333333,80.95719666666668,80.95719666666668 -3.548198333333334,80.95690333333333,80.95690333333333 -3.5444883333333337,80.95661333333335,80.95661333333335 -3.5407533333333334,80.95633,80.95633 -3.536998333333333,80.95605166666665,80.95605166666665 -3.533226666666667,80.955775,80.955775 -3.5294466666666664,80.9555,80.9555 -3.5256616666666667,80.95522500000001,80.95522500000001 -3.5218749999999996,80.95495,80.95495 -3.518086666666666,80.95467333333332,80.95467333333332 -3.514296666666666,80.95439666666667,80.95439666666667 -3.5105033333333333,80.95412,80.95412 -3.5067050000000006,80.95384166666666,80.95384166666666 -3.5029016666666672,80.95356499999998,80.95356499999998 -3.4990966666666665,80.95328500000001,80.95328500000001 -3.495293333333333,80.953005,80.953005 -3.491491666666667,80.952725,80.952725 -3.4876916666666666,80.952445,80.952445 -3.4838966666666664,80.95216333333333,80.95216333333333 -3.4801066666666665,80.95188,80.95188 -3.4763216666666668,80.95159666666667,80.95159666666667 -3.4725433333333338,80.95130999999999,80.95130999999999 -3.4687716666666666,80.951025,80.951025 -3.4650066666666666,80.95073833333333,80.95073833333333 -3.4612500000000006,80.95044999999999,80.95044999999999 -3.4574999999999996,80.95016333333334,80.95016333333334 -3.453755,80.94987499999999,80.94987499999999 -3.4500116666666667,80.94958666666666,80.94958666666666 -3.4462700000000006,80.94930000000001,80.94930000000001 -3.4425316666666665,80.94901166666666,80.94901166666666 -3.438793333333334,80.94872499999998,80.94872499999998 -3.4350566666666675,80.94843999999999,80.94843999999999 -3.4313216666666664,80.94815333333332,80.94815333333332 -3.427588333333334,80.94786833333333,80.94786833333333 -3.4238566666666665,80.947585,80.947585 -3.420126666666667,80.94729999999998,80.94729999999998 -3.416396666666666,80.94701666666666,80.94701666666666 -3.412668333333334,80.94673500000002,80.94673500000002 -3.4089400000000007,80.94645500000001,80.94645500000001 -3.4052116666666663,80.94617499999998,80.94617499999998 -3.401484999999999,80.94589500000001,80.94589500000001 -3.3977549999999996,80.94561666666667,80.94561666666667 -3.394025,80.94534,80.94534 -3.390288333333334,80.94506333333332,80.94506333333332 -3.3865483333333333,80.94478666666667,80.94478666666667 -3.382808333333333,80.94451166666666,80.94451166666666 -3.3790683333333336,80.944235,80.944235 -3.3753266666666675,80.94396,80.94396 -3.371586666666667,80.94368500000002,80.94368500000002 -3.367848333333333,80.94341,80.94341 -3.3641100000000006,80.94313500000001,80.94313500000001 -3.36037,80.94286000000001,80.94286000000001 -3.3566249999999993,80.94258666666666,80.94258666666666 -3.352876666666667,80.94231166666667,80.94231166666667 -3.3491266666666673,80.94203666666668,80.94203666666668 -3.345375,80.94176166666666,80.94176166666666 -3.3416216666666663,80.941485,80.941485 -3.3378666666666663,80.94121000000001,80.94121000000001 -3.334108333333333,80.940935,80.940935 -3.3303500000000006,80.94066000000001,80.94066000000001 -3.326598333333333,80.940385,80.940385 -3.3228449999999996,80.94010833333333,80.94010833333333 -3.3190899999999997,80.93983333333334,80.93983333333334 -3.3153300000000003,80.93955833333332,80.93955833333332 -3.3115683333333332,80.93928166666667,80.93928166666667 -3.307805,80.93900666666667,80.93900666666667 -3.3040450000000003,80.93872833333333,80.93872833333333 -3.3002816666666672,80.93844999999999,80.93844999999999 -3.296521666666666,80.93817000000001,80.93817000000001 -3.292766666666666,80.93788833333332,80.93788833333332 -3.2890200000000007,80.93760333333333,80.93760333333333 -3.28528,80.93731666666666,80.93731666666666 -3.281546666666667,80.93702833333334,80.93702833333334 -3.277815,80.93673833333334,80.93673833333334 -3.2740833333333335,80.93644833333333,80.93644833333333 -3.27035,80.93615833333334,80.93615833333334 -3.2666099999999996,80.93587000000002,80.93587000000002 -3.2628616666666663,80.93558166666668,80.93558166666668 -3.2591033333333335,80.93529666666666,80.93529666666666 -3.2553400000000003,80.93500999999999,80.93500999999999 -3.2515733333333334,80.93472666666666,80.93472666666666 -3.2478000000000002,80.93444166666667,80.93444166666667 -3.2440200000000003,80.93415833333334,80.93415833333334 -3.240233333333333,80.93387500000001,80.93387500000001 -3.236443333333333,80.93359166666669,80.93359166666669 -3.23265,80.93330833333333,80.93330833333333 -3.228855,80.93302333333334,80.93302333333334 -3.2250566666666667,80.93273833333332,80.93273833333332 -3.221258333333334,80.93245166666667,80.93245166666667 -3.2174599999999995,80.932165,80.932165 -3.21366,80.93187666666665,80.93187666666665 -3.209856666666667,80.93158833333334,80.93158833333334 -3.206046666666667,80.9313,80.9313 -3.2022316666666666,80.93101,80.93101 -3.198406666666667,80.93072333333332,80.93072333333332 -3.194573333333333,80.930435,80.930435 -3.1907366666666674,80.930145,80.930145 -3.1868966666666663,80.92985666666667,80.92985666666667 -3.183055,80.929565,80.929565 -3.179215,80.92927333333333,80.92927333333333 -3.1753800000000005,80.92898166666667,80.92898166666667 -3.1715466666666665,80.92868833333334,80.92868833333334 -3.1677133333333334,80.92839666666667,80.92839666666667 -3.1638800000000007,80.92810500000002,80.92810500000002 -3.1600433333333338,80.92781499999998,80.92781499999998 -3.1562083333333333,80.927525,80.927525 -3.15238,80.92723500000001,80.92723500000001 -3.148558333333334,80.926945,80.926945 -3.144741666666667,80.926655,80.926655 -3.140928333333333,80.926365,80.926365 -3.1371183333333335,80.92607666666666,80.92607666666666 -3.1333116666666667,80.92578833333334,80.92578833333334 -3.1295116666666662,80.9255,80.9255 -3.1257183333333334,80.92521,80.92521 -3.1219366666666666,80.92491833333334,80.92491833333334 -3.1181633333333334,80.924625,80.924625 -3.1144,80.92433,80.92433 -3.1106449999999994,80.924035,80.924035 -3.106898333333333,80.92373666666667,80.92373666666667 -3.103155,80.92343833333334,80.92343833333334 -3.099408333333333,80.92313999999999,80.92313999999999 -3.0956599999999996,80.92284333333335,80.92284333333335 -3.0919033333333332,80.92254666666666,80.92254666666666 -3.0881416666666666,80.92224999999999,80.92224999999999 -3.084375,80.921955,80.921955 -3.0806016666666665,80.92166000000002,80.92166000000002 -3.0768216666666675,80.921365,80.921365 -3.073036666666667,80.92107166666668,80.92107166666668 -3.069246666666667,80.92077833333332,80.92077833333332 -3.0654566666666665,80.92048333333334,80.92048333333334 -3.0616650000000005,80.92019,80.92019 -3.0578750000000006,80.91989333333333,80.91989333333333 -3.0540816666666664,80.91959833333334,80.91959833333334 -3.050285,80.91930333333333,80.91930333333333 -3.0464833333333328,80.91900833333334,80.91900833333334 -3.042676666666667,80.918715,80.918715 -3.0388599999999997,80.91842333333335,80.91842333333335 -3.035033333333333,80.91813166666668,80.91813166666668 -3.0311949999999994,80.91784166666666,80.91784166666666 -3.0273449999999995,80.91755333333334,80.91755333333334 -3.023483333333333,80.917265,80.917265 -3.0196133333333335,80.91697833333332,80.91697833333332 -3.0157416666666665,80.91669,80.91669 -3.0118683333333336,80.91640000000001,80.91640000000001 -3.0079933333333337,80.91611166666667,80.91611166666667 -3.004118333333333,80.91582,80.91582 -3.0002483333333334,80.91553,80.91553 -2.9963849999999996,80.91523666666667,80.91523666666667 -2.9925333333333333,80.91494166666666,80.91494166666666 -2.9886899999999996,80.91464500000001,80.91464500000001 -2.984855,80.91434666666667,80.91434666666667 -2.9810283333333327,80.91404666666666,80.91404666666666 -2.9772049999999997,80.91374666666667,80.91374666666667 -2.973388333333333,80.91344500000001,80.91344500000001 -2.9695766666666663,80.91314333333334,80.91314333333334 -2.965771666666667,80.91284000000002,80.91284000000002 -2.9619716666666664,80.91253666666667,80.91253666666667 -2.9581766666666667,80.91223166666668,80.91223166666668 -2.954385,80.91192666666667,80.91192666666667 -2.950595,80.91162166666666,80.91162166666666 -2.9468066666666672,80.91131666666666,80.91131666666666 -2.9430183333333337,80.91101166666668,80.91101166666668 -2.93923,80.91070833333333,80.91070833333333 -2.935438333333334,80.91040500000001,80.91040500000001 -2.9316400000000002,80.91010333333334,80.91010333333334 -2.9278383333333338,80.90980166666665,80.90980166666665 -2.92403,80.90950333333335,80.90950333333335 -2.9202166666666667,80.909205,80.909205 -2.916395,80.90890999999999,80.90890999999999 -2.9125666666666663,80.90861666666666,80.90861666666666 -2.9087349999999996,80.90832666666667,80.90832666666667 -2.9049016666666665,80.90803666666669,80.90803666666669 -2.901065,80.90774666666665,80.90774666666665 -2.897226666666666,80.90746,80.90746 -2.8933899999999997,80.90717166666667,80.90717166666667 -2.8895566666666666,80.90688499999999,80.90688499999999 -2.8857283333333332,80.90659666666667,80.90659666666667 -2.8819049999999997,80.90630833333333,80.90630833333333 -2.8780850000000004,80.90602,80.90602 -2.8742666666666663,80.90573166666665,80.90573166666665 -2.8704516666666664,80.905445,80.905445 -2.866638333333333,80.905155,80.905155 -2.8628283333333338,80.904865,80.904865 -2.859023333333334,80.90457500000002,80.90457500000002 -2.855218333333333,80.90428333333332,80.90428333333332 -2.851413333333334,80.90399000000001,80.90399000000001 -2.847608333333333,80.90369666666668,80.90369666666668 -2.843801666666667,80.90340166666667,80.90340166666667 -2.839993333333333,80.90310666666664,80.90310666666664 -2.8361800000000006,80.90281166666666,80.90281166666666 -2.8323600000000004,80.90251666666667,80.90251666666667 -2.8285299999999998,80.90222,80.90222 -2.8246849999999997,80.901925,80.901925 -2.820828333333333,80.90162666666667,80.90162666666667 -2.816958333333334,80.90133000000002,80.90133000000002 -2.8130800000000002,80.90103166666665,80.90103166666665 -2.8091916666666665,80.90073166666666,80.90073166666666 -2.805293333333333,80.90043166666665,80.90043166666665 -2.8013883333333336,80.90013000000002,80.90013000000002 -2.7974783333333333,80.89982833333333,80.89982833333333 -2.7935633333333336,80.89952333333333,80.89952333333333 -2.789646666666667,80.89921833333332,80.89921833333332 -2.785721666666667,80.89891333333334,80.89891333333334 -2.781791666666667,80.89860833333333,80.89860833333333 -2.77785,80.89830333333332,80.89830333333332 -2.7738966666666665,80.898,80.898 -2.769926666666667,80.897695,80.897695 -2.7659399999999996,80.89739166666665,80.89739166666665 -2.7619366666666663,80.89708833333333,80.89708833333333 -2.757915,80.89678500000001,80.89678500000001 -2.7538733333333334,80.89648333333334,80.89648333333334 -2.7498150000000003,80.89618166666668,80.89618166666668 -2.745741666666667,80.89588000000002,80.89588000000002 -2.7416583333333335,80.89557666666667,80.89557666666667 -2.7375716666666667,80.89527,80.89527 -2.7334816666666666,80.89496333333334,80.89496333333334 -2.7293916666666664,80.89465166666668,80.89465166666668 -2.7253016666666667,80.89433833333334,80.89433833333334 -2.7212150000000004,80.89402333333335,80.89402333333335 -2.717133333333333,80.89370500000001,80.89370500000001 -2.7130533333333333,80.89338500000001,80.89338500000001 -2.708973333333333,80.89306166666667,80.89306166666667 -2.7048899999999994,80.89274,80.89274 -2.700798333333333,80.89241666666666,80.89241666666666 -2.6966933333333336,80.89209333333334,80.89209333333334 -2.6925700000000004,80.89177166666666,80.89177166666666 -2.6884333333333337,80.89144999999999,80.89144999999999 -2.684283333333333,80.89112833333334,80.89112833333334 -2.6801233333333334,80.89080666666668,80.89080666666668 -2.675955,80.89048333333334,80.89048333333334 -2.6717833333333334,80.89015833333332,80.89015833333332 -2.667606666666667,80.88983333333334,80.88983333333334 -2.6634249999999997,80.889505,80.889505 -2.6592433333333334,80.88917499999998,80.88917499999998 -2.655063333333333,80.88884166666666,80.88884166666666 -2.6508833333333337,80.88850666666669,80.88850666666669 -2.646703333333333,80.88817000000002,80.88817000000002 -2.6425150000000004,80.88783166666668,80.88783166666668 -2.6383183333333333,80.88749166666666,80.88749166666666 -2.63411,80.88715,80.88715 -2.6298883333333336,80.88680833333332,80.88680833333332 -2.62565,80.88646666666666,80.88646666666666 -2.6213933333333332,80.88612333333334,80.88612333333334 -2.617118333333333,80.88578166666667,80.88578166666667 -2.612821666666667,80.88543833333333,80.88543833333333 -2.608508333333334,80.88509666666667,80.88509666666667 -2.604178333333333,80.88475666666668,80.88475666666668 -2.5998350000000006,80.88441666666665,80.88441666666665 -2.595481666666667,80.88407666666666,80.88407666666666 -2.591115,80.88373499999999,80.88373499999999 -2.5867350000000005,80.88339500000001,80.88339500000001 -2.5823416666666668,80.883055,80.883055 -2.5779383333333334,80.882715,80.882715 -2.573526666666667,80.88237500000001,80.88237500000001 -2.5691100000000002,80.88203333333333,80.88203333333333 -2.5646883333333337,80.88169166666667,80.88169166666667 -2.560261666666667,80.88134833333332,80.88134833333332 -2.555825,80.881005,80.881005 -2.551378333333333,80.88066166666667,80.88066166666667 -2.5469200000000005,80.880315,80.880315 -2.5424550000000004,80.87996833333332,80.87996833333332 -2.537983333333333,80.87962,80.87962 -2.533503333333333,80.87927,80.87927 -2.529018333333333,80.87891833333333,80.87891833333333 -2.524525,80.87856666666667,80.87856666666667 -2.5200233333333335,80.87821333333333,80.87821333333333 -2.5155166666666666,80.87785833333335,80.87785833333335 -2.511006666666667,80.87750333333332,80.87750333333332 -2.506495,80.87714666666668,80.87714666666668 -2.5019816666666665,80.87678833333332,80.87678833333332 -2.497468333333333,80.87643,80.87643 -2.4929550000000003,80.87607000000001,80.87607000000001 -2.4884349999999995,80.87571,80.87571 -2.483908333333334,80.87535166666666,80.87535166666666 -2.4793733333333337,80.87499333333334,80.87499333333334 -2.474831666666667,80.87463500000001,80.87463500000001 -2.4702833333333336,80.87427666666667,80.87427666666667 -2.465725,80.87391999999998,80.87391999999998 -2.4611583333333336,80.87356333333335,80.87356333333335 -2.4565833333333336,80.87320833333334,80.87320833333334 -2.452,80.87285333333331,80.87285333333331 -2.4474066666666667,80.8725,80.8725 -2.4428066666666663,80.87214666666668,80.87214666666668 -2.4381983333333337,80.87179333333334,80.87179333333334 -2.433583333333333,80.87143999999999,80.87143999999999 -2.4289633333333334,80.87108666666666,80.87108666666666 -2.4243433333333333,80.87073166666667,80.87073166666667 -2.4197283333333335,80.87037499999998,80.87037499999998 -2.415116666666667,80.870015,80.870015 -2.410515,80.86965333333332,80.86965333333332 -2.4059216666666665,80.86928833333334,80.86928833333334 -2.4013349999999996,80.86892166666668,80.86892166666668 -2.396751666666667,80.86855166666666,80.86855166666666 -2.392176666666667,80.86818000000001,80.86818000000001 -2.3876116666666665,80.867805,80.867805 -2.3830533333333332,80.86742666666669,80.86742666666669 -2.378501666666667,80.86704833333333,80.86704833333333 -2.37395,80.86667000000001,80.86667000000001 -2.3693983333333337,80.86629166666665,80.86629166666665 -2.3648433333333334,80.865915,80.865915 -2.3602833333333333,80.86553833333333,80.86553833333333 -2.355711666666667,80.86516666666665,80.86516666666665 -2.3511266666666666,80.86479833333333,80.86479833333333 -2.3465250000000006,80.86443166666666,80.86443166666666 -2.341911666666667,80.86406999999998,80.86406999999998 -2.3372849999999996,80.86371,80.86371 -2.3326449999999994,80.86335166666667,80.86335166666667 -2.3279899999999993,80.862995,80.862995 -2.323323333333333,80.86263833333334,80.86263833333334 -2.3186466666666665,80.86228333333334,80.86228333333334 -2.31396,80.86192666666666,80.86192666666666 -2.309265,80.86157,80.86157 -2.3045616666666664,80.86121166666668,80.86121166666668 -2.299851666666666,80.86085333333334,80.86085333333334 -2.2951366666666666,80.86049500000001,80.86049500000001 -2.2904183333333332,80.860135,80.860135 -2.2857,80.85977500000001,80.85977500000001 -2.2809850000000003,80.85941166666667,80.85941166666667 -2.27628,80.85904666666667,80.85904666666667 -2.271585,80.85867833333334,80.85867833333334 -2.2668950000000003,80.85830999999999,80.85830999999999 -2.2622133333333334,80.85793833333334,80.85793833333334 -2.2575383333333336,80.85756333333333,80.85756333333333 -2.2528699999999997,80.85718833333334,80.85718833333334 -2.2482033333333336,80.85681166666667,80.85681166666667 -2.243543333333333,80.85643166666667,80.85643166666667 -2.238883333333334,80.85605166666664,80.85605166666664 -2.2342250000000003,80.85567166666667,80.85567166666667 -2.2295700000000003,80.85528833333332,80.85528833333332 -2.2249200000000005,80.85490499999999,80.85490499999999 -2.2202699999999993,80.85452000000001,80.85452000000001 -2.2156216666666664,80.85413666666668,80.85413666666668 -2.210975,80.85375000000002,80.85375000000002 -2.20633,80.85336333333333,80.85336333333333 -2.2016866666666663,80.85297833333333,80.85297833333333 -2.1970416666666663,80.85259166666667,80.85259166666667 -2.1924,80.85220666666667,80.85220666666667 -2.18776,80.85182166666667,80.85182166666667 -2.1831233333333335,80.85144,80.85144 -2.1784850000000002,80.85105833333334,80.85105833333334 -2.173846666666667,80.85067833333333,80.85067833333333 -2.1692066666666667,80.8503,80.8503 -2.164563333333333,80.84992166666666,80.84992166666666 -2.1599150000000003,80.84954666666665,80.84954666666665 -2.155266666666667,80.84917,80.84917 -2.1506183333333335,80.84879666666669,80.84879666666669 -2.1459683333333337,80.848425,80.848425 -2.1413166666666665,80.84805500000002,80.84805500000002 -2.1366616666666665,80.84768833333332,80.84768833333332 -2.1320066666666664,80.84732333333332,80.84732333333332 -2.127346666666667,80.84696333333333,80.84696333333333 -2.122685,80.84660333333332,80.84660333333332 -2.118015,80.84624666666667,80.84624666666667 -2.1133383333333335,80.84589166666667,80.84589166666667 -2.1086583333333335,80.84553666666667,80.84553666666667 -2.1039749999999997,80.84518,80.84518 -2.099288333333333,80.84482333333334,80.84482333333334 -2.094605,80.84446666666668,80.84446666666668 -2.0899199999999998,80.84410666666666,80.84410666666666 -2.085236666666667,80.84374666666666,80.84374666666666 -2.0805616666666666,80.84338500000001,80.84338500000001 -2.075898333333333,80.84302166666667,80.84302166666667 -2.071245,80.84265333333332,80.84265333333332 -2.0665966666666664,80.84228333333333,80.84228333333333 -2.0619533333333333,80.84191000000001,80.84191000000001 -2.057313333333333,80.84153500000002,80.84153500000002 -2.0526766666666667,80.841155,80.841155 -2.0480416666666663,80.840775,80.840775 -2.04341,80.84039166666666,80.84039166666666 -2.0387799999999996,80.84000666666668,80.84000666666668 -2.0341466666666665,80.83962333333335,80.83962333333335 -2.02951,80.83924,80.83924 -2.02487,80.83885499999998,80.83885499999998 -2.0202283333333333,80.83847166666668,80.83847166666668 -2.01559,80.83808666666667,80.83808666666667 -2.010955,80.83770166666667,80.83770166666667 -2.0063233333333335,80.83731666666665,80.83731666666665 -2.00169,80.83693,80.83693 -1.9970599999999998,80.83654166666666,80.83654166666666 -1.9924300000000001,80.83615333333334,80.83615333333334 -1.9878050000000003,80.83576500000002,80.83576500000002 -1.9831800000000002,80.83537666666668,80.83537666666668 -1.978555,80.83498666666667,80.83498666666667 -1.9739316666666666,80.83459833333333,80.83459833333333 -1.9693083333333332,80.83420833333332,80.83420833333332 -1.964678333333333,80.83382,80.83382 -1.9600416666666667,80.83343333333335,80.83343333333335 -1.9554000000000005,80.833045,80.833045 -1.9507516666666662,80.83265833333333,80.83265833333333 -1.9460933333333337,80.83227166666667,80.83227166666667 -1.9414250000000002,80.83188666666668,80.83188666666668 -1.9367466666666666,80.83150166666665,80.83150166666665 -1.9320583333333332,80.83111666666667,80.83111666666667 -1.9273616666666666,80.83073333333334,80.83073333333334 -1.922661666666667,80.83035166666666,80.83035166666666 -1.9179599999999999,80.82996833333333,80.82996833333333 -1.9132566666666668,80.82958833333333,80.82958833333333 -1.9085516666666666,80.82920833333333,80.82920833333333 -1.9038466666666665,80.82882833333333,80.82882833333333 -1.8991433333333332,80.82845000000002,80.82845000000002 -1.8944383333333334,80.82807166666666,80.82807166666666 -1.889733333333333,80.82769166666668,80.82769166666668 -1.8850316666666664,80.82731333333332,80.82731333333332 -1.8803333333333332,80.82693333333334,80.82693333333334 -1.8756366666666664,80.82655333333332,80.82655333333332 -1.8709416666666665,80.82617166666668,80.82617166666668 -1.8662466666666666,80.82579166666666,80.82579166666666 -1.8615533333333332,80.82540833333336,80.82540833333336 -1.856858333333333,80.82502500000001,80.82502500000001 -1.852161666666667,80.82464166666668,80.82464166666668 -1.8474633333333332,80.82425833333335,80.82425833333335 -1.842763333333333,80.82387333333332,80.82387333333332 -1.838061666666667,80.82348833333334,80.82348833333334 -1.8333549999999996,80.82310333333332,80.82310333333332 -1.8286433333333336,80.82271833333333,80.82271833333333 -1.8239283333333332,80.82233333333335,80.82233333333335 -1.819205,80.82194833333332,80.82194833333332 -1.8144766666666667,80.82156333333334,80.82156333333334 -1.8097416666666666,80.82118000000001,80.82118000000001 -1.8050033333333333,80.82079666666668,80.82079666666668 -1.8002600000000002,80.82041333333333,80.82041333333333 -1.795515,80.82003166666667,80.82003166666667 -1.7907683333333333,80.81965,80.81965 -1.7860216666666666,80.81927,80.81927 -1.7812716666666664,80.81888833333333,80.81888833333333 -1.7765183333333336,80.81850833333334,80.81850833333334 -1.7717633333333334,80.81812833333333,80.81812833333333 -1.7670049999999997,80.81774833333334,80.81774833333334 -1.7622433333333334,80.81737,80.81737 -1.7574800000000002,80.81699,80.81699 -1.752715,80.81661166666666,80.81661166666666 -1.7479449999999999,80.81623166666667,80.81623166666667 -1.743175,80.81585333333334,80.81585333333334 -1.7384050000000002,80.81547333333333,80.81547333333333 -1.733635,80.81509333333334,80.81509333333334 -1.7288683333333335,80.81471333333333,80.81471333333333 -1.724113333333333,80.81433333333332,80.81433333333332 -1.7193649999999998,80.81395,80.81395 -1.7146283333333332,80.81356666666667,80.81356666666667 -1.7099016666666667,80.81318333333333,80.81318333333333 -1.7051850000000002,80.81279833333333,80.81279833333333 -1.700478333333333,80.81241166666668,80.81241166666668 -1.695781666666667,80.81202333333334,80.81202333333334 -1.6910933333333331,80.811635,80.811635 -1.6864133333333333,80.81124499999999,80.81124499999999 -1.6817383333333333,80.810855,80.810855 -1.6770666666666665,80.81046333333333,80.81046333333333 -1.6724,80.81007,80.81007 -1.667733333333333,80.80967666666666,80.80967666666666 -1.6630666666666665,80.80928333333333,80.80928333333333 -1.6583983333333332,80.80888833333333,80.80888833333333 -1.6537300000000001,80.808495,80.808495 -1.6490600000000002,80.8081,80.8081 -1.6443883333333333,80.807705,80.807705 -1.6397133333333334,80.80731,80.80731 -1.6350366666666671,80.806915,80.806915 -1.6303550000000002,80.80652,80.80652 -1.6256716666666664,80.80612666666667,80.80612666666667 -1.6209883333333333,80.80573166666667,80.80573166666667 -1.6163066666666666,80.80533666666668,80.80533666666668 -1.6116233333333332,80.80494166666668,80.80494166666668 -1.6069400000000003,80.80454666666665,80.80454666666665 -1.6022566666666664,80.80415166666666,80.80415166666666 -1.5975699999999997,80.80375666666666,80.80375666666666 -1.5928849999999999,80.80336166666666,80.80336166666666 -1.5881966666666665,80.80296833333333,80.80296833333333 -1.5835066666666666,80.80257499999999,80.80257499999999 -1.5788166666666668,80.80218166666666,80.80218166666666 -1.5741283333333334,80.80178833333332,80.80178833333332 -1.5694366666666668,80.80139666666668,80.80139666666668 -1.5647433333333334,80.801005,80.801005 -1.56005,80.80061333333333,80.80061333333333 -1.5553533333333336,80.80022333333332,80.80022333333332 -1.5506516666666665,80.799835,80.799835 -1.5459500000000004,80.79944833333333,80.79944833333333 -1.5412433333333337,80.79906166666667,80.79906166666667 -1.5365350000000002,80.79867500000002,80.79867500000002 -1.5318250000000002,80.79829,80.79829 -1.5271150000000002,80.79790500000001,80.79790500000001 -1.5224050000000002,80.79752166666668,80.79752166666668 -1.5176933333333333,80.79713666666666,80.79713666666666 -1.5129866666666667,80.79675166666665,80.79675166666665 -1.50828,80.79636833333335,80.79636833333335 -1.5035749999999997,80.795985,80.795985 -1.4988699999999997,80.79560333333333,80.79560333333333 -1.4941650000000002,80.79522166666668,80.79522166666668 -1.4894583333333336,80.79484166666667,80.79484166666667 -1.4847533333333331,80.79446166666666,80.79446166666666 -1.48005,80.79408333333333,80.79408333333333 -1.4753533333333335,80.793705,80.793705 -1.4706633333333332,80.793325,80.793325 -1.4659850000000003,80.79294666666667,80.79294666666667 -1.46132,80.792565,80.792565 -1.4566716666666666,80.79218166666666,80.79218166666666 -1.452035,80.79179833333332,80.79179833333332 -1.4474133333333334,80.79141500000001,80.79141500000001 -1.4428066666666668,80.79102833333333,80.79102833333333 -1.4382116666666667,80.79064166666666,80.79064166666666 -1.4336283333333335,80.79025166666668,80.79025166666668 -1.429055,80.78986166666667,80.78986166666667 -1.4244883333333336,80.78947166666666,80.78947166666666 -1.4199283333333332,80.78908000000001,80.78908000000001 -1.4153683333333333,80.78868833333334,80.78868833333334 -1.4108100000000001,80.788295,80.788295 -1.4062466666666664,80.78790166666667,80.78790166666667 -1.4016816666666667,80.78750666666667,80.78750666666667 -1.3971149999999997,80.78711166666668,80.78711166666668 -1.3925416666666666,80.78671666666668,80.78671666666668 -1.3879666666666666,80.78631999999999,80.78631999999999 -1.3833866666666665,80.78592166666667,80.78592166666667 -1.3788033333333334,80.78552166666665,80.78552166666665 -1.3742133333333335,80.78512333333333,80.78512333333333 -1.3696133333333331,80.78472333333335,80.78472333333335 -1.3650033333333331,80.78432500000001,80.78432500000001 -1.3603816666666666,80.78392999999998,80.78392999999998 -1.3557533333333334,80.78353333333332,80.78353333333332 -1.3511183333333334,80.78313833333333,80.78313833333333 -1.3464783333333337,80.78274500000002,80.78274500000002 -1.3418366666666666,80.78235166666666,80.78235166666666 -1.3371916666666668,80.78195833333332,80.78195833333332 -1.3325416666666665,80.78156500000001,80.78156500000001 -1.3278883333333336,80.78117333333334,80.78117333333334 -1.3232333333333333,80.78078333333333,80.78078333333333 -1.3185766666666667,80.78039166666667,80.78039166666667 -1.3139216666666667,80.78,80.78 -1.30927,80.77960999999999,80.77960999999999 -1.3046183333333334,80.77921833333332,80.77921833333332 -1.2999650000000003,80.77882833333334,80.77882833333334 -1.2953083333333335,80.77843999999999,80.77843999999999 -1.2906416666666667,80.77805333333335,80.77805333333335 -1.285966666666667,80.77767000000001,80.77767000000001 -1.2812866666666665,80.77728833333335,80.77728833333335 -1.2766000000000002,80.77690833333332,80.77690833333332 -1.27191,80.77653000000001,80.77653000000001 -1.2672133333333333,80.77615333333334,80.77615333333334 -1.2625133333333334,80.77577666666666,80.77577666666666 -1.2578099999999999,80.77540166666665,80.77540166666665 -1.2531033333333332,80.77502833333334,80.77502833333334 -1.2483950000000001,80.774655,80.774655 -1.2436866666666666,80.77428166666667,80.77428166666667 -1.2389800000000002,80.77390833333335,80.77390833333335 -1.2342733333333331,80.77353499999998,80.77353499999998 -1.2295683333333336,80.77315833333334,80.77315833333334 -1.224866666666667,80.77278333333335,80.77278333333335 -1.2201683333333333,80.77240499999999,80.77240499999999 -1.2154716666666667,80.77202666666668,80.77202666666668 -1.21078,80.77164666666665,80.77164666666665 -1.2060899999999999,80.77126499999999,80.77126499999999 -1.2014066666666665,80.77088166666667,80.77088166666667 -1.1967266666666667,80.77049666666667,80.77049666666667 -1.1920516666666667,80.77011166666665,80.77011166666665 -1.1873833333333335,80.76972500000001,80.76972500000001 -1.182721666666667,80.76933666666666,80.76933666666666 -1.1780633333333332,80.76894666666668,80.76894666666668 -1.1734066666666667,80.76855666666667,80.76855666666667 -1.168755,80.76816666666666,80.76816666666666 -1.1641066666666668,80.76777500000001,80.76777500000001 -1.1594566666666668,80.76738333333334,80.76738333333334 -1.1548100000000001,80.76699333333333,80.76699333333333 -1.1501666666666668,80.7666,80.7666 -1.1455250000000001,80.766205,80.766205 -1.1408850000000001,80.76581166666666,80.76581166666666 -1.136245,80.765415,80.765415 -1.1316066666666666,80.76501833333334,80.76501833333334 -1.12697,80.76462166666668,80.76462166666668 -1.122335,80.76422166666667,80.76422166666667 -1.1177016666666668,80.76382166666666,80.76382166666666 -1.1130733333333334,80.76342,80.76342 -1.1084483333333335,80.76301666666666,80.76301666666666 -1.103825,80.76261333333332,80.76261333333332 -1.099205,80.76220666666667,80.76220666666667 -1.0945866666666668,80.76179999999998,80.76179999999998 -1.0899666666666665,80.76139333333334,80.76139333333334 -1.085345,80.760985,80.760985 -1.0807216666666666,80.76057666666667,80.76057666666667 -1.0760966666666667,80.76016833333334,80.76016833333334 -1.071465,80.75976166666666,80.75976166666666 -1.066825,80.759355,80.759355 -1.0621750000000003,80.75895,80.75895 -1.0575200000000002,80.75854666666667,80.75854666666667 -1.052855,80.75814333333334,80.75814333333334 -1.0481833333333332,80.75774,80.75774 -1.043505,80.75733833333334,80.75733833333334 -1.03882,80.75693666666666,80.75693666666666 -1.0341283333333335,80.75653499999999,80.75653499999999 -1.0294299999999998,80.756135,80.756135 -1.0247250000000003,80.755735,80.755735 -1.02002,80.75533499999999,80.75533499999999 -1.0153133333333333,80.75493666666667,80.75493666666667 -1.0106083333333333,80.75453666666668,80.75453666666668 -1.0059083333333332,80.75413833333333,80.75413833333333 -1.0012133333333335,80.75373833333333,80.75373833333333 -0.9965216666666667,80.75334000000001,80.75334000000001 -0.9918316666666668,80.75294,80.75294 -0.9871433333333334,80.75254166666667,80.75254166666667 -0.982455,80.75214333333332,80.75214333333332 -0.9777683333333334,80.75174333333332,80.75174333333332 -0.9730850000000001,80.751345,80.751345 -0.9684033333333333,80.75094666666668,80.75094666666668 -0.9637250000000002,80.75054666666666,80.75054666666666 -0.95905,80.75014666666665,80.75014666666665 -0.9543766666666667,80.74974666666667,80.74974666666667 -0.949705,80.74934666666667,80.74934666666667 -0.9450366666666666,80.74894666666668,80.74894666666668 -0.9403699999999999,80.74854666666667,80.74854666666667 -0.9357066666666667,80.748145,80.748145 -0.931045,80.747745,80.747745 -0.9263833333333332,80.74734166666669,80.74734166666669 -0.9217216666666667,80.74693999999998,80.74693999999998 -0.917055,80.74653833333333,80.74653833333333 -0.9123816666666666,80.74613833333333,80.74613833333333 -0.9076983333333334,80.74573999999998,80.74573999999998 -0.9030066666666666,80.74534166666666,80.74534166666666 -0.8983116666666667,80.744945,80.744945 -0.89361,80.74454833333331,80.74454833333331 -0.8889066666666667,80.74415166666665,80.74415166666665 -0.8842033333333332,80.743755,80.743755 -0.8794949999999999,80.74335833333333,80.74335833333333 -0.8747816666666667,80.74296333333334,80.74296333333334 -0.8700616666666666,80.74256999999999,80.74256999999999 -0.8653383333333332,80.74217666666667,80.74217666666667 -0.8606116666666667,80.74178333333333,80.74178333333333 -0.8558833333333333,80.74139166666666,80.74139166666666 -0.8511566666666667,80.74099999999999,80.74099999999999 -0.8464300000000001,80.74060666666665,80.74060666666665 -0.8417066666666667,80.74021333333334,80.74021333333334 -0.8369883333333333,80.73981999999998,80.73981999999998 -0.832275,80.73942499999998,80.73942499999998 -0.8275666666666668,80.73902833333332,80.73902833333332 -0.8228633333333334,80.73863,80.73863 -0.8181600000000001,80.73823166666666,80.73823166666666 -0.8134616666666667,80.73783166666668,80.73783166666668 -0.808765,80.73743,80.73743 -0.80407,80.73702833333333,80.73702833333333 -0.799375,80.736625,80.736625 -0.7946833333333332,80.73622166666667,80.73622166666667 -0.7899933333333333,80.73581666666666,80.73581666666666 -0.7853066666666667,80.73541333333334,80.73541333333334 -0.7806216666666667,80.73500833333331,80.73500833333331 -0.77594,80.73460333333334,80.73460333333334 -0.7712616666666667,80.73419833333335,80.73419833333335 -0.76659,80.73379333333332,80.73379333333332 -0.7619216666666666,80.73339,80.73339 -0.7572566666666667,80.732985,80.732985 -0.7525983333333334,80.73258,80.73258 -0.7479433333333335,80.73217666666667,80.73217666666667 -0.7432933333333334,80.73177166666665,80.73177166666665 -0.7386483333333334,80.73136833333334,80.73136833333334 -0.7340099999999999,80.73096500000001,80.73096500000001 -0.7293750000000001,80.73055999999998,80.73055999999998 -0.7247416666666667,80.73015833333334,80.73015833333334 -0.7201083333333332,80.72975499999998,80.72975499999998 -0.7154716666666667,80.729355,80.729355 -0.7108283333333334,80.72895666666668,80.72895666666668 -0.7061816666666667,80.72855833333332,80.72855833333332 -0.70153,80.72816166666667,80.72816166666667 -0.6968716666666667,80.727765,80.727765 -0.6922083333333333,80.72737000000001,80.72737000000001 -0.68754,80.726975,80.726975 -0.682865,80.72658166666666,80.72658166666666 -0.6781866666666666,80.72619,80.72619 -0.6735016666666667,80.72579833333333,80.72579833333333 -0.6688116666666666,80.72540833333335,80.72540833333335 -0.6641216666666666,80.72502,80.72502 -0.6594283333333334,80.72463166666665,80.72463166666665 -0.6547366666666666,80.72424500000001,80.72424500000001 -0.650045,80.72385833333333,80.72385833333333 -0.6453566666666666,80.72347166666667,80.72347166666667 -0.6406666666666666,80.72308500000001,80.72308500000001 -0.63598,80.7227,80.7227 -0.6312916666666666,80.72231333333335,80.72231333333335 -0.6266083333333333,80.72192666666666,80.72192666666666 -0.621925,80.72154,80.72154 -0.6172433333333333,80.72115333333333,80.72115333333333 -0.6125616666666667,80.72076666666668,80.72076666666668 -0.60788,80.72037999999999,80.72037999999999 -0.6031983333333334,80.71999333333333,80.71999333333333 -0.5985199999999999,80.719605,80.719605 -0.5938483333333333,80.71921499999999,80.71921499999999 -0.5891883333333334,80.71882,80.71882 -0.5845416666666666,80.71842333333333,80.71842333333333 -0.57991,80.71802166666667,80.71802166666667 -0.5752916666666666,80.71761666666667,80.71761666666667 -0.5706833333333333,80.71720833333333,80.71720833333333 -0.5660799999999999,80.71679833333332,80.71679833333332 -0.5614800000000001,80.71638833333334,80.71638833333334 -0.5568766666666667,80.71597833333333,80.71597833333333 -0.5522700000000001,80.71556666666666,80.71556666666666 -0.5476583333333332,80.71515500000001,80.71515500000001 -0.54304,80.71474166666665,80.71474166666665 -0.5384183333333334,80.71433000000002,80.71433000000002 -0.5337933333333333,80.71391666666666,80.71391666666666 -0.52917,80.71350333333332,80.71350333333332 -0.5245483333333333,80.71308833333333,80.71308833333333 -0.5199283333333333,80.71267333333334,80.71267333333334 -0.5153083333333334,80.71226,80.71226 -0.5106866666666667,80.71184666666667,80.71184666666667 -0.506065,80.71143500000001,80.71143500000001 -0.501445,80.71102166666667,80.71102166666667 -0.49682499999999996,80.71061,80.71061 -0.4922066666666666,80.71019833333334,80.71019833333334 -0.48759166666666665,80.709785,80.709785 -0.48297999999999996,80.70937166666667,80.70937166666667 -0.47837166666666675,80.70895833333334,80.70895833333334 -0.47376499999999994,80.70854333333334,80.70854333333334 -0.46915999999999997,80.70812833333332,80.70812833333332 -0.464555,80.70771333333333,80.70771333333333 -0.4599433333333333,80.70729833333334,80.70729833333334 -0.45532999999999996,80.706885,80.706885 -0.4507166666666667,80.70647000000001,80.70647000000001 -0.44610166666666673,80.70605666666668,80.70605666666668 -0.44148499999999996,80.70564333333333,80.70564333333333 -0.43686666666666674,80.70523166666668,80.70523166666668 -0.4322499999999999,80.70481833333332,80.70481833333332 -0.4276333333333334,80.70440666666667,80.70440666666667 -0.42301500000000003,80.703995,80.703995 -0.41839666666666664,80.703585,80.703585 -0.41378,80.70317333333332,80.70317333333332 -0.40916500000000006,80.70276333333332,80.70276333333332 -0.40454999999999997,80.70235333333333,80.70235333333333 -0.3999333333333333,80.70194333333333,80.70194333333333 -0.39531499999999997,80.70153499999999,80.70153499999999 -0.3906916666666667,80.70112666666667,80.70112666666667 -0.3860633333333333,80.70072,80.70072 -0.38143166666666667,80.70031499999999,80.70031499999999 -0.376795,80.69990999999999,80.69990999999999 -0.3721516666666667,80.69950666666666,80.69950666666666 -0.3675,80.69910499999999,80.69910499999999 -0.3628383333333333,80.698705,80.698705 -0.35816833333333337,80.69830666666665,80.69830666666665 -0.3534883333333333,80.69791,80.69791 -0.3488,80.697515,80.697515 -0.34410333333333337,80.69712,80.69712 -0.33939833333333336,80.69672666666666,80.69672666666666 -0.33469166666666667,80.69633333333333,80.69633333333333 -0.32998,80.69594,80.69594 -0.32526666666666665,80.69554666666666,80.69554666666666 -0.32055333333333336,80.69515166666666,80.69515166666666 -0.31584166666666663,80.69475833333333,80.69475833333333 -0.31113166666666664,80.69436333333333,80.69436333333333 -0.3064233333333334,80.69396833333333,80.69396833333333 -0.30172166666666667,80.69357166666667,80.69357166666667 -0.29702666666666666,80.69317333333333,80.69317333333333 -0.29234166666666667,80.69277333333332,80.69277333333332 -0.28766333333333327,80.69237166666667,80.69237166666667 -0.2829916666666667,80.69196833333334,80.69196833333334 -0.27832666666666667,80.69156500000001,80.69156500000001 -0.273665,80.69116166666664,80.69116166666664 -0.2690033333333333,80.69075833333333,80.69075833333333 -0.2643416666666667,80.69035500000001,80.69035500000001 -0.25968,80.68995166666667,80.68995166666667 -0.25502166666666665,80.68954666666667,80.68954666666667 -0.2503666666666667,80.68914166666666,80.68914166666666 -0.2457166666666667,80.68873666666666,80.68873666666666 -0.24107166666666666,80.68833000000001,80.68833000000001 -0.23643333333333333,80.68792166666668,80.68792166666668 -0.23180166666666663,80.68751333333334,80.68751333333334 -0.22717833333333332,80.68710166666666,80.68710166666666 -0.2225633333333333,80.68669,80.68669 -0.21796,80.68627500000001,80.68627500000001 -0.21336333333333335,80.68585833333333,80.68585833333333 -0.20877666666666664,80.68544166666666,80.68544166666666 -0.20419666666666664,80.68502166666666,80.68502166666666 -0.19962166666666667,80.68460166666668,80.68460166666668 -0.19505333333333336,80.68418166666667,80.68418166666667 -0.19049,80.68376,80.68376 -0.18593166666666666,80.68334,80.68334 -0.1813783333333333,80.68291833333333,80.68291833333333 -0.1768266666666667,80.68249833333333,80.68249833333333 -0.17227499999999996,80.68207833333332,80.68207833333332 -0.16772333333333334,80.68166000000001,80.68166000000001 -0.1631716666666667,80.68124333333334,80.68124333333334 -0.15861666666666666,80.68082666666666,80.68082666666666 -0.15405666666666665,80.68041333333333,80.68041333333333 -0.149495,80.68,80.68 -0.14492833333333333,80.67958833333333,80.67958833333333 -0.14036166666666666,80.67917833333333,80.67917833333333 -0.13579333333333332,80.67876833333334,80.67876833333334 -0.13122666666666666,80.67836166666666,80.67836166666666 -0.12666,80.67795333333333,80.67795333333333 -0.12209666666666667,80.67754833333335,80.67754833333335 -0.11753333333333334,80.67714166666666,80.67714166666666 -0.11297333333333336,80.67673833333333,80.67673833333333 -0.10841333333333335,80.676335,80.676335 -0.10385333333333335,80.67593333333332,80.67593333333332 -0.09929333333333334,80.67553166666667,80.67553166666667 -0.09473,80.67513333333333,80.67513333333333 -0.09016500000000001,80.67473499999998,80.67473499999998 -0.08559833333333333,80.67433833333332,80.67433833333332 -0.08103333333333333,80.67394166666666,80.67394166666666 -0.07646833333333333,80.673545,80.673545 -0.07190666666666667,80.67314833333332,80.67314833333332 -0.06734666666666667,80.67275166666666,80.67275166666666 -0.06279,80.672355,80.672355 -0.05823666666666667,80.67195833333334,80.67195833333334 -0.05368833333333333,80.67156,80.67156 -0.04914833333333334,80.67115999999999,80.67115999999999 -0.04461666666666667,80.67075666666665,80.67075666666665 -0.04010166666666667,80.67035,80.67035 -0.03560833333333333,80.66993833333332,80.66993833333332 -0.031139999999999998,80.66952166666667,80.66952166666667 -0.026699999999999998,80.66909833333334,80.66909833333334 -0.022288333333333334,80.66866833333333,80.66866833333333 -0.017906666666666668,80.66823166666666,80.66823166666666 -0.013553333333333334,80.66779,80.66779 -0.009226666666666668,80.66734166666667,80.66734166666667 -0.004926666666666667,80.66688833333333,80.66688833333333 -0.0006399999999999998,80.66643333333334,80.66643333333334 0.0036383333333333333,80.66597833333333,80.66597833333333 0.007906666666666666,80.66551999999999,80.66551999999999 0.012166666666666666,80.66506166666666,80.66506166666666 0.016421666666666664,80.66460166666668,80.66460166666668 0.020671666666666665,80.66414166666665,80.66414166666665 0.024918333333333337,80.66368000000001,80.66368000000001 0.029163333333333333,80.66321833333333,80.66321833333333 0.03341,80.66275833333333,80.66275833333333 0.03766166666666667,80.6623,80.6623 0.04192166666666666,80.66184333333335,80.66184333333335 0.04618833333333334,80.66138833333333,80.66138833333333 0.05046333333333334,80.66093500000001,80.66093500000001 0.054738333333333326,80.66048333333332,80.66048333333332 0.05900833333333333,80.66003166666665,80.66003166666665 0.063265,80.65957833333333,80.65957833333333 0.06751166666666666,80.65912333333334,80.65912333333334 0.07174666666666667,80.65866833333334,80.65866833333334 0.07597000000000001,80.65821,80.65821 0.08017500000000001,80.65775,80.65775 0.084365,80.65728666666668,80.65728666666668 0.08854666666666666,80.65682333333332,80.65682333333332 0.09272,80.65635666666668,80.65635666666668 0.09689166666666668,80.65589166666666,80.65589166666666 0.10107333333333333,80.65542666666668,80.65542666666668 0.10526333333333335,80.65496666666665,80.65496666666665 0.10946333333333334,80.65450666666668,80.65450666666668 0.11367166666666666,80.65404833333335,80.65404833333335 0.1178883333333333,80.65359166666667,80.65359166666667 0.12211,80.65313666666665,80.65313666666665 0.12633499999999998,80.65268333333333,80.65268333333333 0.13056166666666666,80.65222999999999,80.65222999999999 0.13478666666666667,80.65177666666666,80.65177666666666 0.13900666666666667,80.651325,80.651325 0.14322000000000001,80.65087166666667,80.65087166666667 0.14743166666666668,80.65042000000001,80.65042000000001 0.15164,80.64996833333332,80.64996833333332 0.1558483333333333,80.64951666666666,80.64951666666666 0.16005666666666668,80.64906666666668,80.64906666666668 0.16427,80.64861499999999,80.64861499999999 0.16848500000000002,80.64816333333333,80.64816333333333 0.17270333333333332,80.64771,80.64771 0.17692333333333332,80.64725666666665,80.64725666666665 0.18114833333333333,80.64680333333332,80.64680333333332 0.18537333333333333,80.64635,80.64635 0.1896,80.64589333333333,80.64589333333333 0.19382666666666667,80.64543666666668,80.64543666666668 0.198055,80.64497666666665,80.64497666666665 0.20228500000000002,80.64451666666668,80.64451666666668 0.20652166666666666,80.644055,80.644055 0.2107633333333333,80.64359166666667,80.64359166666667 0.21501000000000003,80.64312666666666,80.64312666666666 0.2192616666666667,80.64266166666667,80.64266166666667 0.22351833333333332,80.642195,80.642195 0.22777833333333333,80.64172833333333,80.64172833333333 0.23204166666666665,80.64126166666665,80.64126166666665 0.23631,80.64079333333335,80.64079333333335 0.24058000000000002,80.64032666666667,80.64032666666667 0.24485166666666666,80.63986,80.63986 0.24912166666666663,80.63939333333333,80.63939333333333 0.2533883333333333,80.63892499999999,80.63892499999999 0.2576483333333333,80.63845833333335,80.63845833333335 0.2619066666666667,80.63799,80.63799 0.26616,80.63752333333333,80.63752333333333 0.27040666666666663,80.637055,80.637055 0.274645,80.63658833333335,80.63658833333335 0.2788716666666667,80.63612166666668,80.63612166666668 0.2830883333333333,80.63565333333332,80.63565333333332 0.28729333333333334,80.635185,80.635185 0.29148500000000005,80.63471500000001,80.63471500000001 0.2956666666666666,80.63424499999999,80.63424499999999 0.2998366666666667,80.63377499999999,80.63377499999999 0.303995,80.63330333333333,80.63330333333333 0.3081433333333334,80.63283000000001,80.63283000000001 0.3122833333333333,80.63235666666667,80.63235666666667 0.31642166666666666,80.631885,80.631885 0.32056166666666663,80.63141333333334,80.63141333333334 0.32470166666666667,80.63094166666666,80.63094166666666 0.3288466666666666,80.63046833333334,80.63046833333334 0.3330033333333334,80.62999666666666,80.62999666666666 0.33716666666666667,80.62952333333332,80.62952333333332 0.34133500000000006,80.62904833333334,80.62904833333334 0.3455083333333333,80.62857333333334,80.62857333333334 0.3496883333333333,80.62809666666666,80.62809666666666 0.35387166666666664,80.62762166666666,80.62762166666666 0.35806166666666667,80.62714500000001,80.62714500000001 0.3622583333333333,80.62666833333334,80.62666833333334 0.3664616666666667,80.62619166666667,80.62619166666667 0.3706716666666667,80.625715,80.625715 0.37488499999999997,80.62523833333333,80.62523833333333 0.3791,80.62476166666667,80.62476166666667 0.383315,80.62428666666666,80.62428666666666 0.38752833333333336,80.62381166666668,80.62381166666668 0.3917366666666667,80.62333833333334,80.62333833333334 0.39594,80.62286666666668,80.62286666666668 0.40014333333333335,80.62239500000001,80.62239500000001 0.40434833333333325,80.62192499999999,80.62192499999999 0.408555,80.62145833333335,80.62145833333335 0.41276333333333337,80.62099166666667,80.62099166666667 0.4169766666666667,80.62052666666666,80.62052666666666 0.4211933333333333,80.62006333333333,80.62006333333333 0.42541333333333325,80.61960166666665,80.61960166666665 0.42963333333333337,80.61914333333334,80.61914333333334 0.4338516666666666,80.618685,80.618685 0.4380716666666667,80.61822833333333,80.61822833333333 0.4422916666666667,80.61777333333332,80.61777333333332 0.4465116666666667,80.61731666666667,80.61731666666667 0.45073166666666664,80.61685999999999,80.61685999999999 0.45494999999999997,80.61640166666666,80.61640166666666 0.459165,80.61594333333335,80.61594333333335 0.463375,80.61548166666665,80.61548166666665 0.4675816666666667,80.61502,80.61502 0.4717883333333334,80.61455833333333,80.61455833333333 0.47599,80.61409499999999,80.61409499999999 0.480185,80.61363166666666,80.61363166666666 0.4843766666666667,80.61316666666667,80.61316666666667 0.48856666666666665,80.61270333333333,80.61270333333333 0.492755,80.61224,80.61224 0.4969383333333332,80.611775,80.611775 0.5011216666666666,80.61131,80.61131 0.5053033333333333,80.610845,80.610845 0.509485,80.61037833333333,80.61037833333333 0.513665,80.60991166666665,80.60991166666665 0.517845,80.60944500000001,80.60944500000001 0.522025,80.60897666666666,80.60897666666666 0.5262100000000001,80.60851,80.60851 0.5303966666666665,80.60804166666667,80.60804166666667 0.534585,80.60757166666666,80.60757166666666 0.5387783333333335,80.60710333333333,80.60710333333333 0.5429733333333334,80.60663500000001,80.60663500000001 0.547165,80.60616499999999,80.60616499999999 0.5513533333333334,80.60569666666666,80.60569666666666 0.5555416666666668,80.60522833333333,80.60522833333333 0.55973,80.60476166666668,80.60476166666668 0.5639133333333334,80.60429333333335,80.60429333333335 0.5680966666666666,80.60382666666666,80.60382666666666 0.5722866666666667,80.60336,80.60336 0.5764833333333332,80.60289333333334,80.60289333333334 0.5806816666666667,80.60242499999998,80.60242499999998 0.58489,80.60195833333334,80.60195833333334 0.5891049999999999,80.60149333333332,80.60149333333332 0.593325,80.60102666666666,80.60102666666666 0.5975466666666667,80.60056166666666,80.60056166666666 0.6017716666666667,80.60009833333335,80.60009833333335 0.6060016666666667,80.59963499999999,80.59963499999999 0.6102316666666666,80.59917333333334,80.59917333333334 0.6144633333333334,80.59870999999998,80.59870999999998 0.6186966666666667,80.59825000000001,80.59825000000001 0.6229299999999999,80.59778833333333,80.59778833333333 0.6271683333333333,80.59732833333335,80.59732833333335 0.63141,80.59686666666667,80.59686666666667 0.63566,80.59640666666667,80.59640666666667 0.6399199999999999,80.595945,80.595945 0.64419,80.59548333333335,80.59548333333335 0.6484716666666666,80.59501999999999,80.59501999999999 0.6527566666666667,80.59455666666668,80.59455666666668 0.6570466666666667,80.59409166666666,80.59409166666666 0.661335,80.59362666666665,80.59362666666665 0.6656199999999999,80.59316166666666,80.59316166666666 0.6698983333333334,80.59269499999999,80.59269499999999 0.6741733333333334,80.59222833333334,80.59222833333334 0.678445,80.59176166666667,80.59176166666667 0.6827083333333333,80.59129333333334,80.59129333333334 0.6869616666666667,80.59082333333333,80.59082333333333 0.6912066666666666,80.59035333333334,80.59035333333334 0.6954433333333333,80.58988,80.58988 0.69967,80.58940666666668,80.58940666666668 0.7038866666666667,80.58893,80.58893 0.7080933333333332,80.58845333333333,80.58845333333333 0.7122883333333333,80.587975,80.587975 0.7164683333333334,80.587495,80.587495 0.720635,80.58701333333335,80.58701333333335 0.7247899999999999,80.58653,80.58653 0.7289316666666666,80.58604333333332,80.58604333333332 0.7330616666666666,80.58555666666666,80.58555666666666 0.7371766666666667,80.58506833333333,80.58506833333333 0.7412783333333334,80.584575,80.584575 0.7453633333333334,80.58408,80.58408 0.7494333333333334,80.58358333333334,80.58358333333334 0.75349,80.58308333333333,80.58308333333333 0.7575266666666666,80.58258166666666,80.58258166666666 0.76155,80.58207666666668,80.58207666666668 0.7655583333333335,80.58156999999999,80.58156999999999 0.76955,80.58106333333332,80.58106333333332 0.7735249999999999,80.58055333333333,80.58055333333333 0.777485,80.58004,80.58004 0.7814283333333333,80.57952666666668,80.57952666666668 0.7853533333333335,80.57901166666667,80.57901166666667 0.7892666666666668,80.578495,80.578495 0.7931766666666666,80.57798000000001,80.57798000000001 0.7970866666666666,80.57746666666667,80.57746666666667 0.800995,80.57695166666666,80.57695166666666 0.8049033333333334,80.57644,80.57644 0.8088183333333334,80.57592833333334,80.57592833333334 0.8127383333333333,80.57541833333335,80.57541833333335 0.8166616666666666,80.57490999999999,80.57490999999999 0.8205916666666667,80.57440166666666,80.57440166666666 0.8245316666666666,80.573895,80.573895 0.8284833333333333,80.57339000000002,80.57339000000002 0.8324450000000001,80.57288666666668,80.57288666666668 0.8364199999999998,80.572385,80.572385 0.8404066666666666,80.571885,80.571885 0.8444016666666667,80.57138666666667,80.57138666666667 0.8484016666666667,80.57088833333334,80.57088833333334 0.85241,80.57039333333333,80.57039333333333 0.8564283333333333,80.56989833333333,80.56989833333333 0.8604516666666667,80.56940666666667,80.56940666666667 0.8644833333333333,80.56891666666668,80.56891666666668 0.868525,80.56842833333334,80.56842833333334 0.8725766666666666,80.56794166666667,80.56794166666667 0.8766433333333332,80.56745833333333,80.56745833333333 0.8807216666666667,80.56697833333334,80.56697833333334 0.8848116666666666,80.5665,80.5665 0.8889133333333333,80.56602666666666,80.56602666666666 0.8930249999999998,80.56555499999999,80.56555499999999 0.8971449999999999,80.56508666666666,80.56508666666666 0.9012766666666666,80.56462166666667,80.56462166666667 0.9054183333333333,80.56415999999999,80.56415999999999 0.90957,80.56370166666667,80.56370166666667 0.9137299999999999,80.563245,80.563245 0.9178966666666667,80.56278999999999,80.56278999999999 0.9220700000000001,80.562335,80.562335 0.9262500000000001,80.56188166666668,80.56188166666668 0.9304366666666668,80.56143000000002,80.56143000000002 0.9346266666666665,80.56098000000001,80.56098000000001 0.9388249999999999,80.56053166666668,80.56053166666668 0.94303,80.56008333333334,80.56008333333334 0.9472400000000001,80.55963833333334,80.55963833333334 0.9514566666666666,80.55919333333333,80.55919333333333 0.9556783333333334,80.55875,80.55875 0.959905,80.55831,80.55831 0.964135,80.55786833333333,80.55786833333333 0.96837,80.55743,80.55743 0.9726083333333333,80.55699166666666,80.55699166666666 0.9768500000000001,80.556555,80.556555 0.981095,80.55611833333334,80.55611833333334 0.9853433333333333,80.55568166666667,80.55568166666667 0.9895949999999999,80.55524666666666,80.55524666666666 0.9938499999999999,80.55481166666667,80.55481166666667 0.998105,80.55437666666667,80.55437666666667 1.0023599999999997,80.55394166666666,80.55394166666666 1.0066166666666667,80.55350333333334,80.55350333333334 1.0108733333333333,80.553065,80.553065 1.0151316666666668,80.55262666666667,80.55262666666667 1.0193933333333334,80.55218833333332,80.55218833333332 1.0236550000000002,80.55174833333335,80.55174833333335 1.0279166666666668,80.55130833333332,80.55130833333332 1.0321783333333332,80.55086666666665,80.55086666666665 1.0364383333333334,80.55042499999999,80.55042499999999 1.0406966666666668,80.54998166666667,80.54998166666667 1.0449516666666667,80.54953666666667,80.54953666666667 1.0492066666666664,80.54908999999999,80.54908999999999 1.05346,80.54864333333332,80.54864333333332 1.0577066666666666,80.54819666666667,80.54819666666667 1.0619483333333333,80.54774666666667,80.54774666666667 1.0661800000000001,80.54729666666667,80.54729666666667 1.0704066666666665,80.54684333333331,80.54684333333331 1.0746283333333335,80.54639166666665,80.54639166666665 1.0788433333333332,80.54593666666666,80.54593666666666 1.0830533333333332,80.54548166666667,80.54548166666667 1.0872566666666668,80.54502500000001,80.54502500000001 1.0914549999999998,80.54456666666667,80.54456666666667 1.0956483333333331,80.54410666666666,80.54410666666666 1.099835,80.54364333333332,80.54364333333332 1.104015,80.54317833333333,80.54317833333333 1.1081899999999998,80.54271166666666,80.54271166666666 1.1123566666666669,80.54224333333333,80.54224333333333 1.116515,80.54177166666666,80.54177166666666 1.1206633333333333,80.54129666666665,80.54129666666665 1.1248016666666667,80.54082166666667,80.54082166666667 1.128935,80.540345,80.540345 1.133065,80.53986666666667,80.53986666666667 1.1371983333333333,80.53938833333333,80.53938833333333 1.1413216666666666,80.53891,80.53891 1.145445,80.53843333333333,80.53843333333333 1.1495683333333335,80.53795666666666,80.53795666666666 1.153693333333333,80.53748000000002,80.53748000000002 1.1578183333333334,80.53700666666667,80.53700666666667 1.1619433333333336,80.53653333333334,80.53653333333334 1.1660633333333335,80.53605999999999,80.53605999999999 1.1701800000000002,80.53558833333334,80.53558833333334 1.1742916666666665,80.53511666666668,80.53511666666668 1.1783933333333332,80.534645,80.534645 1.18249,80.53417166666667,80.53417166666667 1.18658,80.53370000000001,80.53370000000001 1.1906700000000001,80.53322666666666,80.53322666666666 1.1947583333333336,80.53275333333332,80.53275333333332 1.19885,80.53228,80.53228 1.2029433333333335,80.53180666666667,80.53180666666667 1.2070349999999999,80.53133166666666,80.53133166666666 1.21113,80.53085833333331,80.53085833333331 1.21523,80.530385,80.530385 1.2193316666666667,80.52991166666668,80.52991166666668 1.223435,80.52943833333333,80.52943833333333 1.2275416666666668,80.52896666666666,80.52896666666666 1.2316466666666666,80.52849666666667,80.52849666666667 1.2357499999999997,80.52802666666668,80.52802666666668 1.23985,80.52755666666667,80.52755666666667 1.2439483333333332,80.52708666666668,80.52708666666668 1.248045,80.52661666666665,80.52661666666665 1.252135,80.52614666666666,80.52614666666666 1.2562216666666666,80.52567499999999,80.52567499999999 1.2603016666666664,80.52520333333334,80.52520333333334 1.264375,80.52473166666668,80.52473166666668 1.2684399999999998,80.52425666666667,80.52425666666667 1.2725,80.52378166666668,80.52378166666668 1.2765583333333337,80.523305,80.523305 1.2806133333333334,80.52282666666666,80.52282666666666 1.2846616666666668,80.52234666666666,80.52234666666666 1.2887033333333333,80.521865,80.521865 1.2927400000000002,80.52138,80.52138 1.2967716666666664,80.52089500000001,80.52089500000001 1.300795,80.52040666666667,80.52040666666667 1.3048133333333332,80.51991833333332,80.51991833333332 1.308823333333333,80.51942666666666,80.51942666666666 1.312825,80.51893333333335,80.51893333333335 1.3168166666666667,80.51844,80.51844 1.3207983333333335,80.51794333333333,80.51794333333333 1.3247699999999998,80.51744500000001,80.51744500000001 1.32873,80.516945,80.516945 1.3326783333333334,80.51644333333333,80.51644333333333 1.3366166666666666,80.51593999999999,80.51593999999999 1.3405466666666668,80.51543666666667,80.51543666666667 1.3444733333333334,80.51493166666667,80.51493166666667 1.3483933333333333,80.51442833333333,80.51442833333333 1.3523100000000001,80.51392333333332,80.51392333333332 1.356225,80.51341833333332,80.51341833333332 1.36014,80.512915,80.512915 1.364055,80.51241166666667,80.51241166666667 1.3679700000000001,80.51191,80.51191 1.371885,80.51140666666666,80.51140666666666 1.3758000000000004,80.51090500000001,80.51090500000001 1.3797183333333336,80.51040333333333,80.51040333333333 1.383635,80.50990166666668,80.50990166666668 1.3875533333333332,80.50940166666666,80.50940166666666 1.391476666666667,80.50890166666666,80.50890166666666 1.3954050000000002,80.50840166666667,80.50840166666667 1.3993383333333334,80.50790333333332,80.50790333333332 1.403276666666667,80.50740666666667,80.50740666666667 1.4072266666666664,80.50691,80.50691 1.4111883333333333,80.506415,80.506415 1.41516,80.50591999999999,80.50591999999999 1.41914,80.50542666666668,80.50542666666668 1.4231316666666667,80.50493499999999,80.50493499999999 1.4271333333333334,80.50444333333334,80.50444333333334 1.4311416666666668,80.50395166666668,80.50395166666668 1.4351583333333335,80.50346166666667,80.50346166666667 1.4391833333333333,80.50297,80.50297 1.4432183333333337,80.50248,80.50248 1.4472633333333336,80.50199166666665,80.50199166666665 1.4513233333333333,80.50150333333332,80.50150333333332 1.455401666666667,80.50101833333333,80.50101833333333 1.4594966666666667,80.50053333333334,80.50053333333334 1.4636066666666667,80.50004999999999,80.50004999999999 1.4677316666666664,80.49956666666667,80.49956666666667 1.4718716666666667,80.49908666666667,80.49908666666667 1.4760216666666666,80.49860499999998,80.49860499999998 1.4801783333333332,80.49812666666668,80.49812666666668 1.4843383333333335,80.49764666666665,80.49764666666665 1.4885,80.49716833333332,80.49716833333332 1.4926700000000004,80.49669166666665,80.49669166666665 1.49684,80.49621666666667,80.49621666666667 1.50101,80.49574166666666,80.49574166666666 1.5051799999999997,80.49526833333334,80.49526833333334 1.5093466666666668,80.49479666666666,80.49479666666666 1.5135100000000001,80.49432499999999,80.49432499999999 1.5176683333333334,80.493855,80.493855 1.5218233333333337,80.493385,80.493385 1.5259783333333332,80.492915,80.492915 1.5301333333333331,80.492445,80.492445 1.5342883333333335,80.49197666666667,80.49197666666667 1.5384449999999998,80.49150666666667,80.49150666666667 1.542603333333333,80.49103833333334,80.49103833333334 1.5467633333333333,80.49057,80.49057 1.5509249999999999,80.4901,80.4901 1.555086666666667,80.48963166666667,80.48963166666667 1.55925,80.48916333333334,80.48916333333334 1.5634183333333334,80.48869499999999,80.48869499999999 1.5675916666666665,80.48822833333332,80.48822833333332 1.571766666666667,80.48776166666667,80.48776166666667 1.575945,80.48729666666667,80.48729666666667 1.5801266666666667,80.48683166666666,80.48683166666666 1.5843116666666666,80.48636666666667,80.48636666666667 1.5884966666666664,80.48590166666666,80.48590166666666 1.5926816666666668,80.48543833333333,80.48543833333333 1.5968683333333331,80.48497333333333,80.48497333333333 1.6010550000000001,80.48451,80.48451 1.6052400000000002,80.48404666666667,80.48404666666667 1.6094266666666668,80.48358333333333,80.48358333333333 1.6136133333333333,80.48312,80.48312 1.6178016666666664,80.48265833333335,80.48265833333335 1.6219916666666667,80.48219666666668,80.48219666666668 1.6261816666666664,80.481735,80.481735 1.63037,80.48127333333333,80.48127333333333 1.63456,80.48081333333333,80.48081333333333 1.6387450000000001,80.48035166666668,80.48035166666668 1.6429299999999998,80.47989166666667,80.47989166666667 1.6471100000000005,80.47943166666667,80.47943166666667 1.6512883333333335,80.47896999999999,80.47896999999999 1.6554633333333335,80.47851000000001,80.47851000000001 1.6596366666666669,80.47805,80.47805 1.6638066666666664,80.47758833333333,80.47758833333333 1.6679700000000004,80.47712666666666,80.47712666666666 1.6721283333333332,80.47666500000001,80.47666500000001 1.6762783333333333,80.47620333333332,80.47620333333332 1.6804216666666667,80.47574,80.47574 1.6845583333333332,80.47527499999998,80.47527499999998 1.6886883333333333,80.47481,80.47481 1.6928083333333335,80.47434499999999,80.47434499999999 1.6969183333333333,80.47387833333335,80.47387833333335 1.7010216666666667,80.47341,80.47341 1.7051166666666664,80.47294166666667,80.47294166666667 1.7092050000000003,80.47247333333334,80.47247333333334 1.7132866666666668,80.47200333333333,80.47200333333333 1.7173666666666667,80.47153333333334,80.47153333333334 1.7214383333333338,80.47106333333332,80.47106333333332 1.7255033333333336,80.47059166666666,80.47059166666666 1.7295633333333331,80.47012,80.47012 1.733615,80.46964833333334,80.46964833333334 1.7376583333333335,80.46917499999999,80.46917499999999 1.7416916666666666,80.46870000000001,80.46870000000001 1.745718333333333,80.46822333333334,80.46822333333334 1.7497333333333334,80.46774666666667,80.46774666666667 1.7537349999999998,80.46726833333334,80.46726833333334 1.7577233333333333,80.46678833333334,80.46678833333334 1.7616966666666665,80.46630833333334,80.46630833333334 1.7656549999999998,80.465825,80.465825 1.7695983333333334,80.46534166666667,80.46534166666667 1.77353,80.46485666666666,80.46485666666666 1.7774516666666664,80.46436833333334,80.46436833333334 1.781365,80.46387833333334,80.46387833333334 1.7852716666666666,80.46338666666666,80.46338666666666 1.7891683333333335,80.46289333333334,80.46289333333334 1.7930566666666667,80.46239666666668,80.46239666666668 1.7969399999999998,80.46189666666668,80.46189666666668 1.8008183333333334,80.461395,80.461395 1.8046933333333333,80.46089166666668,80.46089166666668 1.8085716666666665,80.46038833333334,80.46038833333334 1.8124500000000001,80.45988166666665,80.45988166666665 1.816325,80.45937500000001,80.45937500000001 1.8201999999999998,80.45886833333334,80.45886833333334 1.8240816666666666,80.45835999999998,80.45835999999998 1.8279649999999998,80.45785166666666,80.45785166666666 1.8318466666666664,80.45734333333333,80.45734333333333 1.8357300000000003,80.45683333333334,80.45683333333334 1.8396083333333335,80.45632333333333,80.45632333333333 1.8434833333333336,80.45581166666665,80.45581166666665 1.8473533333333332,80.4553,80.4553 1.8512283333333333,80.45478833333334,80.45478833333334 1.8551133333333334,80.45427833333332,80.45427833333332 1.8589999999999995,80.45376999999999,80.45376999999999 1.8628933333333333,80.45326,80.45326 1.8667949999999998,80.45275333333333,80.45275333333333 1.870705,80.45224666666667,80.45224666666667 1.8746183333333333,80.45174166666666,80.45174166666666 1.878533333333333,80.45123666666666,80.45123666666666 1.8824500000000004,80.45073333333332,80.45073333333332 1.886365,80.45023,80.45023 1.8902733333333335,80.449725,80.449725 1.8941766666666666,80.44922166666666,80.44922166666666 1.8980833333333331,80.44872000000001,80.44872000000001 1.9019933333333334,80.44821833333334,80.44821833333334 1.9059016666666664,80.44771833333333,80.44771833333333 1.9098133333333331,80.44721833333334,80.44721833333334 1.9137283333333335,80.44672000000001,80.44672000000001 1.9176466666666663,80.44622333333334,80.44622333333334 1.921566666666667,80.44572499999998,80.44572499999998 1.9254916666666668,80.44523000000001,80.44523000000001 1.9294266666666668,80.444735,80.444735 1.9333749999999998,80.44424166666666,80.44424166666666 1.9373299999999998,80.44375,80.44375 1.9412933333333333,80.44326000000001,80.44326000000001 1.945265,80.44277000000001,80.44277000000001 1.9492500000000006,80.44228333333334,80.44228333333334 1.9532433333333334,80.44179666666668,80.44179666666668 1.957243333333333,80.44131,80.44131 1.9612500000000002,80.44082333333333,80.44082333333333 1.9652666666666665,80.44034,80.44034 1.9692866666666666,80.43985500000001,80.43985500000001 1.9733133333333333,80.43937166666666,80.43937166666666 1.9773466666666668,80.43888833333334,80.43888833333334 1.9813833333333335,80.43840666666665,80.43840666666665 1.9854266666666667,80.43792499999999,80.43792499999999 1.989475,80.43744333333333,80.43744333333333 1.993526666666667,80.43696333333334,80.43696333333334 1.9975816666666661,80.43648333333334,80.43648333333334 2.0016366666666667,80.43600333333333,80.43600333333333 2.0056966666666667,80.43552500000001,80.43552500000001 2.009755,80.435045,80.435045 2.0138133333333332,80.43456333333334,80.43456333333334 2.01787,80.43408166666666,80.43408166666666 2.0219249999999995,80.4336,80.4336 2.0259799999999997,80.43311666666668,80.43311666666668 2.0300350000000003,80.43263333333333,80.43263333333333 2.034086666666667,80.43214833333333,80.43214833333333 2.038135,80.43166,80.43166 2.0421783333333328,80.43117166666666,80.43117166666666 2.04622,80.43068166666667,80.43068166666667 2.050256666666667,80.43018999999998,80.43018999999998 2.0542949999999998,80.42969833333333,80.42969833333333 2.0583349999999996,80.42920666666667,80.42920666666667 2.0623716666666665,80.428715,80.428715 2.0664049999999996,80.42822333333334,80.42822333333334 2.0704366666666667,80.42773166666666,80.42773166666666 2.074465,80.42724,80.42724 2.07849,80.42674833333334,80.42674833333334 2.082506666666667,80.42625666666666,80.42625666666666 2.08652,80.425765,80.425765 2.0905316666666667,80.42527499999998,80.42527499999998 2.094538333333333,80.42478500000001,80.42478500000001 2.0985416666666663,80.42429666666666,80.42429666666666 2.1025433333333337,80.42381000000002,80.42381000000002 2.106543333333333,80.42332166666665,80.42332166666665 2.1105449999999997,80.42283666666667,80.42283666666667 2.11455,80.42235000000001,80.42235000000001 2.118558333333333,80.421865,80.421865 2.1225733333333334,80.42138166666668,80.42138166666668 2.1265966666666665,80.42089833333333,80.42089833333333 2.1306266666666667,80.42041666666667,80.42041666666667 2.1346633333333336,80.41993333333333,80.41993333333333 2.1387083333333337,80.41945333333334,80.41945333333334 2.1427616666666665,80.41897166666665,80.41897166666665 2.1468233333333333,80.41849166666665,80.41849166666665 2.1508849999999997,80.41801166666669,80.41801166666669 2.1549466666666666,80.41753,80.41753 2.1590116666666663,80.41705,80.41705 2.16308,80.41657000000001,80.41657000000001 2.1671533333333333,80.41609000000001,80.41609000000001 2.17123,80.41560999999999,80.41560999999999 2.1753116666666665,80.41513166666665,80.41513166666665 2.179391666666667,80.41465166666666,80.41465166666666 2.18347,80.41417,80.41417 2.18755,80.41369,80.41369 2.1916300000000004,80.41320999999999,80.41320999999999 2.195708333333333,80.41273,80.41273 2.1997900000000006,80.41224833333334,80.41224833333334 2.203873333333334,80.41176833333334,80.41176833333334 2.2079599999999995,80.41128833333335,80.41128833333335 2.212045,80.41080833333335,80.41080833333335 2.2161316666666666,80.41033000000002,80.41033000000002 2.22022,80.40985000000002,80.40985000000002 2.224305,80.40937,80.40937 2.2283883333333336,80.40889,80.40889 2.232473333333333,80.40841166666667,80.40841166666667 2.2365583333333334,80.40793166666667,80.40793166666667 2.240645,80.40745333333334,80.40745333333334 2.2447350000000004,80.40697333333331,80.40697333333331 2.248826666666667,80.40649666666667,80.40649666666667 2.2529216666666665,80.40601833333334,80.40601833333334 2.2570233333333336,80.40554166666666,80.40554166666666 2.261125,80.405065,80.405065 2.265226666666667,80.40458833333335,80.40458833333335 2.2693316666666665,80.40411333333334,80.40411333333334 2.2734350000000005,80.40364,80.40364 2.277533333333333,80.403165,80.403165 2.281626666666667,80.40269333333335,80.40269333333335 2.2857149999999997,80.40222166666666,80.40222166666666 2.2897950000000002,80.40175166666667,80.40175166666667 2.2938666666666667,80.40128166666666,80.40128166666666 2.2979316666666665,80.40081333333333,80.40081333333333 2.30199,80.40034666666666,80.40034666666666 2.3060433333333332,80.39987833333332,80.39987833333332 2.310095,80.39941166666668,80.39941166666668 2.3141450000000003,80.398945,80.398945 2.3181933333333333,80.39847666666667,80.39847666666667 2.3222466666666666,80.39801000000001,80.39801000000001 2.326305,80.39754333333335,80.39754333333335 2.330366666666667,80.39707499999999,80.39707499999999 2.33443,80.39660833333333,80.39660833333333 2.3384983333333333,80.39614,80.39614 2.3425749999999996,80.39567333333333,80.39567333333333 2.346656666666666,80.39520666666668,80.39520666666668 2.3507399999999996,80.39473833333332,80.39473833333332 2.354826666666667,80.39427,80.39427 2.3589166666666666,80.39379999999998,80.39379999999998 2.363003333333334,80.39332999999999,80.39332999999999 2.3670866666666672,80.39285833333334,80.39285833333334 2.371165,80.392385,80.392385 2.37524,80.39191166666666,80.39191166666666 2.3793100000000003,80.39143499999999,80.39143499999999 2.383373333333333,80.39095833333334,80.39095833333334 2.3874283333333337,80.39047999999998,80.39047999999998 2.3914766666666667,80.39000166666665,80.39000166666665 2.3955166666666665,80.38951999999999,80.38951999999999 2.3995483333333336,80.38903666666667,80.38903666666667 2.4035699999999998,80.38855333333333,80.38855333333333 2.4075833333333336,80.38806666666666,80.38806666666666 2.4115866666666665,80.38757833333335,80.38757833333335 2.41558,80.38709,80.38709 2.4195633333333335,80.38659833333334,80.38659833333334 2.423538333333333,80.386105,80.386105 2.4274999999999998,80.38560833333332,80.38560833333332 2.431451666666667,80.38511,80.38511 2.43539,80.38460833333335,80.38460833333335 2.43932,80.384105,80.384105 2.4432383333333334,80.38359833333334,80.38359833333334 2.447146666666667,80.38308999999998,80.38308999999998 2.4510416666666663,80.38258000000002,80.38258000000002 2.454926666666667,80.38206666666667,80.38206666666667 2.4588,80.38155166666667,80.38155166666667 2.462663333333334,80.38103500000001,80.38103500000001 2.46652,80.38051666666668,80.38051666666668 2.470371666666667,80.37999833333333,80.37999833333333 2.474215,80.37948,80.37948 2.47805,80.37895833333333,80.37895833333333 2.4818766666666665,80.37843833333334,80.37843833333334 2.4856933333333333,80.37791666666666,80.37791666666666 2.4894983333333336,80.37739333333334,80.37739333333334 2.4932933333333334,80.37686999999998,80.37686999999998 2.497078333333333,80.376345,80.376345 2.500863333333333,80.37581833333334,80.37581833333334 2.504646666666667,80.37529333333335,80.37529333333335 2.5084316666666666,80.37476833333334,80.37476833333334 2.51222,80.374245,80.374245 2.516011666666667,80.37372166666667,80.37372166666667 2.519803333333333,80.37319666666666,80.37319666666666 2.5235966666666663,80.37267333333332,80.37267333333332 2.5273916666666665,80.37214833333334,80.37214833333334 2.531185,80.37162499999998,80.37162499999998 2.5349766666666667,80.37109999999998,80.37109999999998 2.5387683333333335,80.37057499999999,80.37057499999999 2.542558333333334,80.37005,80.37005 2.546348333333334,80.36952500000001,80.36952500000001 2.55014,80.36899833333334,80.36899833333334 2.553933333333333,80.36847166666665,80.36847166666665 2.5577283333333334,80.36794499999999,80.36794499999999 2.5615266666666665,80.36741833333333,80.36741833333333 2.5653283333333334,80.36689,80.36689 2.569141666666667,80.36636333333331,80.36636333333331 2.57297,80.36583833333334,80.36583833333334 2.57681,80.36531666666666,80.36531666666666 2.5806583333333335,80.36479666666668,80.36479666666668 2.584513333333333,80.36427833333335,80.36427833333335 2.588376666666667,80.36376166666668,80.36376166666668 2.592248333333333,80.36324833333335,80.36324833333335 2.5961266666666662,80.36273666666666,80.36273666666666 2.600008333333333,80.36222666666664,80.36222666666664 2.6038966666666665,80.36172,80.36172 2.60779,80.361215,80.361215 2.6116833333333336,80.36071333333332,80.36071333333332 2.615578333333333,80.36021333333333,80.36021333333333 2.6194749999999996,80.35971666666666,80.35971666666666 2.62337,80.35922166666666,80.35922166666666 2.627265,80.35873,80.35873 2.631165,80.35824000000001,80.35824000000001 2.635068333333333,80.35775166666667,80.35775166666667 2.638971666666667,80.35726666666666,80.35726666666666 2.642878333333334,80.35678333333334,80.35678333333334 2.64679,80.35630333333333,80.35630333333333 2.650708333333333,80.35582333333333,80.35582333333333 2.6546366666666668,80.35534666666668,80.35534666666668 2.6585800000000006,80.35487166666667,80.35487166666667 2.6625416666666664,80.35440000000001,80.35440000000001 2.6665200000000002,80.35393000000002,80.35393000000002 2.6705116666666666,80.35346166666666,80.35346166666666 2.67452,80.35299333333334,80.35299333333334 2.67854,80.35252833333334,80.35252833333334 2.682566666666667,80.35206166666666,80.35206166666666 2.6865983333333334,80.35159499999999,80.35159499999999 2.6906316666666674,80.35112666666667,80.35112666666667 2.6946683333333334,80.35066,80.35066 2.6987050000000004,80.35019166666667,80.35019166666667 2.7027383333333335,80.34972166666667,80.34972166666667 2.7067683333333337,80.34925166666667,80.34925166666667 2.7107966666666665,80.34878000000002,80.34878000000002 2.7148216666666665,80.34830833333334,80.34830833333334 2.7188483333333338,80.34783666666667,80.34783666666667 2.7228749999999997,80.34736500000001,80.34736500000001 2.726901666666667,80.34689333333336,80.34689333333336 2.73093,80.34642333333333,80.34642333333333 2.734961666666667,80.34595499999999,80.34595499999999 2.738993333333333,80.34548666666666,80.34548666666666 2.743026666666667,80.34502,80.34502 2.747061666666667,80.34455333333334,80.34455333333334 2.7511,80.34409000000001,80.34409000000001 2.755136666666667,80.343625,80.343625 2.759175,80.34316166666667,80.34316166666667 2.763216666666667,80.3427,80.3427 2.767256666666667,80.34223833333333,80.34223833333333 2.771298333333333,80.34177833333334,80.34177833333334 2.775341666666667,80.34131666666667,80.34131666666667 2.7793866666666664,80.34085833333333,80.34085833333333 2.7834333333333334,80.3404,80.3404 2.7874833333333333,80.33994166666666,80.33994166666666 2.7915350000000005,80.33948499999998,80.33948499999998 2.7955883333333333,80.33902833333333,80.33902833333333 2.799641666666667,80.33857166666667,80.33857166666667 2.803693333333333,80.33811333333333,80.33811333333333 2.8077449999999997,80.33765666666667,80.33765666666667 2.8117966666666665,80.33719833333333,80.33719833333333 2.815851666666666,80.33674,80.33674 2.8199083333333332,80.33628166666666,80.33628166666666 2.8239633333333334,80.33582166666666,80.33582166666666 2.8280166666666666,80.33536000000001,80.33536000000001 2.8320683333333334,80.33489833333334,80.33489833333334 2.8361150000000004,80.334435,80.334435 2.8401533333333333,80.33397000000001,80.33397000000001 2.8441866666666664,80.333505,80.333505 2.848215,80.33303666666666,80.33303666666666 2.852238333333333,80.33256833333333,80.33256833333333 2.85626,80.33210000000001,80.33210000000001 2.860286666666667,80.33163166666665,80.33163166666665 2.8643199999999998,80.33116499999998,80.33116499999998 2.868355,80.33069833333333,80.33069833333333 2.87239,80.33023166666666,80.33023166666666 2.87643,80.329765,80.329765 2.88047,80.32929833333331,80.32929833333331 2.8845100000000006,80.32883166666667,80.32883166666667 2.8885499999999995,80.32836499999999,80.32836499999999 2.892586666666667,80.32789833333332,80.32789833333332 2.8966233333333333,80.32743166666667,80.32743166666667 2.9006533333333326,80.32696333333334,80.32696333333334 2.904673333333333,80.32649333333335,80.32649333333335 2.9086833333333333,80.32602166666668,80.32602166666668 2.91268,80.32554666666667,80.32554666666667 2.9166599999999994,80.32506833333333,80.32506833333333 2.92062,80.32458833333334,80.32458833333334 2.9245649999999994,80.32410333333334,80.32410333333334 2.9284933333333334,80.323615,80.323615 2.9324066666666666,80.32312499999999,80.32312499999999 2.936303333333333,80.32263,80.32263 2.940184999999999,80.32213333333334,80.32213333333334 2.9440499999999994,80.32163333333332,80.32163333333332 2.9478983333333333,80.32112833333333,80.32112833333333 2.9517233333333337,80.32061999999999,80.32061999999999 2.955521666666667,80.32010666666667,80.32010666666667 2.959298333333334,80.31958833333334,80.31958833333334 2.9630449999999993,80.31906666666667,80.31906666666667 2.9667600000000007,80.31853833333334,80.31853833333334 2.970445,80.318005,80.318005 2.974103333333333,80.31746666666666,80.31746666666666 2.9777316666666667,80.31692500000001,80.31692500000001 2.9813366666666665,80.31637833333332,80.31637833333332 2.984916666666667,80.31583,80.31583 2.9884749999999998,80.31527833333332,80.31527833333332 2.9920183333333332,80.314725,80.314725 2.995555,80.31417,80.31417 2.9990933333333336,80.31361666666666,80.31361666666666 3.002631666666667,80.313065,80.313065 3.0061633333333333,80.31251333333333,80.31251333333333 3.009691666666667,80.31196333333334,80.31196333333334 3.013225,80.311415,80.311415 3.0167683333333333,80.31086833333333,80.31086833333333 3.0203150000000005,80.31032499999999,80.31032499999999 3.0238799999999997,80.30978499999999,80.30978499999999 3.0274666666666668,80.30925,80.30925 3.0310683333333337,80.30871666666667,80.30871666666667 3.034683333333333,80.30818833333332,80.30818833333332 3.0383216666666666,80.30766166666666,80.30766166666666 3.04198,80.30713999999999,80.30713999999999 3.04566,80.30662166666666,80.30662166666666 3.0493599999999996,80.30610499999999,80.30610499999999 3.053086666666667,80.30559333333333,80.30559333333333 3.0568383333333333,80.30508333333334,80.30508333333334 3.060611666666667,80.30457833333334,80.30457833333334 3.064415,80.30407666666666,80.30407666666666 3.068246666666667,80.30357833333333,80.30357833333333 3.0721016666666663,80.303085,80.303085 3.075981666666667,80.30259333333333,80.30259333333333 3.0798816666666666,80.302105,80.302105 3.0838016666666666,80.30162,80.30162 3.087738333333333,80.30113666666665,80.30113666666665 3.091686666666666,80.30065666666665,80.30065666666665 3.0956466666666675,80.30017666666666,80.30017666666666 3.0996183333333334,80.29969833333332,80.29969833333332 3.103603333333334,80.29922333333334,80.29922333333334 3.1075983333333332,80.29875166666667,80.29875166666667 3.111603333333333,80.29827999999999,80.29827999999999 3.1156216666666667,80.29781166666666,80.29781166666666 3.119648333333333,80.29734499999999,80.29734499999999 3.123683333333333,80.29688,80.29688 3.127728333333333,80.29641666666666,80.29641666666666 3.131783333333333,80.29595666666668,80.29595666666668 3.1358449999999998,80.29549666666668,80.29549666666668 3.139911666666667,80.29503666666666,80.29503666666666 3.143985,80.29458000000001,80.29458000000001 3.1480616666666665,80.29412166666667,80.29412166666667 3.1521399999999997,80.29366499999999,80.29366499999999 3.1562216666666663,80.29320833333333,80.29320833333333 3.1603033333333337,80.29274999999998,80.29274999999998 3.1643833333333333,80.29229333333333,80.29229333333333 3.1684583333333336,80.29183499999999,80.29183499999999 3.1725300000000005,80.29137666666666,80.29137666666666 3.1765950000000003,80.29091666666666,80.29091666666666 3.180651666666666,80.29045333333333,80.29045333333333 3.1847016666666668,80.28999000000002,80.28999000000002 3.1887416666666666,80.289525,80.289525 3.192771666666667,80.28905666666667,80.28905666666667 3.196795,80.28858833333334,80.28858833333334 3.2008083333333333,80.28811666666667,80.28811666666667 3.2048133333333326,80.28764500000001,80.28764500000001 3.20881,80.28717166666667,80.28717166666667 3.212796666666667,80.28669666666666,80.28669666666666 3.2167716666666673,80.28622000000001,80.28622000000001 3.220735,80.28574333333334,80.28574333333334 3.224683333333333,80.28526500000001,80.28526500000001 3.228618333333334,80.28478499999999,80.28478499999999 3.23254,80.28430333333336,80.28430333333336 3.236448333333333,80.28382166666667,80.28382166666667 3.2403450000000005,80.28333833333332,80.28333833333332 3.24423,80.282855,80.282855 3.2481083333333336,80.28237,80.28237 3.2519800000000005,80.28188499999999,80.28188499999999 3.2558483333333337,80.2814,80.2814 3.2597166666666673,80.28091333333333,80.28091333333333 3.2635783333333332,80.28042666666667,80.28042666666667 3.2674350000000003,80.27993833333333,80.27993833333333 3.2712916666666665,80.27945,80.27945 3.2751449999999998,80.27896000000001,80.27896000000001 3.2789933333333336,80.27846833333332,80.27846833333332 3.282836666666666,80.27797333333332,80.27797333333332 3.286681666666667,80.27748,80.27748 3.2905233333333332,80.27698333333333,80.27698333333333 3.294365,80.27648500000001,80.27648500000001 3.298213333333334,80.27598833333333,80.27598833333333 3.3020649999999994,80.27549,80.27549 3.305916666666667,80.27499166666668,80.27499166666668 3.3097683333333334,80.27449166666666,80.27449166666666 3.3136200000000002,80.27399166666666,80.27399166666666 3.3174650000000003,80.27349166666667,80.27349166666667 3.3213049999999997,80.27299,80.27299 3.3251383333333338,80.27248666666665,80.27248666666665 3.328965,80.27198166666668,80.27198166666668 3.332783333333333,80.27147666666667,80.27147666666667 3.3365916666666666,80.27097166666667,80.27097166666667 3.340393333333334,80.270465,80.270465 3.3441833333333335,80.26995666666667,80.26995666666667 3.3479616666666665,80.26944666666668,80.26944666666668 3.3517283333333334,80.268935,80.268935 3.355485,80.26842333333335,80.26842333333335 3.3592283333333333,80.26791,80.26791 3.36296,80.26739333333335,80.26739333333335 3.366686666666666,80.26687666666668,80.26687666666668 3.3704066666666663,80.26636,80.26636 3.374123333333334,80.26584333333335,80.26584333333335 3.3778349999999997,80.26532499999999,80.26532499999999 3.381546666666667,80.26480666666667,80.26480666666667 3.385255,80.26428666666668,80.26428666666668 3.3889633333333333,80.26376666666667,80.26376666666667 3.3926716666666663,80.26324666666665,80.26324666666665 3.396381666666666,80.26272833333334,80.26272833333334 3.4000949999999994,80.26220833333333,80.26220833333333 3.403809999999999,80.26169,80.26169 3.4075250000000006,80.26116999999999,80.26116999999999 3.411238333333334,80.26065,80.26065 3.4149516666666666,80.26013166666668,80.26013166666668 3.4186649999999994,80.25961166666666,80.25961166666666 3.42238,80.25909000000001,80.25909000000001 3.4260983333333335,80.25856999999999,80.25856999999999 3.42982,80.25805166666667,80.25805166666667 3.4335449999999996,80.25753166666665,80.25753166666665 3.437273333333333,80.25701333333333,80.25701333333333 3.4410066666666665,80.25649666666666,80.25649666666666 3.4447466666666666,80.25598,80.25598 3.448491666666666,80.255465,80.255465 3.452246666666666,80.25495333333335,80.25495333333335 3.456008333333333,80.25444,80.25444 3.459775,80.25393000000001,80.25393000000001 3.46355,80.25342166666665,80.25342166666665 3.467333333333334,80.25291499999999,80.25291499999999 3.4711333333333325,80.25241166666667,80.25241166666667 3.474946666666667,80.25191,80.25191 3.4787700000000004,80.25141166666667,80.25141166666667 3.4826066666666664,80.25091499999999,80.25091499999999 3.4864583333333337,80.25042166666668,80.25042166666668 3.4903216666666674,80.24992999999999,80.24992999999999 3.4941916666666666,80.24944,80.24944 3.498073333333334,80.24895166666667,80.24895166666667 3.5019666666666667,80.24846333333333,80.24846333333333 3.505868333333333,80.24797833333334,80.24797833333334 3.5097783333333337,80.24749333333332,80.24749333333332 3.5136983333333336,80.24701,80.24701 3.5176266666666662,80.24652666666665,80.24652666666665 3.521561666666666,80.24604666666666,80.24604666666666 3.5254999999999996,80.245565,80.245565 3.5294450000000004,80.245085,80.245085 3.5333900000000003,80.244605,80.244605 3.5373383333333335,80.244125,80.244125 3.5412866666666662,80.24364333333334,80.24364333333334 3.545236666666667,80.24316333333334,80.24316333333334 3.5491883333333334,80.24268500000001,80.24268500000001 3.5531416666666664,80.24220500000001,80.24220500000001 3.557091666666667,80.24172499999999,80.24172499999999 3.561043333333333,80.24124666666665,80.24124666666665 3.5649933333333337,80.24076833333335,80.24076833333335 3.568945,80.24029000000002,80.24029000000002 3.572893333333334,80.23981166666668,80.23981166666668 3.576836666666667,80.23933500000001,80.23933500000001 3.580776666666667,80.23885666666668,80.23885666666668 3.584713333333334,80.23837833333334,80.23837833333334 3.588643333333333,80.23790000000001,80.23790000000001 3.5925683333333334,80.23742000000001,80.23742000000001 3.596486666666667,80.23694166666668,80.23694166666668 3.6004,80.23646166666668,80.23646166666668 3.6043066666666665,80.23598166666669,80.23598166666669 3.6082050000000003,80.23550166666666,80.23550166666666 3.612098333333334,80.23502,80.23502 3.6159816666666673,80.23453833333332,80.23453833333332 3.619861666666667,80.234055,80.234055 3.623735,80.23357,80.23357 3.627601666666666,80.23308499999999,80.23308499999999 3.63146,80.23259833333334,80.23259833333334 3.635308333333333,80.23210833333333,80.23210833333333 3.639145,80.23161833333333,80.23161833333333 3.6429750000000003,80.23112666666665,80.23112666666665 3.646795,80.23063333333333,80.23063333333333 3.6506033333333336,80.23013833333333,80.23013833333333 3.6544000000000003,80.22964333333331,80.22964333333331 3.658186666666666,80.22914666666668,80.22914666666668 3.6619633333333335,80.22864833333333,80.22864833333333 3.665728333333333,80.22815000000001,80.22815000000001 3.6694866666666663,80.22765,80.22765 3.673236666666667,80.22715000000001,80.22715000000001 3.6769766666666666,80.22664833333333,80.22664833333333 3.680711666666666,80.22614666666666,80.22614666666666 3.6844366666666666,80.22564499999999,80.22564499999999 3.6881550000000005,80.22514333333334,80.22514333333334 3.691861666666667,80.22464,80.22464 3.6955600000000004,80.22413499999999,80.22413499999999 3.6992499999999993,80.22363000000001,80.22363000000001 3.702933333333333,80.22312500000001,80.22312500000001 3.706603333333334,80.22261666666668,80.22261666666668 3.710263333333333,80.22210833333332,80.22210833333332 3.713918333333334,80.22159833333333,80.22159833333333 3.717565,80.22108666666665,80.22108666666665 3.7212049999999994,80.220575,80.220575 3.7248400000000004,80.220065,80.220065 3.7284733333333335,80.219555,80.219555 3.7321083333333327,80.21904666666667,80.21904666666667 3.7357416666666663,80.21853833333334,80.21853833333334 3.7393783333333337,80.21803333333334,80.21803333333334 3.7430216666666665,80.21753,80.21753 3.7466733333333333,80.21702833333333,80.21702833333333 3.750325,80.21652833333332,80.21652833333332 3.7539800000000008,80.21602666666666,80.21602666666666 3.757645,80.21552666666668,80.21552666666668 3.7613199999999996,80.21502666666667,80.21502666666667 3.7649983333333332,80.21452666666666,80.21452666666666 3.7686816666666667,80.214025,80.214025 3.77237,80.21352166666667,80.21352166666667 3.7760633333333335,80.21302000000001,80.21302000000001 3.7797599999999996,80.21251500000001,80.21251500000001 3.7834616666666663,80.21201,80.21201 3.787171666666667,80.211505,80.211505 3.7908883333333336,80.21100166666666,80.21100166666666 3.7946150000000003,80.21049666666666,80.21049666666666 3.79835,80.20999333333333,80.20999333333333 3.8020933333333335,80.20949000000002,80.20949000000002 3.80585,80.20898666666668,80.20898666666668 3.809616666666667,80.208485,80.208485 3.813393333333334,80.20798500000001,80.20798500000001 3.8171766666666667,80.20748333333333,80.20748333333333 3.82097,80.20698333333333,80.20698333333333 3.824773333333334,80.20648333333334,80.20648333333334 3.8285850000000003,80.20598499999998,80.20598499999998 3.8324049999999996,80.20548833333334,80.20548833333334 3.836231666666667,80.20499166666667,80.20499166666667 3.840068333333334,80.20449500000001,80.20449500000001 3.843913333333333,80.204,80.204 3.8477666666666663,80.20350499999999,80.20350499999999 3.8516266666666663,80.20301166666667,80.20301166666667 3.8554966666666663,80.20251833333333,80.20251833333333 3.859373333333334,80.20202666666667,80.20202666666667 3.8632566666666657,80.20153499999999,80.20153499999999 3.8671466666666663,80.20104333333333,80.20104333333333 3.871046666666667,80.20055333333335,80.20055333333335 3.8749533333333335,80.20006499999998,80.20006499999998 3.8788683333333336,80.19957666666666,80.19957666666666 3.8827933333333338,80.19908666666666,80.19908666666666 3.886726666666666,80.19859833333332,80.19859833333332 3.89067,80.19810833333334,80.19810833333334 3.8946200000000006,80.19762,80.19762 3.8985749999999992,80.19713166666666,80.19713166666666 3.9025366666666668,80.19664333333334,80.19664333333334 3.9064966666666665,80.196155,80.196155 3.910456666666667,80.19566666666667,80.19566666666667 3.9144183333333333,80.19517833333332,80.19517833333332 3.91838,80.19468833333335,80.19468833333335 3.9223383333333337,80.19419666666667,80.19419666666667 3.9262949999999996,80.19370666666667,80.19370666666667 3.930253333333334,80.193215,80.193215 3.9342099999999998,80.19272166666667,80.19272166666667 3.938161666666667,80.19222833333333,80.19222833333333 3.9421099999999996,80.19173500000001,80.19173500000001 3.9460516666666665,80.19124000000001,80.19124000000001 3.9499883333333337,80.19074166666665,80.19074166666665 3.9539133333333334,80.19024333333334,80.19024333333334 3.9578283333333335,80.18974333333335,80.18974333333335 3.9617333333333336,80.18924000000001,80.18924000000001 3.965625,80.18873500000001,80.18873500000001 3.9695050000000003,80.18822833333334,80.18822833333334 3.9733799999999997,80.18772000000001,80.18772000000001 3.9772516666666666,80.18721166666666,80.18721166666666 3.981115,80.1867,80.1867 3.9849716666666666,80.18618833333332,80.18618833333332 3.9888233333333334,80.18567666666667,80.18567666666667 3.99267,80.18516166666667,80.18516166666667 3.996505,80.18464666666667,80.18464666666667 4.000331666666667,80.18413,80.18413 4.004146666666667,80.18361166666668,80.18361166666668 4.007946666666667,80.18309166666666,80.18309166666666 4.011735,80.18257166666668,80.18257166666668 4.015510000000001,80.18204833333333,80.18204833333333 4.019275,80.181525,80.181525 4.023031666666666,80.18100166666666,80.18100166666666 4.026778333333333,80.18047666666665,80.18047666666665 4.030518333333333,80.17994999999999,80.17994999999999 4.034253333333334,80.17942333333333,80.17942333333333 4.037986666666667,80.17889666666666,80.17889666666666 4.041718333333334,80.17836833333334,80.17836833333334 4.04545,80.17783833333333,80.17783833333333 4.04918,80.17731,80.17731 4.052911666666666,80.17677833333333,80.17677833333333 4.056645,80.17624666666667,80.17624666666667 4.060375,80.175715,80.175715 4.064103333333334,80.17518,80.17518 4.067833333333334,80.17464666666666,80.17464666666666 4.071561666666667,80.17411166666666,80.17411166666666 4.075285,80.173575,80.173575 4.0790033333333335,80.17304,80.17304 4.082714999999999,80.17250333333332,80.17250333333332 4.0864150000000015,80.17196666666668,80.17196666666668 4.090103333333333,80.17142833333334,80.17142833333334 4.093776666666667,80.17088833333335,80.17088833333335 4.09744,80.17034833333334,80.17034833333334 4.101105,80.16981000000001,80.16981000000001 4.104773333333334,80.16927333333332,80.16927333333332 4.108445,80.16873833333335,80.16873833333335 4.112121666666667,80.16820333333332,80.16820333333332 4.115806666666667,80.16767166666668,80.16767166666668 4.1194999999999995,80.16714166666667,80.16714166666667 4.123205,80.16661166666665,80.16661166666665 4.126920000000001,80.16608333333333,80.16608333333333 4.130645,80.165555,80.165555 4.134378333333333,80.16503,80.16503 4.138116666666666,80.16450333333334,80.16450333333334 4.14186,80.16398,80.16398 4.145603333333333,80.163455,80.163455 4.149346666666667,80.16293333333333,80.16293333333333 4.1530933333333335,80.16241166666667,80.16241166666667 4.1568499999999995,80.16189333333334,80.16189333333334 4.160618333333333,80.16137666666668,80.16137666666668 4.164396666666667,80.16086333333334,80.16086333333334 4.168186666666667,80.16035166666666,80.16035166666666 4.171984999999999,80.15984333333333,80.15984333333333 4.175793333333332,80.15933666666666,80.15933666666666 4.1796050000000005,80.15883166666669,80.15883166666669 4.183416666666667,80.15832666666665,80.15832666666665 4.187238333333333,80.15782166666665,80.15782166666665 4.191063333333334,80.15732,80.15732 4.194888333333334,80.15682000000001,80.15682000000001 4.198720000000001,80.15632000000001,80.15632000000001 4.20256,80.15582333333334,80.15582333333334 4.206403333333333,80.15532833333334,80.15532833333334 4.2102466666666665,80.15483333333333,80.15483333333333 4.2140933333333335,80.15433999999999,80.15433999999999 4.217946666666666,80.15384666666667,80.15384666666667 4.221805,80.15335499999999,80.15335499999999 4.225661666666667,80.15286333333333,80.15286333333333 4.229521666666666,80.15237333333334,80.15237333333334 4.233381666666667,80.15188333333334,80.15188333333334 4.237245,80.15139333333333,80.15139333333333 4.24111,80.15090333333333,80.15090333333333 4.244975,80.15041333333333,80.15041333333333 4.248843333333333,80.14992333333332,80.14992333333332 4.2527133333333325,80.14943499999998,80.14943499999998 4.256586666666667,80.14894666666667,80.14894666666667 4.260463333333332,80.14845833333335,80.14845833333335 4.264340000000001,80.14797166666668,80.14797166666668 4.2682199999999995,80.14748333333334,80.14748333333334 4.272103333333333,80.14699833333334,80.14699833333334 4.275991666666666,80.14651166666667,80.14651166666667 4.279881666666666,80.14602833333332,80.14602833333332 4.283776666666666,80.145545,80.145545 4.287678333333334,80.14506333333334,80.14506333333334 4.2915883333333325,80.14458333333333,80.14458333333333 4.2955033333333335,80.14410500000001,80.14410500000001 4.299423333333333,80.14362666666666,80.14362666666666 4.303348333333333,80.14315166666667,80.14315166666667 4.30727,80.142675,80.142675 4.311185,80.14219666666666,80.14219666666666 4.3150916666666665,80.14171833333333,80.14171833333333 4.318996666666666,80.14123833333333,80.14123833333333 4.322893333333334,80.14075833333332,80.14075833333332 4.326781666666666,80.140275,80.140275 4.33066,80.13979166666665,80.13979166666665 4.334524999999999,80.13930500000001,80.13930500000001 4.338375,80.13881500000001,80.13881500000001 4.342211666666666,80.13832166666667,80.13832166666667 4.346035,80.137825,80.137825 4.349848333333333,80.13732666666667,80.13732666666667 4.3536600000000005,80.13682499999999,80.13682499999999 4.357473333333333,80.13632166666667,80.13632166666667 4.361285,80.13581666666667,80.13581666666667 4.365096666666667,80.13531,80.13531 4.368906666666667,80.13480166666668,80.13480166666668 4.372713333333333,80.13429166666666,80.13429166666666 4.376518333333333,80.13377999999999,80.13377999999999 4.3803149999999995,80.13326666666667,80.13326666666667 4.384108333333333,80.13275,80.13275 4.387895,80.13223333333333,80.13223333333333 4.391675,80.13171500000001,80.13171500000001 4.395451666666666,80.13119499999999,80.13119499999999 4.399231666666666,80.13067500000001,80.13067500000001 4.403013333333333,80.13015666666668,80.13015666666668 4.406793333333333,80.12963500000001,80.12963500000001 4.410573333333335,80.12911500000001,80.12911500000001 4.414358333333333,80.12859166666668,80.12859166666668 4.418146666666666,80.12807,80.12807 4.421943333333334,80.12754833333332,80.12754833333332 4.425739999999999,80.12702333333333,80.12702333333333 4.4295383333333325,80.12649666666665,80.12649666666665 4.433341666666666,80.12597,80.12597 4.437144999999999,80.12544166666667,80.12544166666667 4.440948333333333,80.12491166666668,80.12491166666668 4.444751666666667,80.12437833333334,80.12437833333334 4.448551666666666,80.12384666666667,80.12384666666667 4.452348333333334,80.12331166666667,80.12331166666667 4.45614,80.12277666666667,80.12277666666667 4.459924999999999,80.12223833333334,80.12223833333334 4.4637,80.1217,80.1217 4.467463333333333,80.12116166666668,80.12116166666668 4.471218333333334,80.12062,80.12062 4.474961666666667,80.12007833333332,80.12007833333332 4.478693333333333,80.11953333333334,80.11953333333334 4.482413333333334,80.11899,80.11899 4.486125000000001,80.11844333333333,80.11844333333333 4.489823333333333,80.11789666666668,80.11789666666668 4.493511666666667,80.11734999999999,80.11734999999999 4.4971966666666665,80.11680333333334,80.11680333333334 4.500883333333333,80.11625666666667,80.11625666666667 4.50457,80.11571166666666,80.11571166666666 4.508251666666666,80.11516666666665,80.11516666666665 4.51193,80.11462166666668,80.11462166666668 4.515616666666667,80.11407833333332,80.11407833333332 4.519315000000001,80.11353666666668,80.11353666666668 4.523019999999999,80.11299666666666,80.11299666666666 4.5267333333333335,80.11245833333334,80.11245833333334 4.530454999999999,80.11191999999998,80.11191999999998 4.534188333333334,80.11138333333332,80.11138333333332 4.537935,80.11084666666666,80.11084666666666 4.541693333333333,80.11031166666666,80.11031166666666 4.545463333333333,80.10977833333332,80.10977833333332 4.549245,80.10924499999999,80.10924499999999 4.55304,80.10871333333331,80.10871333333331 4.556841666666667,80.10818333333333,80.10818333333333 4.560648333333333,80.10765166666668,80.10765166666668 4.564456666666667,80.10712000000001,80.10712000000001 4.568266666666666,80.10659000000001,80.10659000000001 4.572078333333333,80.10605833333334,80.10605833333334 4.575889999999999,80.10552666666666,80.10552666666666 4.579703333333333,80.10499499999999,80.10499499999999 4.583519999999999,80.104465,80.104465 4.58734,80.10393333333333,80.10393333333333 4.591158333333333,80.10340333333335,80.10340333333335 4.594981666666666,80.10287333333333,80.10287333333333 4.598805,80.10234166666667,80.10234166666667 4.602628333333333,80.10181166666666,80.10181166666666 4.606456666666666,80.10128166666665,80.10128166666665 4.610291666666667,80.10075166666667,80.10075166666667 4.614129999999999,80.10022166666666,80.10022166666666 4.6179716666666675,80.09969166666667,80.09969166666667 4.621825,80.099165,80.099165 4.625681666666667,80.09863666666668,80.09863666666668 4.629541666666666,80.09810833333333,80.09810833333333 4.6334100000000005,80.09758333333333,80.09758333333333 4.637283333333333,80.09705666666666,80.09705666666666 4.64116,80.09653333333335,80.09653333333335 4.645038333333334,80.09600999999999,80.09600999999999 4.6489199999999995,80.09548666666667,80.09548666666667 4.6528,80.094965,80.094965 4.656680000000001,80.09444333333332,80.09444333333332 4.660563333333333,80.09392333333334,80.09392333333334 4.664454999999999,80.09340666666667,80.09340666666667 4.66835,80.09289333333332,80.09289333333332 4.672243333333333,80.09237833333333,80.09237833333333 4.676136666666666,80.09186666666668,80.09186666666668 4.680034999999999,80.09135833333335,80.09135833333335 4.683933333333333,80.09084999999999,80.09084999999999 4.687828333333333,80.09034166666666,80.09034166666666 4.691726666666666,80.089835,80.089835 4.695631666666667,80.08933166666668,80.08933166666668 4.699535,80.08882833333334,80.08882833333334 4.703438333333333,80.088325,80.088325 4.707343333333334,80.08782333333333,80.08782333333333 4.711250000000001,80.08732166666665,80.08732166666665 4.715156666666667,80.08682,80.08682 4.7190650000000005,80.08631999999999,80.08631999999999 4.72297,80.08582,80.08582 4.726875000000001,80.08531833333333,80.08531833333333 4.730781666666667,80.08481833333335,80.08481833333335 4.734685,80.084315,80.084315 4.738586666666667,80.08381333333332,80.08381333333332 4.742485000000001,80.08331000000001,80.08331000000001 4.746378333333333,80.08280666666667,80.08280666666667 4.750263333333334,80.08230166666667,80.08230166666667 4.754144999999999,80.08179833333334,80.08179833333334 4.758020000000001,80.081295,80.081295 4.76189,80.08079166666666,80.08079166666666 4.7657516666666675,80.08029,80.08029 4.769605,80.07978666666666,80.07978666666666 4.7734499999999995,80.07928333333332,80.07928333333332 4.77729,80.07878000000001,80.07878000000001 4.781120000000001,80.07827666666667,80.07827666666667 4.784943333333334,80.07777333333334,80.07777333333334 4.788756666666666,80.07727,80.07727 4.79256,80.076765,80.076765 4.796351666666666,80.07625999999999,80.07625999999999 4.800133333333333,80.07575333333332,80.07575333333332 4.803906666666667,80.075245,80.075245 4.807668333333334,80.07473499999999,80.07473499999999 4.81142,80.07422333333334,80.07422333333334 4.8151633333333335,80.07370999999999,80.07370999999999 4.818898333333333,80.07319500000001,80.07319500000001 4.8226216666666675,80.07267666666667,80.07267666666667 4.826335,80.07215500000001,80.07215500000001 4.830038333333333,80.07163166666668,80.07163166666668 4.833733333333333,80.07110666666667,80.07110666666667 4.837416666666666,80.07057833333334,80.07057833333334 4.8410866666666665,80.07004666666667,80.07004666666667 4.844743333333333,80.06951333333333,80.06951333333333 4.848395,80.06898,80.06898 4.852040000000001,80.068445,80.068445 4.855676666666667,80.06790833333334,80.06790833333334 4.859306666666668,80.06737166666667,80.06737166666667 4.862933333333333,80.06683500000001,80.06683500000001 4.866548333333334,80.06629833333332,80.06629833333332 4.870155,80.06576,80.06576 4.873751666666666,80.06522,80.06522 4.877341666666666,80.06468166666667,80.06468166666667 4.880926666666666,80.06414333333335,80.06414333333335 4.884510000000001,80.063605,80.063605 4.888093333333333,80.06306666666667,80.06306666666667 4.891680000000001,80.06253000000001,80.06253000000001 4.895271666666666,80.06199333333335,80.06199333333335 4.898863333333333,80.06145666666666,80.06145666666666 4.9024600000000005,80.06092166666666,80.06092166666666 4.906061666666667,80.06038666666666,80.06038666666666 4.90967,80.05985333333332,80.05985333333332 4.913285000000001,80.05931999999999,80.05931999999999 4.916903333333334,80.05878666666668,80.05878666666668 4.920521666666667,80.058255,80.058255 4.924136666666667,80.05772166666667,80.05772166666667 4.927751666666666,80.05719000000002,80.05719000000002 4.931363333333333,80.05665666666668,80.05665666666668 4.93497,80.05612333333335,80.05612333333335 4.938573333333332,80.05559000000001,80.05559000000001 4.942175000000001,80.05505499999998,80.05505499999998 4.945778333333333,80.05452166666667,80.05452166666667 4.9493866666666655,80.05399000000001,80.05399000000001 4.953003333333333,80.05345833333334,80.05345833333334 4.956623333333333,80.05292999999999,80.05292999999999 4.960248333333333,80.0524,80.0524 4.96388,80.05187333333335,80.05187333333335 4.967518333333334,80.05134666666666,80.05134666666666 4.971165,80.05082333333334,80.05082333333334 4.974815,80.05029833333334,80.05029833333334 4.97847,80.049775,80.049775 4.9821316666666675,80.04925333333335,80.04925333333335 4.985798333333332,80.04873166666667,80.04873166666667 4.989470000000001,80.04821,80.04821 4.993146666666666,80.04769,80.04769 4.996826666666666,80.04717,80.04717 5.00051,80.04665,80.04665 5.004201666666666,80.04613166666665,80.04613166666665 5.007896666666666,80.04561333333332,80.04561333333332 5.011590000000001,80.045095,80.045095 5.015285,80.04457666666667,80.04457666666667 5.01898,80.04406,80.04406 5.022668333333333,80.04354166666668,80.04354166666668 5.026348333333333,80.04302166666666,80.04302166666666 5.0300199999999995,80.04250166666668,80.04250166666668 5.033684999999999,80.04198166666666,80.04198166666666 5.0373399999999995,80.04146000000001,80.04146000000001 5.040990000000001,80.04093833333333,80.04093833333333 5.044636666666666,80.04041666666666,80.04041666666666 5.048285000000001,80.03989666666666,80.03989666666666 5.0519316666666665,80.03937666666668,80.03937666666668 5.055576666666666,80.03885833333332,80.03885833333332 5.059226666666667,80.03834,80.03834 5.062880000000001,80.03782333333334,80.03782333333334 5.066531666666667,80.03730666666667,80.03730666666667 5.070181666666667,80.03679000000001,80.03679000000001 5.073830000000001,80.03627333333334,80.03627333333334 5.07748,80.03575500000001,80.03575500000001 5.081138333333333,80.03524000000002,80.03524000000002 5.084806666666666,80.03472499999998,80.03472499999998 5.088489999999999,80.03421166666666,80.03421166666666 5.0921883333333335,80.0337,80.0337 5.095903333333334,80.03319,80.03319 5.099629999999999,80.03268166666668,80.03268166666668 5.103366666666667,80.03217333333335,80.03217333333335 5.1071116666666665,80.03166666666665,80.03166666666665 5.110858333333333,80.03116000000001,80.03116000000001 5.114605000000001,80.03065166666669,80.03065166666669 5.1183483333333335,80.03014333333333,80.03014333333333 5.122085,80.02963333333334,80.02963333333334 5.125819999999999,80.02912166666665,80.02912166666665 5.129551666666667,80.02861,80.02861 5.133278333333333,80.02809666666667,80.02809666666667 5.1370033333333325,80.02758166666666,80.02758166666666 5.140728333333333,80.02706666666666,80.02706666666666 5.144453333333334,80.02655,80.02655 5.14818,80.02603166666667,80.02603166666667 5.151906666666666,80.02551166666667,80.02551166666667 5.155635,80.02499,80.02499 5.159368333333332,80.02446833333333,80.02446833333333 5.163105000000001,80.02394333333332,80.02394333333332 5.166846666666667,80.02342000000002,80.02342000000002 5.1706,80.022895,80.022895 5.17436,80.02237166666667,80.02237166666667 5.178128333333333,80.02184666666668,80.02184666666668 5.1819033333333335,80.02132333333333,80.02132333333333 5.185686666666667,80.0208,80.0208 5.189478333333333,80.02027833333334,80.02027833333334 5.193278333333334,80.01975666666667,80.01975666666667 5.197079999999999,80.019235,80.019235 5.2008816666666675,80.01871333333334,80.01871333333334 5.2046850000000004,80.01819166666668,80.01819166666668 5.208486666666666,80.01767000000001,80.01767000000001 5.212286666666667,80.01715,80.01715 5.216081666666666,80.01662833333332,80.01662833333332 5.219871666666667,80.01610833333334,80.01610833333334 5.223655,80.01558666666665,80.01558666666665 5.22743,80.015065,80.015065 5.231201666666667,80.01454333333332,80.01454333333332 5.234968333333334,80.01402166666668,80.01402166666668 5.238735000000001,80.0135,80.0135 5.242503333333334,80.01297666666666,80.01297666666666 5.246273333333333,80.012455,80.012455 5.250044999999999,80.01193166666667,80.01193166666667 5.2538149999999995,80.01141,80.01141 5.257586666666667,80.01088666666665,80.01088666666665 5.261353333333332,80.01036333333334,80.01036333333334 5.265118333333334,80.00983833333333,80.00983833333333 5.26888,80.009315,80.009315 5.272636666666666,80.00879,80.00879 5.276388333333333,80.008265,80.008265 5.280133333333333,80.00773833333334,80.00773833333334 5.283869999999999,80.00721166666668,80.00721166666668 5.2875983333333325,80.006685,80.006685 5.291321666666666,80.00615666666666,80.00615666666666 5.2950366666666655,80.00562833333333,80.00562833333333 5.298743333333335,80.00509999999998,80.00509999999998 5.30244,80.00456833333334,80.00456833333334 5.306128333333334,80.00403666666666,80.00403666666666 5.309808333333333,80.00350499999999,80.00350499999999 5.313480000000001,80.00297166666665,80.00297166666665 5.317151666666666,80.00243999999999,80.00243999999999 5.320821666666666,80.00190833333332,80.00190833333332 5.324491666666667,80.00137666666667,80.00137666666667 5.328160000000001,80.00084666666666,80.00084666666666 5.331831666666667,80.00031666666668,80.00031666666668 5.335506666666667,79.99978666666665,79.99978666666665 5.339185,79.99925833333333,79.99925833333333 5.3428666666666675,79.99873166666666,79.99873166666666 5.346553333333333,79.99820666666666,79.99820666666666 5.350246666666667,79.99768166666667,79.99768166666667 5.353946666666667,79.99715833333332,79.99715833333332 5.357649999999999,79.99663500000001,79.99663500000001 5.361354999999999,79.99611333333333,79.99611333333333 5.36506,79.99559333333335,79.99559333333335 5.368765,79.99507166666666,79.99507166666666 5.372474999999999,79.99455166666668,79.99455166666668 5.376188333333333,79.99403333333332,79.99403333333332 5.379908333333334,79.99351666666666,79.99351666666666 5.383633333333335,79.993,79.993 5.387366666666666,79.99248499999999,79.99248499999999 5.391106666666667,79.99197000000001,79.99197000000001 5.394853333333334,79.99145666666668,79.99145666666668 5.398603333333334,79.99094333333333,79.99094333333333 5.40236,79.99043166666668,79.99043166666668 5.406121666666667,79.98992166666666,79.98992166666666 5.409886666666666,79.98940999999999,79.98940999999999 5.413656666666666,79.9889,79.9889 5.417425,79.98839000000001,79.98839000000001 5.421191666666665,79.98787999999999,79.98787999999999 5.424955,79.98736833333334,79.98736833333334 5.428716666666666,79.98685666666665,79.98685666666665 5.432473333333332,79.98634333333332,79.98634333333332 5.436224999999999,79.98582833333334,79.98582833333334 5.439971666666666,79.98531333333334,79.98531333333334 5.443714999999998,79.98479666666667,79.98479666666667 5.447453333333334,79.98428000000001,79.98428000000001 5.451186666666666,79.98376166666668,79.98376166666668 5.454908333333333,79.98324000000001,79.98324000000001 5.458625000000001,79.98271833333332,79.98271833333332 5.4623333333333335,79.98219499999999,79.98219499999999 5.466035,79.98167,79.98167 5.469728333333334,79.98114333333332,79.98114333333332 5.473413333333334,79.980615,79.980615 5.4770916666666665,79.98008666666668,79.98008666666668 5.480765000000001,79.979555,79.979555 5.484436666666667,79.97902500000001,79.97902500000001 5.488108333333335,79.97849333333333,79.97849333333333 5.491774999999999,79.97796166666666,79.97796166666666 5.4954416666666654,79.97742833333332,79.97742833333332 5.499108333333334,79.97689666666668,79.97689666666668 5.502768333333334,79.976365,79.976365 5.506418333333333,79.97583166666666,79.97583166666666 5.510063333333333,79.97529666666667,79.97529666666667 5.513703333333333,79.97476166666667,79.97476166666667 5.517335000000001,79.974225,79.974225 5.520956666666666,79.97368833333334,79.97368833333334 5.524573333333332,79.97314999999999,79.97314999999999 5.528181666666668,79.97261,79.97261 5.531788333333332,79.97207166666666,79.97207166666666 5.535395,79.97153166666668,79.97153166666668 5.5390016666666675,79.97099333333335,79.97099333333335 5.542610000000001,79.970455,79.970455 5.546218333333333,79.96991666666665,79.96991666666665 5.549826666666666,79.96937999999999,79.96937999999999 5.553438333333334,79.96884333333333,79.96884333333333 5.557053333333332,79.96830666666666,79.96830666666666 5.560671666666668,79.96777166666666,79.96777166666666 5.564289999999999,79.967235,79.967235 5.56791,79.9667,79.9667 5.57153,79.96616666666667,79.96616666666667 5.57515,79.96563166666667,79.96563166666667 5.578768333333333,79.96509833333333,79.96509833333333 5.582384999999999,79.96456333333333,79.96456333333333 5.5859966666666665,79.96402833333333,79.96402833333333 5.589603333333335,79.96349333333333,79.96349333333333 5.593209999999999,79.96296,79.96296 5.596811666666667,79.962425,79.962425 5.600408333333333,79.96188833333333,79.96188833333333 5.604,79.96135333333334,79.96135333333334 5.607590000000002,79.96081666666667,79.96081666666667 5.61118,79.96028166666666,79.96028166666666 5.614771666666667,79.95974833333334,79.95974833333334 5.618368333333333,79.959215,79.959215 5.621963333333333,79.95868166666666,79.95868166666666 5.625563333333334,79.95814999999999,79.95814999999999 5.629166666666667,79.95761833333331,79.95761833333331 5.6327783333333326,79.95709,79.95709 5.636396666666667,79.95656166666667,79.95656166666667 5.6400266666666665,79.95603666666666,79.95603666666666 5.643661666666666,79.95551166666667,79.95551166666667 5.647303333333333,79.95498833333333,79.95498833333333 5.650953333333333,79.95446499999998,79.95446499999998 5.654611666666667,79.95394333333334,79.95394333333334 5.658273333333333,79.95342166666666,79.95342166666666 5.661936666666667,79.95290000000001,79.95290000000001 5.665600000000001,79.95237833333333,79.95237833333333 5.66926,79.951855,79.951855 5.672916666666666,79.95133333333334,79.95133333333334 5.676573333333333,79.95081,79.95081 5.680233333333333,79.95028833333335,79.95028833333335 5.6838966666666675,79.94976833333334,79.94976833333334 5.68756,79.94924833333333,79.94924833333333 5.691228333333333,79.94873,79.94873 5.694903333333334,79.94821166666667,79.94821166666667 5.698583333333332,79.94769500000001,79.94769500000001 5.702263333333335,79.94717833333334,79.94717833333334 5.705946666666668,79.94666333333333,79.94666333333333 5.709638333333333,79.94614833333334,79.94614833333334 5.713331666666666,79.945635,79.945635 5.717025,79.94511999999999,79.94511999999999 5.720718333333334,79.94460666666667,79.94460666666667 5.724413333333332,79.94409166666665,79.94409166666665 5.728106666666668,79.94357833333333,79.94357833333333 5.731796666666666,79.94306333333333,79.94306333333333 5.735481666666667,79.94254666666667,79.94254666666667 5.739166666666667,79.94203166666667,79.94203166666667 5.742843333333334,79.941515,79.941515 5.746514999999999,79.94099666666665,79.94099666666665 5.75018,79.94047833333335,79.94047833333335 5.753840000000001,79.93995833333334,79.93995833333334 5.757495,79.93943833333331,79.93943833333331 5.761144999999999,79.93891666666667,79.93891666666667 5.764786666666668,79.93839333333332,79.93839333333332 5.768419999999999,79.93786833333333,79.93786833333333 5.772048333333333,79.93734166666667,79.93734166666667 5.775671666666667,79.93681333333333,79.93681333333333 5.77929,79.93628499999998,79.93628499999998 5.782904999999999,79.935755,79.935755 5.786516666666667,79.93522666666665,79.93522666666665 5.790126666666667,79.93469666666667,79.93469666666667 5.793736666666667,79.93416666666667,79.93416666666667 5.797345,79.93363666666666,79.93363666666666 5.800955000000001,79.93310833333334,79.93310833333334 5.80456,79.93258000000002,79.93258000000002 5.808161666666667,79.93205166666667,79.93205166666667 5.81176,79.93152333333333,79.93152333333333 5.815356666666666,79.93099500000001,79.93099500000001 5.818948333333333,79.93046666666669,79.93046666666669 5.822536666666667,79.92993833333334,79.92993833333334 5.826125,79.92941166666667,79.92941166666667 5.829711666666666,79.92888666666667,79.92888666666667 5.833295000000001,79.92836000000001,79.92836000000001 5.836876666666666,79.927835,79.927835 5.840458333333333,79.92731,79.92731 5.844039999999999,79.92678666666667,79.92678666666667 5.847621666666667,79.92626333333332,79.92626333333332 5.851203333333332,79.92573999999999,79.92573999999999 5.854786666666667,79.92521833333333,79.92521833333333 5.858371666666667,79.92469833333332,79.92469833333332 5.861958333333333,79.92417666666667,79.92417666666667 5.865546666666668,79.92365666666666,79.92365666666666 5.869138333333333,79.92313666666666,79.92313666666666 5.872731666666666,79.92261833333335,79.92261833333335 5.87633,79.92209833333332,79.92209833333332 5.879928333333333,79.92158,79.92158 5.8835299999999995,79.92106000000001,79.92106000000001 5.887131666666667,79.92054,79.92054 5.890733333333333,79.92001833333335,79.92001833333335 5.894333333333333,79.91949666666667,79.91949666666667 5.8979333333333335,79.91897499999999,79.91897499999999 5.901533333333333,79.91845333333335,79.91845333333335 5.905135,79.91793,79.91793 5.908735,79.91740666666666,79.91740666666666 5.9123383333333335,79.91688333333333,79.91688333333333 5.915938333333335,79.91636000000001,79.91636000000001 5.919536666666667,79.91583500000002,79.91583500000002 5.923131666666666,79.91531,79.91531 5.9267233333333325,79.91478333333332,79.91478333333332 5.930309999999999,79.91425833333332,79.91425833333332 5.933895,79.91373,79.91373 5.937476666666666,79.91320333333333,79.91320333333333 5.941053333333334,79.91267500000001,79.91267500000001 5.944628333333332,79.91214666666666,79.91214666666666 5.948203333333333,79.91161666666667,79.91161666666667 5.951778333333333,79.91108833333332,79.91108833333332 5.955353333333333,79.91055999999999,79.91055999999999 5.95893,79.91003,79.91003 5.962508333333332,79.90950166666666,79.90950166666666 5.9660883333333325,79.90897333333334,79.90897333333334 5.96967,79.908445,79.908445 5.973249999999999,79.90791666666668,79.90791666666668 5.97683,79.90738833333333,79.90738833333333 5.980410000000001,79.90686000000001,79.90686000000001 5.983993333333332,79.90633166666666,79.90633166666666 5.987581666666666,79.90580499999999,79.90580499999999 5.991175,79.90527833333333,79.90527833333333 5.994771666666667,79.90475166666667,79.90475166666667 5.998371666666666,79.90422666666666,79.90422666666666 6.001975000000001,79.90370166666666,79.90370166666666 6.00558,79.90317833333333,79.90317833333333 6.0091883333333325,79.90265333333332,79.90265333333332 6.012800000000001,79.90213000000001,79.90213000000001 6.016416666666667,79.90160833333333,79.90160833333333 6.020035,79.901085,79.901085 6.023651666666666,79.90056333333334,79.90056333333334 6.02727,79.90004,79.90004 6.030889999999999,79.89951833333333,79.89951833333333 6.034508333333334,79.89899499999999,79.89899499999999 6.038123333333335,79.89847166666668,79.89847166666668 6.041731666666667,79.89794833333333,79.89794833333333 6.045336666666667,79.89742333333334,79.89742333333334 6.048936666666666,79.89689666666668,79.89689666666668 6.05253,79.89636999999999,79.89636999999999 6.056118333333335,79.89584166666666,79.89584166666666 6.059701666666665,79.89531166666667,79.89531166666667 6.063278333333334,79.89478,79.89478 6.066848333333334,79.89424666666666,79.89424666666666 6.070416666666667,79.89371333333332,79.89371333333332 6.0739833333333335,79.89317833333332,79.89317833333332 6.077548333333334,79.89264499999999,79.89264499999999 6.0811150000000005,79.89211000000002,79.89211000000002 6.0846816666666665,79.89157499999999,79.89157499999999 6.088251666666667,79.89104000000002,79.89104000000002 6.091823333333334,79.89050666666668,79.89050666666668 6.095395,79.88997166666665,79.88997166666665 6.0989700000000004,79.88943666666668,79.88943666666668 6.102546666666665,79.88890333333335,79.88890333333335 6.1061266666666665,79.88837000000001,79.88837000000001 6.109709999999999,79.88783833333333,79.88783833333333 6.113298333333334,79.88730666666667,79.88730666666667 6.1168916666666675,79.886775,79.886775 6.120488333333332,79.88624499999999,79.88624499999999 6.124091666666668,79.88571666666667,79.88571666666667 6.127698333333332,79.88518833333332,79.88518833333332 6.131308333333333,79.88466166666667,79.88466166666667 6.13492,79.88413499999999,79.88413499999999 6.138531666666666,79.88360833333333,79.88360833333333 6.142140000000001,79.88308166666667,79.88308166666667 6.145748333333334,79.882555,79.882555 6.149353333333333,79.88202833333334,79.88202833333334 6.1529549999999995,79.88150000000002,79.88150000000002 6.156551666666667,79.88097333333333,79.88097333333333 6.160145,79.880445,79.880445 6.163731666666666,79.87991499999998,79.87991499999998 6.167311666666666,79.879385,79.879385 6.170886666666667,79.87885500000002,79.87885500000002 6.174456666666667,79.878325,79.878325 6.178016666666667,79.87779166666667,79.87779166666667 6.18157,79.87725833333334,79.87725833333334 6.185116666666667,79.87672500000001,79.87672500000001 6.188656666666667,79.87619,79.87619 6.192191666666668,79.87565500000001,79.87565500000001 6.195725,79.87511833333333,79.87511833333333 6.199256666666668,79.87458166666667,79.87458166666667 6.202790000000001,79.87404666666667,79.87404666666667 6.206323333333334,79.87351166666667,79.87351166666667 6.20986,79.87297666666667,79.87297666666667 6.213399999999999,79.87244166666667,79.87244166666667 6.216941666666666,79.87190833333334,79.87190833333334 6.220488333333333,79.871375,79.871375 6.2240383333333344,79.87084166666666,79.87084166666666 6.22759,79.87031,79.87031 6.231143333333333,79.86977833333333,79.86977833333333 6.234698333333334,79.86924666666665,79.86924666666665 6.238253333333334,79.86871500000001,79.86871500000001 6.241806666666668,79.86818333333333,79.86818333333333 6.245359999999999,79.86765333333332,79.86765333333332 6.248911666666667,79.86712166666668,79.86712166666668 6.252461666666666,79.86659166666666,79.86659166666666 6.256011666666665,79.86606,79.86606 6.259561666666667,79.86553166666666,79.86553166666666 6.263113333333333,79.86500166666667,79.86500166666667 6.2666699999999995,79.86447333333335,79.86447333333335 6.270231666666667,79.863945,79.863945 6.2737983333333345,79.86341833333333,79.86341833333333 6.277371666666666,79.86289333333333,79.86289333333333 6.280948333333333,79.86236666666667,79.86236666666667 6.284528333333333,79.86184166666666,79.86184166666666 6.2881083333333345,79.86131666666667,79.86131666666667 6.291691666666665,79.86079000000001,79.86079000000001 6.295274999999999,79.860265,79.860265 6.29886,79.85973833333334,79.85973833333334 6.302450000000001,79.85921166666668,79.85921166666668 6.30604,79.85868666666667,79.85868666666667 6.309633333333332,79.85815999999998,79.85815999999998 6.313224999999999,79.85763333333333,79.85763333333333 6.316815000000001,79.85710666666667,79.85710666666667 6.320403333333334,79.85657833333333,79.85657833333333 6.323988333333333,79.85605000000001,79.85605000000001 6.327568333333333,79.85552166666666,79.85552166666666 6.331143333333334,79.85499333333334,79.85499333333334 6.334711666666667,79.85446499999999,79.85446499999999 6.338275000000001,79.85393499999999,79.85393499999999 6.341831666666668,79.85340500000001,79.85340500000001 6.345385,79.852875,79.852875 6.348933333333334,79.85234500000001,79.85234500000001 6.352478333333333,79.851815,79.851815 6.356020000000001,79.851285,79.851285 6.359558333333332,79.85075499999999,79.85075499999999 6.363095,79.85022500000001,79.85022500000001 6.366626666666667,79.849695,79.849695 6.370156666666666,79.84916499999999,79.84916499999999 6.373685000000001,79.848635,79.848635 6.377210000000001,79.848105,79.848105 6.3807350000000005,79.84757499999999,79.84757499999999 6.384258333333334,79.84704499999998,79.84704499999998 6.387781666666666,79.846515,79.846515 6.391303333333333,79.84598666666668,79.84598666666668 6.394823333333332,79.84545666666666,79.84545666666666 6.398343333333335,79.84492666666667,79.84492666666667 6.401865000000001,79.84439833333332,79.84439833333332 6.405388333333334,79.84386833333333,79.84386833333333 6.408915,79.84334000000001,79.84334000000001 6.412445000000001,79.84281166666666,79.84281166666666 6.41598,79.84228499999999,79.84228499999999 6.419513333333333,79.84175833333333,79.84175833333333 6.423045,79.84123000000001,79.84123000000001 6.426576666666667,79.84070333333334,79.84070333333334 6.430108333333334,79.84017499999999,79.84017499999999 6.433638333333333,79.83964666666667,79.83964666666667 6.437166666666666,79.83911833333335,79.83911833333335 6.440695,79.83859000000001,79.83859000000001 6.444223333333333,79.83806166666666,79.83806166666666 6.447753333333332,79.83753333333334,79.83753333333334 6.4512866666666655,79.83700333333333,79.83700333333333 6.4548250000000005,79.83647666666667,79.83647666666667 6.458366666666666,79.83594833333333,79.83594833333333 6.461911666666667,79.83542166666665,79.83542166666665 6.465461666666666,79.83489500000002,79.83489500000002 6.469011666666668,79.83436833333333,79.83436833333333 6.4725633333333334,79.83384166666666,79.83384166666666 6.476116666666666,79.833315,79.833315 6.4796733333333325,79.83278833333334,79.83278833333334 6.4832333333333345,79.83226166666667,79.83226166666667 6.486793333333333,79.83173666666667,79.83173666666667 6.490358333333334,79.83120999999998,79.83120999999998 6.493926666666666,79.83068499999999,79.83068499999999 6.4974983333333345,79.83015999999998,79.83015999999998 6.501071666666666,79.82963500000001,79.82963500000001 6.504646666666668,79.82910833333334,79.82910833333334 6.508221666666667,79.82858333333334,79.82858333333334 6.511795000000001,79.82805666666665,79.82805666666665 6.515363333333332,79.82752833333333,79.82752833333333 6.518931666666666,79.827,79.827 6.522496666666665,79.82647166666668,79.82647166666668 6.526059999999999,79.82594166666667,79.82594166666667 6.5296199999999995,79.82540999999999,79.82540999999999 6.5331800000000015,79.82487833333334,79.82487833333334 6.536736666666666,79.82434666666667,79.82434666666667 6.5402916666666675,79.82381333333333,79.82381333333333 6.54384,79.82328000000001,79.82328000000001 6.547383333333333,79.822745,79.822745 6.55092,79.82221,79.82221 6.55445,79.82167333333334,79.82167333333334 6.557970000000001,79.82113500000001,79.82113500000001 6.56148,79.82059666666669,79.82059666666669 6.564980000000001,79.82005666666667,79.82005666666667 6.5684733333333325,79.819515,79.819515 6.571955,79.81897333333333,79.81897333333333 6.575430000000001,79.81843000000002,79.81843000000002 6.578898333333333,79.81788666666665,79.81788666666665 6.582363333333332,79.81734333333334,79.81734333333334 6.585828333333334,79.81679999999999,79.81679999999999 6.58929,79.81625666666667,79.81625666666667 6.592750000000001,79.81571333333333,79.81571333333333 6.596210000000001,79.81517166666667,79.81517166666667 6.599668333333334,79.81463,79.81463 6.6031233333333335,79.81408833333332,79.81408833333332 6.606581666666666,79.81354666666667,79.81354666666667 6.6100449999999995,79.81300666666667,79.81300666666667 6.613513333333333,79.81246833333334,79.81246833333334 6.616986666666666,79.81192999999999,79.81192999999999 6.620466666666666,79.81139333333333,79.81139333333333 6.623951666666667,79.81085833333333,79.81085833333333 6.627443333333335,79.81032333333333,79.81032333333333 6.63094,79.80979000000002,79.80979000000002 6.634443333333333,79.80925833333335,79.80925833333335 6.637950000000001,79.80872666666667,79.80872666666667 6.641458333333332,79.808195,79.808195 6.644968333333333,79.807665,79.807665 6.64848,79.80713499999999,79.80713499999999 6.6519900000000005,79.80660666666667,79.80660666666667 6.655498333333333,79.80607666666666,79.80607666666666 6.6590066666666665,79.80554833333333,79.80554833333333 6.662513333333334,79.80502,79.80502 6.666016666666667,79.80449166666668,79.80449166666668 6.6695199999999994,79.80396166666667,79.80396166666667 6.673023333333333,79.80343500000001,79.80343500000001 6.676528333333333,79.80290666666666,79.80290666666666 6.680031666666667,79.80237999999999,79.80237999999999 6.683535,79.80185166666666,79.80185166666666 6.6870400000000005,79.801325,79.801325 6.690546666666667,79.80079833333333,79.80079833333333 6.694055,79.80027166666667,79.80027166666667 6.697569999999999,79.79974666666668,79.79974666666668 6.701088333333333,79.79922166666667,79.79922166666667 6.704608333333335,79.79869666666667,79.79869666666667 6.708131666666667,79.79817333333334,79.79817333333334 6.711661666666667,79.79764999999999,79.79764999999999 6.715189999999999,79.79712666666666,79.79712666666666 6.718719999999999,79.79660333333332,79.79660333333332 6.722248333333333,79.79608166666667,79.79608166666667 6.725778333333333,79.79555833333333,79.79555833333333 6.729305,79.79503500000001,79.79503500000001 6.732828333333333,79.79451166666665,79.79451166666665 6.736350000000001,79.79398833333333,79.79398833333333 6.739868333333334,79.793465,79.793465 6.743383333333332,79.79294166666666,79.79294166666666 6.746895,79.79241833333334,79.79241833333334 6.750403333333332,79.79189500000001,79.79189500000001 6.753908333333333,79.79137,79.79137 6.757410000000001,79.790845,79.790845 6.760906666666667,79.79032000000001,79.79032000000001 6.764401666666667,79.78979333333334,79.78979333333334 6.7678883333333335,79.78926499999999,79.78926499999999 6.77137,79.78873666666667,79.78873666666667 6.774844999999999,79.78820666666668,79.78820666666668 6.778316666666665,79.78767666666667,79.78767666666667 6.781783333333334,79.78714666666666,79.78714666666666 6.785244999999999,79.786615,79.786615 6.788703333333333,79.78608166666666,79.78608166666666 6.792158333333333,79.78554999999999,79.78554999999999 6.795606666666666,79.78501500000002,79.78501500000002 6.799049999999999,79.78448166666668,79.78448166666668 6.802491666666667,79.78394833333334,79.78394833333334 6.805931666666668,79.78341333333331,79.78341333333331 6.809369999999999,79.78287999999998,79.78287999999998 6.812806666666668,79.782345,79.782345 6.8162416666666665,79.78181166666667,79.78181166666667 6.819676666666667,79.78127666666667,79.78127666666667 6.823111666666667,79.78074166666667,79.78074166666667 6.826548333333334,79.78020833333333,79.78020833333333 6.8299900000000004,79.779675,79.779675 6.8334366666666675,79.77914166666666,79.77914166666666 6.8368850000000005,79.77860999999999,79.77860999999999 6.8403350000000005,79.77807833333334,79.77807833333334 6.843781666666666,79.777545,79.777545 6.847228333333334,79.77701166666667,79.77701166666667 6.850671666666667,79.77647833333334,79.77647833333334 6.854111666666666,79.77594500000001,79.77594500000001 6.857551666666667,79.77541,79.77541 6.860991666666666,79.77487666666666,79.77487666666666 6.8644333333333325,79.77434333333333,79.77434333333333 6.867881666666667,79.77381,79.77381 6.871333333333333,79.77327833333332,79.77327833333332 6.874789999999999,79.77274833333331,79.77274833333331 6.878256666666666,79.77221999999999,79.77221999999999 6.881731666666667,79.77169166666667,79.77169166666667 6.885216666666668,79.77116666666666,79.77116666666666 6.88871,79.77064333333333,79.77064333333333 6.892211666666666,79.77011999999999,79.77011999999999 6.895718333333335,79.76959666666667,79.76959666666667 6.899228333333333,79.769075,79.769075 6.902743333333332,79.76855166666665,79.76855166666665 6.906261666666667,79.76803000000001,79.76803000000001 6.9097800000000005,79.76750666666666,79.76750666666666 6.9132966666666675,79.76698333333333,79.76698333333333 6.916813333333333,79.76646000000001,79.76646000000001 6.920326666666667,79.76593500000001,79.76593500000001 6.923838333333333,79.76540833333333,79.76540833333333 6.927346666666667,79.76488166666667,79.76488166666667 6.930853333333332,79.76435333333333,79.76435333333333 6.934358333333334,79.76382499999998,79.76382499999998 6.93786,79.76329333333334,79.76329333333334 6.9413599999999995,79.76276333333333,79.76276333333333 6.944858333333333,79.76222999999999,79.76222999999999 6.948351666666667,79.76169833333334,79.76169833333334 6.951841666666667,79.76116333333334,79.76116333333334 6.955329999999999,79.76062833333334,79.76062833333334 6.958813333333334,79.76009333333334,79.76009333333334 6.962293333333333,79.75955666666668,79.75955666666668 6.965766666666667,79.75901999999999,79.75901999999999 6.969236666666666,79.75848166666667,79.75848166666667 6.972701666666668,79.75794333333334,79.75794333333334 6.976160000000001,79.75740333333333,79.75740333333333 6.979613333333333,79.75686166666667,79.75686166666667 6.983064999999999,79.75632166666665,79.75632166666665 6.986511666666667,79.75578,79.75578 6.989953333333333,79.75523833333332,79.75523833333332 6.9933933333333345,79.75469666666666,79.75469666666666 6.996831666666666,79.75415500000001,79.75415500000001 7.0002683333333335,79.75361333333333,79.75361333333333 7.003703333333334,79.75307166666666,79.75307166666666 7.007141666666666,79.75253,79.75253 7.010583333333334,79.75199,79.75199 7.014030000000001,79.75145000000002,79.75145000000002 7.017480000000001,79.75091166666667,79.75091166666667 7.020935,79.75037333333331,79.75037333333331 7.024393333333334,79.74983666666668,79.74983666666668 7.027853333333334,79.74929999999999,79.74929999999999 7.031313333333333,79.74876166666667,79.74876166666667 7.034773333333334,79.74822333333333,79.74822333333333 7.0382299999999995,79.74768666666667,79.74768666666667 7.041683333333333,79.74714666666668,79.74714666666668 7.045134999999998,79.74660833333336,79.74660833333336 7.048583333333332,79.74606833333334,79.74606833333334 7.052028333333334,79.74552833333333,79.74552833333333 7.055474999999999,79.74498833333334,79.74498833333334 7.0589216666666665,79.74444833333334,79.74444833333334 7.062371666666667,79.74390833333335,79.74390833333335 7.065821666666667,79.74336833333334,79.74336833333334 7.069275,79.74282833333332,79.74282833333332 7.072729999999999,79.74229,79.74229 7.076185,79.74175,79.74175 7.079643333333332,79.74121166666667,79.74121166666667 7.083105000000001,79.74067166666669,79.74067166666669 7.086571666666666,79.74013333333333,79.74013333333333 7.090043333333334,79.73959666666667,79.73959666666667 7.093521666666667,79.73906000000001,79.73906000000001 7.097004999999999,79.73852499999998,79.73852499999998 7.100491666666667,79.73799000000001,79.73799000000001 7.103978333333334,79.73745500000001,79.73745500000001 7.107465,79.73691999999998,79.73691999999998 7.110953333333333,79.73638500000001,79.73638500000001 7.114438333333333,79.73584999999999,79.73584999999999 7.117921666666667,79.73531500000001,79.73531500000001 7.121405000000001,79.73477833333332,79.73477833333332 7.124888333333333,79.73424333333332,79.73424333333332 7.1283683333333325,79.73370666666666,79.73370666666666 7.131845000000001,79.73317,79.73317 7.135318333333334,79.73263333333333,79.73263333333333 7.138788333333333,79.73209666666666,79.73209666666666 7.1422550000000005,79.73155833333334,79.73155833333334 7.145716666666667,79.73102000000002,79.73102000000002 7.149175,79.73048166666666,79.73048166666666 7.1526299999999985,79.72994333333334,79.72994333333334 7.156079999999998,79.72940333333332,79.72940333333332 7.159525,79.72886333333332,79.72886333333332 7.162965,79.72832166666667,79.72832166666667 7.1664,79.72778,79.72778 7.169831666666666,79.72723666666668,79.72723666666668 7.173258333333333,79.726695,79.726695 7.176684999999999,79.72615166666665,79.72615166666665 7.180116666666668,79.72561,79.72561 7.183551666666666,79.72506833333333,79.72506833333333 7.1869916666666676,79.72452833333334,79.72452833333334 7.190436666666667,79.72399,79.72399 7.193888333333334,79.72345166666668,79.72345166666668 7.197346666666666,79.72291499999999,79.72291499999999 7.2008116666666675,79.72238000000002,79.72238000000002 7.204285000000001,79.72184500000002,79.72184500000002 7.207765,79.72131333333334,79.72131333333334 7.211249999999999,79.72078166666667,79.72078166666667 7.214743333333332,79.72025166666667,79.72025166666667 7.218238333333332,79.71972166666666,79.71972166666666 7.221736666666668,79.71919333333334,79.71919333333334 7.225235,79.71866333333335,79.71866333333335 7.2287333333333335,79.718135,79.718135 7.2322283333333335,79.71760666666667,79.71760666666667 7.2357233333333335,79.71707666666666,79.71707666666666 7.2392183333333335,79.71654666666667,79.71654666666667 7.2427166666666665,79.71601666666666,79.71601666666666 7.246216666666667,79.71548500000002,79.71548500000002 7.249721666666667,79.714955,79.714955 7.253228333333333,79.71442499999999,79.71442499999999 7.256736666666666,79.71389333333333,79.71389333333333 7.260248333333333,79.71336333333335,79.71336333333335 7.2637616666666664,79.71283166666667,79.71283166666667 7.2672783333333335,79.71229833333334,79.71229833333334 7.270796666666667,79.71176666666666,79.71176666666666 7.274314999999999,79.71123333333333,79.71123333333333 7.277833333333333,79.71069999999999,79.71069999999999 7.281351666666667,79.71016666666665,79.71016666666665 7.284868333333333,79.70963166666668,79.70963166666668 7.288380000000001,79.70909666666665,79.70909666666665 7.291888333333333,79.70856000000002,79.70856000000002 7.295391666666666,79.70802333333333,79.70802333333333 7.298886666666667,79.707485,79.707485 7.302375000000001,79.70694666666665,79.70694666666665 7.305855000000001,79.70640666666667,79.70640666666667 7.309328333333334,79.70586666666667,79.70586666666667 7.3127949999999995,79.70532666666668,79.70532666666668 7.316251666666667,79.70478666666666,79.70478666666666 7.319703333333332,79.70424666666665,79.70424666666665 7.323149999999999,79.703705,79.703705 7.326588333333333,79.70316333333334,79.70316333333334 7.330016666666666,79.70262166666666,79.70262166666666 7.3334383333333335,79.70207833333335,79.70207833333335 7.336853333333333,79.70153499999999,79.70153499999999 7.340258333333332,79.70098999999999,79.70098999999999 7.343660000000001,79.70044500000002,79.70044500000002 7.347060000000001,79.6999,79.6999 7.350456666666665,79.699355,79.699355 7.3538483333333335,79.69881,79.69881 7.357238333333334,79.69826333333334,79.69826333333334 7.360628333333333,79.69771666666668,79.69771666666668 7.364015,79.69717,79.69717 7.3674,79.69662333333333,79.69662333333333 7.370786666666667,79.69607666666667,79.69607666666667 7.374173333333332,79.69552999999999,79.69552999999999 7.377561666666666,79.69498333333333,79.69498333333333 7.3809466666666665,79.69443666666668,79.69443666666668 7.384333333333331,79.69388999999998,79.69388999999998 7.3877233333333345,79.69334666666667,79.69334666666667 7.391120000000001,79.69280333333334,79.69280333333334 7.394516666666667,79.69226,79.69226 7.397916666666666,79.69171999999999,79.69171999999999 7.401321666666667,79.69118,79.69118 7.404725000000001,79.69064166666666,79.69064166666666 7.408126666666668,79.69010166666668,79.69010166666668 7.411523333333334,79.68956333333335,79.68956333333335 7.414916666666667,79.689025,79.689025 7.418306666666666,79.68848500000001,79.68848500000001 7.421691666666668,79.68794666666666,79.68794666666666 7.425071666666666,79.68740666666666,79.68740666666666 7.428451666666667,79.68686666666667,79.68686666666667 7.431831666666667,79.68632666666669,79.68632666666669 7.4352116666666666,79.68578666666667,79.68578666666667 7.438594999999999,79.68524666666666,79.68524666666666 7.441985,79.68470833333333,79.68470833333333 7.445381666666666,79.68417,79.68417 7.448786666666667,79.68363333333333,79.68363333333333 7.4521983333333335,79.68309833333333,79.68309833333333 7.455620000000001,79.68256333333333,79.68256333333333 7.459043333333333,79.68203,79.68203 7.46247,79.681495,79.681495 7.465898333333333,79.68096166666666,79.68096166666666 7.469324999999999,79.68042666666666,79.68042666666666 7.4727516666666665,79.67989166666666,79.67989166666666 7.4761783333333325,79.67935833333333,79.67935833333333 7.479605,79.67882333333334,79.67882333333334 7.483033333333333,79.67828833333333,79.67828833333333 7.486463333333334,79.67775333333334,79.67775333333334 7.489893333333333,79.67721833333333,79.67721833333333 7.4933266666666665,79.67668333333333,79.67668333333333 7.496761666666667,79.67614833333333,79.67614833333333 7.500198333333333,79.67561500000001,79.67561500000001 7.503636666666667,79.67508,79.67508 7.507076666666668,79.67454500000001,79.67454500000001 7.510516666666667,79.67401,79.67401 7.513958333333333,79.673475,79.673475 7.5173983333333325,79.67294,79.67294 7.520838333333334,79.67240333333334,79.67240333333334 7.524278333333332,79.67186833333334,79.67186833333334 7.527716666666667,79.67133166666667,79.67133166666667 7.531151666666667,79.67079500000001,79.67079500000001 7.534586666666666,79.67025666666666,79.67025666666666 7.538016666666666,79.66972,79.66972 7.541441666666667,79.66918166666665,79.66918166666665 7.544863333333332,79.66864333333332,79.66864333333332 7.548281666666666,79.66810666666666,79.66810666666666 7.551693333333334,79.66756833333334,79.66756833333334 7.555098333333333,79.66703000000001,79.66703000000001 7.558498333333334,79.66649166666667,79.66649166666667 7.561891666666667,79.66595333333332,79.66595333333332 7.565278333333333,79.665415,79.665415 7.5686566666666675,79.66487500000001,79.66487500000001 7.572030000000001,79.664335,79.664335 7.575396666666667,79.66379333333333,79.66379333333333 7.578754999999999,79.66324999999999,79.66324999999999 7.58211,79.66270833333334,79.66270833333334 7.585458333333333,79.66216333333334,79.66216333333334 7.588801666666665,79.66161833333335,79.66161833333335 7.5921416666666675,79.66107333333332,79.66107333333332 7.595475000000001,79.660525,79.660525 7.598808333333333,79.65997833333331,79.65997833333331 7.602145,79.65943,79.65943 7.605485000000001,79.65888166666667,79.65888166666667 7.608823333333334,79.65833166666667,79.65833166666667 7.612161666666666,79.65778166666668,79.65778166666668 7.615504999999999,79.65723166666668,79.65723166666668 7.618849999999999,79.65668166666666,79.65668166666666 7.622193333333334,79.65612999999999,79.65612999999999 7.625540000000002,79.65558,79.65558 7.628895,79.65503,79.65503 7.632256666666666,79.65448166666667,79.65448166666667 7.635628333333333,79.65393499999999,79.65393499999999 7.639006666666668,79.65339000000002,79.65339000000002 7.642393333333333,79.65284666666666,79.65284666666666 7.645783333333332,79.65230499999998,79.65230499999998 7.649173333333333,79.65176166666667,79.65176166666667 7.652566666666667,79.65122,79.65122 7.655963333333333,79.65067833333333,79.65067833333333 7.659361666666666,79.65013833333335,79.65013833333335 7.662761666666667,79.64959833333333,79.64959833333333 7.666163333333333,79.64905833333334,79.64905833333334 7.669565,79.64851999999999,79.64851999999999 7.672966666666667,79.64798166666667,79.64798166666667 7.6763666666666674,79.64744166666667,79.64744166666667 7.679766666666666,79.64690333333334,79.64690333333334 7.683168333333333,79.64636499999999,79.64636499999999 7.686568333333335,79.64582666666666,79.64582666666666 7.689968333333333,79.64528833333334,79.64528833333334 7.693370000000002,79.64475000000002,79.64475000000002 7.696773333333334,79.64421333333333,79.64421333333333 7.700176666666666,79.64367666666666,79.64367666666666 7.703585,79.64313999999999,79.64313999999999 7.706996666666668,79.642605,79.642605 7.7104066666666675,79.64207166666667,79.64207166666667 7.713818333333334,79.64153833333333,79.64153833333333 7.717228333333333,79.64100666666666,79.64100666666666 7.7206399999999995,79.64047500000001,79.64047500000001 7.724048333333333,79.63994333333333,79.63994333333333 7.727456666666666,79.63941333333335,79.63941333333335 7.730863333333334,79.63888333333334,79.63888333333334 7.7342666666666675,79.63835333333333,79.63835333333333 7.737666666666666,79.63782333333333,79.63782333333333 7.741063333333334,79.63729166666666,79.63729166666666 7.744456666666668,79.63676166666667,79.63676166666667 7.747843333333333,79.63623,79.63623 7.7512266666666685,79.63569666666666,79.63569666666666 7.754605,79.63516333333335,79.63516333333335 7.757981666666667,79.63463000000002,79.63463000000002 7.761354999999999,79.63409499999999,79.63409499999999 7.764725000000001,79.63355833333333,79.63355833333333 7.768091666666668,79.63302166666666,79.63302166666666 7.771458333333334,79.632485,79.632485 7.774825000000001,79.63194666666665,79.63194666666665 7.7781883333333335,79.63140666666666,79.63140666666666 7.781551666666667,79.630865,79.630865 7.784913333333333,79.63032166666666,79.63032166666666 7.7882750000000005,79.62977666666666,79.62977666666666 7.791633333333334,79.62923166666667,79.62923166666667 7.794989999999999,79.628685,79.628685 7.798345,79.62813666666666,79.62813666666666 7.801698333333333,79.62758833333334,79.62758833333334 7.805048333333334,79.62704000000001,79.62704000000001 7.808395,79.62649333333333,79.62649333333333 7.811743333333334,79.62594666666666,79.62594666666666 7.815088333333334,79.62540166666668,79.62540166666668 7.818431666666666,79.62485666666667,79.62485666666667 7.821775000000001,79.62431333333333,79.62431333333333 7.825116666666665,79.62376833333332,79.62376833333332 7.828461666666668,79.623225,79.623225 7.83181,79.62268333333333,79.62268333333333 7.835160000000001,79.62214,79.62214 7.838514999999999,79.62159666666666,79.62159666666666 7.841871666666667,79.62105499999998,79.62105499999998 7.845228333333334,79.62051333333334,79.62051333333334 7.848588333333334,79.61997166666667,79.61997166666667 7.851948333333333,79.61943,79.61943 7.8553099999999985,79.61888833333335,79.61888833333335 7.858670000000001,79.61834833333333,79.61834833333333 7.862030000000001,79.61780833333334,79.61780833333334 7.865391666666667,79.61726833333334,79.61726833333334 7.868756666666666,79.61673000000002,79.61673000000002 7.872123333333333,79.61619,79.61619 7.875495,79.61565166666665,79.61565166666665 7.878870000000001,79.61511333333333,79.61511333333333 7.882248333333333,79.614575,79.614575 7.885626666666666,79.61403666666666,79.61403666666666 7.889008333333334,79.61349833333334,79.61349833333334 7.892390000000001,79.61295833333332,79.61295833333332 7.895775,79.61241833333334,79.61241833333334 7.899161666666666,79.61187666666666,79.61187666666666 7.90255,79.611335,79.611335 7.90594,79.61079333333335,79.61079333333335 7.909333333333333,79.61025166666667,79.61025166666667 7.912729999999999,79.60970833333333,79.60970833333333 7.916128333333333,79.609165,79.609165 7.919526666666666,79.60862166666666,79.60862166666666 7.922926666666666,79.60807999999999,79.60807999999999 7.926328333333333,79.60753666666666,79.60753666666666 7.929728333333332,79.60699333333335,79.60699333333335 7.93313,79.60644999999998,79.60644999999998 7.9365283333333325,79.60590666666667,79.60590666666667 7.939925,79.60536333333334,79.60536333333334 7.943318333333334,79.60481833333334,79.60481833333334 7.946708333333334,79.60427333333334,79.60427333333334 7.950095,79.60372666666666,79.60372666666666 7.953478333333333,79.60318,79.60318 7.956856666666666,79.60263333333334,79.60263333333334 7.960231666666666,79.60208499999999,79.60208499999999 7.9636016666666665,79.60153500000001,79.60153500000001 7.966966666666667,79.600985,79.600985 7.970328333333333,79.60043499999999,79.60043499999999 7.973686666666667,79.59988333333334,79.59988333333334 7.97704,79.59933166666667,79.59933166666667 7.980393333333334,79.59878,79.59878 7.983746666666667,79.59822833333332,79.59822833333332 7.987103333333333,79.59767833333335,79.59767833333335 7.9904633333333335,79.59712833333333,79.59712833333333 7.993828333333333,79.59657833333335,79.59657833333335 7.997198333333333,79.59603,79.59603 8.000571666666668,79.59548166666666,79.59548166666666 8.003948333333334,79.59493499999999,79.59493499999999 8.007331666666666,79.59438833333334,79.59438833333334 8.010718333333331,79.59384166666668,79.59384166666668 8.014108333333333,79.59329666666666,79.59329666666666 8.017498333333332,79.59275166666666,79.59275166666666 8.020893333333335,79.59220666666666,79.59220666666666 8.024286666666665,79.59166333333333,79.59166333333333 8.027683333333334,79.59111833333333,79.59111833333333 8.031081666666667,79.59057500000002,79.59057500000002 8.034483333333334,79.59003166666666,79.59003166666666 8.037891666666669,79.58948833333335,79.58948833333335 8.041305,79.58894666666667,79.58894666666667 8.044721666666666,79.588405,79.588405 8.048143333333334,79.587865,79.587865 8.051566666666668,79.587325,79.587325 8.054991666666666,79.58678499999999,79.58678499999999 8.058418333333332,79.58624499999998,79.58624499999998 8.061848333333336,79.58570666666665,79.58570666666665 8.065276666666666,79.58516666666667,79.58516666666667 8.068705000000001,79.58462833333333,79.58462833333333 8.072130000000001,79.58408833333334,79.58408833333334 8.075553333333334,79.58354833333333,79.58354833333333 8.078971666666666,79.58300833333334,79.58300833333334 8.082385,79.58246666666666,79.58246666666666 8.085796666666665,79.581925,79.581925 8.089208333333334,79.58138333333332,79.58138333333332 8.092618333333334,79.58084166666664,79.58084166666664 8.096025000000001,79.5803,79.5803 8.099428333333332,79.57975833333333,79.57975833333333 8.102831666666665,79.57921666666665,79.57921666666665 8.106233333333336,79.57867333333334,79.57867333333334 8.109633333333333,79.57813,79.57813 8.113031666666666,79.57758833333334,79.57758833333334 8.116426666666666,79.577045,79.577045 8.11982,79.5765,79.5765 8.123208333333334,79.57595666666667,79.57595666666667 8.126588333333334,79.57541166666667,79.57541166666667 8.129961666666665,79.574865,79.574865 8.133323333333335,79.57431666666666,79.57431666666666 8.136673333333333,79.57376500000001,79.57376500000001 8.140013333333334,79.57321333333331,79.57321333333331 8.143345,79.57265833333332,79.57265833333332 8.146669999999999,79.57210333333335,79.57210333333335 8.149986666666667,79.57154666666666,79.57154666666666 8.153295,79.57098833333332,79.57098833333332 8.156598333333333,79.57043166666666,79.57043166666666 8.159901666666666,79.56987333333335,79.56987333333335 8.163205,79.56931666666667,79.56931666666667 8.166508333333333,79.56876,79.56876 8.169813333333334,79.568205,79.568205 8.173116666666665,79.56765000000001,79.56765000000001 8.176416666666666,79.56709500000001,79.56709500000001 8.179715000000002,79.56654166666668,79.56654166666668 8.183009999999998,79.56598833333335,79.56598833333335 8.186301666666667,79.565435,79.565435 8.18959,79.56488166666665,79.56488166666665 8.192876666666667,79.56433000000001,79.56433000000001 8.196163333333335,79.56377833333333,79.56377833333333 8.199446666666669,79.563225,79.563225 8.202728333333333,79.56267333333334,79.56267333333334 8.206005000000001,79.56212166666666,79.56212166666666 8.209281666666667,79.56156999999999,79.56156999999999 8.212555,79.56101833333334,79.56101833333334 8.215826666666667,79.56046833333333,79.56046833333333 8.219099999999997,79.55991666666667,79.55991666666667 8.222373333333334,79.55936833333334,79.55936833333334 8.225645,79.55881833333333,79.55881833333333 8.228918333333334,79.55827166666667,79.55827166666667 8.232193333333335,79.55772333333333,79.55772333333333 8.235468333333332,79.55717833333333,79.55717833333333 8.238739999999998,79.55663166666666,79.55663166666666 8.24201,79.55608500000001,79.55608500000001 8.245281666666667,79.55554000000001,79.55554000000001 8.248558333333332,79.55499499999999,79.55499499999999 8.251838333333335,79.55445166666668,79.55445166666668 8.255123333333334,79.55390666666668,79.55390666666668 8.258410000000001,79.55336333333334,79.55336333333334 8.261705000000001,79.55282166666667,79.55282166666667 8.265001666666667,79.55227833333333,79.55227833333333 8.268303333333334,79.55173666666666,79.55173666666666 8.271608333333333,79.55119666666666,79.55119666666666 8.274918333333334,79.55065666666667,79.55065666666667 8.27823,79.55011666666665,79.55011666666665 8.281545,79.54957833333333,79.54957833333333 8.284861666666666,79.54903833333331,79.54903833333331 8.288183333333333,79.54849999999999,79.54849999999999 8.291506666666667,79.54796,79.54796 8.294833333333333,79.54742166666666,79.54742166666666 8.298163333333333,79.54688166666668,79.54688166666668 8.301498333333333,79.54634333333333,79.54634333333333 8.304838333333333,79.545805,79.545805 8.30818,79.54526499999999,79.54526499999999 8.311525000000001,79.544725,79.544725 8.314869999999999,79.54418333333334,79.54418333333334 8.318215,79.54364166666666,79.54364166666666 8.321558333333334,79.54310000000001,79.54310000000001 8.324901666666667,79.54255833333333,79.54255833333333 8.328244999999999,79.542015,79.542015 8.331586666666666,79.54147333333333,79.54147333333333 8.334928333333332,79.54092999999999,79.54092999999999 8.338268333333334,79.54038666666666,79.54038666666666 8.341609999999998,79.53984500000001,79.53984500000001 8.344948333333335,79.53930000000001,79.53930000000001 8.348283333333335,79.53875666666666,79.53875666666666 8.351616666666667,79.53821166666665,79.53821166666665 8.354948333333335,79.53766833333334,79.53766833333334 8.358276666666665,79.53712333333333,79.53712333333333 8.361604999999999,79.53657666666666,79.53657666666666 8.364933333333331,79.53603166666666,79.53603166666666 8.36826,79.53548666666667,79.53548666666667 8.371586666666666,79.53494166666667,79.53494166666667 8.374915000000001,79.53439666666667,79.53439666666667 8.378243333333334,79.53385166666668,79.53385166666668 8.381573333333334,79.53330666666668,79.53330666666668 8.384905,79.53276166666666,79.53276166666666 8.388238333333334,79.53221666666666,79.53221666666666 8.391575,79.53167166666668,79.53167166666668 8.394915,79.53112666666667,79.53112666666667 8.398256666666667,79.53058166666666,79.53058166666666 8.401601666666668,79.53003666666666,79.53003666666666 8.404948333333333,79.52949000000001,79.52949000000001 8.408295,79.52894166666665,79.52894166666665 8.411641666666668,79.528395,79.528395 8.414991666666667,79.52784499999999,79.52784499999999 8.418343333333334,79.52729666666667,79.52729666666667 8.421695,79.52674666666665,79.52674666666665 8.425046666666665,79.52619666666668,79.52619666666668 8.4284,79.525645,79.525645 8.431753333333335,79.52509333333333,79.52509333333333 8.435108333333334,79.52454166666666,79.52454166666666 8.438463333333333,79.52398833333332,79.52398833333332 8.441821666666668,79.52343499999999,79.52343499999999 8.44518,79.52288166666668,79.52288166666668 8.44854,79.52232666666666,79.52232666666666 8.451901666666666,79.52177333333333,79.52177333333333 8.455268333333333,79.52121833333334,79.52121833333334 8.458635,79.52066333333333,79.52066333333333 8.462001666666666,79.52010666666668,79.52010666666668 8.465369999999998,79.51955166666666,79.51955166666666 8.468734999999999,79.518995,79.518995 8.472098333333335,79.51844,79.51844 8.475458333333334,79.51788333333334,79.51788333333334 8.478814999999999,79.51732833333335,79.51732833333335 8.482168333333334,79.51677166666667,79.51677166666667 8.48552,79.516215,79.516215 8.488866666666667,79.51565999999998,79.51565999999998 8.492208333333334,79.51510333333333,79.51510333333333 8.495545000000002,79.51454666666667,79.51454666666667 8.498875,79.51399166666667,79.51399166666667 8.502198333333332,79.51343499999999,79.51343499999999 8.505513333333333,79.51287833333333,79.51287833333333 8.50882,79.51232166666668,79.51232166666668 8.512116666666666,79.51176333333333,79.51176333333333 8.515408333333331,79.511205,79.511205 8.518695000000001,79.51064666666666,79.51064666666666 8.521978333333335,79.51008833333334,79.51008833333334 8.525256666666666,79.50953,79.50953 8.528531666666666,79.50897166666668,79.50897166666668 8.531799999999999,79.50841333333334,79.50841333333334 8.535068333333335,79.50785666666667,79.50785666666667 8.538333333333334,79.50729833333332,79.50729833333332 8.541595000000003,79.50674166666667,79.50674166666667 8.544854999999998,79.50618666666665,79.50618666666665 8.548116666666667,79.50563333333334,79.50563333333334 8.551374999999998,79.50508,79.50508 8.554633333333333,79.50453,79.50453 8.557896666666666,79.50398000000001,79.50398000000001 8.561163333333333,79.50343500000001,79.50343500000001 8.56443666666667,79.50289,79.50289 8.567716666666666,79.50234833333334,79.50234833333334 8.571003333333335,79.50180833333333,79.50180833333333 8.574295000000001,79.50127,79.50127 8.577591666666667,79.50073333333333,79.50073333333333 8.580891666666666,79.500195,79.500195 8.584195,79.49965833333334,79.49965833333334 8.587499999999999,79.49912166666665,79.49912166666665 8.590803333333335,79.49858499999999,79.49858499999999 8.594110000000002,79.49804833333333,79.49804833333333 8.59742,79.49751333333333,79.49751333333333 8.600731666666666,79.49697666666667,79.49697666666667 8.604045000000001,79.49644,79.49644 8.607358333333336,79.49590166666665,79.49590166666665 8.610671666666667,79.49536333333333,79.49536333333333 8.613981666666668,79.494825,79.494825 8.617285,79.49428333333334,79.49428333333334 8.620585,79.49374,79.49374 8.62388,79.493195,79.493195 8.627171666666667,79.49264833333335,79.49264833333335 8.630458333333333,79.49210166666666,79.49210166666666 8.633743333333333,79.49155166666665,79.49155166666665 8.637026666666666,79.49100166666666,79.49100166666666 8.640306666666666,79.49045,79.49045 8.643583333333334,79.48989833333333,79.48989833333333 8.64686333333333,79.48934500000001,79.48934500000001 8.650144999999998,79.48879,79.48879 8.653428333333332,79.488235,79.488235 8.656715,79.48767833333333,79.48767833333333 8.660005,79.48712166666665,79.48712166666665 8.663298333333332,79.48656333333334,79.48656333333334 8.666591666666667,79.48600499999999,79.48600499999999 8.66989,79.48544666666668,79.48544666666668 8.673188333333332,79.48488833333334,79.48488833333334 8.676485000000001,79.48432833333332,79.48432833333332 8.679780000000001,79.48376999999999,79.48376999999999 8.683073333333333,79.48320999999999,79.48320999999999 8.686365000000002,79.48265166666667,79.48265166666667 8.689653333333332,79.48209333333332,79.48209333333332 8.692940000000002,79.48153666666667,79.48153666666667 8.696225,79.48098,79.48098 8.699511666666664,79.48042333333332,79.48042333333332 8.702801666666666,79.47986999999999,79.47986999999999 8.706098333333335,79.47931666666666,79.47931666666666 8.709396666666665,79.47876500000001,79.47876500000001 8.712698333333334,79.47821333333334,79.47821333333334 8.716001666666667,79.47766333333333,79.47766333333333 8.719309999999998,79.47711500000001,79.47711500000001 8.722618333333331,79.476565,79.476565 8.72593,79.47601833333334,79.47601833333334 8.729243333333333,79.47546999999999,79.47546999999999 8.732556666666667,79.47492333333334,79.47492333333334 8.735866666666668,79.47437666666667,79.47437666666667 8.739168333333332,79.47382666666667,79.47382666666667 8.742463333333335,79.47327666666668,79.47327666666668 8.745751666666665,79.47272500000001,79.47272500000001 8.749031666666667,79.47217333333333,79.47217333333333 8.752305,79.47162,79.47162 8.755575,79.47106666666667,79.47106666666667 8.758843333333333,79.47051166666667,79.47051166666667 8.762108333333332,79.46995833333334,79.46995833333334 8.765371666666667,79.46940500000001,79.46940500000001 8.768633333333334,79.46885166666667,79.46885166666667 8.771894999999999,79.46829833333334,79.46829833333334 8.775155000000002,79.46774500000001,79.46774500000001 8.778411666666669,79.46719333333333,79.46719333333333 8.78166833333333,79.46664166666666,79.46664166666666 8.784923333333335,79.46609,79.46609 8.788176666666667,79.46553833333334,79.46553833333334 8.791428333333334,79.46498666666668,79.46498666666668 8.794681666666666,79.46443666666666,79.46443666666666 8.797931666666667,79.46388499999999,79.46388499999999 8.801181666666668,79.463335,79.463335 8.804430000000002,79.46278333333333,79.46278333333333 8.80768,79.46223166666667,79.46223166666667 8.810931666666667,79.46167999999999,79.46167999999999 8.814183333333332,79.46112833333335,79.46112833333335 8.81744,79.46057666666667,79.46057666666667 8.820698333333333,79.460025,79.460025 8.823959999999998,79.45947166666667,79.45947166666667 8.827225,79.45891999999999,79.45891999999999 8.830493333333333,79.45836833333333,79.45836833333333 8.833765,79.45781666666667,79.45781666666667 8.837038333333334,79.457265,79.457265 8.840313333333334,79.45671333333334,79.45671333333334 8.843588333333335,79.45616333333335,79.45616333333335 8.846865000000001,79.45561166666666,79.45561166666666 8.850143333333332,79.45506166666667,79.45506166666667 8.853421666666666,79.45451333333335,79.45451333333335 8.856698333333332,79.45396333333333,79.45396333333333 8.859973333333333,79.45341333333333,79.45341333333333 8.863243333333333,79.452865,79.452865 8.866508333333332,79.452315,79.452315 8.869768333333333,79.451765,79.451765 8.873026666666666,79.45121333333334,79.45121333333334 8.876281666666667,79.45066333333334,79.45066333333334 8.879531666666665,79.45011166666666,79.45011166666666 8.882776666666665,79.44956000000002,79.44956000000002 8.886018333333332,79.44900666666668,79.44900666666668 8.889258333333332,79.44845333333332,79.44845333333332 8.892496666666668,79.44789999999999,79.44789999999999 8.895734999999998,79.44734666666666,79.44734666666666 8.898976666666668,79.44679166666666,79.44679166666666 8.902218333333332,79.44623666666666,79.44623666666666 8.905458333333332,79.44568166666667,79.44568166666667 8.908700000000001,79.44512666666667,79.44512666666667 8.911936666666668,79.44457000000001,79.44457000000001 8.915173333333334,79.44401333333333,79.44401333333333 8.918411666666668,79.44345666666668,79.44345666666668 8.92165,79.4429,79.4429 8.924895000000001,79.44234499999999,79.44234499999999 8.928144999999999,79.44178833333334,79.44178833333334 8.931403333333334,79.441235,79.441235 8.934664999999999,79.44068166666666,79.44068166666666 8.937933333333332,79.44012833333333,79.44012833333333 8.941206666666666,79.43957833333334,79.43957833333334 8.944481666666666,79.43902666666665,79.43902666666665 8.947756666666667,79.43847500000001,79.43847500000001 8.951035,79.43792499999999,79.43792499999999 8.954316666666667,79.43737500000002,79.43737500000002 8.957598333333335,79.436825,79.436825 8.96088,79.436275,79.436275 8.964158333333334,79.435725,79.435725 8.967433333333334,79.43517333333331,79.43517333333331 8.970703333333335,79.43462166666667,79.43462166666667 8.973968333333334,79.43406999999999,79.43406999999999 8.977228333333334,79.43351666666666,79.43351666666666 8.980485,79.43296333333333,79.43296333333333 8.983736666666667,79.43240833333333,79.43240833333333 8.986986666666668,79.43185166666667,79.43185166666667 8.990238333333334,79.43129666666668,79.43129666666668 8.993488333333334,79.43074,79.43074 8.996739999999999,79.43018333333333,79.43018333333333 8.999991666666666,79.42962666666668,79.42962666666668 9.003246666666668,79.42907166666669,79.42907166666669 9.006498333333335,79.428515,79.428515 9.009748333333333,79.42795833333334,79.42795833333334 9.012998333333334,79.42739999999999,79.42739999999999 9.016250000000001,79.42684333333334,79.42684333333334 9.019498333333333,79.42628666666666,79.42628666666666 9.022748333333334,79.42572833333334,79.42572833333334 9.025999999999998,79.42517333333333,79.42517333333333 9.029255,79.42461666666665,79.42461666666665 9.032508333333334,79.42406,79.42406 9.035763333333335,79.423505,79.423505 9.039018333333333,79.42295,79.42295 9.042275000000002,79.42239666666667,79.42239666666667 9.045531666666667,79.42184333333334,79.42184333333334 9.048790000000002,79.42129,79.42129 9.052050000000001,79.42073666666667,79.42073666666667 9.055311666666666,79.42018666666667,79.42018666666667 9.058575,79.41963499999999,79.41963499999999 9.061840000000002,79.41908500000001,79.41908500000001 9.065108333333335,79.41853499999999,79.41853499999999 9.068375,79.41798666666668,79.41798666666668 9.071641666666666,79.41743833333332,79.41743833333332 9.074903333333332,79.41688833333332,79.41688833333332 9.078163333333334,79.41633999999999,79.41633999999999 9.081416666666666,79.41579166666668,79.41579166666668 9.084666666666667,79.41524333333332,79.41524333333332 9.087911666666667,79.41469500000001,79.41469500000001 9.091151666666667,79.41414666666665,79.41414666666665 9.09439,79.41359666666668,79.41359666666668 9.097624999999999,79.41304833333332,79.41304833333332 9.100855000000001,79.41249833333335,79.41249833333335 9.104085,79.41194833333333,79.41194833333333 9.107313333333336,79.41140000000001,79.41140000000001 9.110538333333334,79.41085,79.41085 9.113761666666665,79.41030000000002,79.41030000000002 9.116981666666668,79.40974833333333,79.40974833333333 9.120201666666665,79.40919833333334,79.40919833333334 9.123418333333332,79.40864666666667,79.40864666666667 9.126635,79.40809499999999,79.40809499999999 9.129850000000001,79.40754333333332,79.40754333333332 9.133063333333334,79.40699,79.40699 9.136276666666667,79.40643833333334,79.40643833333334 9.139486666666665,79.40588500000001,79.40588500000001 9.142694999999998,79.40533,79.40533 9.145901666666667,79.40477666666668,79.40477666666668 9.149105,79.40422166666669,79.40422166666669 9.152305,79.40366666666667,79.40366666666667 9.155501666666668,79.40311,79.40311 9.158695,79.40255166666668,79.40255166666668 9.161885000000002,79.401995,79.401995 9.165071666666666,79.40143500000002,79.40143500000002 9.168254999999998,79.40087666666668,79.40087666666668 9.171438333333333,79.40031666666667,79.40031666666667 9.17462,79.399755,79.399755 9.177801666666667,79.39919333333334,79.39919333333334 9.180983333333332,79.39863166666667,79.39863166666667 9.184163333333332,79.39807,79.39807 9.187344999999999,79.397505,79.397505 9.190528333333333,79.39694166666666,79.39694166666666 9.193711666666667,79.39637666666667,79.39637666666667 9.196900000000001,79.39581000000001,79.39581000000001 9.200095000000001,79.39524500000002,79.39524500000002 9.203298333333333,79.39468,79.39468 9.20651,79.394115,79.394115 9.209731666666665,79.39355,79.39355 9.212966666666667,79.39298666666667,79.39298666666667 9.216213333333334,79.392425,79.392425 9.219468333333333,79.39186333333333,79.39186333333333 9.222733333333332,79.39130333333333,79.39130333333333 9.226003333333335,79.39074333333332,79.39074333333332 9.229273333333332,79.39018333333334,79.39018333333334 9.232538333333334,79.38962333333333,79.38962333333333 9.2358,79.38906166666668,79.38906166666668 9.239058333333334,79.38850000000001,79.38850000000001 9.242311666666666,79.38793833333334,79.38793833333334 9.245561666666667,79.38737666666665,79.38737666666665 9.248805,79.386815,79.386815 9.252041666666667,79.38625166666667,79.38625166666667 9.255275,79.38569,79.38569 9.258499999999998,79.38512833333333,79.38512833333333 9.261718333333333,79.38456666666666,79.38456666666666 9.264931666666666,79.38400499999999,79.38400499999999 9.268136666666669,79.38344500000001,79.38344500000001 9.271335,79.38288333333334,79.38288333333334 9.274526666666667,79.38232333333333,79.38232333333333 9.277715,79.38176499999999,79.38176499999999 9.2809,79.38120666666667,79.38120666666667 9.284083333333331,79.38065,79.38065 9.287265,79.38009499999998,79.38009499999998 9.290448333333334,79.37954166666668,79.37954166666668 9.293633333333334,79.37899,79.37899 9.296824999999998,79.37844166666666,79.37844166666666 9.300023333333334,79.37789333333333,79.37789333333333 9.303223333333333,79.37734666666668,79.37734666666668 9.306428333333333,79.37679999999999,79.37679999999999 9.30964,79.37625333333334,79.37625333333334 9.312851666666667,79.37570666666667,79.37570666666667 9.316061666666666,79.37516000000001,79.37516000000001 9.319275000000001,79.37461499999999,79.37461499999999 9.322486666666665,79.37406833333333,79.37406833333333 9.325694999999998,79.37352166666668,79.37352166666668 9.328905,79.37297499999998,79.37297499999998 9.332116666666668,79.37242833333333,79.37242833333333 9.335328333333335,79.37188166666667,79.37188166666667 9.338543333333332,79.371335,79.371335 9.341758333333333,79.37078666666666,79.37078666666666 9.344980000000001,79.37023833333333,79.37023833333333 9.348206666666666,79.36969000000002,79.36969000000002 9.351436666666665,79.36914,79.36914 9.354673333333334,79.36858833333334,79.36858833333334 9.357918333333332,79.368035,79.368035 9.36117,79.36747999999999,79.36747999999999 9.364426666666665,79.36692333333335,79.36692333333335 9.367688333333334,79.366365,79.366365 9.370953333333333,79.365805,79.365805 9.374218333333332,79.36524166666666,79.36524166666666 9.377483333333334,79.36467833333333,79.36467833333333 9.380745,79.36411166666667,79.36411166666667 9.384005000000002,79.36354500000002,79.36354500000002 9.38726,79.36297833333333,79.36297833333333 9.39051,79.36241,79.36241 9.393756666666668,79.36184166666668,79.36184166666668 9.397001666666666,79.36127499999999,79.36127499999999 9.400241666666666,79.36070666666667,79.36070666666667 9.403480000000002,79.36013833333332,79.36013833333332 9.406718333333332,79.35957,79.35957 9.409954999999998,79.35900333333333,79.35900333333333 9.413188333333334,79.35843666666668,79.35843666666668 9.416418333333333,79.35786999999999,79.35786999999999 9.419645000000001,79.35730166666667,79.35730166666667 9.422868333333334,79.35673499999999,79.35673499999999 9.426086666666667,79.35616833333333,79.35616833333333 9.429303333333332,79.35560166666667,79.35560166666667 9.432516666666668,79.35503333333334,79.35503333333334 9.435728333333332,79.35446666666668,79.35446666666668 9.438943333333333,79.35390166666666,79.35390166666666 9.442161666666667,79.353335,79.353335 9.445381666666668,79.35276999999998,79.35276999999998 9.448601666666667,79.35220333333332,79.35220333333332 9.451823333333333,79.35163833333333,79.35163833333333 9.455046666666666,79.35107333333333,79.35107333333333 9.458268333333333,79.35050666666666,79.35050666666666 9.461490000000001,79.34994166666667,79.34994166666667 9.464715,79.34937500000001,79.34937500000001 9.467941666666668,79.34880833333332,79.34880833333332 9.471166666666667,79.34824166666667,79.34824166666667 9.474393333333335,79.34767499999998,79.34767499999998 9.477621666666664,79.34711000000001,79.34711000000001 9.48085,79.34654333333333,79.34654333333333 9.484078333333334,79.34597833333333,79.34597833333333 9.487308333333335,79.345415,79.345415 9.490536666666666,79.34485166666667,79.34485166666667 9.493761666666668,79.34429,79.34429 9.496986666666666,79.34373,79.34373 9.500210000000001,79.34317166666665,79.34317166666665 9.503431666666666,79.342615,79.342615 9.506651666666667,79.34205833333334,79.34205833333334 9.509871666666667,79.341505,79.341505 9.513093333333336,79.34095166666667,79.34095166666667 9.516315,79.3404,79.3404 9.51954,79.33984999999998,79.33984999999998 9.522768333333334,79.33930000000001,79.33930000000001 9.525998333333332,79.33874999999999,79.33874999999999 9.529229999999998,79.33820000000001,79.33820000000001 9.532461666666668,79.33765,79.33765 9.535693333333334,79.33709833333333,79.33709833333333 9.538924999999999,79.33654666666666,79.33654666666666 9.542153333333331,79.33599333333332,79.33599333333332 9.54538,79.33543999999999,79.33543999999999 9.548603333333334,79.33488333333334,79.33488333333334 9.551821666666665,79.33432666666666,79.33432666666666 9.555035,79.33376833333332,79.33376833333332 9.558243333333333,79.33320833333335,79.33320833333335 9.561444999999999,79.33264833333334,79.33264833333334 9.56464,79.33208666666667,79.33208666666667 9.567829999999999,79.33152333333334,79.33152333333334 9.571015,79.33096166666667,79.33096166666667 9.574195,79.33039833333333,79.33039833333333 9.577373333333332,79.329835,79.329835 9.580548333333333,79.32927166666667,79.32927166666667 9.583723333333333,79.32871,79.32871 9.586898333333332,79.32814666666667,79.32814666666667 9.590073333333333,79.327585,79.327585 9.59325,79.32702333333333,79.32702333333333 9.59643,79.32646,79.32646 9.599611666666666,79.32589666666667,79.32589666666667 9.602796666666668,79.325335,79.325335 9.605988333333332,79.32477166666666,79.32477166666666 9.609181666666666,79.32420666666667,79.32420666666667 9.612378333333332,79.32364333333334,79.32364333333334 9.615578333333332,79.32307833333331,79.32307833333331 9.618785,79.32251333333335,79.32251333333335 9.621994999999998,79.32194833333332,79.32194833333332 9.625211666666665,79.32138499999999,79.32138499999999 9.628431666666668,79.32082166666666,79.32082166666666 9.631659999999998,79.32025833333333,79.32025833333333 9.63489,79.31969666666666,79.31969666666666 9.638125,79.31913500000002,79.31913500000002 9.641363333333334,79.31857333333335,79.31857333333335 9.644603333333333,79.31801333333334,79.31801333333334 9.647843333333332,79.317455,79.317455 9.651081666666666,79.31689666666665,79.31689666666665 9.65432,79.31633833333333,79.31633833333333 9.657553333333333,79.31578333333333,79.31578333333333 9.660783333333335,79.31522833333334,79.31522833333334 9.664008333333333,79.31467666666667,79.31467666666667 9.66723,79.31412499999999,79.31412499999999 9.670445,79.31357666666668,79.31357666666668 9.673653333333334,79.31302833333332,79.31302833333332 9.676858333333334,79.31248166666667,79.31248166666667 9.680058333333333,79.31193833333333,79.31193833333333 9.683254999999999,79.31139333333333,79.31139333333333 9.686446666666667,79.31085166666666,79.31085166666666 9.689631666666667,79.31030833333332,79.31030833333332 9.692808333333334,79.30976333333332,79.30976333333332 9.695978333333333,79.30922000000001,79.30922000000001 9.699136666666668,79.30867666666666,79.30867666666666 9.702288333333332,79.30813166666665,79.30813166666665 9.705433333333335,79.30758999999999,79.30758999999999 9.708568333333334,79.30704666666668,79.30704666666668 9.711691666666669,79.306505,79.306505 9.714803333333332,79.30596499999999,79.30596499999999 9.717898333333332,79.30542333333332,79.30542333333332 9.720983333333333,79.30488166666667,79.30488166666667 9.724055,79.30434166666669,79.30434166666669 9.727116666666667,79.30380000000001,79.30380000000001 9.730165,79.30325833333333,79.30325833333333 9.733201666666666,79.302715,79.302715 9.73623,79.30217,79.30217 9.739245,79.30162333333332,79.30162333333332 9.742248333333334,79.301075,79.301075 9.745241666666669,79.30052500000001,79.30052500000001 9.748225000000001,79.29997333333334,79.29997333333334 9.751198333333333,79.29942166666667,79.29942166666667 9.754163333333334,79.29887,79.29887 9.757116666666668,79.29831666666666,79.29831666666666 9.760060000000001,79.297765,79.297765 9.762999999999998,79.29721166666666,79.29721166666666 9.765933333333333,79.29666166666665,79.29666166666665 9.768866666666664,79.29611166666666,79.29611166666666 9.771799999999999,79.29556500000001,79.29556500000001 9.774735,79.29502000000001,79.29502000000001 9.777668333333335,79.29447833333333,79.29447833333333 9.780598333333332,79.29393833333333,79.29393833333333 9.783523333333335,79.2934,79.2934 9.786450000000002,79.292865,79.292865 9.78937666666667,79.29233166666667,79.29233166666667 9.792303333333333,79.29179833333333,79.29179833333333 9.795236666666668,79.29127,79.29127 9.798174999999999,79.29074166666665,79.29074166666665 9.801120000000001,79.29021833333334,79.29021833333334 9.804069999999998,79.28969666666666,79.28969666666666 9.807025000000001,79.28917666666668,79.28917666666668 9.809986666666665,79.28865833333332,79.28865833333332 9.812951666666667,79.28814166666666,79.28814166666666 9.815915,79.28762666666665,79.28762666666665 9.818876666666668,79.28711333333334,79.28711333333334 9.821836666666668,79.28660166666666,79.28660166666666 9.824789999999998,79.28609166666666,79.28609166666666 9.82774,79.28558166666667,79.28558166666667 9.830683333333333,79.28507333333333,79.28507333333333 9.833621666666668,79.28456666666666,79.28456666666666 9.836556666666667,79.28406166666667,79.28406166666667 9.839483333333334,79.28355666666667,79.28355666666667 9.842405,79.28305333333333,79.28305333333333 9.845321666666665,79.28255166666665,79.28255166666665 9.848233333333335,79.28205166666666,79.28205166666666 9.851135,79.28155166666667,79.28155166666667 9.854028333333336,79.28105166666666,79.28105166666666 9.856913333333335,79.280555,79.280555 9.859791666666666,79.28005833333334,79.28005833333334 9.862658333333334,79.27956333333333,79.27956333333333 9.865515,79.27906833333333,79.27906833333333 9.868356666666669,79.27857333333333,79.27857333333333 9.871188333333333,79.27807833333334,79.27807833333334 9.874011666666666,79.277585,79.277585 9.876825,79.27708999999999,79.27708999999999 9.879623333333331,79.27659333333332,79.27659333333332 9.88241,79.27609666666667,79.27609666666667 9.885186666666668,79.27559833333332,79.27559833333332 9.887956666666666,79.27510166666666,79.27510166666666 9.890716666666668,79.27460333333333,79.27460333333333 9.893471666666667,79.27410499999999,79.27410499999999 9.896225,79.273605,79.273605 9.898978333333332,79.27310833333334,79.27310833333334 9.901731666666667,79.27261,79.27261 9.904483333333333,79.27211166666665,79.27211166666665 9.907231666666668,79.27161500000001,79.27161500000001 9.909976666666669,79.27111833333333,79.27111833333333 9.91272,79.27062333333333,79.27062333333333 9.915458333333333,79.27013000000001,79.27013000000001 9.918196666666669,79.26964,79.26964 9.920936666666666,79.26915166666666,79.26915166666666 9.923678333333333,79.268665,79.268665 9.92642,79.26818166666668,79.26818166666668 9.929161666666666,79.26769999999999,79.26769999999999 9.931903333333336,79.26721833333333,79.26721833333333 9.934646666666668,79.26673833333334,79.26673833333334 9.937393333333333,79.26626,79.26626 9.940140000000001,79.26578166666667,79.26578166666667 9.942886666666668,79.26530333333334,79.26530333333334 9.945628333333334,79.264825,79.264825 9.948364999999999,79.264345,79.264345 9.951101666666666,79.26386333333332,79.26386333333332 9.953835,79.26338166666666,79.26338166666666 9.956561666666666,79.26289833333334,79.26289833333334 9.959283333333335,79.26241333333334,79.26241333333334 9.962,79.26192666666667,79.26192666666667 9.964716666666666,79.26144,79.26144 9.967428333333334,79.26095166666667,79.26095166666667 9.970131666666667,79.26046333333333,79.26046333333333 9.972825,79.25997333333333,79.25997333333333 9.975511666666668,79.25948333333335,79.25948333333335 9.97819,79.25899333333332,79.25899333333332 9.98086166666667,79.258505,79.258505 9.983528333333332,79.25801666666666,79.25801666666666 9.986193333333333,79.25752833333333,79.25752833333333 9.988863333333333,79.25704166666667,79.25704166666667 9.991533333333333,79.25655666666665,79.25655666666665 9.994203333333333,79.25607333333333,79.25607333333333 9.996878333333333,79.25558833333332,79.25558833333332 9.999561666666665,79.25510666666666,79.25510666666666 10.002244999999998,79.254625,79.254625 10.004928333333334,79.25414500000001,79.25414500000001 10.007608333333332,79.25366333333334,79.25366333333334 10.010283333333332,79.25318166666665,79.25318166666665 10.012951666666666,79.25269833333333,79.25269833333333 10.015616666666668,79.25221499999998,79.25221499999998 10.018275000000001,79.25173,79.25173 10.020926666666666,79.251245,79.251245 10.023571666666667,79.25075833333335,79.25075833333335 10.026209999999999,79.25026999999999,79.25026999999999 10.028848333333334,79.24978333333334,79.24978333333334 10.031486666666666,79.24929499999999,79.24929499999999 10.034128333333333,79.24880666666665,79.24880666666665 10.03677,79.24831999999999,79.24831999999999 10.039409999999998,79.24783166666666,79.24783166666666 10.042053333333332,79.24734333333335,79.24734333333335 10.0447,79.24685500000001,79.24685500000001 10.047346666666664,79.24636833333335,79.24636833333335 10.049995,79.24588166666668,79.24588166666668 10.052645,79.24539666666666,79.24539666666666 10.055295000000001,79.24491166666667,79.24491166666667 10.057946666666666,79.24442666666668,79.24442666666668 10.0606,79.24394333333333,79.24394333333333 10.063256666666666,79.24346000000001,79.24346000000001 10.06592,79.24297999999999,79.24297999999999 10.068593333333332,79.24250166666668,79.24250166666668 10.07127,79.24202499999998,79.24202499999998 10.073948333333332,79.24155,79.24155 10.076628333333334,79.241075,79.241075 10.079313333333332,79.24060333333334,79.24060333333334 10.082003333333335,79.24013333333333,79.24013333333333 10.084695,79.239665,79.239665 10.087386666666665,79.23919666666667,79.23919666666667 10.090076666666667,79.23872999999999,79.23872999999999 10.092765,79.23826333333332,79.23826333333332 10.095451666666667,79.237795,79.237795 10.098136666666667,79.23732833333334,79.23732833333334 10.100823333333334,79.23686000000001,79.23686000000001 10.103513333333334,79.23639166666666,79.23639166666666 10.10621,79.235925,79.235925 10.10891,79.23545666666668,79.23545666666668 10.111608333333333,79.23498666666666,79.23498666666666 10.114306666666666,79.23451666666666,79.23451666666666 10.117006666666667,79.23404666666667,79.23404666666667 10.119706666666666,79.233575,79.233575 10.122406666666667,79.23310166666666,79.23310166666666 10.125106666666666,79.23262833333334,79.23262833333334 10.12781,79.23215499999999,79.23215499999999 10.130516666666667,79.23168166666667,79.23168166666667 10.133225000000001,79.23120666666667,79.23120666666667 10.135933333333332,79.23073,79.23073 10.138639999999999,79.23025333333334,79.23025333333334 10.141348333333333,79.22977666666667,79.22977666666667 10.144059999999998,79.22929833333333,79.22929833333333 10.146768333333332,79.22882,79.22882 10.149471666666669,79.22833833333334,79.22833833333334 10.152168333333332,79.227855,79.227855 10.154860000000001,79.22737166666668,79.22737166666668 10.157545000000002,79.22688499999998,79.22688499999998 10.160223333333333,79.22639666666667,79.22639666666667 10.162896666666667,79.22590833333335,79.22590833333335 10.165568333333331,79.22541666666666,79.22541666666666 10.168238333333331,79.22492666666668,79.22492666666668 10.170910000000001,79.22443499999999,79.22443499999999 10.173580000000001,79.223945,79.223945 10.176253333333335,79.223455,79.223455 10.178931666666667,79.222965,79.222965 10.181613333333331,79.22247666666668,79.22247666666668 10.184298333333333,79.22198833333334,79.22198833333334 10.186985000000002,79.2215,79.2215 10.189680000000001,79.22101333333335,79.22101333333335 10.192378333333334,79.22052833333333,79.22052833333333 10.195081666666667,79.22004333333332,79.22004333333332 10.197786666666667,79.21955833333332,79.21955833333332 10.200496666666666,79.219075,79.219075 10.203211666666666,79.21859333333335,79.21859333333335 10.205924999999999,79.21811,79.21811 10.208635,79.21762833333334,79.21762833333334 10.211343333333334,79.21714666666668,79.21714666666668 10.214048333333334,79.21666333333333,79.21666333333333 10.216748333333333,79.21618,79.21618 10.219436666666667,79.21569666666667,79.21569666666667 10.22212,79.21521166666666,79.21521166666666 10.224796666666668,79.21472499999999,79.21472499999999 10.227468333333332,79.21423666666666,79.21423666666666 10.230133333333335,79.21374833333333,79.21374833333333 10.232798333333331,79.21325833333333,79.21325833333333 10.235463333333334,79.21276666666665,79.21276666666665 10.23813,79.21227499999999,79.21227499999999 10.240795,79.21178166666668,79.21178166666668 10.243461666666667,79.21128833333333,79.21128833333333 10.246129999999999,79.21079333333333,79.21079333333333 10.2488,79.21029833333334,79.21029833333334 10.251471666666667,79.20980333333334,79.20980333333334 10.254145000000001,79.20930833333334,79.20930833333334 10.256821666666665,79.20881166666666,79.20881166666666 10.259503333333333,79.20831666666666,79.20831666666666 10.262188333333334,79.20782166666666,79.20782166666666 10.264876666666668,79.20732500000001,79.20732500000001 10.267568333333333,79.20683000000001,79.20683000000001 10.270261666666668,79.206335,79.206335 10.272960000000001,79.20584,79.20584 10.275659999999998,79.20534666666667,79.20534666666667 10.278366666666669,79.20485333333333,79.20485333333333 10.28108,79.20436,79.20436 10.2838,79.20386833333333,79.20386833333333 10.286528333333335,79.20337833333333,79.20337833333333 10.289261666666665,79.20288833333335,79.20288833333335 10.292,79.20239833333332,79.20239833333332 10.294741666666667,79.20191,79.20191 10.297485000000002,79.20142166666666,79.20142166666666 10.300229999999999,79.20093166666666,79.20093166666666 10.302976666666664,79.20044166666668,79.20044166666668 10.305719999999999,79.19995166666665,79.19995166666665 10.308463333333332,79.19946166666666,79.19946166666666 10.311204999999998,79.19897,79.19897 10.313946666666668,79.19847833333333,79.19847833333333 10.316691666666665,79.197985,79.197985 10.319438333333334,79.19749333333333,79.19749333333333 10.322186666666665,79.19700166666667,79.19700166666667 10.324936666666668,79.19651,79.19651 10.327686666666667,79.19601833333333,79.19601833333333 10.33044,79.19552666666667,79.19552666666667 10.333193333333334,79.19503500000002,79.19503500000002 10.335938333333333,79.19454166666667,79.19454166666667 10.338676666666666,79.19404833333333,79.19404833333333 10.34140666666667,79.19355166666666,79.19355166666666 10.344125000000002,79.19305500000002,79.19305500000002 10.346835000000002,79.192555,79.192555 10.349536666666669,79.19205500000001,79.19205500000001 10.352234999999999,79.19155333333333,79.19155333333333 10.354928333333332,79.19104999999999,79.19104999999999 10.357619999999997,79.19054666666666,79.19054666666666 10.360308333333336,79.19004333333335,79.19004333333335 10.362996666666668,79.18954000000001,79.18954000000001 10.365686666666667,79.189035,79.189035 10.368376666666666,79.18853166666666,79.18853166666666 10.371071666666666,79.18802666666669,79.18802666666669 10.373769999999999,79.18752500000001,79.18752500000001 10.376475,79.18702333333334,79.18702333333334 10.37919,79.18652333333333,79.18652333333333 10.381915,79.18602333333334,79.18602333333334 10.384643333333333,79.18552666666668,79.18552666666668 10.387378333333332,79.18503,79.18503 10.39012,79.18453333333333,79.18453333333333 10.392868333333332,79.18403833333333,79.18403833333333 10.395623333333331,79.18354500000001,79.18354500000001 10.398383333333333,79.18305166666667,79.18305166666667 10.401146666666667,79.18255833333332,79.18255833333332 10.403913333333334,79.18206500000001,79.18206500000001 10.406681666666667,79.18157166666666,79.18157166666666 10.409450000000001,79.18107666666666,79.18107666666666 10.412215000000002,79.18058166666667,79.18058166666667 10.414981666666666,79.18008666666667,79.18008666666667 10.41775,79.17959,79.17959 10.42052,79.17909500000002,79.17909500000002 10.423291666666668,79.17860000000002,79.17860000000002 10.426065000000001,79.178105,79.178105 10.42884,79.17761,79.17761 10.431615,79.177115,79.177115 10.434386666666668,79.17662000000001,79.17662000000001 10.437148333333335,79.17612500000001,79.17612500000001 10.439901666666666,79.17562833333334,79.17562833333334 10.442649999999999,79.17513000000001,79.17513000000001 10.445395,79.17463333333335,79.17463333333335 10.448134999999997,79.17413499999999,79.17413499999999 10.450868333333334,79.17363666666665,79.17363666666665 10.45359833333333,79.17313666666666,79.17313666666666 10.45632,79.17263666666668,79.17263666666668 10.45903333333333,79.172135,79.172135 10.46174,79.17163166666666,79.17163166666666 10.464443333333335,79.17112999999999,79.17112999999999 10.467145000000002,79.17062666666668,79.17062666666668 10.469841666666667,79.170125,79.170125 10.472536666666667,79.16962333333332,79.16962333333332 10.475228333333332,79.16912,79.16912 10.477918333333331,79.16861999999999,79.16861999999999 10.48060833333333,79.16811833333333,79.16811833333333 10.483294999999998,79.16761833333334,79.16761833333334 10.485976666666668,79.16711833333335,79.16711833333335 10.48865666666667,79.16661833333333,79.16661833333333 10.491333333333333,79.16611833333333,79.16611833333333 10.494006666666667,79.16561833333334,79.16561833333334 10.49667166666667,79.16511666666666,79.16511666666666 10.499331666666668,79.16461500000001,79.16461500000001 10.501985,79.16411333333333,79.16411333333333 10.504634999999999,79.16361,79.16361 10.50728,79.16310833333333,79.16310833333333 10.50992,79.16260499999999,79.16260499999999 10.512556666666667,79.16209999999998,79.16209999999998 10.515193333333333,79.16159666666667,79.16159666666667 10.517833333333332,79.16109499999999,79.16109499999999 10.520476666666664,79.16059333333334,79.16059333333334 10.523128333333332,79.16009166666666,79.16009166666666 10.525786666666667,79.15959333333332,79.15959333333332 10.52844833333333,79.15909666666666,79.15909666666666 10.531111666666666,79.15859999999999,79.15859999999999 10.533776666666665,79.15810333333334,79.15810333333334 10.536444999999999,79.15761,79.15761 10.539111666666669,79.15711499999999,79.15711499999999 10.541775000000001,79.15662166666665,79.15662166666665 10.544435,79.15612666666667,79.15612666666667 10.547095,79.15563333333333,79.15563333333333 10.549749999999998,79.15513833333333,79.15513833333333 10.5524,79.15464333333331,79.15464333333331 10.555043333333334,79.15414833333334,79.15414833333334 10.557681666666667,79.15365333333332,79.15365333333332 10.560315,79.15315666666666,79.15315666666666 10.56294,79.15266,79.15266 10.565558333333334,79.15216499999998,79.15216499999998 10.568173333333334,79.15166833333332,79.15166833333332 10.570781666666669,79.15117166666667,79.15117166666667 10.573389999999998,79.15067666666667,79.15067666666667 10.575999999999999,79.15018166666667,79.15018166666667 10.578618333333335,79.14968999999998,79.14968999999998 10.58124,79.14920000000001,79.14920000000001 10.583866666666667,79.14871,79.14871 10.586500000000001,79.14822333333332,79.14822333333332 10.589140000000002,79.14773666666666,79.14773666666666 10.591788333333332,79.14725333333334,79.14725333333334 10.59444,79.14676999999999,79.14676999999999 10.597095000000003,79.14628666666667,79.14628666666667 10.599756666666668,79.14580500000001,79.14580500000001 10.602425000000002,79.14532333333332,79.14532333333332 10.605100000000002,79.14484166666666,79.14484166666666 10.607778333333332,79.14436166666665,79.14436166666665 10.610460000000002,79.14388166666666,79.14388166666666 10.613143333333333,79.1434,79.1434 10.615824999999997,79.14291833333334,79.14291833333334 10.618503333333335,79.14243666666665,79.14243666666665 10.621179999999999,79.14195333333333,79.14195333333333 10.623854999999999,79.14146833333332,79.14146833333332 10.626528333333333,79.14098333333332,79.14098333333332 10.629198333333333,79.14049833333334,79.14049833333334 10.631868333333333,79.14001166666667,79.14001166666667 10.634531666666666,79.13952333333333,79.13952333333333 10.637191666666666,79.13903333333332,79.13903333333332 10.639843333333333,79.13854333333335,79.13854333333335 10.642486666666665,79.13805,79.13805 10.64512,79.13755499999999,79.13755499999999 10.647743333333336,79.13705833333333,79.13705833333333 10.650360000000001,79.13656166666667,79.13656166666667 10.652971666666668,79.13606333333333,79.13606333333333 10.655580000000002,79.135565,79.135565 10.658185000000001,79.13506833333334,79.13506833333334 10.660786666666668,79.13457166666666,79.13457166666666 10.663383333333334,79.13407666666666,79.13407666666666 10.665980000000003,79.13358166666667,79.13358166666667 10.668580000000002,79.13309,79.13309 10.671181666666666,79.13259833333333,79.13259833333333 10.673786666666668,79.13211000000001,79.13211000000001 10.676396666666669,79.131625,79.131625 10.679011666666668,79.13114166666665,79.13114166666665 10.681629999999998,79.13065999999999,79.13065999999999 10.68425,79.13017833333333,79.13017833333333 10.686871666666665,79.1297,79.1297 10.689494999999999,79.12922166666667,79.12922166666667 10.69212,79.12874333333333,79.12874333333333 10.694748333333331,79.12826666666666,79.12826666666666 10.697375,79.12778999999999,79.12778999999999 10.700003333333333,79.12731500000001,79.12731500000001 10.702630000000001,79.12684,79.12684 10.705256666666667,79.12636666666668,79.12636666666668 10.707881666666665,79.12589333333334,79.12589333333334 10.710508333333332,79.12542333333333,79.12542333333333 10.713135,79.12495333333334,79.12495333333334 10.715766666666665,79.124485,79.124485 10.718401666666667,79.124015,79.124015 10.721041666666666,79.12354666666667,79.12354666666667 10.723681666666668,79.12307666666668,79.12307666666668 10.726318333333333,79.12260500000001,79.12260500000001 10.728950000000003,79.12213,79.12213 10.731575000000001,79.12165333333333,79.12165333333333 10.734195,79.12117166666667,79.12117166666667 10.736813333333336,79.12068833333333,79.12068833333333 10.739430000000002,79.12020500000001,79.12020500000001 10.742049999999997,79.11971833333334,79.11971833333334 10.744671666666665,79.11923333333333,79.11923333333333 10.747298333333331,79.11874666666667,79.11874666666667 10.749929999999997,79.11826166666665,79.11826166666665 10.752566666666667,79.11777500000001,79.11777500000001 10.755206666666668,79.11729,79.11729 10.757851666666665,79.11680500000001,79.11680500000001 10.760496666666665,79.11631999999999,79.11631999999999 10.763143333333334,79.11583666666667,79.11583666666667 10.76579,79.11535166666665,79.11535166666665 10.768433333333332,79.11486833333333,79.11486833333333 10.771071666666666,79.11438333333334,79.11438333333334 10.773706666666666,79.11389833333332,79.11389833333332 10.776333333333334,79.11341333333334,79.11341333333334 10.778955,79.11292666666667,79.11292666666667 10.78157,79.11244,79.11244 10.784181666666667,79.11195166666667,79.11195166666667 10.786785000000002,79.11146333333333,79.11146333333333 10.789385000000001,79.11097333333335,79.11097333333335 10.791978333333333,79.11048333333332,79.11048333333332 10.794566666666666,79.10999333333334,79.10999333333334 10.797148333333334,79.10950166666667,79.10950166666667 10.799723333333334,79.10901,79.10901 10.802293333333335,79.10851833333334,79.10851833333334 10.804863333333333,79.10802666666667,79.10802666666667 10.807441666666668,79.10753666666666,79.10753666666666 10.810036666666667,79.10704999999999,79.10704999999999 10.812653333333332,79.10656833333333,79.10656833333333 10.815299999999999,79.10609166666666,79.10609166666666 10.81798333333333,79.10562166666666,79.10562166666666 10.820701666666666,79.10516,79.10516 10.823461666666665,79.10470833333333,79.10470833333333 10.826259999999998,79.10426166666666,79.10426166666666 10.829094999999999,79.10382500000001,79.10382500000001 10.83196333333333,79.10339333333332,79.10339333333332 10.83486,79.10296833333332,79.10296833333332 10.837780000000002,79.10254833333335,79.10254833333335 10.840725,79.10213166666666,79.10213166666666 10.843698333333336,79.10172166666666,79.10172166666666 10.846706666666668,79.10131666666666,79.10131666666666 10.849749999999997,79.10092,79.10092 10.852823333333333,79.10052833333333,79.10052833333333 10.855923333333331,79.10014500000001,79.10014500000001 10.859040000000002,79.099765,79.099765 10.862165000000003,79.09938666666667,79.09938666666667 10.865293333333334,79.09900999999999,79.09900999999999 10.868421666666666,79.09863499999999,79.09863499999999 10.871546666666667,79.09825833333333,79.09825833333333 10.874666666666668,79.09788166666667,79.09788166666667 10.877783333333332,79.09750333333334,79.09750333333334 10.880893333333331,79.09712333333333,79.09712333333333 10.884,79.09674166666667,79.09674166666667 10.887101666666666,79.09636,79.09636 10.890203333333334,79.09597500000001,79.09597500000001 10.893303333333332,79.09558833333334,79.09558833333334 10.896405000000001,79.09520333333332,79.09520333333332 10.899508333333333,79.094815,79.094815 10.902616666666667,79.09442833333334,79.09442833333334 10.905731666666668,79.09404166666667,79.09404166666667 10.908851666666667,79.09365666666665,79.09365666666665 10.911978333333332,79.09327333333334,79.09327333333334 10.91511,79.09289,79.09289 10.918246666666667,79.09250666666667,79.09250666666667 10.921386666666667,79.092125,79.092125 10.924526666666669,79.09174333333334,79.09174333333334 10.927666666666669,79.09136000000001,79.09136000000001 10.930803333333333,79.090975,79.090975 10.933941666666666,79.09059,79.09059 10.937078333333332,79.09020333333332,79.09020333333332 10.940213333333334,79.08981666666666,79.08981666666666 10.943343333333333,79.08943166666666,79.08943166666666 10.946468333333334,79.08904333333334,79.08904333333334 10.949585000000003,79.08865666666668,79.08865666666668 10.952698333333334,79.08827,79.08827 10.955806666666668,79.08788166666666,79.08788166666666 10.958911666666665,79.08749333333334,79.08749333333334 10.962011666666669,79.087105,79.087105 10.965106666666667,79.08671666666667,79.08671666666667 10.968198333333333,79.08632666666668,79.08632666666668 10.971283333333334,79.08593833333333,79.08593833333333 10.974363333333335,79.08554999999998,79.08554999999998 10.977440000000001,79.08516,79.08516 10.980514999999999,79.08477166666665,79.08477166666665 10.983588333333335,79.08438333333334,79.08438333333334 10.98666,79.08399333333334,79.08399333333334 10.989731666666668,79.08360499999999,79.08360499999999 10.992806666666667,79.08321666666667,79.08321666666667 10.995883333333332,79.08282833333332,79.08282833333332 10.998961666666665,79.08243833333334,79.08243833333334 11.002041666666667,79.08205,79.08205 11.005121666666664,79.08166,79.08166 11.008201666666666,79.08126999999999,79.08126999999999 11.011281666666664,79.08087999999998,79.08087999999998 11.014358333333332,79.08048833333334,79.08048833333334 11.017434999999999,79.08009666666666,79.08009666666666 11.020510000000002,79.07970499999999,79.07970499999999 11.023586666666665,79.07931166666668,79.07931166666668 11.02666,79.07892000000001,79.07892000000001 11.029733333333336,79.07852666666668,79.07852666666668 11.032806666666666,79.07813166666668,79.07813166666668 11.035883333333334,79.07773833333334,79.07773833333334 11.038961666666667,79.07734500000001,79.07734500000001 11.042044999999998,79.07695166666667,79.07695166666667 11.045131666666668,79.07655833333334,79.07655833333334 11.048223333333333,79.07616666666667,79.07616666666667 11.051315,79.07577500000001,79.07577500000001 11.054408333333335,79.07538166666667,79.07538166666667 11.057500000000003,79.07499,79.07499 11.060591666666667,79.07459833333333,79.07459833333333 11.063679999999998,79.07420666666665,79.07420666666665 11.066765000000002,79.07381333333332,79.07381333333332 11.069848333333335,79.07342000000001,79.07342000000001 11.072930000000001,79.07302833333334,79.07302833333334 11.076011666666668,79.072635,79.072635 11.079093333333335,79.07224166666667,79.07224166666667 11.082176666666665,79.07184666666667,79.07184666666667 11.085261666666666,79.07145333333334,79.07145333333334 11.088353333333334,79.07106166666667,79.07106166666667 11.091448333333336,79.07066833333333,79.07066833333333 11.094548333333334,79.07027666666666,79.07027666666666 11.097648333333332,79.06988500000001,79.06988500000001 11.100753333333333,79.06949333333334,79.06949333333334 11.103860000000001,79.06910333333333,79.06910333333333 11.106973333333334,79.06871166666666,79.06871166666666 11.11009,79.06832333333332,79.06832333333332 11.11321,79.067935,79.067935 11.116333333333335,79.067545,79.067545 11.119458333333334,79.06715833333334,79.06715833333334 11.122583333333335,79.06676999999999,79.06676999999999 11.12571,79.06638166666666,79.06638166666666 11.12883833333333,79.065995,79.065995 11.131965,79.06560833333334,79.06560833333334 11.135091666666666,79.06522,79.06522 11.138218333333334,79.06483333333333,79.06483333333333 11.141345000000003,79.06444666666667,79.06444666666667 11.144471666666668,79.06406000000001,79.06406000000001 11.147601666666667,79.06367333333333,79.06367333333333 11.150733333333335,79.063285,79.063285 11.153868333333333,79.06289833333334,79.06289833333334 11.157008333333332,79.06251000000002,79.06251000000002 11.160148333333332,79.06212166666667,79.06212166666667 11.163286666666668,79.061735,79.061735 11.166423333333334,79.06134666666668,79.06134666666668 11.169554999999999,79.06095833333333,79.06095833333333 11.172683333333335,79.06056833333335,79.06056833333335 11.175806666666665,79.06018,79.06018 11.178928333333333,79.05979,79.05979 11.182046666666666,79.0594,79.0594 11.185163333333334,79.05900833333332,79.05900833333332 11.188281666666667,79.05861666666665,79.05861666666665 11.191399999999998,79.05822499999998,79.05822499999998 11.194519999999999,79.05783166666667,79.05783166666667 11.19764,79.05743833333334,79.05743833333334 11.200759999999999,79.05704333333334,79.05704333333334 11.20388,79.05664666666665,79.05664666666665 11.207,79.05624999999999,79.05624999999999 11.210118333333332,79.05585166666667,79.05585166666667 11.213236666666669,79.05545333333333,79.05545333333333 11.216358333333334,79.05505333333335,79.05505333333335 11.219479999999997,79.054655,79.054655 11.222603333333332,79.05425666666667,79.05425666666667 11.225731666666663,79.05385833333332,79.05385833333332 11.228864999999999,79.05346166666666,79.05346166666666 11.232001666666667,79.05306666666667,79.05306666666667 11.235141666666667,79.05267,79.05267 11.238285,79.052275,79.052275 11.241428333333333,79.05188,79.05188 11.244575000000001,79.05148666666668,79.05148666666668 11.247723333333333,79.05109333333333,79.05109333333333 11.250871666666667,79.05069833333333,79.05069833333333 11.254021666666665,79.050305,79.050305 11.257169999999999,79.04990833333333,79.04990833333333 11.260314999999999,79.04951166666667,79.04951166666667 11.263460000000002,79.04911500000001,79.04911500000001 11.266600000000002,79.048715,79.048715 11.269736666666667,79.04831499999999,79.04831499999999 11.27287,79.047915,79.047915 11.276,79.04751166666668,79.04751166666668 11.279126666666665,79.04711,79.04711 11.282251666666665,79.04670666666667,79.04670666666667 11.285373333333334,79.04630333333334,79.04630333333334 11.288493333333335,79.04589833333331,79.04589833333331 11.291611666666665,79.045495,79.045495 11.294728333333335,79.04509333333334,79.04509333333334 11.297841666666669,79.04469,79.04469 11.300954999999998,79.04428833333333,79.04428833333333 11.304068333333332,79.04388666666667,79.04388666666667 11.307180000000002,79.04348666666668,79.04348666666668 11.310290000000002,79.04308833333333,79.04308833333333 11.313400000000001,79.04268999999998,79.04268999999998 11.316510000000001,79.04229333333332,79.04229333333332 11.319621666666668,79.04189666666666,79.04189666666666 11.322731666666668,79.04150166666666,79.04150166666666 11.325843333333333,79.04110666666666,79.04110666666666 11.328955,79.04071166666667,79.04071166666667 11.33207,79.04031833333333,79.04031833333333 11.335188333333333,79.039925,79.039925 11.338308333333336,79.03953166666666,79.03953166666666 11.341429999999999,79.03913833333333,79.03913833333333 11.344553333333332,79.03874499999999,79.03874499999999 11.347676666666667,79.03835,79.03835 11.350800000000001,79.037955,79.037955 11.353920000000002,79.03755833333334,79.03755833333334 11.35704,79.03716,79.03716 11.36016,79.03676166666668,79.03676166666668 11.363281666666667,79.03636166666666,79.03636166666666 11.366401666666665,79.03596166666665,79.03596166666665 11.369523333333332,79.03556,79.03556 11.372645,79.03515833333334,79.03515833333334 11.375766666666667,79.03475666666667,79.03475666666667 11.378888333333336,79.03435333333333,79.03435333333333 11.382011666666665,79.03395,79.03395 11.38513333333333,79.033545,79.033545 11.388256666666665,79.03314166666667,79.03314166666667 11.39138,79.03273833333334,79.03273833333334 11.394505,79.032335,79.032335 11.397630000000001,79.03193166666667,79.03193166666667 11.400758333333332,79.03153,79.03153 11.403885,79.03112833333333,79.03112833333333 11.407013333333333,79.03072499999999,79.03072499999999 11.410141666666668,79.03032333333334,79.03032333333334 11.413269999999999,79.02992166666665,79.02992166666665 11.416398333333333,79.02952,79.02952 11.419524999999998,79.02911666666667,79.02911666666667 11.422651666666663,79.02871333333331,79.02871333333331 11.425776666666664,79.02831,79.02831 11.428903333333336,79.02790666666667,79.02790666666667 11.432033333333335,79.02750166666668,79.02750166666668 11.435163333333332,79.02709666666665,79.02709666666665 11.438295000000002,79.02669,79.02669 11.441429999999997,79.026285,79.026285 11.444566666666667,79.02587833333334,79.02587833333334 11.447705,79.02547166666666,79.02547166666666 11.450846666666665,79.025065,79.025065 11.453991666666665,79.02465999999998,79.02465999999998 11.457141666666665,79.02425499999998,79.02425499999998 11.460291666666667,79.02385,79.02385 11.463445,79.02344666666666,79.02344666666666 11.466596666666664,79.02304333333332,79.02304333333332 11.469749999999998,79.02264166666667,79.02264166666667 11.472901666666665,79.02224166666667,79.02224166666667 11.476051666666667,79.02184166666666,79.02184166666666 11.479196666666667,79.02144166666668,79.02144166666668 11.482336666666669,79.02104333333332,79.02104333333332 11.485468333333333,79.02064666666666,79.02064666666666 11.488593333333332,79.02024833333333,79.02024833333333 11.491708333333335,79.01985166666667,79.01985166666667 11.494811666666667,79.01945500000001,79.01945500000001 11.497905,79.01906000000001,79.01906000000001 11.500988333333332,79.01866333333335,79.01866333333335 11.504063333333335,79.01826833333332,79.01826833333332 11.507126666666666,79.01787166666666,79.01787166666666 11.510186666666668,79.01747666666667,79.01747666666667 11.513239999999998,79.01708333333333,79.01708333333333 11.516288333333334,79.01669,79.01669 11.519335000000002,79.01629666666666,79.01629666666666 11.522376666666666,79.01590500000002,79.01590500000002 11.525418333333333,79.01551333333335,79.01551333333335 11.52846,79.01512166666667,79.01512166666667 11.531500000000001,79.01473166666666,79.01473166666666 11.534541666666666,79.01434166666667,79.01434166666667 11.537583333333336,79.01395333333332,79.01395333333332 11.540626666666665,79.01356666666666,79.01356666666666 11.543671666666667,79.01317833333331,79.01317833333331 11.546714999999999,79.01279166666667,79.01279166666667 11.549761666666665,79.01240666666665,79.01240666666665 11.552808333333333,79.01201999999999,79.01201999999999 11.555858333333333,79.01163666666666,79.01163666666666 11.558911666666665,79.01125333333331,79.01125333333331 11.561965,79.01087000000001,79.01087000000001 11.565018333333335,79.01048833333333,79.01048833333333 11.56807,79.01010833333332,79.01010833333332 11.571121666666667,79.00972833333333,79.00972833333333 11.574171666666667,79.00934833333335,79.00934833333335 11.577216666666667,79.00896833333333,79.00896833333333 11.580259999999999,79.00859000000001,79.00859000000001 11.583296666666667,79.00820999999999,79.00820999999999 11.586329999999998,79.00783000000001,79.00783000000001 11.589358333333333,79.00744999999999,79.00744999999999 11.59238,79.00707000000001,79.00707000000001 11.595393333333334,79.00668833333333,79.00668833333333 11.598396666666666,79.006305,79.006305 11.60139,79.00592,79.00592 11.604373333333333,79.005535,79.005535 11.607348333333334,79.00514666666665,79.00514666666665 11.610314999999998,79.00475833333333,79.00475833333333 11.613275,79.00436833333335,79.00436833333335 11.616231666666666,79.00397833333334,79.00397833333334 11.619185,79.00358833333333,79.00358833333333 11.622138333333332,79.00319833333333,79.00319833333333 11.625088333333336,79.00280666666666,79.00280666666666 11.628039999999999,79.00241666666668,79.00241666666668 11.630994999999999,79.002025,79.002025 11.633953333333332,79.00163333333333,79.00163333333333 11.636921666666668,79.00124333333332,79.00124333333332 11.6399,79.00085666666668,79.00085666666668 11.642893333333333,79.00047166666666,79.00047166666666 11.6459,79.00009000000001,79.00009000000001 11.648918333333333,78.99971000000001,78.99971000000001 11.651948333333333,78.99933166666666,78.99933166666666 11.654986666666666,78.998955,78.998955 11.658031666666666,78.99858,78.99858 11.661078333333332,78.99820333333334,78.99820333333334 11.664128333333332,78.99782833333333,78.99782833333333 11.667175000000002,78.99745166666668,78.99745166666668 11.67022,78.99707499999998,78.99707499999998 11.67326,78.99669666666667,78.99669666666667 11.676295000000001,78.99631500000001,78.99631500000001 11.679324999999999,78.99593333333334,78.99593333333334 11.682348333333334,78.99554833333333,78.99554833333333 11.685365000000001,78.99516166666668,78.99516166666668 11.688376666666667,78.99477166666667,78.99477166666667 11.691381666666665,78.99437999999999,78.99437999999999 11.694381666666667,78.99398666666666,78.99398666666666 11.697378333333333,78.99359333333335,78.99359333333335 11.700373333333335,78.99319833333335,78.99319833333335 11.703366666666666,78.99280166666667,78.99280166666667 11.706356666666666,78.99240499999998,78.99240499999998 11.709344999999999,78.99200833333332,78.99200833333332 11.71232666666667,78.99161,78.99161 11.715306666666665,78.99121166666667,78.99121166666667 11.718285,78.99081333333334,78.99081333333334 11.721258333333333,78.99041333333332,78.99041333333332 11.724231666666665,78.990015,78.990015 11.727203333333334,78.98961500000001,78.98961500000001 11.730176666666665,78.98921666666666,78.98921666666666 11.733155,78.98881666666666,78.98881666666666 11.736138333333335,78.98842,78.98842 11.739130000000001,78.98802333333335,78.98802333333335 11.742124999999998,78.98762666666666,78.98762666666666 11.745125,78.98723166666666,78.98723166666666 11.748131666666666,78.98683666666669,78.98683666666669 11.751138333333333,78.98644333333333,78.98644333333333 11.754148333333333,78.98604833333333,78.98604833333333 11.757158333333333,78.985655,78.985655 11.760171666666668,78.98526166666669,78.98526166666669 11.763184999999998,78.98486833333332,78.98486833333332 11.766198333333334,78.98447500000002,78.98447500000002 11.76921,78.98407999999999,78.98407999999999 11.772221666666667,78.983685,78.983685 11.775231666666665,78.98329,78.98329 11.778240000000002,78.98289333333334,78.98289333333334 11.781246666666666,78.98249666666668,78.98249666666668 11.784250000000002,78.98210000000002,78.98210000000002 11.78725166666667,78.98170166666667,78.98170166666667 11.79025333333333,78.981305,78.981305 11.793253333333332,78.98090666666667,78.98090666666667 11.796253333333334,78.98050833333335,78.98050833333335 11.799251666666665,78.98011,78.98011 11.802253333333333,78.97971333333334,78.97971333333334 11.805254999999999,78.97931666666668,78.97931666666668 11.80826,78.97891999999999,78.97891999999999 11.811266666666665,78.97852333333333,78.97852333333333 11.814275000000002,78.97812666666667,78.97812666666667 11.817286666666668,78.97773166666666,78.97773166666666 11.820303333333333,78.97733666666666,78.97733666666666 11.823321666666667,78.97694166666666,78.97694166666666 11.826344999999998,78.97654666666668,78.97654666666668 11.829373333333333,78.97615333333333,78.97615333333333 11.832410000000001,78.97576166666666,78.97576166666666 11.835451666666666,78.97537,78.97537 11.838496666666666,78.97497833333333,78.97497833333333 11.841545,78.97458666666665,78.97458666666665 11.844593333333336,78.97419499999998,78.97419499999998 11.847643333333336,78.97380333333334,78.97380333333334 11.850693333333332,78.97341,78.97341 11.853738333333336,78.973015,78.973015 11.856781666666665,78.97262166666667,78.97262166666667 11.859821666666667,78.97222499999998,78.97222499999998 11.862858333333335,78.97182833333332,78.97182833333332 11.86589,78.97143166666666,78.97143166666666 11.868918333333331,78.97103166666668,78.97103166666668 11.871941666666665,78.97063166666668,78.97063166666668 11.874961666666666,78.97023,78.97023 11.877976666666665,78.969825,78.969825 11.88099,78.96942166666668,78.96942166666668 11.884,78.96901500000001,78.96901500000001 11.88701,78.96860833333334,78.96860833333334 11.890023333333332,78.96819999999998,78.96819999999998 11.893041666666665,78.96779333333333,78.96779333333333 11.896063333333332,78.96738666666667,78.96738666666667 11.899090000000001,78.96698166666667,78.96698166666667 11.902123333333336,78.96657833333335,78.96657833333335 11.905165,78.96617666666667,78.96617666666667 11.908213333333334,78.965775,78.965775 11.911265,78.965375,78.965375 11.914321666666668,78.96497666666667,78.96497666666667 11.917381666666666,78.96457999999998,78.96457999999998 11.920443333333333,78.96418333333332,78.96418333333332 11.923503333333334,78.963785,78.963785 11.926563333333336,78.96338833333331,78.96338833333331 11.929623333333334,78.96299166666665,78.96299166666665 11.932683333333332,78.962595,78.962595 11.935741666666669,78.96219833333333,78.96219833333333 11.938798333333333,78.9618,78.9618 11.941853333333333,78.96140333333334,78.96140333333334 11.944905000000004,78.96100499999999,78.96100499999999 11.947956666666668,78.960605,78.960605 11.951003333333333,78.96020666666665,78.96020666666665 11.954048333333333,78.959805,78.959805 11.957090000000003,78.95940333333334,78.95940333333334 11.960126666666667,78.959,78.959 11.963161666666666,78.958595,78.958595 11.966193333333335,78.95818833333333,78.95818833333333 11.969223333333332,78.95778166666666,78.95778166666666 11.972254999999999,78.95737333333332,78.95737333333332 11.975288333333332,78.95696666666666,78.95696666666666 11.978321666666666,78.95655833333335,78.95655833333335 11.981359999999999,78.95615166666666,78.95615166666666 11.984403333333335,78.95574666666667,78.95574666666667 11.987453333333335,78.95534166666667,78.95534166666667 11.990506666666665,78.95493833333333,78.95493833333333 11.993568333333332,78.95453666666667,78.95453666666667 11.996636666666667,78.95413666666666,78.95413666666666 11.999711666666666,78.95373666666667,78.95373666666667 12.002788333333333,78.95333833333335,78.95333833333335 12.00586666666667,78.95294166666666,78.95294166666666 12.008948333333333,78.952545,78.952545 12.012031666666665,78.95215,78.95215 12.015115,78.95175333333333,78.95175333333333 12.018198333333332,78.95135833333333,78.95135833333333 12.021280000000003,78.95096333333333,78.95096333333333 12.024358333333332,78.95056833333334,78.95056833333334 12.027438333333336,78.95017333333334,78.95017333333334 12.030514999999998,78.94977833333334,78.94977833333334 12.03359,78.94938166666668,78.94938166666668 12.036663333333337,78.94898666666666,78.94898666666666 12.039738333333332,78.94859,78.94859 12.042811666666665,78.94819333333334,78.94819333333334 12.045885,78.94779833333334,78.94779833333334 12.04896,78.94740166666668,78.94740166666668 12.052033333333336,78.94700499999999,78.94700499999999 12.055106666666665,78.94660999999999,78.94660999999999 12.058178333333334,78.94621333333333,78.94621333333333 12.061251666666665,78.94581666666666,78.94581666666666 12.064323333333332,78.94542,78.94542 12.067394999999998,78.94502166666668,78.94502166666668 12.070463333333333,78.94462333333333,78.94462333333333 12.073531666666668,78.944225,78.944225 12.076600000000001,78.94382499999999,78.94382499999999 12.079666666666668,78.94342333333334,78.94342333333334 12.082733333333334,78.94302333333334,78.94302333333334 12.085799999999999,78.94262166666667,78.94262166666667 12.088864999999997,78.94221999999999,78.94221999999999 12.091929999999998,78.94181666666667,78.94181666666667 12.094993333333333,78.94141500000002,78.94141500000002 12.098051666666667,78.94101166666665,78.94101166666665 12.101106666666665,78.94060833333333,78.94060833333333 12.10415833333333,78.94020333333333,78.94020333333333 12.107210000000002,78.93979999999999,78.93979999999999 12.110260000000002,78.939395,78.939395 12.113310000000002,78.93898833333331,78.93898833333331 12.116360000000002,78.93858333333333,78.93858333333333 12.119413333333332,78.93817833333333,78.93817833333333 12.122466666666666,78.93777333333333,78.93777333333333 12.125523333333334,78.93737,78.93737 12.128583333333333,78.93696666666666,78.93696666666666 12.131646666666665,78.93656333333332,78.93656333333332 12.13471333333333,78.93616166666668,78.93616166666668 12.137785,78.93575999999999,78.93575999999999 12.140863333333336,78.93535833333334,78.93535833333334 12.143948333333332,78.93495833333333,78.93495833333333 12.147041666666667,78.93455999999999,78.93455999999999 12.150138333333333,78.93416166666667,78.93416166666667 12.153240000000002,78.93376333333335,78.93376333333335 12.156343333333332,78.933365,78.933365 12.15945,78.93296833333333,78.93296833333333 12.16256,78.93257166666668,78.93257166666668 12.165673333333332,78.93217666666665,78.93217666666665 12.16879166666667,78.93178166666665,78.93178166666665 12.171911666666666,78.93138833333335,78.93138833333335 12.175031666666667,78.93099333333332,78.93099333333332 12.17815,78.93060000000001,78.93060000000001 12.181263333333334,78.93020333333332,78.93020333333332 12.184371666666667,78.92980666666666,78.92980666666666 12.187473333333333,78.92940833333334,78.92940833333334 12.190565,78.92900833333334,78.92900833333334 12.193646666666666,78.928605,78.928605 12.196715,78.9282,78.9282 12.199770000000003,78.92779333333333,78.92779333333333 12.202810000000001,78.92738333333334,78.92738333333334 12.205838333333336,78.92696999999998,78.92696999999998 12.208853333333332,78.92655666666666,78.92655666666666 12.21185833333333,78.92614,78.92614 12.214855000000002,78.92572333333332,78.92572333333332 12.217846666666667,78.925305,78.925305 12.220836666666665,78.92488666666665,78.92488666666665 12.223825,78.92446833333334,78.92446833333334 12.226811666666666,78.92404833333333,78.92404833333333 12.229801666666667,78.92363000000002,78.92363000000002 12.232794999999998,78.92321000000001,78.92321000000001 12.235793333333335,78.92279333333333,78.92279333333333 12.238798333333333,78.92237666666666,78.92237666666666 12.24181,78.92196000000001,78.92196000000001 12.244828333333333,78.921545,78.921545 12.247858333333332,78.92113166666667,78.92113166666667 12.250898333333337,78.92071999999999,78.92071999999999 12.253948333333334,78.92031000000001,78.92031000000001 12.257009999999998,78.91990166666666,78.91990166666666 12.260083333333334,78.91949500000001,78.91949500000001 12.263166666666667,78.91908833333332,78.91908833333332 12.266259999999999,78.91868500000001,78.91868500000001 12.269359999999997,78.91828333333332,78.91828333333332 12.272463333333333,78.91788166666667,78.91788166666667 12.275570000000002,78.91748,78.91748 12.278674999999998,78.91707833333334,78.91707833333334 12.281775,78.91667666666666,78.91667666666666 12.284870000000002,78.91627333333332,78.91627333333332 12.287958333333332,78.91586833333334,78.91586833333334 12.291035,78.91546333333334,78.91546333333334 12.294101666666666,78.915055,78.915055 12.297151666666666,78.91464500000001,78.91464500000001 12.300186666666665,78.91423166666668,78.91423166666668 12.303206666666664,78.91381666666666,78.91381666666666 12.306213333333334,78.91340166666666,78.91340166666666 12.309208333333334,78.912985,78.912985 12.312195000000001,78.91256666666666,78.91256666666666 12.315178333333334,78.91214833333335,78.91214833333335 12.318166666666665,78.91173333333333,78.91173333333333 12.321158333333335,78.91131833333333,78.91131833333333 12.324158333333333,78.910905,78.910905 12.327166666666669,78.91049166666667,78.91049166666667 12.33018666666667,78.91008166666666,78.91008166666666 12.333221666666669,78.90967333333334,78.90967333333334 12.336271666666669,78.90926833333332,78.90926833333332 12.339331666666665,78.90886333333333,78.90886333333333 12.342403333333333,78.90845999999999,78.90845999999999 12.345488333333334,78.90805833333334,78.90805833333334 12.348588333333332,78.90765833333333,78.90765833333333 12.351698333333331,78.90725833333333,78.90725833333333 12.354815,78.90685833333335,78.90685833333335 12.357940000000001,78.90645833333333,78.90645833333333 12.36107,78.90605833333335,78.90605833333335 12.364206666666668,78.90565666666666,78.90565666666666 12.367343333333334,78.90525666666667,78.90525666666667 12.370476666666665,78.90485333333334,78.90485333333334 12.373608333333335,78.90444833333332,78.90444833333332 12.37674,78.90404166666669,78.90404166666669 12.379866666666665,78.903635,78.903635 12.38299,78.90322500000002,78.90322500000002 12.386108333333333,78.90281499999999,78.90281499999999 12.389223333333332,78.90240333333334,78.90240333333334 12.39233,78.90198999999998,78.90198999999998 12.395431666666667,78.90157500000001,78.90157500000001 12.398528333333333,78.90115833333333,78.90115833333333 12.401623333333335,78.90074166666668,78.90074166666668 12.404713333333332,78.900325,78.900325 12.407801666666666,78.89990666666665,78.89990666666665 12.410888333333332,78.89949,78.89949 12.413973333333336,78.89907166666667,78.89907166666667 12.417056666666667,78.89865499999999,78.89865499999999 12.420141666666666,78.89823833333334,78.89823833333334 12.423226666666668,78.89782166666669,78.89782166666669 12.42631,78.89740333333332,78.89740333333332 12.429393333333334,78.89698666666666,78.89698666666666 12.432476666666664,78.89656833333333,78.89656833333333 12.435558333333331,78.89614999999999,78.89614999999999 12.438643333333335,78.89573166666668,78.89573166666668 12.441728333333332,78.895315,78.895315 12.444816666666666,78.89489666666668,78.89489666666668 12.447908333333332,78.89448,78.89448 12.451005000000002,78.894065,78.894065 12.454106666666666,78.89365166666667,78.89365166666667 12.457213333333334,78.89323833333334,78.89323833333334 12.460326666666667,78.89282833333333,78.89282833333333 12.463445,78.89241999999999,78.89241999999999 12.466564999999997,78.89201500000001,78.89201500000001 12.469688333333332,78.89161166666666,78.89161166666666 12.472814999999999,78.89121000000002,78.89121000000002 12.475945000000001,78.89081166666666,78.89081166666666 12.47907166666667,78.890415,78.890415 12.482191666666663,78.89002,78.89002 12.485306666666668,78.88962499999998,78.88962499999998 12.488415000000003,78.88922833333332,78.88922833333332 12.491511666666668,78.88883333333332,78.88883333333332 12.494596666666668,78.88843666666666,78.88843666666666 12.497670000000001,78.88803833333333,78.88803833333333 12.500728333333331,78.88763666666668,78.88763666666668 12.503776666666665,78.887235,78.887235 12.506811666666666,78.88682999999999,78.88682999999999 12.509838333333335,78.88642333333335,78.88642333333335 12.512860000000002,78.88601666666666,78.88601666666666 12.515880000000001,78.88560666666666,78.88560666666666 12.518899999999999,78.88519833333334,78.88519833333334 12.521923333333332,78.88478833333333,78.88478833333333 12.524948333333336,78.88437833333334,78.88437833333334 12.527978333333333,78.88397,78.88397 12.531011666666666,78.88356,78.88356 12.534045,78.88314999999999,78.88314999999999 12.537075000000002,78.88274000000001,78.88274000000001 12.540103333333333,78.88233,78.88233 12.543125000000003,78.88192000000002,78.88192000000002 12.546138333333333,78.88150999999999,78.88150999999999 12.549146666666665,78.8811,78.8811 12.552146666666665,78.88069,78.88069 12.555136666666666,78.88027833333332,78.88027833333332 12.558116666666667,78.87986666666669,78.87986666666669 12.561090000000002,78.87945500000001,78.87945500000001 12.564056666666666,78.87904333333331,78.87904333333331 12.567015,78.87863000000002,78.87863000000002 12.569968333333334,78.87821666666667,78.87821666666667 12.572915000000002,78.87780166666666,78.87780166666666 12.575858333333334,78.877385,78.877385 12.578794999999998,78.87696666666669,78.87696666666669 12.58173,78.87654666666668,78.87654666666668 12.584660000000001,78.87612333333333,78.87612333333333 12.587589999999999,78.8757,78.8757 12.590523333333332,78.875275,78.875275 12.593464999999998,78.87485000000001,78.87485000000001 12.596415000000002,78.87442666666668,78.87442666666668 12.59937333333333,78.87400333333332,78.87400333333332 12.60234,78.87358166666665,78.87358166666665 12.605316666666665,78.87316000000001,78.87316000000001 12.608303333333332,78.87274166666667,78.87274166666667 12.6113,78.87232333333333,78.87232333333333 12.61430333333333,78.87190833333334,78.87190833333334 12.617316666666667,78.87149333333333,78.87149333333333 12.62034,78.87108166666667,78.87108166666667 12.623371666666666,78.87067166666667,78.87067166666667 12.626415000000001,78.87026166666665,78.87026166666665 12.629471666666666,78.869855,78.869855 12.632539999999997,78.86945,78.86945 12.635618333333333,78.869045,78.869045 12.63869833333333,78.86864166666668,78.86864166666668 12.641771666666667,78.86823500000001,78.86823500000001 12.644838333333334,78.86782499999998,78.86782499999998 12.647888333333334,78.86741166666667,78.86741166666667 12.650918333333333,78.86699166666666,78.86699166666666 12.653920000000001,78.86656500000001,78.86656500000001 12.656886666666665,78.86613,78.86613 12.659816666666666,78.86568666666668,78.86568666666668 12.662705000000003,78.86523500000001,78.86523500000001 12.665548333333334,78.86477666666667,78.86477666666667 12.668350000000002,78.86431,78.86431 12.671108333333331,78.86383500000001,78.86383500000001 12.673829999999999,78.863355,78.863355 12.676520000000002,78.86287166666665,78.86287166666665 12.679176666666669,78.86238166666668,78.86238166666668 12.681798333333331,78.86188833333334,78.86188833333334 12.684391666666665,78.86139166666666,78.86139166666666 12.686958333333333,78.86089166666667,78.86089166666667 12.689501666666668,78.86039,78.86039 12.692029999999999,78.85988666666668,78.85988666666668 12.694543333333334,78.85938333333334,78.85938333333334 12.697046666666665,78.85887833333334,78.85887833333334 12.699536666666667,78.85837166666667,78.85837166666667 12.702011666666666,78.85786333333334,78.85786333333334 12.704465,78.85735333333335,78.85735333333335 12.706889999999998,78.85683833333331,78.85683833333331 12.709273333333332,78.85631666666667,78.85631666666667 12.711601666666665,78.85579,78.85579 12.713868333333334,78.85525333333334,78.85525333333334 12.716063333333334,78.85470666666666,78.85470666666666 12.718181666666666,78.85415,78.85415 12.72021166666667,78.85358333333335,78.85358333333335 12.722148333333333,78.853005,78.853005 12.723989999999999,78.85241666666668,78.85241666666668 12.725738333333332,78.85181666666668,78.85181666666668 12.727401666666667,78.85120666666666,78.85120666666666 12.72899,78.85059166666667,78.85059166666667 12.730523333333334,78.84996833333332,78.84996833333332 12.732024999999998,78.84934333333334,78.84934333333334 12.733511666666669,78.84871499999998,78.84871499999998 12.73499,78.84808666666665,78.84808666666665 12.736466666666669,78.84745666666666,78.84745666666666 12.737948333333334,78.84682833333332,78.84682833333332 12.739438333333332,78.84620000000001,78.84620000000001 12.740936666666668,78.84557333333333,78.84557333333333 12.742445000000002,78.84494833333333,78.84494833333333 12.743958333333333,78.84432333333332,78.84432333333332 12.74548,78.8437,78.8437 12.747003333333337,78.84307833333334,78.84307833333334 12.748521666666667,78.84245666666668,78.84245666666668 12.750036666666665,78.84183666666665,78.84183666666665 12.751553333333334,78.84121833333334,78.84121833333334 12.753078333333335,78.84059999999998,78.84059999999998 12.754611666666666,78.839985,78.839985 12.756151666666666,78.83936999999999,78.83936999999999 12.757695000000002,78.838755,78.838755 12.759241666666664,78.83814166666666,78.83814166666666 12.76079,78.83752833333332,78.83752833333332 12.762338333333332,78.83691666666667,78.83691666666667 12.763883333333334,78.83630333333335,78.83630333333335 12.76543,78.83569000000001,78.83569000000001 12.766976666666666,78.83507666666667,78.83507666666667 12.768523333333334,78.83446500000001,78.83446500000001 12.770075,78.83385333333335,78.83385333333335 12.77163,78.83324333333333,78.83324333333333 12.773189999999998,78.83263333333332,78.83263333333332 12.774751666666669,78.83202500000002,78.83202500000002 12.776313333333333,78.83141666666667,78.83141666666667 12.777873333333332,78.83081166666666,78.83081166666666 12.779433333333333,78.83020666666667,78.83020666666667 12.780991666666667,78.82960500000002,78.82960500000002 12.782543333333333,78.82900500000001,78.82900500000001 12.784091666666665,78.82840666666667,78.82840666666667 12.785636666666667,78.82781,78.82781 12.78718,78.82721666666667,78.82721666666667 12.788721666666667,78.82662333333332,78.82662333333332 12.790261666666666,78.82603333333334,78.82603333333334 12.791801666666666,78.82544333333334,78.82544333333334 12.793338333333335,78.824855,78.824855 12.794875000000003,78.82426833333334,78.82426833333334 12.796411666666664,78.82368166666666,78.82368166666666 12.797946666666668,78.82309666666667,78.82309666666667 12.799483333333333,78.82251333333335,78.82251333333335 12.801021666666667,78.82193000000001,78.82193000000001 12.802565,78.82134666666668,78.82134666666668 12.804111666666666,78.82076333333333,78.82076333333333 12.805655000000002,78.82018000000001,78.82018000000001 12.807189999999999,78.81959499999999,78.81959499999999 12.808714999999998,78.81900999999999,78.81900999999999 12.810231666666668,78.81842166666668,78.81842166666668 12.811733333333335,78.81783000000001,78.81783000000001 12.813218333333335,78.81723833333332,78.81723833333332 12.814686666666669,78.81664333333333,78.81664333333333 12.81614,78.81604666666667,78.81604666666667 12.817583333333335,78.81544833333335,78.81544833333335 12.819015000000002,78.81484833333334,78.81484833333334 12.820435000000002,78.81424833333334,78.81424833333334 12.821846666666666,78.81364666666666,78.81364666666666 12.823251666666666,78.81304499999999,78.81304499999999 12.824651666666666,78.81244333333333,78.81244333333333 12.82605,78.81184333333333,78.81184333333333 12.827445,78.81124166666666,78.81124166666666 12.828843333333337,78.81064166666667,78.81064166666667 12.830248333333335,78.81004333333333,78.81004333333333 12.831663333333331,78.80944500000001,78.80944500000001 12.833088333333333,78.80884666666667,78.80884666666667 12.834518333333332,78.80825,78.80825 12.835951666666665,78.80765166666666,78.80765166666666 12.837388333333337,78.80705166666665,78.80705166666665 12.838823333333334,78.80645166666666,78.80645166666666 12.840253333333333,78.80584999999999,78.80584999999999 12.841675,78.80524666666666,78.80524666666666 12.843088333333334,78.80463999999999,78.80463999999999 12.844491666666668,78.80403333333334,78.80403333333334 12.845888333333335,78.80342333333334,78.80342333333334 12.847278333333334,78.80281166666668,78.80281166666668 12.848666666666666,78.8022,78.8022 12.850055,78.80158666666667,78.80158666666667 12.851443333333334,78.80097166666665,78.80097166666665 12.852829999999999,78.80035666666664,78.80035666666664 12.854218333333332,78.79974,78.79974 12.855606666666665,78.79912333333333,78.79912333333333 12.856996666666664,78.79850499999999,78.79850499999999 12.858384999999998,78.79788666666666,78.79788666666666 12.859773333333331,78.79726833333335,78.79726833333335 12.861161666666664,78.79664833333332,78.79664833333332 12.862549999999999,78.79602833333333,78.79602833333333 12.863941666666665,78.79540833333333,78.79540833333333 12.865338333333332,78.79478833333333,78.79478833333333 12.866746666666666,78.79416833333333,78.79416833333333 12.868165,78.79355,78.79355 12.869591666666668,78.79293,78.79293 12.871025,78.79231,78.79231 12.872465,78.79168833333334,78.79168833333334 12.873914999999998,78.79106833333334,78.79106833333334 12.87536833333333,78.79044666666665,78.79044666666665 12.876823333333334,78.78982333333333,78.78982333333333 12.878281666666666,78.7892,78.7892 12.879736666666666,78.78857500000001,78.78857500000001 12.881188333333332,78.78795,78.78795 12.882638333333334,78.78732166666666,78.78732166666666 12.884086666666667,78.78669333333333,78.78669333333333 12.885531666666669,78.78606333333333,78.78606333333333 12.886970000000002,78.78543166666667,78.78543166666667 12.888404999999999,78.78479999999999,78.78479999999999 12.889835,78.78416666666666,78.78416666666666 12.891263333333333,78.78353333333332,78.78353333333332 12.892693333333332,78.7829,78.7829 12.894125000000003,78.78226666666666,78.78226666666666 12.895566666666664,78.78163166666667,78.78163166666667 12.897020000000003,78.78099833333333,78.78099833333333 12.89848,78.780365,78.780365 12.899946666666663,78.77973333333333,78.77973333333333 12.901418333333334,78.7791,78.7791 12.902896666666667,78.77846666666666,78.77846666666666 12.904381666666666,78.77783333333333,78.77783333333333 12.905868333333334,78.7772,78.7772 12.907360000000002,78.77656833333333,78.77656833333333 12.908848333333333,78.77593499999999,78.77593499999999 12.910335000000003,78.77530333333333,78.77530333333333 12.911813333333335,78.77467000000001,78.77467000000001 12.913285,78.77403833333332,78.77403833333332 12.91475,78.77340666666667,78.77340666666667 12.91621,78.77277500000001,78.77277500000001 12.917660000000001,78.772145,78.772145 12.919103333333332,78.771515,78.771515 12.92054,78.77088499999999,78.77088499999999 12.921971666666664,78.77025666666667,78.77025666666667 12.923396666666667,78.76962833333333,78.76962833333333 12.924816666666667,78.76900166666665,78.76900166666665 12.926233333333334,78.76837333333333,78.76837333333333 12.927648333333332,78.76774499999999,78.76774499999999 12.929068333333332,78.76711666666665,78.76711666666665 12.93049,78.76649,78.76649 12.931916666666664,78.76586166666665,78.76586166666665 12.933345000000001,78.765235,78.765235 12.934778333333334,78.76460999999999,78.76460999999999 12.936218333333333,78.76398666666667,78.76398666666667 12.93767,78.76336500000001,78.76336500000001 12.93913,78.762745,78.762745 12.940596666666668,78.762125,78.762125 12.942073333333333,78.76150666666668,78.76150666666668 12.943558333333332,78.76088833333333,78.76088833333333 12.945051666666666,78.76027,78.76027 12.94655166666667,78.75965333333333,78.75965333333333 12.948059999999998,78.759035,78.759035 12.949578333333333,78.75841833333332,78.75841833333332 12.951105,78.75780166666665,78.75780166666665 12.952639999999999,78.757185,78.757185 12.954178333333333,78.75656833333333,78.75656833333333 12.955715000000001,78.75595166666666,78.75595166666666 12.957253333333332,78.75533333333333,78.75533333333333 12.958791666666666,78.75471666666668,78.75471666666668 12.960329999999999,78.75409833333335,78.75409833333335 12.961863333333334,78.75348000000001,78.75348000000001 12.963395,78.75286166666667,78.75286166666667 12.96492,78.75224166666668,78.75224166666668 12.966438333333333,78.75162166666668,78.75162166666668 12.967949999999998,78.75100000000002,78.75100000000002 12.969455,78.75037833333333,78.75037833333333 12.970951666666666,78.74975500000001,78.74975500000001 12.972441666666667,78.74913166666666,78.74913166666666 12.973926666666665,78.74850666666666,78.74850666666666 12.975406666666666,78.74788000000001,78.74788000000001 12.976883333333335,78.74725333333333,78.74725333333333 12.978358333333333,78.746625,78.746625 12.979825000000002,78.74599666666667,78.74599666666667 12.981285,78.74536666666667,78.74536666666667 12.982738333333334,78.744735,78.744735 12.984183333333334,78.74410166666667,78.74410166666667 12.985626666666667,78.74346833333334,78.74346833333334 12.987068333333333,78.74283333333334,78.74283333333334 12.988510000000002,78.74219666666667,78.74219666666667 12.989956666666668,78.74156166666666,78.74156166666666 12.991411666666666,78.74092499999999,78.74092499999999 12.992871666666666,78.74028833333334,78.74028833333334 12.994336666666667,78.73965166666667,78.73965166666667 12.995811666666668,78.73901333333335,78.73901333333335 12.997296666666667,78.73837666666667,78.73837666666667 12.998790000000001,78.73773833333334,78.73773833333334 13.000288333333334,78.73710166666667,78.73710166666667 13.001793333333335,78.73646333333333,78.73646333333333 13.003301666666667,78.735825,78.735825 13.004813333333335,78.73518666666668,78.73518666666668 13.00633,78.73454833333334,78.73454833333334 13.007853333333333,78.73391000000001,78.73391000000001 13.00938,78.73327333333334,78.73327333333334 13.010908333333335,78.732635,78.732635 13.012441666666666,78.73199833333334,78.73199833333334 13.013978333333334,78.73136166666667,78.73136166666667 13.015518333333334,78.73072499999999,78.73072499999999 13.017053333333333,78.73009000000002,78.73009000000002 13.018586666666666,78.72945166666666,78.72945166666666 13.020121666666668,78.72881500000001,78.72881500000001 13.021656666666669,78.728175,78.728175 13.023188333333334,78.72753333333334,78.72753333333334 13.024711666666667,78.72689,78.72689 13.026226666666664,78.72624666666667,78.72624666666667 13.027735,78.72560166666666,78.72560166666666 13.02923333333333,78.724955,78.724955 13.030723333333333,78.72430999999999,78.72430999999999 13.032206666666665,78.72366333333332,78.72366333333332 13.03368333333333,78.72301499999999,78.72301499999999 13.035153333333335,78.72236666666666,78.72236666666666 13.036614999999998,78.72171666666667,78.72171666666667 13.038071666666667,78.72106333333333,78.72106333333333 13.039521666666667,78.72040999999999,78.72040999999999 13.040965000000002,78.71975333333332,78.71975333333332 13.042400000000002,78.71909666666667,78.71909666666667 13.043829999999998,78.71843833333335,78.71843833333335 13.045256666666669,78.71777833333333,78.71777833333333 13.046688333333336,78.71711833333335,78.71711833333335 13.048118333333331,78.71645833333332,78.71645833333332 13.049545000000002,78.71579666666668,78.71579666666668 13.050973333333332,78.71513666666665,78.71513666666665 13.052408333333336,78.71447500000001,78.71447500000001 13.053848333333333,78.71381333333335,78.71381333333335 13.055288333333333,78.71315166666668,78.71315166666668 13.056731666666666,78.71248999999999,78.71248999999999 13.058181666666668,78.71182833333334,78.71182833333334 13.059636666666666,78.71116666666666,78.71116666666666 13.061096666666666,78.71050333333332,78.71050333333332 13.06256,78.70984166666666,78.70984166666666 13.064028333333331,78.70917833333333,78.70917833333333 13.065501666666666,78.70851666666667,78.70851666666667 13.066978333333335,78.707855,78.707855 13.06846,78.707195,78.707195 13.069946666666665,78.70653500000002,78.70653500000002 13.071436666666665,78.70587499999999,78.70587499999999 13.072930000000001,78.70521666666667,78.70521666666667 13.074428333333332,78.70455833333334,78.70455833333334 13.075928333333332,78.70389833333334,78.70389833333334 13.07743,78.70324,78.70324 13.078935000000001,78.70258,78.70258 13.080443333333337,78.70191833333332,78.70191833333332 13.081953333333335,78.70125833333333,78.70125833333333 13.083466666666668,78.70059666666666,78.70059666666666 13.084983333333332,78.69993333333333,78.69993333333333 13.086503333333333,78.69927166666666,78.69927166666666 13.08803,78.69860833333334,78.69860833333334 13.089556666666665,78.697945,78.697945 13.091081666666666,78.69728333333335,78.69728333333335 13.092609999999999,78.69662000000001,78.69662000000001 13.094138333333333,78.69595833333334,78.69595833333334 13.095668333333334,78.69529666666668,78.69529666666668 13.097200000000003,78.69463666666667,78.69463666666667 13.098735,78.69397666666667,78.69397666666667 13.100271666666666,78.69331666666668,78.69331666666668 13.101809999999999,78.69265999999999,78.69265999999999 13.103351666666667,78.69200166666666,78.69200166666666 13.104896666666665,78.691345,78.691345 13.106441666666667,78.69068999999999,78.69068999999999 13.10799,78.69003500000001,78.69003500000001 13.109541666666667,78.68938,78.68938 13.111091666666669,78.688725,78.688725 13.112641666666665,78.68806833333333,78.68806833333333 13.114188333333335,78.68741333333332,78.68741333333332 13.115736666666665,78.68675833333333,78.68675833333333 13.117283333333335,78.68610166666669,78.68610166666669 13.118828333333333,78.68544499999999,78.68544499999999 13.120373333333333,78.68478666666667,78.68478666666667 13.121918333333335,78.68413,78.68413 13.123461666666666,78.68347166666666,78.68347166666666 13.125004999999998,78.682815,78.682815 13.12654,78.68215833333333,78.68215833333333 13.128066666666665,78.6815,78.6815 13.129583333333336,78.68084333333334,78.68084333333334 13.131088333333333,78.68018333333332,78.68018333333332 13.132579999999999,78.679525,78.679525 13.134058333333332,78.678865,78.678865 13.135525,78.67820333333334,78.67820333333334 13.136980000000001,78.67754333333333,78.67754333333333 13.13842833333333,78.67688,78.67688 13.139874999999998,78.67621833333334,78.67621833333334 13.14132,78.67555666666667,78.67555666666667 13.142766666666668,78.67489333333332,78.67489333333332 13.144216666666667,78.67423166666667,78.67423166666667 13.145673333333333,78.67357000000001,78.67357000000001 13.147135,78.67290666666668,78.67290666666668 13.14860333333333,78.67224333333333,78.67224333333333 13.150081666666665,78.67157999999999,78.67157999999999 13.151573333333333,78.67091833333333,78.67091833333333 13.153076666666667,78.670255,78.670255 13.154591666666667,78.66959333333332,78.66959333333332 13.156118333333332,78.66893166666667,78.66893166666667 13.157658333333334,78.66826999999999,78.66826999999999 13.15921,78.66761,78.66761 13.160769999999998,78.66695,78.66695 13.162339999999999,78.66629166666668,78.66629166666668 13.163916666666667,78.66563500000001,78.66563500000001 13.165493333333332,78.66497833333332,78.66497833333332 13.167071666666669,78.66432166666668,78.66432166666668 13.168651666666664,78.66366666666667,78.66366666666667 13.170228333333334,78.66301166666666,78.66301166666666 13.171801666666665,78.66235666666667,78.66235666666667 13.173366666666666,78.66170166666669,78.66170166666669 13.174918333333336,78.66104833333334,78.66104833333334 13.176458333333334,78.66039333333333,78.66039333333333 13.177986666666667,78.65974,78.65974 13.179499999999999,78.65908500000002,78.65908500000002 13.181001666666667,78.65843000000001,78.65843000000001 13.182491666666666,78.657775,78.657775 13.183969999999999,78.65711833333334,78.65711833333334 13.18544166666667,78.65646333333333,78.65646333333333 13.186910000000001,78.65580666666666,78.65580666666666 13.188376666666667,78.65515,78.65515 13.189844999999998,78.65449333333333,78.65449333333333 13.19132,78.65383666666666,78.65383666666666 13.192803333333332,78.65317833333334,78.65317833333334 13.19429,78.65252000000001,78.65252000000001 13.195786666666665,78.65186166666668,78.65186166666668 13.197291666666667,78.65120166666667,78.65120166666667 13.198805000000002,78.65054166666667,78.65054166666667 13.200325000000001,78.64988166666666,78.64988166666666 13.201851666666668,78.64922166666666,78.64922166666666 13.203383333333335,78.64856166666668,78.64856166666668 13.20491666666667,78.64790166666666,78.64790166666666 13.20645,78.64724166666667,78.64724166666667 13.207980000000001,78.64657999999999,78.64657999999999 13.209506666666668,78.64591666666668,78.64591666666668 13.211030000000001,78.64525333333333,78.64525333333333 13.212545,78.64459,78.64459 13.214053333333334,78.64392500000001,78.64392500000001 13.215553333333332,78.64325833333335,78.64325833333335 13.217044999999999,78.64259166666669,78.64259166666669 13.218526666666664,78.641925,78.641925 13.219999999999999,78.64125666666666,78.64125666666666 13.221463333333332,78.64059,78.64059 13.222921666666664,78.63992166666668,78.63992166666668 13.224376666666668,78.63925333333333,78.63925333333333 13.22583,78.63858666666665,78.63858666666665 13.227284999999998,78.63792,78.63792 13.228745,78.63725500000001,78.63725500000001 13.230211666666666,78.63658999999998,78.63658999999998 13.231681666666669,78.63592499999999,78.63592499999999 13.233153333333332,78.63526166666666,78.63526166666666 13.234630000000001,78.63459833333333,78.63459833333333 13.236110000000002,78.63393500000001,78.63393500000001 13.23759,78.63326999999998,78.63326999999998 13.239073333333332,78.63260666666667,78.63260666666667 13.240563333333332,78.63194333333333,78.63194333333333 13.242061666666666,78.63127999999999,78.63127999999999 13.243568333333334,78.63061666666667,78.63061666666667 13.24508,78.62995333333333,78.62995333333333 13.246596666666669,78.62929166666666,78.62929166666666 13.248119999999998,78.62863,78.62863 13.249646666666669,78.62797,78.62797 13.251173333333336,78.62731,78.62731 13.252703333333333,78.62665166666666,78.62665166666666 13.254236666666667,78.62599333333334,78.62599333333334 13.255773333333332,78.62533833333333,78.62533833333333 13.257309999999999,78.62468166666666,78.62468166666666 13.258851666666665,78.62402666666667,78.62402666666667 13.260396666666667,78.62337333333335,78.62337333333335 13.261944999999999,78.62272,78.62272 13.263491666666669,78.62206833333332,78.62206833333332 13.265039999999997,78.621415,78.621415 13.266588333333333,78.62076499999999,78.62076499999999 13.268140000000002,78.620115,78.620115 13.269693333333331,78.619465,78.619465 13.271244999999999,78.61881666666667,78.61881666666667 13.272793333333334,78.61816833333334,78.61816833333334 13.274339999999999,78.61752166666668,78.61752166666668 13.275883333333335,78.61687500000001,78.61687500000001 13.277418333333333,78.61622666666668,78.61622666666668 13.278941666666666,78.61558000000001,78.61558000000001 13.280456666666664,78.61493166666668,78.61493166666668 13.281961666666666,78.61428166666666,78.61428166666666 13.283453333333332,78.61363,78.61363 13.284936666666665,78.61297666666665,78.61297666666665 13.286411666666666,78.61232333333334,78.61232333333334 13.287878333333333,78.61166666666668,78.61166666666668 13.289340000000001,78.61101166666667,78.61101166666667 13.290795,78.610355,78.610355 13.292250000000003,78.60969833333334,78.60969833333334 13.293705000000001,78.60904000000001,78.60904000000001 13.295158333333333,78.60838333333332,78.60838333333332 13.296611666666667,78.60772666666668,78.60772666666668 13.29807,78.60706833333334,78.60706833333334 13.299531666666667,78.60641166666666,78.60641166666666 13.300996666666666,78.60575333333333,78.60575333333333 13.302461666666666,78.60509666666665,78.60509666666665 13.303933333333335,78.60444000000001,78.60444000000001 13.305411666666666,78.60378500000002,78.60378500000002 13.306898333333333,78.60312833333334,78.60312833333334 13.308393333333333,78.602475,78.602475 13.309895,78.60182,78.60182 13.311401666666665,78.60116500000002,78.60116500000002 13.312908333333333,78.60050999999999,78.60050999999999 13.314415,78.59985499999999,78.59985499999999 13.315918333333332,78.59920000000001,78.59920000000001 13.317416666666666,78.59854333333334,78.59854333333334 13.318915,78.59788833333333,78.59788833333333 13.32041,78.59723166666667,78.59723166666667 13.321906666666667,78.596575,78.596575 13.323408333333335,78.59591833333333,78.59591833333333 13.324911666666665,78.59526333333334,78.59526333333334 13.326413333333337,78.59460833333333,78.59460833333333 13.327915,78.59395333333335,78.59395333333335 13.329414999999997,78.59329833333332,78.59329833333332 13.330913333333335,78.59264333333334,78.59264333333334 13.332411666666665,78.59198833333333,78.59198833333333 13.333911666666665,78.59133499999999,78.59133499999999 13.335415000000001,78.59068,78.59068 13.336920000000003,78.59002666666667,78.59002666666667 13.338428333333333,78.58937166666666,78.58937166666666 13.339936666666665,78.58871833333332,78.58871833333332 13.341448333333334,78.58806666666666,78.58806666666666 13.34296,78.58741333333334,78.58741333333334 13.344471666666667,78.58676000000001,78.58676000000001 13.345985,78.58610833333333,78.58610833333333 13.347493333333334,78.58545666666667,78.58545666666667 13.349,78.58480333333333,78.58480333333333 13.350501666666666,78.58415,78.58415 13.351996666666667,78.58349499999998,78.58349499999998 13.353486666666667,78.58284,78.58284 13.35497,78.58218333333333,78.58218333333333 13.35645333333333,78.58152666666668,78.58152666666668 13.357933333333337,78.58086833333334,78.58086833333334 13.359409999999999,78.58021000000001,78.58021000000001 13.360886666666666,78.57955166666669,78.57955166666669 13.36236,78.57889166666666,78.57889166666666 13.363833333333332,78.57823166666668,78.57823166666668 13.365308333333333,78.57757166666666,78.57757166666666 13.366785000000002,78.57691166666667,78.57691166666667 13.368265000000001,78.57625166666668,78.57625166666668 13.36975,78.57559166666667,78.57559166666667 13.371236666666666,78.57493166666667,78.57493166666667 13.372721666666665,78.57427166666666,78.57427166666666 13.374208333333335,78.57361166666666,78.57361166666666 13.375695,78.57295166666667,78.57295166666667 13.37718,78.57229,78.57229 13.378663333333336,78.57162666666666,78.57162666666666 13.380141666666667,78.570965,78.570965 13.381618333333332,78.5703,78.5703 13.383094999999999,78.56963499999999,78.56963499999999 13.384568333333334,78.56897000000002,78.56897000000002 13.38604,78.568305,78.568305 13.387513333333334,78.56763666666666,78.56763666666666 13.388986666666664,78.56697,78.56697 13.390461666666665,78.56630166666667,78.56630166666667 13.391939999999998,78.56563333333334,78.56563333333334 13.393418333333333,78.56496333333332,78.56496333333332 13.394901666666666,78.56429333333334,78.56429333333334 13.396394999999998,78.56362333333333,78.56362333333333 13.397895,78.56295166666668,78.56295166666668 13.399401666666664,78.56228166666666,78.56228166666666 13.400918333333333,78.56161,78.56161 13.402445,78.56093999999999,78.56093999999999 13.403981666666668,78.56027,78.56027 13.405528333333333,78.55959999999999,78.55959999999999 13.407083333333333,78.55893,78.55893 13.408646666666668,78.55826333333333,78.55826333333333 13.410218333333333,78.557595,78.557595 13.411796666666664,78.55693000000001,78.55693000000001 13.413381666666664,78.556265,78.556265 13.414971666666668,78.5556,78.5556 13.416566666666665,78.55493666666666,78.55493666666666 13.418166666666666,78.554275,78.554275 13.419770000000002,78.55361333333333,78.55361333333333 13.421373333333333,78.55295166666667,78.55295166666667 13.422973333333335,78.55229,78.55229 13.424568333333331,78.55162833333334,78.55162833333334 13.426156666666667,78.55096666666667,78.55096666666667 13.427733333333332,78.55030499999998,78.55030499999998 13.429295000000002,78.54964166666667,78.54964166666667 13.430841666666666,78.54897666666666,78.54897666666666 13.432376666666668,78.54831166666666,78.54831166666666 13.433900000000001,78.54764666666667,78.54764666666667 13.435410000000003,78.54697999999999,78.54697999999999 13.436906666666669,78.54631499999999,78.54631499999999 13.438386666666668,78.54564833333333,78.54564833333333 13.439850000000002,78.54498166666666,78.54498166666666 13.441294999999998,78.54431333333333,78.54431333333333 13.442723333333333,78.54364500000001,78.54364500000001 13.444138333333335,78.542975,78.542975 13.445538333333332,78.542305,78.542305 13.446928333333334,78.54163499999999,78.54163499999999 13.448308333333335,78.54096333333334,78.54096333333334 13.449686666666667,78.54029,78.54029 13.45106333333333,78.53961833333332,78.53961833333332 13.452440000000003,78.53894500000001,78.53894500000001 13.45382,78.53827166666667,78.53827166666667 13.455205,78.53759833333334,78.53759833333334 13.456599999999998,78.53692500000001,78.53692500000001 13.458004999999998,78.53625333333333,78.53625333333333 13.459418333333334,78.53558,78.53558 13.46084,78.53490666666666,78.53490666666666 13.462275,78.53423500000001,78.53423500000001 13.463723333333332,78.533565,78.533565 13.465174999999999,78.53289333333335,78.53289333333335 13.466631666666668,78.53222333333333,78.53222333333333 13.468098333333332,78.53155166666667,78.53155166666667 13.469571666666665,78.53088,78.53088 13.471043333333334,78.53020833333332,78.53020833333332 13.47251666666667,78.52953500000001,78.52953500000001 13.473993333333333,78.52886166666667,78.52886166666667 13.475471666666666,78.52818666666667,78.52818666666667 13.47695,78.52751,78.52751 13.478431666666665,78.52683333333331,78.52683333333331 13.47991333333333,78.52615666666668,78.52615666666668 13.4814,78.52547999999999,78.52547999999999 13.482893333333333,78.52480333333332,78.52480333333332 13.484396666666665,78.52412833333332,78.52412833333332 13.485904999999999,78.52345166666666,78.52345166666666 13.487413333333334,78.52277666666666,78.52277666666666 13.488924999999997,78.52210333333335,78.52210333333335 13.490438333333335,78.52142833333335,78.52142833333335 13.491951666666667,78.52075499999998,78.52075499999998 13.493463333333333,78.52008166666667,78.52008166666667 13.494974999999998,78.51940833333333,78.51940833333333 13.496483333333334,78.51873666666668,78.51873666666668 13.497985000000002,78.51806333333334,78.51806333333334 13.499480000000002,78.51739,78.51739 13.500969999999997,78.51671666666667,78.51671666666667 13.502451666666666,78.51604333333333,78.51604333333333 13.50392833333333,78.51537,78.51537 13.505398333333336,78.51469666666667,78.51469666666667 13.506868333333333,78.51402500000002,78.51402500000002 13.508339999999997,78.51335333333334,78.51335333333334 13.509813333333332,78.51268166666667,78.51268166666667 13.511291666666667,78.51201166666668,78.51201166666668 13.512771666666666,78.51134166666667,78.51134166666667 13.51425333333333,78.51067333333333,78.51067333333333 13.515738333333337,78.51000333333332,78.51000333333332 13.517226666666666,78.50933166666667,78.50933166666667 13.518713333333336,78.50866166666665,78.50866166666665 13.520198333333335,78.50799,78.50799 13.52168333333333,78.50731666666667,78.50731666666667 13.523164999999999,78.50664333333334,78.50664333333334 13.52464,78.50596999999999,78.50596999999999 13.526113333333335,78.50529499999999,78.50529499999999 13.527584999999998,78.50461833333334,78.50461833333334 13.529060000000001,78.50394166666666,78.50394166666666 13.530538333333332,78.503265,78.503265 13.532021666666665,78.50258833333334,78.50258833333334 13.533506666666664,78.50191000000001,78.50191000000001 13.534993333333334,78.50123333333332,78.50123333333332 13.536485,78.50055666666668,78.50055666666668 13.537980000000001,78.49987999999999,78.49987999999999 13.539476666666667,78.49920333333333,78.49920333333333 13.540980000000001,78.49852666666666,78.49852666666666 13.542488333333333,78.49785,78.49785 13.543998333333331,78.497175,78.497175 13.545511666666668,78.4965,78.4965 13.547025,78.495825,78.495825 13.548538333333331,78.49515166666666,78.49515166666666 13.550051666666663,78.49447666666666,78.49447666666666 13.551565000000002,78.49380333333335,78.49380333333335 13.553080000000001,78.49313000000001,78.49313000000001 13.554598333333335,78.49245833333333,78.49245833333333 13.55612,78.491785,78.491785 13.557648333333335,78.49111166666667,78.49111166666667 13.559181666666667,78.49043999999999,78.49043999999999 13.56072,78.48976666666668,78.48976666666668 13.562263333333334,78.48909166666668,78.48909166666668 13.563813333333334,78.48841833333331,78.48841833333331 13.565366666666668,78.48774333333334,78.48774333333334 13.566923333333333,78.48706666666668,78.48706666666668 13.568484999999997,78.48639166666668,78.48639166666668 13.570049999999998,78.48571499999998,78.48571499999998 13.571615,78.48503666666666,78.48503666666666 13.573176666666665,78.48436,78.48436 13.57473666666667,78.48368333333333,78.48368333333333 13.57629166666667,78.483005,78.483005 13.577839999999998,78.48232666666667,78.48232666666667 13.57938,78.48165,78.48165 13.580915000000001,78.48097166666668,78.48097166666668 13.582440000000002,78.48029333333335,78.48029333333335 13.583958333333333,78.479615,78.479615 13.585468333333331,78.47893666666667,78.47893666666667 13.586973333333333,78.47825666666665,78.47825666666665 13.588471666666667,78.47757666666666,78.47757666666666 13.589968333333335,78.47689666666666,78.47689666666666 13.591465000000001,78.47621666666667,78.47621666666667 13.592960000000001,78.47553500000002,78.47553500000002 13.594458333333336,78.47485333333334,78.47485333333334 13.595961666666668,78.47417166666666,78.47417166666666 13.597473333333335,78.47348833333334,78.47348833333334 13.59899333333333,78.472805,78.472805 13.600519999999998,78.47212166666665,78.47212166666665 13.602053333333332,78.47143666666666,78.47143666666666 13.603595,78.47075,78.47075 13.605145,78.47006166666667,78.47006166666667 13.606701666666668,78.46937333333335,78.46937333333335 13.608263333333333,78.46868333333333,78.46868333333333 13.609829999999999,78.46799333333333,78.46799333333333 13.611396666666666,78.46730333333333,78.46730333333333 13.61296,78.46661,78.46661 13.61452,78.46591833333333,78.46591833333333 13.616069999999999,78.46522499999999,78.46522499999999 13.617611666666669,78.46453166666666,78.46453166666666 13.619140000000002,78.46383833333333,78.46383833333333 13.620660000000003,78.46314500000001,78.46314500000001 13.622168333333333,78.46245333333334,78.46245333333334 13.623668333333335,78.46176,78.46176 13.625160000000001,78.46106666666667,78.46106666666667 13.626646666666666,78.46037500000001,78.46037500000001 13.628129999999999,78.45968166666665,78.45968166666665 13.629605,78.45898833333335,78.45898833333335 13.631076666666669,78.45829333333333,78.45829333333333 13.632548333333332,78.45760000000001,78.45760000000001 13.634018333333332,78.45690500000002,78.45690500000002 13.63549,78.45620833333334,78.45620833333334 13.636966666666666,78.45551333333333,78.45551333333333 13.63845,78.45481833333334,78.45481833333334 13.639941666666667,78.45412166666668,78.45412166666668 13.641440000000001,78.45342666666667,78.45342666666667 13.642948333333333,78.45273166666665,78.45273166666665 13.644463333333332,78.45203666666666,78.45203666666666 13.645986666666666,78.45134333333334,78.45134333333334 13.64751666666667,78.45064833333332,78.45064833333332 13.649056666666668,78.44995499999999,78.44995499999999 13.650605,78.44926333333333,78.44926333333333 13.652156666666666,78.44857,78.44857 13.653711666666666,78.44787833333334,78.44787833333334 13.655268333333332,78.44718499999999,78.44718499999999 13.656826666666666,78.44649333333335,78.44649333333335 13.658383333333331,78.44580166666667,78.44580166666667 13.659939999999999,78.44510833333334,78.44510833333334 13.661498333333336,78.444415,78.444415 13.663053333333336,78.44372166666666,78.44372166666666 13.66460666666667,78.44302666666667,78.44302666666667 13.66616166666667,78.44233166666668,78.44233166666668 13.667711666666667,78.44163499999999,78.44163499999999 13.669258333333334,78.44093666666666,78.44093666666666 13.670801666666666,78.44023833333334,78.44023833333334 13.672343333333334,78.43954,78.43954 13.673879999999999,78.43884166666668,78.43884166666668 13.675413333333331,78.43814166666667,78.43814166666667 13.676945,78.43744333333333,78.43744333333333 13.678471666666667,78.43674499999999,78.43674499999999 13.679996666666666,78.43604666666667,78.43604666666667 13.681515000000003,78.43534666666666,78.43534666666666 13.683029999999999,78.43464666666668,78.43464666666668 13.684541666666666,78.43394500000001,78.43394500000001 13.686050000000002,78.43324166666667,78.43324166666667 13.687551666666666,78.43253833333334,78.43253833333334 13.689048333333334,78.431835,78.431835 13.690538333333333,78.43113000000001,78.43113000000001 13.692021666666669,78.43042666666668,78.43042666666668 13.693496666666666,78.42972166666668,78.42972166666668 13.694966666666668,78.42901666666666,78.42901666666666 13.696433333333335,78.42831166666666,78.42831166666666 13.697901666666668,78.42760666666666,78.42760666666666 13.699369999999998,78.42690333333333,78.42690333333333 13.700843333333333,78.4262,78.4262 13.702320000000002,78.42549833333335,78.42549833333335 13.703801666666667,78.42479499999999,78.42479499999999 13.705285,78.42409333333335,78.42409333333335 13.706768333333333,78.42339333333334,78.42339333333334 13.708261666666665,78.42269333333334,78.42269333333334 13.709761666666667,78.42199333333333,78.42199333333333 13.711264999999997,78.42129666666665,78.42129666666665 13.712778333333333,78.4206,78.4206 13.714305000000003,78.419905,78.419905 13.715848333333335,78.41921166666665,78.41921166666665 13.717400000000001,78.41852000000002,78.41852000000002 13.718956666666667,78.41782833333333,78.41782833333333 13.720516666666665,78.41714000000002,78.41714000000002 13.722080000000002,78.41645,78.41645 13.723643333333333,78.41576166666668,78.41576166666668 13.725206666666667,78.41507333333332,78.41507333333332 13.72677333333333,78.41438666666667,78.41438666666667 13.728341666666665,78.4137,78.4137 13.72991,78.41301333333334,78.41301333333334 13.731478333333332,78.41232833333335,78.41232833333335 13.733041666666669,78.41164333333332,78.41164333333332 13.734600000000002,78.41095833333334,78.41095833333334 13.736155000000002,78.41027333333332,78.41027333333332 13.737705000000002,78.40958833333335,78.40958833333335 13.739248333333334,78.40890333333333,78.40890333333333 13.740786666666668,78.40821666666669,78.40821666666669 13.742323333333331,78.40753166666666,78.40753166666666 13.743853333333334,78.406845,78.406845 13.745378333333333,78.40615833333334,78.40615833333334 13.7469,78.40547166666667,78.40547166666667 13.748416666666666,78.40478499999999,78.40478499999999 13.749926666666667,78.40409833333332,78.40409833333332 13.751434999999999,78.40341166666667,78.40341166666667 13.75294,78.40272333333334,78.40272333333334 13.754444999999997,78.40203666666666,78.40203666666666 13.755949999999999,78.40134833333333,78.40134833333333 13.757458333333334,78.40066166666666,78.40066166666666 13.75897,78.39997333333335,78.39997333333335 13.760483333333331,78.39928499999999,78.39928499999999 13.762,78.39859666666668,78.39859666666668 13.763518333333332,78.39790833333332,78.39790833333332 13.765035,78.39722,78.39722 13.766555000000002,78.39653333333334,78.39653333333334 13.768078333333335,78.395845,78.395845 13.769606666666668,78.39515833333333,78.39515833333333 13.771135,78.39447166666666,78.39447166666666 13.772666666666666,78.39378500000001,78.39378500000001 13.774201666666666,78.3931,78.3931 13.775738333333335,78.392415,78.392415 13.777266666666666,78.39173000000001,78.39173000000001 13.778791666666665,78.391045,78.391045 13.780313333333332,78.39036,78.39036 13.781831666666669,78.38967666666667,78.38967666666667 13.783348333333333,78.38899166666667,78.38899166666667 13.78486666666667,78.38830833333333,78.38830833333333 13.786386666666665,78.387625,78.387625 13.787908333333332,78.38694166666669,78.38694166666669 13.789430000000001,78.38625833333334,78.38625833333334 13.790951666666668,78.38557666666667,78.38557666666667 13.792473333333334,78.384895,78.384895 13.79399,78.38421166666666,78.38421166666666 13.795501666666668,78.38353000000001,78.38353000000001 13.797006666666666,78.38284666666667,78.38284666666667 13.798506666666666,78.38216333333334,78.38216333333334 13.800001666666667,78.38148,78.38148 13.801493333333333,78.38079666666665,78.38079666666665 13.80298,78.38011333333334,78.38011333333334 13.804465000000002,78.37942833333332,78.37942833333332 13.805945000000001,78.37874,78.37874 13.807425,78.37805166666668,78.37805166666668 13.808901666666667,78.37736166666666,78.37736166666666 13.810373333333333,78.37666833333333,78.37666833333333 13.811839999999998,78.375975,78.375975 13.813303333333332,78.37527833333333,78.37527833333333 13.814763333333334,78.37458000000001,78.37458000000001 13.816221666666669,78.37388166666666,78.37388166666666 13.817678333333335,78.37318166666668,78.37318166666668 13.819131666666667,78.37248166666667,78.37248166666667 13.820581666666666,78.37178166666666,78.37178166666666 13.822026666666668,78.37107999999999,78.37107999999999 13.823471666666666,78.37038,78.37038 13.824914999999997,78.36967999999999,78.36967999999999 13.826365,78.36897833333335,78.36897833333335 13.827823333333333,78.36827833333334,78.36827833333334 13.829288333333333,78.36757999999999,78.36757999999999 13.830760000000001,78.36688000000001,78.36688000000001 13.832241666666667,78.36618333333332,78.36618333333332 13.833731666666665,78.36548666666665,78.36548666666665 13.835228333333337,78.36479,78.36479 13.836728333333333,78.36409333333334,78.36409333333334 13.838235,78.36339833333334,78.36339833333334 13.839745,78.362705,78.362705 13.841261666666666,78.36200999999998,78.36200999999998 13.842781666666669,78.36131666666667,78.36131666666667 13.84431,78.36062333333334,78.36062333333334 13.845846666666667,78.35993166666667,78.35993166666667 13.847393333333333,78.35923999999999,78.35923999999999 13.848949999999999,78.35855000000001,78.35855000000001 13.850516666666664,78.35786166666668,78.35786166666668 13.852088333333333,78.35717333333334,78.35717333333334 13.853665000000001,78.35648666666667,78.35648666666667 13.855244999999996,78.35580166666666,78.35580166666666 13.856826666666667,78.35511666666667,78.35511666666667 13.858406666666665,78.35443333333333,78.35443333333333 13.859981666666666,78.35374999999999,78.35374999999999 13.861553333333331,78.35306833333334,78.35306833333334 13.86312,78.35238666666667,78.35238666666667 13.86468,78.35170666666666,78.35170666666666 13.866235,78.35102666666667,78.35102666666667 13.867780000000002,78.35034666666668,78.35034666666668 13.86932,78.34966666666666,78.34966666666666 13.87085,78.34898666666666,78.34898666666666 13.872371666666668,78.34830666666667,78.34830666666667 13.873885,78.34762833333332,78.34762833333332 13.875388333333333,78.34694999999999,78.34694999999999 13.876880000000003,78.34627333333333,78.34627333333333 13.878363333333333,78.34559833333333,78.34559833333333 13.879835,78.34492833333334,78.34492833333334 13.881293333333334,78.34426,78.34426 13.882740000000002,78.34359500000001,78.34359500000001 13.884178333333333,78.34293333333333,78.34293333333333 13.885601666666664,78.34227333333334,78.34227333333334 13.88701166666667,78.34161666666667,78.34161666666667 13.888411666666666,78.34096166666667,78.34096166666667 13.8898,78.34030999999999,78.34030999999999 13.89118,78.33966166666669,78.33966166666669 13.892551666666668,78.33901666666668,78.33901666666668 13.893918333333334,78.338375,78.338375 13.895290000000001,78.33773666666666,78.33773666666666 13.89668,78.33710500000001,78.33710500000001 13.898113333333335,78.33647833333333,78.33647833333333 13.899611666666665,78.33585833333333,78.33585833333333 13.901184999999996,78.33525,78.33525 13.902836666666667,78.33465166666666,78.33465166666666 13.904568333333335,78.33406500000001,78.33406500000001 13.906385000000002,78.33349333333334,78.33349333333334 13.908288333333335,78.33293499999999,78.33293499999999 13.910283333333334,78.332395,78.332395 13.912365,78.33187333333333,78.33187333333333 13.914526666666665,78.33137,78.33137 13.916761666666664,78.33088333333335,78.33088333333335 13.919065,78.33041499999999,78.33041499999999 13.921438333333334,78.32996499999999,78.32996499999999 13.923886666666665,78.329535,78.329535 13.926409999999999,78.32912499999999,78.32912499999999 13.92901166666667,78.32873666666667,78.32873666666667 13.931686666666668,78.32837166666667,78.32837166666667 13.934426666666667,78.32802666666666,78.32802666666666 13.937230000000001,78.32770333333332,78.32770333333332 13.940098333333333,78.32740333333332,78.32740333333332 13.943031666666666,78.32712666666666,78.32712666666666 13.946016666666667,78.32687166666666,78.32687166666666 13.949048333333332,78.32663833333334,78.32663833333334 13.952123333333335,78.32642666666668,78.32642666666668 13.955233333333334,78.326235,78.326235 13.95837166666667,78.32606333333334,78.32606333333334 13.961525,78.32590833333333,78.32590833333333 13.964681666666669,78.32576333333334,78.32576333333334 13.967838333333336,78.32562666666666,78.32562666666666 13.970991666666666,78.32549666666668,78.32549666666668 13.974143333333334,78.32537,78.32537 13.977291666666668,78.32524333333335,78.32524333333335 13.980438333333332,78.32511833333334,78.32511833333334 13.983583333333335,78.324995,78.324995 13.986721666666664,78.32486999999999,78.32486999999999 13.989858333333332,78.32474333333333,78.32474333333333 13.992988333333335,78.32461333333335,78.32461333333335 13.996113333333334,78.32448,78.32448 13.999231666666667,78.32434333333335,78.32434333333335 14.002340000000002,78.32420166666668,78.32420166666668 14.005435,78.32405166666668,78.32405166666668 14.008513333333333,78.32389666666667,78.32389666666667 14.011576666666668,78.32373500000001,78.32373500000001 14.014625,78.32356833333334,78.32356833333334 14.01766,78.32339499999999,78.32339499999999 14.020683333333332,78.32321499999999,78.32321499999999 14.02369666666667,78.32303166666668,78.32303166666668 14.026706666666666,78.322845,78.322845 14.029716666666664,78.32265666666667,78.32265666666667 14.032735,78.32247000000001,78.32247000000001 14.035760000000002,78.32228833333335,78.32228833333335 14.038793333333334,78.32211166666666,78.32211166666666 14.041838333333333,78.32193833333334,78.32193833333334 14.044895,78.32177166666666,78.32177166666666 14.047965,78.32160833333333,78.32160833333333 14.051044999999998,78.32144666666667,78.32144666666667 14.054133333333333,78.32128666666668,78.32128666666668 14.057231666666665,78.32112666666667,78.32112666666667 14.060336666666668,78.32096499999999,78.32096499999999 14.063453333333333,78.320805,78.320805 14.066578333333332,78.320645,78.320645 14.069716666666665,78.32048833333334,78.32048833333334 14.072865000000002,78.320335,78.320335 14.07602166666667,78.32018500000002,78.32018500000002 14.079183333333331,78.32003500000002,78.32003500000002 14.08234666666667,78.31988833333334,78.31988833333334 14.085508333333332,78.31974166666667,78.31974166666667 14.088664999999999,78.31959333333333,78.31959333333333 14.09182,78.31944499999999,78.31944499999999 14.094971666666668,78.31929833333334,78.31929833333334 14.098121666666668,78.31915333333333,78.31915333333333 14.101271666666666,78.31900833333334,78.31900833333334 14.104423333333333,78.31886166666666,78.31886166666666 14.10758,78.31871666666665,78.31871666666665 14.110739999999998,78.31857166666666,78.31857166666666 14.113898333333337,78.31842999999999,78.31842999999999 14.117048333333333,78.31828666666667,78.31828666666667 14.120186666666665,78.318145,78.318145 14.123311666666664,78.318005,78.318005 14.126424999999998,78.317865,78.317865 14.129526666666667,78.31772333333333,78.31772333333333 14.132613333333333,78.31758166666667,78.31758166666667 14.135686666666667,78.31743833333333,78.31743833333333 14.138746666666668,78.31729000000001,78.31729000000001 14.141788333333333,78.31713666666666,78.31713666666666 14.144816666666667,78.31697999999999,78.31697999999999 14.147835,78.31682333333333,78.31682333333333 14.150843333333333,78.316665,78.316665 14.153846666666668,78.316505,78.316505 14.156841666666665,78.316345,78.316345 14.15983,78.31618166666668,78.31618166666668 14.162810000000002,78.31601500000001,78.31601500000001 14.165775,78.31584833333334,78.31584833333334 14.168723333333332,78.31568,78.31568 14.171648333333335,78.31550833333334,78.31550833333334 14.17455333333333,78.31533666666665,78.31533666666665 14.177441666666667,78.31516333333333,78.31516333333333 14.18032166666667,78.31499166666667,78.31499166666667 14.183195000000001,78.31482166666666,78.31482166666666 14.186061666666667,78.31465333333334,78.31465333333334 14.188916666666668,78.31448666666667,78.31448666666667 14.191763333333332,78.31431833333333,78.31431833333333 14.194595,78.31415166666666,78.31415166666666 14.197421666666665,78.31398333333333,78.31398333333333 14.200248333333333,78.31381666666665,78.31381666666665 14.203075,78.31365000000001,78.31365000000001 14.205903333333334,78.31348166666668,78.31348166666668 14.20873333333333,78.313315,78.313315 14.211565,78.31315,78.31315 14.214400000000001,78.31298500000001,78.31298500000001 14.217233333333334,78.31282,78.31282 14.220066666666666,78.31265666666667,78.31265666666667 14.2229,78.31249833333334,78.31249833333334 14.225736666666668,78.31234166666667,78.31234166666667 14.228571666666669,78.31218666666668,78.31218666666668 14.231404999999999,78.31203333333333,78.31203333333333 14.234238333333336,78.31188333333333,78.31188333333333 14.237073333333333,78.31173666666668,78.31173666666668 14.239911666666668,78.31159,78.31159 14.242753333333333,78.311445,78.311445 14.245600000000001,78.31129833333334,78.31129833333334 14.24845,78.31115333333335,78.31115333333335 14.251303333333333,78.31101,78.31101 14.254151666666665,78.31087000000002,78.31087000000002 14.256993333333332,78.31072833333333,78.31072833333333 14.259821666666667,78.31058833333333,78.31058833333333 14.26264,78.31044833333333,78.31044833333333 14.26545,78.31030833333332,78.31030833333332 14.268258333333332,78.31017000000001,78.31017000000001 14.271066666666666,78.31003333333334,78.31003333333334 14.273878333333334,78.30989500000001,78.30989500000001 14.276691666666666,78.309755,78.309755 14.279511666666666,78.309615,78.309615 14.28234,78.30947333333333,78.30947333333333 14.285178333333333,78.30933166666667,78.30933166666667 14.288026666666669,78.30918833333334,78.30918833333334 14.290886666666665,78.30904333333332,78.30904333333332 14.293751666666667,78.30889333333332,78.30889333333332 14.29662,78.30874,78.30874 14.299491666666665,78.30858333333335,78.30858333333335 14.302368333333334,78.30842666666668,78.30842666666668 14.305244999999998,78.30826833333333,78.30826833333333 14.308118333333335,78.30810666666667,78.30810666666667 14.310994999999998,78.30794166666666,78.30794166666666 14.313876666666667,78.30778000000001,78.30778000000001 14.316766666666668,78.30762166666666,78.30762166666666 14.319655000000001,78.307465,78.307465 14.32254333333333,78.30731166666666,78.30731166666666 14.325435,78.30716166666667,78.30716166666667 14.328331666666667,78.30701666666668,78.30701666666668 14.331233333333335,78.30687666666665,78.30687666666665 14.334135,78.30674,78.30674 14.337033333333334,78.30660666666667,78.30660666666667 14.339933333333335,78.306475,78.306475 14.342831666666665,78.30634333333334,78.30634333333334 14.345728333333334,78.30621333333333,78.30621333333333 14.348626666666666,78.30608166666667,78.30608166666667 14.351526666666665,78.30595000000001,78.30595000000001 14.354428333333333,78.30581666666667,78.30581666666667 14.357330000000001,78.30568166666666,78.30568166666666 14.360225,78.30554,78.30554 14.363115,78.30539,78.30539 14.365995,78.30523333333335,78.30523333333335 14.368866666666667,78.30507166666666,78.30507166666666 14.371728333333333,78.30490499999999,78.30490499999999 14.37458333333333,78.30473333333333,78.30473333333333 14.377434999999998,78.30455833333335,78.30455833333335 14.380281666666669,78.30438333333333,78.30438333333333 14.383125,78.30420833333334,78.30420833333334 14.385965,78.30403666666668,78.30403666666668 14.388803333333332,78.30386833333334,78.30386833333334 14.391639999999999,78.30370333333333,78.30370333333333 14.394476666666664,78.30354166666666,78.30354166666666 14.397318333333333,78.30338666666665,78.30338666666665 14.400161666666667,78.30323499999999,78.30323499999999 14.403008333333332,78.30309,78.30309 14.405853333333335,78.30294833333333,78.30294833333333 14.408690000000002,78.302805,78.302805 14.411523333333331,78.30266333333334,78.30266333333334 14.414358333333332,78.30252333333333,78.30252333333333 14.417193333333334,78.30238833333333,78.30238833333333 14.420029999999999,78.302255,78.302255 14.422863333333332,78.30212166666668,78.30212166666668 14.425686666666666,78.30198666666666,78.30198666666666 14.428501666666667,78.30185,78.30185 14.431311666666666,78.30171666666668,78.30171666666668 14.434113333333336,78.30158499999999,78.30158499999999 14.436906666666669,78.301455,78.301455 14.43969,78.30132666666667,78.30132666666667 14.442461666666668,78.30120000000001,78.30120000000001 14.445221666666665,78.30107333333333,78.30107333333333 14.447970000000003,78.30094666666668,78.30094666666668 14.450703333333337,78.30081833333334,78.30081833333334 14.453425,78.30068833333334,78.30068833333334 14.456135,78.30055833333333,78.30055833333333 14.458838333333333,78.300425,78.300425 14.461536666666666,78.30028999999999,78.30028999999999 14.464231666666667,78.30015166666668,78.30015166666668 14.466925000000002,78.30001000000001,78.30001000000001 14.469614999999997,78.29986666666666,78.29986666666666 14.472298333333333,78.29971999999998,78.29971999999998 14.474978333333334,78.29957333333333,78.29957333333333 14.477655,78.299425,78.299425 14.480328333333334,78.29927666666669,78.29927666666669 14.482999999999999,78.29912833333331,78.29912833333331 14.485669999999999,78.29898333333333,78.29898333333333 14.488336666666665,78.29884166666666,78.29884166666666 14.491001666666667,78.29870333333332,78.29870333333332 14.493666666666664,78.29857,78.29857 14.496336666666664,78.29844166666666,78.29844166666666 14.499009999999998,78.29831833333333,78.29831833333333 14.501686666666666,78.29819499999999,78.29819499999999 14.50436833333333,78.298075,78.298075 14.507055,78.29795500000002,78.29795500000002 14.509746666666668,78.29784,78.29784 14.512436666666668,78.29772666666666,78.29772666666666 14.515116666666664,78.297615,78.297615 14.51778,78.29750666666668,78.29750666666668 14.520433333333337,78.29740166666667,78.29740166666667 14.523073333333333,78.2973,78.2973 14.525698333333331,78.29720166666667,78.29720166666667 14.528306666666666,78.29710333333334,78.29710333333334 14.530891666666665,78.29700000000001,78.29700000000001 14.533450000000002,78.29689166666667,78.29689166666667 14.535981666666666,78.29678,78.29678 14.538493333333333,78.29666999999999,78.29666999999999 14.540983333333335,78.29655666666666,78.29655666666666 14.543446666666666,78.29643833333334,78.29643833333334 14.54588666666667,78.29631666666667,78.29631666666667 14.548311666666667,78.29619166666666,78.29619166666666 14.550726666666664,78.29606999999999,78.29606999999999 14.55314,78.29595,78.29595 14.555553333333334,78.29583500000001,78.29583500000001 14.557971666666667,78.29572333333334,78.29572333333334 14.560391666666664,78.29561333333334,78.29561333333334 14.562816666666667,78.29550333333333,78.29550333333333 14.565248333333331,78.29538833333334,78.29538833333334 14.567684999999999,78.29527166666668,78.29527166666668 14.570121666666669,78.29514666666667,78.29514666666667 14.572558333333332,78.29501666666665,78.29501666666665 14.574995000000001,78.29487833333332,78.29487833333332 14.577428333333335,78.29473166666666,78.29473166666666 14.57986,78.29457666666669,78.29457666666669 14.582281666666665,78.29441166666668,78.29441166666668 14.584696666666664,78.29423833333333,78.29423833333333 14.587103333333335,78.29406000000002,78.29406000000002 14.589511666666667,78.29388,78.29388 14.591918333333336,78.2937,78.2937 14.594323333333332,78.29352,78.29352 14.596726666666667,78.29334166666665,78.29334166666665 14.599120000000001,78.293165,78.293165 14.601499999999998,78.29298666666666,78.29298666666666 14.603863333333333,78.29280833333334,78.29280833333334 14.606216666666667,78.29263,78.29263 14.608568333333336,78.29245666666668,78.29245666666668 14.610925,78.29228499999999,78.29228499999999 14.613288333333331,78.29211833333335,78.29211833333335 14.615653333333332,78.29195333333334,78.29195333333334 14.618021666666667,78.29178833333333,78.29178833333333 14.620391666666666,78.29162333333335,78.29162333333335 14.62277,78.29146166666666,78.29146166666666 14.625161666666667,78.29130333333332,78.29130333333332 14.627566666666667,78.29115166666666,78.29115166666666 14.629986666666666,78.29100833333334,78.29100833333334 14.63242166666667,78.29087333333334,78.29087333333334 14.634868333333335,78.29074833333335,78.29074833333335 14.637318333333333,78.29062999999998,78.29062999999998 14.639769999999999,78.29051500000001,78.29051500000001 14.64222,78.29040499999998,78.29040499999998 14.644665000000003,78.29029166666665,78.29029166666665 14.647103333333332,78.29017833333334,78.29017833333334 14.649535,78.29006,78.29006 14.651963333333333,78.28994,78.28994 14.654391666666667,78.28981666666667,78.28981666666667 14.656825,78.28969333333333,78.28969333333333 14.659261666666664,78.28956833333335,78.28956833333335 14.661701666666668,78.28943833333332,78.28943833333332 14.664141666666668,78.28930499999998,78.28930499999998 14.666581666666666,78.28916666666667,78.28916666666667 14.669021666666666,78.28902500000001,78.28902500000001 14.671465000000001,78.28888333333332,78.28888333333332 14.673910000000001,78.28874833333333,78.28874833333333 14.676358333333335,78.28862000000001,78.28862000000001 14.678801666666669,78.288495,78.288495 14.681236666666667,78.28837166666666,78.28837166666666 14.683668333333332,78.28825166666667,78.28825166666667 14.686098333333334,78.28813500000001,78.28813500000001 14.68853666666667,78.288025,78.288025 14.690976666666666,78.28792166666666,78.28792166666666 14.693416666666668,78.28782,78.28782 14.69585,78.28771666666667,78.28771666666667 14.698283333333332,78.28761500000002,78.28761500000002 14.700711666666667,78.28751500000001,78.28751500000001 14.703136666666667,78.287415,78.287415 14.705556666666668,78.28731666666665,78.28731666666665 14.707970000000001,78.28721666666667,78.28721666666667 14.710376666666667,78.287115,78.287115 14.712776666666665,78.28701333333333,78.28701333333333 14.715168333333335,78.28690999999999,78.28690999999999 14.717548333333333,78.28680166666665,78.28680166666665 14.719913333333334,78.28668833333332,78.28668833333332 14.722263333333334,78.28657166666666,78.28657166666666 14.72460166666667,78.28645166666666,78.28645166666666 14.726926666666667,78.28633333333335,78.28633333333335 14.729241666666667,78.28621333333334,78.28621333333334 14.731550000000002,78.28609166666666,78.28609166666666 14.733855000000002,78.28597166666667,78.28597166666667 14.736158333333332,78.28585166666666,78.28585166666666 14.738463333333334,78.28573166666668,78.28573166666668 14.740775000000001,78.28561499999999,78.28561499999999 14.743098333333334,78.28549833333334,78.28549833333334 14.745433333333336,78.28538333333333,78.28538333333333 14.747775,78.28526666666667,78.28526666666667 14.750126666666665,78.28515000000002,78.28515000000002 14.752493333333332,78.28503333333333,78.28503333333333 14.754863333333335,78.28491500000001,78.28491500000001 14.757238333333333,78.284795,78.284795 14.759618333333334,78.28467500000001,78.28467500000001 14.761996666666667,78.284555,78.284555 14.764373333333333,78.28443499999999,78.28443499999999 14.766744999999998,78.284315,78.284315 14.769111666666667,78.28419666666667,78.28419666666667 14.771475000000002,78.28407833333335,78.28407833333335 14.773838333333332,78.28396333333333,78.28396333333333 14.776203333333335,78.28384833333334,78.28384833333334 14.778575,78.28373333333334,78.28373333333334 14.780949999999999,78.28361666666666,78.28361666666666 14.783330000000001,78.28349666666666,78.28349666666666 14.785721666666666,78.28337666666665,78.28337666666665 14.788124999999997,78.28325333333335,78.28325333333335 14.790531666666668,78.28312833333334,78.28312833333334 14.792941666666666,78.28299833333332,78.28299833333332 14.795354999999999,78.28286666666666,78.28286666666666 14.797768333333332,78.28273166666668,78.28273166666668 14.800175000000003,78.282595,78.282595 14.802576666666669,78.282455,78.282455 14.804976666666667,78.282315,78.282315 14.807375000000002,78.28217500000001,78.28217500000001 14.809778333333334,78.282035,78.282035 14.812181666666666,78.28189333333333,78.28189333333333 14.814586666666667,78.28174833333334,78.28174833333334 14.816993333333334,78.28160333333335,78.28160333333335 14.819406666666666,78.28146,78.28146 14.821825,78.28131666666667,78.28131666666667 14.824248333333331,78.281175,78.281175 14.826676666666666,78.28103666666667,78.28103666666667 14.829108333333334,78.28090166666665,78.28090166666665 14.831538333333333,78.28077166666667,78.28077166666667 14.833971666666665,78.28064499999999,78.28064499999999 14.8364,78.28052166666666,78.28052166666666 14.838823333333334,78.2804,78.2804 14.841235,78.28027999999999,78.28027999999999 14.843638333333333,78.280165,78.280165 14.846028333333333,78.28005499999999,78.28005499999999 14.848406666666666,78.27995,78.27995 14.850775,78.27984666666666,78.27984666666666 14.853128333333334,78.27975,78.27975 14.855465,78.27965166666665,78.27965166666665 14.857791666666667,78.27955333333334,78.27955333333334 14.86011,78.27945333333332,78.27945333333332 14.862426666666666,78.27935500000001,78.27935500000001 14.864741666666665,78.27925333333333,78.27925333333333 14.867053333333333,78.27914833333331,78.27914833333331 14.869361666666668,78.27903833333333,78.27903833333333 14.871663333333332,78.278925,78.278925 14.87396,78.27880833333334,78.27880833333334 14.876253333333334,78.27869,78.27869 14.878541666666669,78.27856833333334,78.27856833333334 14.880826666666668,78.27844666666667,78.27844666666667 14.883108333333332,78.27832333333333,78.27832333333333 14.885380000000001,78.27820166666667,78.27820166666667 14.887636666666666,78.27808499999999,78.27808499999999 14.889876666666666,78.27796833333333,78.27796833333333 14.892108333333331,78.27785666666666,78.27785666666666 14.89433,78.277745,78.277745 14.896543333333334,78.27763499999999,78.27763499999999 14.898743333333334,78.27752166666669,78.27752166666669 14.90093,78.27740833333336,78.27740833333336 14.903106666666668,78.27729166666667,78.27729166666667 14.905274999999998,78.27716833333334,78.27716833333334 14.907434999999998,78.27704333333332,78.27704333333332 14.909588333333332,78.27691833333333,78.27691833333333 14.911741666666668,78.27679333333334,78.27679333333334 14.913891666666666,78.27666999999998,78.27666999999998 14.916038333333331,78.27655,78.27655 14.918181666666666,78.27643166666667,78.27643166666667 14.920318333333334,78.27631333333335,78.27631333333335 14.922445000000002,78.276195,78.276195 14.924566666666665,78.27607499999999,78.27607499999999 14.926686666666669,78.27595666666666,78.27595666666666 14.928806666666665,78.27584,78.27584 14.930928333333334,78.27572500000001,78.27572500000001 14.93305,78.27560833333335,78.27560833333335 14.93517,78.27548833333334,78.27548833333334 14.937291666666665,78.27536333333335,78.27536333333335 14.939413333333334,78.27523166666666,78.27523166666666 14.941541666666668,78.27509499999998,78.27509499999998 14.943676666666665,78.27495666666667,78.27495666666667 14.945821666666665,78.27481666666667,78.27481666666667 14.947976666666666,78.27467666666666,78.27467666666666 14.950141666666665,78.27453833333335,78.27453833333335 14.952315,78.274405,78.274405 14.954486666666666,78.27427666666668,78.27427666666668 14.956655,78.27415500000001,78.27415500000001 14.958823333333333,78.27403500000001,78.27403500000001 14.960981666666664,78.27391666666666,78.27391666666666 14.96313,78.27379833333332,78.27379833333332 14.965271666666668,78.27367666666667,78.27367666666667 14.967408333333331,78.27355500000002,78.27355500000002 14.969541666666665,78.27343166666665,78.27343166666665 14.971669999999998,78.27330666666667,78.27330666666667 14.973790000000001,78.27318000000001,78.27318000000001 14.975901666666669,78.27305166666667,78.27305166666667 14.97800166666667,78.27292333333332,78.27292333333332 14.980098333333336,78.27279333333333,78.27279333333333 14.982181666666667,78.27266333333334,78.27266333333334 14.984259999999999,78.27253333333334,78.27253333333334 14.986336666666666,78.27240166666668,78.27240166666668 14.988411666666664,78.27226833333334,78.27226833333334 14.99049,78.27213333333333,78.27213333333333 14.992574999999999,78.27199833333334,78.27199833333334 14.994671666666665,78.27186499999999,78.27186499999999 14.996781666666667,78.271735,78.271735 14.998903333333333,78.27160833333333,78.27160833333333 15.001035000000002,78.27148333333334,78.27148333333334 15.003169999999999,78.27136166666665,78.27136166666665 15.005311666666667,78.271245,78.271245 15.007461666666666,78.27113166666666,78.27113166666666 15.009616666666666,78.27102,78.27102 15.011778333333332,78.27091333333334,78.27091333333334 15.013945,78.27080833333333,78.27080833333333 15.016118333333335,78.270705,78.270705 15.018293333333336,78.27060166666668,78.27060166666668 15.020473333333332,78.27049666666667,78.27049666666667 15.02266,78.27038833333333,78.27038833333333 15.024858333333334,78.27027833333332,78.27027833333332 15.027066666666666,78.27016666666665,78.27016666666665 15.029288333333334,78.27005500000001,78.27005500000001 15.031521666666666,78.26994666666667,78.26994666666667 15.03376,78.26984000000002,78.26984000000002 15.035998333333337,78.26973000000001,78.26973000000001 15.038231666666665,78.26962166666667,78.26962166666667 15.040455000000001,78.26951166666666,78.26951166666666 15.042668333333333,78.26939999999999,78.26939999999999 15.044871666666667,78.26929,78.26929 15.047071666666666,78.26917833333333,78.26917833333333 15.04927,78.26906666666666,78.26906666666666 15.051471666666666,78.26895499999999,78.26895499999999 15.053668333333334,78.26884166666666,78.26884166666666 15.055863333333331,78.26872833333333,78.26872833333333 15.058065,78.26861166666666,78.26861166666666 15.060266666666667,78.26849333333334,78.26849333333334 15.062468333333333,78.26837,78.26837 15.064671666666666,78.26824666666667,78.26824666666667 15.066875,78.26812333333335,78.26812333333335 15.06907333333333,78.26799833333332,78.26799833333332 15.071266666666668,78.267875,78.267875 15.073451666666665,78.26775166666667,78.26775166666667 15.075625,78.267625,78.267625 15.077790000000002,78.2675,78.2675 15.079948333333334,78.26737166666666,78.26737166666666 15.082105000000002,78.26724166666665,78.26724166666665 15.084256666666667,78.26710833333333,78.26710833333333 15.086411666666667,78.266975,78.266975 15.088570000000002,78.26684166666666,78.26684166666666 15.090733333333333,78.26671,78.26671 15.092896666666663,78.26657833333334,78.26657833333334 15.095058333333334,78.26644833333333,78.26644833333333 15.097213333333332,78.26631833333333,78.26631833333333 15.099361666666669,78.26619000000001,78.26619000000001 15.101505000000003,78.26606333333334,78.26606333333334 15.103641666666666,78.26593666666666,78.26593666666666 15.105766666666666,78.26581,78.26581 15.107881666666666,78.265685,78.265685 15.109984999999998,78.26556,78.26556 15.112079999999999,78.26543333333333,78.26543333333333 15.114168333333335,78.26530666666666,78.26530666666666 15.116253333333335,78.26517833333334,78.26517833333334 15.118341666666666,78.26505,78.26505 15.120431666666665,78.26492,78.26492 15.122528333333332,78.26479166666665,78.26479166666665 15.124628333333332,78.26466166666668,78.26466166666668 15.126736666666666,78.264535,78.264535 15.128853333333332,78.26441333333334,78.26441333333334 15.130978333333335,78.26429666666665,78.26429666666665 15.133109999999999,78.26418333333332,78.26418333333332 15.135245000000003,78.26407166666665,78.26407166666665 15.137381666666666,78.26396333333334,78.26396333333334 15.139520000000001,78.26385666666667,78.26385666666667 15.141656666666666,78.26374999999999,78.26374999999999 15.143791666666667,78.263645,78.263645 15.145925,78.26354,78.26354 15.148056666666664,78.26343333333332,78.26343333333332 15.150183333333333,78.263325,78.263325 15.152306666666666,78.26321666666665,78.26321666666665 15.154433333333333,78.26311,78.26311 15.156563333333336,78.263005,78.263005 15.158695,78.26290333333333,78.26290333333333 15.160829999999997,78.26280333333335,78.26280333333335 15.162963333333334,78.262705,78.262705 15.165096666666665,78.262605,78.262605 15.167224999999998,78.26250166666667,78.26250166666667 15.169346666666668,78.26239666666666,78.26239666666666 15.171465,78.26228833333332,78.26228833333332 15.173578333333335,78.26217499999998,78.26217499999998 15.175688333333333,78.26205999999999,78.26205999999999 15.177791666666668,78.26194166666667,78.26194166666667 15.179888333333334,78.26182000000001,78.26182000000001 15.181976666666666,78.26169666666665,78.26169666666665 15.184056666666667,78.26157166666667,78.26157166666667 15.186133333333332,78.26144666666667,78.26144666666667 15.188208333333334,78.261325,78.261325 15.190284999999998,78.26120666666667,78.26120666666667 15.192363333333333,78.26109333333333,78.26109333333333 15.194443333333334,78.26098333333333,78.26098333333333 15.196523333333335,78.26087666666666,78.26087666666666 15.198603333333333,78.26077333333333,78.26077333333333 15.200679999999998,78.26067,78.26067 15.202749999999998,78.26056666666666,78.26056666666666 15.204811666666668,78.260465,78.260465 15.206868333333334,78.26036333333333,78.26036333333333 15.208921666666667,78.26026166666668,78.26026166666668 15.210971666666667,78.26015999999998,78.26015999999998 15.213019999999998,78.26005833333333,78.26005833333333 15.215066666666667,78.25995833333333,78.25995833333333 15.21711666666667,78.259855,78.259855 15.219170000000002,78.25975,78.25975 15.221226666666666,78.25964166666665,78.25964166666665 15.223288333333334,78.25952999999998,78.25952999999998 15.225349999999999,78.25941833333331,78.25941833333331 15.227411666666667,78.25930499999998,78.25930499999998 15.229474999999999,78.25918999999999,78.25918999999999 15.231535,78.25907666666666,78.25907666666666 15.233588333333334,78.25896166666666,78.25896166666666 15.235636666666666,78.25884666666667,78.25884666666667 15.237681666666667,78.25873333333334,78.25873333333334 15.239724999999998,78.25862000000001,78.25862000000001 15.241766666666669,78.258505,78.258505 15.243805,78.25839,78.25839 15.245841666666667,78.25827666666667,78.25827666666667 15.247876666666667,78.25816166666668,78.25816166666668 15.24991,78.258045,78.258045 15.251943333333333,78.25793,78.25793 15.253976666666667,78.25781500000001,78.25781500000001 15.256011666666666,78.25770000000001,78.25770000000001 15.258048333333333,78.25758833333332,78.25758833333332 15.260086666666664,78.25747666666665,78.25747666666665 15.262125000000001,78.25736500000001,78.25736500000001 15.264159999999999,78.257255,78.257255 15.266195000000002,78.25714500000002,78.25714500000002 15.268228333333331,78.25703333333333,78.25703333333333 15.270258333333334,78.25692166666666,78.25692166666666 15.272285,78.25680999999999,78.25680999999999 15.274308333333332,78.25669500000002,78.25669500000002 15.276325000000002,78.25657833333334,78.25657833333334 15.278333333333332,78.25646166666668,78.25646166666668 15.280318333333334,78.25634666666666,78.25634666666666 15.282275000000002,78.25623499999999,78.25623499999999 15.2842,78.25612833333334,78.25612833333334 15.286101666666664,78.25602666666667,78.25602666666667 15.287986666666665,78.25593,78.25593 15.289865000000002,78.25583499999999,78.25583499999999 15.291739999999999,78.25573999999999,78.25573999999999 15.293614999999999,78.25564333333332,78.25564333333332 15.295495000000003,78.25554666666667,78.25554666666667 15.297383333333334,78.25544666666666,78.25544666666666 15.299273333333336,78.25534666666668,78.25534666666668 15.301168333333331,78.255245,78.255245 15.303061666666666,78.25514333333334,78.25514333333334 15.304953333333332,78.25504000000001,78.25504000000001 15.30684,78.25493833333333,78.25493833333333 15.308723333333335,78.25483833333332,78.25483833333332 15.310603333333331,78.25474166666666,78.25474166666666 15.31248,78.25464833333334,78.25464833333334 15.314351666666669,78.254555,78.254555 15.316218333333333,78.25446,78.25446 15.318081666666666,78.254365,78.254365 15.319941666666667,78.25426666666668,78.25426666666668 15.321798333333335,78.25416833333334,78.25416833333334 15.323651666666667,78.25406833333332,78.25406833333332 15.325503333333334,78.25396666666668,78.25396666666668 15.327351666666669,78.25386499999999,78.25386499999999 15.329199999999998,78.25376166666668,78.25376166666668 15.33104666666667,78.25365833333335,78.25365833333335 15.332895,78.25355166666667,78.25355166666667 15.334746666666668,78.253445,78.253445 15.336601666666665,78.25333833333335,78.25333833333335 15.338463333333333,78.25323166666666,78.25323166666666 15.340329999999996,78.25312833333334,78.25312833333334 15.342199999999998,78.253025,78.253025 15.344071666666666,78.25292,78.25292 15.345944999999999,78.25281499999998,78.25281499999998 15.347820000000002,78.25270833333335,78.25270833333335 15.349695000000002,78.2526,78.2526 15.351571666666667,78.25249,78.25249 15.35345,78.25238166666665,78.25238166666665 15.355331666666666,78.25227333333333,78.25227333333333 15.357218333333332,78.25216499999999,78.25216499999999 15.359108333333333,78.25205833333334,78.25205833333334 15.361004999999999,78.251955,78.251955 15.362905000000001,78.25185166666667,78.25185166666667 15.364805,78.25175,78.25175 15.3667,78.25165000000001,78.25165000000001 15.368586666666667,78.25155166666667,78.25155166666667 15.370465000000001,78.25145166666665,78.25145166666665 15.372333333333334,78.25135166666668,78.25135166666668 15.374191666666665,78.25125,78.25125 15.37604,78.25114666666667,78.25114666666667 15.377880000000003,78.25104166666668,78.25104166666668 15.379711666666665,78.25093833333334,78.25093833333334 15.381536666666667,78.25083666666667,78.25083666666667 15.383351666666666,78.250735,78.250735 15.38516,78.25063499999999,78.25063499999999 15.386959999999998,78.25053666666668,78.25053666666668 15.388751666666668,78.25043833333335,78.25043833333335 15.390535,78.25033833333335,78.25033833333335 15.392311666666668,78.25023833333333,78.25023833333333 15.394083333333333,78.25013999999999,78.25013999999999 15.395853333333331,78.25004,78.25004 15.39762,78.24994333333335,78.24994333333335 15.399383333333333,78.249845,78.249845 15.401145000000001,78.24974833333334,78.24974833333334 15.402904999999999,78.24965166666665,78.24965166666665 15.404665,78.24955666666666,78.24955666666666 15.406426666666668,78.24946166666666,78.24946166666666 15.408183333333332,78.24936666666666,78.24936666666666 15.409939999999999,78.24927166666667,78.24927166666667 15.411691666666666,78.24917500000001,78.24917500000001 15.41344,78.24907666666667,78.24907666666667 15.415186666666667,78.24897833333331,78.24897833333331 15.416928333333333,78.24888,78.24888 15.418666666666665,78.24878000000001,78.24878000000001 15.420399999999997,78.24868000000001,78.24868000000001 15.422133333333333,78.24858166666665,78.24858166666665 15.42386,78.248485,78.248485 15.425581666666668,78.24838833333334,78.24838833333334 15.427296666666667,78.24829166666667,78.24829166666667 15.428996666666666,78.24819833333332,78.24819833333332 15.430683333333333,78.24810333333332,78.24810333333332 15.432358333333331,78.24801166666666,78.24801166666666 15.434025,78.24791833333335,78.24791833333335 15.43568,78.24782666666667,78.24782666666667 15.437323333333332,78.24773166666667,78.24773166666667 15.43895333333333,78.24763833333334,78.24763833333334 15.440568333333333,78.24754666666666,78.24754666666666 15.442166666666667,78.24745333333333,78.24745333333333 15.443746666666668,78.24736666666666,78.24736666666666 15.445306666666667,78.24728166666667,78.24728166666667 15.446841666666668,78.24719666666667,78.24719666666667 15.448356666666667,78.24711333333333,78.24711333333333 15.449851666666667,78.24703,78.24703 15.451326666666668,78.24694999999998,78.24694999999998</coordinates>
            </LineString>
        </Placemark>
    </Document>
</kml>
