<?xml version="1.0" encoding="UTF-8"?>
<kml xmlns="http://www.opengis.net/kml/2.2" xmlns:gx="http://www.google.com/kml/ext/2.2">
    <Document id="33">
        <Placemark id="35">
            <name>RF09</name>
            <LineString id="34">
                <coordinates>15.448833333333335,78.24707333333335,78.24707333333335 15.450849999999999,78.24696333333334,78.24696333333334 15.452906666666669,78.24685333333333,78.24685333333333 15.454993333333334,78.24674,78.24674 15.457110000000002,78.24662500000001,78.24662500000001 15.459248333333337,78.24650833333332,78.24650833333332 15.461401666666665,78.24638833333334,78.24638833333334 15.46357,78.246265,78.246265 15.465751666666666,78.24613833333333,78.24613833333333 15.467945000000002,78.24601166666666,78.24601166666666 15.47015,78.24588333333334,78.24588333333334 15.472358333333332,78.24575333333334,78.24575333333334 15.474566666666666,78.24562333333333,78.24562333333333 15.476773333333332,78.24549166666667,78.24549166666667 15.478978333333334,78.24536166666667,78.24536166666667 15.481175,78.24522999999999,78.24522999999999 15.483365,78.2451,78.2451 15.485546666666666,78.24496833333333,78.24496833333333 15.487728333333331,78.244835,78.244835 15.489918333333334,78.24470166666667,78.24470166666667 15.492123333333332,78.24457166666667,78.24457166666667 15.494336666666667,78.24444166666666,78.24444166666666 15.496556666666667,78.24431500000001,78.24431500000001 15.498783333333334,78.24418666666666,78.24418666666666 15.501018333333331,78.24405833333333,78.24405833333333 15.503261666666667,78.24393166666667,78.24393166666667 15.50551,78.24380666666666,78.24380666666666 15.507766666666663,78.24368,78.24368 15.510033333333334,78.24355166666666,78.24355166666666 15.512313333333335,78.24342,78.24342 15.514603333333334,78.24328666666666,78.24328666666666 15.516899999999998,78.24315166666668,78.24315166666668 15.519203333333333,78.24301166666667,78.24301166666667 15.521511666666669,78.24286833333335,78.24286833333335 15.523824999999999,78.24272333333333,78.24272333333333 15.526148333333332,78.24257333333334,78.24257333333334 15.528480000000004,78.24242333333333,78.24242333333333 15.530820000000002,78.24226999999999,78.24226999999999 15.533163333333334,78.242115,78.242115 15.535506666666667,78.24195833333333,78.24195833333333 15.537848333333333,78.24179999999998,78.24179999999998 15.540185000000001,78.24164000000002,78.24164000000002 15.542515,78.24147833333333,78.24147833333333 15.544838333333333,78.241315,78.241315 15.54716,78.24114999999999,78.24114999999999 15.549483333333335,78.24098333333332,78.24098333333332 15.551806666666668,78.24081666666665,78.24081666666665 15.554123333333333,78.24064833333334,78.24064833333334 15.556433333333333,78.24048,78.24048 15.558738333333334,78.24031166666667,78.24031166666667 15.561039999999998,78.240145,78.240145 15.563341666666668,78.23998166666668,78.23998166666668 15.565643333333332,78.23982,78.23982 15.567954999999998,78.23966833333333,78.23966833333333 15.570279999999999,78.239525,78.239525 15.572628333333332,78.23939666666666,78.23939666666666 15.575001666666667,78.23928333333333,78.23928333333333 15.577403333333333,78.23919,78.23919 15.579833333333331,78.23911833333334,78.23911833333334 15.582286666666668,78.23906666666666,78.23906666666666 15.584768333333333,78.23903666666666,78.23903666666666 15.587271666666668,78.23903,78.23903 15.589795,78.23905166666668,78.23905166666668 15.592325000000002,78.23910166666667,78.23910166666667 15.594846666666667,78.239185,78.239185 15.597346666666665,78.2393,78.2393 15.599815000000001,78.23944166666666,78.23944166666666 15.602239999999998,78.23961166666666,78.23961166666666 15.604613333333335,78.23980833333333,78.23980833333333 15.60693,78.24002833333334,78.24002833333334 15.60918333333333,78.24027166666666,78.24027166666666 15.611369999999999,78.24053833333333,78.24053833333333 15.613488333333331,78.24082666666668,78.24082666666668 15.615535,78.24113666666668,78.24113666666668 15.617506666666667,78.24146666666667,78.24146666666667 15.619391666666669,78.24181833333334,78.24181833333334 15.621181666666667,78.24219,78.24219 15.622883333333334,78.24258,78.24258 15.624500000000001,78.24298666666667,78.24298666666667 15.626023333333334,78.24341,78.24341 15.627453333333335,78.24384833333333,78.24384833333333 15.628773333333333,78.24430333333332,78.24430333333332 15.629976666666666,78.24477333333333,78.24477333333333 15.631066666666667,78.24525666666666,78.24525666666666 15.63205,78.24575166666668,78.24575166666668 15.632931666666666,78.24625666666668,78.24625666666668 15.633706666666667,78.24677166666667,78.24677166666667 15.63437,78.24729666666668,78.24729666666668 15.634915000000001,78.24783000000002,78.24783000000002 15.635335000000001,78.24837166666667,78.24837166666667 15.635626666666665,78.24891999999998,78.24891999999998 15.635790000000002,78.24947333333333,78.24947333333333 15.635828333333333,78.25003333333333,78.25003333333333 15.635736666666666,78.250595,78.250595 15.635513333333332,78.25115666666667,78.25115666666667 15.635171666666668,78.25172166666667,78.25172166666667 15.63472,78.25228333333334,78.25228333333334 15.634161666666667,78.25284333333335,78.25284333333335 15.633495000000002,78.2534,78.2534 15.632723333333335,78.25395,78.25395 15.631843333333334,78.25449333333331,78.25449333333331 15.63087,78.25503,78.25503 15.629816666666668,78.25555833333333,78.25555833333333 15.628678333333333,78.25607833333335,78.25607833333335 15.627448333333334,78.25658833333334,78.25658833333334 15.626130000000002,78.25708999999999,78.25708999999999 15.624734999999998,78.25758166666667,78.25758166666667 15.623266666666668,78.25806499999999,78.25806499999999 15.621731666666667,78.25853833333333,78.25853833333333 15.620123333333332,78.25900166666666,78.25900166666666 15.618443333333335,78.25945,78.25945 15.616706666666667,78.25988833333334,78.25988833333334 15.61492,78.26031499999999,78.26031499999999 15.613083333333334,78.26072833333333,78.26072833333333 15.611200000000002,78.26112833333333,78.26112833333333 15.609276666666666,78.26151666666667,78.26151666666667 15.607321666666666,78.26189500000001,78.26189500000001 15.605333333333332,78.26226166666667,78.26226166666667 15.603315000000002,78.26261500000001,78.26261500000001 15.601266666666668,78.26295499999999,78.26295499999999 15.599191666666664,78.26328166666669,78.26328166666669 15.597088333333332,78.26359666666667,78.26359666666667 15.594948333333333,78.26389999999999,78.26389999999999 15.592765000000002,78.26419333333334,78.26419333333334 15.590536666666667,78.26447666666667,78.26447666666667 15.588259999999998,78.26475333333333,78.26475333333333 15.585930000000001,78.26502333333333,78.26502333333333 15.583545,78.26528333333334,78.26528333333334 15.581108333333335,78.26553500000001,78.26553500000001 15.578625,78.26577833333334,78.26577833333334 15.576101666666666,78.26601,78.26601 15.573538333333333,78.26623333333333,78.26623333333333 15.570944999999998,78.266445,78.266445 15.568321666666668,78.266645,78.266645 15.565669999999999,78.26683333333334,78.26683333333334 15.562996666666665,78.26701,78.26701 15.560298333333332,78.267175,78.267175 15.55758,78.26732666666668,78.26732666666668 15.554841666666666,78.26746666666665,78.26746666666665 15.552085,78.26759000000001,78.26759000000001 15.549315,78.26769999999999,78.26769999999999 15.546538333333334,78.26779666666667,78.26779666666667 15.543754999999999,78.26787833333333,78.26787833333333 15.54097,78.26794666666667,78.26794666666667 15.538184999999999,78.26800333333334,78.26800333333334 15.535403333333333,78.26805166666666,78.26805166666666 15.532626666666665,78.26808833333334,78.26808833333334 15.529855000000001,78.26811833333333,78.26811833333333 15.527091666666669,78.26813833333333,78.26813833333333 15.524336666666668,78.26815166666668,78.26815166666668 15.521588333333334,78.26815833333333,78.26815833333333 15.518848333333336,78.26816000000001,78.26816000000001 15.516115,78.26815500000001,78.26815500000001 15.513386666666667,78.26814666666667,78.26814666666667 15.51066,78.26813333333332,78.26813333333332 15.50793,78.26811666666667,78.26811666666667 15.505195,78.26809499999999,78.26809499999999 15.502453333333333,78.26807000000001,78.26807000000001 15.499701666666667,78.26804166666668,78.26804166666668 15.496941666666665,78.26800833333333,78.26800833333333 15.494171666666666,78.26796666666667,78.26796666666667 15.491391666666669,78.26791833333334,78.26791833333334 15.4886,78.26786333333334,78.26786333333334 15.485793333333332,78.26780500000001,78.26780500000001 15.482966666666668,78.26774,78.26774 15.48012,78.26767333333335,78.26767333333335 15.477253333333332,78.26760333333333,78.26760333333333 15.474369999999999,78.26753166666668,78.26753166666668 15.471468333333332,78.26745833333332,78.26745833333332 15.468555,78.26738333333331,78.26738333333331 15.465633333333336,78.26730666666668,78.26730666666668 15.462703333333332,78.26723,78.26723 15.459765,78.26715166666666,78.26715166666666 15.456821666666668,78.26707166666665,78.26707166666665 15.453871666666664,78.26699166666667,78.26699166666667 15.450918333333336,78.26691,78.26691 15.447961666666666,78.26682666666669,78.26682666666669 15.445003333333332,78.26674166666666,78.26674166666666 15.442044999999998,78.26665666666666,78.26665666666666 15.439088333333334,78.26657166666666,78.26657166666666 15.43613333333333,78.26648666666667,78.26648666666667 15.433183333333332,78.26640166666667,78.26640166666667 15.43024,78.266315,78.266315 15.427306666666668,78.26623000000001,78.26623000000001 15.424381666666665,78.26614333333335,78.26614333333335 15.421466666666666,78.26605833333332,78.26605833333332 15.418559999999998,78.26597166666666,78.26597166666666 15.415665,78.265885,78.265885 15.412780000000001,78.26579666666666,78.26579666666666 15.409905,78.26571,78.26571 15.407041666666665,78.26562000000001,78.26562000000001 15.404190000000003,78.26553,78.26553 15.401351666666669,78.26543666666666,78.26543666666666 15.398526666666665,78.26534333333333,78.26534333333333 15.395713333333333,78.26524833333333,78.26524833333333 15.392911666666663,78.26515166666667,78.26515166666667 15.390121666666667,78.26505333333333,78.26505333333333 15.387338333333332,78.26495333333334,78.26495333333334 15.384555,78.264855,78.264855 15.381765,78.26475833333333,78.26475833333333 15.378965,78.26466500000001,78.26466500000001 15.376153333333331,78.26457666666668,78.26457666666668 15.37333,78.26449166666666,78.26449166666666 15.370495000000002,78.26441166666667,78.26441166666667 15.36765,78.26433666666667,78.26433666666667 15.364794999999999,78.26426833333335,78.26426833333335 15.361933333333333,78.26420166666668,78.26420166666668 15.359061666666666,78.26414,78.26414 15.356181666666666,78.26408166666667,78.26408166666667 15.353293333333333,78.264025,78.264025 15.350394999999999,78.26397,78.26397 15.347486666666668,78.26391833333332,78.26391833333332 15.344566666666667,78.26386666666667,78.26386666666667 15.341636666666666,78.26381666666666,78.26381666666666 15.338696666666666,78.26376833333333,78.26376833333333 15.335743333333335,78.26372166666665,78.26372166666665 15.332781666666664,78.26367499999999,78.26367499999999 15.329813333333334,78.26362833333333,78.26362833333333 15.32684,78.26357999999999,78.26357999999999 15.32386166666667,78.26353333333333,78.26353333333333 15.320878333333333,78.26348666666667,78.26348666666667 15.317888333333332,78.26344000000002,78.26344000000002 15.314893333333336,78.26339333333333,78.26339333333333 15.311895,78.26334666666666,78.26334666666666 15.308891666666668,78.26330166666668,78.26330166666668 15.305886666666666,78.26325499999999,78.26325499999999 15.30288,78.26320666666668,78.26320666666668 15.299869999999999,78.26315833333332,78.26315833333332 15.296861666666667,78.26311,78.26311 15.29385,78.26306000000001,78.26306000000001 15.290838333333333,78.26300833333333,78.26300833333333 15.287825000000002,78.26295666666667,78.26295666666667 15.284808333333334,78.26290666666668,78.26290666666668 15.281786666666669,78.262855,78.262855 15.27876333333333,78.26280333333335,78.26280333333335 15.275741666666667,78.26274833333335,78.26274833333335 15.27272,78.26269333333335,78.26269333333335 15.269698333333336,78.26263499999999,78.26263499999999 15.266678333333333,78.26257666666666,78.26257666666666 15.26365666666667,78.26251833333333,78.26251833333333 15.260636666666668,78.26245666666668,78.26245666666668 15.257618333333335,78.262395,78.262395 15.254600000000002,78.26233166666667,78.26233166666667 15.251581666666668,78.26226666666666,78.26226666666666 15.248563333333335,78.26219999999999,78.26219999999999 15.245545000000002,78.26212999999998,78.26212999999998 15.242526666666668,78.26205833333333,78.26205833333333 15.23951,78.261985,78.261985 15.236494999999998,78.26190833333334,78.26190833333334 15.233478333333336,78.26183166666667,78.26183166666667 15.230458333333333,78.26175166666665,78.26175166666665 15.227434999999998,78.26167000000001,78.26167000000001 15.224406666666669,78.26158666666667,78.26158666666667 15.221376666666666,78.26149833333335,78.26149833333335 15.218343333333332,78.26140666666667,78.26140666666667 15.215309999999999,78.26131166666669,78.26131166666669 15.212274999999998,78.26121499999999,78.26121499999999 15.209238333333333,78.26111166666666,78.26111166666666 15.206195,78.26100666666667,78.26100666666667 15.203143333333333,78.26089666666667,78.26089666666667 15.20009,78.26078166666667,78.26078166666667 15.197038333333333,78.26066666666668,78.26066666666668 15.193983333333332,78.26054833333333,78.26054833333333 15.190923333333334,78.26042999999999,78.26042999999999 15.187855000000003,78.26030999999999,78.26030999999999 15.184773333333332,78.26019000000001,78.26019000000001 15.18167833333333,78.26007333333335,78.26007333333335 15.178573333333333,78.25995999999999,78.25995999999999 15.175459999999998,78.25984833333335,78.25984833333335 15.172340000000002,78.25973833333335,78.25973833333335 15.169211666666667,78.25963,78.25963 15.166076666666667,78.25952333333333,78.25952333333333 15.162935000000001,78.25941833333331,78.25941833333331 15.159794999999999,78.25931500000002,78.25931500000002 15.156663333333332,78.25921333333334,78.25921333333334 15.153543333333333,78.25910999999998,78.25910999999998 15.150433333333334,78.25900666666668,78.25900666666668 15.147333333333334,78.25890166666666,78.25890166666666 15.144239999999996,78.25879499999999,78.25879499999999 15.141155,78.25868833333334,78.25868833333334 15.138078333333333,78.25858166666666,78.25858166666666 15.135001666666668,78.258475,78.258475 15.131916666666667,78.25837,78.25837 15.12882,78.25827,78.25827 15.125715,78.258175,78.258175 15.122603333333332,78.258085,78.258085 15.119491666666667,78.25799833333333,78.25799833333333 15.116383333333333,78.25791666666667,78.25791666666667 15.113283333333335,78.25783666666666,78.25783666666666 15.110193333333331,78.25775666666665,78.25775666666665 15.107113333333334,78.25767666666667,78.25767666666667 15.104041666666669,78.25759666666666,78.25759666666666 15.100975000000002,78.25751833333334,78.25751833333334 15.097908333333331,78.25744166666667,78.25744166666667 15.094838333333334,78.25736500000001,78.25736500000001 15.091765000000002,78.25728833333332,78.25728833333332 15.088684999999998,78.25721166666668,78.25721166666668 15.085601666666667,78.25713666666668,78.25713666666668 15.082518333333335,78.25706333333332,78.25706333333332 15.079438333333334,78.25698833333333,78.25698833333333 15.076363333333331,78.256915,78.256915 15.073291666666666,78.25684333333334,78.25684333333334 15.070223333333335,78.25677000000002,78.25677000000002 15.067156666666666,78.25669833333335,78.25669833333335 15.06409,78.25662666666666,78.25662666666666 15.061023333333333,78.25655499999999,78.25655499999999 15.057953333333334,78.25648666666666,78.25648666666666 15.054881666666665,78.25642,78.25642 15.051808333333335,78.25635666666666,78.25635666666666 15.048729999999999,78.25629500000001,78.25629500000001 15.045651666666666,78.25623666666668,78.25623666666668 15.042575,78.25618333333334,78.25618333333334 15.039501666666668,78.25613166666666,78.25613166666666 15.036431666666665,78.25608166666667,78.25608166666667 15.033365,78.256035,78.256035 15.030303333333332,78.25598833333333,78.25598833333333 15.027245000000002,78.25594500000001,78.25594500000001 15.024191666666665,78.25590166666665,78.25590166666665 15.021143333333335,78.25586166666668,78.25586166666668 15.018095000000002,78.25582,78.25582 15.015048333333333,78.25577833333334,78.25577833333334 15.011998333333333,78.25573333333334,78.25573333333334 15.008953333333332,78.25568833333334,78.25568833333334 15.005911666666668,78.25564500000002,78.25564500000002 15.002878333333335,78.25560000000002,78.25560000000002 14.999851666666665,78.255555,78.255555 14.996836666666665,78.25550666666665,78.25550666666665 14.993833333333335,78.25545833333335,78.25545833333335 14.990848333333334,78.25540666666667,78.25540666666667 14.987876666666669,78.25535666666666,78.25535666666666 14.984916666666665,78.25530499999999,78.25530499999999 14.981961666666665,78.25525333333334,78.25525333333334 14.979008333333335,78.25520166666666,78.25520166666666 14.976053333333335,78.255155,78.255155 14.973096666666665,78.25510666666666,78.25510666666666 14.970135,78.25506,78.25506 14.967171666666665,78.25501333333334,78.25501333333334 14.964203333333332,78.254965,78.254965 14.961228333333336,78.25491666666667,78.25491666666667 14.958246666666666,78.25486666666669,78.25486666666669 14.955256666666665,78.25481333333335,78.25481333333335 14.952261666666669,78.25475833333334,78.25475833333334 14.94926,78.25470000000001,78.25470000000001 14.946251666666669,78.25464,78.25464 14.943235000000001,78.25457500000002,78.25457500000002 14.940210000000002,78.25450833333333,78.25450833333333 14.937174999999998,78.25443666666668,78.25443666666668 14.934135,78.25436333333334,78.25436333333334 14.931089999999998,78.25428666666667,78.25428666666667 14.928041666666664,78.25420833333332,78.25420833333332 14.924989999999998,78.25413,78.25413 14.921938333333333,78.25405166666665,78.25405166666665 14.918881666666667,78.25397333333333,78.25397333333333 14.915823333333332,78.253895,78.253895 14.91276333333333,78.25381666666668,78.25381666666668 14.909701666666667,78.25373833333333,78.25373833333333 14.906638333333335,78.25366000000001,78.25366000000001 14.903571666666668,78.25358333333334,78.25358333333334 14.900503333333331,78.25350666666665,78.25350666666665 14.897433333333334,78.25343,78.25343 14.894356666666667,78.253355,78.253355 14.891276666666666,78.25327833333333,78.25327833333333 14.888188333333334,78.25320166666667,78.25320166666667 14.885093333333336,78.25312333333332,78.25312333333332 14.881988333333332,78.25304666666666,78.25304666666666 14.878875000000003,78.25296999999999,78.25296999999999 14.875750000000002,78.252895,78.252895 14.872615,78.25281833333334,78.25281833333334 14.86947,78.25274333333333,78.25274333333333 14.866315000000002,78.25266833333333,78.25266833333333 14.86315,78.252595,78.252595 14.859978333333334,78.25252333333331,78.25252333333331 14.856798333333332,78.25245166666667,78.25245166666667 14.853613333333332,78.25237999999999,78.25237999999999 14.850423333333334,78.25231000000001,78.25231000000001 14.847230000000003,78.25223999999999,78.25223999999999 14.844035,78.25217,78.25217 14.840839999999998,78.25210000000001,78.25210000000001 14.837646666666668,78.25203,78.25203 14.834454999999998,78.25195833333335,78.25195833333335 14.831266666666664,78.25188666666668,78.25188666666668 14.828081666666666,78.25181333333333,78.25181333333333 14.8249,78.25174,78.25174 14.821721666666667,78.251665,78.251665 14.81854666666667,78.25158833333333,78.25158833333333 14.815375,78.25151166666667,78.25151166666667 14.812203333333331,78.25143666666668,78.25143666666668 14.809034999999998,78.25136,78.25136 14.805868333333336,78.25128333333335,78.25128333333335 14.802704999999998,78.25120666666666,78.25120666666666 14.799543333333336,78.25112833333334,78.25112833333334 14.796383333333331,78.25105166666667,78.25105166666667 14.793221666666666,78.25097500000001,78.25097500000001 14.790060000000002,78.25089666666666,78.25089666666666 14.786898333333333,78.25082,78.25082 14.783735000000002,78.25074333333333,78.25074333333333 14.780569999999999,78.25066499999998,78.25066499999998 14.777405,78.25058666666666,78.25058666666666 14.774241666666668,78.25050833333334,78.25050833333334 14.77108,78.25043000000001,78.25043000000001 14.767918333333334,78.25035,78.25035 14.764758333333337,78.25026833333332,78.25026833333332 14.761599999999998,78.25018666666665,78.25018666666665 14.758445,78.250105,78.250105 14.755293333333334,78.25002166666667,78.25002166666667 14.752141666666667,78.24993666666667,78.24993666666667 14.748994999999999,78.24985166666667,78.24985166666667 14.745848333333333,78.24976833333334,78.24976833333334 14.742705000000003,78.24968333333334,78.24968333333334 14.739561666666667,78.2496,78.2496 14.736419999999999,78.24951666666666,78.24951666666666 14.733274999999999,78.24943499999999,78.24943499999999 14.730131666666667,78.24935333333332,78.24935333333332 14.726984999999999,78.24927333333333,78.24927333333333 14.72384,78.249195,78.249195 14.720693333333333,78.24911666666668,78.24911666666668 14.717546666666665,78.24903833333333,78.24903833333333 14.7144,78.24896000000001,78.24896000000001 14.711251666666666,78.24888333333334,78.24888333333334 14.708103333333336,78.24880666666665,78.24880666666665 14.704951666666668,78.24873166666666,78.24873166666666 14.7018,78.24865666666666,78.24865666666666 14.69865,78.24858166666665,78.24858166666665 14.695501666666667,78.24850666666666,78.24850666666666 14.692356666666667,78.24843000000001,78.24843000000001 14.689213333333333,78.24835333333333,78.24835333333333 14.686069999999997,78.24827666666667,78.24827666666667 14.682925000000001,78.24820000000001,78.24820000000001 14.679781666666667,78.24812166666668,78.24812166666668 14.67664,78.24804333333333,78.24804333333333 14.673501666666668,78.24796333333335,78.24796333333335 14.670368333333332,78.24788333333333,78.24788333333333 14.667238333333332,78.24780166666666,78.24780166666666 14.66411,78.24771999999999,78.24771999999999 14.660985000000002,78.24763666666665,78.24763666666665 14.657861666666667,78.24755166666668,78.24755166666668 14.654741666666666,78.24746833333334,78.24746833333334 14.651623333333337,78.24738500000001,78.24738500000001 14.648508333333332,78.24730000000001,78.24730000000001 14.645399999999997,78.24721333333335,78.24721333333335 14.642296666666669,78.24712833333332,78.24712833333332 14.639198333333333,78.24704166666666,78.24704166666666 14.636106666666668,78.246955,78.246955 14.633019999999998,78.24686666666668,78.24686666666668 14.629936666666667,78.24677833333332,78.24677833333332 14.626853333333335,78.24669333333333,78.24669333333333 14.623765,78.24660999999999,78.24660999999999 14.620675,78.24653166666667,78.24653166666667 14.617581666666668,78.24645500000001,78.24645500000001 14.614491666666668,78.24638166666666,78.24638166666666 14.6114,78.24631,78.24631 14.608309999999998,78.24624,78.24624 14.605218333333335,78.24617500000001,78.24617500000001 14.602126666666667,78.24611166666666,78.24611166666666 14.599034999999999,78.24604999999998,78.24604999999998 14.595944999999999,78.24598999999999,78.24598999999999 14.592856666666668,78.24593166666666,78.24593166666666 14.589768333333334,78.24587666666666,78.24587666666666 14.586685,78.24581833333333,78.24581833333333 14.583606666666666,78.24576,78.24576 14.580529999999998,78.24570166666668,78.24570166666668 14.577453333333334,78.24564333333333,78.24564333333333 14.57438,78.24558166666668,78.24558166666668 14.571311666666668,78.24551833333334,78.24551833333334 14.568246666666669,78.24545499999999,78.24545499999999 14.565186666666667,78.24538833333334,78.24538833333334 14.562133333333334,78.24532166666667,78.24532166666667 14.559085000000001,78.245255,78.245255 14.556040000000001,78.24518833333335,78.24518833333335 14.552998333333333,78.24511999999999,78.24511999999999 14.549958333333333,78.24505333333333,78.24505333333333 14.546919999999998,78.24498666666666,78.24498666666666 14.543883333333333,78.24492,78.24492 14.540848333333335,78.24485166666668,78.24485166666668 14.537815,78.24478500000001,78.24478500000001 14.534786666666665,78.24471833333334,78.24471833333334 14.531761666666668,78.24465166666668,78.24465166666668 14.52874,78.24458333333332,78.24458333333332 14.525721666666668,78.244515,78.244515 14.522703333333334,78.24444666666668,78.24444666666668 14.519685,78.24437833333333,78.24437833333333 14.516665,78.24430833333334,78.24430833333334 14.51364166666667,78.24423833333334,78.24423833333334 14.510611666666666,78.24416833333333,78.24416833333333 14.507571666666667,78.244095,78.244095 14.504521666666667,78.24402166666665,78.24402166666665 14.501460000000002,78.24394666666666,78.24394666666666 14.498389999999999,78.24387166666666,78.24387166666666 14.495308333333332,78.24379499999999,78.24379499999999 14.49222,78.24371833333333,78.24371833333333 14.489123333333335,78.24364000000001,78.24364000000001 14.486016666666668,78.24356166666666,78.24356166666666 14.482901666666665,78.24348333333333,78.24348333333333 14.479780000000002,78.24340500000001,78.24340500000001 14.476653333333333,78.24332666666666,78.24332666666666 14.47352333333333,78.24324666666668,78.24324666666668 14.470391666666666,78.243165,78.243165 14.467258333333334,78.24308333333333,78.24308333333333 14.464123333333335,78.243,78.243 14.460989999999999,78.24291333333333,78.24291333333333 14.457853333333333,78.24282833333334,78.24282833333334 14.454716666666664,78.24274166666667,78.24274166666667 14.451580000000002,78.24265500000001,78.24265500000001 14.44844166666667,78.24256666666666,78.24256666666666 14.445306666666667,78.24247833333334,78.24247833333334 14.442171666666665,78.24238833333332,78.24238833333332 14.439038333333333,78.24229833333334,78.24229833333334 14.435906666666664,78.24220833333334,78.24220833333334 14.43278,78.242115,78.242115 14.429654999999999,78.24202166666666,78.24202166666666 14.426533333333335,78.24192666666667,78.24192666666667 14.423413333333334,78.24183166666667,78.24183166666667 14.420296666666665,78.241735,78.241735 14.417181666666666,78.24163833333333,78.24163833333333 14.41407,78.24154166666666,78.24154166666666 14.410961666666667,78.24144333333335,78.24144333333335 14.407856666666664,78.241345,78.241345 14.404755,78.24124666666665,78.24124666666665 14.401653333333334,78.24114999999999,78.24114999999999 14.398551666666668,78.24105333333334,78.24105333333334 14.395451666666666,78.24095666666668,78.24095666666668 14.392355000000002,78.24086166666666,78.24086166666666 14.389263333333334,78.240765,78.240765 14.386175,78.24067,78.24067 14.383091666666667,78.240575,78.240575 14.38001,78.24047833333334,78.24047833333334 14.376931666666668,78.24038333333333,78.24038333333333 14.373856666666667,78.24028833333332,78.24028833333332 14.370785000000001,78.24019333333332,78.24019333333332 14.36771666666667,78.2401,78.2401 14.364654999999999,78.24000666666669,78.24000666666669 14.361599999999997,78.23991333333332,78.23991333333332 14.358553333333335,78.23982,78.23982 14.355516666666666,78.23972666666668,78.23972666666668 14.352486666666666,78.239635,78.239635 14.34946,78.23954499999999,78.23954499999999 14.346436666666667,78.23945499999999,78.23945499999999 14.343413333333334,78.23936666666667,78.23936666666667 14.34039,78.23928166666667,78.23928166666667 14.337364999999998,78.23919833333333,78.23919833333333 14.334340000000001,78.23911666666666,78.23911666666666 14.331318333333336,78.23903833333333,78.23903833333333 14.328300000000002,78.23896,78.23896 14.325285000000001,78.23888666666667,78.23888666666667 14.322270000000001,78.23881833333334,78.23881833333334 14.319254999999998,78.238755,78.238755 14.316241666666667,78.23869666666666,78.23869666666666 14.313225,78.23864166666667,78.23864166666667 14.310206666666666,78.23859000000002,78.23859000000002 14.307181666666668,78.23854333333333,78.23854333333333 14.304151666666668,78.23849833333334,78.23849833333334 14.301118333333333,78.238455,78.238455 14.298083333333334,78.23841166666666,78.23841166666666 14.295048333333332,78.23837,78.23837 14.292015000000001,78.23832666666667,78.23832666666667 14.288981666666666,78.23828166666668,78.23828166666668 14.285946666666668,78.23823666666668,78.23823666666668 14.282906666666669,78.23819,78.23819 14.279863333333333,78.23814000000002,78.23814000000002 14.276815,78.23808833333334,78.23808833333334 14.273763333333333,78.238035,78.238035 14.27071,78.23798166666668,78.23798166666668 14.267653333333332,78.23792499999999,78.23792499999999 14.264595000000002,78.23786833333332,78.23786833333332 14.261536666666666,78.23780833333333,78.23780833333333 14.258478333333336,78.23774833333334,78.23774833333334 14.25542,78.23768666666666,78.23768666666666 14.252363333333335,78.23762166666667,78.23762166666667 14.249308333333333,78.23755666666666,78.23755666666666 14.246255,78.23748833333333,78.23748833333333 14.243206666666667,78.23741833333332,78.23741833333332 14.240158333333333,78.23734666666665,78.23734666666665 14.237111666666664,78.23727333333333,78.23727333333333 14.234066666666669,78.23719833333334,78.23719833333334 14.231021666666665,78.23712,78.23712 14.227973333333335,78.23704166666666,78.23704166666666 14.224923333333335,78.23696166666667,78.23696166666667 14.221870000000001,78.23688,78.23688 14.218813333333333,78.23679833333335,78.23679833333335 14.215756666666667,78.23671333333333,78.23671333333333 14.2127,78.23662666666667,78.23662666666667 14.209641666666668,78.23653833333331,78.23653833333331 14.206583333333334,78.23644833333333,78.23644833333333 14.203523333333333,78.23635833333333,78.23635833333333 14.200463333333335,78.23626500000002,78.23626500000002 14.197403333333334,78.23616833333332,78.23616833333332 14.19434,78.23607166666667,78.23607166666667 14.191271666666667,78.23597333333335,78.23597333333335 14.188198333333332,78.23587166666665,78.23587166666665 14.18512,78.23576833333333,78.23576833333333 14.182033333333335,78.23566333333332,78.23566333333332 14.178936666666667,78.235555,78.235555 14.175830000000001,78.23544666666666,78.23544666666666 14.172715000000002,78.23533666666668,78.23533666666668 14.169591666666667,78.23522333333335,78.23522333333335 14.16646,78.23510666666667,78.23510666666667 14.163321666666665,78.23498833333332,78.23498833333332 14.160178333333333,78.23486666666666,78.23486666666666 14.157031666666668,78.23474500000002,78.23474500000002 14.153880000000001,78.23462166666665,78.23462166666665 14.150726666666667,78.23449666666667,78.23449666666667 14.147568333333332,78.23437000000001,78.23437000000001 14.144411666666668,78.23424333333334,78.23424333333334 14.141251666666667,78.23411666666665,78.23411666666665 14.138089999999998,78.23399,78.23399 14.134926666666667,78.23386500000001,78.23386500000001 14.131760000000002,78.23373833333333,78.23373833333333 14.12859,78.23361333333334,78.23361333333334 14.125418333333336,78.23348833333333,78.23348833333333 14.122239999999998,78.23336499999999,78.23336499999999 14.119053333333333,78.23324333333332,78.23324333333332 14.115858333333332,78.23312333333334,78.23312333333334 14.112656666666666,78.233005,78.233005 14.109451666666667,78.23288666666669,78.23288666666669 14.10624,78.23277,78.23277 14.103026666666665,78.23265500000001,78.23265500000001 14.099809999999998,78.23253999999999,78.23253999999999 14.096591666666667,78.23242333333333,78.23242333333333 14.09337,78.23230833333334,78.23230833333334 14.090165,78.23219333333333,78.23219333333333 14.086935000000002,78.23208,78.23208 14.083703333333336,78.23196833333333,78.23196833333333 14.080471666666666,78.231855,78.231855 14.077236666666666,78.23174333333333,78.23174333333333 14.074003333333334,78.23163,78.23163 14.070766666666668,78.23151833333333,78.23151833333333 14.067528333333332,78.23140666666667,78.23140666666667 14.064290000000002,78.23129333333333,78.23129333333333 14.061051666666666,78.23118166666667,78.23118166666667 14.057809999999998,78.23106833333333,78.23106833333333 14.054568333333336,78.23095666666667,78.23095666666667 14.051326666666668,78.23084333333333,78.23084333333333 14.048083333333334,78.23073166666667,78.23073166666667 14.044841666666665,78.23062166666666,78.23062166666666 14.041601666666669,78.23051166666666,78.23051166666666 14.03836,78.230405,78.230405 14.035118333333331,78.23030000000001,78.23030000000001 14.031876666666669,78.23019666666667,78.23019666666667 14.028638333333332,78.230095,78.230095 14.025403333333335,78.22999333333334,78.22999333333334 14.022168333333331,78.22989166666666,78.22989166666666 14.018938333333333,78.22979333333332,78.22979333333332 14.015713333333332,78.22969666666665,78.22969666666665 14.012491666666664,78.22959833333334,78.22959833333334 14.009273333333333,78.22950166666665,78.22950166666665 14.006053333333332,78.22940333333334,78.22940333333334 14.002833333333335,78.22930500000001,78.22930500000001 13.999608333333333,78.22920666666667,78.22920666666667 13.996378333333334,78.22910666666665,78.22910666666665 13.993140000000002,78.22900500000002,78.22900500000002 13.989895,78.22890166666666,78.22890166666666 13.986638333333335,78.22879666666665,78.22879666666665 13.983375,78.22869166666666,78.22869166666666 13.980105,78.22858500000001,78.22858500000001 13.976831666666666,78.22847666666667,78.22847666666667 13.973556666666665,78.22836833333334,78.22836833333334 13.970278333333333,78.22826166666665,78.22826166666665 13.966995,78.228155,78.228155 13.963706666666667,78.22805000000001,78.22805000000001 13.960415000000001,78.22794666666667,78.22794666666667 13.957118333333336,78.227845,78.227845 13.953818333333333,78.227745,78.227745 13.950515,78.22764833333333,78.22764833333333 13.947206666666668,78.22755166666667,78.22755166666667 13.943893333333333,78.22745666666665,78.22745666666665 13.940575000000003,78.22736166666665,78.22736166666665 13.937251666666668,78.22726666666668,78.22726666666668 13.933924999999999,78.22717166666666,78.22717166666666 13.930593333333336,78.22707833333332,78.22707833333332 13.927258333333336,78.22698333333334,78.22698333333334 13.923919999999999,78.22688666666667,78.22688666666667 13.920580000000001,78.22679,78.22679 13.917235000000002,78.22669333333333,78.22669333333333 13.913886666666667,78.22659333333333,78.22659333333333 13.910538333333331,78.22649333333334,78.22649333333334 13.907188333333332,78.22639000000001,78.22639000000001 13.903838333333331,78.22628666666667,78.22628666666667 13.900486666666666,78.22618166666665,78.22618166666665 13.897134999999999,78.22607666666666,78.22607666666666 13.893781666666666,78.22597,78.22597 13.890428333333334,78.225865,78.225865 13.887075,78.22576000000001,78.22576000000001 13.883721666666668,78.22565500000002,78.22565500000002 13.880368333333333,78.22555166666666,78.22555166666666 13.87701333333333,78.22544666666666,78.22544666666666 13.87366,78.22534333333333,78.22534333333333 13.870306666666666,78.22524,78.22524 13.866954999999999,78.225135,78.225135 13.863603333333334,78.22503166666667,78.22503166666667 13.860253333333333,78.22492833333334,78.22492833333334 13.856903333333333,78.22482666666666,78.22482666666666 13.85355666666667,78.22472333333333,78.22472333333333 13.850209999999999,78.22462166666666,78.22462166666666 13.846864999999998,78.22451999999998,78.22451999999998 13.843521666666668,78.22441833333335,78.22441833333335 13.84018,78.22431833333333,78.22431833333333 13.836839999999999,78.22421833333333,78.22421833333333 13.833499999999999,78.22411833333334,78.22411833333334 13.830158333333335,78.22402,78.22402 13.826815,78.22392166666667,78.22392166666667 13.823471666666666,78.22382500000002,78.22382500000002 13.820126666666665,78.22372833333333,78.22372833333333 13.816781666666667,78.22363166666668,78.22363166666668 13.813438333333334,78.22353666666665,78.22353666666665 13.810095,78.22344166666667,78.22344166666667 13.806753333333331,78.22334833333332,78.22334833333332 13.803411666666666,78.22325666666667,78.22325666666667 13.800071666666668,78.22316833333332,78.22316833333332 13.796735000000002,78.22308166666666,78.22308166666666 13.793401666666668,78.22299833333332,78.22299833333332 13.790069999999998,78.22291666666668,78.22291666666668 13.78674166666667,78.22283999999999,78.22283999999999 13.783415,78.22276833333333,78.22276833333333 13.780091666666666,78.22269666666666,78.22269666666666 13.776769999999999,78.22263166666666,78.22263166666666 13.773449999999999,78.22256833333333,78.22256833333333 13.770126666666666,78.22250666666667,78.22250666666667 13.7668,78.22244833333332,78.22244833333332 13.763471666666664,78.22239333333334,78.22239333333334 13.760141666666666,78.22234166666667,78.22234166666667 13.756811666666666,78.22229,78.22229 13.753485000000001,78.22224166666668,78.22224166666668 13.750160000000001,78.22219333333335,78.22219333333335 13.746841666666667,78.22214833333334,78.22214833333334 13.743524999999998,78.22210333333334,78.22210333333334 13.740216666666665,78.22205833333334,78.22205833333334 13.736913333333332,78.22201166666666,78.22201166666666 13.733618333333332,78.221965,78.221965 13.730331666666665,78.22191500000001,78.22191500000001 13.727056666666664,78.221865,78.221865 13.723790000000001,78.22181666666665,78.22181666666665 13.720531666666666,78.22176666666667,78.22176666666667 13.717283333333333,78.22171833333334,78.22171833333334 13.714043333333333,78.22166999999999,78.22166999999999 13.71081,78.22162333333334,78.22162333333334 13.707584999999998,78.22157500000002,78.22157500000002 13.704366666666667,78.22152833333332,78.22152833333332 13.701158333333334,78.22148166666665,78.22148166666665 13.697960000000002,78.22143500000001,78.22143500000001 13.694775,78.22138833333334,78.22138833333334 13.691600000000001,78.22134333333334,78.22134333333334 13.688433333333332,78.22129833333334,78.22129833333334 13.685278333333335,78.22125333333332,78.22125333333332 13.682133333333335,78.22121000000001,78.22121000000001 13.678993333333334,78.22116666666666,78.22116666666666 13.675858333333336,78.22112500000001,78.22112500000001 13.672726666666664,78.22108499999999,78.22108499999999 13.669595,78.22104333333334,78.22104333333334 13.666465,78.22100333333331,78.22100333333331 13.663336666666664,78.22096,78.22096 13.660211666666667,78.22091833333334,78.22091833333334 13.657091666666668,78.220875,78.220875 13.653976666666663,78.22083166666665,78.22083166666665 13.650861666666666,78.22078666666665,78.22078666666665 13.647748333333334,78.22074333333333,78.22074333333333 13.644635000000001,78.22069833333333,78.22069833333333 13.641521666666666,78.22065333333333,78.22065333333333 13.63841,78.22060833333332,78.22060833333332 13.635301666666667,78.22055999999999,78.22055999999999 13.632193333333332,78.22051,78.22051 13.629083333333332,78.22045833333333,78.22045833333333 13.62597333333333,78.22040333333332,78.22040333333332 13.622858333333332,78.220345,78.220345 13.619740000000002,78.220285,78.220285 13.616615000000001,78.22022166666669,78.22022166666669 13.613486666666665,78.22015666666665,78.22015666666665 13.61035,78.22008833333334,78.22008833333334 13.607208333333332,78.22001833333334,78.22001833333334 13.604058333333333,78.21994666666667,78.21994666666667 13.600901666666669,78.21987333333333,78.21987333333333 13.59774,78.21979833333333,78.21979833333333 13.594569999999997,78.21972333333333,78.21972333333333 13.591391666666668,78.219645,78.219645 13.588208333333334,78.21956499999999,78.21956499999999 13.585016666666668,78.219485,78.219485 13.58182,78.21940166666667,78.21940166666667 13.578616666666667,78.21931500000001,78.21931500000001 13.575408333333334,78.21922833333332,78.21922833333332 13.572194999999999,78.21913833333333,78.21913833333333 13.568976666666666,78.21904666666667,78.21904666666667 13.565753333333335,78.21895333333333,78.21895333333333 13.562521666666665,78.21885999999999,78.21885999999999 13.559283333333335,78.21876833333334,78.21876833333334 13.556038333333332,78.21867499999999,78.21867499999999 13.552784999999997,78.21858333333331,78.21858333333331 13.549526666666669,78.21849166666667,78.21849166666667 13.546263333333332,78.21840166666667,78.21840166666667 13.542995,78.21831166666665,78.21831166666665 13.539723333333333,78.21822333333333,78.21822333333333 13.536449999999999,78.218135,78.218135 13.533175,78.21804666666668,78.21804666666668 13.529898333333332,78.21795833333333,78.21795833333333 13.526621666666665,78.21786999999999,78.21786999999999 13.523344999999997,78.21778,78.21778 13.520065,78.21769166666665,78.21769166666665 13.516785,78.21760166666667,78.21760166666667 13.513506666666666,78.21751166666665,78.21751166666665 13.510226666666664,78.21742166666667,78.21742166666667 13.506946666666664,78.21733166666667,78.21733166666667 13.503666666666668,78.21724166666665,78.21724166666665 13.50038666666667,78.21715333333333,78.21715333333333 13.497104999999998,78.21706333333334,78.21706333333334 13.493825000000001,78.21697333333333,78.21697333333333 13.490548333333333,78.21688166666667,78.21688166666667 13.487273333333333,78.21679000000002,78.21679000000002 13.484001666666666,78.21669666666668,78.21669666666668 13.48072833333333,78.21660166666668,78.21660166666668 13.477448333333333,78.216505,78.216505 13.474158333333333,78.216405,78.216405 13.470848333333333,78.21630333333331,78.21630333333331 13.467516666666667,78.21620166666668,78.21620166666668 13.464168333333333,78.21609666666667,78.21609666666667 13.460805,78.21598999999999,78.21598999999999 13.457428333333333,78.21587999999998,78.21587999999998 13.454036666666665,78.21576833333334,78.21576833333334 13.450633333333332,78.21565166666666,78.21565166666666 13.447218333333334,78.21553333333333,78.21553333333333 13.443793333333332,78.21541333333334,78.21541333333334 13.440361666666668,78.21528833333332,78.21528833333332 13.436921666666668,78.21516166666667,78.21516166666667 13.433473333333332,78.21503500000001,78.21503500000001 13.430016666666665,78.21490833333334,78.21490833333334 13.426553333333333,78.21477999999999,78.21477999999999 13.423078333333335,78.21465333333335,78.21465333333335 13.419596666666667,78.214525,78.214525 13.41610166666667,78.21439833333335,78.21439833333335 13.412594999999998,78.21427166666666,78.21427166666666 13.409076666666666,78.21414499999999,78.21414499999999 13.40555,78.21401833333333,78.21401833333333 13.402013333333331,78.21389166666665,78.21389166666665 13.398470000000003,78.213765,78.213765 13.39492,78.21363666666666,78.21363666666666 13.391365,78.21350666666667,78.21350666666667 13.387806666666664,78.21337499999998,78.21337499999998 13.384245,78.21324166666666,78.21324166666666 13.38068,78.21310833333334,78.21310833333334 13.377110000000002,78.21297166666666,78.21297166666666 13.373535,78.21283333333334,78.21283333333334 13.369958333333335,78.21269166666666,78.21269166666666 13.36638,78.21255,78.21255 13.362801666666668,78.21240333333334,78.21240333333334 13.359224999999999,78.21225666666666,78.21225666666666 13.355651666666667,78.212105,78.212105 13.352081666666667,78.21195166666668,78.21195166666668 13.348518333333333,78.21179666666666,78.21179666666666 13.344961666666666,78.21163833333333,78.21163833333333 13.341411666666666,78.21147833333333,78.21147833333333 13.337870000000002,78.21131833333332,78.21131833333332 13.334336666666664,78.21115833333333,78.21115833333333 13.330815000000001,78.21099833333334,78.21099833333334 13.327298333333333,78.21084000000002,78.21084000000002 13.32379,78.21068500000001,78.21068500000001 13.320291666666664,78.21053333333332,78.21053333333332 13.316801666666665,78.21038333333333,78.21038333333333 13.31332,78.21023666666667,78.21023666666667 13.309846666666665,78.21009333333335,78.21009333333335 13.306383333333335,78.20995333333335,78.20995333333335 13.302925000000002,78.20981333333334,78.20981333333334 13.299471666666667,78.209675,78.209675 13.29601833333333,78.20954,78.20954 13.292568333333335,78.20940666666668,78.20940666666668 13.289116666666667,78.20927666666665,78.20927666666665 13.285668333333335,78.20915,78.20915 13.282216666666667,78.20902833333334,78.20902833333334 13.278761666666666,78.20891166666668,78.20891166666668 13.275308333333331,78.20880000000001,78.20880000000001 13.271851666666665,78.20869333333333,78.20869333333333 13.26839666666667,78.20859000000002,78.20859000000002 13.264945,78.20848833333332,78.20848833333332 13.261494999999998,78.20839,78.20839 13.258046666666667,78.20829333333334,78.20829333333334 13.254601666666666,78.20819499999999,78.20819499999999 13.251156666666668,78.20809833333334,78.20809833333334 13.247711666666666,78.20799999999998,78.20799999999998 13.244261666666667,78.20790166666667,78.20790166666667 13.240808333333332,78.20780166666665,78.20780166666665 13.237348333333335,78.20770333333334,78.20770333333334 13.233885000000003,78.20760333333332,78.20760333333332 13.230416666666668,78.20750333333335,78.20750333333335 13.226948333333334,78.20740333333333,78.20740333333333 13.223476666666667,78.20730499999999,78.20730499999999 13.220003333333333,78.20720833333333,78.20720833333333 13.216526666666669,78.20710999999999,78.20710999999999 13.213046666666665,78.20701500000001,78.20701500000001 13.209565000000001,78.20692000000001,78.20692000000001 13.206080000000002,78.20682666666666,78.20682666666666 13.202590000000002,78.20673666666667,78.20673666666667 13.199099999999998,78.20664833333332,78.20664833333332 13.195611666666666,78.20655833333333,78.20655833333333 13.192126666666667,78.20646833333333,78.20646833333333 13.188648333333333,78.20637833333335,78.20637833333335 13.185176666666665,78.20628833333333,78.20628833333333 13.181711666666668,78.20619833333332,78.20619833333332 13.178255000000002,78.20610833333333,78.20610833333333 13.174803333333333,78.20601833333333,78.20601833333333 13.171358333333332,78.20592833333335,78.20592833333335 13.167918333333335,78.20583833333333,78.20583833333333 13.164484999999997,78.20574833333332,78.20574833333332 13.161054999999998,78.20565833333333,78.20565833333333 13.157628333333331,78.20556666666667,78.20556666666667 13.154206666666669,78.20547666666666,78.20547666666666 13.150788333333333,78.20538666666667,78.20538666666667 13.147371666666668,78.20529666666665,78.20529666666665 13.143956666666668,78.20520666666667,78.20520666666667 13.140545,78.20511666666667,78.20511666666667 13.137136666666665,78.20502666666665,78.20502666666665 13.13373,78.20493666666667,78.20493666666667 13.130326666666667,78.20484499999999,78.20484499999999 13.126928333333334,78.20475333333334,78.20475333333334 13.123533333333334,78.20465999999999,78.20465999999999 13.120141666666665,78.20456499999999,78.20456499999999 13.11675166666667,78.20447166666666,78.20447166666666 13.113365,78.20437833333335,78.20437833333335 13.109981666666666,78.20428333333332,78.20428333333332 13.1066,78.20418666666667,78.20418666666667 13.103221666666666,78.20408833333332,78.20408833333332 13.099846666666666,78.20398666666668,78.20398666666668 13.096469999999998,78.203885,78.203885 13.093093333333334,78.20378333333333,78.20378333333333 13.089713333333336,78.20368166666667,78.20368166666667 13.08632833333333,78.20357999999999,78.20357999999999 13.082939999999999,78.20348000000001,78.20348000000001 13.079546666666666,78.20338,78.20338 13.076148333333332,78.20327999999999,78.20327999999999 13.072746666666669,78.20318166666667,78.20318166666667 13.069339999999999,78.20308166666666,78.20308166666666 13.065926666666666,78.20298333333334,78.20298333333334 13.062504999999998,78.20288666666669,78.20288666666669 13.059074999999998,78.20279166666666,78.20279166666666 13.05563833333333,78.20269833333333,78.20269833333333 13.052195,78.20260499999999,78.20260499999999 13.048743333333334,78.20251166666668,78.20251166666668 13.045286666666668,78.20241833333333,78.20241833333333 13.041824999999998,78.20232500000002,78.20232500000002 13.038358333333335,78.20222999999999,78.20222999999999 13.034891666666667,78.202135,78.202135 13.031421666666667,78.20203833333333,78.20203833333333 13.027948333333333,78.20194333333333,78.20194333333333 13.024473333333331,78.20184666666668,78.20184666666668 13.020998333333333,78.20174833333333,78.20174833333333 13.017521666666669,78.20165000000001,78.20165000000001 13.014043333333333,78.20155166666666,78.20155166666666 13.010565000000001,78.20145333333335,78.20145333333335 13.007085,78.20135333333333,78.20135333333333 13.003606666666668,78.20125500000002,78.20125500000002 13.000128333333334,78.20115833333332,78.20115833333332 12.996653333333333,78.20106333333334,78.20106333333334 12.993178333333335,78.20096833333334,78.20096833333334 12.989708333333331,78.20087333333332,78.20087333333332 12.986241666666668,78.20078000000001,78.20078000000001 12.982776666666666,78.20068833333333,78.20068833333333 12.979315000000001,78.20059666666666,78.20059666666666 12.975858333333335,78.200505,78.200505 12.972403333333332,78.20041166666668,78.20041166666668 12.968951666666666,78.20032,78.20032 12.965501666666668,78.20022833333333,78.20022833333333 12.962051666666666,78.20013666666667,78.20013666666667 12.958603333333334,78.20004499999999,78.20004499999999 12.955153333333332,78.19995333333334,78.19995333333334 12.951701666666667,78.19986166666666,78.19986166666666 12.948248333333334,78.19977166666666,78.19977166666666 12.944791666666665,78.19968000000001,78.19968000000001 12.941333333333333,78.19959,78.19959 12.937873333333336,78.19949833333332,78.19949833333332 12.934411666666666,78.199405,78.199405 12.93095,78.19931333333335,78.19931333333335 12.927488333333333,78.19921999999998,78.19921999999998 12.924028333333334,78.19912666666667,78.19912666666667 12.920566666666666,78.19903166666666,78.19903166666666 12.917106666666667,78.19893499999999,78.19893499999999 12.913646666666667,78.19883833333334,78.19883833333334 12.910188333333334,78.19873999999999,78.19873999999999 12.906733333333335,78.19864166666667,78.19864166666667 12.903281666666667,78.19854,78.19854 12.899831666666667,78.19843833333333,78.19843833333333 12.89638666666667,78.198335,78.198335 12.892943333333335,78.19823166666666,78.19823166666666 12.889501666666668,78.19812666666667,78.19812666666667 12.886061666666667,78.19802333333334,78.19802333333334 12.882621666666669,78.19792166666666,78.19792166666666 12.879181666666668,78.19781833333333,78.19781833333333 12.875741666666666,78.19771666666666,78.19771666666666 12.872301666666665,78.19761833333334,78.19761833333334 12.868859999999998,78.19752,78.19752 12.865421666666668,78.19742333333333,78.19742333333333 12.861983333333335,78.197325,78.197325 12.858548333333333,78.19722833333333,78.19722833333333 12.855113333333334,78.19713333333333,78.19713333333333 12.851683333333334,78.19703833333334,78.19703833333334 12.848254999999996,78.19694333333334,78.19694333333334 12.844830000000002,78.19684833333334,78.19684833333334 12.841410000000002,78.19675333333332,78.19675333333332 12.837993333333333,78.19665666666666,78.19665666666666 12.834580000000003,78.19656,78.19656 12.831174999999998,78.19645999999999,78.19645999999999 12.827775,78.19636000000001,78.19636000000001 12.824378333333335,78.19625666666667,78.19625666666667 12.820984999999999,78.19614999999999,78.19614999999999 12.817591666666665,78.19604333333334,78.19604333333334 12.81419833333333,78.19593499999999,78.19593499999999 12.810799999999997,78.19582500000001,78.19582500000001 12.807398333333333,78.195715,78.195715 12.803995,78.195605,78.195605 12.800585000000002,78.195495,78.195495 12.79716833333333,78.19538666666666,78.19538666666666 12.793746666666667,78.19528166666667,78.19528166666667 12.790316666666667,78.19517666666668,78.19517666666668 12.786883333333334,78.19507333333333,78.19507333333333 12.783444999999997,78.19497166666667,78.19497166666667 12.780003333333331,78.19487000000001,78.19487000000001 12.776559999999998,78.19476833333333,78.19476833333333 12.773116666666667,78.19466833333333,78.19466833333333 12.769673333333332,78.194565,78.194565 12.766231666666664,78.19446166666665,78.19446166666665 12.762791666666667,78.19435666666666,78.19435666666666 12.759355000000003,78.19425166666667,78.19425166666667 12.755921666666666,78.19414333333334,78.19414333333334 12.752491666666666,78.194035,78.194035 12.749066666666666,78.19392333333333,78.19392333333333 12.745641666666664,78.19381,78.19381 12.742218333333335,78.19369666666667,78.19369666666667 12.738795,78.19358166666666,78.19358166666666 12.735371666666667,78.19346666666667,78.19346666666667 12.731946666666667,78.19335000000001,78.19335000000001 12.728521666666667,78.19323333333332,78.19323333333332 12.725091666666668,78.19311666666667,78.19311666666667 12.721658333333334,78.19299833333332,78.19299833333332 12.71822,78.19288,78.19288 12.714776666666669,78.19276166666667,78.19276166666667 12.711336666666668,78.19264166666666,78.19264166666666 12.707881666666665,78.19252166666668,78.19252166666668 12.704418333333333,78.19240333333333,78.19240333333333 12.700946666666669,78.192285,78.192285 12.697466666666665,78.19216666666665,78.19216666666665 12.693978333333334,78.19205166666669,78.19205166666669 12.69048166666667,78.19193666666666,78.19193666666666 12.68698,78.19182166666667,78.19182166666667 12.683474999999998,78.19170833333334,78.19170833333334 12.679968333333333,78.19159666666667,78.19159666666667 12.676460000000002,78.19148666666666,78.19148666666666 12.672951666666664,78.19137833333332,78.19137833333332 12.669445,78.19127166666667,78.19127166666667 12.665941666666669,78.19116666666666,78.19116666666666 12.662438333333334,78.191065,78.191065 12.658939999999998,78.19096166666667,78.19096166666667 12.655443333333334,78.19085833333332,78.19085833333332 12.651949999999998,78.19075666666666,78.19075666666666 12.648459999999998,78.19065333333333,78.19065333333333 12.644971666666668,78.19055166666668,78.19055166666668 12.641488333333333,78.19044833333335,78.19044833333335 12.638006666666667,78.19034333333335,78.19034333333335 12.634528333333332,78.19023666666666,78.19023666666666 12.631051666666668,78.19013166666667,78.19013166666667 12.627578333333334,78.19002333333333,78.19002333333333 12.624108333333334,78.18991333333332,78.18991333333332 12.620643333333332,78.18980333333334,78.18980333333334 12.617178333333333,78.18968833333332,78.18968833333332 12.613716666666667,78.18957333333333,78.18957333333333 12.610256666666666,78.18945500000001,78.18945500000001 12.6068,78.18933666666666,78.18933666666666 12.603343333333331,78.189215,78.189215 12.599888333333336,78.189095,78.189095 12.596433333333334,78.18897333333332,78.18897333333332 12.592978333333333,78.18885166666668,78.18885166666668 12.589524999999998,78.18872999999999,78.18872999999999 12.586068333333332,78.18860833333332,78.18860833333332 12.582611666666667,78.18848666666666,78.18848666666666 12.579153333333332,78.18836666666665,78.18836666666665 12.575695,78.18824666666667,78.18824666666667 12.572233333333335,78.18812833333332,78.18812833333332 12.568768333333333,78.18801166666667,78.18801166666667 12.565303333333334,78.18789666666666,78.18789666666666 12.561833333333333,78.18778166666667,78.18778166666667 12.558360000000002,78.18766833333333,78.18766833333333 12.554883333333333,78.18755666666667,78.18755666666667 12.551401666666665,78.18744666666666,78.18744666666666 12.547916666666666,78.18733833333333,78.18733833333333 12.544428333333334,78.18722999999999,78.18722999999999 12.540936666666667,78.18712333333333,78.18712333333333 12.537445,78.18701666666665,78.18701666666665 12.533956666666665,78.18691,78.18691 12.53047,78.18680333333333,78.18680333333333 12.526986666666668,78.18669666666665,78.18669666666665 12.523504999999998,78.18659,78.18659 12.520024999999999,78.186485,78.186485 12.516549999999999,78.18637833333334,78.18637833333334 12.51308,78.18627166666666,78.18627166666666 12.509613333333334,78.18616666666667,78.18616666666667 12.50615,78.18606166666667,78.18606166666667 12.502689999999998,78.18595666666667,78.18595666666667 12.499234999999999,78.18585166666668,78.18585166666668 12.49578166666667,78.18574666666666,78.18574666666666 12.492331666666667,78.18564333333333,78.18564333333333 12.488886666666666,78.18553833333333,78.18553833333333 12.485444999999999,78.18543166666667,78.18543166666667 12.48201,78.18532333333333,78.18532333333333 12.478580000000001,78.18521500000001,78.18521500000001 12.475154999999999,78.18510500000001,78.18510500000001 12.471733333333336,78.184995,78.184995 12.468315,78.18488333333333,78.18488333333333 12.4649,78.18477,78.18477 12.461485000000001,78.18465666666667,78.18465666666667 12.458073333333333,78.18454333333334,78.18454333333334 12.454660000000002,78.18443,78.18443 12.451248333333334,78.18431333333332,78.18431333333332 12.447836666666669,78.18419833333336,78.18419833333336 12.444421666666663,78.18408333333333,78.18408333333333 12.441004999999999,78.18396833333334,78.18396833333334 12.43759,78.18385333333335,78.18385333333335 12.434175,78.18374000000001,78.18374000000001 12.430763333333335,78.18362666666665,78.18362666666665 12.427355,78.18351333333332,78.18351333333332 12.423951666666667,78.18339999999999,78.18339999999999 12.420553333333332,78.18328666666666,78.18328666666666 12.417163333333335,78.18317499999999,78.18317499999999 12.413778333333333,78.18306166666666,78.18306166666666 12.410403333333335,78.18294833333333,78.18294833333333 12.407036666666668,78.18283333333333,78.18283333333333 12.40367666666667,78.18271833333333,78.18271833333333 12.400325000000002,78.18260333333333,78.18260333333333 12.396981666666667,78.18248833333334,78.18248833333334 12.393649999999997,78.18237000000002,78.18237000000002 12.390324999999999,78.18225166666667,78.18225166666667 12.387010000000002,78.18213333333333,78.18213333333333 12.383703333333335,78.18201333333333,78.18201333333333 12.380403333333334,78.18189333333332,78.18189333333332 12.377110000000002,78.18177333333334,78.18177333333334 12.373825,78.18165499999999,78.18165499999999 12.370543333333334,78.18153833333334,78.18153833333334 12.36726666666667,78.18142333333334,78.18142333333334 12.363995,78.18131,78.18131 12.360728333333334,78.18119833333334,78.18119833333334 12.357466666666669,78.18108666666667,78.18108666666667 12.354208333333336,78.18097833333333,78.18097833333333 12.350955,78.18087166666665,78.18087166666665 12.347706666666667,78.18076833333332,78.18076833333332 12.344461666666666,78.18066666666667,78.18066666666667 12.34122,78.18056666666666,78.18056666666666 12.337978333333334,78.18046666666667,78.18046666666667 12.334736666666666,78.18036833333333,78.18036833333333 12.331496666666666,78.18027166666667,78.18027166666667 12.328256666666666,78.18017333333333,78.18017333333333 12.325019999999997,78.18007666666666,78.18007666666666 12.321786666666664,78.17997666666666,78.17997666666666 12.318555000000002,78.17987666666666,78.17987666666666 12.315328333333333,78.17977333333334,78.17977333333334 12.312103333333335,78.17966833333332,78.17966833333332 12.308881666666666,78.17956000000001,78.17956000000001 12.305661666666666,78.17945166666667,78.17945166666667 12.302443333333335,78.17934166666667,78.17934166666667 12.299225000000002,78.17923,78.17923 12.296008333333337,78.17911833333332,78.17911833333332 12.29279166666667,78.179005,78.179005 12.289574999999997,78.17889166666667,78.17889166666667 12.286355,78.17877833333334,78.17877833333334 12.283135,78.17866666666667,78.17866666666667 12.279913333333331,78.178555,78.178555 12.27669,78.17844333333333,78.17844333333333 12.273464999999998,78.17833333333333,78.17833333333333 12.270240000000003,78.17822333333332,78.17822333333332 12.267013333333335,78.17811333333334,78.17811333333334 12.263784999999999,78.17800333333334,78.17800333333334 12.260555,78.17789500000002,78.17789500000002 12.257323333333334,78.17778499999999,78.17778499999999 12.254086666666668,78.17767833333333,78.17767833333333 12.250848333333332,78.17757166666667,78.17757166666667 12.247604999999998,78.17746499999998,78.17746499999998 12.24435833333333,78.17736,78.17736 12.241108333333333,78.177255,78.177255 12.237853333333332,78.17715,78.17715 12.234595,78.177045,78.177045 12.231336666666667,78.17693999999999,78.17693999999999 12.228076666666666,78.176835,78.176835 12.224816666666667,78.17672833333333,78.17672833333333 12.221558333333332,78.17662000000001,78.17662000000001 12.218303333333333,78.17651166666667,78.17651166666667 12.21505,78.17640166666666,78.17640166666666 12.211800000000002,78.17628833333333,78.17628833333333 12.208553333333334,78.176175,78.176175 12.205311666666667,78.17605833333334,78.17605833333334 12.202076666666668,78.17594,78.17594 12.198846666666666,78.17582,78.17582 12.195623333333334,78.17570000000002,78.17570000000002 12.192405,78.17557666666666,78.17557666666666 12.18919,78.175455,78.175455 12.185979999999999,78.17533166666666,78.17533166666666 12.18277166666667,78.17520999999999,78.17520999999999 12.179564999999998,78.17508833333333,78.17508833333333 12.176359999999999,78.17496833333333,78.17496833333333 12.173153333333333,78.17484833333332,78.17484833333332 12.169945,78.17473,78.17473 12.166735000000001,78.17461333333334,78.17461333333334 12.16352166666667,78.17449833333333,78.17449833333333 12.160303333333331,78.174385,78.174385 12.157081666666667,78.17427333333333,78.17427333333333 12.153854999999998,78.17416166666666,78.17416166666666 12.150626666666668,78.17405166666667,78.17405166666667 12.147393333333333,78.17394166666666,78.17394166666666 12.144156666666667,78.17383499999998,78.17383499999998 12.140916666666667,78.17372833333333,78.17372833333333 12.137675000000002,78.17362166666668,78.17362166666668 12.134431666666668,78.17351666666667,78.17351666666667 12.131185,78.17341166666665,78.17341166666665 12.127934999999999,78.17330833333335,78.17330833333335 12.124681666666667,78.17320666666666,78.17320666666666 12.121424999999999,78.17310333333332,78.17310333333332 12.118164999999998,78.17300166666668,78.17300166666668 12.114901666666668,78.1729,78.1729 12.11163666666667,78.17279833333333,78.17279833333333 12.108366666666665,78.17269666666667,78.17269666666667 12.105098333333334,78.17259333333332,78.17259333333332 12.10183,78.17249,78.17249 12.098561666666667,78.17238333333334,78.17238333333334 12.095296666666664,78.172275,78.172275 12.092033333333331,78.17216499999999,78.17216499999999 12.08877333333333,78.17205166666666,78.17205166666666 12.085515000000003,78.17193833333334,78.17193833333334 12.08226,78.17182166666667,78.17182166666667 12.079003333333333,78.17170500000002,78.17170500000002 12.075748333333335,78.17158666666667,78.17158666666667 12.072493333333332,78.17146666666666,78.17146666666666 12.069238333333331,78.17134833333333,78.17134833333333 12.06598166666667,78.17122833333332,78.17122833333332 12.062725,78.17110666666667,78.17110666666667 12.059468333333333,78.17098666666666,78.17098666666666 12.056211666666664,78.17086833333333,78.17086833333333 12.052953333333333,78.17075000000001,78.17075000000001 12.049698333333334,78.17063166666667,78.17063166666667 12.046448333333334,78.17051333333335,78.17051333333335 12.043201666666667,78.17039666666666,78.17039666666666 12.039963333333333,78.17028166666667,78.17028166666667 12.036731666666666,78.17016833333334,78.17016833333334 12.033506666666664,78.17005333333333,78.17005333333333 12.030289999999997,78.16994,78.16994 12.027080000000002,78.16982666666667,78.16982666666667 12.023876666666668,78.169715,78.169715 12.02068,78.16960333333333,78.16960333333333 12.017491666666668,78.16949333333334,78.16949333333334 12.014308333333334,78.16938333333333,78.16938333333333 12.011133333333332,78.16927499999998,78.16927499999998 12.007961666666665,78.16916666666667,78.16916666666667 12.004791666666666,78.16905833333333,78.16905833333333 12.001625,78.16895166666667,78.16895166666667 11.998456666666666,78.16884666666667,78.16884666666667 11.995288333333333,78.16873999999999,78.16873999999999 11.992116666666668,78.16863333333333,78.16863333333333 11.988943333333335,78.16852833333334,78.16852833333334 11.985768333333331,78.16842333333334,78.16842333333334 11.982591666666668,78.16831833333335,78.16831833333335 11.979414999999998,78.16821166666666,78.16821166666666 11.976238333333335,78.16810333333332,78.16810333333332 11.973061666666668,78.16799333333334,78.16799333333334 11.969881666666668,78.16788166666667,78.16788166666667 11.9667,78.16777,78.16777 11.963515,78.16765833333334,78.16765833333334 11.960326666666665,78.16754333333334,78.16754333333334 11.957135000000001,78.16743000000001,78.16743000000001 11.953941666666665,78.16731499999999,78.16731499999999 11.950741666666666,78.1672,78.1672 11.94754,78.16708666666666,78.16708666666666 11.944333333333335,78.16697166666667,78.16697166666667 11.94112,78.16685833333334,78.16685833333334 11.937903333333333,78.16674333333334,78.16674333333334 11.934678333333334,78.16663000000001,78.16663000000001 11.931448333333332,78.16651666666665,78.16651666666665 11.928215,78.16640333333332,78.16640333333332 11.924976666666666,78.16628999999999,78.16628999999999 11.921733333333336,78.16617666666666,78.16617666666666 11.918488333333336,78.16606333333333,78.16606333333333 11.915241666666669,78.16595,78.16595 11.911991666666664,78.165835,78.165835 11.908741666666666,78.16572166666667,78.16572166666667 11.905490000000002,78.16560666666666,78.16560666666666 11.902236666666667,78.16549166666667,78.16549166666667 11.89898166666667,78.16537666666667,78.16537666666667 11.895726666666667,78.16525833333333,78.16525833333333 11.892468333333332,78.16514000000001,78.16514000000001 11.889205,78.16502166666666,78.16502166666666 11.885940000000002,78.16490333333333,78.16490333333333 11.882670000000001,78.16478333333332,78.16478333333332 11.879395,78.16466666666666,78.16466666666666 11.876115,78.16454999999998,78.16454999999998 11.872829999999999,78.16443500000001,78.16443500000001 11.869541666666663,78.16432166666665,78.16432166666665 11.866248333333331,78.16420833333332,78.16420833333332 11.862951666666666,78.16409666666665,78.16409666666665 11.859649999999998,78.16398666666667,78.16398666666667 11.856345,78.16387833333333,78.16387833333333 11.853036666666668,78.16377000000001,78.16377000000001 11.849725000000001,78.16366333333333,78.16366333333333 11.846413333333333,78.16355666666666,78.16355666666666 11.843101666666666,78.16345166666667,78.16345166666667 11.839790000000002,78.16334499999999,78.16334499999999 11.836479999999998,78.16324,78.16324 11.833173333333331,78.163135,78.163135 11.829870000000001,78.16302833333332,78.16302833333332 11.826571666666668,78.16292166666666,78.16292166666666 11.823278333333333,78.16281500000001,78.16281500000001 11.819985,78.16270666666667,78.16270666666667 11.816696666666665,78.16259833333334,78.16259833333334 11.813411666666667,78.16248833333333,78.16248833333333 11.810131666666667,78.16237833333332,78.16237833333332 11.806853333333333,78.16226499999999,78.16226499999999 11.803581666666666,78.16215166666666,78.16215166666666 11.800315000000001,78.162035,78.162035 11.797054999999999,78.16191666666667,78.16191666666667 11.793798333333333,78.16179666666666,78.16179666666666 11.79055,78.16167499999999,78.16167499999999 11.787306666666666,78.16155,78.16155 11.784068333333336,78.16142499999998,78.16142499999998 11.780838333333334,78.16129833333333,78.16129833333333 11.777611666666665,78.16116999999998,78.16116999999998 11.774386666666667,78.16104333333334,78.16104333333334 11.771163333333332,78.16091500000002,78.16091500000002 11.767938333333333,78.16078833333334,78.16078833333334 11.764709999999997,78.16066333333332,78.16066333333332 11.761478333333333,78.16054000000001,78.16054000000001 11.758246666666667,78.16041833333333,78.16041833333333 11.755008333333334,78.16029666666665,78.16029666666665 11.751766666666667,78.16018,78.16018 11.74852,78.16006333333333,78.16006333333333 11.745268333333335,78.15994666666667,78.15994666666667 11.74201,78.15983333333334,78.15983333333334 11.738746666666668,78.15972000000001,78.15972000000001 11.73548,78.15960833333334,78.15960833333334 11.73220833333333,78.15949666666667,78.15949666666667 11.728931666666664,78.159385,78.159385 11.725648333333334,78.159275,78.159275 11.722359999999998,78.159165,78.159165 11.719065000000002,78.159055,78.159055 11.71576833333333,78.15894499999999,78.15894499999999 11.712466666666668,78.15883500000001,78.15883500000001 11.709161666666667,78.15872333333334,78.15872333333334 11.705855,78.15861166666667,78.15861166666667 11.702543333333331,78.15849833333334,78.15849833333334 11.699229999999998,78.15838166666668,78.15838166666668 11.695916666666667,78.15826333333332,78.15826333333332 11.692598333333333,78.158145,78.158145 11.68928,78.15802333333333,78.15802333333333 11.68596,78.1579,78.1579 11.682638333333333,78.15777500000002,78.15777500000002 11.679313333333335,78.15764999999999,78.15764999999999 11.675984999999999,78.157525,78.157525 11.672653333333336,78.15740000000001,78.15740000000001 11.669316666666667,78.157275,78.157275 11.665976666666666,78.15714833333334,78.15714833333334 11.662633333333332,78.15702333333334,78.15702333333334 11.65928833333333,78.15689833333333,78.15689833333333 11.655938333333332,78.156775,78.156775 11.652585,78.15665333333334,78.15665333333334 11.649226666666666,78.15653333333333,78.15653333333333 11.645864999999999,78.15641500000001,78.15641500000001 11.642498333333332,78.15629666666666,78.15629666666666 11.63913,78.15617999999999,78.15617999999999 11.63575666666667,78.156065,78.156065 11.632380000000001,78.15595,78.15595 11.628998333333334,78.15583500000001,78.15583500000001 11.625613333333336,78.15572166666668,78.15572166666668 11.622223333333332,78.15560666666669,78.15560666666669 11.618828333333333,78.15549333333333,78.15549333333333 11.61543,78.15538,78.15538 11.612028333333333,78.15526666666666,78.15526666666666 11.608621666666668,78.15515166666667,78.15515166666667 11.605213333333333,78.15503833333334,78.15503833333334 11.601803333333333,78.15492166666665,78.15492166666665 11.598393333333336,78.15480166666666,78.15480166666666 11.594983333333335,78.15468333333334,78.15468333333334 11.591571666666667,78.15456166666667,78.15456166666667 11.588160000000002,78.15444,78.15444 11.584746666666668,78.15431833333334,78.15431833333334 11.581335000000003,78.154195,78.154195 11.577921666666668,78.15407166666667,78.15407166666667 11.574508333333332,78.15394666666666,78.15394666666666 11.571093333333334,78.15382333333332,78.15382333333332 11.567676666666669,78.1537,78.1537 11.56426,78.153575,78.153575 11.560839999999999,78.15345,78.15345 11.557416666666665,78.15332333333333,78.15332333333333 11.553988333333333,78.15319666666666,78.15319666666666 11.550556666666667,78.15306666666667,78.15306666666667 11.547121666666666,78.15293666666668,78.15293666666668 11.543685000000002,78.152805,78.152805 11.540243333333335,78.152675,78.152675 11.536798333333333,78.15254166666668,78.15254166666668 11.533351666666665,78.15240999999999,78.15240999999999 11.529898333333332,78.15227666666665,78.15227666666665 11.526441666666665,78.15214500000002,78.15214500000002 11.522979999999999,78.15201166666667,78.15201166666667 11.519515,78.15187999999999,78.15187999999999 11.516043333333336,78.15174833333333,78.15174833333333 11.512566666666666,78.15161833333333,78.15161833333333 11.509088333333333,78.15148666666666,78.15148666666666 11.505606666666663,78.15135666666666,78.15135666666666 11.502123333333335,78.15122666666666,78.15122666666666 11.49864,78.15109500000001,78.15109500000001 11.495155,78.15096499999999,78.15096499999999 11.491671666666665,78.150835,78.150835 11.488190000000003,78.150705,78.150705 11.484708333333334,78.150575,78.150575 11.481228333333336,78.15044666666665,78.15044666666665 11.477748333333334,78.15031833333335,78.15031833333335 11.474270000000002,78.15019166666666,78.15019166666666 11.470793333333331,78.15006499999998,78.15006499999998 11.467318333333333,78.14993999999999,78.14993999999999 11.463845,78.149815,78.149815 11.460375,78.14969166666667,78.14969166666667 11.456908333333335,78.14957,78.14957 11.453443333333334,78.14944833333334,78.14944833333334 11.449981666666668,78.14932833333333,78.14932833333333 11.446523333333335,78.14920833333335,78.14920833333335 11.443071666666667,78.14908999999999,78.14908999999999 11.439623333333335,78.14896833333334,78.14896833333334 11.436185,78.14884833333333,78.14884833333333 11.432753333333334,78.14872666666666,78.14872666666666 11.42933,78.148605,78.148605 11.425915,78.14848166666667,78.14848166666667 11.422508333333335,78.14835833333333,78.14835833333333 11.419106666666668,78.14823500000001,78.14823500000001 11.415708333333335,78.14811166666665,78.14811166666665 11.412315,78.14799,78.14799 11.408925,78.14786666666669,78.14786666666669 11.405539999999998,78.14774333333332,78.14774333333332 11.402158333333334,78.14761833333334,78.14761833333334 11.398779999999999,78.147495,78.147495 11.395401666666665,78.14737,78.14737 11.392026666666668,78.14724333333334,78.14724333333334 11.388651666666666,78.147115,78.147115 11.385278333333336,78.14698666666665,78.14698666666665 11.381901666666668,78.14685833333334,78.14685833333334 11.37852333333333,78.14672999999999,78.14672999999999 11.375145,78.14660000000002,78.14660000000002 11.371765000000002,78.14646833333333,78.14646833333333 11.368385,78.14633666666666,78.14633666666666 11.365003333333332,78.146205,78.146205 11.36162,78.14607333333333,78.14607333333333 11.358234999999999,78.14594,78.14594 11.354845,78.14580666666667,78.14580666666667 11.351451666666666,78.14567500000001,78.14567500000001 11.348055,78.14554333333334,78.14554333333334 11.344656666666667,78.14541166666665,78.14541166666665 11.341256666666668,78.14528000000001,78.14528000000001 11.337856666666667,78.14514833333332,78.14514833333332 11.334453333333332,78.14501666666668,78.14501666666668 11.331051666666667,78.14488500000002,78.14488500000002 11.32765,78.14475333333333,78.14475333333333 11.324246666666665,78.14462166666668,78.14462166666668 11.320845000000002,78.14449166666668,78.14449166666668 11.317441666666666,78.14436166666665,78.14436166666665 11.314036666666668,78.14423333333333,78.14423333333333 11.31063,78.14410500000001,78.14410500000001 11.30722,78.14397666666667,78.14397666666667 11.303808333333334,78.14385166666666,78.14385166666666 11.300391666666666,78.14372666666667,78.14372666666667 11.296975000000002,78.14360166666667,78.14360166666667 11.293553333333335,78.14347666666666,78.14347666666666 11.29013,78.14335333333332,78.14335333333332 11.286705,78.14323,78.14323 11.283278333333334,78.14310666666667,78.14310666666667 11.279851666666664,78.14298333333333,78.14298333333333 11.276424999999998,78.14286166666668,78.14286166666668 11.27300166666667,78.14274,78.14274 11.26958,78.14261833333333,78.14261833333333 11.266163333333335,78.14249666666667,78.14249666666667 11.262753333333334,78.14237666666666,78.14237666666666 11.259348333333334,78.14225666666665,78.14225666666665 11.255951666666666,78.14213833333334,78.14213833333334 11.252561666666669,78.14202,78.14202 11.24918,78.14189999999999,78.14189999999999 11.245804999999999,78.14178333333334,78.14178333333334 11.242436666666666,78.14166499999999,78.14166499999999 11.239075,78.14154666666667,78.14154666666667 11.23572,78.14142833333334,78.14142833333334 11.23237,78.14131166666665,78.14131166666665 11.229028333333336,78.14119333333333,78.14119333333333 11.225691666666666,78.14107666666668,78.14107666666668 11.222358333333332,78.14095999999999,78.14095999999999 11.219030000000004,78.140845,78.140845 11.215706666666664,78.14073,78.14073 11.212390000000001,78.14061666666666,78.14061666666666 11.209076666666666,78.14050166666667,78.14050166666667 11.20577,78.14038666666667,78.14038666666667 11.202468333333336,78.14026999999999,78.14026999999999 11.19917,78.14015166666667,78.14015166666667 11.195873333333335,78.14003166666666,78.14003166666666 11.192576666666668,78.13991333333334,78.13991333333334 11.189281666666666,78.139795,78.139795 11.185986666666667,78.13967666666669,78.13967666666669 11.182691666666663,78.13955666666668,78.13955666666668 11.179399999999998,78.13943666666667,78.13943666666667 11.17610833333333,78.13931666666667,78.13931666666667 11.172818333333332,78.13919666666666,78.13919666666666 11.16953,78.13907666666668,78.13907666666668 11.166245000000002,78.138955,78.138955 11.162963333333334,78.13883166666666,78.13883166666666 11.159685000000001,78.13870666666666,78.13870666666666 11.15640833333333,78.13858166666668,78.13858166666668 11.153133333333336,78.13845333333333,78.13845333333333 11.149863333333334,78.13832333333333,78.13832333333333 11.14659333333333,78.13819333333333,78.13819333333333 11.143323333333335,78.13806333333332,78.13806333333332 11.140051666666666,78.13793333333332,78.13793333333332 11.136778333333334,78.13780166666668,78.13780166666668 11.133503333333334,78.13766833333335,78.13766833333335 11.130223333333333,78.137535,78.137535 11.126934999999998,78.13740166666668,78.13740166666668 11.123640000000002,78.13726666666666,78.13726666666666 11.120338333333333,78.13713166666666,78.13713166666666 11.117031666666666,78.13699666666668,78.13699666666668 11.113713333333333,78.13686,78.13686 11.110389999999999,78.13672333333335,78.13672333333335 11.107058333333336,78.13658666666667,78.13658666666667 11.103721666666669,78.13644833333333,78.13644833333333 11.100380000000001,78.13631000000001,78.13631000000001 11.097036666666668,78.13617333333333,78.13617333333333 11.093688333333333,78.13603833333332,78.13603833333332 11.090338333333332,78.13590333333333,78.13590333333333 11.086985,78.13577000000001,78.13577000000001 11.083631666666667,78.13563666666667,78.13563666666667 11.08027666666667,78.13550499999998,78.13550499999998 11.07692,78.13537333333335,78.13537333333335 11.073564999999999,78.135245,78.135245 11.070208333333333,78.13511666666666,78.13511666666666 11.06685333333333,78.13499,78.13499 11.0635,78.13486500000002,78.13486500000002 11.06014833333333,78.13474,78.13474 11.056796666666665,78.13461833333334,78.13461833333334 11.053446666666664,78.134495,78.134495 11.050101666666666,78.13437166666667,78.13437166666667 11.046756666666665,78.13425000000001,78.13425000000001 11.043413333333335,78.13412666666667,78.13412666666667 11.040071666666664,78.13400333333334,78.13400333333334 11.036731666666666,78.13387999999999,78.13387999999999 11.03339,78.13375666666668,78.13375666666668 11.030051666666667,78.13363333333334,78.13363333333334 11.026713333333332,78.13351,78.13351 11.023376666666666,78.133385,78.133385 11.020039999999998,78.13326166666668,78.13326166666668 11.016705,78.13313666666666,78.13313666666666 11.01337,78.13301166666668,78.13301166666668 11.010036666666666,78.13288666666668,78.13288666666668 11.006701666666666,78.13276166666667,78.13276166666667 11.003366666666667,78.13263833333333,78.13263833333333 11.000033333333333,78.13251333333332,78.13251333333332 10.996698333333331,78.13239000000002,78.13239000000002 10.993364999999997,78.13226500000002,78.13226500000002 10.99003,78.13214,78.13214 10.986695000000001,78.13201666666667,78.13201666666667 10.983361666666665,78.13189166666666,78.13189166666666 10.98003,78.131765,78.131765 10.976700000000003,78.13163666666667,78.13163666666667 10.973373333333333,78.13150833333334,78.13150833333334 10.970048333333335,78.13137833333334,78.13137833333334 10.966725,78.13124833333333,78.13124833333333 10.963403333333334,78.13111833333333,78.13111833333333 10.96008166666667,78.13098666666667,78.13098666666667 10.956760000000001,78.130855,78.130855 10.953435000000002,78.13072333333334,78.13072333333334 10.950111666666666,78.13059000000001,78.13059000000001 10.946785,78.13045833333334,78.13045833333334 10.943458333333336,78.13032666666665,78.13032666666665 10.94013,78.13019500000001,78.13019500000001 10.936800000000003,78.13006333333333,78.13006333333333 10.93347,78.12992999999999,78.12992999999999 10.930141666666668,78.12979833333333,78.12979833333333 10.926811666666666,78.129665,78.129665 10.92348,78.12953333333333,78.12953333333333 10.92014666666667,78.1294,78.1294 10.91681166666667,78.12926666666668,78.12926666666668 10.913473333333332,78.12913333333333,78.12913333333333 10.910131666666665,78.12899999999999,78.12899999999999 10.906784999999998,78.128865,78.128865 10.903435,78.12873166666668,78.12873166666668 10.900079999999997,78.12859833333333,78.12859833333333 10.896723333333332,78.12846499999999,78.12846499999999 10.893361666666665,78.12833166666667,78.12833166666667 10.889996666666665,78.12819666666665,78.12819666666665 10.886628333333332,78.12806333333333,78.12806333333333 10.883256666666666,78.12792999999999,78.12792999999999 10.879881666666664,78.12779666666667,78.12779666666667 10.876506666666668,78.12766333333335,78.12766333333335 10.873131666666666,78.12753,78.12753 10.86975666666667,78.12739666666666,78.12739666666666 10.866383333333332,78.12726333333333,78.12726333333333 10.863011666666665,78.12713000000001,78.12713000000001 10.859643333333334,78.12699500000001,78.12699500000001 10.856276666666668,78.12686,78.12686 10.852911666666666,78.12672500000001,78.12672500000001 10.849549999999999,78.12658833333333,78.12658833333333 10.84619,78.12645333333334,78.12645333333334 10.842834999999997,78.126315,78.126315 10.839483333333332,78.12617833333334,78.12617833333334 10.836136666666668,78.12604,78.12604 10.832791666666667,78.12590166666666,78.12590166666666 10.829451666666667,78.12576499999999,78.12576499999999 10.826113333333334,78.12562833333334,78.12562833333334 10.822776666666668,78.12549333333332,78.12549333333332 10.819443333333334,78.12536,78.12536 10.816111666666664,78.12522999999999,78.12522999999999 10.812781666666668,78.12510166666665,78.12510166666665 10.809451666666666,78.12497499999999,78.12497499999999 10.806123333333334,78.12485000000001,78.12485000000001 10.802799999999998,78.12472333333332,78.12472333333332 10.799476666666665,78.12459833333334,78.12459833333334 10.796154999999997,78.12447333333331,78.12447333333331 10.792834999999998,78.12435,78.12435 10.789516666666668,78.124225,78.124225 10.786201666666667,78.1241,78.1241 10.782890000000002,78.12397333333332,78.12397333333332 10.779578333333331,78.12384833333333,78.12384833333333 10.776268333333334,78.12372166666668,78.12372166666668 10.772960000000001,78.12359333333333,78.12359333333333 10.769653333333334,78.12346333333333,78.12346333333333 10.766348333333333,78.123335,78.123335 10.76304,78.12320666666665,78.12320666666665 10.759733333333333,78.12308,78.12308 10.756426666666666,78.12295333333334,78.12295333333334 10.753121666666669,78.12282666666667,78.12282666666667 10.749816666666666,78.12270000000001,78.12270000000001 10.746511666666668,78.12257666666666,78.12257666666666 10.743208333333332,78.12245500000002,78.12245500000002 10.739908333333336,78.12233333333334,78.12233333333334 10.73661,78.12221166666667,78.12221166666667 10.733313333333335,78.12209166666668,78.12209166666668 10.730020000000001,78.12197333333333,78.12197333333333 10.726730000000003,78.12185500000001,78.12185500000001 10.723441666666668,78.12173666666666,78.12173666666666 10.720156666666666,78.12162,78.12162 10.716875,78.12150333333334,78.12150333333334 10.713598333333335,78.12138666666668,78.12138666666668 10.710325,78.12127,78.12127 10.707056666666665,78.12115166666668,78.12115166666668 10.703791666666666,78.12103333333333,78.12103333333333 10.70053,78.12091333333333,78.12091333333333 10.697273333333332,78.12079333333332,78.12079333333332 10.694020000000002,78.12066999999999,78.12066999999999 10.690771666666668,78.120545,78.120545 10.687525,78.12041999999998,78.12041999999998 10.684280000000003,78.12029166666667,78.12029166666667 10.68103666666667,78.12016166666666,78.12016166666666 10.677796666666666,78.12003,78.12003 10.674558333333334,78.11989833333334,78.11989833333334 10.67132,78.119765,78.119765 10.668081666666668,78.11963333333334,78.11963333333334 10.664845,78.11949833333333,78.11949833333333 10.661606666666668,78.119365,78.119365 10.658366666666664,78.11923,78.11923 10.655125,78.11909499999999,78.11909499999999 10.651881666666668,78.11896166666666,78.11896166666666 10.648638333333334,78.11882666666668,78.11882666666668 10.645391666666667,78.11869,78.11869 10.642141666666666,78.118555,78.118555 10.638888333333334,78.11841999999999,78.11841999999999 10.635631666666665,78.118285,78.118285 10.632371666666666,78.11815000000001,78.11815000000001 10.629106666666667,78.11801666666666,78.11801666666666 10.625836666666665,78.11788333333332,78.11788333333332 10.622561666666664,78.11775,78.11775 10.619281666666666,78.11761833333334,78.11761833333334 10.615993333333332,78.11748666666666,78.11748666666666 10.612699999999998,78.11735333333331,78.11735333333331 10.609398333333337,78.11722166666668,78.11722166666668 10.606089999999998,78.11709,78.11709 10.602775000000001,78.11695666666665,78.11695666666665 10.599456666666667,78.11682499999999,78.11682499999999 10.596133333333334,78.11669166666667,78.11669166666667 10.592808333333336,78.11655833333333,78.11655833333333 10.589481666666666,78.116425,78.116425 10.586151666666668,78.11628999999999,78.11628999999999 10.582821666666668,78.116155,78.116155 10.57949166666667,78.11601999999999,78.11601999999999 10.576161666666666,78.11588499999999,78.11588499999999 10.572835000000001,78.11574666666668,78.11574666666668 10.569508333333332,78.11561,78.11561 10.566183333333333,78.11547333333333,78.11547333333333 10.562856666666667,78.11533500000002,78.11533500000002 10.559531666666665,78.11519666666668,78.11519666666668 10.556203333333332,78.11505833333334,78.11505833333334 10.552874999999998,78.11492,78.11492 10.549543333333334,78.11478166666667,78.11478166666667 10.54621,78.11464333333333,78.11464333333333 10.542876666666666,78.11450666666666,78.11450666666666 10.539541666666667,78.11436833333335,78.11436833333335 10.536204999999997,78.11423166666667,78.11423166666667 10.532866666666667,78.11409333333333,78.11409333333333 10.52953,78.11395666666668,78.11395666666668 10.526191666666668,78.11382,78.11382 10.522855,78.113685,78.113685 10.519516666666666,78.11354833333333,78.11354833333333 10.516178333333336,78.11341166666665,78.11341166666665 10.512840000000002,78.11327666666666,78.11327666666666 10.509501666666665,78.11314000000002,78.11314000000002 10.506163333333332,78.113005,78.113005 10.502825000000001,78.11287166666666,78.11287166666666 10.499488333333332,78.11273666666665,78.11273666666665 10.496149999999998,78.11260166666666,78.11260166666666 10.492813333333334,78.11246666666665,78.11246666666665 10.489476666666668,78.11233333333332,78.11233333333332 10.486141666666665,78.11219833333332,78.11219833333332 10.482806666666665,78.112065,78.112065 10.479471666666665,78.11193000000002,78.11193000000002 10.476138333333331,78.11179666666666,78.11179666666666 10.472806666666669,78.11166333333333,78.11166333333333 10.469473333333333,78.11153166666666,78.11153166666666 10.466143333333333,78.11139833333334,78.11139833333334 10.462811666666667,78.11126666666667,78.11126666666667 10.459480000000001,78.111135,78.111135 10.456148333333331,78.11100333333334,78.11100333333334 10.452816666666669,78.11087333333333,78.11087333333333 10.449486666666665,78.11074333333333,78.11074333333333 10.446155,78.11061333333333,78.11061333333333 10.442823333333337,78.11048500000001,78.11048500000001 10.439491666666667,78.11035666666668,78.11035666666668 10.436158333333333,78.11022833333332,78.11022833333332 10.432824999999998,78.11009999999999,78.11009999999999 10.429493333333335,78.10997166666667,78.10997166666667 10.426161666666665,78.10984333333333,78.10984333333333 10.42283,78.10971500000001,78.10971500000001 10.419501666666667,78.10958500000001,78.10958500000001 10.416174999999997,78.10945500000001,78.10945500000001 10.412849999999999,78.10932333333334,78.10932333333334 10.409525,78.10919166666665,78.10919166666665 10.406203333333334,78.10906000000001,78.10906000000001 10.402881666666666,78.10892666666668,78.10892666666668 10.399560000000001,78.10879333333332,78.10879333333332 10.396239999999999,78.10866,78.10866 10.39292,78.10852666666668,78.10852666666668 10.3896,78.108395,78.108395 10.386281666666667,78.10826166666668,78.10826166666668 10.382963333333333,78.10812833333333,78.10812833333333 10.379646666666668,78.10799333333334,78.10799333333334 10.37633,78.10786,78.10786 10.373013333333333,78.10772666666668,78.10772666666668 10.369701666666668,78.10759166666666,78.10759166666666 10.366389999999997,78.10745499999999,78.10745499999999 10.363083333333334,78.10731833333334,78.10731833333334 10.359776666666667,78.10718,78.10718 10.356473333333334,78.10704000000001,78.10704000000001 10.35317333333333,78.1069,78.1069 10.349875,78.10675833333333,78.10675833333333 10.346576666666666,78.10661666666667,78.10661666666667 10.34328,78.10647333333334,78.10647333333334 10.339983333333333,78.10632999999999,78.10632999999999 10.336685000000001,78.10618833333332,78.10618833333332 10.333386666666668,78.10604666666666,78.10604666666666 10.330086666666668,78.10590666666668,78.10590666666668 10.326785,78.10576666666665,78.10576666666665 10.323481666666666,78.10562833333334,78.10562833333334 10.320179999999999,78.10549,78.10549 10.316876666666666,78.10535333333334,78.10535333333334 10.313573333333332,78.10521666666666,78.10521666666666 10.310271666666667,78.10507999999999,78.10507999999999 10.30697,78.10494333333334,78.10494333333334 10.30367,78.10480833333332,78.10480833333332 10.300370000000001,78.10467166666668,78.10467166666668 10.297071666666668,78.10453666666668,78.10453666666668 10.293773333333332,78.1044,78.1044 10.290476666666667,78.10426500000001,78.10426500000001 10.287180000000001,78.10413,78.10413 10.283881666666668,78.10399333333332,78.10399333333332 10.280584999999999,78.10385833333333,78.10385833333333 10.277286666666669,78.103725,78.103725 10.273988333333334,78.10359000000001,78.10359000000001 10.270691666666666,78.10345666666666,78.10345666666666 10.267395,78.103325,78.103325 10.264098333333335,78.10319166666666,78.10319166666666 10.260803333333333,78.10306,78.10306 10.257508333333334,78.10292833333334,78.10292833333334 10.254213333333334,78.10279666666666,78.10279666666666 10.250921666666667,78.102665,78.102665 10.247631666666667,78.10253333333334,78.10253333333334 10.244341666666665,78.10240166666667,78.10240166666667 10.241053333333333,78.10227166666667,78.10227166666667 10.237765,78.10214,78.10214 10.234478333333334,78.10200833333333,78.10200833333333 10.231195,78.10187666666667,78.10187666666667 10.227913333333335,78.10174333333332,78.10174333333332 10.224635000000001,78.10161,78.10161 10.22136,78.10147666666666,78.10147666666666 10.218086666666665,78.10134166666667,78.10134166666667 10.214816666666668,78.101205,78.101205 10.211548333333335,78.10106833333332,78.10106833333332 10.208281666666666,78.10093333333333,78.10093333333333 10.205016666666667,78.10079666666667,78.10079666666667 10.201751666666667,78.10065999999999,78.10065999999999 10.198490000000001,78.100525,78.100525 10.195228333333333,78.10038833333333,78.10038833333333 10.191966666666668,78.10025333333334,78.10025333333334 10.188704999999999,78.10012,78.10012 10.185441666666666,78.09998499999999,78.09998499999999 10.182178333333333,78.09985166666667,78.09985166666667 10.178913333333334,78.09971833333334,78.09971833333334 10.175646666666665,78.09958666666667,78.09958666666667 10.172380000000002,78.09945333333334,78.09945333333334 10.169111666666666,78.09932166666668,78.09932166666668 10.165841666666667,78.09919,78.09919 10.162571666666667,78.09905833333335,78.09905833333335 10.159296666666666,78.098925,78.098925 10.156023333333334,78.09879333333333,78.09879333333333 10.152748333333333,78.09866,78.09866 10.149469999999999,78.09852666666667,78.09852666666667 10.146188333333335,78.09839166666669,78.09839166666669 10.142905,78.09825666666667,78.09825666666667 10.139618333333335,78.09812000000001,78.09812000000001 10.13633,78.09798166666666,78.09798166666666 10.133036666666667,78.09784166666667,78.09784166666667 10.129740000000002,78.09770166666667,78.09770166666667 10.126440000000002,78.09756166666666,78.09756166666666 10.12314,78.09742,78.09742 10.119836666666666,78.09727666666666,78.09727666666666 10.116535,78.097135,78.097135 10.113231666666668,78.09699333333333,78.09699333333333 10.109928333333333,78.09685,78.09685 10.106626666666667,78.09670833333334,78.09670833333334 10.103325,78.09656499999998,78.09656499999998 10.100026666666668,78.09642,78.09642 10.096729999999999,78.09627666666667,78.09627666666667 10.093433333333333,78.09613166666665,78.09613166666665 10.090136666666666,78.09598666666666,78.09598666666666 10.086841666666668,78.09584166666667,78.09584166666667 10.083548333333333,78.09569833333333,78.09569833333333 10.080258333333335,78.09555333333334,78.09555333333334 10.076968333333335,78.09541166666668,78.09541166666668 10.07368,78.09527000000001,78.09527000000001 10.070391666666666,78.09512833333332,78.09512833333332 10.067103333333334,78.09498833333335,78.09498833333335 10.063814999999998,78.09485166666667,78.09485166666667 10.060526666666668,78.094715,78.094715 10.057239999999998,78.09458,78.09458 10.053953333333334,78.09444500000001,78.09444500000001 10.050668333333336,78.09431,78.09431 10.047383333333334,78.094175,78.094175 10.044101666666668,78.09403999999999,78.09403999999999 10.04082,78.09390666666665,78.09390666666665 10.037543333333335,78.09377333333333,78.09377333333333 10.034268333333335,78.09363833333335,78.09363833333335 10.030998333333333,78.09350333333333,78.09350333333333 10.02773,78.09336833333333,78.09336833333333 10.024466666666667,78.09323333333334,78.09323333333334 10.021204999999998,78.09309666666667,78.09309666666667 10.017945,78.09295999999999,78.09295999999999 10.014688333333334,78.09282166666668,78.09282166666668 10.011431666666665,78.09268166666668,78.09268166666668 10.008178333333332,78.09254166666668,78.09254166666668 10.004925,78.09240166666667,78.09240166666667 10.001673333333333,78.09226000000001,78.09226000000001 9.998423333333335,78.09211833333335,78.09211833333335 9.995173333333334,78.09197666666668,78.09197666666668 9.991923333333334,78.09183333333333,78.09183333333333 9.988671666666665,78.09169166666666,78.09169166666666 9.985419999999998,78.09154833333334,78.09154833333334 9.982165,78.09140500000001,78.09140500000001 9.978908333333335,78.09126166666665,78.09126166666665 9.975648333333332,78.09111833333333,78.09111833333333 9.972386666666667,78.090975,78.090975 9.969121666666664,78.09083166666666,78.09083166666666 9.965856666666665,78.09068833333335,78.09068833333335 9.962589999999999,78.09054333333334,78.09054333333334 9.959325,78.09039999999999,78.09039999999999 9.956058333333335,78.090255,78.090255 9.952791666666668,78.09011000000001,78.09011000000001 9.949521666666667,78.08996666666665,78.08996666666665 9.946248333333331,78.08982166666667,78.08982166666667 9.942971666666667,78.08968,78.08968 9.939693333333334,78.08953666666666,78.08953666666666 9.936410000000002,78.08939666666667,78.08939666666667 9.933125,78.08925666666667,78.08925666666667 9.929838333333333,78.08911666666667,78.08911666666667 9.926551666666668,78.08897666666667,78.08897666666667 9.923264999999999,78.08883666666667,78.08883666666667 9.919979999999999,78.08869666666666,78.08869666666666 9.916696666666667,78.08855666666666,78.08855666666666 9.913413333333333,78.08841666666666,78.08841666666666 9.910135000000002,78.088275,78.088275 9.906858333333332,78.08813333333333,78.08813333333333 9.903583333333332,78.08799166666667,78.08799166666667 9.900308333333335,78.08784999999999,78.08784999999999 9.897031666666667,78.08770833333332,78.08770833333332 9.893755,78.08756666666666,78.08756666666666 9.890476666666666,78.08742666666667,78.08742666666667 9.887195000000002,78.08728666666666,78.08728666666666 9.883913333333334,78.08714833333333,78.08714833333333 9.880628333333334,78.08700999999999,78.08700999999999 9.877343333333332,78.08687166666665,78.08687166666665 9.874058333333334,78.086735,78.086735 9.870771666666666,78.08659833333333,78.08659833333333 9.867485,78.08646000000002,78.08646000000002 9.864196666666667,78.08632333333334,78.08632333333334 9.860906666666667,78.08618666666666,78.08618666666666 9.857618333333333,78.08604999999999,78.08604999999999 9.854328333333333,78.08591333333332,78.08591333333332 9.851038333333335,78.08577666666667,78.08577666666667 9.84775,78.08564,78.08564 9.844461666666666,78.08550333333332,78.08550333333332 9.841175,78.08536666666667,78.08536666666667 9.837891666666666,78.08522833333333,78.08522833333333 9.834608333333332,78.08509166666666,78.08509166666666 9.831326666666667,78.08495333333333,78.08495333333333 9.828046666666667,78.08481499999999,78.08481499999999 9.824770000000003,78.08467499999999,78.08467499999999 9.821493333333333,78.08453500000002,78.08453500000002 9.818220000000002,78.08439499999999,78.08439499999999 9.81495,78.08425499999998,78.08425499999998 9.811681666666667,78.08411500000001,78.08411500000001 9.808415,78.08397499999998,78.08397499999998 9.805149999999998,78.08383333333332,78.08383333333332 9.801886666666668,78.08369333333334,78.08369333333334 9.798623333333333,78.08355333333334,78.08355333333334 9.79536,78.08341166666668,78.08341166666668 9.792095000000002,78.08327166666665,78.08327166666665 9.788831666666665,78.08313166666667,78.08313166666667 9.785566666666666,78.08299166666667,78.08299166666667 9.7823,78.08285166666667,78.08285166666667 9.77903333333333,78.08271166666667,78.08271166666667 9.775763333333334,78.08257166666667,78.08257166666667 9.772493333333331,78.08243,78.08243 9.769221666666665,78.08229,78.08229 9.765948333333334,78.08214833333334,78.08214833333334 9.762673333333334,78.08200499999998,78.08200499999998 9.759398333333333,78.08186166666665,78.08186166666665 9.756120000000001,78.08171666666667,78.08171666666667 9.752843333333333,78.08157166666666,78.08157166666666 9.749563333333333,78.08142666666667,78.08142666666667 9.746284999999999,78.08127999999999,78.08127999999999 9.743005,78.08113333333334,78.08113333333334 9.739726666666666,78.08098666666666,78.08098666666666 9.736445,78.08084000000001,78.08084000000001 9.733165000000001,78.08069333333334,78.08069333333334 9.729881666666667,78.08054666666666,78.08054666666666 9.726598333333333,78.08039999999998,78.08039999999998 9.723313333333335,78.08025333333333,78.08025333333333 9.720025,78.08010833333333,78.08010833333333 9.716736666666668,78.07996333333334,78.07996333333334 9.713448333333334,78.07981833333332,78.07981833333332 9.710158333333334,78.07967333333333,78.07967333333333 9.70687,78.07953,78.07953 9.70358,78.07938833333331,78.07938833333331 9.700288333333333,78.07924833333334,78.07924833333334 9.696996666666667,78.07911,78.07911 9.693705000000001,78.07897333333335,78.07897333333335 9.690411666666666,78.07883833333334,78.07883833333334 9.687116666666666,78.078705,78.078705 9.683824999999999,78.07857166666665,78.07857166666665 9.680534999999999,78.07843666666666,78.07843666666666 9.677248333333335,78.07830000000001,78.07830000000001 9.673963333333335,78.07816333333334,78.07816333333334 9.670683333333333,78.078025,78.078025 9.667406666666666,78.07788666666667,78.07788666666667 9.664135,78.07774666666666,78.07774666666666 9.660866666666667,78.07760499999999,78.07760499999999 9.657603333333334,78.07746333333333,78.07746333333333 9.654341666666665,78.07732333333334,78.07732333333334 9.651081666666666,78.07718166666668,78.07718166666668 9.647825000000001,78.07704166666667,78.07704166666667 9.64457,78.07690166666666,78.07690166666666 9.641314999999999,78.07676333333333,78.07676333333333 9.638061666666667,78.07662666666666,78.07662666666666 9.634808333333332,78.07648833333332,78.07648833333332 9.631555,78.07635166666667,78.07635166666667 9.628303333333333,78.07621499999999,78.07621499999999 9.625053333333332,78.07607833333334,78.07607833333334 9.621805000000002,78.07594166666667,78.07594166666667 9.618556666666667,78.075805,78.075805 9.615313333333335,78.07567000000002,78.07567000000002 9.612071666666667,78.07553333333334,78.07553333333334 9.608831666666667,78.07539666666666,78.07539666666666 9.605595000000001,78.07525833333335,78.07525833333335 9.602360000000001,78.07512166666667,78.07512166666667 9.599128333333333,78.07498333333334,78.07498333333334 9.5959,78.07484500000001,78.07484500000001 9.592673333333332,78.074705,78.074705 9.589448333333333,78.07456666666667,78.07456666666667 9.586224999999999,78.074425,78.074425 9.583005000000002,78.07428333333334,78.07428333333334 9.579786666666667,78.07414166666668,78.07414166666668 9.576570000000002,78.07399833333334,78.07399833333334 9.573353333333332,78.07385500000001,78.07385500000001 9.570138333333334,78.07371166666668,78.07371166666668 9.566925,78.07356833333333,78.07356833333333 9.563711666666666,78.073425,78.073425 9.560496666666669,78.07328166666667,78.07328166666667 9.557283333333332,78.07313833333332,78.07313833333332 9.554068333333332,78.07299666666665,78.07299666666665 9.550855,78.07285666666665,78.07285666666665 9.54764,78.07271666666668,78.07271666666668 9.544428333333334,78.07257666666665,78.07257666666665 9.541215,78.07243833333334,78.07243833333334 9.538003333333336,78.0723,78.0723 9.534793333333333,78.07216166666666,78.07216166666666 9.531583333333332,78.07202333333332,78.07202333333332 9.528373333333333,78.07188666666667,78.07188666666667 9.525163333333335,78.07175000000001,78.07175000000001 9.521951666666668,78.07161166666667,78.07161166666667 9.518740000000001,78.07147499999999,78.07147499999999 9.515525,78.07133666666665,78.07133666666665 9.512311666666667,78.07119666666668,78.07119666666668 9.509095,78.07105666666665,78.07105666666665 9.505878333333335,78.07091499999999,78.07091499999999 9.502661666666668,78.07077166666666,78.07077166666666 9.499441666666666,78.07062833333333,78.07062833333333 9.49622,78.07048333333334,78.07048333333334 9.492995,78.07033833333334,78.07033833333334 9.489766666666668,78.07019333333332,78.07019333333332 9.486535,78.07004666666667,78.07004666666667 9.4833,78.06990000000002,78.06990000000002 9.48006,78.069755,78.069755 9.476816666666666,78.06960666666667,78.06960666666667 9.473571666666667,78.06945999999999,78.06945999999999 9.470323333333331,78.06931166666665,78.06931166666665 9.467071666666667,78.06916333333334,78.06916333333334 9.463818333333336,78.06901500000001,78.06901500000001 9.460563333333331,78.068865,78.068865 9.457306666666666,78.068715,78.068715 9.454048333333331,78.06856333333334,78.06856333333334 9.450786666666666,78.06841333333334,78.06841333333334 9.447523333333333,78.06826166666666,78.06826166666666 9.444260000000002,78.06810999999999,78.06810999999999 9.440995000000001,78.06795833333332,78.06795833333332 9.437729999999998,78.06780833333333,78.06780833333333 9.434466666666667,78.06765833333333,78.06765833333333 9.431201666666668,78.06750833333332,78.06750833333332 9.427938333333332,78.06736,78.06736 9.424676666666667,78.06721166666665,78.06721166666665 9.421413333333334,78.067065,78.067065 9.418153333333334,78.06691833333332,78.06691833333332 9.414895,78.06677333333333,78.06677333333333 9.411636666666668,78.06662833333333,78.06662833333333 9.408383333333333,78.06648166666668,78.06648166666668 9.405131666666666,78.06633666666666,78.06633666666666 9.401883333333334,78.06619,78.06619 9.398636666666667,78.06604499999999,78.06604499999999 9.395391666666667,78.06589833333334,78.06589833333334 9.392148333333333,78.06575333333333,78.06575333333333 9.388908333333333,78.06561,78.06561 9.385668333333333,78.06546499999999,78.06546499999999 9.38243,78.06532,78.06532 9.379191666666667,78.06517666666667,78.06517666666667 9.375955000000001,78.06503333333332,78.06503333333332 9.372718333333335,78.06488999999999,78.06488999999999 9.369485,78.06474833333333,78.06474833333333 9.366251666666667,78.06460666666666,78.06460666666666 9.363018333333335,78.064465,78.064465 9.359786666666668,78.064325,78.064325 9.356553333333332,78.064185,78.064185 9.353318333333336,78.06404666666668,78.06404666666668 9.350085,78.06390666666665,78.06390666666665 9.34685,78.06376833333334,78.06376833333334 9.343614999999998,78.06362833333331,78.06362833333331 9.340378333333332,78.06348833333334,78.06348833333334 9.337141666666666,78.06334666666667,78.06334666666667 9.333906666666666,78.06320500000001,78.06320500000001 9.330671666666666,78.06306166666666,78.06306166666666 9.327438333333333,78.06291833333333,78.06291833333333 9.324206666666665,78.06277333333334,78.06277333333334 9.320976666666667,78.06262666666667,78.06262666666667 9.317748333333334,78.06247833333333,78.06247833333333 9.314521666666666,78.06232999999999,78.06232999999999 9.311298333333333,78.06217833333334,78.06217833333334 9.308078333333333,78.06202333333334,78.06202333333334 9.304863333333332,78.06186666666667,78.06186666666667 9.301651666666668,78.06170666666667,78.06170666666667 9.298441666666669,78.06154499999998,78.06154499999998 9.295235000000002,78.06138,78.06138 9.292029999999999,78.06121333333333,78.06121333333333 9.288826666666667,78.06104166666667,78.06104166666667 9.285625000000001,78.06086666666666,78.06086666666666 9.282426666666668,78.06069000000001,78.06069000000001 9.27923,78.06050833333333,78.06050833333333 9.276031666666666,78.06032499999999,78.06032499999999 9.272833333333335,78.06014,78.06014 9.269631666666669,78.05995333333334,78.05995333333334 9.266428333333332,78.059765,78.059765 9.263221666666666,78.05957666666667,78.05957666666667 9.260013333333333,78.05938666666665,78.05938666666665 9.256798333333336,78.05919833333334,78.05919833333334 9.253578333333332,78.05901000000001,78.05901000000001 9.250348333333333,78.05882666666668,78.05882666666668 9.24711,78.05864499999998,78.05864499999998 9.243863333333335,78.05846666666666,78.05846666666666 9.24061,78.05829333333334,78.05829333333334 9.237344999999998,78.05812333333334,78.05812333333334 9.234070000000001,78.05796000000001,78.05796000000001 9.230785,78.05779833333332,78.05779833333332 9.227491666666667,78.05764333333335,78.05764333333335 9.224193333333332,78.05749166666665,78.05749166666665 9.220888333333335,78.05734333333334,78.05734333333334 9.217581666666668,78.05719833333333,78.05719833333333 9.214268333333333,78.057055,78.057055 9.210951666666666,78.056915,78.056915 9.20763,78.05677666666666,78.05677666666666 9.204303333333332,78.05664166666666,78.05664166666666 9.200976666666666,78.05650833333334,78.05650833333334 9.197648333333333,78.05637666666668,78.05637666666668 9.194321666666667,78.05624666666667,78.05624666666667 9.190996666666665,78.05611666666667,78.05611666666667 9.18767,78.05598833333333,78.05598833333333 9.184348333333334,78.05586000000001,78.05586000000001 9.181028333333334,78.05573166666667,78.05573166666667 9.177710000000001,78.05560166666666,78.05560166666666 9.174395,78.05547,78.05547 9.171081666666666,78.05534,78.05534 9.167769999999999,78.05520666666666,78.05520666666666 9.164463333333332,78.05507166666665,78.05507166666665 9.161158333333335,78.054935,78.054935 9.157855000000001,78.05479666666666,78.05479666666666 9.154556666666666,78.054655,78.054655 9.151258333333333,78.05451166666667,78.05451166666667 9.147963333333333,78.05436666666665,78.05436666666665 9.144666666666668,78.05422,78.05422 9.141371666666666,78.05407000000001,78.05407000000001 9.138074999999999,78.05391833333334,78.05391833333334 9.134773333333333,78.05376500000001,78.05376500000001 9.13147,78.05361166666667,78.05361166666667 9.128165,78.053455,78.053455 9.124856666666666,78.05329833333334,78.05329833333334 9.121545,78.05314000000001,78.05314000000001 9.118226666666667,78.05297999999999,78.05297999999999 9.114903333333332,78.05282000000001,78.05282000000001 9.111574999999998,78.05265833333333,78.05265833333333 9.108241666666666,78.05249333333335,78.05249333333335 9.104905,78.05232833333334,78.05232833333334 9.101561666666669,78.05216,78.05216 9.098211666666668,78.05199333333333,78.05199333333333 9.094858333333333,78.05182333333333,78.05182333333333 9.0915,78.05165333333333,78.05165333333333 9.088138333333335,78.05148333333334,78.05148333333334 9.084771666666667,78.05131166666668,78.05131166666668 9.0814,78.05114166666668,78.05114166666668 9.078025,78.05096833333333,78.05096833333333 9.074643333333334,78.05079666666667,78.05079666666667 9.071256666666667,78.05062500000001,78.05062500000001 9.067863333333333,78.05045333333335,78.05045333333335 9.06447,78.05028,78.05028 9.061071666666667,78.05010833333334,78.05010833333334 9.05767,78.04993833333333,78.04993833333333 9.054263333333333,78.04976833333333,78.04976833333333 9.050854999999999,78.04959833333334,78.04959833333334 9.047443333333334,78.04942833333334,78.04942833333334 9.044031666666665,78.04926166666668,78.04926166666668 9.040618333333335,78.04909333333333,78.04909333333333 9.037205,78.04892833333334,78.04892833333334 9.033793333333335,78.04876333333333,78.04876333333333 9.030385,78.04860000000001,78.04860000000001 9.02698,78.04843666666669,78.04843666666669 9.023581666666667,78.048275,78.048275 9.020190000000001,78.048115,78.048115 9.016806666666668,78.04795333333334,78.04795333333334 9.013428333333335,78.04779166666668,78.04779166666668 9.010058333333335,78.04762833333334,78.04762833333334 9.006693333333333,78.047465,78.047465 9.003333333333334,78.04729999999999,78.04729999999999 8.999978333333335,78.04713499999998,78.04713499999998 8.996623333333334,78.04697166666666,78.04697166666666 8.993271666666669,78.04680833333335,78.04680833333335 8.989918333333332,78.04664666666666,78.04664666666666 8.986561666666667,78.04648499999999,78.04648499999999 8.983199999999998,78.04632666666666,78.04632666666666 8.979833333333332,78.04616666666668,78.04616666666668 8.976465000000001,78.04600833333335,78.04600833333335 8.973093333333331,78.04584666666666,78.04584666666666 8.969725,78.04568833333333,78.04568833333333 8.966356666666668,78.04552833333332,78.04552833333332 8.962988333333334,78.04536833333333,78.04536833333333 8.959618333333333,78.04520833333333,78.04520833333333 8.956248333333333,78.04505000000002,78.04505000000002 8.952875,78.04489166666669,78.04489166666669 8.949501666666666,78.04473666666667,78.04473666666667 8.946125000000002,78.04458333333335,78.04458333333335 8.942748333333334,78.04443333333334,78.04443333333334 8.939368333333336,78.04428833333333,78.04428833333333 8.935985,78.04414833333333,78.04414833333333 8.932603333333333,78.04401166666668,78.04401166666668 8.929223333333335,78.04387833333332,78.04387833333332 8.925843333333335,78.04375,78.04375 8.922466666666667,78.04362333333333,78.04362333333333 8.919093333333333,78.0435,78.0435 8.915724999999998,78.04338166666666,78.04338166666666 8.91236166666667,78.043265,78.043265 8.909003333333334,78.04315166666667,78.04315166666667 8.905653333333335,78.04303833333334,78.04303833333334 8.902311666666668,78.04292333333332,78.04292333333332 8.898981666666666,78.04280666666666,78.04280666666666 8.89566,78.04268999999998,78.04268999999998 8.89235,78.04257,78.04257 8.889046666666667,78.04245,78.04245 8.885751666666664,78.04232666666667,78.04232666666667 8.882465,78.04220000000001,78.04220000000001 8.879183333333332,78.04207333333333,78.04207333333333 8.875908333333332,78.041945,78.041945 8.872639999999999,78.04181499999999,78.04181499999999 8.869378333333334,78.04168333333335,78.04168333333335 8.866123333333334,78.04155,78.04155 8.862875,78.04141666666666,78.04141666666666 8.859633333333333,78.04128333333334,78.04128333333334 8.856398333333335,78.04114833333333,78.04114833333333 8.853169999999999,78.04101333333334,78.04101333333334 8.849945,78.04087833333332,78.04087833333332 8.846728333333333,78.04074333333332,78.04074333333332 8.843518333333332,78.04060500000001,78.04060500000001 8.840315,78.04046333333335,78.04046333333335 8.837116666666665,78.04032,78.04032 8.833919999999999,78.040175,78.040175 8.830723333333333,78.04003,78.04003 8.82753,78.03988166666666,78.03988166666666 8.824340000000001,78.03972999999999,78.03972999999999 8.821148333333333,78.03957833333334,78.03957833333334 8.817960000000001,78.03942333333332,78.03942333333332 8.814771666666667,78.03926666666668,78.03926666666668 8.811588333333333,78.03910833333333,78.03910833333333 8.808403333333333,78.03894499999998,78.03894499999998 8.805220000000002,78.03877833333331,78.03877833333331 8.802036666666668,78.03861,78.03861 8.798855,78.03843666666666,78.03843666666666 8.795675,78.03826166666666,78.03826166666666 8.792495,78.03808666666667,78.03808666666667 8.789313333333332,78.03791166666666,78.03791166666666 8.786130000000002,78.03773833333334,78.03773833333334 8.782948333333332,78.03756499999999,78.03756499999999 8.779766666666667,78.03739499999999,78.03739499999999 8.776583333333333,78.03722833333332,78.03722833333332 8.7734,78.037065,78.037065 8.770216666666666,78.036905,78.036905 8.767033333333332,78.03674833333332,78.03674833333332 8.763845,78.03659333333334,78.03659333333334 8.760655,78.03644333333334,78.03644333333334 8.75746,78.036295,78.036295 8.754263333333332,78.03615166666667,78.03615166666667 8.751059999999999,78.03601,78.03601 8.747856666666667,78.03587166666667,78.03587166666667 8.744653333333334,78.03573666666665,78.03573666666665 8.741448333333334,78.0356,78.0356 8.738245000000001,78.03546166666666,78.03546166666666 8.735043333333335,78.03532166666666,78.03532166666666 8.731838333333332,78.03518,78.03518 8.728633333333333,78.03503833333333,78.03503833333333 8.725423333333334,78.03489666666667,78.03489666666667 8.722215,78.03475333333334,78.03475333333334 8.719005,78.03461000000001,78.03461000000001 8.715793333333332,78.034465,78.034465 8.712579999999999,78.03432166666667,78.03432166666667 8.709366666666668,78.03417833333333,78.03417833333333 8.706151666666667,78.03403666666667,78.03403666666667 8.702938333333334,78.033895,78.033895 8.699725,78.033755,78.033755 8.696513333333334,78.03361666666666,78.03361666666666 8.693303333333333,78.03348,78.03348 8.690098333333333,78.03334333333335,78.03334333333335 8.686898333333334,78.03320666666667,78.03320666666667 8.683700000000002,78.03307166666666,78.03307166666666 8.680508333333334,78.03293500000001,78.03293500000001 8.67732166666667,78.03279500000001,78.03279500000001 8.674143333333333,78.03265333333334,78.03265333333334 8.67097,78.03251000000002,78.03251000000002 8.667798333333334,78.032365,78.032365 8.66463,78.03221833333335,78.03221833333335 8.661466666666666,78.03206833333334,78.03206833333334 8.658306666666665,78.03191833333335,78.03191833333335 8.655151666666667,78.03176666666666,78.03176666666666 8.651998333333333,78.03161333333334,78.03161333333334 8.648851666666665,78.03146166666667,78.03146166666667 8.645706666666666,78.03130833333333,78.03130833333333 8.642565,78.03115666666666,78.03115666666666 8.639421666666667,78.031005,78.031005 8.636278333333333,78.030855,78.030855 8.633136666666667,78.03070333333334,78.03070333333334 8.629993333333335,78.03054999999999,78.03054999999999 8.626850000000001,78.03039666666666,78.03039666666666 8.623701666666667,78.03024333333333,78.03024333333333 8.620551666666668,78.03008833333332,78.03008833333332 8.617396666666666,78.02993333333333,78.02993333333333 8.614235,78.02977833333333,78.02977833333333 8.611066666666668,78.02962333333333,78.02962333333333 8.607891666666665,78.02947000000002,78.02947000000002 8.60471,78.02931666666666,78.02931666666666 8.601521666666667,78.02916666666667,78.02916666666667 8.598326666666665,78.02901666666666,78.02901666666666 8.595123333333335,78.02887000000001,78.02887000000001 8.591916666666666,78.02872333333333,78.02872333333333 8.588701666666665,78.02857666666667,78.02857666666667 8.585476666666667,78.02843333333334,78.02843333333334 8.582245,78.02829166666668,78.02829166666668 8.579008333333334,78.02814833333335,78.02814833333335 8.575766666666668,78.028005,78.028005 8.572516666666667,78.02786,78.02786 8.569261666666666,78.02771500000001,78.02771500000001 8.565998333333333,78.02756833333333,78.02756833333333 8.562728333333332,78.02742166666667,78.02742166666667 8.559453333333332,78.02727333333335,78.02727333333335 8.556173333333335,78.02712333333335,78.02712333333335 8.552888333333334,78.026975,78.026975 8.549603333333332,78.02682499999999,78.02682499999999 8.546321666666666,78.02667333333335,78.02667333333335 8.543043333333332,78.02652166666667,78.02652166666667 8.539773333333335,78.02637,78.02637 8.536513333333334,78.02621500000001,78.02621500000001 8.533263333333332,78.02606,78.02606 8.530023333333332,78.02590000000001,78.02590000000001 8.526795,78.02574,78.02574 8.523573333333335,78.02557833333334,78.02557833333334 8.520358333333334,78.025415,78.025415 8.517146666666667,78.02525000000001,78.02525000000001 8.513936666666664,78.025085,78.025085 8.510728333333331,78.02492000000001,78.02492000000001 8.507516666666668,78.02475333333334,78.02475333333334 8.504301666666667,78.02458833333333,78.02458833333333 8.501080000000002,78.02442333333335,78.02442333333335 8.497851666666666,78.02425833333334,78.02425833333334 8.494615000000001,78.02409500000002,78.02409500000002 8.491371666666668,78.02393166666667,78.02393166666667 8.488118333333333,78.02377,78.02377 8.484855,78.02360999999998,78.02360999999998 8.481586666666667,78.02345166666667,78.02345166666667 8.47831,78.02329333333333,78.02329333333333 8.475024999999999,78.02313333333333,78.02313333333333 8.471734999999999,78.022975,78.022975 8.468440000000001,78.02281666666666,78.02281666666666 8.465141666666668,78.02265666666666,78.02265666666666 8.461840000000002,78.02249833333333,78.02249833333333 8.458538333333335,78.02233666666666,78.02233666666666 8.455238333333332,78.022175,78.022175 8.451938333333333,78.02201333333335,78.02201333333335 8.448641666666667,78.02185166666666,78.02185166666666 8.445346666666667,78.02168833333333,78.02168833333333 8.442051666666666,78.02152333333332,78.02152333333332 8.438758333333334,78.02135833333334,78.02135833333334 8.435466666666668,78.02119333333333,78.02119333333333 8.432173333333333,78.02102833333335,78.02102833333335 8.42888,78.02086166666668,78.02086166666668 8.425583333333334,78.020695,78.020695 8.422281666666665,78.02053,78.02053 8.418975000000001,78.02036666666666,78.02036666666666 8.415665,78.02020333333334,78.02020333333334 8.412351666666666,78.02004166666669,78.02004166666669 8.409033333333335,78.01988166666666,78.01988166666666 8.405708333333333,78.01972500000001,78.01972500000001 8.402376666666667,78.01957166666666,78.01957166666666 8.399038333333333,78.01942,78.01942 8.395693333333332,78.01927333333332,78.01927333333332 8.392345,78.01912666666666,78.01912666666666 8.388991666666666,78.01898166666666,78.01898166666666 8.385638333333333,78.01883666666667,78.01883666666667 8.382286666666666,78.01869333333335,78.01869333333335 8.378938333333334,78.01854833333333,78.01854833333333 8.375595,78.01840166666665,78.01840166666665 8.372253333333333,78.018255,78.018255 8.368916666666665,78.01810666666667,78.01810666666667 8.365583333333332,78.01795666666666,78.01795666666666 8.362256666666667,78.017805,78.017805 8.358933333333331,78.01765166666668,78.01765166666668 8.355613333333334,78.01749666666666,78.01749666666666 8.352298333333332,78.01733833333333,78.01733833333333 8.348986666666669,78.01717833333333,78.01717833333333 8.345676666666664,78.01701666666666,78.01701666666666 8.342368333333333,78.01685166666665,78.01685166666665 8.339058333333332,78.01668500000001,78.01668500000001 8.335748333333333,78.01651666666667,78.01651666666667 8.332438333333332,78.01634666666668,78.01634666666668 8.329128333333331,78.01617499999999,78.01617499999999 8.32581833333333,78.01600166666667,78.01600166666667 8.322511666666667,78.01582666666667,78.01582666666667 8.319208333333334,78.01564833333333,78.01564833333333 8.315905,78.01547,78.01547 8.312601666666664,78.01529166666667,78.01529166666667 8.309298333333334,78.01511333333333,78.01511333333333 8.305993333333333,78.01493666666666,78.01493666666666 8.302686666666666,78.01476,78.01476 8.299376666666666,78.01458666666667,78.01458666666667 8.296061666666665,78.01441499999999,78.01441499999999 8.292741666666666,78.01424499999999,78.01424499999999 8.289419999999998,78.01407833333332,78.01407833333332 8.286093333333334,78.01391333333333,78.01391333333333 8.282765000000001,78.01375,78.01375 8.279431666666667,78.01359000000001,78.01359000000001 8.276095,78.01343333333334,78.01343333333334 8.272755,78.01327833333332,78.01327833333332 8.269415,78.013125,78.013125 8.266073333333333,78.01297333333333,78.01297333333333 8.262733333333335,78.01282333333333,78.01282333333333 8.259396666666666,78.01267166666668,78.01267166666668 8.256063333333332,78.01252166666667,78.01252166666667 8.252731666666666,78.01236999999999,78.01236999999999 8.249403333333333,78.01221999999999,78.01221999999999 8.246076666666667,78.01206833333335,78.01206833333335 8.24275,78.01191666666666,78.01191666666666 8.239425,78.01176333333333,78.01176333333333 8.236101666666668,78.01160833333333,78.01160833333333 8.232778333333332,78.01145333333334,78.01145333333334 8.229460000000001,78.011295,78.011295 8.226146666666667,78.011135,78.011135 8.22284,78.01097166666668,78.01097166666668 8.219535,78.01080833333333,78.01080833333333 8.216238333333333,78.01064166666666,78.01064166666666 8.212951666666669,78.01047166666666,78.01047166666666 8.209671666666665,78.0103,78.0103 8.206399999999999,78.01012499999999,78.01012499999999 8.203138333333333,78.00994999999999,78.00994999999999 8.199881666666665,78.00976999999999,78.00976999999999 8.196631666666667,78.00958999999999,78.00958999999999 8.193383333333333,78.00940666666668,78.00940666666668 8.190136666666666,78.00922333333332,78.00922333333332 8.186888333333334,78.00904000000001,78.00904000000001 8.183636666666667,78.00885666666666,78.00885666666666 8.180381666666666,78.00867333333335,78.00867333333335 8.177121666666666,78.00849166666666,78.00849166666666 8.173855,78.00831000000001,78.00831000000001 8.170583333333333,78.00813000000001,78.00813000000001 8.167306666666667,78.00795,78.00795 8.164026666666667,78.00777,78.00777 8.160741666666665,78.00759166666666,78.00759166666666 8.157451666666667,78.00741666666666,78.00741666666666 8.154156666666667,78.00724166666667,78.00724166666667 8.150856666666664,78.00707000000001,78.00707000000001 8.147549999999997,78.00689999999999,78.00689999999999 8.14424,78.00673166666668,78.00673166666668 8.140925,78.00656833333333,78.00656833333333 8.137605,78.00640666666666,78.00640666666666 8.134284999999998,78.00625,78.00625 8.130961666666668,78.006095,78.006095 8.127638333333335,78.00594500000001,78.00594500000001 8.124313333333333,78.00579666666667,78.00579666666667 8.120988333333335,78.00565166666668,78.00565166666668 8.11766,78.00551000000002,78.00551000000002 8.114331666666668,78.00536833333332,78.00536833333332 8.111001666666667,78.00522999999998,78.00522999999998 8.107668333333333,78.00509166666667,78.00509166666667 8.104334999999999,78.00495166666667,78.00495166666667 8.101001666666667,78.00481166666667,78.00481166666667 8.097668333333333,78.00466833333334,78.00466833333334 8.094335000000001,78.00452333333332,78.00452333333332 8.091001666666667,78.00437833333334,78.00437833333334 8.087668333333331,78.00423333333333,78.00423333333333 8.084335000000001,78.00408666666668,78.00408666666668 8.081001666666666,78.00394,78.00394 8.077668333333335,78.00379166666666,78.00379166666666 8.074333333333335,78.003645,78.003645 8.070998333333335,78.00349833333334,78.00349833333334 8.067661666666666,78.00335166666666,78.00335166666666 8.064323333333332,78.00320499999998,78.00320499999998 8.060984999999999,78.00305833333333,78.00305833333333 8.057645,78.00291166666666,78.00291166666666 8.054304999999998,78.00276500000001,78.00276500000001 8.050963333333334,78.00261833333333,78.00261833333333 8.047623333333332,78.00246999999999,78.00246999999999 8.044281666666667,78.00232333333334,78.00232333333334 8.040938333333335,78.00217666666667,78.00217666666667 8.037595000000001,78.00202833333333,78.00202833333333 8.03425,78.00187999999999,78.00187999999999 8.030903333333333,78.00173333333333,78.00173333333333 8.027554999999998,78.001585,78.001585 8.024201666666666,78.00144000000002,78.00144000000002 8.020841666666666,78.00130000000001,78.00130000000001 8.017471666666667,78.00116666666666,78.00116666666666 8.014093333333335,78.00104333333333,78.00104333333333 8.010705,78.00092833333333,78.00092833333333 8.007303333333333,78.000825,78.000825 8.003893333333332,78.00073166666667,78.00073166666667 8.000473333333334,78.00064833333333,78.00064833333333 7.997045000000001,78.00057666666666,78.00057666666666 7.993605000000001,78.00051666666667,78.00051666666667 7.990156666666667,78.00046833333333,78.00046833333333 7.986696666666667,78.000435,78.000435 7.983226666666666,78.00041333333333,78.00041333333333 7.979749999999999,78.000405,78.000405 7.976265000000001,78.00040666666668,78.00040666666668 7.9727749999999995,78.00041833333331,78.00041833333331 7.969278333333333,78.00043666666667,78.00043666666667 7.9657800000000005,78.00046,78.00046 7.962276666666666,78.00049,78.00049 7.958773333333333,78.00052333333333,78.00052333333333 7.955271666666666,78.00055833333332,78.00055833333332 7.951768333333332,78.00059333333333,78.00059333333333 7.948268333333335,78.00063,78.00063 7.944768333333334,78.00066666666666,78.00066666666666 7.941271666666667,78.00070000000001,78.00070000000001 7.937778333333334,78.00073,78.00073 7.934286666666666,78.00075833333334,78.00075833333334 7.930799999999999,78.00078500000001,78.00078500000001 7.92732,78.00080833333332,78.00080833333332 7.923844999999999,78.00083,78.00083 7.920378333333334,78.00084833333335,78.00084833333335 7.916920000000001,78.00086499999999,78.00086499999999 7.913470000000001,78.00087833333335,78.00087833333335 7.91003,78.00089,78.00089 7.906599999999999,78.00089833333334,78.00089833333334 7.903179999999999,78.00090333333333,78.00090333333333 7.899766666666666,78.00090666666668,78.00090666666668 7.8963600000000005,78.00090666666668,78.00090666666668 7.8929583333333335,78.00090499999999,78.00090499999999 7.8895616666666655,78.0009,78.0009 7.886173333333333,78.00089333333332,78.00089333333332 7.882791666666667,78.000885,78.000885 7.879413333333334,78.00087833333335,78.00087833333335 7.876038333333334,78.00087333333333,78.00087333333333 7.872665000000001,78.00087166666667,78.00087166666667 7.869293333333332,78.00087333333333,78.00087333333333 7.865925000000001,78.00087833333335,78.00087833333335 7.862556666666667,78.00088833333332,78.00088833333332 7.859189999999999,78.00090333333333,78.00090333333333 7.855826666666666,78.00092,78.00092 7.852461666666667,78.00094166666666,78.00094166666666 7.849100000000001,78.00096333333332,78.00096333333332 7.845736666666667,78.00098833333332,78.00098833333332 7.842371666666666,78.001015,78.001015 7.839008333333333,78.00104166666667,78.00104166666667 7.835644999999999,78.00107166666666,78.00107166666666 7.832283333333333,78.00110333333335,78.00110333333335 7.828923333333334,78.00113666666667,78.00113666666667 7.825566666666666,78.00117166666666,78.00117166666666 7.822215,78.00120666666668,78.00120666666668 7.818865,78.00124166666666,78.00124166666666 7.815521666666665,78.00127833333333,78.00127833333333 7.812181666666667,78.00131333333333,78.00131333333333 7.808845000000001,78.00134833333334,78.00134833333334 7.805511666666667,78.00138166666669,78.00138166666669 7.802180000000001,78.00141500000001,78.00141500000001 7.798851666666667,78.00144666666667,78.00144666666667 7.795526666666666,78.001475,78.001475 7.792201666666667,78.00150333333333,78.00150333333333 7.788881666666666,78.00152833333334,78.00152833333334 7.785561666666667,78.00155333333335,78.00155333333335 7.7822433333333345,78.001575,78.001575 7.778923333333334,78.001595,78.001595 7.775601666666668,78.00161333333334,78.00161333333334 7.772275,78.00163166666667,78.00163166666667 7.768946666666667,78.00164833333334,78.00164833333334 7.765615000000001,78.00166500000002,78.00166500000002 7.76228,78.00168166666668,78.00168166666668 7.758939999999999,78.00169833333334,78.00169833333334 7.755595,78.001715,78.001715 7.7522449999999985,78.001735,78.001735 7.748888333333333,78.001755,78.001755 7.7455300000000005,78.00177833333335,78.00177833333335 7.742165000000001,78.00180166666667,78.00180166666667 7.738796666666667,78.00182666666667,78.00182666666667 7.735428333333334,78.00185499999998,78.00185499999998 7.732058333333334,78.001885,78.001885 7.72869,78.00191833333332,78.00191833333332 7.725321666666668,78.00195166666667,78.00195166666667 7.721955,78.00198666666667,78.00198666666667 7.718593333333333,78.00202166666665,78.00202166666665 7.715234999999999,78.002055,78.002055 7.71188,78.00208833333332,78.00208833333332 7.708531666666666,78.00212166666667,78.00212166666667 7.705186666666666,78.00215166666666,78.00215166666666 7.701844999999999,78.00217833333333,78.00217833333333 7.698506666666667,78.00220166666668,78.00220166666668 7.695171666666667,78.00222166666667,78.00222166666667 7.691841666666666,78.00223666666668,78.00223666666668 7.688511666666667,78.00225,78.00225 7.685186666666667,78.00225833333334,78.00225833333334 7.68186,78.00226333333333,78.00226333333333 7.678535,78.00226666666667,78.00226666666667 7.675208333333335,78.00226833333333,78.00226833333333 7.671880000000001,78.00227,78.00227 7.6685516666666675,78.00226666666667,78.00226666666667 7.665221666666668,78.00226333333333,78.00226333333333 7.661891666666666,78.00226,78.00226 7.658556666666668,78.00225666666668,78.00225666666668 7.655220000000001,78.00225166666667,78.00225166666667 7.651881666666665,78.00224833333334,78.00224833333334 7.6485400000000014,78.00224666666665,78.00224666666665 7.645195,78.00224666666665,78.00224666666665 7.641846666666666,78.00225,78.00225 7.638493333333334,78.00225666666668,78.00225666666668 7.635138333333334,78.00226666666667,78.00226666666667 7.631781666666666,78.00228,78.00228 7.628425000000001,78.00229666666667,78.00229666666667 7.625068333333332,78.00231500000001,78.00231500000001 7.621711666666666,78.00233666666666,78.00233666666666 7.618356666666666,78.00236000000001,78.00236000000001 7.615005,78.00238499999999,78.00238499999999 7.611653333333333,78.00241166666666,78.00241166666666 7.608303333333334,78.00243999999999,78.00243999999999 7.604954999999999,78.00246833333333,78.00246833333333 7.601606666666667,78.00249666666666,78.00249666666666 7.598259999999999,78.00252499999999,78.00252499999999 7.594913333333333,78.00255166666666,78.00255166666666 7.591566666666667,78.00257666666667,78.00257666666667 7.588219999999999,78.00260166666666,78.00260166666666 7.584873333333333,78.00262500000001,78.00262500000001 7.581526666666667,78.00264666666666,78.00264666666666 7.578178333333333,78.00266666666666,78.00266666666666 7.574828333333333,78.00268666666666,78.00268666666666 7.57148,78.00270666666668,78.00270666666668 7.56813,78.00272333333335,78.00272333333335 7.56478,78.00274,78.00274 7.561433333333334,78.00275666666667,78.00275666666667 7.558084999999999,78.00277333333334,78.00277333333334 7.55474,78.00278833333333,78.00278833333333 7.551398333333333,78.002805,78.002805 7.5480566666666675,78.00282000000001,78.00282000000001 7.544720000000001,78.00283499999999,78.00283499999999 7.541385000000001,78.00285000000001,78.00285000000001 7.538053333333333,78.00286500000001,78.00286500000001 7.534725,78.00288,78.00288 7.5314,78.00289500000001,78.00289500000001 7.528074999999999,78.00291,78.00291 7.524748333333334,78.00292333333334,78.00292333333334 7.521423333333333,78.00293833333333,78.00293833333333 7.518098333333334,78.00295166666668,78.00295166666668 7.514773333333333,78.002965,78.002965 7.511448333333335,78.00297999999998,78.00297999999998 7.508123333333333,78.00299333333334,78.00299333333334 7.5048,78.00300833333334,78.00300833333334 7.501476666666667,78.00302166666667,78.00302166666667 7.498155000000001,78.00303500000001,78.00303500000001 7.494836666666667,78.00304833333334,78.00304833333334 7.49152,78.00306166666665,78.00306166666665 7.488208333333334,78.00307500000001,78.00307500000001 7.484901666666667,78.00308833333332,78.00308833333332 7.481601666666667,78.00310166666668,78.00310166666668 7.478308333333333,78.00311666666666,78.00311666666666 7.475021666666667,78.00312999999998,78.00312999999998 7.471741666666666,78.00314499999999,78.00314499999999 7.468466666666665,78.00316166666667,78.00316166666667 7.4651950000000005,78.00318,78.00318 7.461926666666666,78.00319833333333,78.00319833333333 7.458659999999999,78.00321666666667,78.00321666666667 7.455391666666666,78.00323666666667,78.00323666666667 7.452116666666666,78.00325666666666,78.00325666666666 7.448831666666667,78.00327833333334,78.00327833333334 7.445534999999999,78.00330000000001,78.00330000000001 7.442223333333334,78.00332333333336,78.00332333333336 7.4388983333333325,78.00334500000001,78.00334500000001 7.435563333333333,78.00336833333333,78.00336833333333 7.432220000000001,78.00339166666666,78.00339166666666 7.428868333333332,78.00341666666667,78.00341666666667 7.425511666666667,78.00344000000001,78.00344000000001 7.4221483333333325,78.00346333333333,78.00346333333333 7.418781666666666,78.00348666666667,78.00348666666667 7.415408333333332,78.00350999999999,78.00350999999999 7.4120283333333346,78.00353333333334,78.00353333333334 7.408644999999999,78.00355666666667,78.00355666666667 7.405258333333334,78.00357833333335,78.00357833333335 7.401868333333335,78.00359833333334,78.00359833333334 7.398478333333332,78.00362,78.00362 7.395086666666667,78.00364,78.00364 7.3916916666666665,78.00365833333333,78.00365833333333 7.388295,78.00367666666666,78.00367666666666 7.384895,78.00369500000001,78.00369500000001 7.381491666666666,78.00371333333334,78.00371333333334 7.378088333333333,78.00373166666667,78.00373166666667 7.374683333333333,78.00375000000001,78.00375000000001 7.371278333333334,78.00376666666665,78.00376666666665 7.367871666666668,78.00378500000001,78.00378500000001 7.364465,78.00380333333332,78.00380333333332 7.361055000000001,78.00382166666665,78.00382166666665 7.357643333333335,78.00384166666666,78.00384166666666 7.354229999999999,78.00386166666668,78.00386166666668 7.350815,78.00387999999998,78.00387999999998 7.347396666666667,78.0039,78.0039 7.343978333333332,78.00391833333335,78.00391833333335 7.340558333333332,78.00393833333334,78.00393833333334 7.337136666666667,78.00395833333333,78.00395833333333 7.3337166666666675,78.00397666666667,78.00397666666667 7.330294999999999,78.00399666666667,78.00399666666667 7.326873333333333,78.004015,78.004015 7.323453333333334,78.00403333333334,78.00403333333334 7.320033333333334,78.00405,78.00405 7.3166166666666665,78.00406833333334,78.00406833333334 7.313201666666667,78.00408500000002,78.00408500000002 7.3097866666666675,78.0041,78.0041 7.306371666666667,78.00411500000001,78.00411500000001 7.302955,78.00412999999999,78.00412999999999 7.299535,78.00414166666665,78.00414166666665 7.296113333333333,78.00415333333333,78.00415333333333 7.2926883333333326,78.004165,78.004165 7.289263333333334,78.00417666666667,78.00417666666667 7.285839999999999,78.00418666666666,78.00418666666666 7.282419999999999,78.00419666666666,78.00419666666666 7.279003333333332,78.00420666666668,78.00420666666668 7.275593333333333,78.00421833333334,78.00421833333334 7.272188333333334,78.00422833333334,78.00422833333334 7.268789999999999,78.00423833333333,78.00423833333333 7.265396666666667,78.00424833333334,78.00424833333334 7.262009999999999,78.00425833333334,78.00425833333334 7.258625000000001,78.00426833333333,78.00426833333333 7.255243333333334,78.00427833333333,78.00427833333333 7.2518633333333336,78.00428666666667,78.00428666666667 7.248483333333334,78.00429666666666,78.00429666666666 7.245103333333334,78.00430666666666,78.00430666666666 7.241725,78.004315,78.004315 7.238346666666667,78.004325,78.004325 7.234970000000001,78.004335,78.004335 7.231593333333333,78.004345,78.004345 7.228220000000001,78.00435499999999,78.00435499999999 7.224846666666667,78.00436500000002,78.00436500000002 7.221476666666667,78.00437333333333,78.00437333333333 7.21811,78.00438,78.00438 7.214744999999999,78.00438833333334,78.00438833333334 7.211383333333333,78.00439333333333,78.00439333333333 7.208025,78.0044,78.0044 7.2046683333333315,78.00440333333333,78.00440333333333 7.201314999999999,78.00440833333333,78.00440833333333 7.197965,78.00441,78.00441 7.194615000000001,78.00441333333332,78.00441333333332 7.191266666666667,78.00441333333332,78.00441333333332 7.187920000000001,78.00441333333332,78.00441333333332 7.184573333333333,78.00441333333332,78.00441333333332 7.181225,78.00441333333332,78.00441333333332 7.177878333333332,78.00441166666666,78.00441166666666 7.17453,78.00441166666666,78.00441166666666 7.171183333333332,78.00441333333332,78.00441333333332 7.167836666666667,78.00441500000001,78.00441500000001 7.16449,78.00441666666667,78.00441666666667 7.161146666666667,78.00442166666666,78.00442166666666 7.157806666666667,78.00442833333334,78.00442833333334 7.154466666666668,78.00443666666666,78.00443666666666 7.151130000000001,78.00444999999999,78.00444999999999 7.147793333333334,78.00446333333333,78.00446333333333 7.1444583333333345,78.00448166666668,78.00448166666668 7.141123333333333,78.00450166666667,78.00450166666667 7.13779,78.00452499999999,78.00452499999999 7.134458333333334,78.00454833333333,78.00454833333333 7.131128333333333,78.004575,78.004575 7.1278,78.0046,78.0046 7.1244733333333325,78.00462666666667,78.00462666666667 7.121148333333334,78.004655,78.004655 7.117825,78.00468333333333,78.00468333333333 7.114505,78.00471333333333,78.00471333333333 7.111186666666667,78.00474333333334,78.00474333333334 7.107871666666666,78.004775,78.004775 7.104558333333333,78.00480666666668,78.00480666666668 7.1012483333333325,78.00483833333334,78.00483833333334 7.09794,78.00486833333333,78.00486833333333 7.094633333333333,78.00489999999999,78.00489999999999 7.091326666666666,78.00493166666668,78.00493166666668 7.088021666666666,78.00496166666667,78.00496166666667 7.084715,78.00499166666667,78.00499166666667 7.081406666666666,78.00502,78.00502 7.078096666666665,78.00504833333333,78.00504833333333 7.0747833333333325,78.005075,78.005075 7.071466666666667,78.00509999999998,78.00509999999998 7.068146666666666,78.00512333333333,78.00512333333333 7.064821666666668,78.00514499999998,78.00514499999998 7.061495,78.00516666666667,78.00516666666667 7.058168333333333,78.00518666666667,78.00518666666667 7.054839999999999,78.00520333333334,78.00520333333334 7.051513333333332,78.00521833333333,78.00521833333333 7.048188333333334,78.00523166666667,78.00523166666667 7.0448666666666675,78.00524333333334,78.00524333333334 7.041546666666667,78.00525333333333,78.00525333333333 7.038226666666666,78.00526,78.00526 7.034905,78.005265,78.005265 7.031581666666667,78.00527000000001,78.00527000000001 7.028256666666666,78.00527166666667,78.00527166666667 7.02493,78.00527333333334,78.00527333333334 7.021603333333333,78.00527333333334,78.00527333333334 7.018274999999999,78.00527166666667,78.00527166666667 7.014943333333333,78.00526833333335,78.00526833333335 7.011608333333333,78.005265,78.005265 7.008270000000001,78.00526166666667,78.00526166666667 7.004928333333334,78.00525499999999,78.00525499999999 7.001583333333334,78.00524833333334,78.00524833333334 6.998236666666665,78.00524166666668,78.00524166666668 6.994886666666668,78.005235,78.005235 6.991535000000001,78.00522999999998,78.00522999999998 6.9881833333333345,78.00522333333333,78.00522333333333 6.984828333333334,78.00521833333333,78.00521833333333 6.9814750000000005,78.005215,78.005215 6.97812,78.00521166666668,78.00521166666668 6.9747633333333345,78.00520833333333,78.00520833333333 6.971406666666666,78.005205,78.005205 6.968048333333333,78.00520333333334,78.00520333333334 6.964689999999999,78.00520166666668,78.00520166666668 6.96133,78.00520166666668,78.00520166666668 6.9579699999999995,78.00520333333334,78.00520333333334 6.954608333333334,78.005205,78.005205 6.951245,78.00521000000002,78.00521000000002 6.947878333333334,78.005215,78.005215 6.94451,78.00522333333333,78.00522333333333 6.941136666666667,78.00523166666667,78.00523166666667 6.937763333333333,78.00524333333334,78.00524333333334 6.9343866666666685,78.00525833333332,78.00525833333332 6.931011666666666,78.00527333333334,78.00527333333334 6.92764,78.00529166666666,78.00529166666666 6.924271666666668,78.00531333333332,78.00531333333332 6.920908333333334,78.005335,78.005335 6.91755,78.00536000000001,78.00536000000001 6.914198333333333,78.00538833333333,78.00538833333333 6.910855,78.00541666666666,78.00541666666666 6.907516666666666,78.005445,78.005445 6.904184999999999,78.00547333333334,78.00547333333334 6.900858333333334,78.00550166666667,78.00550166666667 6.897538333333334,78.00552833333333,78.00552833333333 6.894221666666666,78.00555666666668,78.00555666666668 6.890906666666666,78.00558333333333,78.00558333333333 6.887595000000001,78.00560833333334,78.00560833333334 6.884283333333333,78.00563500000001,78.00563500000001 6.8809733333333325,78.00566000000002,78.00566000000002 6.8776633333333335,78.00568666666666,78.00568666666666 6.874353333333333,78.00571000000001,78.00571000000001 6.871043333333333,78.00573333333332,78.00573333333332 6.867735000000001,78.00575666666667,78.00575666666667 6.864425,78.00577833333334,78.00577833333334 6.861113333333332,78.00579833333333,78.00579833333333 6.857799999999999,78.00581666666666,78.00581666666666 6.854485,78.00583333333334,78.00583333333334 6.851170000000001,78.00584833333335,78.00584833333335 6.847853333333333,78.00586166666668,78.00586166666668 6.8445333333333345,78.00587166666666,78.00587166666666 6.841213333333333,78.00587833333334,78.00587833333334 6.837893333333333,78.00588333333333,78.00588333333333 6.834571666666666,78.00588666666665,78.00588666666665 6.831251666666666,78.00588666666665,78.00588666666665 6.827931666666666,78.00588500000002,78.00588500000002 6.824611666666668,78.00588,78.00588 6.821293333333333,78.00587166666666,78.00587166666666 6.817973333333333,78.00586333333334,78.00586333333334 6.814654999999999,78.00584999999998,78.00584999999998 6.811336666666667,78.00583666666667,78.00583666666667 6.808018333333333,78.00581999999999,78.00581999999999 6.804701666666667,78.00580166666668,78.00580166666668 6.801384999999999,78.00578333333333,78.00578333333333 6.798066666666666,78.00576500000001,78.00576500000001 6.79475,78.00574833333334,78.00574833333334 6.791435,78.00573166666666,78.00573166666666 6.788121666666666,78.005715,78.005715 6.7848083333333316,78.00569999999999,78.00569999999999 6.781494999999999,78.00568666666666,78.00568666666666 6.778178333333333,78.00567666666666,78.00567666666666 6.774856666666667,78.00566666666667,78.00566666666667 6.771528333333333,78.00566000000002,78.00566000000002 6.768194999999999,78.005655,78.005655 6.764855,78.00565333333334,78.00565333333334 6.761511666666667,78.00565333333334,78.00565333333334 6.758163333333332,78.00566000000002,78.00566000000002 6.754813333333335,78.00567,78.00567 6.751461666666667,78.00568166666667,78.00568166666667 6.7481116666666665,78.00569833333334,78.00569833333334 6.744761666666666,78.005715,78.005715 6.741413333333332,78.00573500000002,78.00573500000002 6.7380666666666675,78.00575666666667,78.00575666666667 6.734725,78.00578,78.00578 6.731385,78.00580166666668,78.00580166666668 6.7280516666666665,78.00582333333334,78.00582333333334 6.7247200000000005,78.005845,78.005845 6.7213949999999985,78.005865,78.005865 6.718073333333333,78.00588333333333,78.00588333333333 6.714755,78.00590166666666,78.00590166666666 6.7114400000000005,78.00591833333334,78.00591833333334 6.708126666666667,78.00593500000001,78.00593500000001 6.704815000000001,78.00595,78.00595 6.701504999999998,78.005965,78.005965 6.698195000000001,78.00597833333333,78.00597833333333 6.694886666666667,78.00598833333332,78.00598833333332 6.691575,78.00599999999999,78.00599999999999 6.688261666666667,78.00600833333333,78.00600833333333 6.684943333333332,78.00601833333334,78.00601833333334 6.681621666666666,78.00602666666668,78.00602666666668 6.678296666666667,78.00603333333333,78.00603333333333 6.674970000000001,78.00604,78.00604 6.671641666666667,78.00604499999999,78.00604499999999 6.668310000000001,78.00605166666666,78.00605166666666 6.664978333333333,78.00605666666668,78.00605666666668 6.661643333333335,78.00606166666667,78.00606166666667 6.658308333333333,78.00606666666665,78.00606666666665 6.6549716666666665,78.00607,78.00607 6.651633333333333,78.00607499999998,78.00607499999998 6.648294999999999,78.00608,78.00608 6.644955,78.00608666666668,78.00608666666668 6.641615,78.00609333333334,78.00609333333334 6.638273333333332,78.00610166666668,78.00610166666668 6.634931666666668,78.00611166666665,78.00611166666665 6.631588333333333,78.00612333333333,78.00612333333333 6.628243333333334,78.00613666666666,78.00613666666666 6.624895,78.00615166666667,78.00615166666667 6.621544999999999,78.00616833333335,78.00616833333335 6.618193333333332,78.00618666666665,78.00618666666665 6.614838333333334,78.006205,78.006205 6.61148,78.00622499999999,78.00622499999999 6.60812,78.006245,78.006245 6.604758333333333,78.00626666666666,78.00626666666666 6.601396666666667,78.00628833333333,78.00628833333333 6.5980333333333325,78.00631000000001,78.00631000000001 6.59467,78.00633,78.00633 6.591308333333334,78.00635,78.00635 6.587950000000001,78.00637,78.00637 6.584589999999999,78.00638666666667,78.00638666666667 6.5812333333333335,78.00640333333334,78.00640333333334 6.5778766666666675,78.00641666666667,78.00641666666667 6.574519999999999,78.00642833333333,78.00642833333333 6.571163333333334,78.00643833333332,78.00643833333332 6.567806666666666,78.006445,78.006445 6.564448333333332,78.00644833333335,78.00644833333335 6.561089999999999,78.00644999999999,78.00644999999999 6.557726666666667,78.00644999999999,78.00644999999999 6.554363333333334,78.00644666666666,78.00644666666666 6.550995,78.00644166666665,78.00644166666665 6.547625,78.006435,78.006435 6.544248333333333,78.00642666666667,78.00642666666667 6.540868333333333,78.00641833333333,78.00641833333333 6.537483333333333,78.00641000000002,78.00641000000002 6.534095000000001,78.00640166666668,78.00640166666668 6.530703333333335,78.00639333333335,78.00639333333335 6.527311666666666,78.00638500000001,78.00638500000001 6.523921666666666,78.00637833333333,78.00637833333333 6.520531666666666,78.00637166666667,78.00637166666667 6.517144999999999,78.00636500000002,78.00636500000002 6.51376,78.00636,78.00636 6.510376666666668,78.00635499999999,78.00635499999999 6.506991666666667,78.00635166666666,78.00635166666666 6.503605,78.00635,78.00635 6.500216666666667,78.00635166666666,78.00635166666666 6.496825,78.00635499999999,78.00635499999999 6.493433333333333,78.00636166666666,78.00636166666666 6.490038333333332,78.00637,78.00637 6.486645000000001,78.00638,78.00638 6.48325,78.00639166666666,78.00639166666666 6.479856666666667,78.006405,78.006405 6.476466666666666,78.00641833333333,78.00641833333333 6.473076666666666,78.00643333333333,78.00643333333333 6.469688333333333,78.00644833333335,78.00644833333335 6.466303333333333,78.00646333333333,78.00646333333333 6.462918333333333,78.00648166666667,78.00648166666667 6.459536666666665,78.0065,78.0065 6.456156666666668,78.00651833333333,78.00651833333333 6.452778333333333,78.00653833333334,78.00653833333334 6.449403333333334,78.00655833333333,78.00655833333333 6.4460299999999995,78.00657833333332,78.00657833333332 6.442660000000001,78.00659833333334,78.00659833333334 6.439291666666666,78.00662000000001,78.00662000000001 6.43593,78.00664166666667,78.00664166666667 6.432569999999999,78.00666166666666,78.00666166666666 6.429216666666667,78.00668333333333,78.00668333333333 6.425866666666668,78.00670333333335,78.00670333333335 6.422523333333333,78.00672333333334,78.00672333333334 6.4191850000000015,78.006745,78.006745 6.415851666666667,78.00676666666666,78.00676666666666 6.412521666666668,78.00679000000001,78.00679000000001 6.4091949999999995,78.00681333333333,78.00681333333333 6.405871666666666,78.00683666666667,78.00683666666667 6.402553333333333,78.00686000000002,78.00686000000002 6.399238333333334,78.00688,78.00688 6.39593,78.00690166666668,78.00690166666668 6.392628333333332,78.00692000000001,78.00692000000001 6.389333333333333,78.00693666666666,78.00693666666666 6.386044999999999,78.00695166666667,78.00695166666667 6.382765000000001,78.00696333333333,78.00696333333333 6.3794900000000005,78.00697499999998,78.00697499999998 6.376223333333334,78.00698500000001,78.00698500000001 6.372961666666667,78.00699333333334,78.00699333333334 6.369705000000001,78.00699833333333,78.00699833333333 6.366453333333334,78.00700166666668,78.00700166666668 6.363203333333333,78.00700166666668,78.00700166666668 6.3599516666666664,78.00699999999999,78.00699999999999 6.356701666666666,78.00699666666667,78.00699666666667 6.3534483333333345,78.00699166666666,78.00699166666666 6.350195,78.00698500000001,78.00698500000001 6.346936666666666,78.00697833333334,78.00697833333334 6.343674999999999,78.00697166666666,78.00697166666666 6.3404066666666665,78.00696333333333,78.00696333333333 6.337136666666667,78.00695499999999,78.00695499999999 6.33386,78.00694833333334,78.00694833333334 6.3305799999999985,78.00694166666666,78.00694166666666 6.327295,78.00693500000001,78.00693500000001 6.324006666666666,78.00693000000001,78.00693000000001 6.320716666666668,78.006925,78.006925 6.317421666666666,78.00692166666667,78.00692166666667 6.314123333333334,78.00691833333335,78.00691833333335 6.310821666666667,78.00691499999999,78.00691499999999 6.307516666666667,78.00691499999999,78.00691499999999 6.30421,78.00691333333333,78.00691333333333 6.3008999999999995,78.00691333333333,78.00691333333333 6.297591666666667,78.00691499999999,78.00691499999999 6.294283333333334,78.00691666666665,78.00691666666665 6.290978333333333,78.00691833333335,78.00691833333335 6.287675,78.00691833333335,78.00691833333335 6.284373333333334,78.00692000000001,78.00692000000001 6.281075000000001,78.00692166666667,78.00692166666667 6.277778333333334,78.00692333333333,78.00692333333333 6.274485,78.00692166666667,78.00692166666667 6.271195,78.00692166666667,78.00692166666667 6.267906666666666,78.00691833333335,78.00691833333335 6.264618333333335,78.00691499999999,78.00691499999999 6.261331666666666,78.00691,78.00691 6.258045,78.006905,78.006905 6.254758333333333,78.00689666666666,78.00689666666666 6.25147,78.00688833333332,78.00688833333332 6.2481800000000005,78.00687666666667,78.00687666666667 6.24489,78.00686666666667,78.00686666666667 6.241596666666666,78.006855,78.006855 6.2383033333333335,78.00684500000001,78.00684500000001 6.235006666666668,78.00683333333332,78.00683333333332 6.231706666666665,78.00682333333333,78.00682333333333 6.228405,78.00681500000002,78.00681500000002 6.225098333333333,78.00680666666668,78.00680666666668 6.221790000000001,78.0068,78.0068 6.218476666666667,78.00679333333333,78.00679333333333 6.215161666666668,78.00678833333335,78.00678833333335 6.211841666666667,78.00678500000002,78.00678500000002 6.208518333333334,78.00678333333333,78.00678333333333 6.205193333333333,78.00678333333333,78.00678333333333 6.201865000000001,78.00678333333333,78.00678333333333 6.198535,78.00678500000002,78.00678500000002 6.195203333333334,78.00678666666666,78.00678666666666 6.191871666666666,78.00679000000001,78.00679000000001 6.188536666666666,78.00679333333333,78.00679333333333 6.185201666666668,78.00679666666666,78.00679666666666 6.181863333333332,78.00680166666666,78.00680166666666 6.1785216666666685,78.00680833333331,78.00680833333331 6.175178333333334,78.00681666666665,78.00681666666665 6.171831666666666,78.00682499999999,78.00682499999999 6.1684833333333335,78.00683500000001,78.00683500000001 6.165131666666667,78.00684833333334,78.00684833333334 6.16178,78.00686166666665,78.00686166666665 6.158424999999999,78.00687666666667,78.00687666666667 6.155066666666666,78.00689166666665,78.00689166666665 6.151703333333335,78.00690666666667,78.00690666666667 6.148336666666668,78.006925,78.006925 6.144965000000001,78.00694166666666,78.00694166666666 6.14159,78.00696,78.00696 6.138211666666666,78.00698,78.00698 6.134831666666666,78.00699833333333,78.00699833333333 6.131451666666667,78.00701666666667,78.00701666666667 6.12807,78.00703333333331,78.00703333333331 6.124691666666667,78.00704999999999,78.00704999999999 6.121315,78.007065,78.007065 6.117941666666666,78.00707833333333,78.00707833333333 6.114569999999999,78.00708833333334,78.00708833333334 6.111198333333335,78.00709666666665,78.00709666666665 6.107825000000001,78.00710333333333,78.00710333333333 6.104451666666667,78.00710833333332,78.00710833333332 6.101076666666667,78.00711333333332,78.00711333333332 6.097698333333334,78.00711500000001,78.00711500000001 6.094318333333334,78.00711500000001,78.00711500000001 6.090933333333334,78.00711500000001,78.00711500000001 6.0875433333333335,78.00711166666666,78.00711166666666 6.08415,78.00710833333332,78.00710833333332 6.08075,78.00710333333333,78.00710333333333 6.077348333333333,78.00709499999999,78.00709499999999 6.073943333333333,78.00708666666665,78.00708666666665 6.0705383333333325,78.00707666666668,78.00707666666668 6.0671333333333335,78.00706333333333,78.00706333333333 6.0637316666666665,78.00704999999999,78.00704999999999 6.0603316666666665,78.00703333333331,78.00703333333331 6.056935,78.00701500000001,78.00701500000001 6.053541666666666,78.00699666666667,78.00699666666667 6.050151666666666,78.00697666666667,78.00697666666667 6.046765,78.00695499999999,78.00695499999999 6.043381666666666,78.00693333333334,78.00693333333334 6.040001666666665,78.00691333333333,78.00691333333333 6.036623333333334,78.00689166666665,78.00689166666665 6.033248333333334,78.00687166666665,78.00687166666665 6.0298733333333345,78.006855,78.006855 6.026501666666667,78.00684333333335,78.00684333333335 6.023131666666665,78.00683333333332,78.00683333333332 6.019766666666667,78.00682666666667,78.00682666666667 6.016406666666667,78.00682499999999,78.00682499999999 6.013050000000001,78.00682833333333,78.00682833333333 6.009694999999999,78.00683500000001,78.00683500000001 6.006343333333334,78.00684500000001,78.00684500000001 6.002991666666666,78.00686000000002,78.00686000000002 5.999639999999999,78.00687833333333,78.00687833333333 5.996288333333333,78.00689666666666,78.00689666666666 5.992936666666666,78.00691666666665,78.00691666666665 5.989581666666666,78.00693833333334,78.00693833333334 5.986223333333333,78.00695833333332,78.00695833333332 5.982863333333334,78.00697833333334,78.00697833333334 5.979503333333334,78.00699833333333,78.00699833333333 5.976141666666666,78.00701666666667,78.00701666666667 5.972781666666666,78.00703333333331,78.00703333333331 5.969418333333334,78.00704833333333,78.00704833333333 5.966056666666666,78.00706166666667,78.00706166666667 5.962693333333335,78.007075,78.007075 5.959331666666666,78.00708666666665,78.00708666666665 5.955971666666667,78.00709666666665,78.00709666666665 5.9526166666666676,78.00710833333332,78.00710833333332 5.949263333333333,78.00711833333334,78.00711833333334 5.945911666666666,78.00712833333334,78.00712833333334 5.942559999999999,78.00713666666667,78.00713666666667 5.939206666666667,78.00714500000001,78.00714500000001 5.935851666666667,78.00715333333332,78.00715333333332 5.932495,78.00716000000001,78.00716000000001 5.929136666666667,78.007165,78.007165 5.925776666666667,78.00716999999999,78.00716999999999 5.92242,78.00717333333334,78.00717333333334 5.919063333333335,78.00717666666667,78.00717666666667 5.915711666666666,78.00717666666667,78.00717666666667 5.912363333333334,78.00717666666667,78.00717666666667 5.90902,78.007175,78.007175 5.9056783333333325,78.00717333333334,78.00717333333334 5.90234,78.00716833333333,78.00716833333333 5.899003333333333,78.00716166666666,78.00716166666666 5.895666666666666,78.00715500000001,78.00715500000001 5.892331666666666,78.00714333333335,78.00714333333335 5.8889983333333324,78.00713,78.00713 5.885665,78.00711500000001,78.00711500000001 5.88233,78.00709833333335,78.00709833333335 5.878993333333333,78.00708166666666,78.00708166666666 5.875656666666667,78.007065,78.007065 5.872316666666668,78.00704999999999,78.00704999999999 5.868975000000001,78.007035,78.007035 5.865630000000001,78.00702333333334,78.00702333333334 5.862285000000001,78.00701666666667,78.00701666666667 5.858935000000001,78.00701333333335,78.00701333333335 5.855581666666667,78.00701333333335,78.00701333333335 5.852226666666667,78.00701666666667,78.00701666666667 5.84887,78.00702166666666,78.00702166666666 5.84551,78.00702833333332,78.00702833333332 5.842146666666667,78.007035,78.007035 5.838778333333332,78.00704333333334,78.00704333333334 5.8354066666666675,78.00705166666667,78.00705166666667 5.83203,78.00705833333332,78.00705833333332 5.828648333333333,78.00706666666666,78.00706666666666 5.825261666666668,78.00707333333334,78.00707333333334 5.8218716666666674,78.00708,78.00708 5.818476666666667,78.00708500000002,78.00708500000002 5.815078333333334,78.00709166666667,78.00709166666667 5.811675,78.00709666666665,78.00709666666665 5.8082666666666665,78.00710333333333,78.00710333333333 5.804855,78.00711,78.00711 5.80144,78.00711500000001,78.00711500000001 5.798021666666666,78.00712,78.00712 5.794601666666666,78.00712666666668,78.00712666666668 5.791181666666668,78.00713333333333,78.00713333333333 5.78776,78.00713666666667,78.00713666666667 5.784341666666668,78.00714166666666,78.00714166666666 5.780923333333334,78.00714333333335,78.00714333333335 5.777508333333333,78.00714500000001,78.00714500000001 5.774094999999999,78.00714500000001,78.00714500000001 5.770683333333333,78.00714333333335,78.00714333333335 5.7672766666666675,78.00713999999999,78.00713999999999 5.763869999999998,78.007135,78.007135 5.760466666666668,78.00713,78.00713 5.757066666666666,78.00712333333333,78.00712333333333 5.75367,78.00711500000001,78.00711500000001 5.750278333333334,78.00710666666667,78.00710666666667 5.74689,78.00709666666665,78.00709666666665 5.743506666666667,78.00708666666665,78.00708666666665 5.740126666666667,78.00707666666668,78.00707666666668 5.736751666666667,78.007065,78.007065 5.733378333333333,78.007055,78.007055 5.730008333333334,78.00704333333334,78.00704333333334 5.726638333333334,78.00703166666668,78.00703166666668 5.723268333333333,78.00701833333333,78.00701833333333 5.719896666666666,78.007005,78.007005 5.716521666666667,78.00699,78.00699 5.713144999999999,78.00697666666667,78.00697666666667 5.709765,78.00696166666667,78.00696166666667 5.706379999999999,78.00694499999999,78.00694499999999 5.702991666666666,78.00692833333332,78.00692833333332 5.699596666666668,78.00691333333333,78.00691333333333 5.6961949999999995,78.00689833333333,78.00689833333333 5.6927883333333344,78.006885,78.006885 5.689374999999999,78.00687166666665,78.00687166666665 5.685956666666668,78.00686166666665,78.00686166666665 5.682535,78.00685166666668,78.00685166666668 5.679109999999999,78.00684500000001,78.00684500000001 5.675685,78.00684,78.00684 5.67226,78.00683833333333,78.00683833333333 5.668841666666666,78.00683833333333,78.00683833333333 5.665426666666667,78.00684,78.00684 5.662018333333332,78.00684500000001,78.00684500000001 5.658619999999999,78.00685166666668,78.00685166666668 5.6552283333333335,78.00686166666665,78.00686166666665 5.651845,78.00687333333335,78.00687333333335 5.648473333333334,78.00688833333332,78.00688833333332 5.64511,78.006905,78.006905 5.641758333333333,78.006925,78.006925 5.638414999999999,78.00694666666665,78.00694666666665 5.6350783333333325,78.00696833333333,78.00696833333333 5.631751666666666,78.00699,78.00699 5.62843,78.00701000000002,78.00701000000002 5.625115,78.00702833333332,78.00702833333332 5.621803333333333,78.007045,78.007045 5.618496666666666,78.00705833333332,78.00705833333332 5.615191666666668,78.00707000000001,78.00707000000001 5.611888333333333,78.00708,78.00708 5.608583333333333,78.00709166666667,78.00709166666667 5.605279999999999,78.00710000000001,78.00710000000001 5.601976666666666,78.00710833333332,78.00710833333332 5.598669999999999,78.00711333333332,78.00711333333332 5.595363333333334,78.00711833333334,78.00711833333334 5.592056666666667,78.00711833333334,78.00711833333334 5.58875,78.00711833333334,78.00711833333334 5.585443333333335,78.00711500000001,78.00711500000001 5.582136666666666,78.00711166666666,78.00711166666666 5.578829999999999,78.007105,78.007105 5.57552,78.00709833333335,78.00709833333335 5.572206666666666,78.00708833333334,78.00708833333334 5.5688900000000015,78.00707666666668,78.00707666666668 5.565568333333332,78.007065,78.007065 5.562244999999999,78.00705333333333,78.00705333333333 5.558918333333334,78.00704000000002,78.00704000000002 5.5555916666666665,78.00702666666666,78.00702666666666 5.5522599999999995,78.00701500000001,78.00701500000001 5.5489250000000006,78.00700333333332,78.00700333333332 5.545583333333333,78.00699166666666,78.00699166666666 5.542235,78.00698166666666,78.00698166666666 5.53888,78.00697333333332,78.00697333333332 5.535518333333333,78.00696333333333,78.00696333333333 5.53215,78.00695666666668,78.00695666666668 5.528778333333333,78.00695,78.00695 5.525405000000001,78.00694499999999,78.00694499999999 5.522028333333333,78.00693833333334,78.00693833333334 5.518653333333334,78.00693333333334,78.00693333333334 5.515278333333333,78.006925,78.006925 5.511905,78.00691499999999,78.00691499999999 5.508535000000001,78.00690333333334,78.00690333333334 5.5051683333333346,78.00689166666665,78.00689166666665 5.501806666666666,78.00687666666667,78.00687666666667 5.498451666666668,78.00686166666665,78.00686166666665 5.495101666666667,78.00684500000001,78.00684500000001 5.491758333333332,78.00682666666667,78.00682666666667 5.488425000000001,78.00680833333331,78.00680833333331 5.485098333333334,78.00679000000001,78.00679000000001 5.481778333333334,78.00677,78.00677 5.478465000000001,78.00675166666667,78.00675166666667 5.475158333333334,78.00673333333334,78.00673333333334 5.471858333333334,78.00671666666666,78.00671666666666 5.468561666666667,78.00669833333333,78.00669833333333 5.465271666666666,78.00668166666667,78.00668166666667 5.461985,78.00666500000001,78.00666500000001 5.458701666666667,78.00664666666665,78.00664666666665 5.45542,78.00663,78.00663 5.452140000000001,78.00661333333333,78.00661333333333 5.448861666666667,78.006595,78.006595 5.445581666666667,78.00657833333332,78.00657833333332 5.442301666666666,78.00656000000002,78.00656000000002 5.439021666666668,78.00654166666666,78.00654166666666 5.43574,78.00652166666666,78.00652166666666 5.432458333333334,78.00650166666667,78.00650166666667 5.429176666666666,78.00648166666667,78.00648166666667 5.4258966666666675,78.00646166666667,78.00646166666667 5.42262,78.00644333333334,78.00644333333334 5.419343333333335,78.00642333333334,78.00642333333334 5.4160699999999995,78.00640333333334,78.00640333333334 5.412798333333335,78.00638500000001,78.00638500000001 5.409528333333333,78.00636666666665,78.00636666666665 5.406258333333334,78.00635,78.00635 5.402991666666666,78.00633666666666,78.00633666666666 5.399725,78.00632333333333,78.00632333333333 5.39646,78.00631166666668,78.00631166666668 5.393196666666668,78.00630333333334,78.00630333333334 5.389933333333333,78.00629666666666,78.00629666666666 5.3866716666666665,78.00629333333333,78.00629333333333 5.3834116666666665,78.00629,78.00629 5.380155,78.00629,78.00629 5.376901666666667,78.00629166666666,78.00629166666666 5.373651666666666,78.00629666666666,78.00629666666666 5.370406666666667,78.00630166666667,78.00630166666667 5.367166666666667,78.00630833333332,78.00630833333332 5.363928333333334,78.00631666666666,78.00631666666666 5.360695,78.00632666666668,78.00632666666668 5.3574649999999995,78.00633500000002,78.00633500000002 5.354238333333332,78.006345,78.006345 5.3510133333333325,78.00635499999999,78.00635499999999 5.347789999999999,78.00636500000002,78.00636500000002 5.344566666666666,78.00637333333334,78.00637333333334 5.341345,78.00638166666666,78.00638166666666 5.338123333333334,78.00639,78.00639 5.334901666666667,78.00639666666667,78.00639666666667 5.331681666666667,78.00640333333334,78.00640333333334 5.328459999999999,78.00640833333333,78.00640833333333 5.325241666666667,78.00641333333334,78.00641333333334 5.322021666666665,78.00641666666667,78.00641666666667 5.318804999999999,78.00641999999999,78.00641999999999 5.3155883333333325,78.00642166666665,78.00642166666665 5.3123716666666665,78.00642166666665,78.00642166666665 5.3091550000000005,78.00642166666665,78.00642166666665 5.3059400000000005,78.00641999999999,78.00641999999999 5.302725,78.00641833333333,78.00641833333333 5.299508333333334,78.006415,78.006415 5.296291666666668,78.00641333333334,78.00641333333334 5.293073333333333,78.00641333333334,78.00641333333334 5.289854999999999,78.00641333333334,78.00641333333334 5.286633333333333,78.006415,78.006415 5.283408333333333,78.00641833333333,78.00641833333333 5.280181666666666,78.00641999999999,78.00641999999999 5.276951666666667,78.00642500000001,78.00642500000001 5.273716666666666,78.00642833333333,78.00642833333333 5.27048,78.00643333333333,78.00643333333333 5.26724,78.00643833333332,78.00643833333332 5.263996666666666,78.00644166666665,78.00644166666665 5.260751666666666,78.006445,78.006445 5.257501666666666,78.00644666666666,78.00644666666666 5.254248333333334,78.00644666666666,78.00644666666666 5.250993333333334,78.00644333333334,78.00644333333334 5.247731666666666,78.00643666666666,78.00643666666666 5.244463333333334,78.00642833333333,78.00642833333333 5.2411916666666665,78.00641999999999,78.00641999999999 5.237915,78.00640833333333,78.00640833333333 5.234634999999999,78.00639333333335,78.00639333333335 5.231351666666666,78.00637666666667,78.00637666666667 5.228068333333333,78.00635833333334,78.00635833333334 5.224781666666667,78.00634000000001,78.00634000000001 5.221493333333333,78.00632,78.00632 5.218201666666666,78.00629999999998,78.00629999999998 5.21491,78.00627833333333,78.00627833333333 5.211618333333334,78.00625666666667,78.00625666666667 5.208328333333332,78.006235,78.006235 5.205041666666667,78.00621166666666,78.00621166666666 5.201756666666666,78.00619,78.00619 5.198476666666665,78.00616666666666,78.00616666666666 5.1952,78.00614333333334,78.00614333333334 5.1919249999999995,78.00612,78.00612 5.188651666666666,78.006095,78.006095 5.185378333333334,78.00607166666666,78.00607166666666 5.182108333333333,78.00604666666665,78.00604666666665 5.178836666666668,78.00602166666667,78.00602166666667 5.175566666666667,78.00599666666666,78.00599666666666 5.172293333333333,78.00597166666665,78.00597166666665 5.169016666666668,78.00594666666667,78.00594666666667 5.165736666666667,78.00592166666667,78.00592166666667 5.162455,78.00589833333333,78.00589833333333 5.159173333333333,78.00587499999999,78.00587499999999 5.15589,78.00585333333333,78.00585333333333 5.152606666666666,78.00583166666668,78.00583166666668 5.149323333333333,78.00581166666666,78.00581166666666 5.14604,78.00579333333334,78.00579333333334 5.142756666666666,78.00577666666668,78.00577666666668 5.139473333333333,78.00576166666666,78.00576166666666 5.136188333333333,78.00574666666665,78.00574666666665 5.132903333333332,78.00573333333332,78.00573333333332 5.129616666666667,78.00571833333335,78.00571833333335 5.126329999999999,78.00570499999999,78.00570499999999 5.123043333333334,78.00569166666668,78.00569166666668 5.1197566666666665,78.00567999999998,78.00567999999998 5.116473333333333,78.00566833333333,78.00566833333333 5.113191666666667,78.005655,78.005655 5.109913333333334,78.00564166666666,78.00564166666666 5.106636666666666,78.00563,78.00563 5.103363333333333,78.00562,78.00562 5.100093333333334,78.00560833333334,78.00560833333334 5.096825,78.00559833333334,78.00559833333334 5.093560000000001,78.00558666666667,78.00558666666667 5.090296666666667,78.00557666666668,78.00557666666668 5.087033333333333,78.00556666666665,78.00556666666665 5.083773333333334,78.005555,78.005555 5.080516666666666,78.00554333333334,78.00554333333334 5.077261666666666,78.00553,78.00553 5.07401,78.00551833333333,78.00551833333333 5.070760000000001,78.00550333333334,78.00550333333334 5.067513333333333,78.00548833333333,78.00548833333333 5.06427,78.00547333333334,78.00547333333334 5.0610300000000015,78.00545499999998,78.00545499999998 5.05779,78.00543666666668,78.00543666666668 5.054551666666667,78.00541833333334,78.00541833333334 5.051311666666667,78.00539666666666,78.00539666666666 5.048071666666667,78.005375,78.005375 5.0448249999999994,78.00535333333335,78.00535333333335 5.041576666666667,78.00533,78.00533 5.0383249999999995,78.00531,78.00531 5.035071666666668,78.00528833333334,78.00528833333334 5.031818333333334,78.00526833333335,78.00526833333335 5.028561666666667,78.00525166666667,78.00525166666667 5.025303333333333,78.00523666666666,78.00523666666666 5.0220400000000005,78.005225,78.005225 5.018775,78.00521666666667,78.00521666666667 5.015506666666667,78.00521000000002,78.00521000000002 5.012239999999999,78.00520833333333,78.00520833333333 5.0089733333333335,78.00521000000002,78.00521000000002 5.005708333333334,78.00521333333334,78.00521333333334 5.002446666666667,78.00522,78.00522 4.999185,78.00522666666666,78.00522666666666 4.995923333333333,78.00523166666667,78.00523166666667 4.992658333333334,78.00523833333332,78.00523833333332 4.989391666666666,78.00524166666668,78.00524166666668 4.9861233333333335,78.005245,78.005245 4.982853333333334,78.005245,78.005245 4.97958,78.005245,78.005245 4.976303333333333,78.00524166666668,78.00524166666668 4.973025000000001,78.00523666666666,78.00523666666666 4.969743333333333,78.00523166666667,78.00523166666667 4.9664616666666666,78.00522333333333,78.00522333333333 4.963175000000001,78.00521333333334,78.00521333333334 4.959888333333334,78.00520166666668,78.00520166666668 4.956600000000001,78.00518833333334,78.00518833333334 4.95331,78.00517333333335,78.00517333333335 4.950021666666667,78.00515666666668,78.00515666666668 4.946733333333333,78.00514,78.00514 4.9434450000000005,78.00512333333333,78.00512333333333 4.9401616666666675,78.00510666666668,78.00510666666668 4.93688,78.00508833333332,78.00508833333332 4.933603333333333,78.00507166666665,78.00507166666665 4.93033,78.00505666666666,78.00505666666666 4.92706,78.00504166666666,78.00504166666666 4.923793333333333,78.00502499999999,78.00502499999999 4.920526666666667,78.00501,78.00501 4.917258333333333,78.00499666666666,78.00499666666666 4.913988333333333,78.00498500000002,78.00498500000002 4.910716666666667,78.00497499999999,78.00497499999999 4.907441666666666,78.00496333333334,78.00496333333334 4.90416,78.004955,78.004955 4.900873333333332,78.00494833333335,78.00494833333335 4.8975800000000005,78.00494166666667,78.00494166666667 4.894285000000001,78.00493666666667,78.00493666666667 4.8909883333333335,78.00493333333334,78.00493333333334 4.887691666666666,78.00493166666668,78.00493166666668 4.8843966666666665,78.00492999999999,78.00492999999999 4.881103333333333,78.00492999999999,78.00492999999999 4.877808333333332,78.00492833333332,78.00492833333332 4.874511666666667,78.00492666666666,78.00492666666666 4.8712116666666665,78.004925,78.004925 4.8679033333333335,78.00491999999998,78.00491999999998 4.864591666666666,78.00491333333333,78.00491333333333 4.86127,78.00490166666668,78.00490166666668 4.857941666666666,78.00488833333333,78.00488833333333 4.854603333333334,78.00487333333335,78.00487333333335 4.851255,78.00485499999999,78.00485499999999 4.847898333333334,78.00483666666668,78.00483666666668 4.8445366666666665,78.00481833333335,78.00481833333335 4.841168333333333,78.00479999999999,78.00479999999999 4.837796666666668,78.00477999999998,78.00477999999998 4.834425,78.00476166666668,78.00476166666668 4.831053333333333,78.00474166666666,78.00474166666666 4.827681666666667,78.00472333333335,78.00472333333335 4.82431,78.00470499999999,78.00470499999999 4.820938333333334,78.00468666666667,78.00468666666667 4.817568333333334,78.00467,78.00467 4.814196666666667,78.00465333333334,78.00465333333334 4.8108249999999995,78.00463833333332,78.00463833333332 4.807451666666667,78.00462166666665,78.00462166666665 4.804076666666666,78.004605,78.004605 4.800699999999999,78.00459000000002,78.00459000000002 4.797321666666666,78.004575,78.004575 4.793943333333333,78.00455833333334,78.00455833333334 4.790564999999999,78.00454333333333,78.00454333333333 4.787188333333333,78.00452833333334,78.00452833333334 4.783813333333334,78.00451333333334,78.00451333333334 4.780438333333334,78.00449666666665,78.00449666666665 4.777063333333334,78.00447999999999,78.00447999999999 4.773688333333333,78.00446333333333,78.00446333333333 4.770313333333334,78.00444666666667,78.00444666666667 4.766938333333333,78.00442833333334,78.00442833333334 4.763559999999999,78.00441,78.00441 4.760181666666668,78.00439166666666,78.00439166666666 4.756801666666666,78.00437333333333,78.00437333333333 4.753418333333333,78.00435499999999,78.00435499999999 4.7500333333333336,78.00433833333332,78.00433833333332 4.746646666666668,78.00432,78.00432 4.743258333333334,78.004305,78.004305 4.73987,78.00428833333334,78.00428833333334 4.736480000000001,78.00427333333334,78.00427333333334 4.733090000000001,78.00425833333334,78.00425833333334 4.729699999999999,78.00424333333332,78.00424333333332 4.726311666666668,78.00422833333334,78.00422833333334 4.722924999999999,78.00421500000002,78.00421500000002 4.719541666666667,78.00420000000001,78.00420000000001 4.716161666666666,78.00418666666666,78.00418666666666 4.712786666666667,78.00417166666665,78.00417166666665 4.709416666666667,78.00415833333332,78.00415833333332 4.706051666666665,78.00414500000001,78.00414500000001 4.7026916666666665,78.00413166666668,78.00413166666668 4.6993350000000005,78.00411833333334,78.00411833333334 4.695981666666666,78.00410833333333,78.00410833333333 4.692631666666667,78.00409666666665,78.00409666666665 4.689283333333333,78.00408833333334,78.00408833333334 4.685936666666667,78.00407833333334,78.00407833333334 4.682591666666667,78.00407,78.00407 4.679248333333334,78.00406166666667,78.00406166666667 4.675904999999999,78.004055,78.004055 4.672561666666667,78.00404666666665,78.00404666666665 4.669218333333334,78.00404,78.00404 4.665875,78.00403166666668,78.00403166666668 4.662529999999999,78.00402166666665,78.00402166666665 4.659185,78.00401333333333,78.00401333333333 4.6558383333333335,78.00400333333334,78.00400333333334 4.6524883333333324,78.003995,78.003995 4.649138333333334,78.003985,78.003985 4.645784999999999,78.00397666666667,78.00397666666667 4.64243,78.00396833333333,78.00396833333333 4.639071666666666,78.00395833333333,78.00395833333333 4.635711666666666,78.00395,78.00395 4.632344999999999,78.00394166666666,78.00394166666666 4.6289750000000005,78.00393333333332,78.00393333333332 4.6255999999999995,78.003925,78.003925 4.622223333333333,78.00391500000002,78.00391500000002 4.618841666666666,78.00390499999999,78.00390499999999 4.615458333333334,78.003895,78.003895 4.612074999999999,78.00388166666667,78.00388166666667 4.608691666666667,78.00386833333333,78.00386833333333 4.605309999999999,78.00385333333334,78.00385333333334 4.601928333333334,78.00383666666667,78.00383666666667 4.598548333333333,78.00381999999999,78.00381999999999 4.59517,78.00380166666666,78.00380166666666 4.591791666666667,78.00378333333333,78.00378333333333 4.5884133333333335,78.00376333333332,78.00376333333332 4.585035,78.00374333333333,78.00374333333333 4.581656666666667,78.00372166666665,78.00372166666665 4.5782783333333334,78.00369833333333,78.00369833333333 4.5748983333333335,78.00367333333334,78.00367333333334 4.5715200000000005,78.00364833333333,78.00364833333333 4.56814,78.00362166666666,78.00362166666666 4.56476,78.00359499999999,78.00359499999999 4.561381666666667,78.00356666666666,78.00356666666666 4.558003333333333,78.00353666666666,78.00353666666666 4.5546283333333335,78.00350833333333,78.00350833333333 4.551253333333334,78.00348,78.00348 4.54788,78.00345166666666,78.00345166666666 4.544506666666666,78.003425,78.003425 4.541136666666667,78.00339999999998,78.00339999999998 4.537768333333333,78.00337666666667,78.00337666666667 4.534401666666667,78.00335333333335,78.00335333333335 4.531036666666666,78.00333333333333,78.00333333333333 4.527673333333333,78.00331500000001,78.00331500000001 4.524313333333333,78.00329833333335,78.00329833333335 4.520954999999999,78.00328333333333,78.00328333333333 4.517598333333334,78.00326833333332,78.00326833333332 4.514245,78.00325333333333,78.00325333333333 4.510893333333333,78.00324000000002,78.00324000000002 4.507541666666667,78.003225,78.003225 4.5041883333333335,78.00321333333332,78.00321333333332 4.5008349999999995,78.00319999999999,78.00319999999999 4.4974799999999995,78.00318666666668,78.00318666666668 4.4941233333333335,78.00317333333335,78.00317333333335 4.4907633333333346,78.00316000000001,78.00316000000001 4.487401666666667,78.00314666666665,78.00314666666665 4.484035,78.00313333333334,78.00313333333334 4.480668333333334,78.00311833333332,78.00311833333332 4.477298333333334,78.003105,78.003105 4.4739249999999995,78.00309000000001,78.00309000000001 4.470551666666667,78.00307666666667,78.00307666666667 4.467176666666666,78.00306166666665,78.00306166666665 4.463801666666666,78.00304833333334,78.00304833333334 4.460426666666667,78.00303500000001,78.00303500000001 4.457051666666666,78.00302166666667,78.00302166666667 4.453678333333333,78.00300833333334,78.00300833333334 4.450306666666666,78.002995,78.002995 4.446936666666667,78.00298166666667,78.00298166666667 4.443568333333333,78.00296833333333,78.00296833333333 4.440201666666667,78.002955,78.002955 4.436836666666666,78.00294166666666,78.00294166666666 4.433471666666667,78.00292833333333,78.00292833333333 4.430106666666667,78.00291333333332,78.00291333333332 4.426741666666666,78.0029,78.0029 4.423376666666666,78.00288833333333,78.00288833333333 4.4200099999999996,78.00287833333334,78.00287833333334 4.416641666666666,78.00287,78.00287 4.413271666666666,78.00286333333332,78.00286333333332 4.409901666666667,78.00285833333334,78.00285833333334 4.406531666666667,78.002855,78.002855 4.4031633333333335,78.00285333333333,78.00285333333333 4.399801666666666,78.00284833333335,78.00284833333335 4.396446666666668,78.00284,78.00284 4.393098333333333,78.00282333333334,78.00282333333334 4.389758333333334,78.00280333333333,78.00280333333333 4.386424999999999,78.00277999999999,78.00277999999999 4.383101666666668,78.00274999999999,78.00274999999999 4.379785000000001,78.00271833333333,78.00271833333333 4.376475,78.00268333333334,78.00268333333334 4.373173333333334,78.002645,78.002645 4.369878333333333,78.00260499999999,78.00260499999999 4.3665883333333335,78.00256333333333,78.00256333333333 4.363301666666667,78.00252,78.00252 4.360016666666667,78.00247666666667,78.00247666666667 4.356731666666668,78.002435,78.002435 4.353443333333334,78.00239499999999,78.00239499999999 4.35015,78.002355,78.002355 4.346853333333333,78.00232,78.00232 4.3435516666666665,78.00228666666668,78.00228666666668 4.340246666666666,78.00225666666668,78.00225666666668 4.3369383333333325,78.00222833333335,78.00222833333335 4.33363,78.00220333333334,78.00220333333334 4.330321666666666,78.00217833333333,78.00217833333333 4.327016666666666,78.00215333333334,78.00215333333334 4.323711666666668,78.00212666666667,78.00212666666667 4.320411666666667,78.0021,78.0021 4.3171133333333325,78.00207166666667,78.00207166666667 4.313815,78.00204166666667,78.00204166666667 4.31052,78.00201,78.00201 4.307228333333334,78.00197833333334,78.00197833333334 4.303938333333334,78.00194666666665,78.00194666666665 4.300653333333334,78.001915,78.001915 4.297371666666668,78.00188166666668,78.00188166666668 4.2940916666666675,78.00184999999999,78.00184999999999 4.290814999999999,78.00181833333333,78.00181833333333 4.28754,78.00178833333332,78.00178833333332 4.2842666666666664,78.00176,78.00176 4.280995,78.00173166666667,78.00173166666667 4.277723333333333,78.00170499999999,78.00170499999999 4.274451666666667,78.00168,78.00168 4.271176666666666,78.00165666666668,78.00165666666668 4.267901666666666,78.00163333333333,78.00163333333333 4.2646250000000006,78.00161333333334,78.00161333333334 4.261346666666666,78.00159166666667,78.00159166666667 4.258068333333334,78.00157333333334,78.00157333333334 4.254786666666666,78.00155333333335,78.00155333333335 4.251505000000001,78.001535,78.001535 4.248219999999999,78.00151833333334,78.00151833333334 4.244931666666666,78.00150333333333,78.00150333333333 4.241641666666667,78.00148833333331,78.00148833333331 4.2383500000000005,78.00147333333334,78.00147333333334 4.235058333333333,78.00145833333332,78.00145833333332 4.231763333333334,78.001445,78.001445 4.228468333333334,78.00142999999998,78.00142999999998 4.225171666666666,78.00141500000001,78.00141500000001 4.221875,78.00140166666665,78.00140166666665 4.218575,78.00138666666668,78.00138666666668 4.215271666666667,78.00137166666666,78.00137166666666 4.211965,78.00135666666668,78.00135666666668 4.208653333333333,78.00134166666666,78.00134166666666 4.205335,78.00132666666666,78.00132666666666 4.2020133333333325,78.00131166666667,78.00131166666667 4.198683333333333,78.00129666666666,78.00129666666666 4.1953483333333335,78.00128333333333,78.00128333333333 4.192006666666667,78.00126833333333,78.00126833333333 4.188658333333334,78.00125666666666,78.00125666666666 4.185305,78.00124333333332,78.00124333333332 4.18195,78.00123166666668,78.00123166666668 4.178591666666668,78.00122166666667,78.00122166666667 4.175231666666666,78.00121333333333,78.00121333333333 4.171873333333334,78.00120666666668,78.00120666666668 4.168513333333333,78.00120166666666,78.00120166666666 4.165153333333333,78.0012,78.0012 4.161795,78.00119833333333,78.00119833333333 4.15844,78.00119833333333,78.00119833333333 4.15509,78.00119833333333,78.00119833333333 4.151741666666665,78.00120166666666,78.00120166666666 4.1483983333333345,78.00120666666668,78.00120666666668 4.145060000000001,78.00121166666666,78.00121166666666 4.141723333333334,78.00121833333334,78.00121833333334 4.138390000000001,78.001225,78.001225 4.135058333333333,78.00123500000001,78.00123500000001 4.131728333333334,78.00124500000001,78.00124500000001 4.1284,78.001255,78.001255 4.125073333333334,78.00126833333333,78.00126833333333 4.121748333333334,78.00128,78.00128 4.118426666666666,78.00129000000001,78.00129000000001 4.115108333333334,78.001295,78.001295 4.111795000000001,78.00129333333334,78.00129333333334 4.108483333333334,78.00128833333332,78.00128833333332 4.105176666666667,78.001275,78.001275 4.101875000000001,78.00125833333333,78.00125833333333 4.098578333333332,78.00123666666667,78.00123666666667 4.0952850000000005,78.00121166666666,78.00121166666666 4.091996666666667,78.00118333333333,78.00118333333333 4.088711666666666,78.00115166666667,78.00115166666667 4.0854300000000014,78.001115,78.001115 4.082155000000001,78.00107166666666,78.00107166666666 4.078885,78.00102166666667,78.00102166666667 4.0756266666666665,78.00095666666667,78.00095666666667 4.072380000000001,78.000875,78.000875 4.06915,78.00077333333334,78.00077333333334 4.065935,78.00065333333335,78.00065333333335 4.062738333333334,78.00051333333334,78.00051333333334 4.059558333333333,78.000355,78.000355 4.056396666666667,78.00017666666668,78.00017666666668 4.053258333333333,77.99998,77.99998 4.050143333333333,77.999765,77.999765 4.047056666666667,77.99953,77.99953 4.0440016666666665,77.99927666666669,77.99927666666669 4.040978333333334,77.999005,77.999005 4.037991666666666,77.99871499999999,77.99871499999999 4.035043333333333,77.99840499999999,77.99840499999999 4.032134999999999,77.99808,77.99808 4.0292699999999995,77.997735,77.997735 4.026453333333333,77.99737333333334,77.99737333333334 4.023686666666666,77.99699166666664,77.99699166666664 4.020976666666666,77.99659499999999,77.99659499999999 4.01833,77.99617833333333,77.99617833333333 4.015756666666666,77.99574166666666,77.99574166666666 4.0132650000000005,77.99528666666667,77.99528666666667 4.0108716666666675,77.99481,77.99481 4.00859,77.99430833333332,77.99430833333332 4.006424999999999,77.99378333333334,77.99378333333334 4.004385,77.993235,77.993235 4.002484999999999,77.99266333333333,77.99266333333333 4.0007399999999995,77.99206500000001,77.99206500000001 3.9991533333333336,77.99144333333332,77.99144333333332 3.9977316666666667,77.99079833333334,77.99079833333334 3.99649,77.99013166666668,77.99013166666668 3.9954383333333334,77.98944499999999,77.98944499999999 3.9945683333333335,77.98873999999999,77.98873999999999 3.993885,77.98802000000002,77.98802000000002 3.9933900000000007,77.98728833333332,77.98728833333332 3.9930799999999995,77.98654833333332,77.98654833333332 3.992955,77.98580166666667,77.98580166666667 3.9930033333333332,77.98505,77.98505 3.99321,77.98429833333331,77.98429833333331 3.993561666666667,77.98354666666668,77.98354666666668 3.9940383333333327,77.98279833333332,77.98279833333332 3.9946183333333334,77.98205,77.98205 3.995285000000001,77.98130666666665,77.98130666666665 3.9960116666666665,77.98056666666668,77.98056666666668 3.996765,77.97982833333333,77.97982833333333 3.9975233333333335,77.97909333333334,77.97909333333334 3.9982750000000005,77.97836333333333,77.97836333333333 3.999,77.97763333333333,77.97763333333333 3.9996833333333326,77.97690833333334,77.97690833333334 4.000310000000001,77.97618333333334,77.97618333333334 4.000855000000001,77.97546000000001,77.97546000000001 4.001316666666667,77.97473833333335,77.97473833333335 4.001706666666667,77.97401833333333,77.97401833333333 4.0020299999999995,77.9733,77.9733 4.0022866666666665,77.97258333333333,77.97258333333333 4.002486666666666,77.97186666666666,77.97186666666666 4.002628333333334,77.97115166666669,77.97115166666669 4.002718333333333,77.97043666666667,77.97043666666667 4.002756666666666,77.96972333333333,77.96972333333333 4.002751666666667,77.96901,77.96901 4.002706666666666,77.96829666666667,77.96829666666667 4.002630000000001,77.967585,77.967585 4.00253,77.96687333333333,77.96687333333333 4.002410000000001,77.96616333333333,77.96616333333333 4.002266666666666,77.96545333333334,77.96545333333334 4.002093333333335,77.964745,77.964745 4.001896666666667,77.96403666666667,77.96403666666667 4.0016799999999995,77.96333166666668,77.96333166666668 4.001448333333333,77.96262666666665,77.96262666666665 4.0012083333333335,77.96192333333335,77.96192333333335 4.000966666666667,77.96122166666667,77.96122166666667 4.000733333333334,77.96052166666666,77.96052166666666 4.000506666666666,77.95982166666666,77.95982166666666 4.0002949999999995,77.95912166666668,77.95912166666668 4.000108333333333,77.95842166666667,77.95842166666667 3.9999466666666668,77.95772166666667,77.95772166666667 3.999808333333333,77.95702,77.95702 3.999695,77.95631999999999,77.95631999999999 3.9996,77.95561833333332,77.95561833333332 3.9995133333333337,77.95491666666668,77.95491666666668 3.999433333333333,77.95421666666667,77.95421666666667 3.999376666666667,77.953515,77.953515 3.9993433333333335,77.95281333333335,77.95281333333335 3.9993299999999996,77.95210999999999,77.95210999999999 3.9993299999999996,77.95140833333335,77.95140833333335 3.9993416666666675,77.95070666666668,77.95070666666668 3.999363333333333,77.95000333333334,77.95000333333334 3.999393333333333,77.94930166666667,77.94930166666667 3.9994199999999998,77.94859833333334,77.94859833333334 3.9994400000000003,77.94789666666667,77.94789666666667 3.9994483333333335,77.947195,77.947195 3.9994483333333335,77.94649333333334,77.94649333333334 3.9994366666666674,77.94579333333333,77.94579333333333 3.9994100000000006,77.94509166666666,77.94509166666666 3.99938,77.94439166666665,77.94439166666665 3.9993500000000006,77.94369166666667,77.94369166666667 3.999323333333334,77.94299333333335,77.94299333333335 3.999305,77.94229333333334,77.94229333333334 3.9992900000000002,77.941595,77.941595 3.999281666666667,77.940895,77.940895 3.999281666666667,77.94019666666665,77.94019666666665 3.999293333333334,77.93949666666667,77.93949666666667 3.9993166666666666,77.93879833333335,77.93879833333335 3.9993516666666666,77.93809833333334,77.93809833333334 3.999395,77.93739833333333,77.93739833333333 3.9994483333333335,77.93669833333334,77.93669833333334 3.99951,77.93599833333333,77.93599833333333 3.999576666666667,77.93529833333332,77.93529833333332 3.999646666666666,77.93459833333334,77.93459833333334 3.9997149999999992,77.9339,77.9339 3.9997816666666663,77.93320166666668,77.93320166666668 3.999843333333333,77.93250333333334,77.93250333333334 3.9999016666666662,77.931805,77.931805 3.9999583333333337,77.93110833333334,77.93110833333334 4.000006666666668,77.93041166666666,77.93041166666666 4.000045,77.92971666666668,77.92971666666668 4.000070000000001,77.92902166666666,77.92902166666666 4.000083333333333,77.92832666666666,77.92832666666666 4.00008,77.92763333333333,77.92763333333333 4.000065,77.92693833333333,77.92693833333333 4.000041666666666,77.926245,77.926245 4.00001,77.92555166666666,77.92555166666666 3.9999716666666663,77.92485666666666,77.92485666666666 3.999925,77.92416333333335,77.92416333333335 3.9998750000000003,77.92347,77.92347 3.9998250000000004,77.92277666666668,77.92277666666668 3.9997749999999996,77.92208333333332,77.92208333333332 3.9997333333333334,77.92139,77.92139 3.9997050000000005,77.92069666666667,77.92069666666667 3.9996866666666664,77.92000166666668,77.92000166666668 3.999671666666667,77.91930666666667,77.91930666666667 3.999663333333334,77.91861000000002,77.91861000000002 3.999663333333334,77.91791333333333,77.91791333333333 3.999675,77.91721666666668,77.91721666666668 3.9996933333333335,77.91651833333334,77.91651833333334 3.9997133333333332,77.91582,77.91582 3.999741666666667,77.91512166666665,77.91512166666665 3.9997749999999996,77.91442166666667,77.91442166666667 3.999813333333334,77.91372166666666,77.91372166666666 3.999846666666666,77.91302166666665,77.91302166666665 3.9998750000000003,77.91232000000001,77.91232000000001 3.9999000000000002,77.91161833333334,77.91161833333334 3.9999216666666664,77.91091666666667,77.91091666666667 3.999935,77.91021333333333,77.91021333333333 3.9999383333333336,77.90951,77.90951 3.9999383333333336,77.90880666666666,77.90880666666666 3.999943333333334,77.90810166666667,77.90810166666667 3.9999466666666668,77.90739833333333,77.90739833333333 3.999945,77.90669333333334,77.90669333333334 3.9999399999999996,77.90599,77.90599 3.999935,77.90528666666667,77.90528666666667 3.999933333333333,77.904585,77.904585 3.999935,77.90388333333334,77.90388333333334 3.999935,77.90318166666665,77.90318166666665 3.999935,77.90248166666666,77.90248166666666 3.999933333333333,77.90178166666665,77.90178166666665 3.999926666666667,77.90108166666667,77.90108166666667 3.999913333333333,77.90038333333335,77.90038333333335 3.9998933333333335,77.899685,77.899685 3.999865,77.89899,77.89899 3.999836666666667,77.898295,77.898295 3.9998116666666665,77.89760000000001,77.89760000000001 3.999795,77.89690833333333,77.89690833333333 3.9997783333333325,77.896215,77.896215 3.9997650000000005,77.89552499999999,77.89552499999999 3.999755,77.89483333333334,77.89483333333334 3.9997483333333332,77.89414333333335,77.89414333333335 3.9997449999999994,77.893455,77.893455 3.999743333333333,77.892765,77.892765 3.99974,77.89207666666667,77.89207666666667 3.99974,77.89138833333332,77.89138833333332 3.9997449999999994,77.8907,77.8907 3.999755,77.89001166666667,77.89001166666667 3.999766666666667,77.88932333333335,77.88932333333335 3.9997783333333325,77.888635,77.888635 3.9997883333333335,77.88794500000002,77.88794500000002 3.9998000000000005,77.887255,77.887255 3.9998183333333333,77.88656500000002,77.88656500000002 3.999835,77.885875,77.885875 3.999848333333334,77.88518333333333,77.88518333333333 3.99986,77.88449166666666,77.88449166666666 3.9998766666666663,77.88379833333335,77.88379833333335 3.9998933333333335,77.88310666666668,77.88310666666668 3.9999100000000003,77.88241333333333,77.88241333333333 3.999926666666667,77.88172166666666,77.88172166666666 3.999943333333334,77.88102833333333,77.88102833333333 3.9999616666666666,77.88033499999999,77.88033499999999 3.9999816666666663,77.87964166666669,77.87964166666669 4.000004999999999,77.87894833333333,77.87894833333333 4.000026666666666,77.87825500000001,77.87825500000001 4.000045,77.87756166666668,77.87756166666668 4.000058333333333,77.87686833333333,77.87686833333333 4.000075,77.876175,77.876175 4.000095,77.87548000000001,77.87548000000001 4.000116666666667,77.87478666666667,77.87478666666667 4.000136666666666,77.87409166666667,77.87409166666667 4.000156666666668,77.87339833333334,77.87339833333334 4.000178333333333,77.872705,77.872705 4.000203333333333,77.87201,77.87201 4.000229999999999,77.87131666666667,77.87131666666667 4.000256666666667,77.87062333333333,77.87062333333333 4.000279999999999,77.86993,77.86993 4.000296666666666,77.869235,77.869235 4.000308333333334,77.86854166666666,77.86854166666666 4.000315,77.86784833333333,77.86784833333333 4.000313333333333,77.867155,77.867155 4.000305,77.86646000000002,77.86646000000002 4.000286666666667,77.86576666666666,77.86576666666666 4.000265,77.86507166666667,77.86507166666667 4.000236666666667,77.86437833333332,77.86437833333332 4.0001999999999995,77.86368333333333,77.86368333333333 4.000158333333333,77.86298833333333,77.86298833333333 4.000111666666667,77.86229333333333,77.86229333333333 4.000066666666667,77.86159833333333,77.86159833333333 4.00002,77.86090333333334,77.86090333333334 3.9999683333333333,77.86020833333333,77.86020833333333 3.999918333333333,77.85951333333334,77.85951333333334 3.9998700000000005,77.85882000000001,77.85882000000001 3.999823333333333,77.85812666666666,77.85812666666666 3.9997783333333325,77.85743333333333,77.85743333333333 3.9997449999999994,77.85674,77.85674 3.9997200000000004,77.85604833333332,77.85604833333332 3.9997033333333327,77.85535666666668,77.85535666666668 3.9996933333333335,77.854665,77.854665 3.9996933333333335,77.85397333333333,77.85397333333333 3.9997016666666667,77.85328333333334,77.85328333333334 3.9997216666666664,77.85259166666667,77.85259166666667 3.9997499999999997,77.85190166666666,77.85190166666666 3.9997833333333337,77.85121000000001,77.85121000000001 3.999823333333333,77.85052,77.85052 3.9998683333333336,77.84983000000001,77.84983000000001 3.9999100000000003,77.84914,77.84914 3.9999500000000006,77.84845000000001,77.84845000000001 3.999985,77.84776000000001,77.84776000000001 4.00002,77.84706999999999,77.84706999999999 4.000055000000001,77.84638000000001,77.84638000000001 4.000090000000001,77.84568999999999,77.84568999999999 4.0001283333333335,77.84500000000001,77.84500000000001 4.000166666666666,77.84431,77.84431 4.00021,77.84361999999999,77.84361999999999 4.000255,77.84292833333333,77.84292833333333 4.000301666666667,77.84223833333333,77.84223833333333 4.000348333333333,77.84154666666667,77.84154666666667 4.0003883333333325,77.84085666666667,77.84085666666667 4.000418333333334,77.84016666666666,77.84016666666666 4.000438333333334,77.83947499999998,77.83947499999998 4.000443333333333,77.838785,77.838785 4.000436666666667,77.83809500000001,77.83809500000001 4.000421666666666,77.83740333333334,77.83740333333334 4.000398333333334,77.83671333333332,77.83671333333332 4.00037,77.83602166666665,77.83602166666665 4.0003383333333336,77.83533,77.83533 4.000306666666667,77.83463666666667,77.83463666666667 4.000276666666667,77.83394333333334,77.83394333333334 4.000243333333334,77.83324999999999,77.83324999999999 4.000211666666667,77.83255666666666,77.83255666666666 4.000183333333334,77.83186333333333,77.83186333333333 4.000156666666668,77.83117166666665,77.83117166666665 4.000134999999999,77.83047833333335,77.83047833333335 4.000118333333334,77.82978666666666,77.82978666666666 4.0001066666666665,77.82909666666666,77.82909666666666 4.000101666666666,77.82840666666667,77.82840666666667 4.000095,77.82771666666666,77.82771666666666 4.000090000000001,77.82702833333333,77.82702833333333 4.000088333333332,77.82634166666668,77.82634166666668 4.000091666666666,77.82565333333332,77.82565333333332 4.000093333333333,77.824965,77.824965 4.000093333333333,77.82427666666668,77.82427666666668 4.000091666666666,77.82359,77.82359 4.000091666666666,77.82290166666667,77.82290166666667 4.000093333333333,77.82221166666666,77.82221166666666 4.000095,77.82152166666667,77.82152166666667 4.000096666666667,77.82083166666666,77.82083166666666 4.000098333333334,77.82014166666667,77.82014166666667 4.000103333333333,77.81945166666667,77.81945166666667 4.000111666666667,77.81876000000001,77.81876000000001 4.000123333333335,77.81806833333334,77.81806833333334 4.000134999999999,77.81737833333332,77.81737833333332 4.000148333333334,77.81668500000002,77.81668500000002 4.000163333333332,77.81599333333334,77.81599333333334 4.000183333333334,77.81530166666667,77.81530166666667 4.000204999999999,77.81460833333334,77.81460833333334 4.000231666666666,77.813915,77.813915 4.000261666666666,77.81322166666666,77.81322166666666 4.000285,77.81252666666667,77.81252666666667 4.000301666666667,77.81183166666666,77.81183166666666 4.000311666666668,77.81113666666667,77.81113666666667 4.000318333333333,77.81044000000001,77.81044000000001 4.0003166666666665,77.80974333333333,77.80974333333333 4.000308333333334,77.809045,77.809045 4.000293333333333,77.80834666666665,77.80834666666665 4.0002716666666664,77.80764666666667,77.80764666666667 4.0002450000000005,77.80694833333335,77.80694833333335 4.000211666666667,77.80624833333334,77.80624833333334 4.000171666666666,77.80554833333333,77.80554833333333 4.000131666666667,77.80484833333334,77.80484833333334 4.000095,77.80414833333333,77.80414833333333 4.000063333333333,77.80344833333332,77.80344833333332 4.000031666666667,77.80275,77.80275 4.000004999999999,77.80205,77.80205 3.999985,77.80135166666668,77.80135166666668 3.9999733333333336,77.80065166666667,77.80065166666667 3.9999666666666664,77.79995333333333,77.79995333333333 3.9999650000000004,77.79925499999999,77.79925499999999 3.99997,77.79855666666667,77.79855666666667 3.9999816666666663,77.79785833333335,77.79785833333335 3.999998333333334,77.79716,77.79716 4.000018333333333,77.79646333333334,77.79646333333334 4.000041666666666,77.79576333333333,77.79576333333333 4.000068333333332,77.79506500000001,77.79506500000001 4.000093333333333,77.794365,77.794365 4.000115,77.79366333333336,77.79366333333336 4.000136666666666,77.79296333333335,77.79296333333335 4.000153333333334,77.79226000000001,77.79226000000001 4.000166666666666,77.79155833333334,77.79155833333334 4.0001766666666665,77.79085500000001,77.79085500000001 4.000178333333333,77.79015333333334,77.79015333333334 4.000173333333334,77.78945,77.78945 4.000161666666667,77.78874833333333,77.78874833333333 4.000148333333334,77.78804666666666,77.78804666666666 4.000133333333332,77.78734333333334,77.78734333333334 4.000115,77.78664166666667,77.78664166666667 4.000093333333333,77.78594166666666,77.78594166666666 4.000070000000001,77.78524000000002,77.78524000000002 4.000045,77.78454,77.78454 4.00002,77.78384,77.78384 3.999996666666666,77.78314000000002,77.78314000000002 3.9999749999999996,77.78244000000001,77.78244000000001 3.9999616666666666,77.78173833333334,77.78173833333334 3.999955,77.78103666666667,77.78103666666667 3.9999533333333335,77.780335,77.780335 3.9999599999999997,77.77963333333334,77.77963333333334 3.9999749999999996,77.77893,77.77893 3.999998333333334,77.77822666666665,77.77822666666665 4.000031666666667,77.77752166666667,77.77752166666667 4.000075,77.77681833333332,77.77681833333332 4.0001283333333335,77.77611333333333,77.77611333333333 4.000188333333333,77.77540833333335,77.77540833333335 4.000253333333333,77.77470333333333,77.77470333333333 4.0003166666666665,77.77399833333334,77.77399833333334 4.000371666666667,77.77329333333334,77.77329333333334 4.000419999999999,77.77258833333335,77.77258833333335 4.000455,77.77188500000001,77.77188500000001 4.000473333333333,77.77118000000002,77.77118000000002 4.000475,77.77047666666668,77.77047666666668 4.00046,77.76977166666668,77.76977166666668 4.000436666666667,77.76906833333335,77.76906833333335 4.000410000000001,77.76836499999999,77.76836499999999 4.00038,77.76765999999999,77.76765999999999 4.000343333333334,77.76695666666666,77.76695666666666 4.000299999999999,77.76625333333332,77.76625333333332 4.000253333333333,77.76555166666668,77.76555166666668 4.00021,77.76484833333335,77.76484833333335 4.00017,77.76414499999998,77.76414499999998 4.000133333333332,77.76344333333334,77.76344333333334 4.000099999999999,77.76274166666667,77.76274166666667 4.000073333333333,77.76204,77.76204 4.000055000000001,77.76133833333333,77.76133833333333 4.000041666666666,77.76063666666667,77.76063666666667 4.00003,77.759935,77.759935 4.000021666666667,77.75923333333333,77.75923333333333 4.000015,77.75853166666668,77.75853166666668 4.000013333333333,77.75782833333332,77.75782833333332 4.00001,77.75712499999999,77.75712499999999 4.000008333333333,77.75642166666665,77.75642166666665 4.000006666666668,77.75571666666666,77.75571666666666 4.000008333333333,77.75501333333332,77.75501333333332 4.00001,77.75430999999999,77.75430999999999 4.00001,77.75360666666666,77.75360666666666 4.0000116666666665,77.75290333333335,77.75290333333335 4.000013333333333,77.75220166666665,77.75220166666665 4.000015,77.75149833333332,77.75149833333332 4.00002,77.75079500000001,77.75079500000001 4.000025000000001,77.75009333333334,77.75009333333334 4.00003,77.74939,77.74939 4.0000350000000005,77.74868666666667,77.74868666666667 4.000043333333333,77.74798333333334,77.74798333333334 4.000051666666667,77.74727833333334,77.74727833333334 4.000061666666666,77.746575,77.746575 4.000075,77.74586999999998,77.74586999999998 4.000096666666667,77.74516499999999,77.74516499999999 4.000120000000001,77.74446166666665,77.74446166666665 4.000143333333333,77.74375666666666,77.74375666666666 4.000168333333333,77.74305166666666,77.74305166666666 4.000196666666666,77.74234833333333,77.74234833333333 4.000231666666666,77.74164333333333,77.74164333333333 4.000266666666667,77.74094,77.74094 4.000301666666667,77.74023666666666,77.74023666666666 4.0003383333333336,77.73953499999999,77.73953499999999 4.000371666666667,77.73883333333332,77.73883333333332 4.000401666666667,77.73813333333334,77.73813333333334 4.000428333333333,77.73743166666667,77.73743166666667 4.000453333333333,77.73673333333332,77.73673333333332 4.000473333333333,77.73603333333334,77.73603333333334 4.000491666666666,77.735335,77.735335 4.00051,77.734635,77.734635 4.0005283333333335,77.73393666666665,77.73393666666665 4.000543333333334,77.73323666666667,77.73323666666667 4.000553333333333,77.73253666666666,77.73253666666666 4.000556666666666,77.73183666666668,77.73183666666668 4.00056,77.73113666666667,77.73113666666667 4.00056,77.730435,77.730435 4.000553333333333,77.72973499999999,77.72973499999999 4.000543333333334,77.72903333333333,77.72903333333333 4.0005266666666675,77.72833333333332,77.72833333333332 4.000506666666666,77.72763166666665,77.72763166666665 4.000478333333334,77.72692999999998,77.72692999999998 4.000441666666666,77.72623,77.72623 4.000396666666666,77.72552833333333,77.72552833333333 4.000343333333334,77.72482833333335,77.72482833333335 4.000279999999999,77.72412833333334,77.72412833333334 4.000208333333333,77.72342833333333,77.72342833333333 4.0001283333333335,77.72272833333334,77.72272833333334 4.000039999999999,77.72202999999999,77.72202999999999 3.999943333333334,77.72133166666667,77.72133166666667 3.999843333333333,77.72063499999999,77.72063499999999 3.999741666666667,77.71993666666667,77.71993666666667 3.999648333333333,77.71924,77.71924 3.999571666666667,77.718545,77.718545 3.9995133333333337,77.71784833333332,77.71784833333332 3.9994733333333334,77.71715333333333,77.71715333333333 3.9994516666666673,77.71645833333332,77.71645833333332 3.9994466666666666,77.71576499999999,77.71576499999999 3.9994533333333333,77.71507166666667,77.71507166666667 3.999466666666667,77.71437833333331,77.71437833333331 3.9994916666666662,77.71368666666667,77.71368666666667 3.999526666666667,77.71299666666665,77.71299666666665 3.999575,77.71230500000001,77.71230500000001 3.9996300000000002,77.711615,77.711615 3.9996916666666666,77.71092499999999,77.71092499999999 3.9997599999999998,77.710235,77.710235 3.999835,77.70954333333333,77.70954333333333 3.999916666666667,77.70885333333334,77.70885333333334 4.000003333333334,77.70816166666667,77.70816166666667 4.000093333333333,77.70747,77.70747 4.000191666666667,77.70677833333332,77.70677833333332 4.000299999999999,77.70608666666668,77.70608666666668 4.000408333333333,77.70539333333333,77.70539333333333 4.000508333333333,77.70470166666667,77.70470166666667 4.000591666666667,77.70400833333333,77.70400833333333 4.000656666666667,77.70331333333333,77.70331333333333 4.000706666666666,77.70262,77.70262 4.000736666666666,77.701925,77.701925 4.000744999999999,77.70123,77.70123 4.000726666666668,77.700535,77.700535 4.000683333333333,77.69984166666667,77.69984166666667 4.00062,77.69914666666666,77.69914666666666 4.000536666666666,77.69845333333333,77.69845333333333 4.000435,77.69776166666666,77.69776166666666 4.00032,77.69706833333332,77.69706833333332 4.000201666666666,77.69637500000002,77.69637500000002 4.000086666666667,77.69568333333333,77.69568333333333 3.9999833333333337,77.69499,77.69499 3.9998983333333333,77.69429666666667,77.69429666666667 3.9998400000000007,77.69360166666667,77.69360166666667 3.99981,77.69290666666667,77.69290666666667 3.9998049999999994,77.69221166666665,77.69221166666665 3.9998199999999993,77.691515,77.691515 3.999846666666666,77.69081833333333,77.69081833333333 3.9998700000000005,77.69012166666667,77.69012166666667 3.9998866666666664,77.68942500000001,77.68942500000001 3.9998966666666673,77.68873,77.68873 3.9999066666666665,77.68803333333332,77.68803333333332 3.9999200000000004,77.68733666666667,77.68733666666667 3.9999383333333336,77.68664166666667,77.68664166666667 3.9999599999999997,77.68594333333334,77.68594333333334 3.9999883333333335,77.68524666666666,77.68524666666666 4.000025000000001,77.68454666666668,77.68454666666668 4.000068333333332,77.68384666666667,77.68384666666667 4.000113333333333,77.68314666666666,77.68314666666666 4.00016,77.68244333333335,77.68244333333335 4.000206666666667,77.68174000000002,77.68174000000002 4.000256666666667,77.681035,77.681035 4.000306666666667,77.68033,77.68033 4.000361666666667,77.67962333333334,77.67962333333334 4.000415,77.67891666666665,77.67891666666665 4.000468333333334,77.67820999999999,77.67820999999999 4.000514999999999,77.67750166666666,77.67750166666666 4.000555,77.676795,77.676795 4.000588333333334,77.67608666666668,77.67608666666668 4.000618333333334,77.67537833333336,77.67537833333336 4.000643333333333,77.67467,77.67467 4.000665,77.67396,77.67396 4.00068,77.67325166666666,77.67325166666666 4.0006949999999994,77.67254166666667,77.67254166666667 4.000711666666667,77.67183166666666,77.67183166666666 4.000735000000001,77.67111999999999,77.67111999999999 4.000765,77.67040833333334,77.67040833333334 4.000795,77.66969666666668,77.66969666666668 4.000825,77.668985,77.668985 4.000855000000001,77.66827166666667,77.66827166666667 4.00088,77.66755833333335,77.66755833333335 4.000896666666668,77.66684499999998,77.66684499999998 4.000901666666667,77.66613166666666,77.66613166666666 4.000891666666667,77.66541666666666,77.66541666666666 4.000871666666667,77.66470333333332,77.66470333333332 4.000838333333333,77.66399,77.66399 4.000791666666666,77.663275,77.663275 4.000735000000001,77.66256166666666,77.66256166666666 4.000671666666667,77.66184833333334,77.66184833333334 4.000608333333332,77.661135,77.661135 4.000548333333333,77.66042166666666,77.66042166666666 4.000488333333333,77.65970833333334,77.65970833333334 4.000431666666667,77.658995,77.658995 4.00038,77.65828,77.65828 4.000336666666667,77.65756500000002,77.65756500000002 4.000298333333333,77.65684999999999,77.65684999999999 4.000266666666667,77.65613333333334,77.65613333333334 4.000240000000001,77.65541833333334,77.65541833333334 4.000218333333333,77.6547,77.6547 4.000204999999999,77.65398333333331,77.65398333333331 4.000193333333334,77.653265,77.653265 4.000183333333334,77.65254666666665,77.65254666666665 4.00017,77.65182833333334,77.65182833333334 4.0001549999999995,77.65110999999999,77.65110999999999 4.000138333333333,77.65039333333334,77.65039333333334 4.000116666666667,77.64967499999999,77.64967499999999 4.000095,77.64895833333334,77.64895833333334 4.000076666666667,77.64823999999999,77.64823999999999 4.000063333333333,77.64752333333334,77.64752333333334 4.000055000000001,77.64680499999999,77.64680499999999 4.000053333333334,77.64608833333334,77.64608833333334 4.0000599999999995,77.64537000000001,77.64537000000001 4.000073333333333,77.64465333333334,77.64465333333334 4.000095,77.64393499999998,77.64393499999998 4.000121666666666,77.64321666666667,77.64321666666667 4.0001549999999995,77.64249833333332,77.64249833333332 4.000193333333334,77.64178000000001,77.64178000000001 4.000231666666666,77.64106166666666,77.64106166666666 4.0002716666666664,77.64034500000001,77.64034500000001 4.000310000000001,77.63962833333332,77.63962833333332 4.000344999999999,77.63891166666667,77.63891166666667 4.000376666666668,77.63819666666667,77.63819666666667 4.000403333333334,77.63748166666666,77.63748166666666 4.000425,77.63676666666666,77.63676666666666 4.000445,77.63605333333332,77.63605333333332 4.000461666666666,77.63533833333334,77.63533833333334 4.000475,77.634625,77.634625 4.000485000000001,77.63391166666666,77.63391166666666 4.000495,77.63319833333334,77.63319833333334 4.0005049999999995,77.63248666666667,77.63248666666667 4.000518333333333,77.63177499999999,77.63177499999999 4.00053,77.63106166666667,77.63106166666667 4.000543333333334,77.63035166666668,77.63035166666668 4.000555,77.62964000000001,77.62964000000001 4.000568333333335,77.62892833333333,77.62892833333333 4.000581666666666,77.62821666666667,77.62821666666667 4.0005966666666675,77.627505,77.627505 4.000615,77.62679333333332,77.62679333333332 4.000636666666667,77.62608,77.62608 4.000660000000001,77.62536833333333,77.62536833333333 4.000681666666667,77.62465333333333,77.62465333333333 4.0007,77.62394,77.62394 4.000711666666667,77.623225,77.623225 4.000718333333333,77.62250999999999,77.62250999999999 4.000718333333333,77.62179500000002,77.62179500000002 4.000711666666667,77.62107833333333,77.62107833333333 4.000696666666666,77.62035999999999,77.62035999999999 4.0006683333333335,77.61964166666667,77.61964166666667 4.000630000000001,77.61892333333333,77.61892333333333 4.000579999999999,77.618205,77.618205 4.000514999999999,77.617485,77.617485 4.000440000000001,77.616765,77.616765 4.000358333333333,77.61604666666668,77.61604666666668 4.000278333333334,77.61532833333334,77.61532833333334 4.000204999999999,77.61460999999998,77.61460999999998 4.000136666666666,77.61389166666667,77.61389166666667 4.000075,77.61317500000001,77.61317500000001 4.000021666666667,77.61245833333334,77.61245833333334 3.9999866666666666,77.61174333333334,77.61174333333334 3.9999683333333333,77.61102833333332,77.61102833333332 3.9999666666666664,77.61031333333335,77.61031333333335 3.9999733333333336,77.60959999999999,77.60959999999999 3.9999916666666673,77.608885,77.608885 4.000018333333333,77.60817333333333,77.60817333333333 4.000048333333334,77.60746000000002,77.60746000000002 4.000076666666667,77.60674833333334,77.60674833333334 4.000103333333333,77.60603666666665,77.60603666666665 4.000126666666667,77.60532333333335,77.60532333333335 4.000148333333334,77.60461166666667,77.60461166666667 4.000166666666666,77.60390000000001,77.60390000000001 4.0001766666666665,77.60318666666667,77.60318666666667 4.000178333333333,77.602475,77.602475 4.00017,77.60176333333334,77.60176333333334 4.000156666666668,77.60105166666666,77.60105166666666 4.000134999999999,77.60034000000002,77.60034000000002 4.0001066666666665,77.59962833333334,77.59962833333334 4.000073333333333,77.59891833333334,77.59891833333334 4.0000383333333325,77.59820666666667,77.59820666666667 4.000003333333334,77.59749666666666,77.59749666666666 3.9999683333333333,77.59678666666667,77.59678666666667 3.9999383333333336,77.59607666666668,77.59607666666668 3.999918333333333,77.595365,77.595365 3.9999066666666665,77.59465333333333,77.59465333333333 3.999903333333333,77.59394166666667,77.59394166666667 3.9999066666666665,77.59323166666665,77.59323166666665 3.999916666666667,77.59252000000001,77.59252000000001 3.999928333333333,77.59180833333333,77.59180833333333 3.9999466666666668,77.59109666666667,77.59109666666667 3.9999749999999996,77.590385,77.590385 4.0000116666666665,77.58967166666666,77.58967166666666 4.000053333333334,77.58896,77.58896 4.000101666666666,77.58824666666666,77.58824666666666 4.000158333333333,77.58753166666666,77.58753166666666 4.0002233333333335,77.58681666666668,77.58681666666668 4.000290000000001,77.58610166666668,77.58610166666668 4.000356666666668,77.58538666666666,77.58538666666666 4.000425,77.58467,77.58467 4.000495,77.58395333333333,77.58395333333333 4.000566666666666,77.583235,77.583235 4.000641666666666,77.582515,77.582515 4.0007166666666665,77.58179499999999,77.58179499999999 4.000791666666666,77.58107166666666,77.58107166666666 4.000861666666665,77.58034833333333,77.58034833333333 4.000923333333334,77.57962333333333,77.57962333333333 4.0009733333333335,77.57889833333334,77.57889833333334 4.001013333333333,77.57817,77.57817 4.001048333333333,77.57744333333335,77.57744333333335 4.001073333333332,77.57671333333332,77.57671333333332 4.001084999999999,77.575985,77.575985 4.00108,77.575255,77.575255 4.001055000000001,77.574525,77.574525 4.001013333333333,77.573795,77.573795 4.000959999999999,77.573065,77.573065 4.000898333333333,77.57233666666666,77.57233666666666 4.000831666666666,77.57160999999998,77.57160999999998 4.000765,77.57088333333333,77.57088333333333 4.000696666666666,77.57015833333334,77.57015833333334 4.000630000000001,77.569435,77.569435 4.000566666666666,77.56871333333333,77.56871333333333 4.000513333333334,77.56799333333333,77.56799333333333 4.000470000000001,77.56727333333332,77.56727333333332 4.000438333333334,77.56655500000001,77.56655500000001 4.000413333333333,77.56583666666666,77.56583666666666 4.000395,77.56511833333334,77.56511833333334 4.000381666666667,77.56439999999999,77.56439999999999 4.000371666666667,77.56368333333334,77.56368333333334 4.000358333333333,77.56296499999999,77.56296499999999 4.000341666666667,77.56225,77.56225 4.0003166666666665,77.561535,77.561535 4.000283333333333,77.56081999999999,77.56081999999999 4.000248333333334,77.56010666666666,77.56010666666666 4.00021,77.55939333333335,77.55939333333335 4.000168333333333,77.55868000000001,77.55868000000001 4.000120000000001,77.55796833333335,77.55796833333335 4.000066666666667,77.55725500000001,77.55725500000001 4.00001,77.55654,77.55654 3.9999500000000006,77.55582666666666,77.55582666666666 3.99989,77.55511166666666,77.55511166666666 3.99983,77.55439666666668,77.55439666666668 3.999768333333334,77.55368166666668,77.55368166666668 3.9997099999999994,77.552965,77.552965 3.9996549999999997,77.55225,77.55225 3.9995983333333336,77.55153333333332,77.55153333333332 3.9995400000000005,77.55081666666666,77.55081666666666 3.999483333333333,77.5501,77.5501 3.999433333333333,77.54938166666669,77.54938166666669 3.999391666666667,77.548665,77.548665 3.9993533333333335,77.54794666666666,77.54794666666666 3.999321666666667,77.54722833333334,77.54722833333334 3.999293333333334,77.54651,77.54651 3.9992733333333326,77.54579,77.54579 3.9992616666666665,77.54507166666667,77.54507166666667 3.9992550000000007,77.54435166666667,77.54435166666667 3.9992533333333333,77.54363166666666,77.54363166666666 3.9992583333333327,77.54291166666668,77.54291166666668 3.9992733333333326,77.54219166666667,77.54219166666667 3.999293333333334,77.54147166666667,77.54147166666667 3.9993166666666666,77.54075,77.54075 3.9993416666666675,77.54002999999999,77.54002999999999 3.999368333333334,77.53930833333335,77.53930833333335 3.9993966666666667,77.53858833333334,77.53858833333334 3.9994283333333334,77.53786833333334,77.53786833333334 3.99946,77.53714666666667,77.53714666666667 3.9994933333333336,77.53642666666666,77.53642666666666 3.999526666666667,77.53570666666666,77.53570666666666 3.9995583333333333,77.53498833333333,77.53498833333333 3.99959,77.53426833333333,77.53426833333333 3.9996183333333333,77.53355,77.53355 3.9996416666666663,77.53283166666667,77.53283166666667 3.99966,77.532115,77.532115 3.999673333333333,77.53139833333333,77.53139833333333 3.9996833333333326,77.53068166666667,77.53068166666667 3.9996900000000006,77.52996666666665,77.52996666666665 3.999698333333334,77.52925166666668,77.52925166666668 3.9997033333333327,77.528535,77.528535 3.9997066666666665,77.52782,77.52782 3.9997016666666667,77.52710499999999,77.52710499999999 3.9996900000000006,77.52638833333333,77.52638833333333 3.999673333333333,77.52567333333333,77.52567333333333 3.999651666666667,77.52495833333334,77.52495833333334 3.9996316666666667,77.52424333333335,77.52424333333335 3.9996199999999993,77.52352666666667,77.52352666666667 3.999623333333333,77.52281333333333,77.52281333333333 3.999656666666667,77.52209833333333,77.52209833333333 3.999726666666667,77.52138333333335,77.52138333333335 3.999843333333333,77.52067000000001,77.52067000000001 4.000026666666666,77.519955,77.519955 4.000286666666667,77.51924333333332,77.51924333333332 4.000625,77.51853166666668,77.51853166666668 4.00105,77.51782333333333,77.51782333333333 4.001571666666666,77.51711666666667,77.51711666666667 4.002196666666667,77.51641333333333,77.51641333333333 4.002926666666665,77.51571333333332,77.51571333333332 4.0037650000000005,77.51501833333333,77.51501833333333 4.004713333333333,77.51432833333334,77.51432833333334 4.005778333333333,77.51364333333332,77.51364333333332 4.006958333333333,77.51296666666669,77.51296666666669 4.008261666666667,77.51229666666667,77.51229666666667 4.009684999999999,77.51163666666667,77.51163666666667 4.011228333333333,77.51098666666665,77.51098666666665 4.0128900000000005,77.51034833333333,77.51034833333333 4.014670000000001,77.50972166666668,77.50972166666668 4.016566666666667,77.50910999999999,77.50910999999999 4.018573333333333,77.50851333333334,77.50851333333334 4.020695,77.50793333333334,77.50793333333334 4.022925,77.50737000000001,77.50737000000001 4.02526,77.50682666666667,77.50682666666667 4.027703333333333,77.50630166666667,77.50630166666667 4.030253333333333,77.50579833333333,77.50579833333333 4.032911666666666,77.50532,77.50532 4.035673333333334,77.50486833333333,77.50486833333333 4.0385349999999995,77.50444166666665,77.50444166666665 4.04149,77.50404166666667,77.50404166666667 4.0445383333333345,77.50367166666668,77.50367166666668 4.047676666666667,77.50332833333333,77.50332833333333 4.050899999999999,77.50301666666665,77.50301666666665 4.054201666666667,77.50273333333332,77.50273333333332 4.057573333333334,77.50248,77.50248 4.061006666666666,77.502255,77.502255 4.064485,77.502055,77.502055 4.067998333333333,77.501875,77.501875 4.071540000000001,77.501715,77.501715 4.075103333333333,77.50157333333334,77.50157333333334 4.078681666666666,77.50144499999999,77.50144499999999 4.082275,77.50133,77.50133 4.08588,77.50122833333333,77.50122833333333 4.0894933333333325,77.50114,77.50114 4.093115000000001,77.50106166666666,77.50106166666666 4.096745,77.50099499999999,77.50099499999999 4.10038,77.50094000000001,77.50094000000001 4.10402,77.50089500000001,77.50089500000001 4.107663333333334,77.50085833333331,77.50085833333331 4.1113100000000005,77.50083333333333,77.50083333333333 4.114956666666666,77.50081833333334,77.50081833333334 4.1186050000000005,77.50081666666667,77.50081666666667 4.122249999999999,77.50083000000001,77.50083000000001 4.125895,77.50085833333331,77.50085833333331 4.129535000000001,77.50090166666668,77.50090166666668 4.133173333333334,77.50095833333333,77.50095833333333 4.136806666666667,77.50102666666668,77.50102666666668 4.140436666666666,77.50110166666667,77.50110166666667 4.144064999999999,77.50118,77.50118 4.147691666666667,77.501255,77.501255 4.151320000000001,77.50133,77.50133 4.1549483333333335,77.50139833333333,77.50139833333333 4.158578333333333,77.50146000000001,77.50146000000001 4.162208333333334,77.50151333333332,77.50151333333332 4.165839999999999,77.50155833333332,77.50155833333332 4.1694700000000005,77.50159166666667,77.50159166666667 4.173101666666667,77.50161499999999,77.50161499999999 4.17673,77.50163166666667,77.50163166666667 4.180350000000001,77.50164499999998,77.50164499999998 4.183961666666666,77.50165333333332,77.50165333333332 4.187563333333333,77.50166166666666,77.50166166666666 4.191156666666667,77.50167166666665,77.50167166666665 4.1947399999999995,77.50168166666668,77.50168166666668 4.198315,77.501695,77.501695 4.201879999999999,77.50170833333333,77.50170833333333 4.2054383333333325,77.50171999999999,77.50171999999999 4.208988333333333,77.50173000000001,77.50173000000001 4.21253,77.50174000000001,77.50174000000001 4.216061666666667,77.50174999999999,77.50174999999999 4.2195849999999995,77.50175833333331,77.50175833333331 4.223098333333334,77.50176666666665,77.50176666666665 4.2265999999999995,77.50177333333333,77.50177333333333 4.230090000000001,77.50178166666666,77.50178166666666 4.2335666666666665,77.50179,77.50179 4.237026666666667,77.50179666666668,77.50179666666668 4.240470000000001,77.501805,77.501805 4.243895,77.50181166666665,77.50181166666665 4.247301666666666,77.50182166666666,77.50182166666666 4.2506916666666665,77.50183333333332,77.50183333333332 4.254065000000001,77.50184833333333,77.50184833333333 4.257425,77.50186333333333,77.50186333333333 4.260770000000001,77.50188000000001,77.50188000000001 4.264105000000001,77.50190166666667,77.50190166666667 4.267431666666667,77.50192333333332,77.50192333333332 4.27075,77.50194499999999,77.50194499999999 4.274063333333334,77.50196833333334,77.50196833333334 4.277371666666666,77.50198999999999,77.50198999999999 4.280675,77.50201333333334,77.50201333333334 4.283974999999999,77.50203666666665,77.50203666666665 4.287275,77.50205833333332,77.50205833333332 4.290571666666668,77.50207833333334,77.50207833333334 4.293864999999999,77.50209666666667,77.50209666666667 4.297156666666667,77.50211333333333,77.50211333333333 4.300443333333333,77.50212833333333,77.50212833333333 4.303726666666666,77.50214333333334,77.50214333333334 4.307005,77.50215666666666,77.50215666666666 4.310281666666666,77.50216999999999,77.50216999999999 4.313556666666666,77.502185,77.502185 4.316828333333333,77.50219999999999,77.50219999999999 4.320096666666667,77.50221833333335,77.50221833333335 4.323363333333333,77.50223666666668,77.50223666666668 4.326625000000001,77.50225666666667,77.50225666666667 4.329881666666665,77.50228,77.50228 4.3331333333333335,77.50230333333334,77.50230333333334 4.336378333333333,77.50232666666669,77.50232666666669 4.339618333333333,77.50235166666667,77.50235166666667 4.342853333333333,77.50237666666668,77.50237666666668 4.346081666666667,77.5024,77.5024 4.349306666666666,77.50242499999999,77.50242499999999 4.352526666666666,77.50245,77.50245 4.355743333333334,77.50247333333334,77.50247333333334 4.358956666666666,77.50249666666666,77.50249666666666 4.362166666666666,77.50251833333334,77.50251833333334 4.365373333333332,77.50254,77.50254 4.368575,77.50256,77.50256 4.371775,77.50258,77.50258 4.374975,77.50259833333332,77.50259833333332 4.3781766666666675,77.50261666666667,77.50261666666667 4.381378333333333,77.502635,77.502635 4.3845816666666675,77.50265333333333,77.50265333333333 4.387786666666667,77.50267166666667,77.50267166666667 4.390995,77.50268833333334,77.50268833333334 4.394210000000001,77.50270333333333,77.50270333333333 4.397431666666666,77.50271666666664,77.50271666666664 4.400656666666667,77.50273,77.50273 4.403883333333333,77.50274333333334,77.50274333333334 4.407113333333333,77.50275833333333,77.50275833333333 4.4103433333333335,77.50277333333334,77.50277333333334 4.413576666666667,77.50279,77.50279 4.416811666666666,77.50280666666666,77.50280666666666 4.420049999999999,77.50282666666668,77.50282666666668 4.423288333333332,77.502845,77.502845 4.426526666666667,77.50286500000001,77.50286500000001 4.429763333333333,77.502885,77.502885 4.432995,77.50290333333334,77.50290333333334 4.436221666666666,77.50292333333334,77.50292333333334 4.43944,77.50294333333333,77.50294333333333 4.442651666666666,77.50296166666666,77.50296166666666 4.445856666666667,77.50298000000001,77.50298000000001 4.449055,77.50299833333334,77.50299833333334 4.4522450000000005,77.503015,77.503015 4.455428333333334,77.50303,77.50303 4.458601666666667,77.50304333333334,77.50304333333334 4.46177,77.50305333333334,77.50305333333334 4.464930000000001,77.50306333333334,77.50306333333334 4.468085,77.50307166666667,77.50307166666667 4.471234999999999,77.50307666666666,77.50307666666666 4.474381666666666,77.50308166666667,77.50308166666667 4.477524999999999,77.503085,77.503085 4.480668333333334,77.50308666666666,77.50308666666666 4.483811666666667,77.50309166666665,77.50309166666665 4.486953333333333,77.50309999999999,77.50309999999999 4.490096666666666,77.50311166666667,77.50311166666667 4.493245,77.50312833333334,77.50312833333334 4.496401666666666,77.50314833333334,77.50314833333334 4.4995666666666665,77.50317,77.50317 4.502739999999999,77.50319666666667,77.50319666666667 4.505921666666667,77.50322333333334,77.50322333333334 4.50911,77.50325333333333,77.50325333333333 4.512305,77.50328166666667,77.50328166666667 4.515506666666667,77.50331,77.50331 4.518716666666667,77.50333666666667,77.50333666666667 4.521931666666666,77.50336166666665,77.50336166666665 4.525155,77.503385,77.503385 4.528383333333333,77.50340666666666,77.50340666666666 4.531618333333334,77.50342666666668,77.50342666666668 4.534858333333334,77.50344499999999,77.50344499999999 4.538098333333334,77.50346333333333,77.50346333333333 4.541338333333334,77.50347833333333,77.50347833333333 4.544578333333334,77.50349166666666,77.50349166666666 4.547818333333334,77.50350333333334,77.50350333333334 4.551058333333334,77.50351500000001,77.50351500000001 4.554298333333334,77.503525,77.503525 4.55754,77.503535,77.503535 4.560781666666667,77.50354333333334,77.50354333333334 4.564021666666667,77.50355333333333,77.50355333333333 4.56726,77.50356000000001,77.50356000000001 4.570491666666666,77.50356666666666,77.50356666666666 4.573718333333333,77.50357333333334,77.50357333333334 4.57694,77.50358,77.50358 4.580155,77.50358833333334,77.50358833333334 4.583363333333334,77.50359666666668,77.50359666666668 4.586564999999999,77.50360500000001,77.50360500000001 4.589758333333332,77.50361500000001,77.50361500000001 4.592948333333334,77.50362666666668,77.50362666666668 4.59613,77.50364166666665,77.50364166666665 4.599308333333333,77.50365666666667,77.50365666666667 4.602483333333333,77.50367333333334,77.50367333333334 4.605656666666667,77.50368833333333,77.50368833333333 4.608833333333332,77.503705,77.503705 4.612009999999999,77.50372,77.50372 4.615188333333332,77.50373500000002,77.50373500000002 4.618365000000001,77.50375,77.50375 4.6215433333333324,77.50376500000002,77.50376500000002 4.624723333333333,77.50378166666665,77.50378166666665 4.627903333333333,77.50379833333334,77.50379833333334 4.631083333333334,77.50381833333333,77.50381833333333 4.634265,77.50383833333332,77.50383833333332 4.6374483333333325,77.50386,77.50386 4.640633333333334,77.50388166666667,77.50388166666667 4.643818333333333,77.50390500000002,77.50390500000002 4.647006666666667,77.50392833333333,77.50392833333333 4.650198333333334,77.50394999999999,77.50394999999999 4.653391666666667,77.50397166666667,77.50397166666667 4.656586666666666,77.50399333333334,77.50399333333334 4.6597833333333325,77.50401166666667,77.50401166666667 4.662978333333333,77.50403,77.50403 4.666176666666667,77.50404666666668,77.50404666666668 4.669376666666667,77.50406,77.50406 4.67258,77.50407333333332,77.50407333333332 4.675785,77.504085,77.504085 4.678993333333334,77.50409666666667,77.50409666666667 4.682203333333334,77.50410666666667,77.50410666666667 4.685413333333333,77.50411666666666,77.50411666666666 4.688625,77.50412666666666,77.50412666666666 4.691838333333332,77.50413666666667,77.50413666666667 4.695051666666666,77.50414833333332,77.50414833333332 4.698265,77.50415833333332,77.50415833333332 4.701478333333334,77.50417,77.50417 4.704693333333333,77.50418333333333,77.50418333333333 4.707908333333333,77.50419666666667,77.50419666666667 4.711125000000001,77.50421333333333,77.50421333333333 4.714345000000001,77.50422833333333,77.50422833333333 4.7175666666666665,77.50424333333335,77.50424333333335 4.720791666666667,77.50425666666666,77.50425666666666 4.72402,77.50427166666668,77.50427166666668 4.727248333333333,77.504285,77.504285 4.730478333333333,77.50429999999999,77.50429999999999 4.73371,77.50431333333333,77.50431333333333 4.736945,77.50432666666669,77.50432666666669 4.74018,77.50434166666666,77.50434166666666 4.743414999999999,77.50435500000002,77.50435500000002 4.746651666666667,77.50437,77.50437 4.749888333333333,77.50438333333332,77.50438333333332 4.753126666666666,77.50439999999999,77.50439999999999 4.756363333333334,77.50441666666667,77.50441666666667 4.759601666666667,77.50443333333334,77.50443333333334 4.762838333333334,77.50444999999999,77.50444999999999 4.766075,77.50446666666666,77.50446666666666 4.769309999999999,77.50448500000002,77.50448500000002 4.772543333333333,77.50450166666667,77.50450166666667 4.775775,77.50451833333334,77.50451833333334 4.779006666666667,77.504535,77.504535 4.782236666666667,77.50455,77.50455 4.785466666666667,77.50456666666666,77.50456666666666 4.7886983333333335,77.50458166666668,77.50458166666668 4.791930000000001,77.50459666666666,77.50459666666666 4.795165,77.50461166666668,77.50461166666668 4.798400000000001,77.50462833333332,77.50462833333332 4.801640000000001,77.50464833333334,77.50464833333334 4.804883333333333,77.50466833333334,77.50466833333334 4.808131666666667,77.50469,77.50469 4.8113850000000005,77.504715,77.504715 4.814643333333334,77.50474333333334,77.50474333333334 4.8179066666666674,77.504775,77.504775 4.821175,77.50480666666668,77.50480666666668 4.824450000000001,77.50484166666666,77.50484166666666 4.827733333333334,77.50487666666666,77.50487666666666 4.83102,77.50491333333333,77.50491333333333 4.834313333333334,77.50494833333335,77.50494833333335 4.837611666666667,77.504985,77.504985 4.840915,77.50501999999999,77.50501999999999 4.844221666666667,77.50505333333334,77.50505333333334 4.847531666666666,77.50508666666666,77.50508666666666 4.8508466666666665,77.50511833333334,77.50511833333334 4.854165,77.50515166666668,77.50515166666668 4.85749,77.50518333333333,77.50518333333333 4.86082,77.50521499999999,77.50521499999999 4.864158333333333,77.50524333333333,77.50524333333333 4.867501666666666,77.50527,77.50527 4.870851666666666,77.50529166666666,77.50529166666666 4.874206666666668,77.50531,77.50531 4.877563333333333,77.50532333333334,77.50532333333334 4.880921666666666,77.50533333333334,77.50533333333334 4.884281666666666,77.50533833333333,77.50533833333333 4.88764,77.50534333333334,77.50534333333334 4.890998333333333,77.505345,77.505345 4.894353333333333,77.50534666666667,77.50534666666667 4.897705,77.50534666666667,77.50534666666667 4.901055000000001,77.50534833333333,77.50534833333333 4.904403333333333,77.50534999999999,77.50534999999999 4.907751666666667,77.50535333333333,77.50535333333333 4.9111,77.50535833333332,77.50535833333332 4.9144483333333335,77.50536333333334,77.50536333333334 4.917796666666666,77.50536999999998,77.50536999999998 4.921145000000001,77.50537833333333,77.50537833333333 4.924495,77.50538666666665,77.50538666666665 4.927843333333334,77.50539333333333,77.50539333333333 4.931191666666667,77.50540000000001,77.50540000000001 4.934538333333332,77.50540333333333,77.50540333333333 4.937881666666667,77.50540833333334,77.50540833333334 4.941223333333334,77.50541333333332,77.50541333333332 4.944568333333334,77.50541499999999,77.50541499999999 4.947908333333333,77.50542,77.50542 4.951251666666668,77.50542499999999,77.50542499999999 4.9545949999999985,77.50543166666667,77.50543166666667 4.95794,77.505435,77.505435 4.961285,77.50543833333333,77.50543833333333 4.9646316666666666,77.50544166666666,77.50544166666666 4.96798,77.50544333333335,77.50544333333335 4.971328333333334,77.50544499999998,77.50544499999998 4.974678333333334,77.50545,77.50545 4.978025000000001,77.50545333333332,77.50545333333332 4.981370000000001,77.50545666666667,77.50545666666667 4.984711666666667,77.50546166666666,77.50546166666666 4.988051666666667,77.50546666666666,77.50546666666666 4.991390000000001,77.50547166666668,77.50547166666668 4.994726666666666,77.505475,77.505475 4.998056666666667,77.50547833333333,77.50547833333333 5.001378333333333,77.50548333333334,77.50548333333334 5.004691666666667,77.50548833333333,77.50548833333333 5.007993333333333,77.505495,77.505495 5.011286666666668,77.50550333333334,77.50550333333334 5.014573333333334,77.50551166666668,77.50551166666668 5.017853333333333,77.50552166666667,77.50552166666667 5.021128333333333,77.50553166666667,77.50553166666667 5.0244,77.50554166666667,77.50554166666667 5.02767,77.50555166666666,77.50555166666666 5.030938333333332,77.50556166666667,77.50556166666667 5.034205,77.50557333333333,77.50557333333333 5.037468333333333,77.50558500000001,77.50558500000001 5.04073,77.5056,77.5056 5.04399,77.50561666666667,77.50561666666667 5.047249999999999,77.505635,77.505635 5.050509999999999,77.505655,77.505655 5.05377,77.505675,77.505675 5.057026666666666,77.50569499999999,77.50569499999999 5.06028,77.50571666666666,77.50571666666666 5.063531666666667,77.50573833333334,77.50573833333334 5.066776666666666,77.50576,77.50576 5.0700166666666675,77.50578166666665,77.50578166666665 5.073253333333334,77.5058,77.5058 5.076486666666667,77.50581999999999,77.50581999999999 5.079718333333332,77.50583833333334,77.50583833333334 5.082946666666667,77.50585500000001,77.50585500000001 5.086173333333333,77.50587,77.50587 5.089395000000001,77.50588333333333,77.50588333333333 5.092615,77.50589499999998,77.50589499999998 5.095831666666666,77.50590500000001,77.50590500000001 5.099048333333333,77.505915,77.505915 5.102263333333334,77.50592166666668,77.50592166666668 5.10548,77.50592833333333,77.50592833333333 5.108696666666666,77.50593500000001,77.50593500000001 5.111915,77.50594166666666,77.50594166666666 5.115133333333334,77.50594999999998,77.50594999999998 5.118354999999999,77.505955,77.505955 5.121576666666667,77.50596166666665,77.50596166666665 5.1248000000000005,77.50596833333334,77.50596833333334 5.128023333333333,77.50597333333333,77.50597333333333 5.131246666666667,77.50597833333332,77.50597833333332 5.134468333333333,77.50598333333333,77.50598333333333 5.137688333333334,77.50598666666666,77.50598666666666 5.140905,77.50599000000001,77.50599000000001 5.144121666666666,77.50599333333334,77.50599333333334 5.147336666666666,77.505995,77.505995 5.150548333333333,77.50599833333334,77.50599833333334 5.153756666666666,77.506,77.506 5.156961666666667,77.50600333333333,77.50600333333333 5.160163333333334,77.50600500000002,77.50600500000002 5.163361666666666,77.50601,77.50601 5.166556666666667,77.50601499999999,77.50601499999999 5.16975,77.50602,77.50602 5.17294,77.506025,77.506025 5.176125,77.50603333333332,77.50603333333332 5.179306666666667,77.50604,77.50604 5.182483333333334,77.50604833333334,77.50604833333334 5.1856566666666675,77.50605833333333,77.50605833333333 5.188828333333333,77.50606666666667,77.50606666666667 5.1919966666666655,77.50607666666667,77.50607666666667 5.195164999999999,77.50608666666666,77.50608666666666 5.19833,77.50609666666666,77.50609666666666 5.201491666666668,77.50610666666667,77.50610666666667 5.20465,77.506115,77.506115 5.2078050000000005,77.50612333333333,77.50612333333333 5.210956666666668,77.50613166666668,77.50613166666668 5.214103333333333,77.50613833333334,77.50613833333334 5.217248333333333,77.50614499999999,77.50614499999999 5.220391666666666,77.50615,77.50615 5.223535000000001,77.50615666666666,77.50615666666666 5.226678333333332,77.50616166666667,77.50616166666667 5.229821666666667,77.506165,77.506165 5.232965,77.50616833333333,77.50616833333333 5.236106666666666,77.50617166666666,77.50617166666666 5.23925,77.50617499999998,77.50617499999998 5.242393333333333,77.50617666666668,77.50617666666668 5.245536666666666,77.50618,77.50618 5.248679999999999,77.50618333333333,77.50618333333333 5.251823333333334,77.50618666666665,77.50618666666665 5.254963333333335,77.50619,77.50619 5.258101666666666,77.50619333333334,77.50619333333334 5.26124,77.50619833333333,77.50619833333333 5.264376666666668,77.50620333333332,77.50620333333332 5.2675133333333335,77.50620833333333,77.50620833333333 5.270651666666668,77.50621333333335,77.50621333333335 5.273791666666667,77.50621833333334,77.50621833333334 5.276936666666668,77.50622333333334,77.50622333333334 5.280085000000001,77.50623166666665,77.50623166666665 5.283236666666666,77.50624166666665,77.50624166666665 5.286391666666666,77.50625166666667,77.50625166666667 5.289550000000001,77.506265,77.506265 5.292709999999999,77.50627666666666,77.50627666666666 5.2958750000000006,77.50629166666667,77.50629166666667 5.299043333333333,77.50630500000001,77.50630500000001 5.3022149999999995,77.50631666666665,77.50631666666665 5.305389999999999,77.50633,77.50633 5.308568333333333,77.50634166666666,77.50634166666666 5.311751666666667,77.50635333333332,77.50635333333332 5.314939999999999,77.506365,77.506365 5.318133333333333,77.50637333333334,77.50637333333334 5.321325000000001,77.50638166666666,77.50638166666666 5.324516666666666,77.50638833333333,77.50638833333333 5.327703333333333,77.50639333333334,77.50639333333334 5.330888333333334,77.50639833333332,77.50639833333332 5.334068333333333,77.50640166666668,77.50640166666668 5.337244999999999,77.506405,77.506405 5.340418333333334,77.506405,77.506405 5.343586666666666,77.50640666666666,77.50640666666666 5.346753333333334,77.50641000000002,77.50641000000002 5.349913333333334,77.506415,77.506415 5.3530700000000015,77.50641999999999,77.50641999999999 5.3562233333333324,77.50642666666666,77.50642666666666 5.359378333333333,77.506435,77.506435 5.3625333333333325,77.50644666666668,77.50644666666668 5.365690000000001,77.50646166666667,77.50646166666667 5.368846666666667,77.50648,77.50648 5.372003333333333,77.50650166666667,77.50650166666667 5.375163333333333,77.50652500000001,77.50652500000001 5.378326666666668,77.50655166666668,77.50655166666668 5.381493333333333,77.50657666666666,77.50657666666666 5.384663333333333,77.50660166666667,77.50660166666667 5.38784,77.50662666666668,77.50662666666668 5.391025,77.50664833333333,77.50664833333333 5.394215000000002,77.50666833333334,77.50666833333334 5.397413333333334,77.50668666666667,77.50668666666667 5.400618333333333,77.50670333333333,77.50670333333333 5.403831666666667,77.50671666666666,77.50671666666666 5.40705,77.50672833333333,77.50672833333333 5.410276666666666,77.50674000000001,77.50674000000001 5.413506666666666,77.50675000000001,77.50675000000001 5.416743333333334,77.50676,77.50676 5.4199850000000005,77.50677166666667,77.50677166666667 5.423230000000001,77.50678,77.50678 5.426476666666667,77.50679,77.50679 5.429726666666667,77.50679833333334,77.50679833333334 5.432975000000002,77.50680666666668,77.50680666666668 5.436221666666667,77.50681333333334,77.50681333333334 5.43947,77.50681833333333,77.50681833333333 5.4427200000000004,77.50682333333332,77.50682333333332 5.445966666666668,77.50682833333333,77.50682833333333 5.449208333333333,77.50683166666666,77.50683166666666 5.452443333333334,77.50683333333335,77.50683333333335 5.455668333333333,77.50683333333335,77.50683333333335 5.458886666666666,77.50683333333335,77.50683333333335 5.4621,77.50683166666666,77.50683166666666 5.465308333333334,77.50682833333333,77.50682833333333 5.468515,77.506825,77.506825 5.471718333333333,77.50681999999999,77.50681999999999 5.474921666666668,77.506815,77.506815 5.478125,77.50681,77.50681 5.481330000000002,77.50680500000001,77.50680500000001 5.484538333333335,77.50680166666666,77.50680166666666 5.487753333333334,77.5068,77.5068 5.490975,77.50679833333334,77.50679833333334 5.494203333333332,77.50679833333334,77.50679833333334 5.497436666666666,77.50679833333334,77.50679833333334 5.500678333333333,77.50679833333334,77.50679833333334 5.503925000000001,77.50679833333334,77.50679833333334 5.50718,77.50680166666666,77.50680166666666 5.510439999999999,77.50680666666668,77.50680666666668 5.513705000000002,77.50681166666666,77.50681166666666 5.516973333333334,77.50681999999999,77.50681999999999 5.520244999999999,77.50682833333333,77.50682833333333 5.523521666666666,77.50683833333333,77.50683833333333 5.526799999999999,77.50684999999999,77.50684999999999 5.530083333333333,77.50686166666665,77.50686166666665 5.53337,77.50687333333333,77.50687333333333 5.536656666666667,77.50688333333333,77.50688333333333 5.539946666666666,77.506895,77.506895 5.543238333333333,77.50690500000002,77.50690500000002 5.5465316666666675,77.50691666666665,77.50691666666665 5.549826666666666,77.50692666666667,77.50692666666667 5.553126666666666,77.50693666666665,77.50693666666665 5.556428333333334,77.50694666666668,77.50694666666668 5.559735000000001,77.506955,77.506955 5.563043333333333,77.50696500000001,77.50696500000001 5.566355000000001,77.50697333333332,77.50697333333332 5.569671666666666,77.50698166666666,77.50698166666666 5.572993333333334,77.50698666666666,77.50698666666666 5.576320000000001,77.50699166666665,77.50699166666665 5.57965,77.506995,77.506995 5.582985,77.50699666666667,77.50699666666667 5.586321666666667,77.50699666666667,77.50699666666667 5.589663333333334,77.506995,77.506995 5.593008333333334,77.50699166666665,77.50699166666665 5.596358333333334,77.50698666666666,77.50698666666666 5.599713333333334,77.50698000000001,77.50698000000001 5.603073333333333,77.50697,77.50697 5.606438333333334,77.50695833333333,77.50695833333333 5.609811666666666,77.50694499999999,77.50694499999999 5.613188333333333,77.50693,77.50693 5.616568333333333,77.50691333333333,77.50691333333333 5.619946666666668,77.506895,77.506895 5.623319999999999,77.50687833333332,77.50687833333332 5.626685,77.50686166666665,77.50686166666665 5.630043333333334,77.506845,77.506845 5.633391666666667,77.50683000000002,77.50683000000002 5.636733333333333,77.50681999999999,77.50681999999999 5.640068333333333,77.50681333333334,77.50681333333334 5.643396666666667,77.50681333333334,77.50681333333334 5.646719999999998,77.50681666666667,77.50681666666667 5.6500416666666675,77.50682333333332,77.50682333333332 5.65336,77.50683166666666,77.50683166666666 5.656676666666669,77.50684333333334,77.50684333333334 5.659993333333333,77.506855,77.506855 5.663308333333334,77.50686999999999,77.50686999999999 5.666623333333332,77.506885,77.506885 5.66994,77.50690166666666,77.50690166666666 5.673255000000001,77.50691833333335,77.50691833333335 5.676568333333334,77.50693500000001,77.50693500000001 5.679880000000002,77.50695166666667,77.50695166666667 5.683193333333332,77.50697,77.50697 5.6865049999999995,77.50698999999999,77.50698999999999 5.689816666666667,77.50700833333333,77.50700833333333 5.69313,77.50702666666666,77.50702666666666 5.696445000000001,77.50704499999999,77.50704499999999 5.699759999999999,77.50706000000001,77.50706000000001 5.703074999999999,77.50707333333332,77.50707333333332 5.706390000000001,77.50708500000002,77.50708500000002 5.7097050000000005,77.50709666666667,77.50709666666667 5.713023333333333,77.50710500000001,77.50710500000001 5.716344999999999,77.50711500000001,77.50711500000001 5.719666666666665,77.50712333333333,77.50712333333333 5.7229883333333325,77.50713166666665,77.50713166666665 5.726308333333332,77.50713833333333,77.50713833333333 5.729628333333332,77.50714500000001,77.50714500000001 5.732948333333334,77.50715166666667,77.50715166666667 5.736268333333334,77.50715833333332,77.50715833333332 5.739585,77.507165,77.507165 5.742898333333333,77.50716999999999,77.50716999999999 5.746208333333334,77.50717666666667,77.50717666666667 5.749518333333333,77.50718166666667,77.50718166666667 5.752828333333333,77.50718666666666,77.50718666666666 5.7561366666666665,77.50719333333333,77.50719333333333 5.759445,77.50720000000001,77.50720000000001 5.762753333333334,77.50720666666666,77.50720666666666 5.766063333333333,77.50721333333333,77.50721333333333 5.7693716666666655,77.50722,77.50722 5.772683333333333,77.50722833333332,77.50722833333332 5.775993333333334,77.50723500000001,77.50723500000001 5.779303333333334,77.50724166666666,77.50724166666666 5.782613333333335,77.50724833333334,77.50724833333334 5.785923333333334,77.50725500000001,77.50725500000001 5.789233333333335,77.50726166666666,77.50726166666666 5.792545,77.50726833333333,77.50726833333333 5.7958583333333324,77.50727333333332,77.50727333333332 5.799173333333332,77.50727666666667,77.50727666666667 5.802488333333334,77.50728000000002,77.50728000000002 5.805806666666666,77.50728333333335,77.50728333333335 5.809126666666667,77.50728500000001,77.50728500000001 5.812446666666666,77.50728500000001,77.50728500000001 5.815766666666667,77.50728500000001,77.50728500000001 5.819084999999999,77.50728500000001,77.50728500000001 5.822405,77.50728333333335,77.50728333333335 5.825723333333334,77.50728333333335,77.50728333333335 5.829041666666666,77.50728333333335,77.50728333333335 5.83236,77.50728166666666,77.50728166666666 5.835676666666665,77.50728166666666,77.50728166666666 5.838991666666667,77.50728166666666,77.50728166666666 5.842308333333334,77.50728000000002,77.50728000000002 5.845626666666668,77.50728000000002,77.50728000000002 5.8489450000000005,77.50728166666666,77.50728166666666 5.852263333333334,77.50728166666666,77.50728166666666 5.855583333333334,77.50728166666666,77.50728166666666 5.8589,77.50728333333335,77.50728333333335 5.862215,77.50728666666667,77.50728666666667 5.865523333333334,77.50729,77.50729 5.868830000000001,77.50729666666666,77.50729666666666 5.872131666666666,77.50730166666668,77.50730166666668 5.87543,77.50730833333333,77.50730833333333 5.878724999999998,77.50731666666667,77.50731666666667 5.882018333333334,77.507325,77.507325 5.885304999999999,77.50733333333334,77.50733333333334 5.88859,77.50734166666668,77.50734166666668 5.891870000000001,77.50735,77.50735 5.895146666666666,77.50735666666665,77.50735666666665 5.898416666666666,77.50736333333333,77.50736333333333 5.901681666666667,77.50736833333335,77.50736833333335 5.904941666666668,77.50737166666667,77.50737166666667 5.908196666666667,77.50737333333333,77.50737333333333 5.9114466666666665,77.50737333333333,77.50737333333333 5.914691666666665,77.50737166666667,77.50737166666667 5.917931666666667,77.50736666666666,77.50736666666666 5.921163333333334,77.50736166666667,77.50736166666667 5.924391666666666,77.50735666666665,77.50735666666665 5.927616666666668,77.50735166666666,77.50735166666666 5.930841666666667,77.50734833333333,77.50734833333333 5.934068333333333,77.50734666666668,77.50734666666668 5.937296666666667,77.507345,77.507345 5.940525000000001,77.50734666666668,77.50734666666668 5.9437533333333326,77.50734666666668,77.50734666666668 5.946983333333333,77.50735,77.50735 5.950214999999999,77.50735333333333,77.50735333333333 5.95345,77.50735833333334,77.50735833333334 5.956685000000001,77.50736833333335,77.50736833333335 5.95992,77.50737833333332,77.50737833333332 5.963151666666666,77.50738666666665,77.50738666666665 5.966383333333332,77.50739499999999,77.50739499999999 5.969615000000001,77.5074,77.5074 5.972846666666667,77.50740666666667,77.50740666666667 5.9760816666666665,77.50741166666666,77.50741166666666 5.979318333333333,77.50741833333333,77.50741833333333 5.9825550000000005,77.50742333333332,77.50742333333332 5.985791666666667,77.50742833333334,77.50742833333334 5.989028333333333,77.507435,77.507435 5.992266666666666,77.50743999999999,77.50743999999999 5.995506666666667,77.50744333333334,77.50744333333334 5.998751666666668,77.50744833333333,77.50744833333333 6.001998333333335,77.50745166666668,77.50745166666668 6.005250000000001,77.50745666666667,77.50745666666667 6.008503333333334,77.50745833333333,77.50745833333333 6.011760000000001,77.50746000000001,77.50746000000001 6.015020000000001,77.50745833333333,77.50745833333333 6.018281666666667,77.50745666666667,77.50745666666667 6.021544999999999,77.50745333333332,77.50745333333332 6.0248116666666665,77.50745166666668,77.50745166666668 6.028079999999999,77.50744999999999,77.50744999999999 6.031346666666667,77.50744833333333,77.50744833333333 6.034611666666666,77.50744833333333,77.50744833333333 6.0378766666666674,77.50744833333333,77.50744833333333 6.041141666666666,77.50744833333333,77.50744833333333 6.044406666666667,77.50744833333333,77.50744833333333 6.047671666666667,77.50744999999999,77.50744999999999 6.050933333333334,77.50745166666668,77.50745166666668 6.054193333333334,77.50745333333332,77.50745333333332 6.057449999999999,77.50745333333332,77.50745333333332 6.060706666666666,77.50745500000001,77.50745500000001 6.063963333333333,77.50745666666667,77.50745666666667 6.067219999999999,77.50746000000001,77.50746000000001 6.070481666666666,77.50746333333333,77.50746333333333 6.073743333333334,77.50746666666666,77.50746666666666 6.0770066666666676,77.50746999999998,77.50746999999998 6.08027,77.50747166666667,77.50747166666667 6.083535000000001,77.507475,77.507475 6.0868,77.50747833333332,77.50747833333332 6.090065000000001,77.50748166666668,77.50748166666668 6.093333333333334,77.50748333333334,77.50748333333334 6.096601666666667,77.50748666666667,77.50748666666667 6.099873333333333,77.50748833333334,77.50748833333334 6.1031450000000005,77.50749166666667,77.50749166666667 6.106420000000001,77.50749333333333,77.50749333333333 6.1096949999999985,77.50749333333333,77.50749333333333 6.112971666666666,77.50749166666667,77.50749166666667 6.116251666666667,77.50748833333334,77.50748833333334 6.119529999999999,77.50748166666668,77.50748166666668 6.12281,77.50747333333334,77.50747333333334 6.126088333333334,77.50746333333333,77.50746333333333 6.129366666666666,77.50745166666668,77.50745166666668 6.132645,77.50743999999999,77.50743999999999 6.1359233333333325,77.50742666666667,77.50742666666667 6.1392,77.50741333333335,77.50741333333335 6.142478333333334,77.5074,77.5074 6.145755,77.50738833333334,77.50738833333334 6.149031666666668,77.50738,77.50738 6.152308333333333,77.50737000000001,77.50737000000001 6.155585,77.50736166666667,77.50736166666667 6.158860000000001,77.50735333333333,77.50735333333333 6.162133333333332,77.50734666666668,77.50734666666668 6.165406666666666,77.50734166666668,77.50734166666668 6.168678333333334,77.50733666666666,77.50733666666666 6.171950000000001,77.50733166666667,77.50733166666667 6.1752183333333335,77.50732666666666,77.50732666666666 6.178485000000001,77.50732333333333,77.50732333333333 6.18175,77.50731833333333,77.50731833333333 6.185011666666666,77.50731333333334,77.50731333333334 6.188271666666666,77.50730833333333,77.50730833333333 6.19153,77.50730333333331,77.50730333333331 6.194788333333335,77.50729666666666,77.50729666666666 6.1980466666666665,77.50729166666666,77.50729166666666 6.2013050000000005,77.50728666666667,77.50728666666667 6.2045650000000006,77.50728166666666,77.50728166666666 6.207823333333333,77.50727666666667,77.50727666666667 6.211081666666666,77.50726999999999,77.50726999999999 6.214338333333335,77.50726333333334,77.50726333333334 6.217594999999999,77.50725833333334,77.50725833333334 6.220851666666666,77.50725333333332,77.50725333333332 6.224104999999999,77.50725,77.50725 6.227360000000001,77.50724666666667,77.50724666666667 6.230613333333334,77.50724499999998,77.50724499999998 6.233868333333334,77.50724333333332,77.50724333333332 6.237121666666667,77.50724333333332,77.50724333333332 6.240373333333334,77.50724333333332,77.50724333333332 6.2436266666666675,77.50724333333332,77.50724333333332 6.246878333333333,77.50724499999998,77.50724499999998 6.2501266666666675,77.50724666666667,77.50724666666667 6.253375,77.50725,77.50725 6.256621666666666,77.50725166666666,77.50725166666666 6.2598666666666665,77.50725500000001,77.50725500000001 6.263108333333333,77.50725833333334,77.50725833333334 6.26635,77.50726166666666,77.50726166666666 6.269589999999999,77.507265,77.507265 6.272828333333333,77.50726999999999,77.50726999999999 6.276064999999999,77.50727333333332,77.50727333333332 6.2793,77.50727666666667,77.50727666666667 6.282533333333334,77.50727833333333,77.50727833333333 6.285765,77.50727833333333,77.50727833333333 6.288994999999999,77.50727833333333,77.50727833333333 6.292221666666667,77.507275,77.507275 6.295446666666668,77.50726999999999,77.50726999999999 6.298668333333334,77.507265,77.507265 6.301886666666666,77.50725666666668,77.50725666666668 6.305103333333332,77.50724833333334,77.50724833333334 6.3083133333333326,77.50723833333333,77.50723833333333 6.311519999999999,77.50722666666668,77.50722666666668 6.314723333333335,77.50721499999999,77.50721499999999 6.317923333333332,77.50720333333334,77.50720333333334 6.3211183333333345,77.50719000000001,77.50719000000001 6.3243100000000005,77.50717833333333,77.50717833333333 6.327498333333334,77.50716666666666,77.50716666666666 6.330681666666668,77.50715333333332,77.50715333333332 6.3338633333333325,77.50714166666666,77.50714166666666 6.337038333333333,77.50713000000002,77.50713000000002 6.340211666666666,77.50712166666668,77.50712166666668 6.343381666666667,77.50711333333335,77.50711333333335 6.346548333333334,77.50710666666667,77.50710666666667 6.349711666666668,77.50710166666666,77.50710166666666 6.352873333333334,77.5071,77.5071 6.356031666666666,77.50709833333333,77.50709833333333 6.359186666666667,77.5071,77.5071 6.3623383333333345,77.50710166666666,77.50710166666666 6.365489999999999,77.50710500000001,77.50710500000001 6.368639999999998,77.50710833333333,77.50710833333333 6.371788333333334,77.50711166666666,77.50711166666666 6.374936666666668,77.50711333333335,77.50711333333335 6.378083333333333,77.50711833333334,77.50711833333334 6.381228333333333,77.50712166666668,77.50712166666668 6.3843749999999995,77.507125,77.507125 6.387523333333333,77.50712833333333,77.50712833333333 6.390671666666666,77.50713166666665,77.50713166666665 6.393821666666667,77.50713333333334,77.50713333333334 6.396973333333334,77.50713666666667,77.50713666666667 6.400126666666667,77.50713833333333,77.50713833333333 6.403283333333333,77.50713833333333,77.50713833333333 6.406443333333335,77.50713833333333,77.50713833333333 6.409606666666667,77.50713666666667,77.50713666666667 6.412773333333332,77.507135,77.507135 6.415941666666668,77.50713166666665,77.50713166666665 6.4191166666666675,77.50712833333333,77.50712833333333 6.422293333333332,77.50712333333333,77.50712333333333 6.425475,77.50711833333334,77.50711833333334 6.428658333333334,77.50711166666666,77.50711166666666 6.431845,77.50710500000001,77.50710500000001 6.435034999999999,77.50709666666667,77.50709666666667 6.438226666666666,77.50708833333334,77.50708833333334 6.441423333333335,77.50707833333331,77.50707833333331 6.444625,77.50707,77.50707 6.4478333333333335,77.50706166666667,77.50706166666667 6.451043333333334,77.50705500000002,77.50705500000002 6.454256666666668,77.50704833333332,77.50704833333332 6.457473333333334,77.50704499999999,77.50704499999999 6.460693333333333,77.50704166666667,77.50704166666667 6.463914999999999,77.50703833333334,77.50703833333334 6.467136666666666,77.50703833333334,77.50703833333334 6.470358333333333,77.50704,77.50704 6.473578333333335,77.50704333333333,77.50704333333333 6.476795000000001,77.50704833333332,77.50704833333332 6.48001,77.50705666666666,77.50705666666666 6.483218333333333,77.507065,77.507065 6.486425000000001,77.50707499999999,77.50707499999999 6.489631666666666,77.50708666666665,77.50708666666665 6.492838333333332,77.50709833333333,77.50709833333333 6.4960450000000005,77.50711,77.50711 6.499253333333334,77.50712166666668,77.50712166666668 6.502463333333332,77.50713166666665,77.50713166666665 6.505676666666666,77.50713999999999,77.50713999999999 6.508891666666667,77.50714666666667,77.50714666666667 6.512108333333334,77.50715166666667,77.50715166666667 6.5153300000000005,77.50715333333332,77.50715333333332 6.518553333333333,77.50715666666666,77.50715666666666 6.521776666666667,77.50715833333332,77.50715833333332 6.5249983333333335,77.50716000000001,77.50716000000001 6.528220000000001,77.50716166666665,77.50716166666665 6.531438333333334,77.50716166666665,77.50716166666665 6.534655,77.50716000000001,77.50716000000001 6.53787,77.50715666666666,77.50715666666666 6.541086666666666,77.50715333333332,77.50715333333332 6.544301666666667,77.50714666666667,77.50714666666667 6.547518333333333,77.50713833333333,77.50713833333333 6.550733333333333,77.50713000000002,77.50713000000002 6.553946666666667,77.50711833333334,77.50711833333334 6.557161666666667,77.50710666666667,77.50710666666667 6.560378333333333,77.50709166666667,77.50709166666667 6.563596666666666,77.50707666666668,77.50707666666668 6.566816666666667,77.50706000000001,77.50706000000001 6.5700400000000005,77.50704166666667,77.50704166666667 6.573263333333333,77.50702166666667,77.50702166666667 6.576488333333334,77.50700166666668,77.50700166666668 6.579713333333333,77.50698000000001,77.50698000000001 6.582936666666665,77.50696166666665,77.50696166666665 6.586161666666667,77.50694166666666,77.50694166666666 6.589385,77.506925,77.506925 6.592606666666667,77.50690833333334,77.50690833333334 6.5958283333333325,77.506895,77.506895 6.599048333333334,77.50688166666667,77.50688166666667 6.602271666666667,77.50686999999999,77.50686999999999 6.605495,77.50686166666665,77.50686166666665 6.608718333333333,77.506855,77.506855 6.611941666666667,77.50684999999999,77.50684999999999 6.615163333333333,77.506845,77.506845 6.618388333333333,77.50684,77.50684 6.6216133333333325,77.50683333333335,77.50683333333335 6.624841666666667,77.50682833333333,77.50682833333333 6.62807,77.50681999999999,77.50681999999999 6.631296666666666,77.50681166666666,77.50681166666666 6.634523333333334,77.50680166666666,77.50680166666666 6.637748333333333,77.50679,77.50679 6.64097,77.50677666666668,77.50677666666668 6.644191666666667,77.50676333333332,77.50676333333332 6.6474150000000005,77.50675000000001,77.50675000000001 6.650636666666666,77.50673499999999,77.50673499999999 6.653861666666667,77.50671999999999,77.50671999999999 6.657088333333333,77.506705,77.506705 6.660315000000001,77.50668999999999,77.50668999999999 6.663546666666668,77.506675,77.506675 6.666778333333333,77.50665833333333,77.50665833333333 6.670011666666667,77.50664333333334,77.50664333333334 6.6732483333333334,77.50662833333334,77.50662833333334 6.676488333333333,77.506615,77.506615 6.679730000000001,77.50660166666667,77.50660166666667 6.682973333333332,77.50659,77.50659 6.686221666666668,77.50658000000001,77.50658000000001 6.689471666666666,77.50657166666667,77.50657166666667 6.692725,77.506565,77.506565 6.695979999999999,77.50655833333333,77.50655833333333 6.699236666666667,77.506555,77.506555 6.702496666666668,77.50655333333334,77.50655333333334 6.70576,77.50655166666668,77.50655166666668 6.709021666666667,77.50655333333334,77.50655333333334 6.712285000000001,77.50655666666667,77.50655666666667 6.715546666666668,77.50656166666666,77.50656166666666 6.7188066666666675,77.50656666666666,77.50656666666666 6.722066666666666,77.50657166666667,77.50657166666667 6.725326666666666,77.50657666666666,77.50657666666666 6.728586666666667,77.50658166666668,77.50658166666668 6.731846666666667,77.506585,77.506585 6.735108333333334,77.50658833333334,77.50658833333334 6.738368333333333,77.50658833333334,77.50658833333334 6.74163,77.50658666666666,77.50658666666666 6.74489,77.50658333333334,77.50658333333334 6.748150000000001,77.50657833333332,77.50657833333332 6.751411666666666,77.50656999999998,77.50656999999998 6.754671666666667,77.50656000000001,77.50656000000001 6.757930000000002,77.50654833333333,77.50654833333333 6.76119,77.50653333333334,77.50653333333334 6.764446666666667,77.50651666666667,77.50651666666667 6.767703333333333,77.50649833333334,77.50649833333334 6.770958333333334,77.50648,77.50648 6.774211666666667,77.50645833333334,77.50645833333334 6.777466666666668,77.506435,77.506435 6.78072,77.50641333333334,77.50641333333334 6.783973333333334,77.50639,77.50639 6.787228333333332,77.50636833333333,77.50636833333333 6.7904816666666665,77.50634833333334,77.50634833333334 6.793733333333335,77.50632833333334,77.50632833333334 6.7969833333333325,77.50630666666666,77.50630666666666 6.800233333333334,77.50628833333334,77.50628833333334 6.80348,77.50626999999999,77.50626999999999 6.806726666666666,77.50625166666667,77.50625166666667 6.80997,77.50623333333334,77.50623333333334 6.81321,77.50621333333335,77.50621333333335 6.816448333333333,77.50619333333334,77.50619333333334 6.819685000000001,77.50617499999998,77.50617499999998 6.82292,77.50615666666666,77.50615666666666 6.826155,77.50613833333334,77.50613833333334 6.829388333333332,77.50611999999998,77.50611999999998 6.832618333333333,77.50610166666668,77.50610166666668 6.83585,77.506085,77.506085 6.839079999999999,77.50607,77.50607 6.842308333333334,77.50605666666667,77.50605666666667 6.845538333333334,77.50604499999999,77.50604499999999 6.848768333333334,77.50603500000001,77.50603500000001 6.851994999999999,77.50602666666667,77.50602666666667 6.855221666666666,77.50601833333334,77.50601833333334 6.8584466666666675,77.50601166666667,77.50601166666667 6.861668333333334,77.50600500000002,77.50600500000002 6.864888333333333,77.50599833333334,77.50599833333334 6.868105000000001,77.50599166666667,77.50599166666667 6.871319999999998,77.50598666666666,77.50598666666666 6.874533333333332,77.50598166666667,77.50598166666667 6.877743333333332,77.50597833333332,77.50597833333332 6.880953333333334,77.50597333333333,77.50597333333333 6.884161666666667,77.50596999999999,77.50596999999999 6.887368333333334,77.50596666666667,77.50596666666667 6.890571666666666,77.50596166666665,77.50596166666665 6.893774999999999,77.50595666666666,77.50595666666666 6.896974999999999,77.50594833333332,77.50594833333332 6.900173333333334,77.50594,77.50594 6.903368333333334,77.50593166666665,77.50593166666665 6.9065633333333345,77.50592166666668,77.50592166666668 6.909753333333334,77.50591,77.50591 6.912943333333334,77.5059,77.5059 6.91613,77.50589,77.50589 6.919313333333334,77.50588,77.50588 6.922493333333334,77.50587,77.50587 6.925671666666667,77.50586,77.50586 6.928846666666668,77.50584666666668,77.50584666666668 6.932018333333334,77.50583499999999,77.50583499999999 6.935188333333334,77.50582166666668,77.50582166666668 6.938353333333333,77.50580666666666,77.50580666666666 6.941515,77.50579166666665,77.50579166666665 6.944673333333332,77.50577666666666,77.50577666666666 6.947830000000001,77.50576166666666,77.50576166666666 6.950983333333332,77.50574499999999,77.50574499999999 6.954135,77.50573,77.50573 6.957285000000001,77.505715,77.505715 6.9604283333333345,77.50569833333334,77.50569833333334 6.963570000000001,77.50568333333334,77.50568333333334 6.966708333333335,77.50566833333335,77.50566833333335 6.969843333333333,77.50565333333334,77.50565333333334 6.972976666666667,77.50563833333332,77.50563833333332 6.976108333333334,77.50562500000001,77.50562500000001 6.979241666666668,77.50561166666665,77.50561166666665 6.982373333333333,77.5056,77.5056 6.985505,77.50559,77.50559 6.988638333333333,77.50558166666666,77.50558166666666 6.991773333333333,77.50557333333333,77.50557333333333 6.99491,77.50556666666665,77.50556666666665 6.998048333333332,77.50556166666667,77.50556166666667 7.0011883333333325,77.50555666666668,77.50555666666668 7.004328333333333,77.50555166666666,77.50555166666666 7.0074700000000005,77.50554666666667,77.50554666666667 7.010610000000002,77.50554166666667,77.50554166666667 7.013751666666668,77.505535,77.505535 7.016894999999999,77.50552666666668,77.50552666666668 7.020040000000001,77.50551833333334,77.50551833333334 7.023186666666668,77.50550833333332,77.50550833333332 7.026333333333334,77.50549999999998,77.50549999999998 7.029481666666668,77.50549,77.50549 7.03263,77.50548000000002,77.50548000000002 7.035778333333334,77.50546999999999,77.50546999999999 7.038928333333333,77.50545833333334,77.50545833333334 7.042078333333333,77.50544666666667,77.50544666666667 7.04523,77.50543666666667,77.50543666666667 7.0483833333333346,77.50542499999999,77.50542499999999 7.051541666666666,77.50541333333332,77.50541333333332 7.054701666666667,77.50540166666667,77.50540166666667 7.0578666666666665,77.50539166666667,77.50539166666667 7.0610333333333335,77.50538166666666,77.50538166666666 7.064206666666666,77.50537166666668,77.50537166666668 7.067383333333333,77.50536166666667,77.50536166666667 7.070564999999998,77.50535166666667,77.50535166666667 7.073751666666666,77.50534166666665,77.50534166666665 7.0769400000000005,77.50533000000001,77.50533000000001 7.080131666666667,77.50532,77.50532 7.083325,77.50530833333333,77.50530833333333 7.086523333333333,77.50529666666667,77.50529666666667 7.0897250000000005,77.50528500000001,77.50528500000001 7.09293,77.50527333333332,77.50527333333332 7.096138333333333,77.50526333333333,77.50526333333333 7.099348333333333,77.50525166666667,77.50525166666667 7.10256,77.50524,77.50524 7.105773333333333,77.50522833333332,77.50522833333332 7.108985,77.50521499999999,77.50521499999999 7.1122,77.50520166666668,77.50520166666668 7.1154150000000005,77.50518833333332,77.50518833333332 7.1186316666666665,77.50517333333335,77.50517333333335 7.121850000000001,77.50515666666666,77.50515666666666 7.12507,77.50514166666666,77.50514166666666 7.128291666666667,77.50512833333333,77.50512833333333 7.131514999999999,77.50511333333333,77.50511333333333 7.134738333333333,77.5051,77.5051 7.137965,77.50508666666666,77.50508666666666 7.14119,77.50507166666667,77.50507166666667 7.144418333333334,77.50505833333332,77.50505833333332 7.147645000000001,77.50504333333333,77.50504333333333 7.150873333333334,77.50502833333333,77.50502833333333 7.1541033333333335,77.50501333333334,77.50501333333334 7.157331666666665,77.50499666666667,77.50499666666667 7.160561666666667,77.50498,77.50498 7.163791666666667,77.50496333333332,77.50496333333332 7.167021666666667,77.50494499999999,77.50494499999999 7.170251666666667,77.50492833333332,77.50492833333332 7.173483333333333,77.50491000000001,77.50491000000001 7.176713333333334,77.50489166666665,77.50489166666665 7.179944999999999,77.50487166666667,77.50487166666667 7.183180000000001,77.50485166666668,77.50485166666668 7.186414999999999,77.50483166666666,77.50483166666666 7.189653333333333,77.50481166666667,77.50481166666667 7.192893333333335,77.50479,77.50479 7.196135,77.50476833333335,77.50476833333335 7.199375,77.50474666666666,77.50474666666666 7.202616666666667,77.50472500000001,77.50472500000001 7.2058583333333335,77.504705,77.504705 7.2091,77.50468500000001,77.50468500000001 7.212343333333333,77.50466833333334,77.50466833333334 7.215586666666667,77.50465166666666,77.50465166666666 7.218831666666667,77.50463666666666,77.50463666666666 7.222078333333333,77.50462166666667,77.50462166666667 7.225326666666666,77.504605,77.504605 7.228576666666667,77.50458833333333,77.50458833333333 7.231830000000001,77.50457166666668,77.50457166666668 7.235083333333333,77.50455500000001,77.50455500000001 7.238338333333334,77.50453666666667,77.50453666666667 7.241595000000001,77.50451833333334,77.50451833333334 7.2448533333333325,77.50450000000001,77.50450000000001 7.248113333333333,77.50448166666666,77.50448166666666 7.2513716666666665,77.50446333333333,77.50446333333333 7.2546316666666675,77.504445,77.504445 7.257891666666666,77.504425,77.504425 7.2611533333333345,77.50440666666667,77.50440666666667 7.264413333333333,77.50438666666668,77.50438666666668 7.2676750000000006,77.50436833333333,77.50436833333333 7.270938333333334,77.50435,77.50435 7.274205,77.50433000000001,77.50433000000001 7.277473333333334,77.50431166666667,77.50431166666667 7.280745,77.50429333333334,77.50429333333334 7.284018333333334,77.504275,77.504275 7.287295,77.50425666666666,77.50425666666666 7.290575,77.50424,77.50424 7.293860000000001,77.50422166666667,77.50422166666667 7.297146666666667,77.50420500000001,77.50420500000001 7.300438333333333,77.50418833333335,77.50418833333335 7.303733333333334,77.50417,77.50417 7.307031666666668,77.50415333333333,77.50415333333333 7.310334999999999,77.50413666666667,77.50413666666667 7.313641666666666,77.50411999999999,77.50411999999999 7.316953333333334,77.50410333333332,77.50410333333332 7.320271666666668,77.50408833333333,77.50408833333333 7.323595000000001,77.50407333333332,77.50407333333332 7.326921666666668,77.50406,77.50406 7.330254999999999,77.50404666666668,77.50404666666668 7.333591666666666,77.50403500000002,77.50403500000002 7.3369333333333335,77.50402333333334,77.50402333333334 7.340276666666666,77.504015,77.504015 7.343623333333333,77.50400499999999,77.50400499999999 7.3469700000000016,77.50399833333333,77.50399833333333 7.350319999999999,77.50399000000002,77.50399000000002 7.353669999999999,77.50398166666668,77.50398166666668 7.357023333333332,77.50397333333333,77.50397333333333 7.360378333333333,77.50396666666667,77.50396666666667 7.363735000000001,77.50395833333333,77.50395833333333 7.367091666666666,77.50395166666668,77.50395166666668 7.370451666666665,77.503945,77.503945 7.3738116666666675,77.50393833333334,77.50393833333334 7.377175,77.50393,77.50393 7.380538333333334,77.50392166666666,77.50392166666666 7.3839033333333335,77.50391166666667,77.50391166666667 7.387271666666667,77.5039,77.5039 7.39064,77.50388666666666,77.50388666666666 7.39401,77.50387166666667,77.50387166666667 7.397383333333332,77.50385333333334,77.50385333333334 7.400756666666666,77.50383333333333,77.50383333333333 7.40413,77.50381000000002,77.50381000000002 7.407500000000001,77.50378500000001,77.50378500000001 7.410868333333334,77.50375833333334,77.50375833333334 7.414231666666665,77.50373166666667,77.50373166666667 7.417589999999999,77.503705,77.503705 7.420943333333335,77.50367666666666,77.50367666666666 7.424291666666667,77.50364833333333,77.50364833333333 7.427636666666666,77.50362333333335,77.50362333333335 7.430976666666667,77.5036,77.5036 7.434313333333334,77.50357833333334,77.50357833333334 7.437645,77.50355666666665,77.50355666666665 7.440973333333334,77.50353666666666,77.50353666666666 7.444294999999999,77.50351666666667,77.50351666666667 7.447615000000001,77.50349833333333,77.50349833333333 7.450931666666666,77.50348,77.50348 7.454244999999999,77.50346333333333,77.50346333333333 7.457556666666667,77.50344499999999,77.50344499999999 7.460868333333333,77.50342666666668,77.50342666666668 7.464180000000001,77.50341,77.50341 7.467491666666666,77.50339166666664,77.50339166666664 7.4708033333333335,77.50337333333334,77.50337333333334 7.474115000000001,77.503355,77.503355 7.477425,77.503335,77.503335 7.480736666666666,77.50331666666665,77.50331666666665 7.484046666666667,77.50329666666667,77.50329666666667 7.487356666666667,77.50327833333334,77.50327833333334 7.490664999999999,77.50326000000001,77.50326000000001 7.493975,77.50324166666665,77.50324166666665 7.497283333333334,77.503225,77.503225 7.5005933333333346,77.50320833333333,77.50320833333333 7.503903333333333,77.50319333333334,77.50319333333334 7.507215,77.50317833333334,77.50317833333334 7.510528333333333,77.50316500000001,77.50316500000001 7.513841666666668,77.50315333333333,77.50315333333333 7.517156666666667,77.50314,77.50314 7.520471666666666,77.50313,77.50313 7.523788333333332,77.50311833333335,77.50311833333335 7.5271066666666675,77.50310833333332,77.50310833333332 7.530428333333333,77.50309999999999,77.50309999999999 7.533755,77.50309000000001,77.50309000000001 7.537084999999999,77.50308166666667,77.50308166666667 7.540421666666666,77.50307333333333,77.50307333333333 7.5437616666666685,77.503065,77.503065 7.547106666666668,77.503055,77.503055 7.550455,77.503045,77.503045 7.553808333333334,77.50303666666667,77.50303666666667 7.557166666666666,77.50302666666667,77.50302666666667 7.560526666666667,77.503015,77.503015 7.5638933333333345,77.50300333333333,77.50300333333333 7.567261666666667,77.50299,77.50299 7.570633333333334,77.50297666666668,77.50297666666668 7.574005,77.50296166666666,77.50296166666666 7.577379999999999,77.50294666666666,77.50294666666666 7.580753333333333,77.50293166666667,77.50293166666667 7.584126666666666,77.50291666666666,77.50291666666666 7.5874983333333335,77.50290166666667,77.50290166666667 7.590871666666668,77.50288666666667,77.50288666666667 7.594246666666667,77.50287,77.50287 7.597623333333333,77.50285333333332,77.50285333333332 7.601,77.50283833333334,77.50283833333334 7.60438,77.50282,77.50282 7.607758333333333,77.50280333333333,77.50280333333333 7.611135,77.50278666666667,77.50278666666667 7.614513333333335,77.50276999999998,77.50276999999998 7.617888333333334,77.50275500000001,77.50275500000001 7.621263333333333,77.50273999999999,77.50273999999999 7.6246350000000005,77.50272499999998,77.50272499999998 7.628003333333334,77.50271166666666,77.50271166666666 7.631366666666666,77.50269666666668,77.50269666666668 7.634726666666667,77.50268500000001,77.50268500000001 7.638081666666667,77.50267166666667,77.50267166666667 7.6414316666666675,77.50265833333331,77.50265833333331 7.644775,77.50264333333334,77.50264333333334 7.648113333333333,77.50263000000001,77.50263000000001 7.651446666666667,77.50261333333334,77.50261333333334 7.65477,77.50259666666666,77.50259666666666 7.658088333333334,77.50258,77.50258 7.6613983333333335,77.50256,77.50256 7.6647,77.50253833333333,77.50253833333333 7.667996666666666,77.50251333333333,77.50251333333333 7.671283333333334,77.50248666666666,77.50248666666666 7.674563333333333,77.50245666666666,77.50245666666666 7.677835000000002,77.50242333333334,77.50242333333334 7.681101666666666,77.50238833333334,77.50238833333334 7.684361666666666,77.50235166666667,77.50235166666667 7.687616666666666,77.50231333333333,77.50231333333333 7.690863333333334,77.50227499999998,77.50227499999998 7.694105,77.50223500000001,77.50223500000001 7.6973416666666665,77.502195,77.502195 7.700573333333334,77.502155,77.502155 7.703801666666668,77.502115,77.502115 7.707028333333333,77.50207833333334,77.50207833333334 7.710253333333332,77.50204333333333,77.50204333333333 7.7134783333333345,77.50201166666668,77.50201166666668 7.716701666666666,77.50198166666668,77.50198166666668 7.719926666666668,77.50195333333332,77.50195333333332 7.723151666666666,77.50192666666668,77.50192666666668 7.726376666666666,77.50190166666667,77.50190166666667 7.7296016666666665,77.50187833333332,77.50187833333332 7.732825000000001,77.50185333333334,77.50185333333334 7.736046666666666,77.50183,77.50183 7.7392650000000005,77.50180333333333,77.50180333333333 7.742481666666667,77.50177833333333,77.50177833333333 7.745698333333333,77.50175166666666,77.50175166666666 7.748916666666665,77.501725,77.501725 7.752135,77.50169999999999,77.50169999999999 7.755353333333333,77.50167333333334,77.50167333333334 7.7585749999999996,77.50164833333334,77.50164833333334 7.761798333333334,77.50162333333333,77.50162333333333 7.765023333333333,77.50159833333335,77.50159833333335 7.768250000000001,77.50157333333334,77.50157333333334 7.771476666666667,77.50155,77.50155 7.774701666666666,77.50152666666666,77.50152666666666 7.7779250000000015,77.50150500000001,77.50150500000001 7.781150000000001,77.50148333333333,77.50148333333333 7.784373333333333,77.50146000000001,77.50146000000001 7.787596666666667,77.50143833333333,77.50143833333333 7.790818333333334,77.501415,77.501415 7.794036666666667,77.50139000000001,77.50139000000001 7.797251666666667,77.501365,77.501365 7.80046,77.50133833333334,77.50133833333334 7.8036650000000005,77.50131166666667,77.50131166666667 7.806866666666668,77.50128666666666,77.50128666666666 7.810063333333333,77.50126166666668,77.50126166666668 7.813256666666666,77.50124000000001,77.50124000000001 7.816446666666668,77.50121999999999,77.50121999999999 7.819633333333334,77.50120166666669,77.50120166666669 7.822818333333333,77.50118333333333,77.50118333333333 7.826,77.50116833333334,77.50116833333334 7.82918,77.50115333333333,77.50115333333333 7.8323583333333335,77.50114166666667,77.50114166666667 7.835535000000001,77.50112833333333,77.50112833333333 7.838711666666668,77.50111666666666,77.50111666666666 7.841888333333333,77.50110333333333,77.50110333333333 7.845063333333333,77.50109000000002,77.50109000000002 7.848238333333334,77.501075,77.501075 7.85141,77.50106,77.50106 7.85458,77.501045,77.501045 7.8577483333333324,77.50103,77.50103 7.860913333333333,77.50101333333333,77.50101333333333 7.864076666666667,77.50099499999999,77.50099499999999 7.867241666666667,77.50097666666669,77.50097666666669 7.870406666666666,77.50095833333333,77.50095833333333 7.873573333333333,77.50094000000001,77.50094000000001 7.876740000000001,77.50092166666666,77.50092166666666 7.879906666666666,77.50090166666668,77.50090166666668 7.883069999999999,77.50088166666666,77.50088166666666 7.886233333333333,77.50086166666667,77.50086166666667 7.889393333333334,77.50084166666667,77.50084166666667 7.892553333333333,77.50082333333333,77.50082333333333 7.895714999999999,77.50081000000002,77.50081000000002 7.898873333333334,77.50080333333334,77.50080333333334 7.90203,77.50080833333332,77.50080833333332 7.9051849999999995,77.50082333333333,77.50082333333333 7.908336666666665,77.50085333333332,77.50085333333332 7.911486666666668,77.50090166666668,77.50090166666668 7.914629999999999,77.50096833333335,77.50096833333335 7.917763333333332,77.50105833333333,77.50105833333333 7.920878333333334,77.50117,77.50117 7.923973333333333,77.50130499999999,77.50130499999999 7.9270433333333346,77.50146500000001,77.50146500000001 7.930083333333333,77.50165,77.50165 7.933090000000001,77.50186000000001,77.50186000000001 7.9360616666666655,77.50209166666666,77.50209166666666 7.938996666666665,77.50234833333334,77.50234833333334 7.941883333333333,77.50262666666666,77.50262666666666 7.9447166666666655,77.50292833333333,77.50292833333333 7.947493333333333,77.50325333333333,77.50325333333333 7.950208333333335,77.50359833333334,77.50359833333334 7.95286,77.50396666666667,77.50396666666667 7.95544,77.50435666666668,77.50435666666668 7.957941666666667,77.50476666666665,77.50476666666665 7.960358333333333,77.50519666666666,77.50519666666666 7.962691666666666,77.50564666666666,77.50564666666666 7.9649383333333335,77.50611333333333,77.50611333333333 7.9670999999999985,77.50659833333334,77.50659833333334 7.969176666666669,77.50709666666667,77.50709666666667 7.971165,77.50761166666665,77.50761166666665 7.973068333333333,77.50814,77.50814 7.974883333333334,77.50868333333334,77.50868333333334 7.976606666666668,77.50924166666665,77.50924166666665 7.978238333333333,77.50981499999999,77.50981499999999 7.979773333333333,77.51040166666667,77.51040166666667 7.981208333333332,77.51100333333333,77.51100333333333 7.982538333333334,77.51161666666668,77.51161666666668 7.98376,77.51224166666667,77.51224166666667 7.984876666666666,77.51287500000001,77.51287500000001 7.985898333333333,77.51351666666666,77.51351666666666 7.986833333333334,77.51416666666668,77.51416666666668 7.987686666666667,77.51482166666666,77.51482166666666 7.988471666666666,77.51548166666666,77.51548166666666 7.989203333333333,77.51614666666666,77.51614666666666 7.989894999999999,77.51681666666667,77.51681666666667 7.990561666666667,77.51748833333332,77.51748833333332 7.9912116666666675,77.51816500000001,77.51816500000001 7.991851666666667,77.51884166666667,77.51884166666667 7.9924816666666665,77.51952166666666,77.51952166666666 7.9931,77.52020000000002,77.52020000000002 7.993706666666665,77.52087833333334,77.52087833333334 7.994300000000001,77.521555,77.521555 7.994881666666667,77.52223166666667,77.52223166666667 7.995453333333334,77.52290666666667,77.52290666666667 7.996015000000001,77.52358166666667,77.52358166666667 7.996565,77.52425499999998,77.52425499999998 7.997104999999999,77.524925,77.524925 7.997633333333332,77.52559166666666,77.52559166666666 7.998148333333335,77.52625666666667,77.52625666666667 7.998638333333333,77.52692,77.52692 7.999093333333334,77.52758166666668,77.52758166666668 7.9994966666666665,77.52824333333334,77.52824333333334 7.999841666666666,77.52890166666667,77.52890166666667 8.000121666666667,77.52956000000002,77.52956000000002 8.000333333333332,77.53021833333335,77.53021833333335 8.00047,77.53087166666667,77.53087166666667 8.000531666666665,77.531525,77.531525 8.000520000000002,77.532175,77.532175 8.000445000000001,77.53282333333333,77.53282333333333 8.00032,77.53347,77.53347 8.000158333333333,77.53411333333334,77.53411333333334 7.999976666666667,77.53475666666667,77.53475666666667 7.99979,77.53539833333332,77.53539833333332 7.999605000000001,77.53604,77.53604 7.999426666666666,77.53667999999999,77.53667999999999 7.99926,77.53732,77.53732 7.999108333333334,77.53796000000001,77.53796000000001 7.998971666666668,77.5386,77.5386 7.998856666666668,77.53924166666668,77.53924166666668 7.998763333333333,77.539885,77.539885 7.998696666666666,77.54053166666667,77.54053166666667 7.998655000000001,77.54118,77.54118 7.998636666666666,77.54182999999999,77.54182999999999 7.998643333333333,77.54248333333334,77.54248333333334 7.998673333333333,77.54314000000001,77.54314000000001 7.998726666666665,77.54379833333333,77.54379833333333 7.998796666666668,77.54445999999999,77.54445999999999 7.998878333333333,77.54512333333332,77.54512333333332 7.998965,77.54578833333333,77.54578833333333 7.999051666666666,77.54645666666669,77.54645666666669 7.999133333333333,77.54712833333333,77.54712833333333 7.999211666666667,77.54780166666667,77.54780166666667 7.999288333333334,77.54848,77.54848 7.999363333333334,77.54916000000001,77.54916000000001 7.9994283333333325,77.54984166666667,77.54984166666667 7.999473333333333,77.55052666666666,77.55052666666666 7.999495,77.55121166666666,77.55121166666666 7.999495,77.55189999999999,77.55189999999999 7.999479999999999,77.55259,77.55259 7.999453333333335,77.55328166666666,77.55328166666666 7.999414999999999,77.55397500000001,77.55397500000001 7.999368333333333,77.55467,77.55467 7.999320000000001,77.55536833333335,77.55536833333335 7.999273333333333,77.55606833333333,77.55606833333333 7.999231666666667,77.55677,77.55677 7.9991933333333325,77.55747333333333,77.55747333333333 7.999161666666668,77.55817833333333,77.55817833333333 7.999136666666667,77.55888499999999,77.55888499999999 7.99912,77.55959333333334,77.55959333333334 7.999109999999999,77.56030166666666,77.56030166666666 7.999103333333333,77.56101166666667,77.56101166666667 7.999096666666666,77.56172333333333,77.56172333333333 7.999091666666668,77.56243500000001,77.56243500000001 7.999081666666666,77.56314499999999,77.56314499999999 7.999074999999999,77.56386,77.56386 7.999068333333335,77.56457333333331,77.56457333333331 7.999065000000001,77.56528833333334,77.56528833333334 7.999063333333334,77.56600499999999,77.56600499999999 7.999063333333334,77.56672166666668,77.56672166666668 7.999066666666666,77.56743833333333,77.56743833333333 7.9990733333333335,77.56815666666665,77.56815666666665 7.999086666666667,77.56887499999999,77.56887499999999 7.999106666666667,77.56959166666668,77.56959166666668 7.999136666666667,77.57030999999999,77.57030999999999 7.999175000000001,77.57102666666665,77.57102666666665 7.999223333333334,77.57174499999999,77.57174499999999 7.999276666666666,77.57246166666668,77.57246166666668 7.999331666666666,77.57318,77.57318 7.999383333333332,77.57389666666666,77.57389666666666 7.999429999999999,77.57461333333333,77.57461333333333 7.9994700000000005,77.57533166666668,77.57533166666668 7.999501666666666,77.57605,77.57605 7.999523333333334,77.57676833333335,77.57676833333335 7.999538333333334,77.57748833333332,77.57748833333332 7.999541666666666,77.57820833333334,77.57820833333334 7.999538333333334,77.57892666666667,77.57892666666667 7.999526666666666,77.57964666666666,77.57964666666666 7.999510000000001,77.58036666666666,77.58036666666666 7.999488333333332,77.58108666666666,77.58108666666666 7.999463333333333,77.58180833333334,77.58180833333334 7.999431666666666,77.58253,77.58253 7.999396666666666,77.58325333333333,77.58325333333333 7.999361666666665,77.58397666666667,77.58397666666667 7.999329999999999,77.58470166666666,77.58470166666666 7.9993033333333345,77.58542666666668,77.58542666666668 7.999280000000001,77.58615333333333,77.58615333333333 7.999263333333332,77.58688166666667,77.58688166666667 7.999251666666667,77.58761,77.58761 7.999245,77.58834,77.58834 7.999243333333333,77.58907,77.58907 7.999245,77.58980166666667,77.58980166666667 7.999246666666666,77.59053333333334,77.59053333333334 7.999248333333333,77.591265,77.591265 7.999250000000001,77.59199833333334,77.59199833333334 7.999254999999999,77.59273,77.59273 7.9992616666666665,77.59346333333333,77.59346333333333 7.999273333333333,77.594195,77.594195 7.999291666666666,77.59492833333334,77.59492833333334 7.999313333333333,77.59566,77.59566 7.999338333333332,77.59639333333332,77.59639333333332 7.999363333333334,77.59712666666665,77.59712666666665 7.999391666666665,77.59786,77.59786 7.999421666666667,77.59859499999999,77.59859499999999 7.999451666666666,77.59932999999998,77.59932999999998 7.999483333333335,77.600065,77.600065 7.999513333333335,77.60080166666665,77.60080166666665 7.999543333333334,77.60153666666668,77.60153666666668 7.999578333333333,77.60227333333334,77.60227333333334 7.9996133333333335,77.60301,77.60301 7.999651666666666,77.60374833333334,77.60374833333334 7.999691666666666,77.604485,77.604485 7.999731666666666,77.60521999999999,77.60521999999999 7.999771666666667,77.60595666666667,77.60595666666667 7.999806666666665,77.60669333333334,77.60669333333334 7.999836666666665,77.60742833333333,77.60742833333333 7.999859999999999,77.60816333333332,77.60816333333332 7.99988,77.60889666666668,77.60889666666668 7.9998916666666675,77.60963166666667,77.60963166666667 7.999896666666666,77.610365,77.610365 7.999893333333334,77.61109833333333,77.61109833333333 7.999888333333334,77.61183,77.61183 7.99988,77.61256333333336,77.61256333333336 7.9998700000000005,77.613295,77.613295 7.999859999999999,77.614025,77.614025 7.9998483333333334,77.614755,77.614755 7.999838333333334,77.615485,77.615485 7.999829999999999,77.61621333333332,77.61621333333332 7.999828333333332,77.61694,77.61694 7.999833333333333,77.61766666666668,77.61766666666668 7.9998466666666666,77.61839166666668,77.61839166666668 7.9998700000000005,77.61911666666667,77.61911666666667 7.999898333333335,77.61984,77.61984 7.99993,77.62056166666667,77.62056166666667 7.9999600000000015,77.62128333333334,77.62128333333334 7.999985000000001,77.62200333333334,77.62200333333334 8.000006666666668,77.62272166666666,77.62272166666666 8.000023333333333,77.62344,77.62344 8.000033333333333,77.62415666666666,77.62415666666666 8.000036666666666,77.62487333333334,77.62487333333334 8.000035,77.62558833333331,77.62558833333331 8.000031666666667,77.62630333333334,77.62630333333334 8.000021666666669,77.627015,77.627015 8.000009999999998,77.62772833333334,77.62772833333334 7.999994999999998,77.62844000000001,77.62844000000001 7.999981666666668,77.62915166666667,77.62915166666667 7.999971666666666,77.62986166666666,77.62986166666666 7.9999600000000015,77.63057166666667,77.63057166666667 7.999945,77.63128333333334,77.63128333333334 7.99993,77.63199333333334,77.63199333333334 7.999913333333334,77.63270333333332,77.63270333333332 7.999901666666667,77.633415,77.633415 7.9998916666666675,77.63412666666667,77.63412666666667 7.999885000000001,77.63483833333333,77.63483833333333 7.999881666666666,77.63554999999998,77.63554999999998 7.999881666666666,77.63626166666666,77.63626166666666 7.999885000000001,77.63697499999999,77.63697499999999 7.999888333333334,77.63768833333334,77.63768833333334 7.999889999999999,77.63840333333332,77.63840333333332 7.9998916666666675,77.63911833333333,77.63911833333333 7.999893333333334,77.63983499999999,77.63983499999999 7.999896666666666,77.64055,77.64055 7.999898333333335,77.64126666666667,77.64126666666667 7.9999,77.64198166666667,77.64198166666667 7.999903333333332,77.64269499999999,77.64269499999999 7.99991,77.64340833333335,77.64340833333335 7.999913333333334,77.64412,77.64412 7.9999183333333335,77.64483166666666,77.64483166666666 7.999923333333334,77.64554333333334,77.64554333333334 7.999928333333335,77.64625333333335,77.64625333333335 7.999933333333332,77.64696333333333,77.64696333333333 7.999933333333332,77.64767166666667,77.64767166666667 7.999931666666667,77.64837999999999,77.64837999999999 7.999923333333334,77.64908666666668,77.64908666666668 7.999913333333334,77.64979333333333,77.64979333333333 7.999896666666666,77.65049666666667,77.65049666666667 7.999874999999999,77.6512,77.6512 7.9998499999999995,77.65190333333334,77.65190333333334 7.999823333333334,77.65260499999998,77.65260499999998 7.999795000000001,77.65330499999999,77.65330499999999 7.999766666666666,77.65400666666666,77.65400666666666 7.999735000000001,77.65470833333333,77.65470833333333 7.999701666666666,77.65540833333333,77.65540833333333 7.999666666666667,77.65611,77.65611 7.999633333333332,77.65681000000001,77.65681000000001 7.999596666666667,77.65751166666668,77.65751166666668 7.999558333333332,77.65821166666666,77.65821166666666 7.9995183333333335,77.65891166666667,77.65891166666667 7.999479999999999,77.65961166666665,77.65961166666665 7.999441666666667,77.66031,77.66031 7.999404999999999,77.66101,77.66101 7.99937,77.66170833333334,77.66170833333334 7.999334999999999,77.66240666666666,77.66240666666666 7.999305,77.66310333333331,77.66310333333331 7.999278333333333,77.66380166666666,77.66380166666666 7.999256666666668,77.66449666666668,77.66449666666668 7.999238333333333,77.66519333333335,77.66519333333335 7.999226666666668,77.66588833333334,77.66588833333334 7.999221666666667,77.66658333333334,77.66658333333334 7.999221666666667,77.66727666666668,77.66727666666668 7.999226666666668,77.66796999999998,77.66796999999998 7.999231666666667,77.66866166666667,77.66866166666667 7.999233333333332,77.66935333333333,77.66935333333333 7.9992350000000005,77.670045,77.670045 7.9992350000000005,77.67073666666668,77.67073666666668 7.999233333333332,77.67142666666666,77.67142666666666 7.99923,77.67211833333334,77.67211833333334 7.999226666666668,77.67280999999998,77.67280999999998 7.99922,77.67350333333334,77.67350333333334 7.999215,77.674195,77.674195 7.99921,77.67488833333333,77.67488833333333 7.999206666666666,77.67558333333334,77.67558333333334 7.999205000000001,77.67627666666667,77.67627666666667 7.999203333333332,77.67697166666666,77.67697166666666 7.999203333333332,77.67766666666667,77.67766666666667 7.999205000000001,77.67836333333332,77.67836333333332 7.999208333333333,77.67906,77.67906 7.999216666666666,77.67975666666666,77.67975666666666 7.999228333333335,77.68045666666667,77.68045666666667 7.999243333333333,77.68115666666667,77.68115666666667 7.999263333333332,77.68185666666668,77.68185666666668 7.999288333333334,77.68255666666668,77.68255666666668 7.999320000000001,77.68325666666667,77.68325666666667 7.999358333333333,77.68395833333334,77.68395833333334 7.999406666666666,77.68465833333332,77.68465833333332 7.999463333333333,77.68535833333333,77.68535833333333 7.999531666666667,77.68605833333332,77.68605833333332 7.99961,77.68675833333333,77.68675833333333 7.999699999999999,77.68745666666668,77.68745666666668 7.9998016666666665,77.688155,77.688155 7.999913333333334,77.68885166666668,77.68885166666668 8.000031666666667,77.68954833333333,77.68954833333333 8.000158333333333,77.69024333333334,77.69024333333334 8.000295000000001,77.69094,77.69094 8.000438333333333,77.69163666666665,77.69163666666665 8.000589999999999,77.69233166666666,77.69233166666666 8.000743333333334,77.69303000000001,77.69303000000001 8.000899999999998,77.69372666666666,77.69372666666666 8.001063333333335,77.69442500000001,77.69442500000001 8.001235,77.69512333333333,77.69512333333333 8.001418333333335,77.69582166666667,77.69582166666667 8.001613333333333,77.69652,77.69652 8.001813333333333,77.69722000000002,77.69722000000002 8.002013333333334,77.69791833333333,77.69791833333333 8.002213333333332,77.69861833333331,77.69861833333331 8.002415000000001,77.69931833333332,77.69931833333332 8.002618333333334,77.70001833333333,77.70001833333333 8.00282,77.70072,77.70072 8.00302,77.70142000000001,77.70142000000001 8.003213333333333,77.70211833333332,77.70211833333332 8.003391666666666,77.70281666666666,77.70281666666666 8.003548333333333,77.70351333333332,77.70351333333332 8.00369,77.70421,77.70421 8.003816666666667,77.70490499999998,77.70490499999998 8.003928333333333,77.70560166666667,77.70560166666667 8.004019999999999,77.70629666666666,77.70629666666666 8.004086666666666,77.70699,77.70699 8.004133333333334,77.70768333333334,77.70768333333334 8.004161666666667,77.70837499999999,77.70837499999999 8.004171666666668,77.709065,77.709065 8.004165,77.709755,77.709755 8.004139999999998,77.71044333333333,77.71044333333333 8.004093333333334,77.71113166666667,77.71113166666667 8.004028333333336,77.71182,77.71182 8.003933333333332,77.71250666666667,77.71250666666667 8.003801666666666,77.71319333333332,77.71319333333332 8.003630000000001,77.71388000000002,77.71388000000002 8.003431666666668,77.714565,77.714565 8.003224999999999,77.71524999999998,77.71524999999998 8.003023333333335,77.71593500000002,77.71593500000002 8.002825,77.71661999999999,77.71661999999999 8.00263,77.71730500000001,77.71730500000001 8.002441666666666,77.71798833333335,77.71798833333335 8.00226,77.71867333333333,77.71867333333333 8.002076666666667,77.71935666666666,77.71935666666666 8.001888333333332,77.72004166666669,77.72004166666669 8.001698333333332,77.720725,77.720725 8.001503333333334,77.72140999999999,77.72140999999999 8.001301666666667,77.722095,77.722095 8.001093333333332,77.72277833333334,77.72277833333334 8.000876666666668,77.72346166666667,77.72346166666667 8.000656666666666,77.72414500000001,77.72414500000001 8.000433333333332,77.72482833333335,77.72482833333335 8.000213333333333,77.72551166666668,77.72551166666668 7.999998333333334,77.72619166666667,77.72619166666667 7.999791666666667,77.72686999999999,77.72686999999999 7.999593333333333,77.72754833333335,77.72754833333335 7.999404999999999,77.72822333333335,77.72822333333335 7.999231666666667,77.72889833333335,77.72889833333335 7.9990733333333335,77.72957333333335,77.72957333333335 7.9989316666666666,77.73024833333335,77.73024833333335 7.998806666666667,77.73092333333335,77.73092333333335 7.9986999999999995,77.73159666666666,77.73159666666666 7.998611666666666,77.73227,77.73227 7.998544999999999,77.73294166666666,77.73294166666666 7.998501666666669,77.73361333333334,77.73361333333334 7.998476666666666,77.73428500000001,77.73428500000001 7.998465000000001,77.734955,77.734955 7.998466666666666,77.73562666666668,77.73562666666668 7.998481666666667,77.73629666666666,77.73629666666666 7.9985116666666665,77.736965,77.736965 7.998553333333334,77.73763500000001,77.73763500000001 7.9986049999999995,77.73830333333333,77.73830333333333 7.998664999999999,77.73897333333332,77.73897333333332 7.998736666666667,77.739645,77.739645 7.998823333333332,77.74031666666666,77.74031666666666 7.998921666666666,77.74098833333333,77.74098833333333 7.9990299999999985,77.74166333333334,77.74166333333334 7.999149999999999,77.74233833333334,77.74233833333334 7.999275,77.74301666666666,77.74301666666666 7.999404999999999,77.74369833333333,77.74369833333333 7.999536666666668,77.74438333333333,77.74438333333333 7.999666666666667,77.74506833333334,77.74506833333334 7.999795000000001,77.74575499999999,77.74575499999999 7.999916666666667,77.74644333333335,77.74644333333335 8.000031666666667,77.74713166666666,77.74713166666666 8.000131666666666,77.74782333333332,77.74782333333332 8.00021,77.74851333333332,77.74851333333332 8.000271666666668,77.749205,77.749205 8.00032,77.74989833333333,77.74989833333333 8.000361666666665,77.75059166666666,77.75059166666666 8.000395000000001,77.75128500000001,77.75128500000001 8.000421666666668,77.75197833333334,77.75197833333334 8.000441666666667,77.75267333333333,77.75267333333333 8.000453333333335,77.75336666666668,77.75336666666668 8.000458333333334,77.75406333333333,77.75406333333333 8.000458333333334,77.75475999999999,77.75475999999999 8.000459999999999,77.75545666666667,77.75545666666667 8.000458333333334,77.75615666666667,77.75615666666667 8.000451666666667,77.75685666666668,77.75685666666668 8.000441666666667,77.75755666666669,77.75755666666669 8.000433333333332,77.75825833333333,77.75825833333333 8.000423333333334,77.75896,77.75896 8.000409999999999,77.75966000000001,77.75966000000001 8.000393333333331,77.76036166666665,77.76036166666665 8.000375,77.76106333333333,77.76106333333333 8.000355,77.761765,77.761765 8.000334999999998,77.762465,77.762465 8.000313333333336,77.763165,77.763165 8.000288333333334,77.76386500000001,77.76386500000001 8.000263333333335,77.76456499999999,77.76456499999999 8.000236666666668,77.765265,77.765265 8.000205000000001,77.76596500000001,77.76596500000001 8.000168333333331,77.76666499999999,77.76666499999999 8.000128333333333,77.767365,77.767365 8.000086666666666,77.76806666666667,77.76806666666667 8.000043333333334,77.76876833333334,77.76876833333334 8.0,77.76947,77.76947 7.999958333333333,77.77017166666667,77.77017166666667 7.9999183333333335,77.77087166666668,77.77087166666668 7.99988,77.77157333333332,77.77157333333332 7.999844999999999,77.77227500000002,77.77227500000002 7.999811666666666,77.772975,77.772975 7.999778333333334,77.77367833333334,77.77367833333334 7.999748333333335,77.77438000000001,77.77438000000001 7.99972,77.77508166666665,77.77508166666665 7.999695000000001,77.77578499999998,77.77578499999998 7.999676666666667,77.776485,77.776485 7.999663333333333,77.77718666666667,77.77718666666667 7.999656666666667,77.77788666666667,77.77788666666667 7.99966,77.77858666666667,77.77858666666667 7.999676666666667,77.77928666666668,77.77928666666668 7.999699999999999,77.77998666666669,77.77998666666669 7.999731666666666,77.780685,77.780685 7.999766666666666,77.78138499999999,77.78138499999999 7.9998016666666665,77.78208333333333,77.78208333333333 7.999838333333334,77.78278166666668,77.78278166666668 7.999876666666666,77.78347999999998,77.78347999999998 7.999911666666666,77.78417833333333,77.78417833333333 7.999945,77.78487666666668,77.78487666666668 7.999975,77.785575,77.785575 8.000003333333334,77.78627499999999,77.78627499999999 8.000026666666667,77.78697333333334,77.78697333333334 8.000046666666668,77.78766999999999,77.78766999999999 8.000061666666666,77.78836833333334,77.78836833333334 8.000075,77.78906666666666,77.78906666666666 8.000083333333333,77.78976333333334,77.78976333333334 8.000086666666666,77.79046166666667,77.79046166666667 8.000088333333336,77.79115833333333,77.79115833333333 8.000084999999999,77.79185666666667,77.79185666666667 8.000075,77.79255333333333,77.79255333333333 8.000061666666666,77.79325166666666,77.79325166666666 8.000044999999998,77.79395000000001,77.79395000000001 8.000028333333333,77.79464833333333,77.79464833333333 8.000015000000001,77.79534833333334,77.79534833333334 8.0,77.79604666666668,77.79604666666668 7.999986666666666,77.79674333333334,77.79674333333334 7.999976666666667,77.79744000000001,77.79744000000001 7.999969999999999,77.798135,77.798135 7.999966666666667,77.79883,77.79883 7.999964999999999,77.799525,77.799525 7.999968333333334,77.80022166666666,77.80022166666666 7.999975,77.80091666666668,77.80091666666668 7.999983333333334,77.80161333333334,77.80161333333334 7.999996666666667,77.80231166666667,77.80231166666667 8.000009999999998,77.80300833333335,77.80300833333335 8.000026666666667,77.80370666666667,77.80370666666667 8.000046666666668,77.80440666666665,77.80440666666665 8.000068333333333,77.80510833333332,77.80510833333332 8.00009,77.80581,77.80581 8.000115,77.80651333333333,77.80651333333333 8.000138333333334,77.80721833333332,77.80721833333332 8.000163333333335,77.80792333333335,77.80792333333335 8.000188333333334,77.80862999999998,77.80862999999998 8.00022,77.80933833333333,77.80933833333333 8.000256666666667,77.81004666666665,77.81004666666665 8.000300000000001,77.81075666666668,77.81075666666668 8.000351666666667,77.81146833333332,77.81146833333332 8.000411666666666,77.81218,77.81218 8.000478333333334,77.81289333333334,77.81289333333334 8.00055,77.81360666666666,77.81360666666666 8.000621666666666,77.81432166666666,77.81432166666666 8.000688333333333,77.81503666666667,77.81503666666667 8.000745000000002,77.81575166666667,77.81575166666667 8.000791666666666,77.81646666666667,77.81646666666667 8.00083,77.81718166666666,77.81718166666666 8.000855,77.817895,77.817895 8.000874999999999,77.81861,77.81861 8.000886666666666,77.819325,77.819325 8.000893333333334,77.82004,77.82004 8.000895000000002,77.82075499999999,77.82075499999999 8.000891666666666,77.82146999999999,77.82146999999999 8.000891666666666,77.822185,77.822185 8.000898333333334,77.8229,77.8229 8.000908333333332,77.82361333333334,77.82361333333334 8.00092,77.82432833333333,77.82432833333333 8.000931666666665,77.82504333333333,77.82504333333333 8.000945,77.82575666666666,77.82575666666666 8.000956666666667,77.82646999999999,77.82646999999999 8.000961666666667,77.82718166666666,77.82718166666666 8.000953333333333,77.827895,77.827895 8.000934999999998,77.82860666666666,77.82860666666666 8.000903333333335,77.82932,77.82932 8.00086,77.83003333333333,77.83003333333333 8.000810000000001,77.830745,77.830745 8.000753333333336,77.83145833333333,77.83145833333333 8.000691666666667,77.83217166666667,77.83217166666667 8.000626666666665,77.83288499999999,77.83288499999999 8.000559999999998,77.83359999999999,77.83359999999999 8.000496666666669,77.834315,77.834315 8.000435,77.83503,77.83503 8.000378333333334,77.83574666666667,77.83574666666667 8.000328333333334,77.83646333333331,77.83646333333331 8.000283333333334,77.83718166666667,77.83718166666667 8.00024666666667,77.8379,77.8379 8.000214999999999,77.83861833333334,77.83861833333334 8.000188333333334,77.83933833333333,77.83933833333333 8.000166666666667,77.84006166666666,77.84006166666666 8.000146666666666,77.84078500000001,77.84078500000001 8.000126666666667,77.84150833333332,77.84150833333332 8.000101666666664,77.842235,77.842235 8.000078333333335,77.84295999999999,77.84295999999999 8.00005666666667,77.84368333333333,77.84368333333333 8.000038333333334,77.844405,77.844405 8.000023333333333,77.84512666666666,77.84512666666666 8.000013333333335,77.84584666666667,77.84584666666667 8.000013333333335,77.84656666666667,77.84656666666667 8.000023333333333,77.847285,77.847285 8.000044999999998,77.84800333333334,77.84800333333334 8.000076666666665,77.84872,77.84872 8.000113333333335,77.84943666666665,77.84943666666665 8.000158333333333,77.85015000000001,77.85015000000001 8.000208333333335,77.85086166666666,77.85086166666666 8.000258333333333,77.85157333333332,77.85157333333332 8.000306666666669,77.85228333333333,77.85228333333333 8.000355,77.85299166666668,77.85299166666668 8.000413333333334,77.8537,77.8537 8.000476666666666,77.85440666666666,77.85440666666666 8.00054,77.85511166666667,77.85511166666667 8.000601666666666,77.85581833333333,77.85581833333333 8.00066,77.85652333333333,77.85652333333333 8.000716666666666,77.85722833333332,77.85722833333332 8.000766666666667,77.85793333333332,77.85793333333332 8.000811666666666,77.85863833333332,77.85863833333332 8.000843333333332,77.85934166666665,77.85934166666665 8.000856666666666,77.86004500000001,77.86004500000001 8.00085,77.86074833333335,77.86074833333335 8.00083,77.86144999999999,77.86144999999999 8.0008,77.86215,77.86215 8.000761666666667,77.86285166666667,77.86285166666667 8.000718333333332,77.86355333333333,77.86355333333333 8.000668333333333,77.86425333333334,77.86425333333334 8.00061,77.86495333333335,77.86495333333335 8.000545,77.86565333333333,77.86565333333333 8.000476666666666,77.86635333333334,77.86635333333334 8.000408333333333,77.86705166666668,77.86705166666668 8.00034,77.86775166666666,77.86775166666666 8.000269999999999,77.86845166666667,77.86845166666667 8.000203333333332,77.86915166666667,77.86915166666667 8.000141666666668,77.86985166666668,77.86985166666668 8.000088333333336,77.87055166666669,77.87055166666669 8.000041666666668,77.87125,77.87125 8.000001666666666,77.87194999999998,77.87194999999998 7.999969999999999,77.87265,77.87265 7.999945,77.87335166666666,77.87335166666666 7.999928333333335,77.87405166666667,77.87405166666667 7.9999183333333335,77.87475166666667,77.87475166666667 7.9999150000000006,77.87545166666668,77.87545166666668 7.9999183333333335,77.87615333333332,77.87615333333332 7.999926666666666,77.87685499999999,77.87685499999999 7.9999416666666665,77.87755666666666,77.87755666666666 7.9999633333333335,77.87825833333333,77.87825833333333 7.999988333333333,77.87896,77.87896 8.00002,77.87966166666668,77.87966166666668 8.000058333333333,77.88036333333332,77.88036333333332 8.000101666666664,77.88106666666665,77.88106666666665 8.000148333333335,77.88176833333333,77.88176833333333 8.000199999999998,77.88247166666666,77.88247166666666 8.000256666666667,77.883175,77.883175 8.00032,77.88387833333333,77.88387833333333 8.000385,77.88458166666666,77.88458166666666 8.000453333333335,77.88528666666666,77.88528666666666 8.000518333333334,77.88599166666665,77.88599166666665 8.000581666666667,77.88669499999999,77.88669499999999 8.000646666666668,77.88739999999999,77.88739999999999 8.000716666666666,77.88810333333332,77.88810333333332 8.000784999999999,77.88880666666668,77.88880666666668 8.000845000000002,77.88950999999999,77.88950999999999 8.000893333333334,77.89021166666666,77.89021166666666 8.000933333333334,77.89091499999999,77.89091499999999 8.000968333333335,77.89161666666666,77.89161666666666 8.000998333333332,77.89232,77.89232 8.001021666666666,77.89302333333333,77.89302333333333 8.001036666666666,77.89372499999999,77.89372499999999 8.001043333333334,77.89442833333332,77.89442833333332 8.001045,77.89513166666667,77.89513166666667 8.001041666666666,77.89583333333333,77.89583333333333 8.001029999999998,77.89653666666666,77.89653666666666 8.001013333333333,77.89724166666666,77.89724166666666 8.000988333333334,77.89794499999999,77.89794499999999 8.000958333333333,77.89864833333333,77.89864833333333 8.000921666666667,77.89935333333332,77.89935333333332 8.000880000000002,77.90005500000001,77.90005500000001 8.000836666666668,77.90075833333334,77.90075833333334 8.000793333333332,77.90146,77.90146 8.000745000000002,77.90216166666667,77.90216166666667 8.000693333333333,77.90286166666668,77.90286166666668 8.00064,77.90356166666666,77.90356166666666 8.000586666666665,77.90426166666667,77.90426166666667 8.000533333333333,77.90495999999999,77.90495999999999 8.000483333333333,77.90565833333334,77.90565833333334 8.000436666666666,77.906355,77.906355 8.000391666666667,77.90705333333335,77.90705333333335 8.00035,77.90775166666667,77.90775166666667 8.000311666666667,77.90844999999999,77.90844999999999 8.000278333333332,77.90915,77.90915 8.000251666666665,77.90985,77.90985 8.000231666666668,77.91054833333334,77.91054833333334 8.000216666666667,77.91125000000001,77.91125000000001 8.000205000000001,77.91194999999999,77.91194999999999 8.000195,77.91265166666666,77.91265166666666 8.000186666666666,77.91335333333333,77.91335333333333 8.000178333333333,77.914055,77.914055 8.00017,77.91475833333334,77.91475833333334 8.00016,77.91546166666667,77.91546166666667 8.00015,77.91616666666667,77.91616666666667 8.000138333333334,77.91687,77.91687 8.000128333333333,77.917575,77.917575 8.000118333333333,77.91827833333333,77.91827833333333 8.000110000000001,77.91898333333333,77.91898333333333 8.0001,77.91968666666666,77.91968666666666 8.000088333333336,77.92039,77.92039 8.000076666666665,77.92109333333333,77.92109333333333 8.000066666666667,77.921795,77.921795 8.000058333333333,77.92249499999998,77.92249499999998 8.000051666666666,77.92319499999999,77.92319499999999 8.000043333333334,77.92389499999999,77.92389499999999 8.000033333333333,77.92459333333333,77.92459333333333 8.000024999999999,77.92529166666668,77.92529166666668 8.000018333333331,77.92599,77.92599 8.000013333333335,77.92668833333335,77.92668833333335 8.000011666666667,77.927385,77.927385 8.000009999999998,77.92808333333333,77.92808333333333 8.000013333333335,77.92878000000002,77.92878000000002 8.00002,77.92947833333334,77.92947833333334 8.000031666666667,77.93017499999999,77.93017499999999 8.000046666666668,77.93087166666666,77.93087166666666 8.000065000000001,77.93156833333335,77.93156833333335 8.00009,77.932265,77.932265 8.000119999999999,77.93296333333332,77.93296333333332 8.000153333333333,77.93366166666667,77.93366166666667 8.000191666666666,77.93436,77.93436 8.000233333333334,77.93505833333334,77.93505833333334 8.000278333333332,77.93575833333333,77.93575833333333 8.000321666666668,77.93645666666667,77.93645666666667 8.000364999999999,77.93715499999999,77.93715499999999 8.000396666666669,77.93785333333334,77.93785333333334 8.000413333333334,77.93855333333333,77.93855333333333 8.00042,77.93925166666668,77.93925166666668 8.000424999999998,77.93995166666666,77.93995166666666 8.000428333333332,77.94065,77.94065 8.000426666666668,77.94134666666666,77.94134666666666 8.000423333333334,77.94204500000001,77.94204500000001 8.00041833333333,77.94274166666668,77.94274166666668 8.000413333333334,77.94343666666667,77.94343666666667 8.000406666666667,77.94413333333333,77.94413333333333 8.000399999999999,77.94482833333333,77.94482833333333 8.000396666666669,77.94552333333333,77.94552333333333 8.000396666666669,77.94621666666666,77.94621666666666 8.000398333333335,77.94691,77.94691 8.000403333333333,77.94760333333333,77.94760333333333 8.000409999999999,77.94829666666666,77.94829666666666 8.00041833333333,77.94899000000001,77.94899000000001 8.000428333333332,77.94968333333334,77.94968333333334 8.00044,77.950375,77.950375 8.000451666666667,77.95106833333332,77.95106833333332 8.000465000000002,77.95176166666666,77.95176166666666 8.000476666666666,77.952455,77.952455 8.000488333333335,77.95314833333333,77.95314833333333 8.000496666666669,77.95384333333332,77.95384333333332 8.000503333333333,77.95453833333333,77.95453833333333 8.000506666666666,77.95523666666668,77.95523666666668 8.00051,77.95593333333333,77.95593333333333 8.000511666666666,77.95663166666665,77.95663166666665 8.000513333333334,77.95733,77.95733 8.000511666666666,77.95802833333333,77.95802833333333 8.000505,77.95872833333334,77.95872833333334 8.000496666666669,77.95942666666666,77.95942666666666 8.000484999999998,77.96012666666667,77.96012666666667 8.00047,77.96082833333334,77.96082833333334 8.000448333333333,77.96152833333335,77.96152833333335 8.000424999999998,77.96222833333333,77.96222833333333 8.000399999999999,77.96293,77.96293 8.000375,77.96363,77.96363 8.000351666666667,77.96433,77.96433 8.000331666666668,77.96502833333335,77.96502833333335 8.000316666666667,77.96572833333333,77.96572833333333 8.000306666666669,77.96642666666668,77.96642666666668 8.000303333333335,77.96712333333333,77.96712333333333 8.000300000000001,77.96782,77.96782 8.000300000000001,77.96851666666666,77.96851666666666 8.000298333333335,77.96921333333331,77.96921333333331 8.000296666666667,77.96990833333332,77.96990833333332 8.000295000000001,77.970605,77.970605 8.000293333333333,77.97130166666669,77.97130166666669 8.00029,77.97199833333335,77.97199833333335 8.000281666666666,77.97269666666666,77.97269666666666 8.000268333333334,77.97339333333333,77.97339333333333 8.000251666666665,77.97408999999999,77.97408999999999 8.000228333333334,77.97478833333334,77.97478833333334 8.000199999999998,77.97548666666665,77.97548666666665 8.000165,77.97618333333334,77.97618333333334 8.000126666666667,77.97688166666667,77.97688166666667 8.000084999999999,77.97758000000002,77.97758000000002 8.000041666666668,77.97827666666667,77.97827666666667 7.999996666666667,77.97897333333333,77.97897333333333 7.99995,77.97967166666668,77.97967166666668 7.999904999999999,77.98036833333335,77.98036833333335 7.999859999999999,77.98106666666666,77.98106666666666 7.999814999999999,77.98176499999998,77.98176499999998 7.999768333333333,77.98246333333333,77.98246333333333 7.99972,77.98316166666667,77.98316166666667 7.999673333333335,77.98386166666667,77.98386166666667 7.999628333333334,77.98455999999999,77.98455999999999 7.999586666666666,77.98526,77.98526 7.999549999999998,77.98595999999998,77.98595999999998 7.9995183333333335,77.98666166666668,77.98666166666668 7.9994916666666676,77.98736166666666,77.98736166666666 7.999473333333333,77.98806333333333,77.98806333333333 7.999461666666668,77.988765,77.988765 7.999461666666668,77.98946666666667,77.98946666666667 7.9994700000000005,77.99016833333333,77.99016833333333 7.999486666666667,77.99087,77.99087 7.999508333333334,77.99157166666667,77.99157166666667 7.999533333333333,77.99227333333334,77.99227333333334 7.99956,77.99297333333335,77.99297333333335 7.999585000000001,77.99367333333333,77.99367333333333 7.999611666666668,77.99437166666665,77.99437166666665 7.999639999999999,77.99507,77.99507 7.999675,77.99577,77.99577 7.999716666666666,77.99646833333334,77.99646833333334 7.999765000000001,77.99716666666666,77.99716666666666 7.999823333333334,77.99786666666667,77.99786666666667 7.9998916666666675,77.99856666666665,77.99856666666665 7.999966666666667,77.99926666666666,77.99926666666666 8.000044999999998,77.999965,77.999965 8.000125,78.000665,78.000665 8.000205000000001,78.00136333333333,78.00136333333333 8.000285,78.00206000000001,78.00206000000001 8.000361666666665,78.00275666666667,78.00275666666667 8.000435,78.00345333333333,78.00345333333333 8.000501666666667,78.00415,78.00415 8.000561666666666,78.00484666666665,78.00484666666665 8.000608333333334,78.00554333333334,78.00554333333334 8.000638333333335,78.00623833333333,78.00623833333333 8.000656666666666,78.00693500000001,78.00693500000001 8.000666666666666,78.00762999999999,78.00762999999999 8.000670000000001,78.00832499999999,78.00832499999999 8.000666666666666,78.00901999999999,78.00901999999999 8.000655000000002,78.00971500000001,78.00971500000001 8.000636666666667,78.01041000000001,78.01041000000001 8.000613333333334,78.01110333333332,78.01110333333332 8.000588333333335,78.01179499999999,78.01179499999999 8.000559999999998,78.01248666666666,78.01248666666666 8.000531666666665,78.01317833333331,78.01317833333331 8.000499999999999,78.01386833333332,78.01386833333332 8.000465000000002,78.01455833333334,78.01455833333334 8.000428333333332,78.01524833333332,78.01524833333332 8.000386666666667,78.01593833333334,78.01593833333334 8.000341666666666,78.01662833333332,78.01662833333332 8.000291666666667,78.01731833333334,78.01731833333334 8.000240000000002,78.01801,78.01801 8.000188333333334,78.01870166666666,78.01870166666666 8.000138333333334,78.01939166666666,78.01939166666666 8.000093333333332,78.02008333333333,78.02008333333333 8.000053333333332,78.02077166666666,78.02077166666666 8.000016666666665,78.02145999999999,78.02145999999999 7.999986666666666,78.02214833333333,78.02214833333333 7.999961666666667,78.02283666666668,78.02283666666668 7.999946666666667,78.02352333333334,78.02352333333334 7.99994,78.02421166666667,78.02421166666667 7.9999433333333325,78.02489833333333,78.02489833333333 7.999958333333333,78.02558333333333,78.02558333333333 7.999981666666668,78.02626833333333,78.02626833333333 8.000013333333335,78.02695333333332,78.02695333333332 8.000050000000002,78.02763666666667,78.02763666666667 8.000093333333332,78.02832166666667,78.02832166666667 8.000145000000002,78.029005,78.029005 8.000205000000001,78.02968833333331,78.02968833333331 8.000273333333332,78.03037166666665,78.03037166666665 8.000346666666667,78.03105666666667,78.03105666666667 8.000423333333334,78.03174166666665,78.03174166666665 8.000493333333331,78.03242666666668,78.03242666666668 8.00055,78.033115,78.033115 8.000596666666667,78.03380333333332,78.03380333333332 8.000636666666667,78.03449166666665,78.03449166666665 8.000666666666666,78.03518166666666,78.03518166666666 8.000683333333335,78.03587166666667,78.03587166666667 8.000689999999999,78.03656166666666,78.03656166666666 8.000689999999999,78.03725333333333,78.03725333333333 8.000683333333335,78.03794500000001,78.03794500000001 8.000673333333333,78.03863666666665,78.03863666666665 8.000655000000002,78.03932666666667,78.03932666666667 8.000631666666667,78.04001833333334,78.04001833333334 8.000608333333334,78.04071,78.04071 8.000583333333331,78.0414,78.0414 8.000558333333332,78.04209,78.04209 8.000535,78.04277833333333,78.04277833333333 8.00051,78.04346666666667,78.04346666666667 8.000488333333335,78.044155,78.044155 8.000466666666666,78.04484333333333,78.04484333333333 8.000441666666667,78.04553166666665,78.04553166666665 8.000416666666666,78.04621833333334,78.04621833333334 8.000391666666667,78.046905,78.046905 8.000370000000002,78.04759166666666,78.04759166666666 8.000345,78.04827833333334,78.04827833333334 8.000318333333333,78.04896333333332,78.04896333333332 8.000285,78.04965000000001,78.04965000000001 8.000243333333332,78.05033666666667,78.05033666666667 8.000195,78.051025,78.051025 8.000140000000002,78.051715,78.051715 8.000081666666668,78.052405,78.052405 8.000024999999999,78.053095,78.053095 7.999973333333332,78.05378833333332,78.05378833333332 7.999926666666666,78.05448166666667,78.05448166666667 7.999883333333334,78.05517833333333,78.05517833333333 7.999844999999999,78.055875,78.055875 7.999814999999999,78.05657333333335,78.05657333333335 7.99979,78.05727166666667,78.05727166666667 7.999773333333334,78.05796999999998,78.05796999999998 7.999758333333333,78.05866999999999,78.05866999999999 7.999748333333335,78.05937,78.05937 7.999740000000002,78.06007,78.06007 7.9997300000000005,78.06077166666667,78.06077166666667 7.999716666666666,78.06147333333334,78.06147333333334 7.999699999999999,78.06217666666667,78.06217666666667 7.999676666666667,78.06288,78.06288 7.999651666666666,78.06358333333334,78.06358333333334 7.999626666666667,78.06429,78.06429 7.999601666666667,78.06499666666667,78.06499666666667 7.999576666666666,78.065705,78.065705 7.999548333333333,78.06641333333334,78.06641333333334 7.999523333333334,78.06712333333333,78.06712333333333 7.999501666666666,78.06783333333334,78.06783333333334 7.999485,78.068545,78.068545 7.999474999999999,78.06925833333334,78.06925833333334 7.999473333333333,78.06997166666667,78.06997166666667 7.999481666666666,78.070685,78.070685 7.999498333333333,78.0714,78.0714 7.999524999999999,78.07211333333333,78.07211333333333 7.99956,78.07282833333335,78.07282833333335 7.9996,78.07354166666669,78.07354166666669 7.999645,78.074255,78.074255 7.999693333333333,78.07496833333332,78.07496833333332 7.999746666666666,78.07567999999999,78.07567999999999 7.999803333333333,78.07639,78.07639 7.999865,78.0771,78.0771 7.999926666666666,78.07780833333332,78.07780833333332 7.999993333333333,78.07851666666667,78.07851666666667 8.000065000000001,78.07922333333333,78.07922333333333 8.000143333333332,78.07993166666668,78.07993166666668 8.000223333333334,78.08063666666668,78.08063666666668 8.000301666666665,78.08134333333334,78.08134333333334 8.000383333333334,78.08204666666667,78.08204666666667 8.000468333333332,78.08275,78.08275 8.000556666666668,78.08344999999998,78.08344999999998 8.000638333333335,78.08415,78.08415 8.000703333333334,78.08485,78.08485 8.000756666666666,78.08554666666666,78.08554666666666 8.0008,78.08624333333334,78.08624333333334 8.000835,78.08694000000001,78.08694000000001 8.000861666666667,78.087635,78.087635 8.000878333333333,78.08833,78.08833 8.00089,78.08902666666667,78.08902666666667 8.000898333333334,78.08972333333332,78.08972333333332 8.000906666666666,78.09041999999998,78.09041999999998 8.000913333333333,78.09111666666666,78.09111666666666 8.000913333333333,78.091815,78.091815 8.000908333333332,78.09251333333334,78.09251333333334 8.000899999999998,78.09321166666666,78.09321166666666 8.000891666666666,78.09391000000001,78.09391000000001 8.000883333333332,78.09460999999999,78.09460999999999 8.000874999999999,78.09531,78.09531 8.000865000000001,78.09600999999999,78.09600999999999 8.000856666666666,78.09671,78.09671 8.00085,78.09740833333335,78.09740833333335 8.000848333333332,78.09810666666667,78.09810666666667 8.00085,78.09880333333332,78.09880333333332 8.000855,78.0995,78.0995 8.000863333333333,78.10019666666668,78.10019666666668 8.000868333333331,78.10089166666667,78.10089166666667 8.000866666666667,78.10158666666666,78.10158666666666 8.00086,78.10228166666667,78.10228166666667 8.000853333333334,78.10297666666666,78.10297666666666 8.000841666666668,78.10367166666666,78.10367166666666 8.000826666666667,78.10436666666666,78.10436666666666 8.000803333333334,78.10506333333332,78.10506333333332 8.000775,78.10575833333334,78.10575833333334 8.000743333333334,78.106455,78.106455 8.000708333333334,78.10715166666667,78.10715166666667 8.000671666666667,78.10784833333335,78.10784833333335 8.00063,78.108545,78.108545 8.000585000000001,78.10924333333332,78.10924333333332 8.000538333333333,78.10994000000001,78.10994000000001 8.000488333333335,78.11063833333334,78.11063833333334 8.000438333333333,78.111335,78.111335 8.000390000000001,78.11203333333331,78.11203333333331 8.000341666666666,78.11273166666666,78.11273166666666 8.000300000000001,78.11343000000001,78.11343000000001 8.000261666666667,78.11412833333334,78.11412833333334 8.000233333333334,78.114825,78.114825 8.000216666666667,78.11552333333334,78.11552333333334 8.000213333333333,78.11622,78.11622 8.000223333333334,78.11691833333333,78.11691833333333 8.000245,78.11761333333335,78.11761333333335 8.000273333333332,78.11831000000001,78.11831000000001 8.000309999999999,78.11900666666666,78.11900666666666 8.000355,78.11970166666667,78.11970166666667 8.000405000000002,78.12039666666666,78.12039666666666 8.000463333333332,78.12109333333332,78.12109333333332 8.000525000000001,78.12178833333334,78.12178833333334 8.000591666666665,78.12248500000001,78.12248500000001 8.000661666666666,78.12318166666667,78.12318166666667 8.000735,78.12387999999999,78.12387999999999 8.000811666666666,78.12457666666666,78.12457666666666 8.00089,78.12527166666668,78.12527166666668 8.000968333333335,78.12596833333333,78.12596833333333 8.001048333333333,78.12666666666668,78.12666666666668 8.001123333333334,78.12736333333334,78.12736333333334 8.001181666666668,78.12806,78.12806 8.001220000000002,78.12875666666666,78.12875666666666 8.00124,78.12945166666665,78.12945166666665 8.001248333333331,78.13014833333334,78.13014833333334 8.001243333333333,78.13084333333335,78.13084333333335 8.001224999999998,78.13154,78.13154 8.001191666666665,78.13223833333332,78.13223833333332 8.001143333333333,78.13293833333333,78.13293833333333 8.001086666666668,78.13363833333332,78.13363833333332 8.001023333333334,78.13434000000001,78.13434000000001 8.000956666666667,78.13504166666667,78.13504166666667 8.000885,78.135745,78.135745 8.000811666666666,78.13644833333333,78.13644833333333 8.00074,78.13715333333333,78.13715333333333 8.000671666666667,78.13786,78.13786 8.000606666666666,78.13856666666666,78.13856666666666 8.000545,78.13927333333332,78.13927333333332 8.000486666666667,78.13998000000001,78.13998000000001 8.000426666666668,78.14068666666667,78.14068666666667 8.000358333333331,78.14139333333333,78.14139333333333 8.000283333333334,78.14209833333332,78.14209833333332 8.000205000000001,78.14280333333332,78.14280333333332 8.000123333333333,78.14350833333334,78.14350833333334 8.000043333333334,78.14421166666665,78.14421166666665 7.999964999999999,78.14491666666667,78.14491666666667 7.9998916666666675,78.14561833333335,78.14561833333335 7.999825,78.14632166666668,78.14632166666668 7.999763333333334,78.14702333333332,78.14702333333332 7.999711666666667,78.14772500000002,78.14772500000002 7.999668333333334,78.148425,78.148425 7.99963,78.14912500000001,78.14912500000001 7.9996,78.14982333333333,78.14982333333333 7.999575000000001,78.15052166666666,78.15052166666666 7.999554999999999,78.15122166666667,78.15122166666667 7.999541666666666,78.15191833333333,78.15191833333333 7.999535,78.15261666666667,78.15261666666667 7.999533333333333,78.15331333333333,78.15331333333333 7.999535,78.15400833333334,78.15400833333334 7.999545000000001,78.15470499999999,78.15470499999999 7.999558333333332,78.15539999999999,78.15539999999999 7.99958,78.15609500000001,78.15609500000001 7.999611666666668,78.15678833333332,78.15678833333332 7.999651666666666,78.15748166666668,78.15748166666668 7.999705,78.15817333333334,78.15817333333334 7.999771666666667,78.15886666666667,78.15886666666667 7.999853333333334,78.15955666666667,78.15955666666667 7.999946666666667,78.16024833333333,78.16024833333333 8.000050000000002,78.16093833333333,78.16093833333333 8.000158333333333,78.16162666666666,78.16162666666666 8.000261666666667,78.162315,78.162315 8.00036,78.16300333333334,78.16300333333334 8.000446666666667,78.16369,78.16369 8.000520000000002,78.16437833333332,78.16437833333332 8.000580000000001,78.16506666666668,78.16506666666668 8.000625,78.16575666666665,78.16575666666665 8.000653333333332,78.16644666666667,78.16644666666667 8.000665,78.16713666666665,78.16713666666665 8.000661666666666,78.16782666666667,78.16782666666667 8.000645,78.16851833333334,78.16851833333334 8.000614999999998,78.16921,78.16921 8.000571666666668,78.16990166666666,78.16990166666666 8.000516666666664,78.17059499999999,78.17059499999999 8.000455,78.17128666666667,78.17128666666667 8.000386666666667,78.17198,78.17198 8.000316666666667,78.17267333333332,78.17267333333332 8.00024666666667,78.17336666666668,78.17336666666668 8.000176666666665,78.17406166666667,78.17406166666667 8.000110000000001,78.17475666666665,78.17475666666665 8.000048333333332,78.17545333333334,78.17545333333334 7.999988333333333,78.17614833333333,78.17614833333333 7.999933333333332,78.17684500000001,78.17684500000001 7.99988,78.17754166666667,78.17754166666667 7.999829999999999,78.17823666666668,78.17823666666668 7.999786666666667,78.17893333333333,78.17893333333333 7.999743333333334,78.17962999999999,78.17962999999999 7.999701666666666,78.180325,78.180325 7.9996616666666664,78.18102166666665,78.18102166666665 7.999626666666667,78.18171833333334,78.18171833333334 7.999594999999999,78.18241499999999,78.18241499999999 7.99957,78.18311166666668,78.18311166666668 7.999548333333333,78.18380833333335,78.18380833333335 7.99953,78.184505,78.184505 7.9995150000000015,78.18520333333332,78.18520333333332 7.9995,78.18590166666667,78.18590166666667 7.999488333333332,78.18660166666668,78.18660166666668 7.999476666666667,78.18730000000001,78.18730000000001 7.999463333333333,78.18799833333335,78.18799833333335 7.999443333333334,78.18869500000001,78.18869500000001 7.99942,78.18939166666667,78.18939166666667 7.999393333333334,78.19009,78.19009 7.999363333333334,78.19078833333334,78.19078833333334 7.999333333333334,78.19148833333333,78.19148833333333 7.99931,78.19218833333333,78.19218833333333 7.999295,78.19288833333334,78.19288833333334 7.9992866666666655,78.19358833333332,78.19358833333332 7.999290000000001,78.19428666666666,78.19428666666666 7.999301666666666,78.19498666666667,78.19498666666667 7.999321666666666,78.19568500000001,78.19568500000001 7.999346666666667,78.19638499999999,78.19638499999999 7.999373333333334,78.19708333333334,78.19708333333334 7.999404999999999,78.19778,78.19778 7.999438333333334,78.19847666666666,78.19847666666666 7.9994700000000005,78.19917333333332,78.19917333333332 7.9994966666666665,78.19986666666668,78.19986666666668 7.9995183333333335,78.20056166666667,78.20056166666667 7.999538333333334,78.20125333333333,78.20125333333333 7.999553333333334,78.20194666666666,78.20194666666666 7.999563333333333,78.20263666666668,78.20263666666668 7.999565,78.20332833333335,78.20332833333335 7.999556666666666,78.20401833333334,78.20401833333334 7.9995400000000005,78.20470833333334,78.20470833333334 7.999513333333335,78.20539833333333,78.20539833333333 7.999478333333334,78.20608666666668,78.20608666666668 7.999438333333334,78.20677500000001,78.20677500000001 7.999396666666666,78.20746166666666,78.20746166666666 7.999365000000001,78.20814999999999,78.20814999999999 7.999341666666667,78.20883666666667,78.20883666666667 7.999331666666666,78.20952166666665,78.20952166666665 7.999333333333334,78.21020833333334,78.21020833333334 7.999343333333333,78.21089166666667,78.21089166666667 7.999363333333334,78.21157666666667,78.21157666666667 7.999386666666668,78.21226000000001,78.21226000000001 7.999406666666666,78.21294333333334,78.21294333333334 7.9994250000000005,78.21362666666666,78.21362666666666 7.999441666666667,78.21431166666666,78.21431166666666 7.999456666666667,78.21499666666666,78.21499666666666 7.999468333333334,78.21568333333332,78.21568333333332 7.999476666666667,78.21637166666667,78.21637166666667 7.999481666666666,78.21705833333333,78.21705833333333 7.999488333333332,78.21774666666668,78.21774666666668 7.999503333333333,78.21843666666666,78.21843666666666 7.999523333333334,78.21912499999999,78.21912499999999 7.999549999999998,78.21981333333333,78.21981333333333 7.999583333333334,78.22050166666666,78.22050166666666 7.999620000000001,78.22118999999999,78.22118999999999 7.999655,78.22187666666667,78.22187666666667 7.999688333333333,78.22256333333334,78.22256333333334 7.999721666666667,78.22324833333333,78.22324833333333 7.999753333333333,78.22393333333333,78.22393333333333 7.999785,78.22461833333334,78.22461833333334 7.999818333333334,78.22530166666667,78.22530166666667 7.999851666666666,78.22598500000001,78.22598500000001 7.999883333333334,78.22666833333332,78.22666833333332 7.999906666666668,78.22735,78.22735 7.999921666666667,78.22803166666667,78.22803166666667 7.999931666666667,78.22871166666665,78.22871166666665 7.999936666666668,78.22939333333333,78.22939333333333 7.999938333333333,78.23007500000001,78.23007500000001 7.999934999999999,78.23075833333334,78.23075833333334 7.99993,78.23144333333332,78.23144333333332 7.999924999999999,78.23212833333335,78.23212833333335 7.999919999999999,78.23281666666666,78.23281666666666 7.999906666666668,78.233505,78.233505 7.999888333333334,78.23419333333332,78.23419333333332 7.9998700000000005,78.23488166666667,78.23488166666667 7.999853333333334,78.23557166666666,78.23557166666666 7.999831666666668,78.23626166666666,78.23626166666666 7.999810000000001,78.23695333333333,78.23695333333333 7.99979,78.23764666666665,78.23764666666665 7.999771666666667,78.23834000000001,78.23834000000001 7.999756666666667,78.23903666666666,78.23903666666666 7.999743333333334,78.23973333333333,78.23973333333333 7.9997300000000005,78.24043166666668,78.24043166666668 7.999714999999999,78.24113166666666,78.24113166666666 7.999701666666666,78.24183333333333,78.24183333333333 7.999691666666666,78.24253666666667,78.24253666666667 7.9996849999999995,78.24324,78.24324 7.999678333333332,78.24394666666666,78.24394666666666 7.999676666666667,78.24465333333332,78.24465333333332 7.999676666666667,78.24536,78.24536 7.999680000000001,78.24606999999999,78.24606999999999 7.99969,78.24678000000002,78.24678000000002 7.999705,78.24749166666666,78.24749166666666 7.99972,78.24820333333334,78.24820333333334 7.999738333333333,78.24891833333332,78.24891833333332 7.999761666666665,78.24963333333335,78.24963333333335 7.999781666666666,78.25034833333333,78.25034833333333 7.999795000000001,78.25106333333333,78.25106333333333 7.999805,78.25177833333333,78.25177833333333 7.999813333333333,78.25249333333332,78.25249333333332 7.999816666666667,78.25321000000001,78.25321000000001 7.999814999999999,78.25392833333332,78.25392833333332 7.999808333333334,78.25464666666667,78.25464666666667 7.9998016666666665,78.25536666666667,78.25536666666667 7.999798333333333,78.25608666666668,78.25608666666668 7.9997966666666676,78.25680999999999,78.25680999999999 7.9997966666666676,78.25753333333334,78.25753333333334 7.9998016666666665,78.25825666666667,78.25825666666667 7.999811666666666,78.25898333333333,78.25898333333333 7.999825,78.25970999999998,78.25970999999998 7.999840000000001,78.26043666666666,78.26043666666666 7.999858333333332,78.26116333333331,78.26116333333331 7.999876666666666,78.26189,78.26189 7.999898333333335,78.26261666666666,78.26261666666666 7.999919999999999,78.26334333333334,78.26334333333334 7.999938333333333,78.26407166666665,78.26407166666665 7.999955000000001,78.2648,78.2648 7.999971666666666,78.26552833333334,78.26552833333334 7.999988333333333,78.26625666666668,78.26625666666668 8.000005,78.26698499999999,78.26698499999999 8.000023333333333,78.26771333333333,78.26771333333333 8.000046666666668,78.26844166666666,78.26844166666666 8.000076666666665,78.26917,78.26917 8.000111666666665,78.26989833333334,78.26989833333334 8.000145000000002,78.270625,78.270625 8.000178333333333,78.27135333333334,78.27135333333334 8.00021,78.27208000000002,78.27208000000002 8.000238333333336,78.272805,78.272805 8.000265,78.27353166666667,78.27353166666667 8.000288333333334,78.27425666666666,78.27425666666666 8.000303333333335,78.27498333333334,78.27498333333334 8.000308333333333,78.27570999999999,78.27570999999999 8.000309999999999,78.27644,78.27644 8.000309999999999,78.27717,78.27717 8.000311666666667,78.2779,78.2779 8.000309999999999,78.27863166666666,78.27863166666666 8.000304999999999,78.27936166666667,78.27936166666667 8.000300000000001,78.28009166666668,78.28009166666668 8.000296666666667,78.28082166666667,78.28082166666667 8.000296666666667,78.28155000000001,78.28155000000001 8.000296666666667,78.28227833333335,78.28227833333335 8.000296666666667,78.28300666666667,78.28300666666667 8.000296666666667,78.28373166666665,78.28373166666665 8.000298333333335,78.28445833333333,78.28445833333333 8.000296666666667,78.28518166666667,78.28518166666667 8.000291666666667,78.285905,78.285905 8.000281666666666,78.28662666666666,78.28662666666666 8.000268333333334,78.28734833333334,78.28734833333334 8.000255000000001,78.28806666666665,78.28806666666665 8.000238333333336,78.28878666666667,78.28878666666667 8.000223333333334,78.28950499999998,78.28950499999998 8.00021,78.29022166666667,78.29022166666667 8.000205000000001,78.29093833333332,78.29093833333332 8.000203333333332,78.291655,78.291655 8.000206666666665,78.29237166666665,78.29237166666665 8.000211666666665,78.29308666666668,78.29308666666668 8.000214999999999,78.29379999999999,78.29379999999999 8.00022,78.29451333333334,78.29451333333334 8.000223333333334,78.29522499999999,78.29522499999999 8.000226666666666,78.295935,78.295935 8.000225,78.296645,78.296645 8.000216666666667,78.29735333333332,78.29735333333332 8.000201666666667,78.29806166666667,78.29806166666667 8.000181666666666,78.29876833333333,78.29876833333333 8.000156666666667,78.29947500000002,78.29947500000002 8.000126666666667,78.30017833333332,78.30017833333332 8.00009,78.30088333333335,78.30088333333335 8.000050000000002,78.30158666666665,78.30158666666665 8.000006666666668,78.30228833333335,78.30228833333335 7.9999633333333335,78.30299,78.30299 7.999921666666667,78.30369,78.30369 7.999881666666666,78.30438999999998,78.30438999999998 7.999843333333333,78.30508999999999,78.30508999999999 7.999806666666665,78.30578833333334,78.30578833333334 7.999773333333334,78.30648500000001,78.30648500000001 7.999744999999999,78.30718166666666,78.30718166666666 7.999721666666667,78.30787666666666,78.30787666666666 7.9997033333333345,78.30857,78.30857 7.999693333333333,78.30926333333333,78.30926333333333 7.999691666666666,78.309955,78.309955 7.999696666666667,78.31064666666666,78.31064666666666 7.999708333333332,78.31133833333332,78.31133833333332 7.999721666666667,78.31203000000001,78.31203000000001 7.999733333333334,78.31272166666665,78.31272166666665 7.999741666666667,78.31341166666667,78.31341166666667 7.999746666666666,78.31410333333334,78.31410333333334 7.999744999999999,78.314795,78.314795 7.999738333333333,78.31548666666666,78.31548666666666 7.9997300000000005,78.31617999999999,78.31617999999999 7.99972,78.31687166666667,78.31687166666667 7.999708333333332,78.317565,78.317565 7.999696666666667,78.31825833333333,78.31825833333333 7.9996866666666655,78.31895166666668,78.31895166666668 7.999678333333332,78.31964500000001,78.31964500000001 7.999669999999999,78.32033833333334,78.32033833333334 7.99966,78.32103166666668,78.32103166666668 7.999646666666667,78.32172499999999,78.32172499999999 7.999633333333332,78.32241833333333,78.32241833333333 7.999621666666666,78.32311333333335,78.32311333333335 7.9996133333333335,78.323805,78.323805 7.999611666666668,78.32449666666668,78.32449666666668 7.999615,78.32518833333334,78.32518833333334 7.999623333333333,78.32588000000001,78.32588000000001 7.9996383333333325,78.32657,78.32657 7.99966,78.32726166666666,78.32726166666666 7.999688333333333,78.32795500000002,78.32795500000002 7.999721666666667,78.328645,78.328645 7.99976,78.32933666666668,78.32933666666668 7.9998016666666665,78.33002833333332,78.33002833333332 7.999844999999999,78.33071666666667,78.33071666666667 7.9998916666666675,78.33140499999999,78.33140499999999 7.999934999999999,78.33209333333332,78.33209333333332 7.999975,78.33277833333334,78.33277833333334 8.000011666666667,78.33346333333334,78.33346333333334 8.000043333333334,78.33414833333335,78.33414833333335 8.000071666666667,78.33483,78.33483 8.000095,78.33551333333332,78.33551333333332 8.000113333333335,78.336195,78.336195 8.00013,78.33687666666665,78.33687666666665 8.000143333333332,78.33756,78.33756 8.000155,78.33824333333332,78.33824333333332 8.000166666666667,78.33892666666667,78.33892666666667 8.000178333333333,78.33961000000001,78.33961000000001 8.000188333333334,78.34029333333334,78.34029333333334 8.000195,78.34097499999999,78.34097499999999 8.000199999999998,78.34165833333333,78.34165833333333 8.000203333333332,78.34234000000001,78.34234000000001 8.000203333333332,78.34302166666666,78.34302166666666 8.000203333333332,78.34370333333332,78.34370333333332 8.000205000000001,78.34438333333331,78.34438333333331 8.000206666666665,78.34506500000002,78.34506500000002 8.000211666666665,78.34574666666667,78.34574666666667 8.000221666666667,78.34642833333334,78.34642833333334 8.000241666666666,78.34711333333334,78.34711333333334 8.000269999999999,78.34779666666668,78.34779666666668 8.000304999999999,78.34848166666667,78.34848166666667 8.000341666666666,78.34916666666665,78.34916666666665 8.000376666666666,78.34985166666668,78.34985166666668 8.000409999999999,78.35053666666666,78.35053666666666 8.00044,78.35122166666667,78.35122166666667 8.000466666666666,78.35190666666668,78.35190666666668 8.000484999999998,78.35259166666667,78.35259166666667 8.000496666666669,78.35327666666667,78.35327666666667 8.000499999999999,78.35396166666668,78.35396166666668 8.000491666666665,78.35464666666667,78.35464666666667 8.000473333333334,78.35533166666667,78.35533166666667 8.000443333333333,78.35601666666668,78.35601666666668 8.000401666666665,78.3567,78.3567 8.000348333333333,78.35738333333335,78.35738333333335 8.000285,78.35806666666669,78.35806666666669 8.000213333333333,78.35875,78.35875 8.000136666666664,78.35943333333333,78.35943333333333 8.000061666666666,78.36011666666667,78.36011666666667 7.999988333333333,78.36079833333332,78.36079833333332 7.999916666666667,78.36148166666666,78.36148166666666 7.9998499999999995,78.36216499999999,78.36216499999999 7.999795000000001,78.36285,78.36285 7.999748333333335,78.363535,78.363535 7.999711666666667,78.36422166666665,78.36422166666665 7.999680000000001,78.36490833333335,78.36490833333335 7.999655,78.36559666666666,78.36559666666666 7.999631666666667,78.36628499999999,78.36628499999999 7.99961,78.36697333333333,78.36697333333333 7.999586666666666,78.36766500000002,78.36766500000002 7.999566666666667,78.36835833333332,78.36835833333332 7.999553333333334,78.36905333333334,78.36905333333334 7.999549999999998,78.36975000000001,78.36975000000001 7.999554999999999,78.37044833333333,78.37044833333333 7.999565,78.37114833333334,78.37114833333334 7.999581666666667,78.37184666666666,78.37184666666666 7.999603333333332,78.37254833333333,78.37254833333333 7.999631666666667,78.37324833333334,78.37324833333334 7.999665000000001,78.37394833333333,78.37394833333333 7.999705,78.37465,78.37465 7.99975,78.37535000000001,78.37535000000001 7.999795000000001,78.37604999999999,78.37604999999999 7.999836666666665,78.37675,78.37675 7.999871666666667,78.37744833333332,78.37744833333332 7.9999,78.37814666666667,78.37814666666667 7.999924999999999,78.378845,78.378845 7.999951666666667,78.37954166666668,78.37954166666668 7.999981666666668,78.38023833333334,78.38023833333334 8.000015000000001,78.380935,78.380935 8.000050000000002,78.38163,78.38163 8.00009,78.38232666666666,78.38232666666666 8.000128333333333,78.38302333333331,78.38302333333331 8.000163333333335,78.38372,78.38372 8.000195,78.384415,78.384415 8.000218333333333,78.38511166666666,78.38511166666666 8.000234999999998,78.38580833333334,78.38580833333334 8.000243333333332,78.386505,78.386505 8.000241666666666,78.38720166666667,78.38720166666667 8.00023,78.38790000000002,78.38790000000002 8.00021,78.3886,78.3886 8.000188333333334,78.3893,78.3893 8.000163333333335,78.39000333333334,78.39000333333334 8.000140000000002,78.39070666666667,78.39070666666667 8.000125,78.39141166666667,78.39141166666667 8.000116666666665,78.39211666666667,78.39211666666667 8.000113333333335,78.39282166666666,78.39282166666666 8.000111666666665,78.39352833333335,78.39352833333335 8.000113333333335,78.39423333333335,78.39423333333335 8.000116666666665,78.39493833333334,78.39493833333334 8.000121666666667,78.395645,78.395645 8.000125,78.39635,78.39635 8.000131666666666,78.39705666666667,78.39705666666667 8.000140000000002,78.39776333333333,78.39776333333333 8.000153333333333,78.39846833333333,78.39846833333333 8.000171666666668,78.39917333333332,78.39917333333332 8.000193333333334,78.39987833333332,78.39987833333332 8.00022,78.40058166666665,78.40058166666665 8.000251666666665,78.40128500000002,78.40128500000002 8.000288333333334,78.40198666666666,78.40198666666666 8.000323333333334,78.40268666666665,78.40268666666665 8.000358333333331,78.40338666666666,78.40338666666666 8.000393333333331,78.40408666666667,78.40408666666667 8.000426666666668,78.40478666666665,78.40478666666665 8.000456666666665,78.405485,78.405485 8.000481666666667,78.40618500000001,78.40618500000001 8.000501666666667,78.40688666666665,78.40688666666665 8.000518333333334,78.40759166666668,78.40759166666668 8.000535,78.40829666666667,78.40829666666667 8.000548333333334,78.40900333333333,78.40900333333333 8.000561666666666,78.40971166666668,78.40971166666668 8.000580000000001,78.41042166666666,78.41042166666666 8.000603333333334,78.41113333333332,78.41113333333332 8.000638333333335,78.41184666666666,78.41184666666666 8.000681666666665,78.41256333333334,78.41256333333334 8.000735,78.41328,78.41328 8.000786666666666,78.41399666666666,78.41399666666666 8.000835,78.414715,78.414715 8.000885,78.41543166666666,78.41543166666666 8.000934999999998,78.41614833333334,78.41614833333334 8.000976666666666,78.416865,78.416865 8.001011666666667,78.41757999999999,78.41757999999999 8.00104,78.41829500000001,78.41829500000001 8.001063333333335,78.41901,78.41901 8.001078333333334,78.41972333333334,78.41972333333334 8.001076666666666,78.42043500000001,78.42043500000001 8.001055000000001,78.42114833333333,78.42114833333333 8.00102,78.42185833333332,78.42185833333332 8.000973333333333,78.42256833333333,78.42256833333333 8.000914999999999,78.42327833333334,78.42327833333334 8.000845000000002,78.42398666666666,78.42398666666666 8.000765,78.424695,78.424695 8.000674999999998,78.42540166666666,78.42540166666666 8.000580000000001,78.42611000000001,78.42611000000001 8.000484999999998,78.42681833333333,78.42681833333333 8.000393333333331,78.42752499999999,78.42752499999999 8.000303333333335,78.42823166666668,78.42823166666668 8.000218333333333,78.42893666666667,78.42893666666667 8.000136666666664,78.42963833333334,78.42963833333334 8.000066666666667,78.43034166666668,78.43034166666668 8.000008333333334,78.43104166666666,78.43104166666666 7.9999600000000015,78.43174166666667,78.43174166666667 7.999923333333334,78.43244166666668,78.43244166666668 7.999901666666667,78.43314,78.43314 7.999893333333334,78.43383833333334,78.43383833333334 7.999898333333335,78.43453500000001,78.43453500000001 7.9999150000000006,78.43523166666667,78.43523166666667 7.99994,78.43592666666666,78.43592666666666 7.999971666666666,78.43662333333333,78.43662333333333 8.000009999999998,78.43731833333332,78.43731833333332 8.000051666666666,78.43801333333334,78.43801333333334 8.000091666666666,78.43870833333334,78.43870833333334 8.000135,78.43940500000001,78.43940500000001 8.000176666666665,78.44010166666666,78.44010166666666 8.000218333333333,78.44079833333332,78.44079833333332 8.000266666666665,78.441495,78.441495 8.000323333333334,78.442195,78.442195 8.000390000000001,78.44289333333334,78.44289333333334 8.000459999999999,78.44359500000002,78.44359500000002 8.000526666666666,78.444295,78.444295 8.000591666666665,78.44499666666667,78.44499666666667 8.000649999999998,78.44569833333334,78.44569833333334 8.000703333333334,78.44639999999998,78.44639999999998 8.000748333333332,78.44710166666665,78.44710166666665 8.000783333333333,78.44780166666666,78.44780166666666 8.000806666666668,78.44850333333333,78.44850333333333 8.000811666666666,78.44920333333333,78.44920333333333 8.000798333333334,78.449905,78.449905 8.000775,78.45060500000001,78.45060500000001 8.000741666666665,78.45130499999999,78.45130499999999 8.000698333333334,78.45200333333334,78.45200333333334 8.000646666666668,78.45270333333332,78.45270333333332 8.000591666666665,78.45340333333333,78.45340333333333 8.000538333333333,78.45410333333332,78.45410333333332 8.000490000000001,78.45480333333333,78.45480333333333 8.000448333333333,78.45550333333334,78.45550333333334 8.000415,78.45620333333332,78.45620333333332 8.000391666666667,78.45690333333333,78.45690333333333 8.000376666666666,78.457605,78.457605 8.000375,78.45830500000001,78.45830500000001 8.000381666666668,78.45900666666665,78.45900666666665 8.000398333333335,78.45970833333332,78.45970833333332 8.000423333333334,78.46041,78.46041 8.000458333333334,78.46111166666667,78.46111166666667 8.000505,78.46181499999999,78.46181499999999 8.000561666666666,78.46252,78.46252 8.000626666666665,78.46322333333333,78.46322333333333 8.000696666666666,78.46392833333333,78.46392833333333 8.000765,78.46463333333332,78.46463333333332 8.000823333333333,78.46533999999998,78.46533999999998 8.000876666666668,78.46604500000001,78.46604500000001 8.000925,78.46675,78.46675 8.000961666666667,78.467455,78.467455 8.000988333333334,78.46816166666669,78.46816166666669 8.000999999999998,78.46886833333332,78.46886833333332 8.000998333333332,78.469575,78.469575 8.000981666666666,78.47028333333333,78.47028333333333 8.00095,78.47099166666666,78.47099166666666 8.000905000000001,78.47170166666668,78.47170166666668 8.000848333333332,78.47241166666666,78.47241166666666 8.000784999999999,78.47312333333333,78.47312333333333 8.000711666666668,78.473835,78.473835 8.000628333333333,78.47454833333333,78.47454833333333 8.000541666666667,78.47526166666667,78.47526166666667 8.000451666666667,78.47597666666668,78.47597666666668 8.00036,78.47669166666665,78.47669166666665 8.000268333333334,78.47740999999999,78.47740999999999 8.000181666666666,78.47812666666668,78.47812666666668 8.000103333333334,78.47884333333333,78.47884333333333 8.000033333333333,78.47956000000002,78.47956000000002 7.999978333333333,78.48027833333333,78.48027833333333 7.999933333333332,78.48099666666668,78.48099666666668 7.999893333333334,78.48171666666666,78.48171666666666 7.999861666666668,78.48243666666667,78.48243666666667 7.999836666666665,78.48315833333334,78.48315833333334 7.999816666666667,78.48387833333332,78.48387833333332 7.999800000000001,78.48459833333332,78.48459833333332 7.999783333333332,78.48531833333332,78.48531833333332 7.999763333333334,78.48603833333334,78.48603833333334 7.999741666666667,78.48675833333334,78.48675833333334 7.999716666666666,78.48748,78.48748 7.999688333333333,78.48820000000002,78.48820000000002 7.999651666666666,78.48892166666666,78.48892166666666 7.999611666666668,78.48964500000001,78.48964500000001 7.999571666666667,78.49036833333332,78.49036833333332 7.999531666666667,78.49109166666668,78.49109166666668 7.9994966666666665,78.491815,78.491815 7.999465,78.49253833333334,78.49253833333334 7.999435,78.49325999999998,78.49325999999998 7.999406666666666,78.49398166666667,78.49398166666667 7.999385000000001,78.49470166666666,78.49470166666666 7.999368333333333,78.49542166666666,78.49542166666666 7.999358333333333,78.49614166666667,78.49614166666667 7.999353333333333,78.49685833333332,78.49685833333332 7.999355000000001,78.49757666666667,78.49757666666667 7.999363333333334,78.49829500000001,78.49829500000001 7.999378333333334,78.49901166666668,78.49901166666668 7.9994016666666665,78.49972999999999,78.49972999999999 7.999429999999999,78.50044666666668,78.50044666666668 7.999461666666668,78.50116500000001,78.50116500000001 7.999495,78.50188333333334,78.50188333333334 7.999526666666666,78.50260166666668,78.50260166666668 7.999556666666666,78.50332,78.50332 7.999585000000001,78.50403666666665,78.50403666666665 7.999608333333333,78.50475333333334,78.50475333333334 7.999628333333334,78.50546999999999,78.50546999999999 7.999643333333333,78.50618833333334,78.50618833333334 7.999655,78.50690666666665,78.50690666666665 7.999668333333334,78.507625,78.507625 7.999683333333333,78.50834333333334,78.50834333333334 7.999699999999999,78.50906,78.50906 7.999716666666666,78.50977833333332,78.50977833333332 7.999733333333334,78.510495,78.510495 7.999753333333333,78.51120999999999,78.51120999999999 7.999774999999999,78.51192500000002,78.51192500000002 7.999798333333333,78.51263999999999,78.51263999999999 7.999823333333334,78.51335333333334,78.51335333333334 7.9998466666666666,78.51406666666668,78.51406666666668 7.9998700000000005,78.51478,78.51478 7.9998949999999995,78.51549333333334,78.51549333333334 7.999923333333334,78.51620500000001,78.51620500000001 7.999953333333334,78.51691666666667,78.51691666666667 7.999985000000001,78.51762666666666,78.51762666666666 8.000018333333331,78.51833833333333,78.51833833333333 8.000053333333332,78.51904833333334,78.51904833333334 8.00009,78.51975833333333,78.51975833333333 8.00013,78.52046833333333,78.52046833333333 8.00017,78.52117833333334,78.52117833333334 8.000211666666665,78.52188666666666,78.52188666666666 8.000253333333333,78.52259666666667,78.52259666666667 8.000298333333335,78.52330666666667,78.52330666666667 8.000345,78.52401499999999,78.52401499999999 8.000391666666667,78.524725,78.524725 8.000445000000001,78.52543333333332,78.52543333333332 8.000499999999999,78.52614000000001,78.52614000000001 8.000561666666666,78.52684833333333,78.52684833333333 8.000626666666665,78.52755666666667,78.52755666666667 8.000695,78.52826333333333,78.52826333333333 8.000758333333332,78.52897333333334,78.52897333333334 8.000816666666665,78.52968166666666,78.52968166666666 8.000863333333333,78.53039166666667,78.53039166666667 8.000899999999998,78.53110166666667,78.53110166666667 8.000926666666667,78.53181166666666,78.53181166666666 8.000941666666666,78.53252333333333,78.53252333333333 8.000943333333332,78.53323333333334,78.53323333333334 8.00093,78.53394499999999,78.53394499999999 8.000903333333335,78.53465500000001,78.53465500000001 8.000866666666667,78.53536666666666,78.53536666666666 8.000821666666667,78.53607833333334,78.53607833333334 8.000775,78.53679,78.53679 8.000728333333333,78.53750166666667,78.53750166666667 8.000683333333335,78.53821166666665,78.53821166666665 8.00064,78.53892,78.53892 8.000601666666666,78.53962833333334,78.53962833333334 8.000573333333334,78.540335,78.540335 8.000556666666668,78.54104,78.54104 8.000553333333334,78.54174499999999,78.54174499999999 8.000563333333336,78.54244833333333,78.54244833333333 8.000588333333335,78.54315166666666,78.54315166666666 8.000631666666667,78.54385333333333,78.54385333333333 8.000686666666669,78.54455333333334,78.54455333333334 8.000745000000002,78.54525333333333,78.54525333333333 8.000798333333334,78.54595333333334,78.54595333333334 8.000848333333332,78.54665333333335,78.54665333333335 8.000895000000002,78.54735166666667,78.54735166666667 8.000933333333334,78.54804999999999,78.54804999999999 8.000961666666667,78.54874666666666,78.54874666666666 8.000976666666666,78.54944333333334,78.54944333333334 8.000970000000002,78.55014,78.55014 8.000938333333332,78.55083499999999,78.55083499999999 8.00089,78.55153,78.55153 8.000828333333335,78.55222499999999,78.55222499999999 8.000755,78.55291999999999,78.55291999999999 8.000670000000001,78.55361666666666,78.55361666666666 8.000571666666668,78.55431166666668,78.55431166666668 8.000466666666666,78.55500833333333,78.55500833333333 8.000353333333333,78.55570499999999,78.55570499999999 8.000234999999998,78.55640166666667,78.55640166666667 8.000113333333335,78.55709833333334,78.55709833333334 7.999988333333333,78.55779333333334,78.55779333333334 7.999866666666667,78.55848999999999,78.55848999999999 7.99975,78.559185,78.559185 7.999643333333333,78.55988000000002,78.55988000000002 7.999548333333333,78.56057333333332,78.56057333333332 7.999466666666666,78.56126666666667,78.56126666666667 7.999398333333333,78.56195833333334,78.56195833333334 7.999343333333333,78.56265,78.56265 7.999299999999999,78.56334,78.56334 7.999266666666667,78.56402833333333,78.56402833333333 7.999245,78.56471833333333,78.56471833333333 7.999238333333333,78.56540666666666,78.56540666666666 7.999245,78.56609666666667,78.56609666666667 7.999266666666667,78.56678833333334,78.56678833333334 7.9993033333333345,78.56748166666665,78.56748166666665 7.999350000000001,78.56817666666667,78.56817666666667 7.999404999999999,78.56887166666667,78.56887166666667 7.999461666666668,78.56956666666667,78.56956666666667 7.999521666666667,78.57026166666667,78.57026166666667 7.999578333333333,78.57095666666666,78.57095666666666 7.99963,78.57165333333334,78.57165333333334 7.999676666666667,78.57234833333335,78.57234833333335 7.999716666666666,78.57304333333332,78.57304333333332 7.99975,78.57373833333332,78.57373833333332 7.999774999999999,78.57443166666668,78.57443166666668 7.9997966666666676,78.57512666666668,78.57512666666668 7.999810000000001,78.57582000000001,78.57582000000001 7.999816666666667,78.57651166666666,78.57651166666666 7.999816666666667,78.57720499999999,78.57720499999999 7.999814999999999,78.57789833333334,78.57789833333334 7.999810000000001,78.57859,78.57859 7.999803333333333,78.57928333333332,78.57928333333332 7.999793333333334,78.57997833333334,78.57997833333334 7.999783333333332,78.58067166666667,78.58067166666667 7.999773333333334,78.58136666666665,78.58136666666665 7.999763333333334,78.58206166666668,78.58206166666668 7.999753333333333,78.58275666666667,78.58275666666667 7.999746666666666,78.58345500000001,78.58345500000001 7.999736666666666,78.58415333333333,78.58415333333333 7.999723333333333,78.58485333333333,78.58485333333333 7.99971,78.58555166666667,78.58555166666667 7.999696666666667,78.58625166666668,78.58625166666668 7.9996849999999995,78.58695166666666,78.58695166666666 7.999675,78.58765166666667,78.58765166666667 7.999665000000001,78.58835333333332,78.58835333333332 7.99966,78.58905333333333,78.58905333333333 7.9996583333333335,78.58975333333333,78.58975333333333 7.9996616666666664,78.59045333333333,78.59045333333333 7.999669999999999,78.59115333333334,78.59115333333334 7.9996816666666675,78.59185333333335,78.59185333333335 7.999698333333334,78.59255166666667,78.59255166666667 7.99972,78.59325000000001,78.59325000000001 7.999741666666667,78.59394833333333,78.59394833333333 7.999768333333333,78.59464666666666,78.59464666666666 7.999798333333333,78.59534500000001,78.59534500000001 7.999833333333333,78.59604333333333,78.59604333333333 7.9998733333333325,78.59674166666667,78.59674166666667 7.9999183333333335,78.59743999999999,78.59743999999999 7.999968333333334,78.59813833333332,78.59813833333332 8.000021666666669,78.59883666666667,78.59883666666667 8.000066666666667,78.59953666666668,78.59953666666668 8.000098333333334,78.60023666666666,78.60023666666666 8.000115,78.600935,78.600935 8.000121666666667,78.60163499999999,78.60163499999999 8.000115,78.60233333333333,78.60233333333333 8.000093333333332,78.60303333333333,78.60303333333333 8.00005666666667,78.60373166666668,78.60373166666668 8.000005,78.60443,78.60443 7.99994,78.60512833333334,78.60512833333334 7.999866666666667,78.60582666666666,78.60582666666666 7.999788333333333,78.60652333333334,78.60652333333334 7.999713333333332,78.60722000000001,78.60722000000001 7.999636666666667,78.60791666666667,78.60791666666667 7.999561666666667,78.60861333333332,78.60861333333332 7.999495,78.60931166666666,78.60931166666666 7.999440000000001,78.61001,78.61001 7.999396666666666,78.61071000000001,78.61071000000001 7.999366666666666,78.61140999999999,78.61140999999999 7.999350000000001,78.61211166666666,78.61211166666666 7.999343333333333,78.61281333333334,78.61281333333334 7.999346666666667,78.613515,78.613515 7.999358333333333,78.61422,78.61422 7.999381666666667,78.614925,78.614925 7.999413333333332,78.61563166666666,78.61563166666666 7.999448333333334,78.61633833333335,78.61633833333335 7.999479999999999,78.61704666666667,78.61704666666667 7.999508333333334,78.617755,78.617755 7.999536666666668,78.61846333333332,78.61846333333332 7.999565,78.61917333333334,78.61917333333334 7.999591666666666,78.61988166666666,78.61988166666666 7.9996166666666655,78.62059,78.62059 7.9996383333333325,78.62129833333333,78.62129833333333 7.9996616666666664,78.62200666666666,78.62200666666666 7.9996866666666655,78.62271333333332,78.62271333333332 7.999714999999999,78.62342000000001,78.62342000000001 7.999743333333334,78.62412833333333,78.62412833333333 7.999771666666667,78.62483499999999,78.62483499999999 7.999798333333333,78.62554166666668,78.62554166666668 7.999821666666667,78.62625,78.62625 7.999836666666665,78.62695833333333,78.62695833333333 7.999841666666666,78.62766666666666,78.62766666666666 7.999840000000001,78.628375,78.628375 7.999835,78.62908500000002,78.62908500000002 7.999828333333332,78.629795,78.629795 7.99982,78.63050666666666,78.63050666666666 7.999810000000001,78.63121833333334,78.63121833333334 7.999800000000001,78.63193000000001,78.63193000000001 7.999791666666667,78.63264333333333,78.63264333333333 7.999786666666667,78.63335666666667,78.63335666666667 7.999785,78.63407166666667,78.63407166666667 7.999786666666667,78.63478666666666,78.63478666666666 7.999791666666667,78.63550333333332,78.63550333333332 7.9998016666666665,78.63622,78.63622 7.999814999999999,78.63693666666666,78.63693666666666 7.999835,78.637655,78.637655 7.999858333333332,78.63837333333332,78.63837333333332 7.999885000000001,78.63909166666666,78.63909166666666 7.9999183333333335,78.63981000000001,78.63981000000001 7.999956666666666,78.64053000000001,78.64053000000001 7.999994999999998,78.64125,78.64125 8.000035,78.64197,78.64197 8.000071666666667,78.64268999999999,78.64268999999999 8.000105000000001,78.64341166666668,78.64341166666668 8.000135,78.64413166666665,78.64413166666665 8.00016,78.64485166666667,78.64485166666667 8.000181666666666,78.64557166666667,78.64557166666667 8.000199999999998,78.64629166666667,78.64629166666667 8.000218333333333,78.64701166666669,78.64701166666669 8.000233333333334,78.64773166666666,78.64773166666666 8.000245,78.64845166666667,78.64845166666667 8.000255000000001,78.64917333333334,78.64917333333334 8.000263333333335,78.649895,78.649895 8.000271666666668,78.65061666666668,78.65061666666668 8.000278333333332,78.65134,78.65134 8.000288333333334,78.65206333333333,78.65206333333333 8.000303333333335,78.65278833333333,78.65278833333333 8.000318333333333,78.65351500000001,78.65351500000001 8.000330000000002,78.65424,78.65424 8.000331666666668,78.65496666666665,78.65496666666665 8.000321666666668,78.65569166666667,78.65569166666667 8.000301666666665,78.65641666666667,78.65641666666667 8.000276666666666,78.65714166666666,78.65714166666666 8.000243333333332,78.65786666666665,78.65786666666665 8.000205000000001,78.65859166666667,78.65859166666667 8.000158333333333,78.65931666666667,78.65931666666667 8.000106666666667,78.66004,78.66004 8.000053333333332,78.66076500000001,78.66076500000001 7.999996666666667,78.66148833333334,78.66148833333334 7.999934999999999,78.66221166666665,78.66221166666665 7.9998700000000005,78.662935,78.662935 7.999810000000001,78.66365833333333,78.66365833333333 7.999753333333333,78.66438166666667,78.66438166666667 7.9997066666666665,78.665105,78.665105 7.999669999999999,78.66582833333332,78.66582833333332 7.999645,78.66655333333333,78.66655333333333 7.999633333333332,78.66727666666668,78.66727666666668 7.999631666666667,78.66800166666667,78.66800166666667 7.9996383333333325,78.66872833333332,78.66872833333332 7.999656666666667,78.66945333333334,78.66945333333334 7.9996866666666655,78.67018,78.67018 7.999726666666667,78.67090666666665,78.67090666666665 7.999776666666666,78.671635,78.671635 7.999835,78.67236333333334,78.67236333333334 7.999898333333335,78.67308999999999,78.67308999999999 7.999964999999999,78.67381833333333,78.67381833333333 8.000031666666667,78.67454833333333,78.67454833333333 8.000095,78.67527666666666,78.67527666666666 8.00016,78.67600666666667,78.67600666666667 8.000225,78.67673666666667,78.67673666666667 8.000291666666667,78.67746666666667,78.67746666666667 8.000361666666665,78.67819666666665,78.67819666666665 8.000435,78.67892666666665,78.67892666666665 8.000511666666666,78.67965333333333,78.67965333333333 8.000595000000002,78.68037999999999,78.68037999999999 8.000681666666665,78.68110666666666,78.68110666666666 8.000758333333332,78.68183166666667,78.68183166666667 8.000818333333333,78.68255666666668,78.68255666666668 8.000863333333333,78.68328166666667,78.68328166666667 8.000901666666667,78.68400666666666,78.68400666666666 8.000940000000002,78.68473,78.68473 8.000971666666668,78.68545333333333,78.68545333333333 8.001001666666665,78.68617666666668,78.68617666666668 8.001035000000002,78.68689833333333,78.68689833333333 8.001066666666665,78.68761833333333,78.68761833333333 8.001081666666666,78.68833833333333,78.68833833333333 8.00108,78.689055,78.689055 8.00106,78.68976833333333,78.68976833333333 8.001026666666668,78.69047833333333,78.69047833333333 8.000983333333332,78.69118833333334,78.69118833333334 8.00093,78.691895,78.691895 8.000868333333331,78.69260166666666,78.69260166666666 8.0008,78.69330833333335,78.69330833333335 8.000726666666667,78.69401333333334,78.69401333333334 8.000649999999998,78.69471833333334,78.69471833333334 8.000575,78.69542333333334,78.69542333333334 8.000499999999999,78.69612666666667,78.69612666666667 8.000423333333334,78.69683,78.69683 8.000345,78.69753166666668,78.69753166666668 8.000266666666665,78.69823333333335,78.69823333333335 8.000193333333334,78.69893333333333,78.69893333333333 8.000123333333333,78.699635,78.699635 8.000065000000001,78.70033499999998,78.70033499999998 8.000028333333333,78.70103499999999,78.70103499999999 8.000011666666667,78.70173666666666,78.70173666666666 8.000015000000001,78.70243833333333,78.70243833333333 8.00003,78.70314,78.70314 8.000051666666666,78.70384,78.70384 8.000083333333333,78.70453833333332,78.70453833333332 8.000123333333333,78.70523666666666,78.70523666666666 8.000165,78.70593333333332,78.70593333333332 8.000205000000001,78.70662833333334,78.70662833333334 8.000241666666666,78.70732166666666,78.70732166666666 8.000273333333332,78.70801166666666,78.70801166666666 8.000300000000001,78.70870166666668,78.70870166666668 8.000321666666668,78.70939,78.70939 8.000341666666666,78.71007666666667,78.71007666666667 8.000356666666667,78.71076166666667,78.71076166666667 8.000364999999999,78.711445,78.711445 8.000361666666665,78.71212833333334,78.71212833333334 8.000345,78.71281000000002,78.71281000000002 8.000318333333333,78.71349000000001,78.71349000000001 8.000278333333332,78.71417,78.71417 8.000226666666666,78.71484833333334,78.71484833333334 8.000166666666667,78.71552666666666,78.71552666666666 8.000103333333334,78.71620500000002,78.71620500000002 8.00004,78.71688000000002,78.71688000000002 7.99998,78.71755666666665,78.71755666666665 7.999924999999999,78.71823333333334,78.71823333333334 7.999876666666666,78.71891166666667,78.71891166666667 7.999840000000001,78.71959166666669,78.71959166666669 7.999811666666666,78.72027166666668,78.72027166666668 7.999795000000001,78.72095333333333,78.72095333333333 7.9997966666666676,78.72163499999999,78.72163499999999 7.999816666666667,78.72231666666667,78.72231666666667 7.999853333333334,78.72300000000001,78.72300000000001 7.999911666666666,78.72368499999999,78.72368499999999 7.999994999999998,78.72436833333332,78.72436833333332 8.000098333333334,78.72505166666666,78.72505166666666 8.000214999999999,78.72573333333334,78.72573333333334 8.000330000000002,78.72641666666667,78.72641666666667 8.000431666666666,78.72709666666665,78.72709666666665 8.000520000000002,78.72777833333333,78.72777833333333 8.000599999999999,78.72845833333335,78.72845833333335 8.000674999999998,78.72914,78.72914 8.00074,78.72982166666667,78.72982166666667 8.000784999999999,78.73050333333335,78.73050333333335 8.000793333333332,78.731185,78.731185 8.000748333333332,78.73186666666668,78.73186666666668 8.000626666666665,78.732545,78.732545 8.00042,78.73322333333334,78.73322333333334 8.000126666666667,78.73389999999999,78.73389999999999 7.999731666666666,78.73457666666667,78.73457666666667 7.999224999999999,78.73525166666667,78.73525166666667 7.998596666666667,78.73592333333333,78.73592333333333 7.997843333333333,78.73659166666665,78.73659166666665 7.996971666666668,78.73725499999999,78.73725499999999 7.995984999999999,78.73791333333332,78.73791333333332 7.994884999999999,78.73856333333335,78.73856333333335 7.993676666666666,78.739205,78.739205 7.992371666666665,78.73983833333334,78.73983833333334 7.990978333333334,78.74046499999999,78.74046499999999 7.989501666666666,78.74108166666666,78.74108166666666 7.987946666666666,78.74169166666667,78.74169166666667 7.986321666666667,78.74229166666666,78.74229166666666 7.984631666666667,78.74288333333332,78.74288333333332 7.982874999999999,78.743465,78.743465 7.9810516666666675,78.74403666666666,78.74403666666666 7.9791533333333335,78.74459666666667,78.74459666666667 7.977166666666666,78.74514166666667,78.74514166666667 7.975099999999999,78.74567333333331,78.74567333333331 7.972961666666667,78.74619166666668,78.74619166666668 7.970751666666667,78.74669666666668,78.74669666666668 7.968465,78.74718666666666,78.74718666666666 7.966096666666665,78.74766166666667,78.74766166666667 7.9636466666666665,78.74811833333332,78.74811833333332 7.961113333333333,78.74856,78.74856 7.9585,78.74898166666667,78.74898166666667 7.9558116666666665,78.74938333333333,78.74938333333333 7.953046666666666,78.74976500000001,78.74976500000001 7.950211666666667,78.750125,78.750125 7.947310000000001,78.75046333333333,78.75046333333333 7.944343333333333,78.75078166666667,78.75078166666667 7.941318333333334,78.75108166666666,78.75108166666666 7.938231666666667,78.75135833333334,78.75135833333334 7.935091666666666,78.75161333333334,78.75161333333334 7.931905000000001,78.75184500000002,78.75184500000002 7.928683333333334,78.75205333333334,78.75205333333334 7.925435000000001,78.75224333333334,78.75224333333334 7.9221683333333335,78.75241166666667,78.75241166666667 7.9188866666666655,78.75255999999999,78.75255999999999 7.9156,78.75268333333334,78.75268333333334 7.912308333333334,78.75278166666666,78.75278166666666 7.909010000000001,78.75286166666667,78.75286166666667 7.905703333333334,78.75292666666665,78.75292666666665 7.902381666666668,78.75297166666665,78.75297166666665 7.899046666666667,78.75299666666666,78.75299666666666 7.8957,78.75300333333334,78.75300333333334 7.892343333333334,78.75299666666666,78.75299666666666 7.888983333333335,78.75297833333335,78.75297833333335 7.885625000000001,78.75294833333334,78.75294833333334 7.882275000000001,78.75291166666666,78.75291166666666 7.878933333333333,78.752865,78.752865 7.875601666666667,78.75281333333334,78.75281333333334 7.872280000000001,78.75275333333335,78.75275333333335 7.868966666666668,78.75268833333332,78.75268833333332 7.865663333333333,78.75261833333333,78.75261833333333 7.862366666666666,78.752545,78.752545 7.859076666666667,78.75246833333334,78.75246833333334 7.855788333333334,78.75239166666667,78.75239166666667 7.852498333333333,78.75231666666667,78.75231666666667 7.8492099999999985,78.75224333333334,78.75224333333334 7.84592,78.75217166666665,78.75217166666665 7.8426300000000015,78.75210166666668,78.75210166666668 7.839341666666667,78.75203499999998,78.75203499999998 7.836053333333333,78.75197,78.75197 7.832761666666666,78.75191166666667,78.75191166666667 7.829466666666667,78.75186,78.75186 7.826164999999999,78.751815,78.751815 7.822856666666667,78.75177833333335,78.75177833333335 7.819541666666666,78.75174999999999,78.75174999999999 7.816221666666667,78.75172666666667,78.75172666666667 7.812896666666667,78.75170833333334,78.75170833333334 7.809566666666666,78.75169166666666,78.75169166666666 7.806229999999999,78.75167499999999,78.75167499999999 7.802885,78.75165833333334,78.75165833333334 7.79953,78.75164166666667,78.75164166666667 7.796158333333333,78.751625,78.751625 7.792766666666667,78.75161166666668,78.75161166666668 7.789361666666668,78.75159833333333,78.75159833333333 7.785941666666668,78.75159,78.75159 7.782508333333334,78.75158499999998,78.75158499999998 7.779061666666667,78.75158333333334,78.75158333333334 7.775598333333332,78.75158666666667,78.75158666666667 7.77212,78.75159666666667,78.75159666666667 7.768625,78.75161166666668,78.75161166666668 7.76512,78.75163166666667,78.75163166666667 7.7616016666666665,78.75165666666666,78.75165666666666 7.758076666666667,78.75168333333333,78.75168333333333 7.754543333333333,78.75171333333333,78.75171333333333 7.751001666666668,78.751745,78.751745 7.7474549999999995,78.75177833333335,78.75177833333335 7.743905000000001,78.75181166666667,78.75181166666667 7.740358333333335,78.75184333333333,78.75184333333333 7.736813333333333,78.75187333333332,78.75187333333332 7.733271666666668,78.75190166666665,78.75190166666665 7.729731666666667,78.751925,78.751925 7.726188333333333,78.75194833333332,78.75194833333332 7.722641666666668,78.75197,78.75197 7.71909,78.75199,78.75199 7.715533333333334,78.75201,78.75201 7.71197,78.75202833333333,78.75202833333333 7.708398333333335,78.75204666666667,78.75204666666667 7.704818333333333,78.75206666666666,78.75206666666666 7.70123,78.75208666666668,78.75208666666668 7.697635000000001,78.75210666666666,78.75210666666666 7.694035000000001,78.75212833333335,78.75212833333335 7.690428333333333,78.75215166666666,78.75215166666666 7.686820000000001,78.75217500000001,78.75217500000001 7.683208333333332,78.75219999999999,78.75219999999999 7.679593333333335,78.75222833333335,78.75222833333335 7.67598,78.75225666666665,78.75225666666665 7.672368333333333,78.75228666666668,78.75228666666668 7.668758333333333,78.75231500000001,78.75231500000001 7.665151666666666,78.752345,78.752345 7.6615433333333325,78.75237333333334,78.75237333333334 7.657938333333334,78.75240166666667,78.75240166666667 7.654331666666668,78.75242833333334,78.75242833333334 7.6507233333333335,78.75245499999998,78.75245499999998 7.647113333333333,78.75247999999999,78.75247999999999 7.6434999999999995,78.752505,78.752505 7.6398850000000005,78.75252833333334,78.75252833333334 7.636268333333334,78.75255166666668,78.75255166666668 7.632648333333332,78.75257333333333,78.75257333333333 7.629025,78.75259333333332,78.75259333333332 7.625401666666667,78.75261333333333,78.75261333333333 7.621776666666666,78.75263333333335,78.75263333333335 7.618148333333333,78.75265166666665,78.75265166666665 7.614520000000001,78.75267166666666,78.75267166666666 7.610886666666666,78.75269000000002,78.75269000000002 7.6072516666666665,78.75270833333335,78.75270833333335 7.6036133333333344,78.75272666666666,78.75272666666666 7.599973333333333,78.75274666666665,78.75274666666665 7.59633,78.75276500000001,78.75276500000001 7.5926849999999995,78.75278499999999,78.75278499999999 7.589036666666667,78.75280500000001,78.75280500000001 7.5853883333333325,78.75282666666666,78.75282666666666 7.581736666666666,78.75284833333332,78.75284833333332 7.578083333333333,78.75287,78.75287 7.574426666666666,78.75289166666667,78.75289166666667 7.570768333333332,78.75291333333332,78.75291333333332 7.567110000000001,78.75293499999998,78.75293499999998 7.5634500000000005,78.75295833333332,78.75295833333332 7.5597916666666665,78.75298,78.75298 7.556136666666666,78.75300166666665,78.75300166666665 7.552485,78.753025,78.753025 7.548838333333332,78.75304666666665,78.75304666666665 7.545194999999999,78.75306833333333,78.75306833333333 7.541556666666667,78.75309,78.75309 7.5379216666666675,78.75311166666668,78.75311166666668 7.534290000000001,78.75313333333334,78.75313333333334 7.53066,78.75315499999999,78.75315499999999 7.527033333333333,78.75317666666666,78.75317666666666 7.523405000000001,78.75319833333334,78.75319833333334 7.519776666666667,78.75322,78.75322 7.516146666666666,78.75323999999999,78.75323999999999 7.512511666666667,78.75326166666667,78.75326166666667 7.508875,78.75328166666668,78.75328166666668 7.505231666666666,78.75330333333333,78.75330333333333 7.50158,78.75332333333333,78.75332333333333 7.497919999999999,78.75334333333333,78.75334333333333 7.494253333333334,78.75336333333333,78.75336333333333 7.490576666666668,78.75338333333335,78.75338333333335 7.486891666666665,78.753405,78.753405 7.483198333333334,78.75342500000001,78.75342500000001 7.479498333333333,78.753445,78.753445 7.475790000000001,78.75346499999999,78.75346499999999 7.472079999999999,78.75348666666667,78.75348666666667 7.4683649999999995,78.75350666666668,78.75350666666668 7.464648333333335,78.75352666666664,78.75352666666664 7.460933333333333,78.75354666666667,78.75354666666667 7.4572183333333335,78.75356833333333,78.75356833333333 7.453504999999999,78.75358833333333,78.75358833333333 7.449795,78.75360999999998,78.75360999999998 7.446090000000001,78.75363166666666,78.75363166666666 7.442386666666666,78.75365166666667,78.75365166666667 7.438686666666666,78.75367500000002,78.75367500000002 7.434989999999999,78.75369666666667,78.75369666666667 7.431295,78.75371833333332,78.75371833333332 7.427601666666668,78.75374166666667,78.75374166666667 7.423911666666667,78.753765,78.753765 7.4202249999999985,78.75378833333332,78.75378833333332 7.4165416666666655,78.75381166666666,78.75381166666666 7.412860000000001,78.75383666666667,78.75383666666667 7.409181666666665,78.75385999999999,78.75385999999999 7.405505,78.753885,78.753885 7.401831666666667,78.75390833333333,78.75390833333333 7.398158333333334,78.75393166666667,78.75393166666667 7.394486666666667,78.75395333333333,78.75395333333333 7.390816666666665,78.75397500000001,78.75397500000001 7.387146666666666,78.75399666666667,78.75399666666667 7.383476666666667,78.75401666666667,78.75401666666667 7.379806666666667,78.75403666666666,78.75403666666666 7.376135,78.75405666666666,78.75405666666666 7.372465,78.75407333333334,78.75407333333334 7.368793333333334,78.75409166666667,78.75409166666667 7.365121666666666,78.75410833333333,78.75410833333333 7.3614500000000005,78.75412333333333,78.75412333333333 7.357776666666665,78.75413833333333,78.75413833333333 7.354103333333334,78.75415166666666,78.75415166666666 7.350429999999999,78.754165,78.754165 7.346754999999999,78.75417833333333,78.75417833333333 7.343078333333334,78.75419166666667,78.75419166666667 7.339401666666667,78.754205,78.754205 7.335725,78.75421833333333,78.75421833333333 7.332048333333333,78.75423166666667,78.75423166666667 7.32837,78.75424500000001,78.75424500000001 7.324693333333332,78.75426,78.75426 7.321016666666665,78.75427666666666,78.75427666666666 7.317341666666666,78.75429333333332,78.75429333333332 7.313668333333334,78.75430999999999,78.75430999999999 7.309996666666666,78.75433,78.75433 7.306328333333332,78.75435166666665,78.75435166666665 7.302665,78.754375,78.754375 7.299004999999999,78.7544,78.7544 7.295349999999999,78.75442500000001,78.75442500000001 7.2917,78.75445166666665,78.75445166666665 7.288055000000001,78.75447833333332,78.75447833333332 7.284413333333333,78.754505,78.754505 7.280776666666666,78.75453333333333,78.75453333333333 7.277143333333334,78.75456,78.75456 7.273513333333333,78.75458833333333,78.75458833333333 7.269884999999999,78.75461333333332,78.75461333333332 7.266256666666667,78.75463833333333,78.75463833333333 7.26263,78.75466166666668,78.75466166666668 7.259001666666667,78.75468333333333,78.75468333333333 7.255371666666668,78.75470166666666,78.75470166666666 7.251741666666667,78.75472,78.75472 7.248110000000001,78.75473666666667,78.75473666666667 7.24448,78.75475166666666,78.75475166666666 7.240846666666665,78.75476666666667,78.75476666666667 7.237213333333333,78.75477833333333,78.75477833333333 7.23358,78.75479000000001,78.75479000000001 7.229941666666667,78.75479833333333,78.75479833333333 7.226301666666666,78.75480833333333,78.75480833333333 7.222658333333334,78.754815,78.754815 7.219011666666667,78.75482333333333,78.75482333333333 7.2153616666666665,78.75482999999998,78.75482999999998 7.211708333333333,78.75483833333332,78.75483833333332 7.208051666666667,78.75484666666665,78.75484666666665 7.204391666666666,78.75485666666668,78.75485666666668 7.200728333333331,78.75486666666667,78.75486666666667 7.197061666666667,78.75487833333334,78.75487833333334 7.193393333333334,78.75489,78.75489 7.189723333333334,78.75490166666665,78.75490166666665 7.186051666666667,78.75491333333332,78.75491333333332 7.18238,78.754925,78.754925 7.178708333333333,78.75493666666667,78.75493666666667 7.175036666666666,78.75494833333333,78.75494833333333 7.171363333333334,78.75496166666667,78.75496166666667 7.167691666666667,78.754975,78.754975 7.164018333333333,78.75499,78.75499 7.160343333333333,78.75500666666667,78.75500666666667 7.156668333333332,78.75502499999999,78.75502499999999 7.152993333333334,78.75504500000001,78.75504500000001 7.149316666666666,78.75506833333333,78.75506833333333 7.145638333333333,78.75509166666667,78.75509166666667 7.141960000000001,78.75511833333333,78.75511833333333 7.138281666666667,78.75514666666666,78.75514666666666 7.134603333333334,78.75517666666666,78.75517666666666 7.1309216666666675,78.75520666666667,78.75520666666667 7.1272416666666665,78.75523833333332,78.75523833333332 7.1235616666666655,78.75527000000001,78.75527000000001 7.119880000000001,78.75530166666667,78.75530166666667 7.116198333333333,78.75533166666666,78.75533166666666 7.112516666666666,78.75536166666669,78.75536166666669 7.108836666666667,78.75539000000002,78.75539000000002 7.105155000000001,78.755415,78.755415 7.101475,78.75544000000001,78.75544000000001 7.0977950000000005,78.75546166666666,78.75546166666666 7.094116666666668,78.75548166666667,78.75548166666667 7.090436666666666,78.7555,78.7555 7.086760000000001,78.755515,78.755515 7.0830850000000005,78.75553166666668,78.75553166666668 7.079411666666666,78.75554666666666,78.75554666666666 7.075738333333335,78.75556166666668,78.75556166666668 7.072068333333333,78.755575,78.755575 7.068398333333333,78.75559000000001,78.75559000000001 7.064729999999999,78.75560166666666,78.75560166666666 7.061063333333333,78.75561333333333,78.75561333333333 7.057398333333333,78.755625,78.755625 7.0537333333333345,78.75563499999998,78.75563499999998 7.05007,78.75564500000002,78.75564500000002 7.046405000000001,78.75565499999999,78.75565499999999 7.042739999999999,78.75566500000001,78.75566500000001 7.039073333333333,78.75567666666667,78.75567666666667 7.035404999999999,78.75568833333332,78.75568833333332 7.031734999999999,78.75569999999999,78.75569999999999 7.028063333333333,78.755715,78.755715 7.02439,78.75572999999999,78.75572999999999 7.020715,78.75574666666665,78.75574666666665 7.017039999999999,78.75576500000001,78.75576500000001 7.013363333333333,78.75578333333333,78.75578333333333 7.009684999999999,78.75580333333335,78.75580333333335 7.006006666666667,78.75582333333334,78.75582333333334 7.002326666666666,78.75584333333335,78.75584333333335 6.998645,78.755865,78.755865 6.994963333333334,78.75588499999999,78.75588499999999 6.991283333333333,78.755905,78.755905 6.9876016666666665,78.75592333333333,78.75592333333333 6.98392,78.75594333333332,78.75594333333332 6.980236666666667,78.75596166666666,78.75596166666666 6.976556666666666,78.75598166666668,78.75598166666668 6.972876666666667,78.75599999999999,78.75599999999999 6.969198333333332,78.75601833333333,78.75601833333333 6.96552,78.75603666666666,78.75603666666666 6.961844999999999,78.75605499999999,78.75605499999999 6.95817,78.756075,78.756075 6.9544983333333334,78.75609333333333,78.75609333333333 6.950826666666667,78.75611166666665,78.75611166666665 6.947156666666666,78.75613,78.75613 6.943488333333333,78.75614666666667,78.75614666666667 6.939819999999998,78.756165,78.756165 6.936153333333334,78.75618166666668,78.75618166666668 6.932488333333333,78.7562,78.7562 6.928825,78.75621666666666,78.75621666666666 6.925165000000001,78.75623333333333,78.75623333333333 6.921506666666667,78.75625,78.75625 6.9178516666666665,78.75626833333334,78.75626833333334 6.9142,78.75628666666667,78.75628666666667 6.910550000000001,78.75630333333334,78.75630333333334 6.906905,78.75632000000002,78.75632000000002 6.903261666666666,78.75633833333332,78.75633833333332 6.8996200000000005,78.75635666666668,78.75635666666668 6.895981666666668,78.75637333333333,78.75637333333333 6.8923466666666675,78.75639,78.75639 6.888716666666666,78.75640833333334,78.75640833333334 6.885088333333335,78.75642500000001,78.75642500000001 6.881463333333333,78.75644000000001,78.75644000000001 6.877841666666666,78.75645333333334,78.75645333333334 6.874223333333333,78.75646666666667,78.75646666666667 6.87061,78.75647999999998,78.75647999999998 6.867001666666665,78.75649166666668,78.75649166666668 6.863395000000001,78.75650166666667,78.75650166666667 6.859795000000001,78.75651,78.75651 6.856198333333333,78.75651833333335,78.75651833333335 6.852605,78.756525,78.756525 6.849015000000001,78.75653166666666,78.75653166666666 6.845428333333332,78.75653833333334,78.75653833333334 6.841843333333332,78.75654333333333,78.75654333333333 6.83826,78.75655,78.75655 6.834676666666667,78.75655666666667,78.75655666666667 6.8310949999999995,78.75656500000001,78.75656500000001 6.827511666666667,78.75657500000001,78.75657500000001 6.823928333333333,78.75658666666666,78.75658666666666 6.820341666666667,78.75660166666665,78.75660166666665 6.816753333333333,78.75661666666666,78.75661666666666 6.813163333333334,78.75663333333334,78.75663333333334 6.80957,78.75665000000001,78.75665000000001 6.805975000000001,78.75666833333334,78.75666833333334 6.8023799999999985,78.75668499999999,78.75668499999999 6.798785,78.7567,78.7567 6.795188333333334,78.75671666666668,78.75671666666668 6.791591666666666,78.75672999999999,78.75672999999999 6.787995000000001,78.75674500000001,78.75674500000001 6.784398333333334,78.75675666666666,78.75675666666666 6.780803333333333,78.75676833333333,78.75676833333333 6.777210000000001,78.75677999999999,78.75677999999999 6.773616666666667,78.75679000000001,78.75679000000001 6.7700233333333335,78.75680000000001,78.75680000000001 6.766430000000001,78.75680833333332,78.75680833333332 6.762838333333334,78.75681666666665,78.75681666666665 6.759243333333335,78.75682333333333,78.75682333333333 6.755648333333332,78.75683000000001,78.75683000000001 6.752051666666667,78.75683666666667,78.75683666666667 6.748451666666667,78.75684500000001,78.75684500000001 6.7448483333333344,78.75685333333332,78.75685333333332 6.741243333333334,78.75686333333333,78.75686333333333 6.737633333333334,78.75687500000001,78.75687500000001 6.734021666666666,78.75688666666667,78.75688666666667 6.730406666666667,78.75689999999999,78.75689999999999 6.726788333333334,78.756915,78.756915 6.723168333333333,78.75693166666667,78.75693166666667 6.719546666666668,78.75694666666666,78.75694666666666 6.715923333333334,78.75696333333333,78.75696333333333 6.712300000000001,78.75698,78.75698 6.708675,78.75699666666665,78.75699666666665 6.705048333333334,78.75701166666666,78.75701166666666 6.7014233333333335,78.75702666666668,78.75702666666668 6.697798333333333,78.75704333333334,78.75704333333334 6.6941749999999995,78.75705833333333,78.75705833333333 6.690556666666667,78.75707166666665,78.75707166666665 6.686940000000001,78.757085,78.757085 6.683326666666666,78.75709666666665,78.75709666666665 6.679716666666668,78.75710833333332,78.75710833333332 6.6761083333333335,78.75712166666666,78.75712166666666 6.672503333333332,78.75713333333333,78.75713333333333 6.668900000000001,78.75714666666666,78.75714666666666 6.6653,78.75715833333334,78.75715833333334 6.661701666666666,78.75717,78.75717 6.658103333333335,78.75718166666668,78.75718166666668 6.654508333333332,78.75719500000001,78.75719500000001 6.6509166666666655,78.75720833333332,78.75720833333332 6.647325,78.75722333333334,78.75722333333334 6.6437366666666655,78.75723666666666,78.75723666666666 6.640148333333334,78.75725166666668,78.75725166666668 6.636565,78.75726500000002,78.75726500000002 6.632981666666666,78.75727666666666,78.75727666666666 6.629401666666666,78.75728666666667,78.75728666666667 6.625823333333333,78.75729500000001,78.75729500000001 6.622248333333332,78.75730166666666,78.75730166666666 6.6186733333333345,78.75730666666668,78.75730666666668 6.615099999999999,78.75731,78.75731 6.611528333333333,78.75731166666667,78.75731166666667 6.6079550000000005,78.75731333333333,78.75731333333333 6.604383333333334,78.75731333333333,78.75731333333333 6.600808333333333,78.757315,78.757315 6.597235,78.757315,78.757315 6.593658333333334,78.75731666666667,78.75731666666667 6.590080000000001,78.75731833333333,78.75731833333333 6.586500000000001,78.75731999999999,78.75731999999999 6.582915,78.75732333333335,78.75732333333335 6.579326666666666,78.75732666666667,78.75732666666667 6.575734999999999,78.75733166666669,78.75733166666669 6.572139999999999,78.75733500000001,78.75733500000001 6.5685416666666665,78.75734000000001,78.75734000000001 6.564941666666665,78.757345,78.757345 6.561338333333333,78.75734999999999,78.75734999999999 6.557733333333334,78.757355,78.757355 6.554128333333333,78.75735999999999,78.75735999999999 6.550520000000001,78.75736500000001,78.75736500000001 6.5469133333333325,78.75736833333333,78.75736833333333 6.543305,78.75737166666666,78.75737166666666 6.539698333333332,78.757375,78.757375 6.536091666666667,78.75737833333332,78.75737833333332 6.532485,78.75737999999998,78.75737999999998 6.528878333333334,78.75738333333334,78.75738333333334 6.525271666666667,78.757385,78.757385 6.521663333333334,78.75738833333332,78.75738833333332 6.518053333333334,78.75739333333334,78.75739333333334 6.5144433333333325,78.7574,78.7574 6.51083,78.75741000000001,78.75741000000001 6.507215,78.75742000000001,78.75742000000001 6.5035983333333345,78.75743499999999,78.75743499999999 6.499978333333333,78.75745166666667,78.75745166666667 6.496356666666666,78.75747166666666,78.75747166666666 6.492733333333333,78.75749333333334,78.75749333333334 6.489108333333334,78.75751666666666,78.75751666666666 6.485481666666668,78.75754166666667,78.75754166666667 6.4818533333333335,78.75756666666666,78.75756666666666 6.478224999999999,78.75759333333333,78.75759333333333 6.474595,78.75761833333334,78.75761833333334 6.470966666666667,78.75764166666666,78.75764166666666 6.467336666666667,78.757665,78.757665 6.463706666666666,78.757685,78.757685 6.460078333333334,78.757705,78.757705 6.4564483333333325,78.75772166666667,78.75772166666667 6.452818333333333,78.75773833333332,78.75773833333332 6.44919,78.75775166666666,78.75775166666666 6.44556,78.757765,78.757765 6.441930000000001,78.75777500000001,78.75777500000001 6.4383,78.75778666666668,78.75778666666668 6.434668333333333,78.757795,78.757795 6.4310366666666665,78.757805,78.757805 6.427405000000001,78.75781500000001,78.75781500000001 6.423773333333332,78.75782333333333,78.75782333333333 6.420141666666665,78.75783333333334,78.75783333333334 6.416511666666666,78.75784166666668,78.75784166666668 6.412881666666667,78.75784999999999,78.75784999999999 6.409251666666668,78.75785833333332,78.75785833333332 6.405624999999999,78.75786666666666,78.75786666666666 6.402,78.757875,78.757875 6.398376666666667,78.75788333333333,78.75788333333333 6.394756666666665,78.75789,78.75789 6.391138333333334,78.75789666666665,78.75789666666665 6.387520000000001,78.75790333333333,78.75790333333333 6.383905,78.75791,78.75791 6.3802900000000005,78.75791666666667,78.75791666666667 6.376675,78.75792333333335,78.75792333333335 6.373061666666666,78.75793,78.75793 6.369448333333334,78.75793833333333,78.75793833333333 6.3658366666666675,78.757945,78.757945 6.3622250000000005,78.75795166666666,78.75795166666666 6.3586149999999995,78.75795666666667,78.75795666666667 6.355004999999999,78.75796333333332,78.75796333333332 6.351396666666666,78.75796833333332,78.75796833333332 6.347788333333334,78.75797166666665,78.75797166666665 6.344181666666666,78.75797666666666,78.75797666666666 6.340576666666667,78.75797999999999,78.75797999999999 6.336971666666666,78.75798166666668,78.75798166666668 6.333370000000001,78.75798333333334,78.75798333333334 6.32977,78.75798333333334,78.75798333333334 6.326171666666666,78.75798333333334,78.75798333333334 6.3225750000000005,78.75798166666668,78.75798166666668 6.318981666666667,78.75797999999999,78.75797999999999 6.315391666666667,78.757975,78.757975 6.311801666666665,78.75797333333334,78.75797333333334 6.308213333333334,78.75797166666665,78.75797166666665 6.3046266666666675,78.75796999999999,78.75796999999999 6.3010399999999995,78.75796999999999,78.75796999999999 6.297455,78.75796999999999,78.75796999999999 6.293871666666667,78.75796999999999,78.75796999999999 6.290291666666667,78.75797166666665,78.75797166666665 6.286711666666668,78.75797333333334,78.75797333333334 6.283133333333335,78.757975,78.757975 6.279556666666667,78.75797666666666,78.75797666666666 6.275980000000001,78.75797833333333,78.75797833333333 6.272405,78.75798166666668,78.75798166666668 6.268831666666667,78.757985,78.757985 6.265258333333332,78.75798833333333,78.75798833333333 6.261685,78.75799166666667,78.75799166666667 6.258111666666667,78.75799666666666,78.75799666666666 6.254536666666667,78.75800166666667,78.75800166666667 6.250961666666665,78.758005,78.758005 6.247383333333333,78.75801000000001,78.75801000000001 6.243804999999999,78.758015,78.758015 6.240225000000001,78.75802,78.75802 6.236643333333333,78.75802666666665,78.75802666666665 6.233061666666667,78.75803166666667,78.75803166666667 6.2294800000000015,78.75803666666668,78.75803666666668 6.225896666666667,78.75804333333333,78.75804333333333 6.222313333333333,78.75804666666666,78.75804666666666 6.218728333333333,78.75805166666666,78.75805166666666 6.215144999999999,78.75805666666668,78.75805666666668 6.211561666666668,78.75806166666666,78.75806166666666 6.207978333333334,78.75806500000002,78.75806500000002 6.204395,78.75807,78.75807 6.20081,78.75807333333334,78.75807333333334 6.1972233333333335,78.75807833333333,78.75807833333333 6.193636666666667,78.75808333333332,78.75808333333332 6.1900450000000005,78.75808833333333,78.75808833333333 6.1864550000000005,78.75809333333335,78.75809333333335 6.182861666666668,78.75809833333334,78.75809833333334 6.179270000000001,78.75810333333334,78.75810333333334 6.175676666666667,78.75810999999999,78.75810999999999 6.172085,78.75811666666667,78.75811666666667 6.168493333333333,78.75812333333334,78.75812333333334 6.164901666666666,78.75813,78.75813 6.1613083333333325,78.75813833333332,78.75813833333332 6.157716666666666,78.75814833333335,78.75814833333335 6.154123333333332,78.75815666666668,78.75815666666668 6.15053,78.75816666666665,78.75816666666665 6.146938333333333,78.75817666666666,78.75817666666666 6.143346666666668,78.758185,78.758185 6.139753333333334,78.75819333333332,78.75819333333332 6.136161666666667,78.75820166666666,78.75820166666666 6.132571666666667,78.75820833333334,78.75820833333334 6.128981666666665,78.758215,78.758215 6.125393333333334,78.75822,78.75822 6.121806666666666,78.75822333333335,78.75822333333335 6.118221666666667,78.75822666666667,78.75822666666667 6.114640000000001,78.75823,78.75823 6.11106,78.75823333333332,78.75823333333332 6.10748,78.75823666666668,78.75823666666668 6.103904999999999,78.75824166666666,78.75824166666666 6.1003316666666665,78.75824666666666,78.75824666666666 6.096761666666667,78.75825333333334,78.75825333333334 6.093196666666667,78.75826166666668,78.75826166666668 6.0896349999999995,78.75827,78.75827 6.086078333333333,78.75827833333332,78.75827833333332 6.082525,78.75828666666666,78.75828666666666 6.078973333333332,78.758295,78.758295 6.075425,78.75830333333333,78.75830333333333 6.071878333333332,78.75831166666667,78.75831166666667 6.068331666666667,78.75832000000001,78.75832000000001 6.064786666666667,78.75832666666666,78.75832666666666 6.06124,78.75833499999999,78.75833499999999 6.057691666666666,78.75834166666667,78.75834166666667 6.054141666666667,78.75834833333334,78.75834833333334 6.05059,78.75835333333333,78.75835333333333 6.047036666666666,78.75835666666667,78.75835666666667 6.0434833333333335,78.75836,78.75836 6.039928333333334,78.75836333333332,78.75836333333332 6.0363733333333345,78.75836333333332,78.75836333333332 6.032818333333333,78.75836333333332,78.75836333333332 6.029261666666667,78.75836333333332,78.75836333333332 6.025706666666667,78.75836166666666,78.75836166666666 6.022151666666668,78.75836,78.75836 6.018596666666666,78.75835833333333,78.75835833333333 6.015043333333334,78.75835666666667,78.75835666666667 6.011491666666665,78.758355,78.758355 6.00794,78.75835333333333,78.75835333333333 6.004390000000001,78.75835166666667,78.75835166666667 6.000839999999999,78.75835000000001,78.75835000000001 5.9972916666666665,78.75835000000001,78.75835000000001 5.993745,78.75834833333334,78.75834833333334 5.990200000000001,78.75834666666665,78.75834666666665 5.986653333333334,78.75834499999999,78.75834499999999 5.98311,78.75834499999999,78.75834499999999 5.979565,78.75834333333333,78.75834333333333 5.976021666666666,78.75834333333333,78.75834333333333 5.972478333333333,78.75834333333333,78.75834333333333 5.968933333333333,78.75834499999999,78.75834499999999 5.965390000000001,78.75834499999999,78.75834499999999 5.961846666666665,78.75834833333334,78.75834833333334 5.958303333333334,78.75835000000001,78.75835000000001 5.954760000000001,78.758355,78.758355 5.951216666666667,78.75836,78.75836 5.947671666666667,78.75836833333334,78.75836833333334 5.9441283333333335,78.75837833333334,78.75837833333334 5.9405850000000004,78.75838833333333,78.75838833333333 5.9370416666666666,78.7584,78.7584 5.9335,78.75841333333332,78.75841333333332 5.92996,78.758425,78.758425 5.926423333333333,78.75844000000001,78.75844000000001 5.922889999999999,78.75845166666667,78.75845166666667 5.919358333333335,78.75846333333334,78.75846333333334 5.915828333333333,78.75847499999999,78.75847499999999 5.912301666666668,78.75848333333333,78.75848333333333 5.908775000000001,78.75849166666667,78.75849166666667 5.905250000000001,78.75849833333334,78.75849833333334 5.901726666666667,78.75850166666666,78.75850166666666 5.898203333333334,78.75850166666666,78.75850166666666 5.894683333333333,78.75849833333334,78.75849833333334 5.891165000000001,78.75849333333333,78.75849333333333 5.887648333333335,78.75848333333333,78.75848333333333 5.884131666666668,78.75847333333333,78.75847333333333 5.880613333333334,78.75846166666668,78.75846166666668 5.877095000000001,78.75844833333335,78.75844833333335 5.873573333333333,78.758435,78.758435 5.870048333333333,78.75842333333334,78.75842333333334 5.866521666666666,78.75841166666667,78.75841166666667 5.862991666666666,78.75840166666666,78.75840166666666 5.859456666666667,78.75839333333334,78.75839333333334 5.8559183333333324,78.75838666666667,78.75838666666667 5.852376666666667,78.75838166666668,78.75838166666668 5.84883,78.75837833333334,78.75837833333334 5.845278333333332,78.75837499999999,78.75837499999999 5.8417216666666665,78.75837499999999,78.75837499999999 5.838159999999999,78.75837666666668,78.75837666666668 5.834591666666668,78.75838,78.75838 5.8310200000000005,78.758385,78.758385 5.827443333333335,78.75839166666665,78.75839166666665 5.823865000000001,78.7584,78.7584 5.820283333333333,78.75840833333334,78.75840833333334 5.816699999999999,78.758415,78.758415 5.813118333333334,78.75842333333334,78.75842333333334 5.8095349999999994,78.75843166666668,78.75843166666668 5.805955,78.75843833333333,78.75843833333333 5.8023766666666665,78.75844666666666,78.75844666666666 5.798798333333333,78.75845166666667,78.75845166666667 5.7952233333333325,78.75845833333332,78.75845833333332 5.79165,78.75846333333334,78.75846333333334 5.788076666666666,78.75846666666666,78.75846666666666 5.784504999999999,78.75847166666667,78.75847166666667 5.7809333333333335,78.75847499999999,78.75847499999999 5.777361666666667,78.75847833333334,78.75847833333334 5.773788333333332,78.75848166666667,78.75848166666667 5.770213333333333,78.758485,78.758485 5.766638333333332,78.75848666666668,78.75848666666668 5.763061666666666,78.75849000000001,78.75849000000001 5.7594850000000015,78.75849166666667,78.75849166666667 5.755906666666668,78.75849333333333,78.75849333333333 5.752326666666667,78.758495,78.758495 5.7487466666666664,78.75849833333334,78.75849833333334 5.745164999999999,78.7585,78.7585 5.741581666666667,78.75850333333332,78.75850333333332 5.738,78.75850666666668,78.75850666666668 5.734416666666668,78.75851,78.75851 5.730834999999999,78.75851166666666,78.75851166666666 5.727251666666666,78.75851500000002,78.75851500000002 5.723671666666667,78.75851500000002,78.75851500000002 5.720091666666667,78.75851666666668,78.75851666666668 5.716515,78.75851500000002,78.75851500000002 5.712938333333333,78.75851333333333,78.75851333333333 5.709363333333332,78.75850833333334,78.75850833333334 5.705788333333334,78.75850333333332,78.75850333333332 5.702214999999999,78.75849833333334,78.75849833333334 5.698640000000001,78.75849333333333,78.75849333333333 5.695065,78.75848666666668,78.75848666666668 5.691488333333332,78.75847999999998,78.75847999999998 5.687909999999999,78.75847499999999,78.75847499999999 5.684333333333333,78.75846833333334,78.75846833333334 5.6807549999999996,78.75846166666668,78.75846166666668 5.677174999999999,78.75845666666669,78.75845666666669 5.673595000000001,78.75844999999998,78.75844999999998 5.6700133333333325,78.758445,78.758445 5.66643,78.75843833333333,78.75843833333333 5.662846666666666,78.75843333333334,78.75843333333334 5.65926,78.75842999999999,78.75842999999999 5.6556750000000005,78.75842666666667,78.75842666666667 5.652091666666667,78.758425,78.758425 5.648506666666666,78.75842333333334,78.75842333333334 5.644923333333332,78.758425,78.758425 5.6413416666666665,78.75842666666667,78.75842666666667 5.63776,78.75842999999999,78.75842999999999 5.63418,78.758435,78.758435 5.630603333333332,78.75844000000001,78.75844000000001 5.627026666666666,78.75844666666666,78.75844666666666 5.623454999999999,78.75845333333334,78.75845333333334 5.619883333333333,78.75846000000001,78.75846000000001 5.616315,78.758465,78.758465 5.612748333333333,78.75847,78.75847 5.609183333333334,78.75847499999999,78.75847499999999 5.605618333333333,78.75847999999998,78.75847999999998 5.602054999999999,78.758485,78.758485 5.598493333333332,78.75849000000001,78.75849000000001 5.5949316666666675,78.75849333333333,78.75849333333333 5.591373333333333,78.758495,78.758495 5.587818333333334,78.758495,78.758495 5.5842633333333325,78.75849333333333,78.75849333333333 5.58071,78.75849000000001,78.75849000000001 5.577158333333334,78.758485,78.758485 5.573605,78.75847833333334,78.75847833333334 5.570051666666666,78.75847333333333,78.75847333333333 5.5664983333333335,78.758465,78.758465 5.562943333333334,78.75845666666669,78.75845666666669 5.5593916666666665,78.75844666666666,78.75844666666666 5.555838333333332,78.75843666666667,78.75843666666667 5.552288333333333,78.758425,78.758425 5.548741666666666,78.75841166666667,78.75841166666667 5.545196666666667,78.75839666666667,78.75839666666667 5.541654999999999,78.75838333333333,78.75838333333333 5.5381149999999995,78.75837,78.75837 5.534576666666668,78.75835833333333,78.75835833333333 5.53104,78.75834833333334,78.75834833333334 5.527505,78.75834,78.75834 5.523971666666667,78.75833499999999,78.75833499999999 5.520436666666666,78.75833166666666,78.75833166666666 5.516901666666667,78.75832999999999,78.75832999999999 5.513365000000001,78.75832999999999,78.75832999999999 5.509826666666668,78.75833333333333,78.75833333333333 5.506288333333333,78.75833666666668,78.75833666666668 5.502748333333334,78.75834166666667,78.75834166666667 5.499208333333334,78.75834499999999,78.75834499999999 5.495666666666666,78.75834666666665,78.75834666666665 5.492125000000001,78.75834833333334,78.75834833333334 5.4885833333333345,78.75835000000001,78.75835000000001 5.485041666666666,78.75835000000001,78.75835000000001 5.4815,78.75834833333334,78.75834833333334 5.4779599999999995,78.75834666666665,78.75834666666665 5.474418333333333,78.75834499999999,78.75834499999999 5.470878333333333,78.75834499999999,78.75834499999999 5.46734,78.75834333333333,78.75834333333333 5.463805,78.75834166666667,78.75834166666667 5.460271666666667,78.75833833333331,78.75833833333331 5.456745000000001,78.75833666666668,78.75833666666668 5.453223333333333,78.75833333333333,78.75833333333333 5.449708333333334,78.75832999999999,78.75832999999999 5.4461966666666655,78.75832666666666,78.75832666666666 5.442691666666668,78.758325,78.758325 5.439191666666667,78.75832000000001,78.75832000000001 5.435696666666667,78.75831666666666,78.75831666666666 5.432205000000001,78.75831000000001,78.75831000000001 5.42872,78.75830333333333,78.75830333333333 5.425238333333334,78.75829666666667,78.75829666666667 5.421761666666667,78.75828833333333,78.75828833333333 5.418286666666668,78.75827999999998,78.75827999999998 5.414813333333332,78.75827166666666,78.75827166666666 5.411345000000001,78.75826166666668,78.75826166666668 5.407875,78.75825333333334,78.75825333333334 5.4044066666666675,78.75824333333334,78.75824333333334 5.400940000000001,78.75823333333332,78.75823333333332 5.397473333333333,78.75822333333335,78.75822333333335 5.394008333333333,78.75821333333333,78.75821333333333 5.390543333333333,78.75820166666666,78.75820166666666 5.387076666666666,78.75819,78.75819 5.383606666666665,78.75817833333335,78.75817833333335 5.380133333333334,78.75816833333334,78.75816833333334 5.3766566666666655,78.75816,78.75816 5.373174999999999,78.75815166666668,78.75815166666668 5.36969,78.758145,78.758145 5.366199999999999,78.75814000000001,78.75814000000001 5.362704999999999,78.75813666666666,78.75813666666666 5.359206666666667,78.758135,78.758135 5.355705000000001,78.75813333333333,78.75813333333333 5.352201666666668,78.75813333333333,78.75813333333333 5.348698333333335,78.758135,78.758135 5.345194999999999,78.758135,78.758135 5.3416933333333345,78.758135,78.758135 5.338191666666668,78.758135,78.758135 5.334693333333333,78.75813333333333,78.75813333333333 5.331195,78.75813166666667,78.75813166666667 5.3277,78.75812666666667,78.75812666666667 5.324206666666667,78.75812333333334,78.75812333333334 5.320713333333333,78.75811833333333,78.75811833333333 5.317223333333334,78.758115,78.758115 5.313731666666666,78.75810999999999,78.75810999999999 5.3102383333333325,78.75810499999999,78.75810499999999 5.306741666666667,78.75810166666666,78.75810166666666 5.30324,78.75809666666667,78.75809666666667 5.29973,78.75809333333335,78.75809333333335 5.296211666666666,78.75809166666666,78.75809166666666 5.2926883333333326,78.75808833333333,78.75808833333333 5.289158333333333,78.75808666666667,78.75808666666667 5.285621666666667,78.75808500000001,78.75808500000001 5.282081666666667,78.75808333333332,78.75808333333332 5.2785383333333336,78.75808166666668,78.75808166666668 5.274991666666667,78.75807999999999,78.75807999999999 5.271441666666667,78.75807666666667,78.75807666666667 5.267891666666666,78.75807333333334,78.75807333333334 5.264338333333334,78.75806833333334,78.75806833333334 5.260784999999999,78.75806166666666,78.75806166666666 5.257228333333335,78.75805333333332,78.75805333333332 5.253671666666666,78.758045,78.758045 5.250116666666666,78.75803499999999,78.75803499999999 5.246565,78.75802499999999,78.75802499999999 5.243016666666667,78.758015,78.758015 5.239473333333333,78.75800333333333,78.75800333333333 5.235933333333332,78.75799166666667,78.75799166666667 5.232398333333332,78.75798166666668,78.75798166666668 5.228866666666667,78.75797166666665,78.75797166666665 5.22534,78.75796166666667,78.75796166666667 5.221815,78.75795333333335,78.75795333333335 5.218295000000001,78.75794666666667,78.75794666666667 5.214774999999999,78.75793999999999,78.75793999999999 5.211258333333333,78.757935,78.757935 5.207741666666667,78.75793,78.75793 5.204225,78.75792666666668,78.75792666666668 5.200706666666668,78.75792333333335,78.75792333333335 5.197188333333333,78.75792166666666,78.75792166666666 5.193668333333334,78.75792,78.75792 5.190145000000001,78.75791833333334,78.75791833333334 5.18662,78.75791666666667,78.75791666666667 5.183091666666666,78.75791500000001,78.75791500000001 5.17956,78.75791166666666,78.75791166666666 5.176025,78.75790666666667,78.75790666666667 5.172485,78.75790166666667,78.75790166666667 5.168941666666667,78.75789499999999,78.75789499999999 5.165394999999999,78.75788833333331,78.75788833333331 5.161844999999999,78.75787833333334,78.75787833333334 5.158291666666666,78.75787000000001,78.75787000000001 5.1547366666666665,78.75786000000001,78.75786000000001 5.151176666666666,78.75784999999999,78.75784999999999 5.147614999999999,78.75784166666668,78.75784166666668 5.14405,78.75783166666668,78.75783166666668 5.140481666666667,78.75782333333333,78.75782333333333 5.136913333333333,78.75781500000001,78.75781500000001 5.1333416666666665,78.757805,78.757805 5.12977,78.75779666666666,78.75779666666666 5.126196666666667,78.75778833333334,78.75778833333334 5.122623333333333,78.75777833333333,78.75777833333333 5.119051666666667,78.75777166666666,78.75777166666666 5.115478333333334,78.75776333333333,78.75776333333333 5.111904999999999,78.75775666666668,78.75775666666668 5.108333333333334,78.75775,78.75775 5.104761666666667,78.75774500000001,78.75774500000001 5.101188333333333,78.75774,78.75774 5.097616666666667,78.75773666666667,78.75773666666667 5.0940433333333335,78.757735,78.757735 5.09047,78.75773333333333,78.75773333333333 5.086895,78.75773333333333,78.75773333333333 5.08332,78.75773166666667,78.75773166666667 5.079745,78.75773166666667,78.75773166666667 5.076168333333333,78.75773166666667,78.75773166666667 5.072591666666668,78.75773166666667,78.75773166666667 5.069014999999999,78.75773000000001,78.75773000000001 5.065438333333334,78.75772833333335,78.75772833333335 5.061861666666667,78.75772666666666,78.75772666666666 5.058286666666667,78.75772333333333,78.75772333333333 5.054714999999999,78.75771666666665,78.75771666666665 5.051146666666668,78.75771166666667,78.75771166666667 5.047581666666667,78.75770333333334,78.75770333333334 5.044021666666667,78.757695,78.757695 5.040465,78.75768333333333,78.75768333333333 5.0369133333333345,78.75767166666665,78.75767166666665 5.033366666666666,78.75765833333332,78.75765833333332 5.029824999999999,78.75764500000001,78.75764500000001 5.026288333333333,78.75762833333333,78.75762833333333 5.022756666666666,78.75761166666666,78.75761166666666 5.019228333333334,78.75759500000001,78.75759500000001 5.015703333333333,78.75757666666665,78.75757666666665 5.012178333333333,78.75755666666669,78.75755666666669 5.008653333333333,78.75753833333333,78.75753833333333 5.005128333333333,78.75751833333332,78.75751833333332 5.0016,78.7575,78.7575 4.998068333333333,78.75748,78.75748 4.994534999999999,78.75746166666666,78.75746166666666 4.990996666666666,78.75744500000002,78.75744500000002 4.987455,78.75742833333334,78.75742833333334 4.983910000000001,78.75741333333333,78.75741333333333 4.980361666666667,78.7574,78.7574 4.9768066666666675,78.75739000000002,78.75739000000002 4.973248333333334,78.75737999999998,78.75737999999998 4.969685,78.75737333333333,78.75737333333333 4.966118333333334,78.75736833333333,78.75736833333333 4.962546666666666,78.75736333333332,78.75736333333332 4.958971666666666,78.75735999999999,78.75735999999999 4.955394999999999,78.75735666666667,78.75735666666667 4.951816666666667,78.75735333333334,78.75735333333334 4.94824,78.75734833333333,78.75734833333333 4.944663333333334,78.75734166666666,78.75734166666666 4.94109,78.75733333333332,78.75733333333332 4.937516666666666,78.75732500000001,78.75732500000001 4.933946666666667,78.75731333333333,78.75731333333333 4.9303799999999995,78.7573,78.7573 4.926818333333334,78.757285,78.757285 4.923260000000001,78.75727,78.75727 4.919708333333333,78.75725333333334,78.75725333333334 4.9161616666666665,78.757235,78.757235 4.912621666666666,78.757215,78.757215 4.909085,78.75719666666667,78.75719666666667 4.905551666666667,78.75717666666667,78.75717666666667 4.902023333333333,78.75715833333334,78.75715833333334 4.898495,78.75714,78.75714 4.894968333333333,78.75712333333333,78.75712333333333 4.891441666666666,78.75710833333332,78.75710833333332 4.887911666666666,78.75709499999999,78.75709499999999 4.884381666666667,78.757085,78.757085 4.880848333333335,78.75707833333333,78.75707833333333 4.877315,78.75707166666665,78.75707166666665 4.873778333333333,78.75706666666666,78.75706666666666 4.870243333333334,78.75706333333332,78.75706333333332 4.866706666666667,78.75706,78.75706 4.863171666666667,78.75705666666667,78.75705666666667 4.859638333333333,78.75705166666665,78.75705166666665 4.856105,78.757045,78.757045 4.852575,78.75703833333333,78.75703833333333 4.849046666666666,78.75703,78.75703 4.84552,78.75702,78.75702 4.841996666666667,78.75700833333333,78.75700833333333 4.838474999999999,78.75699666666665,78.75699666666665 4.834955,78.75698166666666,78.75698166666666 4.831436666666667,78.75696666666666,78.75696666666666 4.827916666666668,78.75695166666667,78.75695166666667 4.824400000000001,78.75693666666666,78.75693666666666 4.820881666666667,78.75692000000001,78.75692000000001 4.817365000000001,78.756905,78.756905 4.813845,78.75689000000001,78.75689000000001 4.810321666666667,78.75687833333333,78.75687833333333 4.806796666666667,78.756865,78.756865 4.8032683333333335,78.75685499999999,78.75685499999999 4.799736666666666,78.75684666666665,78.75684666666665 4.796201666666667,78.75684,78.75684 4.7926616666666675,78.756835,78.756835 4.789116666666667,78.75683166666667,78.75683166666667 4.785568333333333,78.75683166666667,78.75683166666667 4.7820133333333334,78.756835,78.756835 4.778455,78.75683833333332,78.75683833333332 4.774893333333333,78.75684333333332,78.75684333333332 4.771331666666668,78.75684666666665,78.75684666666665 4.767768333333334,78.75685,78.75685 4.7642050000000005,78.75685,78.75685 4.760643333333333,78.75684666666665,78.75684666666665 4.757083333333333,78.75684166666666,78.75684166666666 4.753523333333333,78.75683000000001,78.75683000000001 4.7499649999999995,78.75681666666665,78.75681666666665 4.746406666666666,78.75679833333335,78.75679833333335 4.742846666666666,78.75677999999999,78.75677999999999 4.739283333333334,78.75675833333332,78.75675833333332 4.735718333333333,78.75673666666667,78.75673666666667 4.73215,78.75671666666668,78.75671666666668 4.728576666666667,78.75669666666666,78.75669666666666 4.724998333333334,78.75667833333334,78.75667833333334 4.721416666666667,78.75666166666667,78.75666166666667 4.717828333333334,78.75664499999999,78.75664499999999 4.714231666666667,78.75663166666668,78.75663166666668 4.710630000000001,78.75662000000001,78.75662000000001 4.707021666666667,78.75661,78.75661 4.703406666666668,78.75660333333335,78.75660333333335 4.699786666666666,78.75659666666667,78.75659666666667 4.696161666666668,78.75659000000002,78.75659000000002 4.692535,78.75658333333334,78.75658333333334 4.688906666666667,78.75657500000001,78.75657500000001 4.685276666666666,78.75656500000001,78.75656500000001 4.6816466666666665,78.75655499999999,78.75655499999999 4.678016666666667,78.75654,78.75654 4.674388333333334,78.756525,78.756525 4.670758333333333,78.75650833333334,78.75650833333334 4.667128333333333,78.75648833333332,78.75648833333332 4.663498333333334,78.75646833333333,78.75646833333333 4.659868333333334,78.75644833333332,78.75644833333332 4.656235000000001,78.75642833333333,78.75642833333333 4.652601666666666,78.75640833333334,78.75640833333334 4.648963333333333,78.75639,78.75639 4.645323333333334,78.75637499999999,78.75637499999999 4.64168,78.75636166666666,78.75636166666666 4.638033333333333,78.75635166666667,78.75635166666667 4.634383333333333,78.75634333333333,78.75634333333333 4.630731666666667,78.75633666666666,78.75633666666666 4.627078333333333,78.75633333333333,78.75633333333333 4.623421666666666,78.75632999999999,78.75632999999999 4.619766666666666,78.75632666666667,78.75632666666667 4.616113333333333,78.756325,78.756325 4.61246,78.756325,78.756325 4.60881,78.75632166666665,78.75632166666665 4.6051633333333335,78.75631666666666,78.75631666666666 4.60152,78.75630999999998,78.75630999999998 4.597878333333333,78.75630166666666,78.75630166666666 4.594243333333333,78.75629166666666,78.75629166666666 4.59061,78.75627999999999,78.75627999999999 4.586978333333333,78.75626666666668,78.75626666666668 4.583348333333333,78.75625,78.75625 4.579720000000001,78.75623499999999,78.75623499999999 4.576093333333334,78.75621666666666,78.75621666666666 4.572468333333333,78.75619833333334,78.75619833333334 4.568843333333334,78.75618166666668,78.75618166666668 4.565221666666667,78.75616666666666,78.75616666666666 4.561601666666666,78.75615333333334,78.75615333333334 4.5579833333333335,78.75614166666665,78.75614166666665 4.554366666666668,78.75613166666668,78.75613166666668 4.550753333333334,78.75612333333335,78.75612333333335 4.5471433333333335,78.75611666666667,78.75611666666667 4.543538333333333,78.75610999999999,78.75610999999999 4.539935,78.75610166666667,78.75610166666667 4.536338333333333,78.75609333333333,78.75609333333333 4.532743333333334,78.75608499999998,78.75608499999998 4.529154999999999,78.75607166666667,78.75607166666667 4.525571666666666,78.75605666666668,78.75605666666668 4.5219916666666675,78.75603833333332,78.75603833333332 4.518413333333334,78.75601833333333,78.75601833333333 4.5148383333333335,78.75599666666666,78.75599666666666 4.511263333333332,78.755975,78.755975 4.507686666666667,78.75595166666666,78.75595166666666 4.50411,78.75593,78.75593 4.500531666666666,78.75591,78.75591 4.496953333333334,78.75588833333332,78.75588833333332 4.4933716666666665,78.75586833333332,78.75586833333332 4.489789999999999,78.75585,78.75585 4.486206666666666,78.75583166666668,78.75583166666668 4.482623333333334,78.75581333333332,78.75581333333332 4.4790399999999995,78.755795,78.755795 4.475458333333332,78.75577666666665,78.75577666666665 4.47188,78.75576000000001,78.75576000000001 4.468303333333333,78.75574166666667,78.75574166666667 4.46473,78.75572333333334,78.75572333333334 4.461161666666666,78.755705,78.755705 4.4575949999999995,78.75568666666666,78.75568666666666 4.454031666666667,78.75566833333333,78.75566833333333 4.45047,78.75565166666667,78.75565166666667 4.44691,78.75563333333332,78.75563333333332 4.443351666666667,78.75561666666668,78.75561666666668 4.439795,78.7556,78.7556 4.436238333333334,78.75558333333333,78.75558333333333 4.432683333333334,78.75556666666667,78.75556666666667 4.429128333333333,78.75555166666665,78.75555166666665 4.425575,78.75553500000001,78.75553500000001 4.422021666666666,78.75551999999999,78.75551999999999 4.418468333333333,78.75550499999999,78.75550499999999 4.414916666666667,78.75548833333333,78.75548833333333 4.411363333333334,78.75547333333333,78.75547333333333 4.407808333333334,78.75546,78.75546 4.404255,78.755445,78.755445 4.400699999999999,78.75543166666667,78.75543166666667 4.397143333333332,78.75541833333332,78.75541833333332 4.39359,78.755405,78.755405 4.390035,78.75539000000002,78.75539000000002 4.3864833333333335,78.75537666666666,78.75537666666666 4.382933333333333,78.75536166666669,78.75536166666669 4.379386666666666,78.75534666666667,78.75534666666667 4.375845000000001,78.75533,78.75533 4.372306666666666,78.75531500000001,78.75531500000001 4.368774999999999,78.75529666666665,78.75529666666665 4.36525,78.75527999999998,78.75527999999998 4.36173,78.75526166666667,78.75526166666667 4.358215000000001,78.75524333333334,78.75524333333334 4.354705,78.75522500000001,78.75522500000001 4.351196666666667,78.75520499999999,78.75520499999999 4.34769,78.75518666666667,78.75518666666667 4.344183333333333,78.75516666666668,78.75516666666668 4.340676666666668,78.75514833333334,78.75514833333334 4.337171666666666,78.75512833333335,78.75512833333335 4.333668333333333,78.75510833333333,78.75510833333333 4.330166666666667,78.75508666666667,78.75508666666667 4.326664999999999,78.755065,78.755065 4.3231633333333335,78.75504166666666,78.75504166666666 4.31966,78.75502,78.75502 4.316153333333333,78.75499666666666,78.75499666666666 4.312643333333333,78.75497333333334,78.75497333333334 4.309128333333335,78.75494833333333,78.75494833333333 4.305608333333334,78.75492166666666,78.75492166666666 4.302084999999999,78.75489666666667,78.75489666666667 4.298556666666667,78.75487166666666,78.75487166666666 4.295023333333333,78.75485,78.75485 4.291486666666667,78.75482833333335,78.75482833333335 4.287948333333333,78.75480833333333,78.75480833333333 4.284409999999999,78.75478833333332,78.75478833333332 4.280869999999999,78.75476833333333,78.75476833333333 4.27733,78.75474833333334,78.75474833333334 4.27379,78.75472833333333,78.75472833333333 4.270251666666666,78.75470833333334,78.75470833333334 4.266713333333333,78.75469000000001,78.75469000000001 4.263176666666666,78.75467166666667,78.75467166666667 4.259643333333333,78.754655,78.754655 4.256111666666666,78.75464000000001,78.75464000000001 4.252581666666667,78.754625,78.754625 4.249056666666667,78.75461,78.75461 4.245534999999999,78.75459666666667,78.75459666666667 4.242018333333333,78.75458333333333,78.75458333333333 4.238501666666666,78.75457166666666,78.75457166666666 4.23499,78.75456,78.75456 4.231478333333333,78.75454666666666,78.75454666666666 4.22797,78.75453499999999,78.75453499999999 4.224461666666667,78.75452333333334,78.75452333333334 4.220955,78.75450999999998,78.75450999999998 4.217448333333333,78.75449833333333,78.75449833333333 4.213943333333333,78.754485,78.754485 4.210438333333333,78.75447000000001,78.75447000000001 4.206933333333333,78.75445333333334,78.75445333333334 4.203424999999999,78.75443499999999,78.75443499999999 4.199916666666667,78.75441333333333,78.75441333333333 4.1964049999999995,78.75439166666666,78.75439166666666 4.192889999999999,78.75436666666666,78.75436666666666 4.189371666666667,78.75434000000001,78.75434000000001 4.185848333333333,78.75431166666668,78.75431166666668 4.182321666666667,78.75428333333332,78.75428333333332 4.178788333333333,78.75425333333332,78.75425333333332 4.175248333333333,78.75422499999999,78.75422499999999 4.171703333333333,78.75419666666666,78.75419666666666 4.16815,78.75417333333334,78.75417333333334 4.1645916666666665,78.75415,78.75415 4.161028333333333,78.75413,78.75413 4.15746,78.75411333333332,78.75411333333332 4.1538900000000005,78.75409666666665,78.75409666666665 4.150314999999999,78.75408166666666,78.75408166666666 4.1467350000000005,78.75407000000001,78.75407000000001 4.143154999999999,78.75406166666667,78.75406166666667 4.139573333333332,78.75405166666665,78.75405166666665 4.1359916666666665,78.75404333333334,78.75404333333334 4.132411666666667,78.754035,78.754035 4.12883,78.75402666666666,78.75402666666666 4.125251666666666,78.75401500000001,78.75401500000001 4.121671666666667,78.75400333333334,78.75400333333334 4.118093333333333,78.75399,78.75399 4.114515,78.75397666666665,78.75397666666665 4.1109383333333325,78.75396333333333,78.75396333333333 4.107361666666668,78.75394833333334,78.75394833333334 4.103783333333333,78.75393333333334,78.75393333333334 4.100206666666667,78.75391833333332,78.75391833333332 4.09663,78.75390333333334,78.75390333333334 4.093051666666668,78.75388666666666,78.75388666666666 4.089473333333334,78.75387000000002,78.75387000000002 4.085896666666667,78.75385333333334,78.75385333333334 4.08232,78.75383666666667,78.75383666666667 4.078743333333334,78.75381833333334,78.75381833333334 4.075168333333333,78.7538,78.7538 4.071596666666666,78.75378333333333,78.75378333333333 4.0680250000000004,78.753765,78.753765 4.064458333333334,78.75374833333332,78.75374833333332 4.060891666666667,78.75373166666668,78.75373166666668 4.057328333333333,78.75371333333332,78.75371333333332 4.053768333333333,78.75369500000001,78.75369500000001 4.050213333333334,78.75367833333334,78.75367833333334 4.046658333333334,78.75366,78.75366 4.0431066666666675,78.75364166666667,78.75364166666667 4.039556666666667,78.75362333333334,78.75362333333334 4.03601,78.753605,78.753605 4.032468333333333,78.75358666666666,78.75358666666666 4.028928333333334,78.75357000000001,78.75357000000001 4.025391666666668,78.75355166666665,78.75355166666665 4.02186,78.75353333333335,78.75353333333335 4.018328333333333,78.75351500000001,78.75351500000001 4.014796666666667,78.75349333333332,78.75349333333332 4.011261666666667,78.75347333333333,78.75347333333333 4.007723333333332,78.75345000000002,78.75345000000002 4.004181666666667,78.75342333333334,78.75342333333334 4.000633333333333,78.75339500000001,78.75339500000001 3.9970816666666664,78.75336833333334,78.75336833333334 3.993526666666667,78.75333833333335,78.75333833333335 3.989968333333333,78.75330833333335,78.75330833333335 3.986406666666667,78.75327833333336,78.75327833333336 3.9828399999999995,78.75324666666667,78.75324666666667 3.9792699999999996,78.75321833333334,78.75321833333334 3.975695,78.75319,78.75319 3.972118333333333,78.75316166666667,78.75316166666667 3.968535,78.75313666666666,78.75313666666666 3.964948333333334,78.75311333333335,78.75311333333335 3.961356666666667,78.75309166666666,78.75309166666666 3.9577616666666673,78.75307333333332,78.75307333333332 3.9541633333333333,78.75305499999999,78.75305499999999 3.950565,78.75303833333334,78.75303833333334 3.9469650000000005,78.75302166666667,78.75302166666667 3.943366666666667,78.753005,78.753005 3.939766666666667,78.75299000000001,78.75299000000001 3.936166666666667,78.75297333333334,78.75297333333334 3.9325649999999994,78.75295666666666,78.75295666666666 3.928961666666667,78.75293833333333,78.75293833333333 3.925355,78.75291833333334,78.75291833333334 3.9217450000000005,78.75289833333333,78.75289833333333 3.918135,78.75287666666665,78.75287666666665 3.9145233333333334,78.75285333333333,78.75285333333333 3.9109116666666663,78.75282833333335,78.75282833333335 3.9072999999999998,78.75280333333335,78.75280333333335 3.90369,78.75277833333334,78.75277833333334 3.90008,78.75275166666667,78.75275166666667 3.8964733333333332,78.75272333333334,78.75272333333334 3.8928666666666665,78.75269666666667,78.75269666666667 3.8892599999999997,78.75267000000001,78.75267000000001 3.8856566666666668,78.75264166666666,78.75264166666666 3.8820549999999994,78.752615,78.752615 3.8784549999999998,78.75258833333334,78.75258833333334 3.8748583333333326,78.75256333333333,78.75256333333333 3.8712633333333333,78.75253666666669,78.75253666666669 3.8676683333333326,78.75251166666668,78.75251166666668 3.8640766666666666,78.75248666666667,78.75248666666667 3.8604833333333337,78.75246166666669,78.75246166666669 3.856890000000001,78.75243666666668,78.75243666666668 3.8532933333333337,78.75241166666667,78.75241166666667 3.8496933333333336,78.75239,78.75239 3.8460916666666662,78.75236833333332,78.75236833333332 3.8424866666666664,78.75234833333333,78.75234833333333 3.8388800000000005,78.75233,78.75233 3.8352733333333338,78.75231500000001,78.75231500000001 3.83167,78.75229833333334,78.75229833333334 3.828066666666667,78.75228333333332,78.75228333333332 3.82447,78.75226833333332,78.75226833333332 3.8208766666666665,78.75225333333333,78.75225333333333 3.8172900000000003,78.75223666666669,78.75223666666669 3.813708333333333,78.75221833333333,78.75221833333333 3.81013,78.75219999999999,78.75219999999999 3.806556666666666,78.75217833333333,78.75217833333333 3.8029849999999996,78.75215666666668,78.75215666666668 3.799415,78.752135,78.752135 3.7958416666666666,78.75210999999999,78.75210999999999 3.792266666666667,78.752085,78.752085 3.788686666666666,78.75205833333332,78.75205833333332 3.7851033333333333,78.75202999999999,78.75202999999999 3.7815149999999997,78.75200166666666,78.75200166666666 3.777925,78.75197333333332,78.75197333333332 3.7743299999999995,78.75194166666667,78.75194166666667 3.770733333333334,78.75191166666667,78.75191166666667 3.7671316666666663,78.75188,78.75188 3.763528333333333,78.75184833333334,78.75184833333334 3.759921666666667,78.75181666666668,78.75181666666668 3.75631,78.75178333333334,78.75178333333334 3.752696666666667,78.75174999999999,78.75174999999999 3.7490816666666666,78.75171833333333,78.75171833333333 3.745465,78.751685,78.751685 3.741846666666667,78.751655,78.751655 3.7382299999999997,78.75162333333334,78.75162333333334 3.7346150000000007,78.75159333333332,78.75159333333332 3.731,78.75156500000001,78.75156500000001 3.7273883333333333,78.75153833333334,78.75153833333334 3.7237766666666667,78.75151166666667,78.75151166666667 3.720166666666666,78.75148833333333,78.75148833333333 3.7165600000000003,78.75146333333333,78.75146333333333 3.712955,78.75143999999999,78.75143999999999 3.7093516666666666,78.75141500000001,78.75141500000001 3.7057483333333328,78.75139,78.75139 3.702145,78.75136499999999,78.75136499999999 3.6985416666666673,78.75134000000001,78.75134000000001 3.6949399999999994,78.75131666666667,78.75131666666667 3.6913399999999994,78.75129333333332,78.75129333333332 3.6877416666666667,78.75127166666665,78.75127166666665 3.6841449999999996,78.75124833333334,78.75124833333334 3.6805516666666667,78.75122333333333,78.75122333333333 3.67696,78.75120000000001,78.75120000000001 3.6733716666666676,78.751175,78.751175 3.6697866666666665,78.75115000000001,78.75115000000001 3.6662050000000006,78.75112333333333,78.75112333333333 3.662626666666667,78.75109666666667,78.75109666666667 3.6590533333333335,78.75106833333332,78.75106833333332 3.655484999999999,78.75103833333333,78.75103833333333 3.651921666666667,78.75100666666667,78.75100666666667 3.6483599999999994,78.75097333333332,78.75097333333332 3.6448033333333334,78.75094,78.75094 3.641248333333333,78.75090333333333,78.75090333333333 3.6376933333333334,78.75086666666667,78.75086666666667 3.6341416666666664,78.75082833333333,78.75082833333333 3.630586666666667,78.75078833333333,78.75078833333333 3.6270316666666664,78.75074666666666,78.75074666666666 3.623473333333333,78.75070666666666,78.75070666666666 3.619911666666667,78.75066666666667,78.75066666666667 3.6163499999999997,78.75062833333334,78.75062833333334 3.612785,78.75059,78.75059 3.60922,78.75055166666665,78.75055166666665 3.6056549999999996,78.75051500000001,78.75051500000001 3.6020900000000005,78.75047833333333,78.75047833333333 3.598525,78.75044333333334,78.75044333333334 3.594963333333333,78.75040666666666,78.75040666666666 3.5914016666666666,78.75037166666665,78.75037166666665 3.5878433333333333,78.75033666666667,78.75033666666667 3.584285,78.75030166666667,78.75030166666667 3.58073,78.75026833333332,78.75026833333332 3.5771749999999995,78.750235,78.750235 3.573621666666667,78.75020166666665,78.75020166666665 3.5700700000000003,78.75016833333333,78.75016833333333 3.5665199999999997,78.750135,78.750135 3.562973333333333,78.75010166666665,78.75010166666665 3.559428333333333,78.75006833333333,78.75006833333333 3.5558849999999995,78.75003499999998,78.75003499999998 3.552343333333333,78.75,78.75 3.5488033333333333,78.749965,78.749965 3.545265,78.74992999999999,78.74992999999999 3.5417266666666665,78.74989500000001,78.74989500000001 3.5381916666666666,78.74986,78.74986 3.5346566666666672,78.749825,78.749825 3.531123333333333,78.74978999999999,78.74978999999999 3.52759,78.74975500000001,78.74975500000001 3.524055,78.74972,78.74972 3.520518333333334,78.749685,78.749685 3.516978333333334,78.74965000000002,78.74965000000002 3.5134350000000008,78.749615,78.749615 3.509886666666667,78.74958166666666,78.74958166666666 3.506338333333333,78.74954666666666,78.74954666666666 3.5027866666666667,78.74951333333334,78.74951333333334 3.499233333333333,78.74947833333333,78.74947833333333 3.4956799999999997,78.74944666666667,78.74944666666667 3.4921249999999997,78.74941333333332,78.74941333333332 3.4885683333333333,78.74938,78.74938 3.48501,78.74934833333333,78.74934833333333 3.4814483333333333,78.74931666666667,78.74931666666667 3.477883333333333,78.74928499999999,78.74928499999999 3.474311666666667,78.74925333333333,78.74925333333333 3.470735,78.74922166666667,78.74922166666667 3.4671516666666666,78.74919166666668,78.74919166666668 3.463561666666666,78.74916166666668,78.74916166666668 3.459966666666667,78.74913166666666,78.74913166666666 3.456366666666667,78.7491,78.7491 3.452761666666667,78.74907,78.74907 3.4491533333333333,78.74904,78.74904 3.44554,78.74901,78.74901 3.441923333333333,78.74897833333334,78.74897833333334 3.4383033333333333,78.74894666666668,78.74894666666668 3.434678333333333,78.74891333333333,78.74891333333333 3.4310516666666664,78.74887999999999,78.74887999999999 3.427423333333333,78.74884666666667,78.74884666666667 3.423795,78.74881166666667,78.74881166666667 3.420166666666667,78.748775,78.748775 3.416541666666667,78.74873833333332,78.74873833333332 3.4129199999999997,78.74870166666666,78.74870166666666 3.409301666666667,78.74866333333333,78.74866333333333 3.405686666666667,78.74862499999999,78.74862499999999 3.4020750000000004,78.74858666666667,78.74858666666667 3.3984666666666667,78.74854833333333,78.74854833333333 3.39486,78.74850833333333,78.74850833333333 3.391256666666666,78.74846833333332,78.74846833333332 3.387653333333334,78.74842833333332,78.74842833333332 3.3840500000000002,78.74839,78.74839 3.3804466666666664,78.74835,78.74835 3.376843333333333,78.74831166666667,78.74831166666667 3.3732349999999998,78.74827166666668,78.74827166666668 3.369623333333333,78.74822999999999,78.74822999999999 3.3660050000000004,78.74818833333335,78.74818833333335 3.36238,78.748145,78.748145 3.3587483333333332,78.74810166666666,78.74810166666666 3.3551116666666663,78.74805666666666,78.74805666666666 3.3514666666666675,78.74801333333333,78.74801333333333 3.347816666666667,78.74796833333333,78.74796833333333 3.344161666666667,78.74792333333332,78.74792333333332 3.340501666666666,78.74787833333335,78.74787833333335 3.3368383333333336,78.74783333333333,78.74783333333333 3.3331700000000004,78.74778666666667,78.74778666666667 3.3294983333333334,78.74774166666667,78.74774166666667 3.325821666666667,78.747695,78.747695 3.3221416666666674,78.74764833333333,78.74764833333333 3.3184566666666666,78.74760166666667,78.74760166666667 3.3147683333333338,78.74755499999999,78.74755499999999 3.311078333333333,78.74750999999999,78.74750999999999 3.307385,78.74746499999999,78.74746499999999 3.30369,78.74742,78.74742 3.2999883333333333,78.74737666666667,78.74737666666667 3.29628,78.74733333333334,78.74733333333334 3.292565,78.74729166666667,78.74729166666667 3.288843333333334,78.74725000000001,78.74725000000001 3.285116666666667,78.74720833333335,78.74720833333335 3.2813849999999998,78.74716666666667,78.74716666666667 3.2776516666666673,78.74712666666666,78.74712666666666 3.273918333333333,78.747085,78.747085 3.2701866666666666,78.74704333333334,78.74704333333334 3.266455,78.74700333333332,78.74700333333332 3.2627250000000005,78.74696166666666,78.74696166666666 3.2589983333333334,78.74691999999999,78.74691999999999 3.25527,78.74687833333333,78.74687833333333 3.2515433333333337,78.74683499999999,78.74683499999999 3.2478116666666663,78.74679333333333,78.74679333333333 3.244078333333334,78.74675166666665,78.74675166666665 3.2403416666666667,78.74671166666666,78.74671166666666 3.2366,78.74667166666667,78.74667166666667 3.232855,78.74663166666664,78.74663166666664 3.2291083333333335,78.74659333333334,78.74659333333334 3.22536,78.74655666666665,78.74655666666665 3.2216116666666665,78.74652,78.74652 3.2178650000000006,78.74648333333333,78.74648333333333 3.2141216666666668,78.74644833333333,78.74644833333333 3.2103833333333336,78.74641166666666,78.74641166666666 3.2066500000000002,78.74637500000001,78.74637500000001 3.2029233333333336,78.74633666666666,78.74633666666666 3.199203333333333,78.74630000000002,78.74630000000002 3.1954899999999995,78.74626166666665,78.74626166666665 3.191783333333334,78.74622500000001,78.74622500000001 3.1880800000000002,78.74618666666666,78.74618666666666 3.1843783333333335,78.74615000000001,78.74615000000001 3.180676666666667,78.74611333333334,78.74611333333334 3.176978333333333,78.74607666666668,78.74607666666668 3.173278333333333,78.74603999999998,78.74603999999998 3.169583333333333,78.746005,78.746005 3.1658899999999996,78.74597166666668,78.74597166666668 3.162201666666667,78.74593833333334,78.74593833333334 3.158515,78.74590666666666,78.74590666666666 3.154833333333334,78.745875,78.745875 3.1511549999999997,78.745845,78.745845 3.147478333333334,78.74581499999998,78.74581499999998 3.143808333333333,78.74578666666667,78.74578666666667 3.1401399999999997,78.74575666666665,78.74575666666665 3.1364733333333334,78.74572833333332,78.74572833333332 3.132808333333333,78.74570000000001,78.74570000000001 3.1291433333333334,78.74566999999999,78.74566999999999 3.1254750000000002,78.74564,78.74564 3.121801666666667,78.74561,78.74561 3.118123333333333,78.74558,78.74558 3.1144366666666663,78.74555166666667,78.74555166666667 3.110743333333334,78.745525,78.745525 3.1070416666666665,78.74549666666667,78.74549666666667 3.103336666666667,78.74547,78.74547 3.099625,78.74544499999999,78.74544499999999 3.0959083333333335,78.74541999999998,78.74541999999998 3.09219,78.74539333333334,78.74539333333334 3.0884699999999996,78.74536499999998,78.74536499999998 3.084753333333333,78.74533,78.74533 3.08104,78.74529000000001,78.74529000000001 3.07733,78.74524333333333,78.74524333333333 3.0736266666666663,78.74519499999998,78.74519499999998 3.0699300000000003,78.74514166666667,78.74514166666667 3.0662383333333336,78.74508833333333,78.74508833333333 3.0625566666666666,78.74503,78.74503 3.0588833333333336,78.74497166666667,78.74497166666667 3.0552183333333334,78.74491166666665,78.74491166666665 3.0515599999999994,78.74485,78.74485 3.047905,78.74479,78.74479 3.0442550000000006,78.74472666666668,78.74472666666668 3.0406033333333333,78.744665,78.744665 3.0369466666666662,78.74460166666665,78.74460166666665 3.0332866666666667,78.74454,78.74454 3.029623333333334,78.74447666666667,78.74447666666667 3.0259566666666657,78.74441333333333,78.74441333333333 3.0222883333333335,78.74435000000001,78.74435000000001 3.0186216666666663,78.74428833333333,78.74428833333333 3.0149549999999996,78.74422666666666,78.74422666666666 3.0112883333333333,78.74416333333335,78.74416333333335 3.007623333333333,78.74410166666667,78.74410166666667 3.0039616666666666,78.74403999999998,78.74403999999998 3.0002999999999997,78.74397666666667,78.74397666666667 2.9966416666666666,78.743915,78.743915 2.9929849999999996,78.74385166666666,78.74385166666666 2.98933,78.74378833333334,78.74378833333334 2.985675,78.743725,78.743725 2.9820233333333337,78.74366166666667,78.74366166666667 2.9783700000000004,78.74359833333332,78.74359833333332 2.9747149999999993,78.74353333333335,78.74353333333335 2.9710583333333336,78.74346666666666,78.74346666666666 2.9673983333333336,78.74339833333333,78.74339833333333 2.963735,78.74333,78.74333 2.9600666666666666,78.74325833333333,78.74325833333333 2.9563899999999994,78.74318666666666,78.74318666666666 2.9527083333333333,78.74311666666667,78.74311666666667 2.9490183333333335,78.743045,78.743045 2.9453233333333335,78.742975,78.742975 2.941626666666666,78.74290500000001,78.74290500000001 2.937933333333333,78.74283666666666,78.74283666666666 2.9342483333333336,78.74276833333333,78.74276833333333 2.9305716666666672,78.74269833333332,78.74269833333332 2.926906666666666,78.74262999999999,78.74262999999999 2.92325,78.74256000000001,78.74256000000001 2.9196033333333333,78.74248999999999,78.74248999999999 2.915966666666667,78.74241833333335,78.74241833333335 2.9123366666666666,78.74234666666666,78.74234666666666 2.908715,78.74227333333333,78.74227333333333 2.905096666666667,78.7422,78.7422 2.9014816666666667,78.74212499999999,78.74212499999999 2.89787,78.74204666666667,78.74204666666667 2.894261666666667,78.74197000000001,78.74197000000001 2.8906533333333333,78.74189,78.74189 2.8870483333333334,78.74181,78.74181 2.8834400000000002,78.74173000000002,78.74173000000002 2.879833333333333,78.74164833333332,78.74164833333332 2.8762233333333334,78.74156666666667,78.74156666666667 2.8726099999999994,78.74148666666666,78.74148666666666 2.868995,78.74140500000001,78.74140500000001 2.8653766666666662,78.741325,78.741325 2.8617549999999996,78.74124499999999,78.74124499999999 2.85813,78.741165,78.741165 2.854505,78.74108500000001,78.74108500000001 2.8508766666666667,78.74100666666666,78.74100666666666 2.8472483333333334,78.74093,78.74093 2.8436199999999996,78.74085166666667,78.74085166666667 2.839993333333333,78.74077499999999,78.74077499999999 2.8363683333333336,78.74069666666666,78.74069666666666 2.832745,78.74062,78.74062 2.8291233333333334,78.74054166666666,78.74054166666666 2.8255033333333337,78.74046499999999,78.74046499999999 2.821885,78.74038833333333,78.74038833333333 2.818268333333333,78.74031166666667,78.74031166666667 2.8146516666666663,78.74023333333334,78.74023333333334 2.811035,78.74015666666665,78.74015666666665 2.8074183333333336,78.74008000000002,78.74008000000002 2.8038016666666667,78.74000333333333,78.74000333333333 2.800183333333333,78.73992666666666,78.73992666666666 2.796566666666667,78.73985166666667,78.73985166666667 2.79295,78.73977666666667,78.73977666666667 2.789335,78.73970166666666,78.73970166666666 2.785723333333334,78.73962833333333,78.73962833333333 2.782111666666667,78.73955500000001,78.73955500000001 2.7785033333333327,78.73948166666668,78.73948166666668 2.774898333333333,78.73941166666667,78.73941166666667 2.771295,78.73933999999998,78.73933999999998 2.7676933333333333,78.73926833333334,78.73926833333334 2.7640933333333333,78.73919833333332,78.73919833333332 2.7604900000000003,78.73912833333334,78.73912833333334 2.7568849999999996,78.73906000000001,78.73906000000001 2.7532783333333333,78.73899166666666,78.73899166666666 2.74967,78.738925,78.738925 2.7460583333333335,78.73885833333333,78.73885833333333 2.7424433333333336,78.73879333333333,78.73879333333333 2.738828333333333,78.73872833333333,78.73872833333333 2.7352116666666664,78.73866333333332,78.73866333333332 2.7315966666666665,78.73859833333333,78.73859833333333 2.72798,78.73853500000001,78.73853500000001 2.7243633333333332,78.73847,78.73847 2.7207466666666664,78.738405,78.738405 2.71713,78.73834000000001,78.73834000000001 2.713515,78.73827333333334,78.73827333333334 2.7099050000000005,78.73820833333333,78.73820833333333 2.7062983333333337,78.73814166666665,78.73814166666665 2.7026983333333336,78.73807499999998,78.73807499999998 2.6991066666666668,78.73800666666666,78.73800666666666 2.6955199999999997,78.73794,78.73794 2.6919416666666667,78.73787333333333,78.73787333333333 2.6883666666666666,78.73780666666667,78.73780666666667 2.684798333333333,78.73774166666666,78.73774166666666 2.681233333333333,78.73767666666666,78.73767666666666 2.6776683333333335,78.73761166666667,78.73761166666667 2.674106666666667,78.73754999999998,78.73754999999998 2.670545,78.73748666666667,78.73748666666667 2.6669833333333335,78.73742499999999,78.73742499999999 2.663421666666667,78.73736333333333,78.73736333333333 2.659858333333333,78.73730166666667,78.73730166666667 2.6562916666666663,78.73724166666665,78.73724166666665 2.652721666666667,78.73718,78.73718 2.6491500000000006,78.73712,78.73712 2.6455733333333336,78.73705833333332,78.73705833333332 2.6419933333333336,78.73699666666667,78.73699666666667 2.6384099999999995,78.736935,78.736935 2.6348233333333333,78.73687333333335,78.73687333333335 2.6312333333333333,78.73681,78.73681 2.6276366666666666,78.73674666666666,78.73674666666666 2.6240366666666666,78.73668333333333,78.73668333333333 2.6204333333333327,78.73661999999999,78.73661999999999 2.616825,78.73655666666667,78.73655666666667 2.6132150000000003,78.73649333333333,78.73649333333333 2.6096066666666666,78.73642833333334,78.73642833333334 2.606,78.73636333333333,78.73636333333333 2.602396666666667,78.73629999999999,78.73629999999999 2.5987966666666664,78.73623666666667,78.73623666666667 2.595201666666666,78.73617166666668,78.73617166666668 2.5916083333333333,78.73610833333333,78.73610833333333 2.588021666666666,78.73604499999999,78.73604499999999 2.584438333333333,78.73598,78.73598 2.58086,78.73591666666665,78.73591666666665 2.5772866666666667,78.73584999999999,78.73584999999999 2.57372,78.735785,78.735785 2.5701566666666666,78.73571666666666,78.73571666666666 2.5666,78.73564833333333,78.73564833333333 2.5630466666666667,78.73558000000001,78.73558000000001 2.559496666666666,78.73550999999999,78.73550999999999 2.5559499999999997,78.73544166666667,78.73544166666667 2.552408333333333,78.73537166666665,78.73537166666665 2.548871666666667,78.73530000000001,78.73530000000001 2.545338333333333,78.73522999999999,78.73522999999999 2.5418116666666664,78.73515833333332,78.73515833333332 2.5382883333333335,78.73508666666666,78.73508666666666 2.534766666666667,78.73501333333333,78.73501333333333 2.53125,78.73493833333333,78.73493833333333 2.527735,78.73486333333332,78.73486333333332 2.5242233333333335,78.73478833333333,78.73478833333333 2.5207149999999996,78.73471166666667,78.73471166666667 2.5172066666666666,78.73463166666667,78.73463166666667 2.513701666666667,78.73455166666666,78.73455166666666 2.5101966666666664,78.73447166666665,78.73447166666665 2.506693333333333,78.73438833333331,78.73438833333331 2.503191666666666,78.73430166666668,78.73430166666668 2.499696666666667,78.73421,78.73421 2.4962166666666668,78.73410666666668,78.73410666666668 2.4927550000000003,78.73398833333333,78.73398833333333 2.4893216666666667,78.73385333333334,78.73385333333334 2.4859233333333326,78.73369833333334,78.73369833333334 2.4825633333333332,78.73352,78.73352 2.4792549999999998,78.73331833333334,78.73331833333334 2.476001666666667,78.73309166666665,78.73309166666665 2.472811666666667,78.73283666666666,78.73283666666666 2.469695,78.73255666666668,78.73255666666668 2.466656666666667,78.73224833333335,78.73224833333335 2.463703333333333,78.731915,78.731915 2.4608366666666672,78.73155499999999,78.73155499999999 2.4580683333333337,78.73116833333333,78.73116833333333 2.455401666666667,78.73075833333334,78.73075833333334 2.4528383333333332,78.73032333333335,78.73032333333335 2.4503866666666667,78.72986500000002,78.72986500000002 2.448046666666667,78.729385,78.729385 2.4458233333333337,78.72888166666668,78.72888166666668 2.443721666666667,78.72835833333333,78.72835833333333 2.441745,78.727815,78.727815 2.439893333333333,78.72725166666667,78.72725166666667 2.4381749999999998,78.72666833333332,78.72666833333332 2.4365949999999996,78.72606833333332,78.72606833333332 2.4351549999999995,78.72545166666667,78.72545166666667 2.4338583333333332,78.72481833333332,78.72481833333332 2.4327083333333337,78.72417000000002,78.72417000000002 2.431708333333333,78.72351166666667,78.72351166666667 2.4308499999999995,78.72284333333333,78.72284333333333 2.4301349999999995,78.72216666666667,78.72216666666667 2.429563333333333,78.72148333333334,78.72148333333334 2.4291416666666668,78.72079500000001,78.72079500000001 2.4288799999999995,78.72010333333334,78.72010333333334 2.428775,78.71941,78.71941 2.4288216666666664,78.718715,78.718715 2.429018333333333,78.71802166666667,78.71802166666667 2.4293633333333333,78.71732999999999,78.71732999999999 2.4298533333333334,78.71664166666667,78.71664166666667 2.43049,78.71595500000001,78.71595500000001 2.43127,78.71527499999999,78.71527499999999 2.4321916666666668,78.71459833333333,78.71459833333333 2.4332516666666666,78.71392666666668,78.71392666666668 2.4344500000000004,78.71326166666665,78.71326166666665 2.4357866666666665,78.71260333333332,78.71260333333332 2.4372583333333333,78.71195166666666,78.71195166666666 2.438861666666667,78.71130833333332,78.71130833333332 2.4406,78.71067500000001,78.71067500000001 2.442458333333334,78.71005,78.71005 2.4444216666666665,78.70943333333332,78.70943333333332 2.4464699999999997,78.70882666666667,78.70882666666667 2.448576666666667,78.70822666666668,78.70822666666668 2.45072,78.70763,78.70763 2.452881666666667,78.70703833333333,78.70703833333333 2.4550533333333338,78.70644999999999,78.70644999999999 2.4572316666666665,78.70586333333334,78.70586333333334 2.459415,78.70527833333334,78.70527833333334 2.461598333333333,78.70469333333332,78.70469333333332 2.4637799999999994,78.70411,78.70411 2.465956666666667,78.70352833333334,78.70352833333334 2.46813,78.70294833333332,78.70294833333332 2.4703033333333337,78.70236833333333,78.70236833333333 2.4724800000000005,78.70179,78.70179 2.4746566666666663,78.70121333333333,78.70121333333333 2.476838333333333,78.70063833333333,78.70063833333333 2.4790250000000005,78.70006333333335,78.70006333333335 2.481211666666667,78.69948833333332,78.69948833333332 2.483395,78.698915,78.698915 2.4855699999999996,78.69833833333334,78.69833833333334 2.4877233333333333,78.69776,78.69776 2.4898516666666666,78.69717833333333,78.69717833333333 2.491948333333333,78.69659333333334,78.69659333333334 2.4940066666666665,78.69600333333334,78.69600333333334 2.496015,78.69540833333335,78.69540833333335 2.49797,78.69480833333334,78.69480833333334 2.4998633333333333,78.69420166666667,78.69420166666667 2.501695,78.69358999999999,78.69358999999999 2.503461666666666,78.69297166666668,78.69297166666668 2.505158333333334,78.69235000000002,78.69235000000002 2.506786666666666,78.69172166666668,78.69172166666668 2.5083516666666665,78.69109,78.69109 2.509856666666667,78.69045333333332,78.69045333333332 2.5113116666666664,78.68981333333333,78.68981333333333 2.51272,78.68917166666668,78.68917166666668 2.5140983333333335,78.68852666666668,78.68852666666668 2.515458333333333,78.68788166666667,78.68788166666667 2.516806666666666,78.68723666666666,78.68723666666666 2.5181483333333334,78.68659166666666,78.68659166666666 2.5194883333333333,78.68594499999999,78.68594499999999 2.520833333333333,78.6853,78.6853 2.522193333333333,78.68465499999999,78.68465499999999 2.5235716666666668,78.68401000000001,78.68401000000001 2.5249716666666666,78.68336500000001,78.68336500000001 2.526391666666666,78.68272166666667,78.68272166666667 2.527831666666667,78.682075,78.682075 2.529293333333333,78.68142999999999,78.68142999999999 2.5307733333333333,78.68078333333332,78.68078333333332 2.5322683333333336,78.68013499999999,78.68013499999999 2.533773333333333,78.679485,78.679485 2.5352883333333334,78.67883333333332,78.67883333333332 2.5368133333333334,78.67818166666666,78.67818166666666 2.538343333333333,78.67752833333334,78.67752833333334 2.539875,78.67687666666667,78.67687666666667 2.541405,78.67622333333333,78.67622333333333 2.542933333333333,78.67557000000001,78.67557000000001 2.544458333333333,78.67491833333332,78.67491833333332 2.54598,78.67426666666667,78.67426666666667 2.5474983333333334,78.673615,78.673615 2.5490116666666665,78.67296333333334,78.67296333333334 2.55052,78.67231333333335,78.67231333333335 2.5520233333333335,78.67166333333333,78.67166333333333 2.553518333333333,78.67101333333333,78.67101333333333 2.5550066666666664,78.670365,78.670365 2.556486666666667,78.66971666666667,78.66971666666667 2.5579583333333336,78.66906833333334,78.66906833333334 2.559423333333333,78.66841999999998,78.66841999999998 2.560881666666667,78.66777333333332,78.66777333333332 2.562336666666667,78.66712833333334,78.66712833333334 2.5637949999999994,78.66648166666667,78.66648166666667 2.5652633333333332,78.66583666666666,78.66583666666666 2.5667383333333333,78.66519333333335,78.66519333333335 2.5682166666666664,78.66455166666667,78.66455166666667 2.5697016666666666,78.66391,78.66391 2.57119,78.66326833333332,78.66326833333332 2.5726833333333334,78.66262833333333,78.66262833333333 2.5741799999999997,78.66198833333334,78.66198833333334 2.5756783333333333,78.66135,78.66135 2.5771766666666664,78.66071166666667,78.66071166666667 2.5786749999999996,78.66007333333334,78.66007333333334 2.5801733333333328,78.659435,78.659435 2.5816716666666664,78.65879833333334,78.65879833333334 2.5831683333333335,78.65816000000001,78.65816000000001 2.584661666666667,78.65752,78.65752 2.586148333333333,78.65687999999999,78.65687999999999 2.5876316666666668,78.65624,78.65624 2.589113333333333,78.65559833333334,78.65559833333334 2.5905933333333335,78.65495666666668,78.65495666666668 2.59207,78.65431333333332,78.65431333333332 2.5935499999999996,78.65367166666665,78.65367166666665 2.5950316666666664,78.65303,78.65303 2.5965200000000004,78.65238833333332,78.65238833333332 2.5980166666666666,78.65174833333334,78.65174833333334 2.599518333333333,78.65110999999999,78.65110999999999 2.6010266666666664,78.65047166666666,78.65047166666666 2.6025349999999996,78.64983333333333,78.64983333333333 2.6040450000000006,78.64919666666665,78.64919666666665 2.605555,78.64856166666668,78.64856166666668 2.607065,78.64792666666666,78.64792666666666 2.608575,78.64729333333332,78.64729333333332 2.6100816666666664,78.64666,78.64666 2.6115833333333334,78.64602666666666,78.64602666666666 2.61308,78.645395,78.645395 2.6145716666666674,78.64476333333334,78.64476333333334 2.616055,78.64413166666665,78.64413166666665 2.6175316666666664,78.64349833333334,78.64349833333334 2.619003333333333,78.64286666666668,78.64286666666668 2.6204716666666665,78.64223333333334,78.64223333333334 2.621936666666667,78.64160000000001,78.64160000000001 2.6234,78.64096500000001,78.64096500000001 2.6248600000000004,78.64033166666665,78.64033166666665 2.6263133333333335,78.63969499999999,78.63969499999999 2.6277616666666663,78.63906,78.63906 2.6292066666666662,78.63842333333334,78.63842333333334 2.630651666666667,78.63778500000001,78.63778500000001 2.632101666666667,78.63714666666667,78.63714666666667 2.6335599999999997,78.63650833333334,78.63650833333334 2.635028333333333,78.63587000000001,78.63587000000001 2.6365066666666666,78.63523166666667,78.63523166666667 2.637996666666666,78.63459333333334,78.63459333333334 2.6394966666666666,78.63395500000001,78.63395500000001 2.641003333333333,78.63331666666666,78.63331666666666 2.6425133333333335,78.63267833333332,78.63267833333332 2.644026666666667,78.63203833333333,78.63203833333333 2.645541666666666,78.63139833333334,78.63139833333334 2.6470616666666666,78.63075666666667,78.63075666666667 2.648586666666667,78.63011666666665,78.63011666666665 2.650116666666667,78.629475,78.629475 2.65165,78.62883333333332,78.62883333333332 2.65318,78.62819166666667,78.62819166666667 2.6547099999999997,78.62754833333334,78.62754833333334 2.656233333333333,78.62690666666668,78.62690666666668 2.6577466666666667,78.62626166666668,78.62626166666668 2.659255,78.62561833333334,78.62561833333334 2.6607549999999995,78.62497333333333,78.62497333333333 2.6622516666666667,78.62432999999999,78.62432999999999 2.663741666666667,78.62368500000001,78.62368500000001 2.6652283333333333,78.62304,78.62304 2.66671,78.62239500000001,78.62239500000001 2.6681899999999996,78.62175,78.62175 2.669668333333334,78.621105,78.621105 2.6711500000000004,78.62046166666666,78.62046166666666 2.672638333333334,78.61981833333331,78.61981833333331 2.6741333333333333,78.61917666666666,78.61917666666666 2.6756333333333333,78.61853500000001,78.61853500000001 2.6771399999999996,78.617895,78.617895 2.6786533333333336,78.61725333333332,78.61725333333332 2.680173333333333,78.616615,78.616615 2.681695,78.61597666666667,78.61597666666667 2.683218333333333,78.61533833333333,78.61533833333333 2.684743333333333,78.6147,78.6147 2.686271666666667,78.61406333333333,78.61406333333333 2.687798333333333,78.61342666666665,78.61342666666665 2.689316666666667,78.61278999999999,78.61278999999999 2.6908233333333333,78.61215333333332,78.61215333333332 2.6923166666666667,78.61151499999998,78.61151499999998 2.693791666666667,78.61087666666668,78.61087666666668 2.695246666666667,78.61023666666667,78.61023666666667 2.6966799999999997,78.609595,78.609595 2.6980966666666664,78.60895166666666,78.60895166666666 2.6995000000000005,78.60830833333331,78.60830833333331 2.700893333333333,78.607665,78.607665 2.7022866666666667,78.60702166666668,78.60702166666668 2.703678333333333,78.60637666666668,78.60637666666668 2.7050733333333334,78.60573333333333,78.60573333333333 2.706471666666667,78.60509,78.60509 2.707878333333333,78.60444666666666,78.60444666666666 2.709293333333333,78.60380333333332,78.60380333333332 2.7107200000000002,78.60316166666667,78.60316166666667 2.7121566666666665,78.60251833333335,78.60251833333335 2.7136050000000003,78.60187666666667,78.60187666666667 2.715063333333333,78.601235,78.601235 2.7165316666666666,78.60059166666666,78.60059166666666 2.718013333333334,78.59995,78.59995 2.7194999999999996,78.59930833333333,78.59930833333333 2.7209966666666667,78.59866666666667,78.59866666666667 2.7224966666666663,78.598025,78.598025 2.724001666666666,78.59738333333333,78.59738333333333 2.725505,78.59674000000001,78.59674000000001 2.727008333333333,78.59609833333333,78.59609833333333 2.728508333333333,78.59545499999999,78.59545499999999 2.730008333333333,78.59481166666667,78.59481166666667 2.7315083333333336,78.59416666666667,78.59416666666667 2.733006666666667,78.59352333333332,78.59352333333332 2.7345050000000004,78.59288,78.59288 2.7359999999999998,78.59223666666668,78.59223666666668 2.737495,78.59159333333334,78.59159333333334 2.7389916666666663,78.59095000000002,78.59095000000002 2.7404866666666665,78.59030666666665,78.59030666666665 2.7419816666666668,78.589665,78.589665 2.74348,78.58902333333333,78.58902333333333 2.7449866666666662,78.58838166666665,78.58838166666665 2.7465016666666666,78.58774166666666,78.58774166666666 2.7480216666666664,78.58710166666667,78.58710166666667 2.749551666666666,78.58646166666666,78.58646166666666 2.751088333333333,78.58582166666667,78.58582166666667 2.7526333333333333,78.58518166666666,78.58518166666666 2.7541833333333336,78.58454333333334,78.58454333333334 2.7557400000000003,78.58390166666666,78.58390166666666 2.757298333333334,78.58326000000001,78.58326000000001 2.7588566666666665,78.58261833333333,78.58261833333333 2.7604116666666663,78.58197499999999,78.58197499999999 2.761961666666667,78.58133000000001,78.58133000000001 2.7635099999999997,78.58068666666667,78.58068666666667 2.7650566666666667,78.58004166666666,78.58004166666666 2.7666033333333333,78.579395,78.579395 2.768146666666666,78.57875,78.57875 2.7696899999999998,78.57810333333333,78.57810333333333 2.771235,78.577455,78.577455 2.7727783333333336,78.57680833333333,78.57680833333333 2.7743233333333333,78.57615833333332,78.57615833333332 2.775866666666666,78.57550833333333,78.57550833333333 2.7774099999999997,78.57485833333334,78.57485833333334 2.7789516666666665,78.57420666666668,78.57420666666668 2.7804866666666666,78.57355333333334,78.57355333333334 2.7820133333333334,78.57289833333333,78.57289833333333 2.783526666666667,78.57224333333333,78.57224333333333 2.785026666666667,78.57158666666666,78.57158666666666 2.7865150000000005,78.57092999999999,78.57092999999999 2.7879916666666666,78.57027333333333,78.57027333333333 2.7894600000000005,78.56961666666666,78.56961666666666 2.790918333333333,78.56895999999999,78.56895999999999 2.792368333333333,78.56830333333333,78.56830333333333 2.7938116666666666,78.56764833333332,78.56764833333332 2.7952516666666667,78.566995,78.566995 2.796685,78.56634166666666,78.56634166666666 2.798118333333333,78.56568999999999,78.56568999999999 2.79955,78.56504,78.56504 2.800981666666667,78.56439,78.56439 2.802408333333333,78.56374000000001,78.56374000000001 2.8038316666666665,78.56308999999999,78.56308999999999 2.8052533333333334,78.56244166666669,78.56244166666669 2.8066800000000005,78.56179499999999,78.56179499999999 2.8081166666666664,78.56114833333332,78.56114833333332 2.8095600000000003,78.56050166666668,78.56050166666668 2.811006666666667,78.55985666666668,78.55985666666668 2.812458333333333,78.55921166666667,78.55921166666667 2.8139149999999997,78.55856666666666,78.55856666666666 2.8153733333333335,78.55792,78.55792 2.8168283333333335,78.55727499999999,78.55727499999999 2.818283333333333,78.55663,78.55663 2.819736666666667,78.55598333333333,78.55598333333333 2.8211899999999996,78.55533833333332,78.55533833333332 2.8226416666666667,78.55469166666666,78.55469166666666 2.8240916666666673,78.55404666666665,78.55404666666665 2.825541666666666,78.55339999999998,78.55339999999998 2.8269933333333332,78.552755,78.552755 2.8284499999999997,78.55210833333334,78.55210833333334 2.829915,78.55146333333333,78.55146333333333 2.8313916666666668,78.55081833333332,78.55081833333332 2.8328800000000003,78.55017333333335,78.55017333333335 2.8343800000000003,78.54953,78.54953 2.835891666666667,78.548885,78.548885 2.8374099999999998,78.54824333333333,78.54824333333333 2.8389333333333338,78.54759999999999,78.54759999999999 2.8404583333333338,78.54695666666667,78.54695666666667 2.841985,78.54631166666667,78.54631166666667 2.8435083333333333,78.54566666666666,78.54566666666666 2.8450233333333332,78.54502000000002,78.54502000000002 2.846528333333333,78.54437166666666,78.54437166666666 2.848021666666667,78.54372166666667,78.54372166666667 2.849505,78.54306666666666,78.54306666666666 2.8509766666666665,78.54241,78.54241 2.8524400000000005,78.54174833333332,78.54174833333332 2.8539016666666672,78.54108666666667,78.54108666666667 2.8553599999999997,78.54042166666666,78.54042166666666 2.8568199999999995,78.539755,78.539755 2.8582866666666664,78.53908833333334,78.53908833333334 2.8597599999999996,78.53842,78.53842 2.86124,78.537755,78.537755 2.8627249999999997,78.53708833333334,78.53708833333334 2.8642183333333335,78.53642333333333,78.53642333333333 2.8657216666666665,78.53576,78.53576 2.867235,78.53509666666667,78.53509666666667 2.868756666666667,78.53443333333334,78.53443333333334 2.870283333333333,78.53376833333334,78.53376833333334 2.8718133333333333,78.53310499999999,78.53310499999999 2.873346666666667,78.53244166666666,78.53244166666666 2.87488,78.53177666666667,78.53177666666667 2.87641,78.53111333333334,78.53111333333334 2.8779383333333333,78.53044833333334,78.53044833333334 2.8794616666666664,78.52978166666666,78.52978166666666 2.880983333333333,78.52911666666667,78.52911666666667 2.882503333333333,78.52845,78.52845 2.8840233333333334,78.52778333333333,78.52778333333333 2.885546666666667,78.52711833333333,78.52711833333333 2.8870733333333334,78.52645166666667,78.52645166666667 2.888605,78.52578666666666,78.52578666666666 2.890143333333334,78.52512166666666,78.52512166666666 2.8916883333333327,78.52445833333333,78.52445833333333 2.893235,78.523795,78.523795 2.8947833333333333,78.52313166666667,78.52313166666667 2.8963316666666667,78.52246833333332,78.52246833333332 2.8978783333333338,78.52180666666668,78.52180666666668 2.899425,78.52114499999999,78.52114499999999 2.9009716666666665,78.52048333333335,78.52048333333335 2.902515,78.51982166666666,78.51982166666666 2.904055,78.51916166666668,78.51916166666668 2.9055883333333328,78.51850333333334,78.51850333333334 2.9071149999999997,78.51784500000001,78.51784500000001 2.908635,78.51718833333332,78.51718833333332 2.910146666666667,78.51653333333334,78.51653333333334 2.9116516666666663,78.51587833333333,78.51587833333333 2.9131499999999995,78.515225,78.515225 2.91464,78.51457166666668,78.51457166666668 2.9161199999999994,78.51392,78.51392 2.917591666666667,78.51326833333331,78.51326833333331 2.9190599999999995,78.51261666666666,78.51261666666666 2.9205233333333336,78.51196666666667,78.51196666666667 2.9219833333333334,78.51131833333334,78.51131833333334 2.923438333333333,78.51066833333333,78.51066833333333 2.9248883333333335,78.51002,78.51002 2.9263300000000005,78.50937166666667,78.50937166666667 2.9277666666666664,78.508725,78.508725 2.929196666666667,78.50807666666667,78.50807666666667 2.9306216666666667,78.50743000000001,78.50743000000001 2.9320433333333327,78.50678500000001,78.50678500000001 2.933465,78.50614,78.50614 2.934891666666667,78.505495,78.505495 2.936325,78.50485166666668,78.50485166666668 2.937768333333333,78.50421,78.50421 2.939218333333333,78.50356833333335,78.50356833333335 2.940671666666667,78.50292833333333,78.50292833333333 2.942126666666667,78.50228833333333,78.50228833333333 2.9435849999999992,78.50164833333334,78.50164833333334 2.945046666666667,78.50101000000001,78.50101000000001 2.9465083333333335,78.50037166666667,78.50037166666667 2.9479666666666664,78.49973333333334,78.49973333333334 2.949425,78.49909333333335,78.49909333333335 2.9508799999999997,78.49845499999999,78.49845499999999 2.9523283333333334,78.49781666666665,78.49781666666665 2.9537716666666665,78.49717833333335,78.49717833333335 2.9552116666666666,78.49653833333333,78.49653833333333 2.9566500000000002,78.49589999999999,78.49589999999999 2.9580849999999996,78.49526166666666,78.49526166666666 2.9595166666666675,78.49462333333334,78.49462333333334 2.9609483333333335,78.493985,78.493985 2.9623850000000003,78.49334999999999,78.49334999999999 2.9638233333333335,78.49271333333333,78.49271333333333 2.965261666666667,78.49207833333334,78.49207833333334 2.9666983333333325,78.49144333333334,78.49144333333334 2.9681333333333333,78.49080999999998,78.49080999999998 2.969571666666667,78.49017666666667,78.49017666666667 2.971008333333333,78.489545,78.489545 2.9724450000000004,78.48891166666667,78.48891166666667 2.9738799999999994,78.48828166666667,78.48828166666667 2.9753149999999993,78.48765,78.48765 2.9767500000000005,78.48702000000002,78.48702000000002 2.9781850000000003,78.48638833333332,78.48638833333332 2.9796183333333337,78.48575833333334,78.48575833333334 2.98105,78.48512666666667,78.48512666666667 2.982476666666667,78.48449666666667,78.48449666666667 2.9838999999999998,78.483865,78.483865 2.985316666666667,78.48323166666667,78.48323166666667 2.98673,78.48259999999999,78.48259999999999 2.9881383333333336,78.48196666666666,78.48196666666666 2.9895433333333328,78.48133333333332,78.48133333333332 2.990945,78.48069833333334,78.48069833333334 2.9923450000000003,78.480065,78.480065 2.99374,78.47943000000001,78.47943000000001 2.9951300000000005,78.47879666666667,78.47879666666667 2.996518333333333,78.47816333333334,78.47816333333334 2.9979066666666667,78.47753,78.47753 2.9993000000000007,78.47689833333334,78.47689833333334 3.0006950000000003,78.47626666666666,78.47626666666666 3.0020866666666666,78.47563666666666,78.47563666666666 3.0034766666666664,78.47500500000001,78.47500500000001 3.004866666666666,78.47437499999998,78.47437499999998 3.0062533333333334,78.473745,78.473745 3.007638333333334,78.47311500000002,78.47311500000002 3.0090166666666667,78.47248499999999,78.47248499999999 3.010393333333333,78.471855,78.471855 3.011768333333333,78.471225,78.471225 3.013143333333333,78.470595,78.470595 3.014523333333333,78.46996666666668,78.46996666666668 3.0159116666666668,78.46933666666668,78.46933666666668 3.017306666666667,78.46871,78.46871 3.0187116666666665,78.46808166666668,78.46808166666668 3.0201249999999997,78.467455,78.467455 3.02155,78.46682833333332,78.46682833333332 3.022983333333334,78.46620166666666,78.46620166666666 3.024426666666667,78.46557500000002,78.46557500000002 3.0258733333333327,78.46494833333334,78.46494833333334 3.0273216666666665,78.46432166666666,78.46432166666666 3.028771666666666,78.463695,78.463695 3.030221666666667,78.46306833333333,78.46306833333333 3.031673333333333,78.46244166666668,78.46244166666668 3.0331233333333327,78.46181499999999,78.46181499999999 3.0345733333333333,78.46119,78.46119 3.0360216666666666,78.46056499999999,78.46056499999999 3.0374716666666663,78.45994,78.45994 3.03892,78.45931666666668,78.45931666666668 3.040363333333334,78.45869333333333,78.45869333333333 3.041798333333333,78.45806999999999,78.45806999999999 3.043228333333334,78.45744666666667,78.45744666666667 3.044653333333333,78.45682333333332,78.45682333333332 3.0460766666666665,78.45620166666666,78.45620166666666 3.0474983333333334,78.45558,78.45558 3.0489166666666665,78.45496,78.45496 3.0503316666666667,78.45433833333334,78.45433833333334 3.0517449999999995,78.45371833333334,78.45371833333334 3.0531599999999997,78.45309833333334,78.45309833333334 3.054576666666667,78.45247833333332,78.45247833333332 3.055995,78.45185833333332,78.45185833333332 3.0574150000000007,78.45123666666666,78.45123666666666 3.058835,78.45061666666666,78.45061666666666 3.060255,78.44999666666666,78.44999666666666 3.0616733333333332,78.44937666666667,78.44937666666667 3.0630916666666668,78.44875833333333,78.44875833333333 3.0645100000000007,78.44813833333333,78.44813833333333 3.065928333333333,78.44751833333333,78.44751833333333 3.067353333333333,78.4469,78.4469 3.068785,78.44627999999999,78.44627999999999 3.0702233333333333,78.44566,78.44566 3.0716683333333332,78.44504,78.44504 3.07312,78.44441833333333,78.44441833333333 3.0745783333333327,78.44379666666667,78.44379666666667 3.0760400000000003,78.44317333333335,78.44317333333335 3.077503333333333,78.44254833333333,78.44254833333333 3.0789650000000006,78.44192333333332,78.44192333333332 3.080433333333334,78.44129666666666,78.44129666666666 3.081906666666667,78.44067000000001,78.44067000000001 3.0833816666666674,78.44004166666667,78.44004166666667 3.0848533333333337,78.43941333333333,78.43941333333333 3.0863199999999997,78.43878333333335,78.43878333333335 3.08779,78.43815333333335,78.43815333333335 3.08926,78.43752333333333,78.43752333333333 3.0907266666666664,78.43689166666667,78.43689166666667 3.092193333333334,78.43626166666667,78.43626166666667 3.093658333333334,78.43563333333334,78.43563333333334 3.0951233333333334,78.43500333333334,78.43500333333334 3.0965899999999995,78.434375,78.434375 3.0980550000000004,78.43374666666668,78.43374666666668 3.0995166666666667,78.43311833333334,78.43311833333334 3.1009749999999996,78.43248833333334,78.43248833333334 3.102431666666666,78.43185833333335,78.43185833333335 3.103886666666667,78.43122833333332,78.43122833333332 3.1053433333333333,78.43059833333334,78.43059833333334 3.1068083333333334,78.42996833333333,78.42996833333333 3.1082799999999997,78.42933833333333,78.42933833333333 3.1097566666666663,78.42870666666666,78.42870666666666 3.111241666666667,78.42807666666666,78.42807666666666 3.1127350000000003,78.427445,78.427445 3.1142333333333334,78.42681166666665,78.42681166666665 3.1157333333333335,78.42617833333334,78.42617833333334 3.117231666666667,78.42554333333332,78.42554333333332 3.1187316666666662,78.42490666666666,78.42490666666666 3.120231666666667,78.42426999999999,78.42426999999999 3.121731666666667,78.42363166666668,78.42363166666668 3.123228333333334,78.42299,78.42299 3.1247133333333337,78.42234833333335,78.42234833333335 3.126183333333334,78.42170333333334,78.42170333333334 3.127636666666667,78.42105666666667,78.42105666666667 3.129071666666667,78.42040666666668,78.42040666666668 3.1304916666666665,78.419755,78.419755 3.1319066666666666,78.41910333333334,78.41910333333334 3.133321666666667,78.41845166666666,78.41845166666666 3.1347316666666667,78.41779833333334,78.41779833333334 3.13614,78.41714666666667,78.41714666666667 3.137543333333333,78.41649166666666,78.41649166666666 3.138945,78.41583666666668,78.41583666666668 3.1403433333333335,78.41518166666667,78.41518166666667 3.14174,78.41452500000001,78.41452500000001 3.143135,78.41386833333331,78.41386833333331 3.1445283333333327,78.41320999999999,78.41320999999999 3.1459200000000003,78.41255166666666,78.41255166666666 3.1473083333333336,78.41189333333332,78.41189333333332 3.148693333333333,78.411235,78.411235 3.1500749999999997,78.41057666666667,78.41057666666667 3.1514566666666664,78.40991833333332,78.40991833333332 3.152838333333333,78.40925999999999,78.40925999999999 3.1542166666666667,78.40860166666666,78.40860166666666 3.1555949999999995,78.407945,78.407945 3.1569733333333336,78.40728999999999,78.40728999999999 3.1583516666666664,78.40663333333335,78.40663333333335 3.159731666666667,78.40597833333332,78.40597833333332 3.1611100000000008,78.40532333333334,78.40532333333334 3.1624849999999998,78.40466666666667,78.40466666666667 3.163858333333333,78.40401166666666,78.40401166666666 3.165233333333333,78.403355,78.403355 3.1666100000000004,78.4027,78.4027 3.1679849999999994,78.40204333333332,78.40204333333332 3.169358333333333,78.40138666666667,78.40138666666667 3.1707333333333336,78.40073,78.40073 3.172108333333333,78.40007499999999,78.40007499999999 3.173486666666667,78.39941999999999,78.39941999999999 3.1748733333333328,78.39876500000001,78.39876500000001 3.176265,78.39811,78.39811 3.1776600000000004,78.39745666666666,78.39745666666666 3.1790600000000007,78.39680166666668,78.39680166666668 3.1804666666666663,78.39614833333334,78.39614833333334 3.1818783333333327,78.395495,78.395495 3.183293333333333,78.39484166666665,78.39484166666665 3.1847100000000004,78.39418833333333,78.39418833333333 3.186126666666667,78.393535,78.393535 3.187545,78.39288166666668,78.39288166666668 3.188965,78.39223,78.39223 3.1903866666666665,78.39157833333334,78.39157833333334 3.1918083333333334,78.39092666666666,78.39092666666666 3.1932316666666667,78.390275,78.390275 3.194658333333334,78.38962333333333,78.38962333333333 3.1960850000000005,78.38897166666668,78.38897166666668 3.1975150000000006,78.38832000000002,78.38832000000002 3.198948333333333,78.38767,78.38767 3.200385,78.38702,78.38702 3.201823333333333,78.38637000000001,78.38637000000001 3.203256666666667,78.38572166666665,78.38572166666665 3.204685,78.38507166666666,78.38507166666666 3.2061066666666664,78.38442166666667,78.38442166666667 3.2075216666666666,78.38377166666668,78.38377166666668 3.2089333333333334,78.38312166666667,78.38312166666667 3.210341666666667,78.38247333333334,78.38247333333334 3.2117416666666663,78.381825,78.381825 3.21313,78.38117666666668,78.38117666666668 3.21451,78.38052833333334,78.38052833333334 3.2158800000000003,78.37988166666668,78.37988166666668 3.21724,78.37923500000001,78.37923500000001 3.218595,78.37859,78.37859 3.2199450000000005,78.377945,78.377945 3.2212883333333338,78.3773,78.3773 3.2226266666666663,78.376655,78.376655 3.2239633333333333,78.37601,78.37601 3.225303333333333,78.37536666666665,78.37536666666665 3.2266349999999995,78.374725,78.374725 3.2279599999999995,78.37408166666668,78.37408166666668 3.2292799999999997,78.37344,78.37344 3.2306,78.37279833333334,78.37279833333334 3.2319116666666665,78.37215666666665,78.37215666666665 3.2332183333333337,78.371515,78.371515 3.234528333333334,78.37087333333335,78.37087333333335 3.2358416666666674,78.37023333333333,78.37023333333333 3.23716,78.36959333333333,78.36959333333333 3.238483333333334,78.36895333333334,78.36895333333334 3.2398149999999997,78.36831500000001,78.36831500000001 3.2411600000000003,78.36767499999999,78.36767499999999 3.242515,78.36703833333331,78.36703833333331 3.243885,78.36640166666668,78.36640166666668 3.2452683333333328,78.365765,78.365765 3.2466616666666663,78.36513,78.36513 3.2480649999999995,78.364495,78.364495 3.2494799999999997,78.36386,78.36386 3.250903333333333,78.36322666666666,78.36322666666666 3.2523350000000004,78.36259333333334,78.36259333333334 3.2537749999999996,78.36196166666667,78.36196166666667 3.2552199999999996,78.36133,78.36133 3.2566750000000004,78.36069666666667,78.36069666666667 3.2581333333333333,78.36006499999999,78.36006499999999 3.259598333333333,78.35943499999999,78.35943499999999 3.2610733333333335,78.358805,78.358805 3.262553333333333,78.35817333333331,78.35817333333331 3.26404,78.35754166666668,78.35754166666668 3.2655316666666665,78.35691166666666,78.35691166666666 3.267021666666667,78.35627833333334,78.35627833333334 3.268506666666667,78.35564666666669,78.35564666666669 3.2699816666666663,78.35501166666667,78.35501166666667 3.2714499999999997,78.35437833333333,78.35437833333333 3.2729099999999995,78.35374166666666,78.35374166666666 3.274361666666667,78.35310666666665,78.35310666666665 3.275805,78.35246999999998,78.35246999999998 3.277241666666667,78.35183166666667,78.35183166666667 3.2786766666666662,78.351195,78.351195 3.2801050000000003,78.35055666666668,78.35055666666668 3.281528333333333,78.34991833333333,78.34991833333333 3.2829499999999996,78.34928000000001,78.34928000000001 3.284375,78.34864166666665,78.34864166666665 3.2858000000000005,78.34800333333332,78.34800333333332 3.287221666666667,78.34736333333332,78.34736333333332 3.28864,78.34672333333333,78.34672333333333 3.290056666666666,78.34608000000001,78.34608000000001 3.2914666666666665,78.34543666666667,78.34543666666667 3.292875,78.34479166666667,78.34479166666667 3.294283333333333,78.344145,78.344145 3.2956883333333336,78.34349833333334,78.34349833333334 3.2970966666666666,78.34285,78.34285 3.298506666666666,78.3422,78.3422 3.2999166666666664,78.34155000000001,78.34155000000001 3.301325,78.34089833333336,78.34089833333336 3.30273,78.34024666666664,78.34024666666664 3.304135,78.33959333333333,78.33959333333333 3.305536666666667,78.33893833333333,78.33893833333333 3.306931666666667,78.33828333333332,78.33828333333332 3.3083183333333337,78.33762666666665,78.33762666666665 3.309698333333334,78.33697000000001,78.33697000000001 3.311073333333333,78.33631333333332,78.33631333333332 3.3124416666666674,78.33565499999999,78.33565499999999 3.3138050000000003,78.33499666666667,78.33499666666667 3.3151650000000004,78.33433833333333,78.33433833333333 3.316521666666667,78.33368,78.33368 3.317873333333334,78.33302166666668,78.33302166666668 3.319216666666667,78.33236333333332,78.33236333333332 3.320561666666667,78.331705,78.331705 3.321915,78.33104666666667,78.33104666666667 3.323270000000001,78.33038833333333,78.33038833333333 3.324621666666667,78.32972833333332,78.32972833333332 3.32597,78.32906666666666,78.32906666666666 3.3273283333333334,78.32840500000002,78.32840500000002 3.328695,78.32774333333333,78.32774333333333 3.330069999999999,78.32708,78.32708 3.3314549999999996,78.32641666666667,78.32641666666667 3.332853333333333,78.32575333333331,78.32575333333331 3.334268333333333,78.32509,78.32509 3.3356933333333334,78.32442666666668,78.32442666666668 3.3371233333333334,78.32376333333335,78.32376333333335 3.3385649999999996,78.3231,78.3231 3.340016666666667,78.32243833333335,78.32243833333335 3.341473333333334,78.32177666666666,78.32177666666666 3.3429333333333338,78.32111666666665,78.32111666666665 3.3443950000000005,78.320455,78.320455 3.345861666666667,78.31979500000001,78.31979500000001 3.347331666666667,78.31913333333333,78.31913333333333 3.348806666666667,78.318475,78.318475 3.3502949999999996,78.31781666666667,78.31781666666667 3.351798333333333,78.31716166666666,78.31716166666666 3.3533200000000005,78.31650833333333,78.31650833333333 3.354851666666666,78.31585833333334,78.31585833333334 3.3563883333333338,78.31520833333335,78.31520833333335 3.3579333333333334,78.31456166666668,78.31456166666668 3.3594850000000003,78.31391500000001,78.31391500000001 3.36104,78.31327,78.31327 3.3625916666666664,78.312625,78.312625 3.364145,78.31198166666667,78.31198166666667 3.3657,78.31133833333332,78.31133833333332 3.3672566666666666,78.31069500000001,78.31069500000001 3.3688083333333334,78.31005166666667,78.31005166666667 3.370363333333333,78.30940833333335,78.30940833333335 3.3719200000000003,78.30876666666667,78.30876666666667 3.3734733333333327,78.308125,78.308125 3.375021666666667,78.30748333333332,78.30748333333332 3.3765699999999996,78.30683999999998,78.30683999999998 3.3781183333333336,78.30619833333333,78.30619833333333 3.379663333333334,78.30555500000001,78.30555500000001 3.381206666666667,78.30491333333333,78.30491333333333 3.3827516666666666,78.30427166666666,78.30427166666666 3.3842966666666667,78.30362833333332,78.30362833333332 3.3858399999999995,78.30298666666667,78.30298666666667 3.387381666666667,78.30234333333333,78.30234333333333 3.3889183333333337,78.30170000000001,78.30170000000001 3.390451666666667,78.30105666666667,78.30105666666667 3.391986666666667,78.30041333333334,78.30041333333334 3.3935199999999996,78.29976833333333,78.29976833333333 3.395051666666667,78.29912499999999,78.29912499999999 3.3965800000000006,78.29848000000001,78.29848000000001 3.3981050000000006,78.297835,78.297835 3.3996299999999997,78.29719,78.29719 3.401148333333333,78.296545,78.296545 3.402663333333334,78.29589999999999,78.29589999999999 3.40417,78.29525500000001,78.29525500000001 3.4056683333333333,78.29460833333331,78.29460833333331 3.4071599999999997,78.29396333333334,78.29396333333334 3.408645,78.29331666666667,78.29331666666667 3.4101299999999997,78.29267166666666,78.29267166666666 3.411618333333333,78.29202833333333,78.29202833333333 3.4131033333333334,78.29138333333333,78.29138333333333 3.4145849999999998,78.29074000000001,78.29074000000001 3.4160633333333332,78.29009500000001,78.29009500000001 3.417535,78.28945,78.28945 3.4189966666666667,78.28880333333333,78.28880333333333 3.4204483333333333,78.28815333333334,78.28815333333334 3.4218916666666663,78.28750499999998,78.28750499999998 3.4233133333333337,78.28685333333333,78.28685333333333 3.424701666666667,78.28619833333333,78.28619833333333 3.426065,78.28554333333332,78.28554333333332 3.4274100000000005,78.28488666666668,78.28488666666668 3.4287433333333337,78.28422833333335,78.28422833333335 3.4300650000000004,78.28357,78.28357 3.4313816666666668,78.28290999999999,78.28290999999999 3.4326966666666663,78.28225166666665,78.28225166666665 3.434011666666667,78.28159166666666,78.28159166666666 3.435323333333333,78.28093166666667,78.28093166666667 3.436629999999999,78.28027333333331,78.28027333333331 3.4379349999999995,78.27961333333333,78.27961333333333 3.439238333333334,78.278955,78.278955 3.4405416666666664,78.278295,78.278295 3.441841666666666,78.27763666666668,78.27763666666668 3.4431399999999996,78.27698000000001,78.27698000000001 3.4444383333333333,78.27632166666668,78.27632166666668 3.4457383333333333,78.27566499999999,78.27566499999999 3.44704,78.27501000000001,78.27501000000001 3.4483449999999998,78.27435333333332,78.27435333333332 3.449653333333333,78.2737,78.2737 3.450965,78.27304666666669,78.27304666666669 3.4522783333333336,78.27239333333334,78.27239333333334 3.4536,78.27174166666666,78.27174166666666 3.4549250000000002,78.27109166666666,78.27109166666666 3.456253333333333,78.27044,78.27044 3.4575850000000004,78.26979166666666,78.26979166666666 3.4589166666666675,78.26914166666667,78.26914166666667 3.4602533333333336,78.26849333333334,78.26849333333334 3.461588333333333,78.26784500000001,78.26784500000001 3.462923333333333,78.26719666666668,78.26719666666668 3.464255,78.26655000000001,78.26655000000001 3.4655883333333333,78.26590166666668,78.26590166666668 3.4669383333333332,78.26525666666667,78.26525666666667 3.4683233333333336,78.26461333333333,78.26461333333333 3.4697450000000005,78.26397166666666,78.26397166666666 3.4712066666666668,78.26333333333334,78.26333333333334 3.472718333333333,78.26269833333335,78.26269833333335 3.474285,78.26206833333333,78.26206833333333 3.475905,78.26144166666666,78.26144166666666 3.4775766666666668,78.26081833333333,78.26081833333333 3.479303333333333,78.2602,78.2602 3.4810933333333325,78.25958666666668,78.25958666666668 3.482945,78.25898000000001,78.25898000000001 3.4848633333333328,78.25838,78.25838 3.486858333333333,78.25779,78.25779 3.4889316666666663,78.25721,78.25721 3.4910783333333333,78.25663833333333,78.25663833333333 3.4932966666666663,78.25607666666666,78.25607666666666 3.495588333333333,78.255525,78.255525 3.4979500000000003,78.25498333333334,78.25498333333334 3.5003699999999998,78.25445,78.25445 3.502841666666667,78.25392333333333,78.25392333333333 3.5053650000000007,78.25340500000001,78.25340500000001 3.507936666666667,78.25289333333333,78.25289333333333 3.510546666666666,78.25238666666667,78.25238666666667 3.5131900000000007,78.25188499999999,78.25188499999999 3.515863333333333,78.25138833333334,78.25138833333334 3.5185699999999995,78.25089666666666,78.25089666666666 3.521316666666667,78.25041166666665,78.25041166666665 3.524108333333334,78.24993500000001,78.24993500000001 3.5269516666666663,78.24946833333334,78.24946833333334 3.5298533333333335,78.24901499999999,78.24901499999999 3.5328333333333335,78.24857833333333,78.24857833333333 3.535901666666667,78.248165,78.248165 3.5390566666666663,78.24777499999999,78.24777499999999 3.542291666666667,78.24740833333333,78.24740833333333 3.545606666666667,78.24706666666667,78.24706666666667 3.5490000000000004,78.24674999999999,78.24674999999999 3.5524649999999998,78.24646,78.24646 3.5559933333333333,78.246195,78.246195 3.5595833333333333,78.24595500000001,78.24595500000001 3.563231666666667,78.24573999999998,78.24573999999998 3.5669366666666673,78.24555166666669,78.24555166666669 3.5706866666666666,78.24539499999999,78.24539499999999 3.5744716666666663,78.24526833333333,78.24526833333333 3.57828,78.24517,78.24517 3.5821050000000003,78.24509833333333,78.24509833333333 3.5859383333333334,78.24505500000001,78.24505500000001 3.589776666666667,78.24504,78.24504 3.593615,78.24505166666667,78.24505166666667 3.5974466666666665,78.24508833333333,78.24508833333333 3.6012699999999995,78.24514833333332,78.24514833333332 3.605081666666666,78.24523166666665,78.24523166666665 3.6088799999999996,78.24533666666666,78.24533666666666 3.6126650000000002,78.24546000000001,78.24546000000001 3.6164316666666667,78.245595,78.245595 3.6201766666666666,78.24574333333334,78.24574333333334 3.623893333333333,78.24590166666667,78.24590166666667 3.627576666666667,78.24607166666667,78.24607166666667 3.6312316666666664,78.24625333333333,78.24625333333333 3.634856666666667,78.24644333333335,78.24644333333335 3.638455,78.24664166666668,78.24664166666668 3.6420216666666665,78.24685166666667,78.24685166666667 3.645551666666666,78.24707666666667,78.24707666666667 3.649045,78.24731333333335,78.24731333333335 3.652505,78.247565,78.247565 3.655931666666667,78.24783000000002,78.24783000000002 3.659328333333334,78.24810666666667,78.24810666666667 3.6626999999999996,78.24839333333333,78.24839333333333 3.6660516666666663,78.24868833333333,78.24868833333333 3.669385,78.24899333333333,78.24899333333333 3.672705,78.249305,78.249305 3.6760133333333327,78.24962500000001,78.24962500000001 3.6793166666666672,78.24995,78.24995 3.6826166666666666,78.25027833333333,78.25027833333333 3.6859116666666667,78.25061000000001,78.25061000000001 3.6892050000000003,78.25094499999999,78.25094499999999 3.6924966666666665,78.25128,78.25128 3.6957916666666666,78.25161499999999,78.25161499999999 3.6991000000000005,78.251945,78.251945 3.7024299999999997,78.25226833333332,78.25226833333332 3.705785,78.25258000000001,78.25258000000001 3.709158333333334,78.25288333333333,78.25288333333333 3.712543333333333,78.25318000000001,78.25318000000001 3.7159383333333333,78.25347000000001,78.25347000000001 3.719341666666667,78.25375833333332,78.25375833333332 3.722753333333334,78.25404333333331,78.25404333333331 3.726171666666666,78.25432333333332,78.25432333333332 3.7295966666666667,78.25460333333332,78.25460333333332 3.7330333333333336,78.25488166666666,78.25488166666666 3.736488333333333,78.25515166666668,78.25515166666668 3.7399699999999996,78.25541666666666,78.25541666666666 3.743478333333333,78.25567333333332,78.25567333333332 3.747008333333333,78.25592166666667,78.25592166666667 3.750558333333333,78.25616333333335,78.25616333333335 3.7541266666666666,78.25639666666666,78.25639666666666 3.7577100000000003,78.25662333333334,78.25662333333334 3.7613083333333335,78.25684166666667,78.25684166666667 3.764918333333334,78.25705166666665,78.25705166666665 3.7685450000000005,78.25725333333334,78.25725333333334 3.7721866666666672,78.25744666666665,78.25744666666665 3.775851666666667,78.25762666666665,78.25762666666665 3.779536666666667,78.25779,78.25779 3.7832399999999997,78.25793666666668,78.25793666666668 3.7869583333333328,78.25806499999999,78.25806499999999 3.7906899999999997,78.25817999999998,78.25817999999998 3.794431666666667,78.25827666666667,78.25827666666667 3.7981800000000003,78.25835666666666,78.25835666666666 3.8019350000000003,78.25842166666666,78.25842166666666 3.805693333333333,78.25847666666667,78.25847666666667 3.809453333333334,78.25852,78.25852 3.8132183333333325,78.25855333333335,78.25855333333335 3.816981666666666,78.25857666666667,78.25857666666667 3.8207466666666665,78.25858499999998,78.25858499999998 3.82451,78.25858166666666,78.25858166666666 3.82827,78.25856666666667,78.25856666666667 3.832021666666666,78.25853666666667,78.25853666666667 3.8357616666666665,78.25849000000001,78.25849000000001 3.839486666666666,78.25842833333333,78.25842833333333 3.8431900000000003,78.25835000000001,78.25835000000001 3.84687,78.25825499999999,78.25825499999999 3.8505266666666675,78.258145,78.258145 3.854161666666667,78.25802333333334,78.25802333333334 3.857781666666667,78.25789333333333,78.25789333333333 3.8613900000000005,78.25775333333333,78.25775333333333 3.864986666666667,78.25760833333334,78.25760833333334 3.8685833333333335,78.25746000000001,78.25746000000001 3.8721783333333333,78.25730666666665,78.25730666666665 3.875773333333333,78.25715000000001,78.25715000000001 3.8793733333333336,78.25699166666666,78.25699166666666 3.8829816666666668,78.25683666666669,78.25683666666669 3.8866016666666665,78.25668666666668,78.25668666666668 3.8902316666666668,78.25654166666666,78.25654166666666 3.8938649999999995,78.2564,78.2564 3.897493333333334,78.25626333333332,78.25626333333332 3.901115,78.25613,78.25613 3.9047283333333334,78.25599666666668,78.25599666666668 3.908328333333334,78.255865,78.255865 3.9119183333333334,78.25573166666665,78.25573166666665 3.9154966666666664,78.25560333333334,78.25560333333334 3.9190633333333333,78.25547499999999,78.25547499999999 3.922616666666667,78.25535,78.25535 3.9261583333333334,78.25522666666667,78.25522666666667 3.929688333333333,78.25510666666666,78.25510666666666 3.93321,78.25498833333333,78.25498833333333 3.9367250000000005,78.25487333333334,78.25487333333334 3.9402350000000004,78.25476166666667,78.25476166666667 3.9437433333333334,78.25465833333332,78.25465833333332 3.947255,78.25456333333334,78.25456333333334 3.9507700000000003,78.25448,78.25448 3.954281666666666,78.25440166666667,78.25440166666667 3.957791666666666,78.25432666666667,78.25432666666667 3.9612999999999996,78.25425333333334,78.25425333333334 3.964803333333333,78.25417999999999,78.25417999999999 3.9683066666666673,78.25410666666666,78.25410666666666 3.9718066666666667,78.254035,78.254035 3.9753033333333327,78.25396333333333,78.25396333333333 3.9787966666666668,78.25389333333332,78.25389333333332 3.9822883333333334,78.25382666666665,78.25382666666665 3.9857783333333336,78.25376166666668,78.25376166666668 3.989268333333334,78.25370333333332,78.25370333333332 3.99276,78.25365166666667,78.25365166666667 3.9962516666666668,78.25360500000001,78.25360500000001 3.999741666666667,78.25356333333335,78.25356333333335 4.003231666666667,78.25352666666666,78.25352666666666 4.0067200000000005,78.253495,78.253495 4.010204999999999,78.25346666666667,78.25346666666667 4.0136899999999995,78.25344333333334,78.25344333333334 4.017173333333333,78.25342500000001,78.25342500000001 4.0206550000000005,78.25341499999999,78.25341499999999 4.024133333333333,78.25341,78.25341 4.027606666666666,78.25341166666666,78.25341166666666 4.031079999999999,78.25341999999999,78.25341999999999 4.034548333333333,78.25343166666666,78.25343166666666 4.038016666666667,78.25345000000002,78.25345000000002 4.041485000000001,78.25347166666667,78.25347166666667 4.044958333333334,78.25349166666668,78.25349166666668 4.048431666666667,78.25350833333334,78.25350833333334 4.051906666666667,78.25352333333333,78.25352333333333 4.055381666666667,78.25354166666666,78.25354166666666 4.058856666666667,78.25356,78.25356 4.062333333333333,78.25358166666666,78.25358166666666 4.065816666666667,78.25360166666665,78.25360166666665 4.069308333333334,78.25361833333332,78.25361833333332 4.072806666666667,78.25363166666665,78.25363166666665 4.076308333333334,78.25364166666667,78.25364166666667 4.079811666666667,78.25365000000001,78.25365000000001 4.083318333333334,78.25365666666666,78.25365666666666 4.086826666666668,78.25366000000001,78.25366000000001 4.090339999999999,78.25366166666667,78.25366166666667 4.093856666666666,78.25366333333334,78.25366333333334 4.097373333333333,78.25366666666667,78.25366666666667 4.100890000000001,78.25367,78.25367 4.104406666666668,78.25367333333332,78.25367333333332 4.107923333333333,78.25367500000002,78.25367500000002 4.111438333333334,78.25367500000002,78.25367500000002 4.114951666666667,78.25367333333332,78.25367333333332 4.118461666666667,78.25366833333332,78.25366833333332 4.121971666666667,78.25366166666667,78.25366166666667 4.12548,78.253655,78.253655 4.128985000000001,78.25364666666665,78.25364666666665 4.132486666666667,78.25364333333333,78.25364333333333 4.135988333333333,78.25364166666667,78.25364166666667 4.1394899999999994,78.25364166666667,78.25364166666667 4.14299,78.25364666666665,78.25364666666665 4.146488333333334,78.25365333333333,78.25365333333333 4.149985000000001,78.25366333333334,78.25366333333334 4.153478333333334,78.25367666666665,78.25367666666665 4.156973333333334,78.25369333333333,78.25369333333333 4.160466666666667,78.25371666666668,78.25371666666668 4.163961666666667,78.25374333333332,78.25374333333332 4.167458333333334,78.25377333333334,78.25377333333334 4.170951666666667,78.25380000000001,78.25380000000001 4.174441666666667,78.25382500000002,78.25382500000002 4.177928333333333,78.25384666666667,78.25384666666667 4.18141,78.25386499999999,78.25386499999999 4.1848849999999995,78.25388,78.25388 4.1883550000000005,78.25389333333332,78.25389333333332 4.191818333333333,78.253905,78.253905 4.1952799999999995,78.25391666666667,78.25391666666667 4.198738333333333,78.253925,78.253925 4.202196666666666,78.25393333333334,78.25393333333334 4.205660000000001,78.25393999999999,78.25393999999999 4.209126666666666,78.253945,78.253945 4.212598333333333,78.25395,78.25395 4.216073333333333,78.25395333333333,78.25395333333333 4.219548333333333,78.25395499999999,78.25395499999999 4.223025000000001,78.25395833333334,78.25395833333334 4.2265016666666675,78.25396166666667,78.25396166666667 4.229981666666667,78.253965,78.253965 4.233468333333334,78.25396833333332,78.25396833333332 4.236965,78.25397500000001,78.25397500000001 4.240471666666666,78.25398166666666,78.25398166666666 4.24399,78.25399,78.25399 4.247513333333333,78.25399833333334,78.25399833333334 4.251041666666667,78.25400666666665,78.25400666666665 4.254571666666667,78.25401333333332,78.25401333333332 4.258105000000001,78.25402,78.25402 4.261643333333333,78.25402666666668,78.25402666666668 4.265186666666668,78.254035,78.254035 4.268738333333333,78.25404333333331,78.25404333333331 4.272295,78.25405333333335,78.25405333333335 4.275860000000001,78.254065,78.254065 4.279433333333334,78.25407666666666,78.25407666666666 4.283011666666668,78.25409166666667,78.25409166666667 4.286595,78.25410666666666,78.25410666666666 4.290183333333333,78.25412333333333,78.25412333333333 4.293776666666667,78.25413833333334,78.25413833333334 4.297375,78.25415666666665,78.25415666666665 4.300978333333333,78.25417333333333,78.25417333333333 4.3045833333333325,78.25419,78.25419 4.308188333333333,78.25420833333332,78.25420833333332 4.311794999999999,78.254225,78.254225 4.315401666666666,78.25424333333333,78.25424333333333 4.319003333333334,78.25426166666666,78.25426166666666 4.322605,78.25428166666667,78.25428166666667 4.326201666666666,78.2543,78.2543 4.329789999999999,78.25431833333333,78.25431833333333 4.333370000000001,78.25433666666667,78.25433666666667 4.3369383333333325,78.25435333333334,78.25435333333334 4.340498333333333,78.25436833333333,78.25436833333333 4.344051666666667,78.25438000000001,78.25438000000001 4.347598333333334,78.25439166666668,78.25439166666668 4.351139999999999,78.25440166666667,78.25440166666667 4.35468,78.25441166666667,78.25441166666667 4.358223333333334,78.25442000000001,78.25442000000001 4.361771666666666,78.25443,78.25443 4.365326666666667,78.25443833333334,78.25443833333334 4.368891666666666,78.25444833333334,78.25444833333334 4.372468333333333,78.25445833333333,78.25445833333333 4.376056666666667,78.25446833333334,78.25446833333334 4.379661666666666,78.25447833333334,78.25447833333334 4.383275,78.25449166666668,78.25449166666668 4.386898333333334,78.25450333333335,78.25450333333335 4.390525000000001,78.25451666666666,78.25451666666666 4.39415,78.25453000000002,78.25453000000002 4.397771666666666,78.25454333333333,78.25454333333333 4.401391666666668,78.25455666666666,78.25455666666666 4.405008333333334,78.25457,78.25457 4.408625,78.25458333333333,78.25458333333333 4.412236666666666,78.25459666666667,78.25459666666667 4.415843333333334,78.25460833333334,78.25460833333334 4.4194450000000005,78.25461833333334,78.25461833333334 4.423041666666666,78.25462999999999,78.25462999999999 4.426636666666667,78.25464,78.25464 4.4302366666666675,78.25465000000001,78.25465000000001 4.433841666666666,78.25466333333334,78.25466333333334 4.437451666666666,78.25467666666667,78.25467666666667 4.441066666666667,78.25468999999998,78.25468999999998 4.4446900000000005,78.25470666666666,78.25470666666666 4.448311666666667,78.25472333333333,78.25472333333333 4.451923333333333,78.25474500000001,78.25474500000001 4.455526666666666,78.25476666666667,78.25476666666667 4.4591166666666675,78.25479,78.25479 4.462695,78.25481500000001,78.25481500000001 4.46626,78.25483999999999,78.25483999999999 4.4698183333333334,78.25486666666669,78.25486666666669 4.473368333333333,78.25489,78.25489 4.476913333333333,78.25491,78.25491 4.480455,78.25492833333334,78.25492833333334 4.483993333333334,78.25494666666667,78.25494666666667 4.4875300000000005,78.25496666666666,78.25496666666666 4.491066666666667,78.254985,78.254985 4.494601666666667,78.255005,78.255005 4.4981366666666664,78.25502166666666,78.25502166666666 4.501669999999999,78.25503499999999,78.25503499999999 4.505203333333333,78.25504333333333,78.25504333333333 4.5087383333333335,78.25505,78.25505 4.512271666666668,78.25505499999998,78.25505499999998 4.515805,78.25505499999998,78.25505499999998 4.519338333333333,78.25505166666666,78.25505166666666 4.522868333333333,78.25504500000001,78.25504500000001 4.526395,78.25503499999999,78.25503499999999 4.529918333333333,78.25502166666666,78.25502166666666 4.533439999999999,78.25500666666666,78.25500666666666 4.53696,78.25499166666667,78.25499166666667 4.5404833333333325,78.25497666666666,78.25497666666666 4.544006666666667,78.254965,78.254965 4.547531666666667,78.25495666666667,78.25495666666667 4.551058333333334,78.25495,78.25495 4.554586666666667,78.25494833333333,78.25494833333333 4.558116666666668,78.25494833333333,78.25494833333333 4.561648333333333,78.25495333333335,78.25495333333335 4.565183333333333,78.25496166666667,78.25496166666667 4.56872,78.25497333333334,78.25497333333334 4.572261666666667,78.25498666666667,78.25498666666667 4.575805,78.25500333333333,78.25500333333333 4.579350000000001,78.25502166666666,78.25502166666666 4.582898333333334,78.25504333333333,78.25504333333333 4.586446666666666,78.25506833333334,78.25506833333334 4.589996666666668,78.25509666666667,78.25509666666667 4.5935500000000005,78.255125,78.255125 4.597101666666666,78.25515333333334,78.25515333333334 4.600651666666667,78.25518333333333,78.25518333333333 4.604196666666666,78.25521333333333,78.25521333333333 4.607736666666667,78.25524166666668,78.25524166666668 4.611269999999999,78.25527000000001,78.25527000000001 4.614798333333333,78.255295,78.255295 4.6183216666666675,78.25531666666669,78.25531666666669 4.621841666666667,78.25533666666668,78.25533666666668 4.625361666666667,78.255355,78.255355 4.628881666666666,78.25537,78.25537 4.6324016666666665,78.25538499999999,78.25538499999999 4.635918333333334,78.25539666666667,78.25539666666667 4.639433333333333,78.25540666666667,78.25540666666667 4.642943333333334,78.255415,78.255415 4.646449999999999,78.25542000000002,78.25542000000002 4.6499516666666665,78.255425,78.255425 4.6534466666666665,78.25542666666666,78.25542666666666 4.656936666666666,78.25542666666666,78.25542666666666 4.660423333333333,78.255425,78.255425 4.6639100000000004,78.25542666666666,78.25542666666666 4.667398333333334,78.25542999999999,78.25542999999999 4.670886666666666,78.25543666666667,78.25543666666667 4.6743733333333335,78.255445,78.255445 4.677858333333334,78.255455,78.255455 4.6813416666666665,78.25546666666668,78.25546666666668 4.684823333333333,78.25548,78.25548 4.688305,78.25549166666667,78.25549166666667 4.691788333333332,78.25550499999999,78.25550499999999 4.695275,78.25551499999999,78.25551499999999 4.698766666666666,78.255525,78.255525 4.702263333333335,78.25553333333335,78.25553333333335 4.7057633333333335,78.25554,78.25554 4.709266666666666,78.25554333333332,78.25554333333332 4.712768333333333,78.25554666666667,78.25554666666667 4.716271666666666,78.25554666666667,78.25554666666667 4.7197716666666665,78.25554500000001,78.25554500000001 4.723271666666667,78.25554333333332,78.25554333333332 4.726768333333334,78.25554,78.25554 4.730263333333334,78.25553666666667,78.25553666666667 4.733759999999999,78.25553166666666,78.25553166666666 4.73726,78.25552833333333,78.25552833333333 4.740761666666667,78.25552333333333,78.25552333333333 4.744266666666666,78.25552,78.25552 4.747771666666666,78.25551666666668,78.25551666666668 4.751276666666667,78.25551499999999,78.25551499999999 4.754783333333333,78.25551166666666,78.25551166666666 4.758295,78.25551,78.25551 4.7618100000000005,78.25550833333334,78.25550833333334 4.765328333333333,78.25550833333334,78.25550833333334 4.768846666666667,78.25550833333334,78.25550833333334 4.772366666666667,78.25551166666666,78.25551166666666 4.775884999999999,78.25551666666668,78.25551666666668 4.779403333333335,78.255525,78.255525 4.782921666666667,78.25553499999998,78.25553499999998 4.78644,78.25554500000001,78.25554500000001 4.789960000000001,78.25555833333333,78.25555833333333 4.79348,78.25557166666668,78.25557166666668 4.7970016666666675,78.25558333333333,78.25558333333333 4.800525,78.25559666666666,78.25559666666666 4.80405,78.25560833333334,78.25560833333334 4.807573333333334,78.25562000000001,78.25562000000001 4.811096666666667,78.25563166666667,78.25563166666667 4.814621666666667,78.25564333333332,78.25564333333332 4.81815,78.25565499999999,78.25565499999999 4.821686666666667,78.25566833333333,78.25566833333333 4.825228333333333,78.25568,78.25568 4.828774999999999,78.25569,78.25569 4.832328333333334,78.25569999999999,78.25569999999999 4.835888333333334,78.25570666666667,78.25570666666667 4.839453333333333,78.25571333333335,78.25571333333335 4.843020000000001,78.25571500000001,78.25571500000001 4.846588333333333,78.25571666666667,78.25571666666667 4.850155000000001,78.25571666666667,78.25571666666667 4.85372,78.25571500000001,78.25571500000001 4.85728,78.25571500000001,78.25571500000001 4.860835,78.25571333333335,78.25571333333335 4.864386666666667,78.25571166666668,78.25571166666668 4.867935,78.25571166666668,78.25571166666668 4.87148,78.25571500000001,78.25571500000001 4.87502,78.25571833333333,78.25571833333333 4.878558333333334,78.255725,78.255725 4.8820950000000005,78.25573166666665,78.25573166666665 4.885631666666667,78.25573999999999,78.25573999999999 4.889169999999999,78.25575166666665,78.25575166666665 4.892709999999999,78.25576166666667,78.25576166666667 4.896253333333334,78.25577333333334,78.25577333333334 4.8998,78.25578666666668,78.25578666666668 4.903351666666666,78.25579833333335,78.25579833333335 4.906908333333332,78.25581166666666,78.25581166666666 4.910475,78.25582333333332,78.25582333333332 4.914046666666668,78.25583666666667,78.25583666666667 4.917621666666666,78.25585,78.25585 4.921196666666666,78.25586166666668,78.25586166666668 4.9247716666666665,78.255875,78.255875 4.928343333333334,78.25588666666667,78.25588666666667 4.931911666666665,78.25589833333332,78.25589833333332 4.935474999999999,78.25590833333335,78.25590833333335 4.939031666666666,78.25591833333333,78.25591833333333 4.942581666666666,78.25592666666665,78.25592666666665 4.946128333333333,78.25593333333333,78.25593333333333 4.949674999999999,78.25593833333335,78.25593833333335 4.953220000000001,78.25594166666667,78.25594166666667 4.956768333333333,78.25594333333333,78.25594333333333 4.960316666666667,78.25594333333333,78.25594333333333 4.963865000000001,78.25594166666667,78.25594166666667 4.96741,78.25593833333335,78.25593833333335 4.970953333333333,78.25593333333333,78.25593333333333 4.974495,78.25592833333334,78.25592833333334 4.978034999999999,78.25592166666667,78.25592166666667 4.981568333333334,78.25591333333334,78.25591333333334 4.985095,78.25590666666666,78.25590666666666 4.988616666666666,78.25589833333332,78.25589833333332 4.992131666666666,78.25589166666667,78.25589166666667 4.995643333333334,78.25588833333333,78.25588833333333 4.999148333333333,78.25588666666667,78.25588666666667 5.00265,78.25588833333333,78.25588833333333 5.006143333333333,78.25589166666667,78.25589166666667 5.009631666666667,78.25589666666666,78.25589666666666 5.013113333333334,78.25590333333334,78.25590333333334 5.016586666666667,78.25591333333334,78.25591333333334 5.020051666666667,78.25592499999999,78.25592499999999 5.02351,78.25594000000001,78.25594000000001 5.026961666666667,78.25595499999999,78.25595499999999 5.030409999999999,78.25597166666667,78.25597166666667 5.033853333333334,78.25598666666667,78.25598666666667 5.0372933333333325,78.25600333333334,78.25600333333334 5.040728333333333,78.25601666666667,78.25601666666667 5.044158333333333,78.25603,78.25603 5.047585000000001,78.25604333333334,78.25604333333334 5.051006666666667,78.25605666666667,78.25605666666667 5.054425,78.25606833333332,78.25606833333332 5.05784,78.25607833333335,78.25607833333335 5.061253333333333,78.256085,78.256085 5.064665,78.25609,78.25609 5.068076666666667,78.25609333333333,78.25609333333333 5.071486666666667,78.25609333333333,78.25609333333333 5.074896666666667,78.25609333333333,78.25609333333333 5.078303333333333,78.25608833333334,78.25608833333334 5.081706666666667,78.25608333333334,78.25608333333334 5.0851083333333325,78.25607666666666,78.25607666666666 5.0885083333333325,78.25606833333332,78.25606833333332 5.091908333333333,78.25606166666667,78.25606166666667 5.0953116666666665,78.256055,78.256055 5.098715,78.25605000000002,78.25605000000002 5.102121666666666,78.25604333333334,78.25604333333334 5.10553,78.25603833333332,78.25603833333332 5.1089416666666665,78.25603166666666,78.25603166666666 5.11236,78.25602833333333,78.25602833333333 5.115783333333333,78.25602333333335,78.25602333333335 5.119211666666666,78.25602000000002,78.25602000000002 5.1226449999999994,78.25601666666667,78.25601666666667 5.126083333333333,78.256015,78.256015 5.129525000000001,78.25601166666668,78.25601166666668 5.132973333333333,78.25601166666668,78.25601166666668 5.136425,78.25600999999999,78.25600999999999 5.139883333333333,78.25600833333333,78.25600833333333 5.143346666666666,78.25600999999999,78.25600999999999 5.146813333333333,78.25601333333334,78.25601333333334 5.150281666666667,78.25601666666667,78.25601666666667 5.153755,78.25602166666665,78.25602166666665 5.157230000000001,78.25602833333333,78.25602833333333 5.160711666666667,78.25603333333333,78.25603333333333 5.164195,78.25603999999998,78.25603999999998 5.167679999999999,78.256045,78.256045 5.171166666666666,78.25605166666665,78.25605166666665 5.174655,78.25605833333334,78.25605833333334 5.178146666666668,78.25606333333333,78.25606333333333 5.181636666666667,78.25606833333332,78.25606833333332 5.185128333333333,78.25607333333333,78.25607333333333 5.188620000000001,78.25607833333335,78.25607833333335 5.1921100000000004,78.25608333333334,78.25608333333334 5.195601666666667,78.25608666666668,78.25608666666668 5.199093333333334,78.25609166666666,78.25609166666666 5.202584999999999,78.25609500000002,78.25609500000002 5.206076666666666,78.25609666666665,78.25609666666665 5.209569999999999,78.25609666666665,78.25609666666665 5.213063333333334,78.25609666666665,78.25609666666665 5.216558333333334,78.25609500000002,78.25609500000002 5.220056666666666,78.25609166666666,78.25609166666666 5.223558333333333,78.25608833333334,78.25608833333334 5.227063333333333,78.25608333333334,78.25608333333334 5.230569999999999,78.25607833333335,78.25607833333335 5.234078333333334,78.25607166666667,78.25607166666667 5.237586666666665,78.25606499999999,78.25606499999999 5.241098333333334,78.25605666666667,78.25605666666667 5.244615000000001,78.25605166666665,78.25605166666665 5.248140000000001,78.256045,78.256045 5.251673333333334,78.25604166666668,78.25604166666668 5.255216666666667,78.25603833333332,78.25603833333332 5.2587633333333335,78.25603666666666,78.25603666666666 5.262316666666667,78.25603833333332,78.25603833333332 5.265873333333333,78.25603999999998,78.25603999999998 5.2694366666666665,78.256045,78.256045 5.273008333333333,78.25605166666665,78.25605166666665 5.276586666666667,78.25605666666667,78.25605666666667 5.280171666666666,78.25606333333333,78.25606333333333 5.283761666666667,78.25607000000001,78.25607000000001 5.287358333333334,78.25607666666666,78.25607666666666 5.290958333333333,78.25608166666667,78.25608166666667 5.294565,78.25608666666668,78.25608666666668 5.298173333333334,78.25608833333334,78.25608833333334 5.301783333333334,78.25609166666666,78.25609166666666 5.305391666666666,78.25609333333333,78.25609333333333 5.308996666666667,78.25609500000002,78.25609500000002 5.312599999999999,78.25609833333334,78.25609833333334 5.316198333333333,78.25610333333333,78.25610333333333 5.319793333333333,78.25610833333334,78.25610833333334 5.323385,78.256115,78.256115 5.326975000000001,78.25612166666666,78.25612166666666 5.33056,78.25613166666666,78.25613166666666 5.334143333333333,78.25614166666666,78.25614166666666 5.337725,78.256155,78.256155 5.341301666666667,78.25617000000001,78.25617000000001 5.344875,78.25618666666666,78.25618666666666 5.348443333333333,78.25620333333333,78.25620333333333 5.352008333333333,78.25621666666666,78.25621666666666 5.355568333333334,78.25622666666666,78.25622666666666 5.359126666666667,78.25623333333333,78.25623333333333 5.362681666666666,78.25623499999999,78.25623499999999 5.366229999999999,78.25623166666666,78.25623166666666 5.36977,78.256225,78.256225 5.373304999999999,78.256215,78.256215 5.376835,78.25620333333333,78.25620333333333 5.38036,78.25618833333333,78.25618833333333 5.383883333333334,78.25617333333334,78.25617333333334 5.387403333333333,78.25616,78.25616 5.390923333333333,78.256145,78.256145 5.394439999999999,78.25613166666666,78.25613166666666 5.3979550000000005,78.25611833333333,78.25611833333333 5.401468333333335,78.25610666666665,78.25610666666665 5.404980000000001,78.25609500000002,78.25609500000002 5.408493333333333,78.25608666666668,78.25608666666668 5.412006666666667,78.25608000000001,78.25608000000001 5.41552,78.256075,78.256075 5.419035000000001,78.25607166666667,78.25607166666667 5.422548333333332,78.25607166666667,78.25607166666667 5.426061666666667,78.256075,78.256075 5.429576666666667,78.25607833333335,78.25607833333335 5.433093333333334,78.25608333333334,78.25608333333334 5.436615000000001,78.25608833333334,78.25608833333334 5.440141666666666,78.25609500000002,78.25609500000002 5.443675000000001,78.25610166666667,78.25610166666667 5.447211666666667,78.25611,78.25611 5.450755,78.25611666666667,78.25611666666667 5.454303333333333,78.25612333333332,78.25612333333332 5.457855,78.25613,78.25613 5.461410000000002,78.25613833333334,78.25613833333334 5.464968333333333,78.25614666666667,78.25614666666667 5.468528333333333,78.25615333333334,78.25615333333334 5.472089999999999,78.25616,78.25616 5.475651666666666,78.25616666666667,78.25616666666667 5.479211666666666,78.25617166666666,78.25617166666666 5.482773333333333,78.25617833333332,78.25617833333332 5.486335,78.25618166666665,78.25618166666665 5.4898983333333335,78.256185,78.256185 5.493460000000001,78.25618666666666,78.25618666666666 5.497019999999999,78.25618833333333,78.25618833333333 5.500575,78.25618833333333,78.25618833333333 5.504126666666667,78.25618666666666,78.25618666666666 5.507676666666666,78.256185,78.256185 5.5112233333333345,78.25618333333334,78.25618333333334 5.5147683333333335,78.25617999999999,78.25617999999999 5.518310000000001,78.25617833333332,78.25617833333332 5.521851666666667,78.256175,78.256175 5.525391666666668,78.25617166666666,78.25617166666666 5.528930000000001,78.25616833333333,78.25616833333333 5.532466666666666,78.25616333333335,78.25616333333335 5.535995000000001,78.25615833333333,78.25615833333333 5.53952,78.25615333333334,78.25615333333334 5.543041666666666,78.25614833333333,78.25614833333333 5.546559999999999,78.25614333333333,78.25614333333333 5.5500750000000005,78.25614,78.25614 5.553586666666666,78.25613499999999,78.25613499999999 5.557096666666667,78.25613166666666,78.25613166666666 5.5606,78.25612666666665,78.25612666666665 5.564100000000001,78.25612333333332,78.25612333333332 5.567593333333334,78.25612166666666,78.25612166666666 5.571083333333333,78.25612,78.25612 5.574568333333334,78.25611833333333,78.25611833333333 5.578048333333334,78.25611666666667,78.25611666666667 5.581521666666666,78.256115,78.256115 5.584989999999999,78.25611166666667,78.25611166666667 5.5884566666666675,78.25610833333334,78.25610833333334 5.591921666666668,78.25610333333333,78.25610333333333 5.595386666666666,78.25609833333334,78.25609833333334 5.598851666666667,78.25609,78.25609 5.602316666666667,78.25608000000001,78.25608000000001 5.605781666666667,78.25607000000001,78.25607000000001 5.609243333333334,78.25605833333334,78.25605833333334 5.612703333333333,78.256045,78.256045 5.616161666666666,78.25603,78.25603 5.619616666666667,78.256015,78.256015 5.623065,78.256,78.256 5.62651,78.25598333333335,78.25598333333335 5.629951666666666,78.25596833333334,78.25596833333334 5.633391666666667,78.25595499999999,78.25595499999999 5.636831666666666,78.25594333333333,78.25594333333333 5.640273333333332,78.255935,78.255935 5.643716666666667,78.25592833333334,78.25592833333334 5.64716,78.25592333333333,78.25592333333333 5.650605,78.25592,78.25592 5.654050000000002,78.25592,78.25592 5.657498333333333,78.25592,78.25592 5.660945,78.25592166666667,78.25592166666667 5.664393333333333,78.25592166666667,78.25592166666667 5.667841666666667,78.25592166666667,78.25592166666667 5.671291666666667,78.25591833333333,78.25591833333333 5.674741666666667,78.25591666666666,78.25591666666666 5.678191666666668,78.25591166666668,78.25591166666668 5.681643333333333,78.255905,78.255905 5.685095,78.25589833333332,78.25589833333332 5.688548333333334,78.25589,78.25589 5.692003333333335,78.25588166666665,78.25588166666665 5.695456666666667,78.25587166666665,78.25587166666665 5.698911666666667,78.25586333333334,78.25586333333334 5.702368333333334,78.25585333333335,78.25585333333335 5.705826666666667,78.25584333333332,78.25584333333332 5.709286666666666,78.25583333333334,78.25583333333334 5.712746666666668,78.25582500000002,78.25582500000002 5.716210000000001,78.25581833333334,78.25581833333334 5.719673333333333,78.25581333333332,78.25581333333332 5.723141666666667,78.25581,78.25581 5.726613333333333,78.25580833333333,78.25580833333333 5.730086666666667,78.25580666666666,78.25580666666666 5.7335650000000005,78.25580666666666,78.25580666666666 5.737046666666667,78.25580833333333,78.25580833333333 5.740529999999999,78.25581,78.25581 5.744018333333334,78.25581333333332,78.25581333333332 5.747508333333333,78.25581833333334,78.25581833333334 5.7509999999999994,78.25582166666666,78.25582166666666 5.7544949999999995,78.25582666666665,78.25582666666665 5.757991666666668,78.25583,78.25583 5.761491666666665,78.25583166666667,78.25583166666667 5.764990000000001,78.25583499999999,78.25583499999999 5.768491666666667,78.25583833333333,78.25583833333333 5.771991666666667,78.25584333333332,78.25584333333332 5.775491666666667,78.25584833333333,78.25584833333333 5.778991666666666,78.25585500000001,78.25585500000001 5.78249,78.25586166666668,78.25586166666668 5.785988333333334,78.25586833333332,78.25586833333332 5.789484999999999,78.25587666666667,78.25587666666667 5.792979999999999,78.255885,78.255885 5.796473333333334,78.25589333333333,78.25589333333333 5.7999616666666665,78.25590000000001,78.25590000000001 5.803445,78.25590666666666,78.25590666666666 5.806923333333334,78.25591166666668,78.25591166666668 5.8103983333333336,78.25591666666666,78.25591666666666 5.813866666666667,78.25592,78.25592 5.81733,78.25592166666667,78.25592166666667 5.820791666666667,78.25592166666667,78.25592166666667 5.824248333333332,78.25592,78.25592 5.827701666666667,78.25591833333333,78.25591833333333 5.831153333333334,78.25591333333334,78.25591333333334 5.834603333333333,78.25590666666666,78.25590666666666 5.838051666666666,78.25589833333332,78.25589833333332 5.841498333333333,78.25588666666667,78.25588666666667 5.844941666666667,78.25587333333334,78.25587333333334 5.84838,78.25586,78.25586 5.851816666666667,78.25584500000001,78.25584500000001 5.855250000000001,78.25583,78.25583 5.8586800000000006,78.25581333333332,78.25581333333332 5.862109999999999,78.25579666666665,78.25579666666665 5.865538333333335,78.25578,78.25578 5.868968333333333,78.25576166666667,78.25576166666667 5.872403333333334,78.255745,78.255745 5.875843333333333,78.25572833333332,78.25572833333332 5.879289999999999,78.25571166666668,78.25571166666668 5.882743333333334,78.25569666666667,78.25569666666667 5.8862,78.25568166666666,78.25568166666666 5.889661666666666,78.25566666666667,78.25566666666667 5.893128333333333,78.25565499999999,78.25565499999999 5.896603333333334,78.25564333333332,78.25564333333332 5.900085,78.25563333333334,78.25563333333334 5.90357,78.255625,78.255625 5.907061666666668,78.25561499999999,78.25561499999999 5.910556666666668,78.255605,78.255605 5.914053333333333,78.255595,78.255595 5.917553333333332,78.255585,78.255585 5.921053333333333,78.25557666666667,78.25557666666667 5.924555,78.25556666666667,78.25556666666667 5.928059999999999,78.25555833333333,78.25555833333333 5.931566666666666,78.25555166666666,78.25555166666666 5.935073333333334,78.25554500000001,78.25554500000001 5.93858,78.25554166666669,78.25554166666669 5.9420866666666665,78.25553833333333,78.25553833333333 5.945593333333334,78.25553833333333,78.25553833333333 5.949096666666667,78.25553833333333,78.25553833333333 5.9525983333333325,78.25553833333333,78.25553833333333 5.956096666666666,78.25554,78.25554 5.959591666666666,78.25554333333332,78.25554333333332 5.963083333333333,78.25554500000001,78.25554500000001 5.96657,78.25554500000001,78.25554500000001 5.970055,78.25554500000001,78.25554500000001 5.973534999999999,78.25554166666669,78.25554166666669 5.97701,78.25553833333333,78.25553833333333 5.980481666666666,78.25553166666666,78.25553166666666 5.983948333333331,78.25552333333333,78.25552333333333 5.987406666666668,78.25551333333333,78.25551333333333 5.99086,78.25550166666666,78.25550166666666 5.994308333333334,78.25548833333335,78.25548833333335 5.997751666666667,78.25547666666665,78.25547666666665 6.00119,78.25546333333334,78.25546333333334 6.004621666666666,78.25545166666667,78.25545166666667 6.008051666666667,78.25543833333333,78.25543833333333 6.011476666666666,78.25542666666666,78.25542666666666 6.014901666666667,78.255415,78.255415 6.018328333333333,78.25540500000001,78.25540500000001 6.021753333333334,78.25539500000001,78.25539500000001 6.025180000000001,78.25538499999999,78.25538499999999 6.028603333333333,78.25537833333334,78.25537833333334 6.032025,78.25537,78.25537 6.035443333333334,78.25536499999998,78.25536499999998 6.038861666666666,78.25536166666666,78.25536166666666 6.042278333333334,78.25535833333333,78.25535833333333 6.045695000000001,78.25535666666666,78.25535666666666 6.049110000000001,78.25535666666666,78.25535666666666 6.052523333333332,78.25535833333333,78.25535833333333 6.055935,78.25535833333333,78.25535833333333 6.0593449999999995,78.25535833333333,78.25535833333333 6.06275,78.25535833333333,78.25535833333333 6.066154999999999,78.25535833333333,78.25535833333333 6.069556666666666,78.25535666666666,78.25535666666666 6.072956666666666,78.25535333333333,78.25535333333333 6.076355000000001,78.25535,78.25535 6.079755,78.25534666666668,78.25534666666668 6.083151666666666,78.25534333333333,78.25534333333333 6.086548333333334,78.25534166666667,78.25534166666667 6.089941666666666,78.25534,78.25534 6.09333,78.25533666666668,78.25533666666668 6.096716666666666,78.25533333333333,78.25533333333333 6.100105000000001,78.25533,78.25533 6.1034983333333335,78.25532666666666,78.25532666666666 6.1068966666666675,78.25532000000001,78.25532000000001 6.110298333333334,78.255315,78.255315 6.113703333333333,78.25530666666666,78.25530666666666 6.117108333333335,78.25529666666667,78.25529666666667 6.1205116666666655,78.25528666666666,78.25528666666666 6.123918333333333,78.25527333333334,78.25527333333334 6.127323333333334,78.25525833333333,78.25525833333333 6.130728333333334,78.25524166666668,78.25524166666668 6.134130000000001,78.25522333333332,78.25522333333332 6.137530000000001,78.25520333333333,78.25520333333333 6.140928333333334,78.25518166666667,78.25518166666667 6.144326666666665,78.25515999999999,78.25515999999999 6.147725,78.25513833333332,78.25513833333332 6.1511266666666655,78.25511666666667,78.25511666666667 6.154526666666667,78.25509666666667,78.25509666666667 6.157928333333333,78.25507833333333,78.25507833333333 6.1613299999999995,78.25506166666666,78.25506166666666 6.164733333333333,78.25504833333333,78.25504833333333 6.168141666666666,78.25503499999999,78.25503499999999 6.171551666666667,78.25502333333333,78.25502333333333 6.174968333333334,78.25501166666668,78.25501166666668 6.178388333333334,78.25500166666667,78.25500166666667 6.181813333333334,78.25499333333333,78.25499333333333 6.185243333333333,78.25498666666667,78.25498666666667 6.188676666666667,78.25497999999999,78.25497999999999 6.1921133333333325,78.25497333333334,78.25497333333334 6.195553333333334,78.25496666666666,78.25496666666666 6.198993333333333,78.25496166666667,78.25496166666667 6.2024333333333335,78.25495500000001,78.25495500000001 6.205873333333333,78.25494833333333,78.25494833333333 6.2093099999999986,78.25493999999999,78.25493999999999 6.212746666666668,78.25493166666666,78.25493166666666 6.2161816666666665,78.25492333333332,78.25492333333332 6.219618333333333,78.25491499999998,78.25491499999998 6.2230533333333335,78.254905,78.254905 6.226489999999999,78.25489666666668,78.25489666666668 6.229926666666667,78.25488666666668,78.25488666666668 6.233361666666667,78.25487833333334,78.25487833333334 6.236795000000001,78.25486833333332,78.25486833333332 6.240225000000001,78.25485833333335,78.25485833333335 6.243654999999999,78.25484833333333,78.25484833333333 6.247083333333335,78.25483833333332,78.25483833333332 6.250513333333333,78.25482833333332,78.25482833333332 6.253943333333333,78.25481833333333,78.25481833333333 6.257378333333332,78.25480833333333,78.25480833333333 6.260811666666665,78.25479999999999,78.25479999999999 6.264244999999999,78.25479,78.25479 6.267678333333333,78.25478,78.25478 6.271113333333333,78.25477,78.25477 6.274546666666667,78.25476166666667,78.25476166666667 6.277976666666666,78.25475333333333,78.25475333333333 6.281405000000001,78.25474833333334,78.25474833333334 6.2848316666666655,78.25474500000001,78.25474500000001 6.2882549999999995,78.25474,78.25474 6.291676666666667,78.25473833333334,78.25473833333334 6.295096666666666,78.25473666666667,78.25473666666667 6.298518333333335,78.254735,78.254735 6.301943333333332,78.254735,78.254735 6.305371666666668,78.254735,78.254735 6.308804999999999,78.25473333333333,78.25473333333333 6.312243333333333,78.25472833333335,78.25472833333335 6.315684999999999,78.25472,78.25472 6.3191283333333335,78.25470833333334,78.25470833333334 6.322573333333334,78.25469333333334,78.25469333333334 6.326014999999999,78.254675,78.254675 6.329458333333334,78.25465666666666,78.25465666666666 6.332903333333332,78.25463666666667,78.25463666666667 6.33635,78.25461499999999,78.25461499999999 6.3397983333333325,78.25459166666667,78.25459166666667 6.343246666666666,78.25456666666668,78.25456666666668 6.3466949999999995,78.25454166666667,78.25454166666667 6.3501416666666675,78.25451666666666,78.25451666666666 6.353590000000001,78.25448999999999,78.25448999999999 6.3570416666666665,78.25446333333332,78.25446333333332 6.360500000000001,78.25443499999999,78.25443499999999 6.363963333333334,78.25440833333334,78.25440833333334 6.3674333333333335,78.25438333333334,78.25438333333334 6.370908333333333,78.25435833333333,78.25435833333333 6.37439,78.25433500000001,78.25433500000001 6.377878333333332,78.25431333333333,78.25431333333333 6.3813683333333335,78.25429166666666,78.25429166666666 6.384863333333334,78.25427166666667,78.25427166666667 6.3883600000000005,78.25425166666668,78.25425166666668 6.391856666666666,78.254235,78.254235 6.395351666666666,78.25421833333333,78.25421833333333 6.398848333333333,78.25420333333334,78.25420333333334 6.402343333333333,78.25419,78.25419 6.405836666666666,78.25417999999999,78.25417999999999 6.409331666666666,78.25417166666666,78.25417166666666 6.412825000000001,78.25416499999999,78.25416499999999 6.416318333333334,78.25415833333334,78.25415833333334 6.41981,78.25415166666666,78.25415166666666 6.423296666666666,78.25414500000001,78.25414500000001 6.426781666666667,78.25413833333334,78.25413833333334 6.430263333333333,78.25413,78.25413 6.43374,78.25412166666666,78.25412166666666 6.437218333333334,78.25411333333334,78.25411333333334 6.440693333333333,78.254105,78.254105 6.444168333333333,78.25409833333332,78.25409833333332 6.44764,78.25409166666667,78.25409166666667 6.451113333333333,78.25408666666667,78.25408666666667 6.454586666666668,78.25408000000002,78.25408000000002 6.458066666666667,78.254075,78.254075 6.46155,78.25407000000001,78.25407000000001 6.465039999999999,78.25406666666666,78.25406666666666 6.468531666666667,78.25406166666667,78.25406166666667 6.4720266666666655,78.25405666666667,78.25405666666667 6.475523333333332,78.25405166666665,78.25405166666665 6.479023333333333,78.254045,78.254045 6.482526666666667,78.254035,78.254035 6.4860299999999995,78.25402333333332,78.25402333333332 6.489535000000001,78.25400833333333,78.25400833333333 6.493036666666666,78.25399333333333,78.25399333333333 6.4965383333333335,78.25397500000001,78.25397500000001 6.500039999999999,78.25395666666665,78.25395666666665 6.50354,78.25393666666666,78.25393666666666 6.507038333333332,78.253915,78.253915 6.510538333333333,78.25389166666668,78.25389166666668 6.51404,78.25386666666667,78.25386666666667 6.517544999999999,78.25384333333332,78.25384333333332 6.521053333333333,78.25381833333331,78.25381833333331 6.524564999999999,78.25379333333333,78.25379333333333 6.528083333333333,78.25376833333333,78.25376833333333 6.531601666666668,78.25374500000001,78.25374500000001 6.535123333333332,78.25372,78.25372 6.538645000000002,78.25369666666667,78.25369666666667 6.542165000000001,78.25367333333332,78.25367333333332 6.545685,78.25365166666667,78.25365166666667 6.549201666666666,78.25363166666665,78.25363166666665 6.552715000000001,78.25361333333333,78.25361333333333 6.556225000000001,78.25359833333333,78.25359833333333 6.559733333333332,78.25358666666666,78.25358666666666 6.5632416666666655,78.25357500000001,78.25357500000001 6.56675,78.25356499999998,78.25356499999998 6.57026,78.25355666666665,78.25355666666665 6.573768333333334,78.25354833333334,78.25354833333334 6.577276666666668,78.25354166666666,78.25354166666666 6.580780000000001,78.25353333333335,78.25353333333335 6.584281666666667,78.25352500000001,78.25352500000001 6.587783333333334,78.25351666666668,78.25351666666668 6.591283333333332,78.25351,78.25351 6.594785,78.25350166666666,78.25350166666666 6.598288333333333,78.25349333333334,78.25349333333334 6.601789999999999,78.25348666666666,78.25348666666666 6.605294999999999,78.25348000000001,78.25348000000001 6.6087983333333336,78.25347333333333,78.25347333333333 6.612301666666666,78.25346666666667,78.25346666666667 6.615803333333334,78.25345999999999,78.25345999999999 6.6193,78.253455,78.253455 6.622791666666666,78.25344833333332,78.25344833333332 6.626281666666666,78.25344166666667,78.25344166666667 6.629770000000001,78.25343500000001,78.25343500000001 6.633258333333333,78.25343,78.25343 6.636746666666667,78.25342333333332,78.25342333333332 6.640233333333333,78.25341833333333,78.25341833333333 6.643718333333334,78.25341,78.25341 6.647200000000001,78.2534,78.2534 6.650678333333333,78.25339166666666,78.25339166666666 6.6541516666666665,78.25338,78.25338 6.657619999999999,78.25336833333334,78.25336833333334 6.661078333333334,78.253355,78.253355 6.664531666666666,78.25333833333335,78.25333833333335 6.667976666666667,78.25332166666668,78.25332166666668 6.671415,78.253305,78.253305 6.674848333333333,78.25328666666667,78.25328666666667 6.678276666666666,78.25326666666668,78.25326666666668 6.681701666666667,78.25324666666667,78.25324666666667 6.685123333333333,78.25322666666665,78.25322666666665 6.688544999999999,78.25320666666666,78.25320666666666 6.691961666666667,78.253185,78.253185 6.6953749999999985,78.253165,78.253165 6.698788333333333,78.25314166666668,78.25314166666668 6.702198333333333,78.25311833333333,78.25311833333333 6.705606666666667,78.25309500000002,78.25309500000002 6.709011666666666,78.25307000000001,78.25307000000001 6.712411666666666,78.253045,78.253045 6.7158083333333325,78.25301833333333,78.25301833333333 6.719201666666667,78.25299166666667,78.25299166666667 6.7225866666666665,78.25296499999999,78.25296499999999 6.725966666666666,78.25293833333333,78.25293833333333 6.729341666666666,78.25291333333332,78.25291333333332 6.732711666666668,78.25288666666665,78.25288666666665 6.736081666666666,78.25286166666667,78.25286166666667 6.7394533333333335,78.25283666666667,78.25283666666667 6.742826666666668,78.25281333333335,78.25281333333335 6.746203333333333,78.25279,78.25279 6.749583333333333,78.25276666666667,78.25276666666667 6.7529650000000006,78.25274333333333,78.25274333333333 6.756349999999999,78.25272166666667,78.25272166666667 6.75974,78.25270000000002,78.25270000000002 6.7631299999999985,78.25268,78.25268 6.766526666666667,78.25266166666665,78.25266166666665 6.769926666666667,78.25264500000002,78.25264500000002 6.773331666666667,78.25262833333333,78.25262833333333 6.776743333333334,78.25261333333333,78.25261333333333 6.780161666666667,78.25259833333332,78.25259833333332 6.783586666666667,78.25258666666666,78.25258666666666 6.787016666666667,78.252575,78.252575 6.790450000000001,78.252565,78.252565 6.793885,78.25255666666666,78.25255666666666 6.797326666666667,78.25255000000001,78.25255000000001 6.800775000000001,78.252545,78.252545 6.80423,78.25254166666667,78.25254166666667 6.807691666666666,78.25253666666667,78.25253666666667 6.811158333333333,78.25253166666666,78.25253166666666 6.814628333333333,78.25252333333331,78.25252333333331 6.818101666666666,78.25251499999999,78.25251499999999 6.821578333333333,78.25250333333332,78.25250333333332 6.825054999999999,78.25249,78.25249 6.828533333333333,78.25247500000002,78.25247500000002 6.83201,78.25246,78.25246 6.835486666666665,78.25244333333333,78.25244333333333 6.838959999999999,78.252425,78.252425 6.842431666666665,78.25240666666666,78.25240666666666 6.845901666666666,78.25238833333333,78.25238833333333 6.84937,78.25237,78.25237 6.852836666666668,78.25235166666666,78.25235166666666 6.856305,78.25233166666666,78.25233166666666 6.859775,78.252315,78.252315 6.863248333333333,78.25229666666668,78.25229666666668 6.866726666666667,78.25228000000001,78.25228000000001 6.870209999999998,78.25226166666667,78.25226166666667 6.873700000000001,78.252245,78.252245 6.877195000000001,78.25222666666667,78.25222666666667 6.8806949999999985,78.25220833333333,78.25220833333333 6.884198333333335,78.25218833333334,78.25218833333334 6.8877016666666675,78.25217,78.25217 6.891205000000001,78.25215,78.25215 6.894709999999999,78.25213000000001,78.25213000000001 6.898213333333333,78.25210999999999,78.25210999999999 6.901716666666665,78.25209166666667,78.25209166666667 6.905221666666667,78.252075,78.252075 6.9087283333333325,78.25205833333334,78.25205833333334 6.912236666666666,78.25204333333332,78.25204333333332 6.915748333333332,78.25202833333334,78.25202833333334 6.919263333333333,78.25201499999999,78.25201499999999 6.922778333333334,78.25200166666667,78.25200166666667 6.9262966666666665,78.25198833333334,78.25198833333334 6.929816666666666,78.25197666666666,78.25197666666666 6.933338333333333,78.25196333333334,78.25196333333334 6.936861666666666,78.25195000000001,78.25195000000001 6.940388333333335,78.251935,78.251935 6.9439166666666665,78.25192,78.25192 6.947445000000002,78.25190333333332,78.25190333333332 6.950974999999999,78.25188499999999,78.25188499999999 6.954503333333334,78.25186666666667,78.25186666666667 6.958031666666666,78.25184666666668,78.25184666666668 6.961561666666666,78.25182333333333,78.25182333333333 6.965091666666666,78.25180000000002,78.25180000000002 6.9686216666666665,78.25177333333332,78.25177333333332 6.972151666666667,78.25174500000001,78.25174500000001 6.975681666666666,78.25171666666668,78.25171666666668 6.979211666666666,78.251685,78.251685 6.982738333333333,78.25165333333334,78.25165333333334 6.9862649999999995,78.25162166666668,78.25162166666668 6.989786666666667,78.25158833333333,78.25158833333333 6.993308333333333,78.25155333333333,78.25155333333333 6.996826666666668,78.25151833333332,78.25151833333332 7.000345000000001,78.25148333333334,78.25148333333334 7.003861666666667,78.25144999999999,78.25144999999999 7.007378333333333,78.25142,78.25142 7.010895,78.25139333333333,78.25139333333333 7.01441,78.25136666666668,78.25136666666668 7.017925000000001,78.25134333333334,78.25134333333334 7.021439999999999,78.25132166666668,78.25132166666668 7.024955,78.25130166666666,78.25130166666666 7.02847,78.25128166666666,78.25128166666666 7.031983333333334,78.25126499999999,78.25126499999999 7.035498333333333,78.25124833333332,78.25124833333332 7.039011666666666,78.25123333333333,78.25123333333333 7.042525,78.25121666666668,78.25121666666668 7.046036666666667,78.25120166666667,78.25120166666667 7.049546666666667,78.251185,78.251185 7.053055000000001,78.25116666666666,78.25116666666666 7.056559999999999,78.25114833333333,78.25114833333333 7.060063333333333,78.25113,78.25113 7.0635650000000005,78.25111,78.25111 7.067063333333334,78.25109166666667,78.25109166666667 7.070558333333334,78.25107333333334,78.25107333333334 7.074051666666666,78.251055,78.251055 7.077541666666667,78.25103666666666,78.25103666666666 7.08103,78.25102,78.25102 7.084515000000001,78.25100166666665,78.25100166666665 7.087996666666667,78.25098500000001,78.25098500000001 7.091475000000001,78.25096833333333,78.25096833333333 7.09495,78.25095166666667,78.25095166666667 7.098423333333333,78.25093333333334,78.25093333333334 7.101896666666666,78.25091666666668,78.25091666666668 7.105366666666667,78.25089833333332,78.25089833333332 7.108836666666667,78.25088000000001,78.25088000000001 7.112304999999999,78.25085999999999,78.25085999999999 7.115773333333333,78.25083833333333,78.25083833333333 7.1192400000000005,78.25081666666668,78.25081666666668 7.122706666666666,78.250795,78.250795 7.126175,78.25077166666667,78.25077166666667 7.129643333333333,78.25074833333332,78.25074833333332 7.133116666666666,78.250725,78.250725 7.136593333333333,78.25070333333332,78.25070333333332 7.140073333333334,78.25068,78.25068 7.143556666666666,78.25065833333333,78.25065833333333 7.147045000000001,78.25063833333334,78.25063833333334 7.1505350000000005,78.25062000000001,78.25062000000001 7.154028333333334,78.2506,78.2506 7.157523333333334,78.25058166666665,78.25058166666665 7.161020000000001,78.25056166666666,78.25056166666666 7.164518333333333,78.25054166666668,78.25054166666668 7.1680166666666665,78.25052166666666,78.25052166666666 7.171516666666667,78.25050166666666,78.25050166666666 7.175016666666667,78.25048000000001,78.25048000000001 7.178518333333333,78.25045833333334,78.25045833333334 7.182018333333334,78.25043666666666,78.25043666666666 7.185521666666666,78.25041333333334,78.25041333333334 7.189026666666667,78.25039,78.25039 7.192531666666668,78.25036499999999,78.25036499999999 7.196038333333333,78.25034000000001,78.25034000000001 7.1995450000000005,78.25031333333334,78.25031333333334 7.203055000000001,78.25028833333334,78.25028833333334 7.206566666666667,78.25026166666666,78.25026166666666 7.210078333333333,78.25023666666667,78.25023666666667 7.213595,78.25021166666666,78.25021166666666 7.217114999999999,78.25018833333334,78.25018833333334 7.220636666666667,78.25016666666669,78.25016666666669 7.224161666666666,78.25014833333333,78.25014833333333 7.227691666666668,78.25013166666665,78.25013166666665 7.2312216666666655,78.25012333333333,78.25012333333333 7.2347566666666685,78.250125,78.250125 7.238291666666666,78.250135,78.250135 7.241825,78.25015833333335,78.25015833333335 7.245358333333334,78.25019166666667,78.25019166666667 7.248888333333334,78.25023999999999,78.25023999999999 7.252416666666666,78.25029666666666,78.25029666666666 7.255940000000001,78.25036166666666,78.25036166666666 7.25946,78.25043166666666,78.25043166666666 7.262976666666666,78.25050166666666,78.25050166666666 7.266490000000001,78.25057166666667,78.25057166666667 7.270004999999999,78.25064166666667,78.25064166666667 7.27352,78.25071333333334,78.25071333333334 7.277038333333333,78.25078166666667,78.25078166666667 7.28056,78.25084833333334,78.25084833333334 7.284086666666667,78.25090833333334,78.25090833333334 7.287618333333334,78.25096166666667,78.25096166666667 7.291151666666667,78.25101,78.25101 7.294688333333332,78.25105,78.25105 7.298226666666667,78.25108166666666,78.25108166666666 7.301763333333334,78.25110833333333,78.25110833333333 7.305298333333333,78.25112833333334,78.25112833333334 7.30883,78.25114500000001,78.25114500000001 7.312356666666667,78.25116166666666,78.25116166666666 7.31588,78.25117833333333,78.25117833333333 7.319401666666666,78.25119666666666,78.25119666666666 7.322918333333333,78.25121833333333,78.25121833333333 7.326433333333333,78.25124166666667,78.25124166666667 7.3299466666666655,78.25126833333334,78.25126833333334 7.3334600000000005,78.2513,78.2513 7.336971666666666,78.25133666666666,78.25133666666666 7.340481666666667,78.25137666666666,78.25137666666666 7.343988333333334,78.25142166666666,78.25142166666666 7.347488333333333,78.25146833333334,78.25146833333334 7.350981666666666,78.25151666666669,78.25151666666669 7.35447,78.25156499999999,78.25156499999999 7.357953333333334,78.25161166666666,78.25161166666666 7.361433333333334,78.25165666666666,78.25165666666666 7.364908333333333,78.2517,78.2517 7.368381666666666,78.25174,78.25174 7.371851666666667,78.25177833333333,78.25177833333333 7.375321666666668,78.25181666666668,78.25181666666668 7.3787899999999995,78.25185333333333,78.25185333333333 7.382255,78.25189,78.25189 7.385718333333333,78.25192833333332,78.25192833333332 7.389178333333333,78.251965,78.251965 7.3926333333333325,78.25200166666667,78.25200166666667 7.396086666666668,78.25204,78.25204 7.399536666666667,78.25207666666667,78.25207666666667 7.402983333333333,78.25211666666668,78.25211666666668 7.40643,78.25215499999999,78.25215499999999 7.4098749999999995,78.25219500000001,78.25219500000001 7.413318333333333,78.25223333333334,78.25223333333334 7.416761666666668,78.25227333333333,78.25227333333333 7.420205,78.25231333333333,78.25231333333333 7.423648333333333,78.25235333333332,78.25235333333332 7.427088333333334,78.252395,78.252395 7.43053,78.25243666666665,78.25243666666665 7.433968333333333,78.25248,78.25248 7.437406666666667,78.25252333333331,78.25252333333331 7.4408433333333335,78.25256833333333,78.25256833333333 7.444279999999999,78.25261333333333,78.25261333333333 7.447716666666668,78.25265999999999,78.25265999999999 7.451153333333334,78.25270833333335,78.25270833333335 7.454593333333333,78.25275666666666,78.25275666666666 7.458033333333334,78.25280666666664,78.25280666666664 7.461476666666665,78.25285666666666,78.25285666666666 7.464921666666667,78.25290666666666,78.25290666666666 7.46837,78.25295833333334,78.25295833333334 7.471818333333333,78.25301166666668,78.25301166666668 7.475270000000001,78.25306666666668,78.25306666666668 7.478723333333333,78.25312333333332,78.25312333333332 7.482178333333334,78.25318000000001,78.25318000000001 7.485635,78.25323833333334,78.25323833333334 7.489095,78.25329666666667,78.25329666666667 7.492556666666666,78.25335666666666,78.25335666666666 7.49602,78.25341333333334,78.25341333333334 7.499483333333335,78.25346833333333,78.25346833333333 7.5029466666666655,78.25352166666667,78.25352166666667 7.50641,78.25357166666666,78.25357166666666 7.509874999999999,78.25362000000001,78.25362000000001 7.5133383333333335,78.25366666666667,78.25366666666667 7.516803333333333,78.25371166666666,78.25371166666666 7.52027,78.25375666666666,78.25375666666666 7.523738333333334,78.25380000000001,78.25380000000001 7.52721,78.25384,78.25384 7.530681666666666,78.25387833333333,78.25387833333333 7.534153333333334,78.253915,78.253915 7.537626666666668,78.25395,78.25395 7.541099999999999,78.25398333333332,78.25398333333332 7.544576666666668,78.25401499999998,78.25401499999998 7.548054999999999,78.25404833333333,78.25404833333333 7.551536666666667,78.25408000000002,78.25408000000002 7.555018333333333,78.25411166666667,78.25411166666667 7.558503333333335,78.25414166666667,78.25414166666667 7.561986666666667,78.25417166666666,78.25417166666666 7.565471666666666,78.254205,78.254205 7.568955,78.25423833333332,78.25423833333332 7.572438333333334,78.25427166666667,78.25427166666667 7.575921666666666,78.25430833333334,78.25430833333334 7.579403333333333,78.25434833333333,78.25434833333333 7.582886666666667,78.25438833333332,78.25438833333332 7.586369999999999,78.25443,78.25443 7.589855000000001,78.25447166666666,78.25447166666666 7.59334,78.25451166666667,78.25451166666667 7.596824999999999,78.25455000000001,78.25455000000001 7.600311666666666,78.25458833333334,78.25458833333334 7.603798333333334,78.25462333333333,78.25462333333333 7.607286666666666,78.25465833333332,78.25465833333332 7.6107733333333325,78.25469333333334,78.25469333333334 7.614258333333333,78.25472833333335,78.25472833333335 7.617745,78.25476333333333,78.25476333333333 7.6212300000000015,78.25479999999999,78.25479999999999 7.624715,78.25483666666666,78.25483666666666 7.6282000000000005,78.25487166666667,78.25487166666667 7.631688333333333,78.25490833333333,78.25490833333333 7.635178333333332,78.254945,78.254945 7.638669999999999,78.25498166666665,78.25498166666665 7.642166666666666,78.25501833333333,78.25501833333333 7.645668333333333,78.25505499999998,78.25505499999998 7.649173333333333,78.25509,78.25509 7.652683333333332,78.25512666666667,78.25512666666667 7.656198333333333,78.25516166666667,78.25516166666667 7.659720000000001,78.25519666666668,78.25519666666668 7.663245000000001,78.25523166666666,78.25523166666666 7.666776666666668,78.25526500000001,78.25526500000001 7.670316666666668,78.25529833333333,78.25529833333333 7.6738599999999995,78.25533,78.25533 7.677411666666665,78.25536333333332,78.25536333333332 7.6809666666666665,78.25539500000001,78.25539500000001 7.684526666666667,78.255425,78.255425 7.688091666666666,78.255455,78.255455 7.691659999999999,78.25548333333333,78.25548333333333 7.69523,78.25551,78.25551 7.698805,78.25553499999998,78.25553499999998 7.702381666666668,78.25555999999999,78.25555999999999 7.705963333333333,78.25558166666666,78.25558166666666 7.709548333333334,78.255605,78.255605 7.713140000000001,78.25562666666666,78.25562666666666 7.716735,78.25564833333334,78.25564833333334 7.7203333333333335,78.25567166666666,78.25567166666666 7.723928333333334,78.25569333333333,78.25569333333333 7.7275166666666655,78.25571666666667,78.25571666666667 7.731094999999999,78.25573999999999,78.25573999999999 7.734661666666667,78.25576333333333,78.25576333333333 7.738218333333333,78.25578333333333,78.25578333333333 7.741764999999999,78.255805,78.255805 7.745303333333334,78.25582500000002,78.25582500000002 7.748831666666667,78.25584666666667,78.25584666666667 7.752351666666667,78.25586666666666,78.25586666666666 7.755861666666668,78.25588833333333,78.25588833333333 7.759363333333332,78.25590999999999,78.25590999999999 7.762855,78.25593166666667,78.25593166666667 7.7663400000000005,78.25595499999999,78.25595499999999 7.769815,78.25597833333333,78.25597833333333 7.773285,78.25600333333334,78.25600333333334 7.776746666666666,78.25602833333333,78.25602833333333 7.780201666666667,78.25605333333334,78.25605333333334 7.783648333333334,78.25608000000001,78.25608000000001 7.787086666666667,78.25610499999999,78.25610499999999 7.790518333333334,78.25613166666666,78.25613166666666 7.793941666666666,78.25615666666667,78.25615666666667 7.7973599999999985,78.25618166666665,78.25618166666665 7.800771666666666,78.25620666666666,78.25620666666666 7.804176666666667,78.25623166666666,78.25623166666666 7.807575000000001,78.25625666666666,78.25625666666666 7.810965000000001,78.25628333333334,78.25628333333334 7.814351666666666,78.25631,78.25631 7.817733333333333,78.25633666666667,78.25633666666667 7.821113333333334,78.256365,78.256365 7.824489999999998,78.25639333333334,78.25639333333334 7.827865000000001,78.25642333333333,78.25642333333333 7.831238333333332,78.25645666666667,78.25645666666667 7.834608333333334,78.25649166666668,78.25649166666668 7.837976666666666,78.25652666666666,78.25652666666666 7.841341666666667,78.256565,78.256565 7.844706666666666,78.25660166666665,78.25660166666665 7.848073333333333,78.25663999999999,78.25663999999999 7.851438333333334,78.25667666666666,78.25667666666666 7.854805000000001,78.25671499999999,78.25671499999999 7.858171666666667,78.25675166666666,78.25675166666666 7.861538333333334,78.25679,78.25679 7.864905,78.25682666666665,78.25682666666665 7.868271666666667,78.25686333333333,78.25686333333333 7.8716349999999995,78.25689833333334,78.25689833333334 7.874995,78.25693333333334,78.25693333333334 7.878353333333333,78.25696833333332,78.25696833333332 7.88171,78.25700166666667,78.25700166666667 7.885066666666668,78.25703499999999,78.25703499999999 7.888423333333333,78.25706666666667,78.25706666666667 7.891778333333335,78.25709833333333,78.25709833333333 7.895131666666667,78.25712833333334,78.25712833333334 7.898480000000001,78.25716,78.25716 7.901826666666666,78.25719,78.25719 7.905168333333333,78.25722166666665,78.25722166666665 7.908508333333333,78.25725166666665,78.25725166666665 7.911845,78.25728333333333,78.25728333333333 7.915181666666666,78.25731666666668,78.25731666666668 7.918518333333333,78.25735,78.25735 7.921856666666668,78.25738333333334,78.25738333333334 7.925196666666667,78.25741833333332,78.25741833333332 7.928541666666667,78.257455,78.257455 7.931888333333333,78.25749333333333,78.25749333333333 7.9352383333333325,78.25753333333334,78.25753333333334 7.9385916666666665,78.25757166666668,78.25757166666668 7.94195,78.25761,78.25761 7.945313333333333,78.25764833333334,78.25764833333334 7.948683333333335,78.25768666666667,78.25768666666667 7.952056666666666,78.25772166666667,78.25772166666667 7.955435,78.25775666666665,78.25775666666665 7.958816666666666,78.25778833333334,78.25778833333334 7.962203333333334,78.25781833333333,78.25781833333333 7.965589999999999,78.25784666666667,78.25784666666667 7.968976666666667,78.25787333333334,78.25787333333334 7.972365,78.25789833333334,78.25789833333334 7.975755,78.25792333333332,78.25792333333332 7.979146666666666,78.25794666666667,78.25794666666667 7.982538333333334,78.25797,78.25797 7.98593,78.25799333333332,78.25799333333332 7.989321666666665,78.25801666666666,78.25801666666666 7.992715,78.25803833333332,78.25803833333332 7.996110000000001,78.25806333333333,78.25806333333333 7.999506666666667,78.25808833333333,78.25808833333333 8.002906666666668,78.25811333333333,78.25811333333333 8.006308333333335,78.25814,78.25814 8.009713333333336,78.25816833333333,78.25816833333333 8.013123333333334,78.25819666666666,78.25819666666666 8.016536666666665,78.258225,78.258225 8.019951666666666,78.25825333333334,78.25825333333334 8.023370000000002,78.25828166666666,78.25828166666666 8.02679,78.25830833333333,78.25830833333333 8.030211666666666,78.258335,78.258335 8.033638333333332,78.25836333333334,78.25836333333334 8.037068333333336,78.25839,78.25839 8.04050166666667,78.25841666666668,78.25841666666668 8.04394,78.25844333333332,78.25844333333332 8.047383333333334,78.25846833333333,78.25846833333333 8.050833333333333,78.258495,78.258495 8.05429166666667,78.25851833333331,78.25851833333331 8.05776,78.25854166666666,78.25854166666666 8.061238333333332,78.25856333333333,78.25856333333333 8.064721666666667,78.25858499999998,78.25858499999998 8.068209999999999,78.25860666666667,78.25860666666667 8.071696666666666,78.25862666666666,78.25862666666666 8.075183333333332,78.25864833333334,78.25864833333334 8.07867,78.25866833333332,78.25866833333332 8.082161666666668,78.25869,78.25869 8.085656666666667,78.25871333333332,78.25871333333332 8.089155,78.25873833333333,78.25873833333333 8.092658333333334,78.258765,78.258765 8.096165,78.25879166666667,78.25879166666667 8.099676666666667,78.25882,78.25882 8.103193333333333,78.25885,78.25885 8.106713333333333,78.25887833333333,78.25887833333333 8.110236666666665,78.25890666666666,78.25890666666666 8.113763333333333,78.258935,78.258935 8.117295,78.25896166666666,78.25896166666666 8.120833333333334,78.25898833333333,78.25898833333333 8.12438,78.259015,78.259015 8.12793,78.25904,78.25904 8.131488333333335,78.25906333333334,78.25906333333334 8.135053333333333,78.25908333333334,78.25908333333334 8.138625000000001,78.25910166666667,78.25910166666667 8.142204999999999,78.25911833333332,78.25911833333332 8.14579,78.25913333333332,78.25913333333332 8.149379999999999,78.25914833333334,78.25914833333334 8.152973333333334,78.25916166666666,78.25916166666666 8.156571666666668,78.25917500000001,78.25917500000001 8.16017,78.25918833333333,78.25918833333333 8.16377,78.25920166666666,78.25920166666666 8.167366666666666,78.25921333333334,78.25921333333334 8.170960000000001,78.259225,78.259225 8.174553333333334,78.25923333333334,78.25923333333334 8.178143333333333,78.25924333333333,78.25924333333333 8.181733333333334,78.25925333333333,78.25925333333333 8.185319999999999,78.259265,78.259265 8.188905,78.25928,78.25928 8.192491666666665,78.25929500000001,78.25929500000001 8.196076666666668,78.25931333333332,78.25931333333332 8.199665000000001,78.25933333333334,78.25933333333334 8.203253333333334,78.25935666666666,78.25935666666666 8.206839999999998,78.25938,78.25938 8.210426666666667,78.25940666666666,78.25940666666666 8.214008333333334,78.25943666666667,78.25943666666667 8.217585000000001,78.259465,78.259465 8.221156666666667,78.25949666666666,78.25949666666666 8.22472,78.25952833333335,78.25952833333335 8.228275,78.25956166666667,78.25956166666667 8.231821666666669,78.25959333333333,78.25959333333333 8.235361666666668,78.25962666666668,78.25962666666668 8.238891666666667,78.25965666666667,78.25965666666667 8.242416666666667,78.25968666666667,78.25968666666667 8.245936666666667,78.259715,78.259715 8.249456666666665,78.25974166666667,78.25974166666667 8.252975000000001,78.25976833333334,78.25976833333334 8.256494999999997,78.25979166666666,78.25979166666666 8.260013333333333,78.259815,78.259815 8.26353,78.25983666666666,78.25983666666666 8.267044999999998,78.25985666666666,78.25985666666666 8.270558333333334,78.259875,78.259875 8.274068333333334,78.25989333333332,78.25989333333332 8.27758,78.25991166666667,78.25991166666667 8.28109,78.25993,78.25993 8.2846,78.25994833333333,78.25994833333333 8.288111666666667,78.25996833333333,78.25996833333333 8.291623333333332,78.25998833333333,78.25998833333333 8.295140000000002,78.26000999999998,78.26000999999998 8.298656666666668,78.26003166666666,78.26003166666666 8.302178333333334,78.260055,78.260055 8.3057,78.26007833333334,78.26007833333334 8.309225,78.26010166666666,78.26010166666666 8.312751666666665,78.260125,78.260125 8.31628,78.26015000000001,78.26015000000001 8.319811666666668,78.26017499999999,78.26017499999999 8.323345000000002,78.2602,78.2602 8.326881666666665,78.260225,78.260225 8.330421666666666,78.26025,78.26025 8.333963333333331,78.26027500000001,78.26027500000001 8.337506666666666,78.26030000000002,78.26030000000002 8.34105,78.260325,78.260325 8.344595,78.26035,78.26035 8.348138333333333,78.26037500000001,78.26037500000001 8.351683333333334,78.26039833333333,78.26039833333333 8.355223333333333,78.26042333333334,78.26042333333334 8.358761666666668,78.26044833333334,78.26044833333334 8.362295000000001,78.26047333333334,78.26047333333334 8.365823333333331,78.26050000000001,78.26050000000001 8.369348333333331,78.26052500000002,78.26052500000002 8.37287,78.26055166666666,78.26055166666666 8.376389999999999,78.26057833333333,78.26057833333333 8.379904999999999,78.26060333333334,78.26060333333334 8.383418333333333,78.26063,78.26063 8.38693,78.26065833333334,78.26065833333334 8.39044,78.26068499999998,78.26068499999998 8.393946666666668,78.26071166666668,78.26071166666668 8.397453333333333,78.26073833333332,78.26073833333332 8.400956666666668,78.26076499999999,78.26076499999999 8.404461666666668,78.26079166666666,78.26079166666666 8.407963333333333,78.26082,78.26082 8.411463333333334,78.26084666666667,78.26084666666667 8.414961666666667,78.26087333333334,78.26087333333334 8.418456666666666,78.2609,78.2609 8.421948333333333,78.260925,78.260925 8.425436666666666,78.26095000000001,78.26095000000001 8.428921666666668,78.26097499999999,78.26097499999999 8.432403333333333,78.26099666666667,78.26099666666667 8.435883333333335,78.26101999999999,78.26101999999999 8.439358333333333,78.26104166666667,78.26104166666667 8.442831666666667,78.26106166666668,78.26106166666668 8.446301666666665,78.26107999999998,78.26107999999998 8.44977,78.26109833333334,78.26109833333334 8.453235,78.26111666666668,78.26111666666668 8.456698333333332,78.26113333333332,78.26113333333332 8.460161666666666,78.26115,78.26115 8.463624999999999,78.261165,78.261165 8.467086666666669,78.26118,78.26118 8.470548333333332,78.261195,78.261195 8.474011666666666,78.26120999999999,78.26120999999999 8.477475000000002,78.26122333333333,78.26122333333333 8.480938333333333,78.26123666666668,78.26123666666668 8.484401666666669,78.26124833333334,78.26124833333334 8.487863333333335,78.26126000000001,78.26126000000001 8.491323333333336,78.26127,78.26127 8.494781666666668,78.26128,78.26128 8.498238333333335,78.26129,78.26129 8.501691666666666,78.26130166666665,78.26130166666665 8.505144999999999,78.26131500000001,78.26131500000001 8.508598333333333,78.26132999999999,78.26132999999999 8.512048333333333,78.26134833333334,78.26134833333334 8.515498333333332,78.26136833333332,78.26136833333332 8.518948333333332,78.26139,78.26139 8.522396666666666,78.26141333333332,78.26141333333332 8.525843333333334,78.26143666666667,78.26143666666667 8.529286666666668,78.26145833333334,78.26145833333334 8.532729999999999,78.26148166666668,78.26148166666668 8.53617,78.261505,78.261505 8.539608333333334,78.26152666666665,78.26152666666665 8.543045000000001,78.26155,78.26155 8.546479999999999,78.26157166666667,78.26157166666667 8.549913333333333,78.26159333333332,78.26159333333332 8.553346666666666,78.26161333333332,78.26161333333332 8.556776666666666,78.261635,78.261635 8.560206666666666,78.26165333333334,78.26165333333334 8.563638333333335,78.26167333333333,78.26167333333333 8.567068333333332,78.26169166666666,78.26169166666666 8.570498333333335,78.26170833333335,78.26170833333335 8.573929999999999,78.26172333333335,78.26172333333335 8.577361666666668,78.26173833333334,78.26173833333334 8.580795000000002,78.26175166666665,78.26175166666665 8.584228333333336,78.26176500000001,78.26176500000001 8.587665,78.26177666666666,78.26177666666666 8.591101666666667,78.26179000000002,78.26179000000002 8.594541666666668,78.2618,78.2618 8.597983333333335,78.26181166666667,78.26181166666667 8.601426666666667,78.26182333333334,78.26182333333334 8.604871666666668,78.26183499999999,78.26183499999999 8.608319999999999,78.26184666666666,78.26184666666666 8.611769999999998,78.26185833333334,78.26185833333334 8.615223333333335,78.26187166666666,78.26187166666666 8.618680000000001,78.26188666666667,78.26188666666667 8.622141666666666,78.26190166666666,78.26190166666666 8.625608333333334,78.26191833333333,78.26191833333333 8.629081666666668,78.26193666666667,78.26193666666667 8.632563333333334,78.26195833333333,78.26195833333333 8.636051666666667,78.26197999999998,78.26197999999998 8.639546666666666,78.26200333333333,78.26200333333333 8.643048333333333,78.26202666666667,78.26202666666667 8.646555000000001,78.26205166666666,78.26205166666666 8.650063333333332,78.26207833333333,78.26207833333333 8.653571666666664,78.26210333333334,78.26210333333334 8.657079999999999,78.26212999999998,78.26212999999998 8.660588333333333,78.26215499999999,78.26215499999999 8.664093333333332,78.26217833333334,78.26217833333334 8.667596666666666,78.26220333333335,78.26220333333335 8.671098333333333,78.26222666666666,78.26222666666666 8.674596666666668,78.26224833333335,78.26224833333335 8.678093333333333,78.26227166666665,78.26227166666665 8.681585,78.26229333333333,78.26229333333333 8.685075,78.26231500000002,78.26231500000002 8.688561666666669,78.262335,78.262335 8.692046666666664,78.26235666666668,78.26235666666668 8.695526666666666,78.26238,78.26238 8.699004999999998,78.26240166666668,78.26240166666668 8.70248166666667,78.262425,78.262425 8.705955,78.26245,78.26245 8.709423333333334,78.26247666666667,78.26247666666667 8.712888333333334,78.26250333333334,78.26250333333334 8.716346666666668,78.26253333333334,78.26253333333334 8.7198,78.26256333333333,78.26256333333333 8.723246666666668,78.26259333333333,78.26259333333333 8.726688333333335,78.26262666666668,78.26262666666668 8.730123333333333,78.26266,78.26266 8.733554999999999,78.26269333333335,78.26269333333335 8.736981666666665,78.26272999999999,78.26272999999999 8.740403333333335,78.26276500000002,78.26276500000002 8.74382,78.26280166666666,78.26280166666666 8.747231666666664,78.26283833333333,78.26283833333333 8.750638333333335,78.26287166666665,78.26287166666665 8.754038333333332,78.26290333333333,78.26290333333333 8.757436666666665,78.26293166666666,78.26293166666666 8.76083,78.26295666666667,78.26295666666667 8.76422,78.26297833333334,78.26297833333334 8.767606666666666,78.26299666666667,78.26299666666667 8.770988333333333,78.26301166666667,78.26301166666667 8.774366666666667,78.263025,78.263025 8.777741666666666,78.263035,78.263035 8.781113333333336,78.26304333333333,78.26304333333333 8.784486666666666,78.26305166666667,78.26305166666667 8.78786,78.26305833333332,78.26305833333332 8.791231666666667,78.26306500000001,78.26306500000001 8.794603333333335,78.26307166666666,78.26307166666666 8.797973333333335,78.26307666666668,78.26307666666668 8.801343333333332,78.26308333333333,78.26308333333333 8.804715000000002,78.26309,78.26309 8.808086666666666,78.26309666666666,78.26309666666666 8.811461666666666,78.26310499999998,78.26310499999998 8.814838333333334,78.26311333333332,78.26311333333332 8.818216666666665,78.26312166666666,78.26312166666666 8.821595,78.26313166666668,78.26313166666668 8.82497333333333,78.26314000000002,78.26314000000002 8.828351666666668,78.26315,78.26315 8.831728333333333,78.26315833333332,78.26315833333332 8.835106666666666,78.26317000000002,78.26317000000002 8.838481666666665,78.26317999999999,78.26317999999999 8.841856666666665,78.26319166666667,78.26319166666667 8.845229999999999,78.26320333333334,78.26320333333334 8.848603333333333,78.26321666666665,78.26321666666665 8.851973333333333,78.26323000000001,78.26323000000001 8.855341666666668,78.26324666666665,78.26324666666665 8.858708333333334,78.26326666666667,78.26326666666667 8.862071666666667,78.26328666666667,78.26328666666667 8.865433333333335,78.26330666666667,78.26330666666667 8.868793333333334,78.26332999999998,78.26332999999998 8.872153333333333,78.26335166666667,78.26335166666667 8.875511666666666,78.26337166666667,78.26337166666667 8.878871666666669,78.26339,78.26339 8.882230000000002,78.26340499999999,78.26340499999999 8.885586666666667,78.26341666666667,78.26341666666667 8.888940000000002,78.26342500000001,78.26342500000001 8.892293333333333,78.26343,78.26343 8.895645000000002,78.263435,78.263435 8.898995000000001,78.26343833333333,78.26343833333333 8.902348333333332,78.26344000000002,78.26344000000002 8.905703333333333,78.26344333333334,78.26344333333334 8.909063333333334,78.26344666666667,78.26344666666667 8.912426666666667,78.26344999999999,78.26344999999999 8.915793333333333,78.26345666666667,78.26345666666667 8.919163333333334,78.26346333333332,78.26346333333332 8.922538333333334,78.26347333333334,78.26347333333334 8.925916666666668,78.263485,78.263485 8.929303333333333,78.26349833333335,78.26349833333335 8.932693333333333,78.26351500000001,78.26351500000001 8.936089999999998,78.26353166666667,78.26353166666667 8.93949,78.26355,78.26355 8.942893333333336,78.26356666666668,78.26356666666668 8.9463,78.26358333333332,78.26358333333332 8.949706666666668,78.2636,78.2636 8.953116666666668,78.263615,78.263615 8.956525,78.26362833333333,78.26362833333333 8.959935,78.26364333333333,78.26364333333333 8.963346666666668,78.26365666666668,78.26365666666668 8.966758333333333,78.26367,78.26367 8.970171666666667,78.26368166666667,78.26368166666667 8.973586666666666,78.26369500000001,78.26369500000001 8.977005000000002,78.26370833333334,78.26370833333334 8.980426666666666,78.26372166666665,78.26372166666665 8.983849999999999,78.26373500000001,78.26373500000001 8.987276666666666,78.26374666666666,78.26374666666666 8.990705000000002,78.26375999999999,78.26375999999999 8.994136666666666,78.26377333333333,78.26377333333333 8.99757,78.263785,78.263785 9.001003333333335,78.26379666666666,78.26379666666666 9.004439999999999,78.26381,78.26381 9.007878333333334,78.26382166666667,78.26382166666667 9.011316666666668,78.26383333333332,78.26383333333332 9.014756666666665,78.26384500000002,78.26384500000002 9.018196666666666,78.26385666666667,78.26385666666667 9.021636666666666,78.26386833333333,78.26386833333333 9.025076666666667,78.26388,78.26388 9.028518333333333,78.26389333333334,78.26389333333334 9.03196,78.26390500000001,78.26390500000001 9.035401666666667,78.26391666666666,78.26391666666666 9.038844999999998,78.26392999999999,78.26392999999999 9.042286666666666,78.26394166666667,78.26394166666667 9.045728333333331,78.263955,78.263955 9.049170000000002,78.26396833333334,78.26396833333334 9.052613333333333,78.26398166666667,78.26398166666667 9.056058333333334,78.26399333333333,78.26399333333333 9.059505,78.26400666666667,78.26400666666667 9.062953333333335,78.26402166666666,78.26402166666666 9.066405,78.264035,78.264035 9.06986,78.26405,78.26405 9.073316666666669,78.264065,78.264065 9.076778333333335,78.26407999999999,78.26407999999999 9.080245,78.26409333333334,78.26409333333334 9.083713333333332,78.26410833333333,78.26410833333333 9.087188333333334,78.26412166666667,78.26412166666667 9.09066666666667,78.264135,78.264135 9.09415,78.26414666666665,78.26414666666665 9.097636666666666,78.26415833333334,78.26415833333334 9.101130000000001,78.26417,78.26417 9.104625,78.26418166666669,78.26418166666669 9.108124999999998,78.26419333333334,78.26419333333334 9.111628333333336,78.264205,78.264205 9.115135,78.26421666666667,78.26421666666667 9.118643333333335,78.26422833333332,78.26422833333332 9.122156666666665,78.26424000000002,78.26424000000002 9.125673333333332,78.26425166666667,78.26425166666667 9.129193333333335,78.26426166666667,78.26426166666667 9.132715000000001,78.26427333333334,78.26427333333334 9.136241666666667,78.26428499999999,78.26428499999999 9.139771666666668,78.26429666666665,78.26429666666665 9.143306666666666,78.26431,78.26431 9.146846666666667,78.26432333333335,78.26432333333335 9.150390000000002,78.26433833333333,78.26433833333333 9.153938333333334,78.26435333333335,78.26435333333335 9.157488333333333,78.26436999999999,78.26436999999999 9.161041666666666,78.264385,78.264385 9.164596666666666,78.26440166666667,78.26440166666667 9.168153333333333,78.26441666666666,78.26441666666666 9.171711666666665,78.26443166666667,78.26443166666667 9.175273333333333,78.264445,78.264445 9.178835,78.26445499999998,78.26445499999998 9.182398333333333,78.26446500000002,78.26446500000002 9.185963333333333,78.26447333333334,78.26447333333334 9.189528333333335,78.26447999999999,78.26447999999999 9.193096666666666,78.26448500000001,78.26448500000001 9.196666666666667,78.26449166666666,78.26449166666666 9.200239999999999,78.26449666666667,78.26449666666667 9.203816666666667,78.2645,78.2645 9.207396666666666,78.26450333333334,78.26450333333334 9.21098,78.26450666666666,78.26450666666666 9.214566666666668,78.26451166666668,78.26451166666668 9.218158333333335,78.264515,78.264515 9.221751666666666,78.26451999999999,78.26451999999999 9.225346666666667,78.264525,78.264525 9.22894,78.26453166666667,78.26453166666667 9.232535,78.26453833333332,78.26453833333332 9.236125,78.26454666666666,78.26454666666666 9.239711666666667,78.26455333333334,78.26455333333334 9.243295,78.26456,78.26456 9.246876666666665,78.26456666666665,78.26456666666665 9.250453333333333,78.264575,78.264575 9.254028333333332,78.26458166666667,78.26458166666667 9.2576,78.26459,78.26459 9.261168333333334,78.26459833333334,78.26459833333334 9.264731666666668,78.26460666666668,78.26460666666668 9.268291666666668,78.26461666666667,78.26461666666667 9.271848333333331,78.26462666666667,78.26462666666667 9.275401666666667,78.26463833333334,78.26463833333334 9.278955,78.26464999999999,78.26464999999999 9.282506666666666,78.26466166666668,78.26466166666668 9.286061666666665,78.264675,78.264675 9.289616666666666,78.26468666666666,78.26468666666666 9.293173333333336,78.26469999999999,78.26469999999999 9.296731666666666,78.26471166666667,78.26471166666667 9.300289999999999,78.264725,78.264725 9.303848333333333,78.26473666666668,78.26473666666668 9.307406666666665,78.26475,78.26475 9.310966666666666,78.26476333333332,78.26476333333332 9.314526666666666,78.26477666666668,78.26477666666668 9.318086666666666,78.26478999999999,78.26478999999999 9.321645,78.26480333333335,78.26480333333335 9.325201666666667,78.26481666666666,78.26481666666666 9.328758333333333,78.26482999999999,78.26482999999999 9.332313333333335,78.26484333333333,78.26484333333333 9.335866666666668,78.26485666666669,78.26485666666669 9.33942,78.26487166666666,78.26487166666666 9.342970000000001,78.26488499999999,78.26488499999999 9.34652,78.2649,78.2649 9.350065,78.26491666666668,78.26491666666668 9.353608333333334,78.26493166666668,78.26493166666668 9.357146666666667,78.26494833333334,78.26494833333334 9.360681666666668,78.26496666666667,78.26496666666667 9.364213333333332,78.26498333333333,78.26498333333333 9.367741666666666,78.26499999999999,78.26499999999999 9.371265,78.26501666666665,78.26501666666665 9.374788333333335,78.26503333333334,78.26503333333334 9.378306666666667,78.26504833333334,78.26504833333334 9.381823333333333,78.26506166666667,78.26506166666667 9.385336666666666,78.26507666666667,78.26507666666667 9.388846666666666,78.26509,78.26509 9.39235,78.26510166666668,78.26510166666668 9.395848333333332,78.26511500000001,78.26511500000001 9.399343333333334,78.26512666666666,78.26512666666666 9.402833333333334,78.26513833333333,78.26513833333333 9.40632,78.26514833333334,78.26514833333334 9.409801666666668,78.26515666666666,78.26515666666666 9.41328,78.26516666666666,78.26516666666666 9.416751666666665,78.26517333333334,78.26517333333334 9.420219999999999,78.26518,78.26518 9.423683333333335,78.26518666666665,78.26518666666665 9.427146666666665,78.26519333333333,78.26519333333333 9.430606666666668,78.26520000000001,78.26520000000001 9.434066666666665,78.265205,78.265205 9.437526666666667,78.26521166666666,78.26521166666666 9.440988333333333,78.26521666666665,78.26521666666665 9.44445,78.26522333333335,78.26522333333335 9.447916666666668,78.26522833333334,78.26522833333334 9.451383333333334,78.265235,78.265235 9.454853333333332,78.26524166666665,78.26524166666665 9.458325,78.26524833333333,78.26524833333333 9.461798333333334,78.26525500000001,78.26525500000001 9.465275000000002,78.26526166666666,78.26526166666666 9.468753333333334,78.26526999999999,78.26526999999999 9.472235,78.26527666666667,78.26527666666667 9.475716666666667,78.265285,78.265285 9.479199999999999,78.26529166666666,78.26529166666666 9.482679999999998,78.26529999999998,78.26529999999998 9.486161666666668,78.26531000000001,78.26531000000001 9.489641666666666,78.26532,78.26532 9.493125000000001,78.26533,78.26533 9.49661,78.26534000000001,78.26534000000001 9.500096666666666,78.26535,78.26535 9.503583333333335,78.26536166666666,78.26536166666666 9.507073333333334,78.26537166666667,78.26537166666667 9.510565000000001,78.26538333333332,78.26538333333332 9.514058333333333,78.26539500000001,78.26539500000001 9.517553333333334,78.265405,78.265405 9.52105,78.26541666666667,78.26541666666667 9.524549999999998,78.26542833333333,78.26542833333333 9.528053333333332,78.26543833333332,78.26543833333332 9.53156,78.26544666666666,78.26544666666666 9.535068333333335,78.265455,78.265455 9.538578333333334,78.26546333333333,78.26546333333333 9.542086666666668,78.26547166666667,78.26547166666667 9.545593333333333,78.26547833333335,78.26547833333335 9.549098333333333,78.26548333333334,78.26548333333334 9.552598333333334,78.26549,78.26549 9.556094999999997,78.26549499999999,78.26549499999999 9.559585,78.2655,78.2655 9.56307,78.26550333333333,78.26550333333333 9.566551666666667,78.26550833333334,78.26550833333334 9.570026666666665,78.26551333333333,78.26551333333333 9.573498333333333,78.26551833333333,78.26551833333333 9.576966666666667,78.26552333333335,78.26552333333335 9.580431666666668,78.26553,78.26553 9.583895,78.26553500000001,78.26553500000001 9.587353333333335,78.26554,78.26554 9.590811666666667,78.26554333333334,78.26554333333334 9.594264999999998,78.26554666666667,78.26554666666667 9.597718333333335,78.26554999999999,78.26554999999999 9.60117,78.26555333333334,78.26555333333334 9.604621666666665,78.26555666666667,78.26555666666667 9.608075000000001,78.26555833333333,78.26555833333333 9.611528333333332,78.26556,78.26556 9.614984999999999,78.26556333333332,78.26556333333332 9.618441666666666,78.26556833333333,78.26556833333333 9.621901666666668,78.26557333333334,78.26557333333334 9.625363333333334,78.26558333333334,78.26558333333334 9.628828333333335,78.26559333333334,78.26559333333334 9.632295,78.26560833333332,78.26560833333332 9.635763333333333,78.26562333333334,78.26562333333334 9.639233333333333,78.26564166666667,78.26564166666667 9.642703333333333,78.26566,78.26566 9.646170000000001,78.26567833333334,78.26567833333334 9.649635000000002,78.26569666666667,78.26569666666667 9.653098333333334,78.26571333333332,78.26571333333332 9.656556666666667,78.26572666666667,78.26572666666667 9.660013333333334,78.26573833333333,78.26573833333333 9.663468333333332,78.26574666666666,78.26574666666666 9.666920000000001,78.26575166666667,78.26575166666667 9.670368333333332,78.265755,78.265755 9.673816666666665,78.265755,78.265755 9.677259999999999,78.26575166666667,78.26575166666667 9.6807,78.26574833333335,78.26574833333335 9.684136666666667,78.26574333333333,78.26574333333333 9.687570000000001,78.26573666666667,78.26573666666667 9.690996666666667,78.26573166666668,78.26573166666668 9.694416666666665,78.265725,78.265725 9.697831666666668,78.26572166666665,78.26572166666665 9.701239999999999,78.26571833333333,78.26571833333333 9.704641666666666,78.26571833333333,78.26571833333333 9.708038333333333,78.26571833333333,78.26571833333333 9.711431666666668,78.26571999999999,78.26571999999999 9.714821666666667,78.265725,78.265725 9.718205,78.26572999999999,78.26572999999999 9.721585000000001,78.26573666666667,78.26573666666667 9.724961666666667,78.26574333333333,78.26574333333333 9.728329999999998,78.26575166666667,78.26575166666667 9.731693333333334,78.26576000000001,78.26576000000001 9.735053333333333,78.26576666666666,78.26576666666666 9.738408333333332,78.26577333333333,78.26577333333333 9.741761666666667,78.26577833333334,78.26577833333334 9.745115000000002,78.26578166666667,78.26578166666667 9.748466666666667,78.265785,78.265785 9.751818333333333,78.26578666666666,78.26578666666666 9.75517,78.26578833333332,78.26578833333332 9.758516666666665,78.26578666666666,78.26578666666666 9.761861666666666,78.26578333333333,78.26578333333333 9.765205,78.26578,78.26578 9.768546666666667,78.26577499999999,78.26577499999999 9.771888333333335,78.26576833333334,78.26576833333334 9.775228333333335,78.26576166666668,78.26576166666668 9.778564999999999,78.26575333333334,78.26575333333334 9.781896666666668,78.265745,78.265745 9.785226666666667,78.26573833333333,78.26573833333333 9.788549999999999,78.26573333333334,78.26573333333334 9.791871666666667,78.26573166666668,78.26573166666668 9.795188333333336,78.26573333333334,78.26573333333334 9.798501666666667,78.265735,78.265735 9.801818333333332,78.26573833333333,78.26573833333333 9.805126666666668,78.26574333333333,78.26574333333333 9.808431666666666,78.26574999999998,78.26574999999998 9.811734999999999,78.26575666666666,78.26575666666666 9.815038333333332,78.26576166666668,78.26576166666668 9.818341666666665,78.26576666666666,78.26576666666666 9.821645000000002,78.26577333333333,78.26577333333333 9.824951666666665,78.26577833333334,78.26577833333334 9.828256666666665,78.265785,78.265785 9.831563333333335,78.26579000000001,78.26579000000001 9.834871666666666,78.26579666666666,78.26579666666666 9.838181666666665,78.26580333333332,78.26580333333332 9.841491666666666,78.26581,78.26581 9.844805000000001,78.26581666666665,78.26581666666665 9.84812,78.26582166666667,78.26582166666667 9.85144,78.26582499999999,78.26582499999999 9.854764999999999,78.26582833333333,78.26582833333333 9.858094999999999,78.26583166666666,78.26583166666666 9.861429999999999,78.26583666666667,78.26583666666667 9.864766666666666,78.26584,78.26584 9.868105,78.26584500000001,78.26584500000001 9.871445,78.26584833333334,78.26584833333334 9.874783333333333,78.26585333333334,78.26585333333334 9.878121666666667,78.26585999999999,78.26585999999999 9.88146,78.26586666666667,78.26586666666667 9.8848,78.26587500000001,78.26587500000001 9.888140000000002,78.265885,78.265885 9.891485,78.26589666666666,78.26589666666666 9.894833333333334,78.26591,78.26591 9.898185000000002,78.26592833333335,78.26592833333335 9.90154,78.26595166666667,78.26595166666667 9.904901666666666,78.26597833333334,78.26597833333334 9.908263333333336,78.26601,78.26601 9.911628333333333,78.266045,78.266045 9.914993333333332,78.26608333333333,78.26608333333333 9.918359999999998,78.26612333333335,78.26612333333335 9.921726666666665,78.26616666666666,78.26616666666666 9.925094999999999,78.26621000000002,78.26621000000002 9.928463333333335,78.26625499999999,78.26625499999999 9.931833333333332,78.2663,78.2663 9.935205,78.26634333333334,78.26634333333334 9.938578333333334,78.266385,78.266385 9.941955,78.26642166666666,78.26642166666666 9.945335000000002,78.26645500000001,78.26645500000001 9.948718333333334,78.26648333333331,78.26648333333331 9.952105,78.26650666666666,78.26650666666666 9.955495,78.266525,78.266525 9.958885,78.26653666666665,78.26653666666665 9.962278333333334,78.26654166666667,78.26654166666667 9.965673333333333,78.26654,78.26654 9.969068333333333,78.26653166666667,78.26653166666667 9.972465000000001,78.26652000000001,78.26652000000001 9.97586,78.26650333333333,78.26650333333333 9.97925333333333,78.266485,78.266485 9.982646666666666,78.26646333333332,78.26646333333332 9.986035,78.26644,78.26644 9.989423333333335,78.26641666666666,78.26641666666666 9.992808333333333,78.26639166666666,78.26639166666666 9.99619,78.26636666666666,78.26636666666666 9.999571666666666,78.26634333333334,78.26634333333334 10.002951666666666,78.26631833333333,78.26631833333333 10.00633,78.26629666666668,78.26629666666668 10.009715,78.26627833333333,78.26627833333333 10.013101666666667,78.26626166666667,78.26626166666667 10.016491666666667,78.26624833333334,78.26624833333334 10.019883333333333,78.26624000000001,78.26624000000001 10.023278333333336,78.266235,78.266235 10.026676666666665,78.266235,78.266235 10.030076666666666,78.26623833333332,78.26623833333332 10.033478333333333,78.266245,78.266245 10.036881666666666,78.26625499999999,78.26625499999999 10.040286666666667,78.26626833333334,78.26626833333334 10.043691666666668,78.26628333333332,78.26628333333332 10.047096666666665,78.2663,78.2663 10.050501666666666,78.26631666666667,78.26631666666667 10.053908333333332,78.26633166666667,78.26633166666667 10.057311666666667,78.26634166666665,78.26634166666665 10.060716666666668,78.26635166666668,78.26635166666668 10.064121666666667,78.26635666666667,78.26635666666667 10.067528333333332,78.26635833333333,78.26635833333333 10.070934999999999,78.266355,78.266355 10.074345,78.26634999999999,78.26634999999999 10.077754999999998,78.26634000000001,78.26634000000001 10.081166666666666,78.26633,78.26633 10.084581666666667,78.26631833333333,78.26631833333333 10.087998333333333,78.26630833333333,78.26630833333333 10.091418333333332,78.2663,78.2663 10.09484,78.26629166666666,78.26629166666666 10.098263333333334,78.26628833333334,78.26628833333334 10.101688333333335,78.26628666666667,78.26628666666667 10.105113333333332,78.26628833333334,78.26628833333334 10.108538333333334,78.26629166666666,78.26629166666666 10.11196,78.26629666666668,78.26629666666668 10.115380000000002,78.266305,78.266305 10.11879833333333,78.26631166666665,78.26631166666665 10.122213333333333,78.26631833333333,78.26631833333333 10.125628333333333,78.26632500000001,78.26632500000001 10.129040000000002,78.26633,78.26633 10.132448333333333,78.266335,78.266335 10.135853333333333,78.26633666666666,78.26633666666666 10.139256666666666,78.26633833333332,78.26633833333332 10.142656666666667,78.26633833333332,78.26633833333332 10.146053333333333,78.26633833333332,78.26633833333332 10.14945,78.26633833333332,78.26633833333332 10.152841666666665,78.26633666666666,78.26633666666666 10.156233333333335,78.26633666666666,78.26633666666666 10.159623333333334,78.266335,78.266335 10.163011666666666,78.26633333333332,78.26633333333332 10.166398333333332,78.26633333333332,78.26633333333332 10.169783333333333,78.26633333333332,78.26633333333332 10.173166666666665,78.266335,78.266335 10.176546666666667,78.266335,78.266335 10.179926666666667,78.266335,78.266335 10.183303333333335,78.26633666666666,78.26633666666666 10.186678333333333,78.26633666666666,78.26633666666666 10.190051666666667,78.26633666666666,78.26633666666666 10.193423333333334,78.26633666666666,78.26633666666666 10.196793333333334,78.26633666666666,78.26633666666666 10.200161666666666,78.266335,78.266335 10.203526666666667,78.266335,78.266335 10.206891666666667,78.26633333333332,78.26633333333332 10.210256666666666,78.26633333333332,78.26633333333332 10.213619999999999,78.26633166666667,78.26633166666667 10.216981666666666,78.26632833333333,78.26632833333333 10.220344999999998,78.26632666666667,78.26632666666667 10.223704999999997,78.26632500000001,78.26632500000001 10.227063333333332,78.26632333333335,78.26632333333335 10.230419999999999,78.26632166666666,78.26632166666666 10.233771666666666,78.26632,78.26632 10.237123333333335,78.26632,78.26632 10.240475,78.26632,78.26632 10.243825000000001,78.26631833333333,78.26631833333333 10.247175,78.26631666666667,78.26631666666667 10.250525000000001,78.266315,78.266315 10.253873333333333,78.26630999999999,78.26630999999999 10.257221666666668,78.266305,78.266305 10.260566666666668,78.26629666666668,78.26629666666668 10.263913333333333,78.26628833333334,78.26628833333334 10.26726,78.26628166666666,78.26628166666666 10.270605000000002,78.26627333333333,78.26627333333333 10.273951666666665,78.26626833333334,78.26626833333334 10.2773,78.26626333333333,78.26626333333333 10.280648333333332,78.26626,78.26626 10.283998333333333,78.26625833333331,78.26625833333331 10.287348333333334,78.26625833333331,78.26625833333331 10.290698333333333,78.26625833333331,78.26625833333331 10.294048333333334,78.26625833333331,78.26625833333331 10.297396666666666,78.26626,78.26626 10.300745000000001,78.26626166666667,78.26626166666667 10.30409,78.26626333333333,78.26626333333333 10.307435000000002,78.26626333333333,78.26626333333333 10.31077666666667,78.26626333333333,78.26626333333333 10.314115,78.26626333333333,78.26626333333333 10.317451666666667,78.26626166666667,78.26626166666667 10.320785000000003,78.26626,78.26626 10.324118333333333,78.26625833333331,78.26625833333331 10.327449999999999,78.26625499999999,78.26625499999999 10.330783333333335,78.26625166666666,78.26625166666666 10.334118333333334,78.26624833333334,78.26624833333334 10.337454999999999,78.266245,78.266245 10.340791666666668,78.26624000000001,78.26624000000001 10.344131666666666,78.266235,78.266235 10.347471666666666,78.26623166666667,78.26623166666667 10.350815,78.26623000000001,78.26623000000001 10.354161666666664,78.26623000000001,78.26623000000001 10.357513333333333,78.26623000000001,78.26623000000001 10.360869999999998,78.26623166666667,78.26623166666667 10.364231666666667,78.266235,78.266235 10.367596666666667,78.26623833333332,78.26623833333332 10.370966666666668,78.26624000000001,78.26624000000001 10.374338333333334,78.26624166666667,78.26624166666667 10.377715000000002,78.26624166666667,78.26624166666667 10.381095,78.26624000000001,78.26624000000001 10.384478333333332,78.266235,78.266235 10.387865,78.26623000000001,78.26623000000001 10.391255,78.26622,78.26622 10.394644999999999,78.26621000000002,78.26621000000002 10.398038333333334,78.26619833333332,78.26619833333332 10.401435000000001,78.26618333333332,78.26618333333332 10.404831666666666,78.26616833333333,78.26616833333333 10.408233333333333,78.26615500000001,78.26615500000001 10.411636666666668,78.26614166666666,78.26614166666666 10.415043333333331,78.26612833333334,78.26612833333334 10.418451666666666,78.26611666666665,78.26611666666665 10.42186,78.266105,78.266105 10.425271666666665,78.26609499999999,78.26609499999999 10.428686666666666,78.26608666666665,78.26608666666665 10.432106666666666,78.26607833333334,78.26607833333334 10.435531666666668,78.26607166666668,78.26607166666668 10.438960000000002,78.266065,78.266065 10.442394999999998,78.26605833333332,78.26605833333332 10.445834999999999,78.266055,78.266055 10.44928,78.26604999999999,78.26604999999999 10.452730000000003,78.26604666666667,78.26604666666667 10.456183333333335,78.266045,78.266045 10.459636666666666,78.26604333333334,78.26604333333334 10.463093333333333,78.26604333333334,78.26604333333334 10.46655,78.266045,78.266045 10.470008333333332,78.26604666666667,78.26604666666667 10.473470000000002,78.26605166666667,78.26605166666667 10.476935,78.26605666666666,78.26605666666666 10.480403333333333,78.26606333333334,78.26606333333334 10.483876666666667,78.26607166666668,78.26607166666668 10.487353333333331,78.26608333333333,78.26608333333333 10.490833333333335,78.26609499999999,78.26609499999999 10.494318333333336,78.26610666666667,78.26610666666667 10.49780666666667,78.26611666666665,78.26611666666665 10.501301666666665,78.26612499999999,78.26612499999999 10.504805,78.26613333333333,78.26613333333333 10.508313333333335,78.26614,78.26614 10.511828333333334,78.26614333333335,78.26614333333335 10.515351666666666,78.26614500000001,78.26614500000001 10.518883333333333,78.26614500000001,78.26614500000001 10.522421666666665,78.26614500000001,78.26614500000001 10.525968333333333,78.26614166666666,78.26614166666666 10.529519999999998,78.26614,78.26614 10.53308,78.266135,78.266135 10.536645,78.26613166666667,78.26613166666667 10.540216666666668,78.26612833333334,78.26612833333334 10.543793333333333,78.26612333333335,78.26612333333335 10.547378333333333,78.26611833333334,78.26611833333334 10.550966666666666,78.26611166666666,78.26611166666666 10.554561666666666,78.266105,78.266105 10.558161666666669,78.26609666666666,78.26609666666666 10.561765,78.26609,78.26609 10.565374999999998,78.26608166666666,78.26608166666666 10.568990000000001,78.266075,78.266075 10.572606666666665,78.26606833333335,78.26606833333335 10.576224999999999,78.26606166666667,78.26606166666667 10.579843333333333,78.26605666666666,78.26605666666666 10.583461666666668,78.26605166666667,78.26605166666667 10.587078333333334,78.26604833333334,78.26604833333334 10.590695000000002,78.266045,78.266045 10.59431,78.26604000000002,78.26604000000002 10.597923333333332,78.26603666666666,78.26603666666666 10.601538333333332,78.266035,78.266035 10.605153333333334,78.26603333333334,78.26603333333334 10.60877,78.26603166666668,78.26603166666668 10.612385,78.26602999999999,78.26602999999999 10.615998333333335,78.26602999999999,78.26602999999999 10.619606666666668,78.26602999999999,78.26602999999999 10.623213333333336,78.26602833333332,78.26602833333332 10.626815,78.26602666666666,78.26602666666666 10.630415000000001,78.266025,78.266025 10.634010000000002,78.266025,78.266025 10.637601666666669,78.26602333333334,78.26602333333334 10.641186666666668,78.26602,78.26602 10.644766666666664,78.26601500000001,78.26601500000001 10.648341666666665,78.26600833333333,78.26600833333333 10.651908333333333,78.26599999999999,78.26599999999999 10.655468333333333,78.26598666666668,78.26598666666668 10.659019999999998,78.26597166666666,78.26597166666666 10.662565,78.26595499999999,78.26595499999999 10.666105,78.26593666666666,78.26593666666666 10.66964,78.26591666666666,78.26591666666666 10.673166666666667,78.26589666666666,78.26589666666666 10.676686666666667,78.26587666666667,78.26587666666667 10.680201666666669,78.26585666666666,78.26585666666666 10.68371,78.26584,78.26584 10.687213333333334,78.26582333333334,78.26582333333334 10.690713333333335,78.26580833333334,78.26580833333334 10.694209999999998,78.26579333333333,78.26579333333333 10.697701666666667,78.26577833333334,78.26577833333334 10.70119,78.26576333333334,78.26576333333334 10.704675,78.26574999999998,78.26574999999998 10.708153333333334,78.26573666666667,78.26573666666667 10.711628333333332,78.26572166666665,78.26572166666665 10.715098333333334,78.26571,78.26571 10.718565,78.26569666666667,78.26569666666667 10.72203333333333,78.265685,78.265685 10.725501666666664,78.26567499999999,78.26567499999999 10.728968333333334,78.26566333333332,78.26566333333332 10.732436666666668,78.26565333333333,78.26565333333333 10.735901666666665,78.26564166666667,78.26564166666667 10.739366666666669,78.26563333333333,78.26563333333333 10.742831666666666,78.265625,78.265625 10.746298333333334,78.26561833333335,78.26561833333335 10.749768333333334,78.26561333333333,78.26561333333333 10.753240000000002,78.26561000000001,78.26561000000001 10.756713333333336,78.26560666666666,78.26560666666666 10.760186666666668,78.26560666666666,78.26560666666666 10.763658333333334,78.26560833333332,78.26560833333332 10.767131666666666,78.26561000000001,78.26561000000001 10.770603333333334,78.265615,78.265615 10.774076666666668,78.26562000000001,78.26562000000001 10.777551666666666,78.265625,78.265625 10.78103,78.26563166666666,78.26563166666666 10.784508333333335,78.26563833333331,78.26563833333331 10.787989999999997,78.26564499999999,78.26564499999999 10.791473333333332,78.26565000000001,78.26565000000001 10.794958333333332,78.265655,78.265655 10.798441666666667,78.26565833333333,78.26565833333333 10.801926666666667,78.26565833333333,78.26565833333333 10.805413333333336,78.26565833333333,78.26565833333333 10.808903333333335,78.265655,78.265655 10.812393333333334,78.26565166666667,78.26565166666667 10.815886666666664,78.26564666666665,78.26564666666665 10.819383333333334,78.26564333333333,78.26564333333333 10.822880000000001,78.26564,78.26564 10.826376666666665,78.26563666666665,78.26563666666665 10.829876666666665,78.26563333333333,78.26563333333333 10.833378333333332,78.26563,78.26563 10.836884999999997,78.26562666666668,78.26562666666668 10.840395,78.265625,78.265625 10.843910000000001,78.26562333333334,78.26562333333334 10.847431666666667,78.26562166666668,78.26562166666668 10.850954999999999,78.26562000000001,78.26562000000001 10.85448,78.26561666666666,78.26561666666666 10.858004999999999,78.26561333333333,78.26561333333333 10.861531666666666,78.26560833333332,78.26560833333332 10.865061666666668,78.26559999999999,78.26559999999999 10.868593333333335,78.26558833333333,78.26558833333333 10.872125000000002,78.265575,78.265575 10.875658333333336,78.26556166666666,78.26556166666666 10.879191666666669,78.26554833333333,78.26554833333333 10.882726666666667,78.26553166666666,78.26553166666666 10.886258333333334,78.26551666666666,78.26551666666666 10.889786666666664,78.26549833333334,78.26549833333334 10.893310000000001,78.26548166666667,78.26548166666667 10.896828333333334,78.26546333333333,78.26546333333333 10.90033833333333,78.265445,78.265445 10.903843333333336,78.26542500000001,78.26542500000001 10.907338333333332,78.26540666666666,78.26540666666666 10.910826666666665,78.26538666666667,78.26538666666667 10.914305,78.26536666666665,78.26536666666665 10.917776666666668,78.265345,78.265345 10.921240000000001,78.26532166666667,78.26532166666667 10.924698333333334,78.26529833333335,78.26529833333335 10.928150000000002,78.265275,78.265275 10.931598333333334,78.26525333333335,78.26525333333335 10.935044999999999,78.26523,78.26523 10.938486666666666,78.26520833333333,78.26520833333333 10.941924999999998,78.26518833333331,78.26518833333331 10.945361666666669,78.26517000000001,78.26517000000001 10.948796666666665,78.265155,78.265155 10.952230000000002,78.26514333333334,78.26514333333334 10.955663333333332,78.265135,78.265135 10.959094999999998,78.26512833333332,78.26512833333332 10.962525,78.26512333333334,78.26512333333334 10.965953333333335,78.26512,78.26512 10.969378333333335,78.26511833333333,78.26511833333333 10.972801666666664,78.26511500000001,78.26511500000001 10.976221666666666,78.26511333333332,78.26511333333332 10.979638333333334,78.26511166666666,78.26511166666666 10.983051666666665,78.26510999999999,78.26510999999999 10.986461666666667,78.26510833333333,78.26510833333333 10.989866666666668,78.26510833333333,78.26510833333333 10.993268333333331,78.26510666666667,78.26510666666667 10.996663333333334,78.26510333333334,78.26510333333334 11.000053333333335,78.26509999999999,78.26509999999999 11.003438333333333,78.265095,78.265095 11.00682,78.26509,78.26509 11.010198333333337,78.26508166666669,78.26508166666669 11.013571666666667,78.26507333333335,78.26507333333335 11.016944999999998,78.26506333333333,78.26506333333333 11.020315000000002,78.26505,78.26505 11.023684999999999,78.26503666666667,78.26503666666667 11.027053333333335,78.26502,78.26502 11.030420000000001,78.265005,78.265005 11.033788333333332,78.26498833333332,78.26498833333332 11.037156666666665,78.26497166666665,78.26497166666665 11.040526666666665,78.264955,78.264955 11.043899999999999,78.26493833333333,78.26493833333333 11.047273333333333,78.26492,78.26492 11.050650000000001,78.26490333333332,78.26490333333332 11.054028333333335,78.26488666666668,78.26488666666668 11.057408333333333,78.26486833333334,78.26486833333334 11.060786666666669,78.26484999999998,78.26484999999998 11.064166666666665,78.26483166666668,78.26483166666668 11.067544999999999,78.26481166666667,78.26481166666667 11.070921666666667,78.26479166666665,78.26479166666665 11.074298333333335,78.26477,78.26477 11.077676666666665,78.26474833333334,78.26474833333334 11.081055000000001,78.26472833333334,78.26472833333334 11.084436666666665,78.26470666666668,78.26470666666668 11.087821666666667,78.26468666666666,78.26468666666666 11.091208333333336,78.26467,78.26467 11.094598333333332,78.26465333333334,78.26465333333334 11.097988333333335,78.26463666666668,78.26463666666668 11.101379999999999,78.26462,78.26462 11.104771666666666,78.26460666666668,78.26460666666668 11.108163333333335,78.26459333333332,78.26459333333332 11.111556666666669,78.26458333333333,78.26458333333333 11.114948333333333,78.264575,78.264575 11.118341666666666,78.26456666666665,78.26456666666665 11.121735,78.26456166666667,78.26456166666667 11.125128333333334,78.264555,78.264555 11.128523333333334,78.26454666666666,78.26454666666666 11.131921666666663,78.26454000000001,78.26454000000001 11.135323333333334,78.26453166666667,78.26453166666667 11.138723333333331,78.26452166666665,78.26452166666665 11.142126666666664,78.26451333333331,78.26451333333331 11.145531666666669,78.26450333333334,78.26450333333334 11.14894,78.26449166666666,78.26449166666666 11.152353333333334,78.26448166666668,78.26448166666668 11.155775000000004,78.26447,78.26447 11.15920166666667,78.26445833333334,78.26445833333334 11.162633333333334,78.26444666666666,78.26444666666666 11.166066666666666,78.26443666666668,78.26443666666668 11.169500000000001,78.26442666666668,78.26442666666668 11.172933333333333,78.26441666666666,78.26441666666666 11.176366666666668,78.26440833333332,78.26440833333332 11.179798333333334,78.26439999999998,78.26439999999998 11.183231666666664,78.264395,78.264395 11.186665000000001,78.26439,78.26439 11.190096666666667,78.26438833333333,78.26438833333333 11.193526666666667,78.264385,78.264385 11.196956666666667,78.264385,78.264385 11.200383333333333,78.26438333333334,78.26438333333334 11.203809999999999,78.264385,78.264385 11.207234999999999,78.26438666666667,78.26438666666667 11.210661666666665,78.26438833333333,78.26438833333333 11.214088333333335,78.26439,78.26439 11.217516666666665,78.26439333333333,78.26439333333333 11.220946666666668,78.26439666666666,78.26439666666666 11.224379999999998,78.26439666666666,78.26439666666666 11.227814999999998,78.264395,78.264395 11.23125,78.26439,78.26439 11.234688333333336,78.26437833333333,78.26437833333333 11.238128333333334,78.26436333333332,78.26436333333332 11.241566666666664,78.26434333333334,78.26434333333334 11.245006666666665,78.26432166666666,78.26432166666666 11.248445,78.26429666666665,78.26429666666665 11.251883333333334,78.26427166666667,78.26427166666667 11.255318333333333,78.264245,78.264245 11.258748333333333,78.26422,78.26422 11.262171666666665,78.264195,78.264195 11.265590000000001,78.26417,78.26417 11.269,78.26414499999998,78.26414499999998 11.272405,78.26412166666667,78.26412166666667 11.275805,78.26409666666666,78.26409666666666 11.27920333333333,78.26407333333334,78.26407333333334 11.282598333333333,78.26405,78.26405 11.285990000000002,78.26402666666667,78.26402666666667 11.289381666666667,78.26400499999998,78.26400499999998 11.292768333333333,78.26398499999999,78.26398499999999 11.296153333333335,78.26396666666666,78.26396666666666 11.299536666666667,78.26395166666667,78.26395166666667 11.302919999999999,78.26393833333333,78.26393833333333 11.306299999999998,78.263925,78.263925 11.30968,78.26391166666667,78.26391166666667 11.313058333333332,78.26390166666668,78.26390166666668 11.316436666666666,78.26389166666665,78.26389166666665 11.31981333333333,78.263885,78.263885 11.323193333333332,78.26387666666668,78.26387666666668 11.326573333333332,78.26387,78.26387 11.329954999999998,78.26386500000001,78.26386500000001 11.33334,78.26386,78.26386 11.336728333333335,78.26385666666667,78.26385666666667 11.340116666666667,78.26385333333333,78.26385333333333 11.343508333333334,78.26385,78.26385 11.3469,78.26384500000002,78.26384500000002 11.350291666666665,78.26384166666666,78.26384166666666 11.353683333333334,78.26383833333331,78.26383833333331 11.357075,78.26383333333332,78.26383333333332 11.360466666666666,78.26382666666667,78.26382666666667 11.363858333333335,78.26382000000001,78.26382000000001 11.367254999999998,78.26381333333333,78.26381333333333 11.370653333333332,78.26380666666668,78.26380666666668 11.374056666666668,78.26380166666667,78.26380166666667 11.377464999999999,78.263795,78.263795 11.380875,78.26379000000001,78.26379000000001 11.384288333333332,78.263785,78.263785 11.387703333333333,78.26377833333332,78.26377833333332 11.391121666666669,78.26377166666666,78.26377166666666 11.394543333333335,78.26376666666667,78.26376666666667 11.397966666666663,78.26375999999999,78.26375999999999 11.401391666666665,78.26375333333334,78.26375333333334 11.404818333333333,78.26374666666666,78.26374666666666 11.408246666666665,78.26373833333334,78.26373833333334 11.411676666666665,78.26372833333333,78.26372833333333 11.415106666666668,78.26371833333333,78.26371833333333 11.418539999999998,78.26370499999999,78.26370499999999 11.421973333333336,78.26368833333332,78.26368833333332 11.42541,78.26367,78.26367 11.428848333333333,78.26365000000001,78.26365000000001 11.432285000000002,78.26362999999999,78.26362999999999 11.435723333333332,78.26360833333332,78.26360833333332 11.439161666666665,78.263585,78.263585 11.442598333333336,78.26356166666666,78.26356166666666 11.446034999999997,78.26353666666668,78.26353666666668 11.449471666666668,78.26351333333334,78.26351333333334 11.452908333333335,78.26349,78.26349 11.456344999999999,78.263465,78.263465 11.459783333333332,78.26344166666665,78.26344166666665 11.463223333333334,78.26341833333333,78.26341833333333 11.466666666666665,78.26339333333333,78.26339333333333 11.470115,78.26337166666667,78.26337166666667 11.473566666666668,78.26335,78.26335 11.477021666666667,78.26332833333332,78.26332833333332 11.480476666666668,78.26330666666667,78.26330666666667 11.483935,78.26328500000001,78.26328500000001 11.487391666666669,78.26326166666666,78.26326166666666 11.490851666666666,78.26324,78.26324 11.494309999999999,78.26321666666665,78.26321666666665 11.497771666666665,78.26319166666667,78.26319166666667 11.501231666666667,78.26316833333333,78.26316833333333 11.504694999999998,78.26314333333335,78.26314333333335 11.50815833333333,78.26311833333334,78.26311833333334 11.511623333333334,78.263095,78.263095 11.515090000000002,78.26307166666666,78.26307166666666 11.518556666666665,78.26305,78.26305 11.522023333333333,78.26303166666668,78.26303166666668 11.525491666666667,78.26301333333333,78.26301333333333 11.52896,78.26299833333336,78.26299833333336 11.532429999999998,78.26298333333334,78.26298333333334 11.535900000000002,78.26297,78.26297 11.53937,78.26295999999999,78.26295999999999 11.542838333333334,78.26295,78.26295 11.54630833333333,78.26294166666666,78.26294166666666 11.549778333333334,78.26293166666666,78.26293166666666 11.553246666666668,78.26292333333335,78.26292333333335 11.556716666666667,78.26291333333333,78.26291333333333 11.560185,78.26290333333333,78.26290333333333 11.563651666666667,78.26289333333334,78.26289333333334 11.567118333333333,78.26288333333333,78.26288333333333 11.570583333333333,78.26287166666665,78.26287166666665 11.574046666666668,78.26285833333333,78.26285833333333 11.577508333333334,78.26284333333334,78.26284333333334 11.580966666666667,78.26282833333333,78.26282833333333 11.584421666666666,78.26281,78.26281 11.587874999999999,78.26279,78.26279 11.591325,78.26277,78.26277 11.594771666666668,78.26274833333335,78.26274833333335 11.598215,78.26272833333334,78.26272833333334 11.601656666666667,78.26270666666666,78.26270666666666 11.605094999999999,78.26268666666667,78.26268666666667 11.608530000000002,78.26266500000001,78.26266500000001 11.611963333333332,78.262645,78.262645 11.615395,78.26262333333335,78.26262333333335 11.618823333333335,78.26260333333333,78.26260333333333 11.622251666666665,78.26258333333334,78.26258333333334 11.625678333333335,78.26256333333333,78.26256333333333 11.629105000000001,78.262545,78.262545 11.632533333333333,78.26252666666667,78.26252666666667 11.635963333333333,78.26250833333333,78.26250833333333 11.639398333333334,78.26249166666666,78.26249166666666 11.64283666666667,78.26247666666667,78.26247666666667 11.646278333333331,78.26246166666667,78.26246166666667 11.649723333333334,78.26244666666666,78.26244666666666 11.65317,78.26243166666667,78.26243166666667 11.656616666666666,78.26241833333333,78.26241833333333 11.660066666666669,78.26240333333334,78.26240333333334 11.66351833333333,78.26239000000001,78.26239000000001 11.666973333333333,78.26237833333333,78.26237833333333 11.670433333333337,78.262365,78.262365 11.673881666666668,78.26234666666664,78.26234666666664 11.677350000000002,78.26233333333333,78.26233333333333 11.680821666666667,78.26232,78.26232 11.684295,78.26230666666667,78.26230666666667 11.687770000000002,78.26229166666667,78.26229166666667 11.691243333333334,78.26227833333334,78.26227833333334 11.694718333333334,78.26226166666667,78.26226166666667 11.698194999999998,78.26224666666667,78.26224666666667 11.701673333333334,78.26222999999999,78.26222999999999 11.705153333333332,78.26221500000001,78.26221500000001 11.708633333333335,78.26219833333333,78.26219833333333 11.712116666666667,78.26218333333333,78.26218333333333 11.715601666666664,78.26216666666666,78.26216666666666 11.719088333333332,78.26215333333333,78.26215333333333 11.722574999999997,78.26213833333333,78.26213833333333 11.726065000000004,78.262125,78.262125 11.729553333333333,78.26211166666667,78.26211166666667 11.733043333333333,78.26209666666666,78.26209666666666 11.736533333333332,78.26208166666667,78.26208166666667 11.740023333333331,78.26206333333332,78.26206333333332 11.743515,78.26204500000001,78.26204500000001 11.747006666666667,78.26202333333335,78.26202333333335 11.7505,78.262,78.262 11.753995000000002,78.26197499999999,78.26197499999999 11.75749,78.26194999999998,78.26194999999998 11.760988333333334,78.261925,78.261925 11.764486666666668,78.26189833333333,78.26189833333333 11.767986666666665,78.26187333333336,78.26187333333336 11.771484999999998,78.261845,78.261845 11.774985,78.26181833333332,78.26181833333332 11.77848,78.26179166666668,78.26179166666668 11.781973333333333,78.26176500000001,78.26176500000001 11.785463333333333,78.26173833333334,78.26173833333334 11.788949999999998,78.26171166666667,78.26171166666667 11.792431666666667,78.26168333333334,78.26168333333334 11.795913333333331,78.26165833333333,78.26165833333333 11.799391666666667,78.26163166666667,78.26163166666667 11.802869999999999,78.26160666666667,78.26160666666667 11.806346666666666,78.26158166666666,78.26158166666666 11.809825000000002,78.26155833333334,78.26155833333334 11.813303333333332,78.261535,78.261535 11.816783333333335,78.26151333333334,78.26151333333334 11.820261666666665,78.26149000000001,78.26149000000001 11.823738333333331,78.26146999999999,78.26146999999999 11.827215000000002,78.26144833333333,78.26144833333333 11.830688333333335,78.26143,78.26143 11.834161666666668,78.26141166666666,78.26141166666666 11.837633333333333,78.26139333333333,78.26139333333333 11.841103333333336,78.26137666666666,78.26137666666666 11.844573333333335,78.26135999999998,78.26135999999998 11.848053333333333,78.26134333333334,78.26134333333334 11.851518333333333,78.26132833333332,78.26132833333332 11.854983333333333,78.26131166666669,78.26131166666669 11.85844666666667,78.261295,78.261295 11.86191,78.26127833333334,78.26127833333334 11.865371666666666,78.26126166666667,78.26126166666667 11.868831666666665,78.26124333333333,78.26124333333333 11.87229166666667,78.261225,78.261225 11.875750000000002,78.26120666666667,78.26120666666667 11.879208333333334,78.26118833333332,78.26118833333332 11.882666666666667,78.26116999999999,78.26116999999999 11.886123333333334,78.26115,78.26115 11.889580000000002,78.26113166666666,78.26113166666666 11.893031666666664,78.26111333333333,78.26111333333333 11.896471666666665,78.261095,78.261095 11.899899999999999,78.26107666666665,78.26107666666665 11.90331333333333,78.26105666666666,78.26105666666666 11.906715,78.26103666666667,78.26103666666667 11.910104999999998,78.26101666666666,78.26101666666666 11.913483333333334,78.26099666666667,78.26099666666667 11.916856666666668,78.26097499999999,78.26097499999999 11.920223333333334,78.260955,78.260955 11.923586666666663,78.26093333333333,78.26093333333333 11.926948333333334,78.26091166666667,78.26091166666667 11.930308333333336,78.26089000000002,78.26089000000002 11.933668333333332,78.26086833333333,78.26086833333333 11.937026666666668,78.260845,78.260845 11.940386666666665,78.26082333333335,78.26082333333335 11.943748333333335,78.26080166666667,78.26080166666667 11.947111666666668,78.26077833333335,78.26077833333335 11.950476666666669,78.26075666666667,78.26075666666667 11.953848333333335,78.26073333333333,78.26073333333333 11.957223333333332,78.26070999999999,78.26070999999999 11.960603333333333,78.26068499999998,78.26068499999998 11.963988333333333,78.26066,78.26066 11.967373333333335,78.260635,78.260635 11.970758333333333,78.26060999999999,78.26060999999999 11.974141666666664,78.26058333333334,78.26058333333334 11.977523333333332,78.26055833333334,78.26055833333334 11.980901666666666,78.26053333333333,78.26053333333333 11.984281666666668,78.26050666666667,78.26050666666667 11.98766,78.26048166666666,78.26048166666666 11.99103833333333,78.26045666666666,78.26045666666666 11.994416666666668,78.26043166666668,78.26043166666668 11.997796666666666,78.260405,78.260405 12.001175,78.26037833333334,78.26037833333334 12.004551666666668,78.26035166666666,78.26035166666666 12.007926666666668,78.26032333333333,78.26032333333333 12.011300000000002,78.260295,78.260295 12.014673333333333,78.26026666666667,78.26026666666667 12.018046666666663,78.26023833333333,78.26023833333333 12.021423333333331,78.26021,78.26021 12.024803333333333,78.26018166666667,78.26018166666667 12.02818833333333,78.26015166666667,78.26015166666667 12.031578333333334,78.26012333333334,78.26012333333334 12.034975000000003,78.26009333333332,78.26009333333332 12.038373333333332,78.26006500000001,78.26006500000001 12.041775,78.26003833333331,78.26003833333331 12.045178333333334,78.26001166666667,78.26001166666667 12.04858,78.25998666666666,78.25998666666666 12.05198,78.25996333333332,78.25996333333332 12.055376666666666,78.25994,78.25994 12.058769999999999,78.25991666666667,78.25991666666667 12.062161666666668,78.25989500000001,78.25989500000001 12.065551666666664,78.25987333333333,78.25987333333333 12.068941666666667,78.25985333333334,78.25985333333334 12.072328333333335,78.25983333333333,78.25983333333333 12.075716666666667,78.259815,78.259815 12.079105,78.25979666666667,78.25979666666667 12.082493333333332,78.25977833333333,78.25977833333333 12.085883333333333,78.25976166666666,78.25976166666666 12.089275,78.25974500000001,78.25974500000001 12.092666666666666,78.25972666666665,78.25972666666665 12.096056666666668,78.25970999999998,78.25970999999998 12.099446666666664,78.25969,78.25969 12.102836666666667,78.25967000000001,78.25967000000001 12.106224999999998,78.25965,78.25965 12.109615,78.25962833333334,78.25962833333334 12.113005,78.259605,78.259605 12.116396666666665,78.25958333333332,78.25958333333332 12.119790000000002,78.25955833333335,78.25955833333335 12.123185000000001,78.259535,78.259535 12.126578333333335,78.25950999999999,78.25950999999999 12.129973333333332,78.25948333333335,78.25948333333335 12.133366666666666,78.25945833333334,78.25945833333334 12.136759999999999,78.25943166666667,78.25943166666667 12.140153333333334,78.259405,78.259405 12.143545,78.25938,78.25938 12.146936666666667,78.25935333333334,78.25935333333334 12.150328333333333,78.25932666666667,78.25932666666667 12.153718333333334,78.25930166666666,78.25930166666666 12.157106666666667,78.25927666666665,78.25927666666665 12.160493333333335,78.25925333333333,78.25925333333333 12.163878333333333,78.25922999999999,78.25922999999999 12.167261666666665,78.25921,78.25921 12.170641666666667,78.25918833333333,78.25918833333333 12.174018333333334,78.25916833333333,78.25916833333333 12.177391666666665,78.25914833333334,78.25914833333334 12.180763333333335,78.25913,78.25913 12.184133333333335,78.25911166666667,78.25911166666667 12.187503333333332,78.259095,78.259095 12.190871666666665,78.25907833333335,78.25907833333335 12.194241666666667,78.25906333333334,78.25906333333334 12.197613333333333,78.25905166666665,78.25905166666665 12.200986666666664,78.25904166666666,78.25904166666666 12.204365000000001,78.25903333333335,78.25903333333335 12.207746666666667,78.25902666666667,78.25902666666667 12.211133333333331,78.25902333333335,78.25902333333335 12.214526666666664,78.25902166666665,78.25902166666665 12.217923333333333,78.25902166666665,78.25902166666665 12.22132333333333,78.25902166666665,78.25902166666665 12.224725000000001,78.25902166666665,78.25902166666665 12.228129999999998,78.25901833333333,78.25901833333333 12.231533333333335,78.259015,78.259015 12.234934999999998,78.25900666666668,78.25900666666668 12.238336666666665,78.259,78.259 12.241733333333332,78.25899166666666,78.25899166666666 12.245128333333332,78.25898166666667,78.25898166666667 12.248518333333333,78.25897166666667,78.25897166666667 12.251904999999999,78.25895999999999,78.25895999999999 12.25529,78.25894666666666,78.25894666666666 12.258675,78.258935,78.258935 12.262058333333334,78.258925,78.258925 12.265445,78.25891833333333,78.25891833333333 12.268831666666665,78.25891333333334,78.25891333333334 12.272221666666667,78.25891333333334,78.25891333333334 12.275615,78.25891833333333,78.25891833333333 12.279010000000003,78.258925,78.258925 12.282406666666667,78.258935,78.258935 12.285808333333334,78.25894833333335,78.25894833333335 12.289213333333333,78.25896333333333,78.25896333333333 12.292623333333331,78.25898000000001,78.25898000000001 12.296038333333334,78.25899833333334,78.25899833333334 12.299456666666668,78.25901833333333,78.25901833333333 12.302878333333334,78.25904166666666,78.25904166666666 12.306298333333332,78.259065,78.259065 12.309715000000002,78.25908833333332,78.25908833333332 12.313130000000003,78.25911166666667,78.25911166666667 12.316540000000002,78.25913833333334,78.25913833333334 12.319945,78.25916500000001,78.25916500000001 12.323346666666664,78.259195,78.259195 12.326743333333331,78.259225,78.259225 12.33013833333333,78.259255,78.259255 12.33353,78.25928499999999,78.25928499999999 12.336920000000003,78.25931333333332,78.25931333333332 12.34031,78.25933833333333,78.25933833333333 12.343701666666668,78.25936166666668,78.25936166666668 12.347095000000003,78.25938,78.25938 12.350489999999999,78.25939666666666,78.25939666666666 12.35389,78.25940833333334,78.25940833333334 12.357291666666667,78.25941666666665,78.25941666666665 12.360700000000001,78.25942,78.25942 12.364111666666668,78.25942166666667,78.25942166666667 12.367525,78.25942166666667,78.25942166666667 12.370943333333331,78.25942,78.25942 12.374363333333333,78.25941833333331,78.25941833333331 12.377783333333332,78.25941499999999,78.25941499999999 12.381203333333332,78.25941166666667,78.25941166666667 12.384625000000002,78.25940999999999,78.25940999999999 12.388045,78.25940666666666,78.25940666666666 12.391461666666665,78.259405,78.259405 12.394875000000003,78.259405,78.259405 12.398283333333334,78.25940666666666,78.25940666666666 12.401685,78.25940999999999,78.25940999999999 12.405079999999996,78.25941499999999,78.25941499999999 12.408468333333335,78.25942166666667,78.25942166666667 12.41185,78.25943000000001,78.25943000000001 12.415226666666667,78.25944,78.25944 12.418600000000001,78.25945,78.25945 12.421971666666666,78.25946,78.25946 12.425340000000002,78.25947,78.25947 12.428710000000002,78.25947833333333,78.25947833333333 12.43208,78.25948833333334,78.25948833333334 12.435451666666665,78.25949666666666,78.25949666666666 12.438826666666667,78.25950666666667,78.25950666666667 12.442206666666666,78.25951500000001,78.25951500000001 12.445591666666667,78.259525,78.259525 12.448981666666667,78.25953166666667,78.25953166666667 12.452378333333336,78.25953833333332,78.25953833333332 12.455781666666667,78.25954166666668,78.25954166666668 12.459191666666667,78.25954166666668,78.25954166666668 12.462608333333332,78.25954166666668,78.25954166666668 12.466030000000002,78.25954000000002,78.25954000000002 12.469456666666668,78.25953833333332,78.25953833333332 12.472883333333334,78.259535,78.259535 12.476311666666668,78.25952999999998,78.25952999999998 12.47973666666667,78.25952166666666,78.25952166666666 12.48316166666667,78.25951333333335,78.25951333333335 12.486583333333334,78.25950333333334,78.25950333333334 12.49000166666667,78.25949166666666,78.25949166666666 12.493416666666668,78.25948,78.25948 12.496826666666669,78.259465,78.259465 12.500235000000004,78.25945,78.25945 12.503638333333333,78.259435,78.259435 12.507038333333334,78.25941666666665,78.25941666666665 12.510435,78.25939833333335,78.25939833333335 12.513826666666667,78.25937833333334,78.25937833333334 12.517218333333336,78.25935833333332,78.25935833333332 12.520605,78.25933333333334,78.25933333333334 12.523988333333335,78.25930833333334,78.25930833333334 12.527368333333333,78.25928166666667,78.25928166666667 12.530745000000001,78.259255,78.259255 12.534121666666666,78.25922999999999,78.25922999999999 12.537495,78.25920666666667,78.25920666666667 12.54087,78.25918666666666,78.25918666666666 12.544243333333334,78.25916833333333,78.25916833333333 12.547618333333334,78.25915166666667,78.25915166666667 12.550995000000002,78.25913833333334,78.25913833333334 12.554373333333334,78.25912833333334,78.25912833333334 12.557753333333334,78.25912166666667,78.25912166666667 12.56113666666667,78.25912166666667,78.25912166666667 12.564521666666668,78.259125,78.259125 12.56791,78.25913666666668,78.25913666666668 12.571301666666667,78.25915333333334,78.25915333333334 12.574693333333336,78.25917833333334,78.25917833333334 12.578084999999998,78.25920833333333,78.25920833333333 12.581476666666667,78.25924333333333,78.25924333333333 12.58487,78.25928666666668,78.25928666666668 12.588265,78.25933333333334,78.25933333333334 12.591668333333333,78.259385,78.259385 12.595079999999998,78.25943833333334,78.25943833333334 12.598505,78.259495,78.259495 12.601938333333333,78.25955499999999,78.25955499999999 12.605378333333334,78.25961833333334,78.25961833333334 12.608825000000003,78.25968333333334,78.25968333333334 12.612274999999999,78.25975,78.25975 12.615725000000001,78.25982000000002,78.25982000000002 12.619171666666668,78.25989500000001,78.25989500000001 12.622613333333334,78.25997333333333,78.25997333333333 12.62604833333333,78.26005333333333,78.26005333333333 12.629478333333337,78.260135,78.260135 12.632903333333333,78.26022,78.26022 12.636323333333332,78.260305,78.260305 12.639736666666666,78.26039333333333,78.26039333333333 12.643145,78.26048166666666,78.26048166666666 12.646548333333334,78.26057000000002,78.26057000000002 12.649946666666667,78.26066166666666,78.26066166666666 12.653341666666666,78.26075166666668,78.26075166666668 12.656731666666666,78.26084333333333,78.26084333333333 12.660118333333331,78.26093499999999,78.26093499999999 12.663499999999999,78.26102666666667,78.26102666666667 12.666878333333333,78.26111833333334,78.26111833333334 12.670255000000001,78.26120999999999,78.26120999999999 12.67363,78.26129833333333,78.26129833333333 12.677003333333333,78.26138333333333,78.26138333333333 12.680376666666666,78.261465,78.261465 12.683753333333334,78.26154333333334,78.26154333333334 12.687136666666666,78.26161666666667,78.26161666666667 12.690526666666665,78.261685,78.261685 12.693928333333332,78.26175166666665,78.26175166666665 12.697341666666667,78.26181166666667,78.26181166666667 12.700768333333333,78.26186833333334,78.26186833333334 12.704206666666668,78.26191833333333,78.26191833333333 12.707659999999999,78.261965,78.261965 12.711126666666667,78.26200666666668,78.26200666666668 12.714604999999997,78.26204500000001,78.26204500000001 12.718095000000002,78.26207833333333,78.26207833333333 12.721593333333331,78.26210833333333,78.26210833333333 12.725096666666666,78.262135,78.262135 12.728603333333334,78.26216333333333,78.26216333333333 12.732111666666665,78.26219166666667,78.26219166666667 12.735619999999999,78.26222,78.26222 12.739128333333333,78.26225,78.26225 12.742633333333332,78.26228333333333,78.26228333333333 12.746136666666667,78.26231833333334,78.26231833333334 12.749636666666667,78.26235666666668,78.26235666666668 12.753133333333334,78.26239833333335,78.26239833333335 12.756626666666667,78.262445,78.262445 12.760118333333333,78.26249333333332,78.26249333333332 12.763606666666666,78.26254333333334,78.26254333333334 12.767094999999998,78.26259499999999,78.26259499999999 12.770581666666667,78.26264833333333,78.26264833333333 12.774068333333332,78.26270333333333,78.26270333333333 12.777553333333332,78.26276,78.26276 12.78104,78.262815,78.262815 12.78453,78.26286833333333,78.26286833333333 12.788025000000001,78.26292166666667,78.26292166666667 12.791525000000002,78.26297333333335,78.26297333333335 12.795033333333333,78.26302333333334,78.26302333333334 12.798546666666669,78.26307,78.26307 12.802065,78.26311666666668,78.26311666666668 12.805583333333333,78.263165,78.263165 12.809101666666669,78.26321333333333,78.26321333333333 12.81262,78.26326166666666,78.26326166666666 12.816135000000001,78.26330999999999,78.26330999999999 12.819646666666666,78.26336166666667,78.26336166666667 12.823156666666668,78.26341166666666,78.26341166666666 12.826664999999998,78.26346333333332,78.26346333333332 12.830169999999999,78.26351666666666,78.26351666666666 12.833676666666667,78.26356833333334,78.26356833333334 12.837184999999998,78.26362333333334,78.26362333333334 12.840695,78.26367666666668,78.26367666666668 12.844206666666665,78.26373,78.26373 12.84772,78.263785,78.263785 12.851231666666669,78.26383833333331,78.26383833333331 12.854738333333334,78.26389166666665,78.26389166666665 12.858241666666668,78.26394666666666,78.26394666666666 12.861740000000001,78.264,78.264 12.865234999999998,78.26405333333334,78.26405333333334 12.868723333333334,78.26410666666668,78.26410666666668 12.872208333333333,78.26416,78.26416 12.875690000000002,78.26421166666668,78.26421166666668 12.87917,78.26426166666667,78.26426166666667 12.882648333333336,78.26431166666666,78.26431166666666 12.886128333333334,78.26435833333333,78.26435833333333 12.889606666666669,78.264405,78.264405 12.893088333333333,78.26445,78.26445 12.896575,78.26449333333335,78.26449333333335 12.900066666666666,78.26453333333333,78.26453333333333 12.903563333333333,78.26457333333333,78.26457333333333 12.907065,78.26461,78.26461 12.910571666666668,78.26464666666666,78.26464666666666 12.914081666666666,78.26468333333334,78.26468333333334 12.917591666666665,78.26472166666667,78.26472166666667 12.921103333333333,78.26475833333333,78.26475833333333 12.924614999999998,78.264795,78.264795 12.928126666666666,78.264835,78.264835 12.931636666666668,78.26487499999999,78.26487499999999 12.935145,78.26492,78.26492 12.938649999999997,78.264965,78.264965 12.942153333333332,78.26501166666667,78.26501166666667 12.945653333333333,78.26506166666667,78.26506166666667 12.94915,78.26510999999999,78.26510999999999 12.952643333333333,78.26516000000001,78.26516000000001 12.956131666666668,78.26521,78.26521 12.959613333333333,78.26526,78.26526 12.963088333333332,78.26530833333332,78.26530833333332 12.966555000000001,78.26535833333334,78.26535833333334 12.970013333333334,78.26540666666666,78.26540666666666 12.973468333333335,78.265455,78.265455 12.976916666666666,78.26550333333333,78.26550333333333 12.980361666666667,78.26555166666668,78.26555166666668 12.983804999999998,78.26560166666667,78.26560166666667 12.987245,78.26565333333333,78.26565333333333 12.990685000000001,78.26570500000001,78.26570500000001 12.994123333333334,78.26575666666666,78.26575666666666 12.997561666666664,78.26581166666666,78.26581166666666 13.000998333333332,78.265865,78.265865 13.004436666666669,78.26592166666667,78.26592166666667 13.007878333333334,78.26597666666667,78.26597666666667 13.011321666666667,78.26603166666668,78.26603166666668 13.014768333333333,78.26608833333331,78.26608833333331 13.018218333333335,78.26614500000001,78.26614500000001 13.021669999999997,78.26620333333334,78.26620333333334 13.025125,78.26626166666667,78.26626166666667 13.028579999999998,78.26632166666666,78.26632166666666 13.032033333333334,78.26638000000001,78.26638000000001 13.035485000000003,78.26644,78.26644 13.038934999999999,78.2665,78.2665 13.042381666666666,78.26656,78.26656 13.045826666666668,78.26661999999999,78.26661999999999 13.049268333333336,78.26668000000001,78.26668000000001 13.05270833333333,78.26674166666666,78.26674166666666 13.05615,78.26680166666668,78.26680166666668 13.059591666666666,78.26686166666667,78.26686166666667 13.063036666666667,78.26692333333334,78.26692333333334 13.066483333333332,78.26698333333333,78.26698333333333 13.06993,78.26704333333335,78.26704333333335 13.073378333333336,78.26710333333334,78.26710333333334 13.076826666666667,78.26716,78.26716 13.08027666666667,78.26721666666667,78.26721666666667 13.083725000000001,78.26726833333335,78.26726833333335 13.087174999999998,78.26732,78.26732 13.090626666666665,78.26736666666667,78.26736666666667 13.09408,78.26741166666667,78.26741166666667 13.097535,78.26745666666667,78.26745666666667 13.100991666666669,78.2675,78.2675 13.104453333333332,78.26754166666666,78.26754166666666 13.107916666666664,78.26758166666667,78.26758166666667 13.111383333333333,78.26762166666667,78.26762166666667 13.114851666666667,78.26766333333332,78.26766333333332 13.118323333333334,78.267705,78.267705 13.121796666666668,78.26774666666665,78.26774666666665 13.12527,78.26778833333334,78.26778833333334 13.128746666666665,78.26782999999999,78.26782999999999 13.132223333333332,78.26787333333334,78.26787333333334 13.135698333333334,78.26791666666665,78.26791666666665 13.139173333333332,78.26796,78.26796 13.142646666666666,78.26800333333334,78.26800333333334 13.146116666666668,78.26804833333334,78.26804833333334 13.149586666666668,78.26809333333335,78.26809333333335 13.153054999999998,78.26813999999999,78.26813999999999 13.156523333333332,78.26818666666667,78.26818666666667 13.159988333333333,78.26823333333333,78.26823333333333 13.163454999999999,78.26828333333331,78.26828333333331 13.166920000000003,78.26833166666667,78.26833166666667 13.170385,78.26838166666667,78.26838166666667 13.17385,78.26843166666666,78.26843166666666 13.177316666666666,78.26848333333334,78.26848333333334 13.180783333333334,78.26853333333332,78.26853333333332 13.184248333333334,78.268585,78.268585 13.187713333333331,78.268635,78.268635 13.191176666666669,78.26868666666665,78.26868666666665 13.194640000000001,78.26873833333333,78.26873833333333 13.198104999999998,78.26879000000001,78.26879000000001 13.201569999999998,78.26884,78.26884 13.205036666666668,78.26889166666666,78.26889166666666 13.208503333333333,78.26894166666665,78.26894166666665 13.211969999999999,78.26899,78.26899 13.215436666666667,78.26903833333333,78.26903833333333 13.218903333333333,78.269085,78.269085 13.222366666666668,78.26913166666667,78.26913166666667 13.22583,78.26917499999999,78.26917499999999 13.229289999999999,78.26921666666667,78.26921666666667 13.232746666666666,78.26925666666666,78.26925666666666 13.236201666666668,78.26929499999999,78.26929499999999 13.239653333333335,78.26933166666666,78.26933166666666 13.243103333333332,78.26936833333333,78.26936833333333 13.246549999999997,78.26940499999999,78.26940499999999 13.249993333333336,78.26944,78.26944 13.253435000000003,78.26947499999999,78.26947499999999 13.256873333333333,78.26951000000001,78.26951000000001 13.260311666666665,78.269545,78.269545 13.263748333333336,78.26958,78.26958 13.267183333333332,78.26961500000002,78.26961500000002 13.270618333333333,78.26965,78.26965 13.274054999999999,78.26968666666666,78.26968666666666 13.277493333333334,78.26972333333333,78.26972333333333 13.280933333333332,78.26976,78.26976 13.284376666666667,78.26979666666666,78.26979666666666 13.287821666666664,78.26983166666668,78.26983166666668 13.291268333333333,78.26986666666666,78.26986666666666 13.294713333333334,78.26990166666667,78.26990166666667 13.298158333333335,78.26993666666667,78.26993666666667 13.301601666666667,78.26997166666668,78.26997166666668 13.305043333333334,78.27000666666666,78.27000666666666 13.308483333333335,78.27004333333333,78.27004333333333 13.311920000000002,78.27008166666666,78.27008166666666 13.315353333333332,78.27011833333333,78.27011833333333 13.318784999999998,78.27015833333333,78.27015833333333 13.322215,78.27019833333334,78.27019833333334 13.32564166666667,78.27024166666666,78.27024166666666 13.329068333333332,78.270285,78.270285 13.332496666666668,78.27033,78.27033 13.335926666666667,78.27037666666668,78.27037666666668 13.339360000000001,78.270425,78.270425 13.342793333333335,78.27047499999999,78.27047499999999 13.346228333333332,78.27052666666667,78.27052666666667 13.349668333333334,78.27058000000001,78.27058000000001 13.353110000000001,78.270635,78.270635 13.356554999999998,78.27069,78.27069 13.360005000000001,78.27074666666667,78.27074666666667 13.363458333333332,78.27080500000001,78.27080500000001 13.366914999999999,78.270865,78.270865 13.370375000000003,78.27092666666668,78.27092666666668 13.373836666666666,78.27098833333334,78.27098833333334 13.377299999999998,78.27105333333334,78.27105333333334 13.380766666666666,78.27112,78.27112 13.384233333333336,78.27118833333333,78.27118833333333 13.387705,78.27126,78.27126 13.391176666666668,78.27133166666668,78.27133166666668 13.394651666666666,78.27140333333332,78.27140333333332 13.39813,78.27147666666667,78.27147666666667 13.40161,78.27155,78.27155 13.405091666666667,78.271625,78.271625 13.408575,78.27170000000001,78.27170000000001 13.412058333333333,78.27177666666667,78.27177666666667 13.415541666666664,78.27185666666665,78.27185666666665 13.419023333333334,78.27193833333332,78.27193833333332 13.422506666666665,78.27202166666666,78.27202166666666 13.425988333333333,78.272105,78.272105 13.429471666666666,78.27218666666666,78.27218666666666 13.432956666666668,78.272265,78.272265 13.436445,78.27233833333334,78.27233833333334 13.439935,78.27240833333333,78.27240833333333 13.443431666666667,78.27247333333332,78.27247333333332 13.446930000000002,78.272535,78.272535 13.450433333333335,78.27259000000001,78.27259000000001 13.453941666666667,78.27264166666666,78.27264166666666 13.457453333333335,78.27268833333333,78.27268833333333 13.460970000000001,78.27273166666667,78.27273166666667 13.46449,78.27277000000001,78.27277000000001 13.468015,78.272805,78.272805 13.471541666666667,78.27283666666666,78.27283666666666 13.475073333333334,78.27286333333333,78.27286333333333 13.478606666666668,78.27288833333334,78.27288833333334 13.482141666666665,78.27291166666667,78.27291166666667 13.485678333333333,78.27293166666666,78.27293166666666 13.48921333333333,78.27294833333333,78.27294833333333 13.492743333333333,78.27296333333335,78.27296333333335 13.496271666666667,78.27297833333333,78.27297833333333 13.499796666666668,78.27299166666666,78.27299166666666 13.503316666666667,78.273005,78.273005 13.506833333333333,78.27301999999999,78.27301999999999 13.510348333333331,78.27303666666666,78.27303666666666 13.51386,78.27305500000001,78.27305500000001 13.51736833333333,78.27307333333333,78.27307333333333 13.520871666666668,78.27309499999998,78.27309499999998 13.524375000000003,78.27311666666667,78.27311666666667 13.527873333333332,78.27314,78.27314 13.531371666666667,78.273165,78.273165 13.534868333333334,78.27319000000001,78.27319000000001 13.538361666666667,78.273215,78.273215 13.541856666666668,78.27324,78.27324 13.545351666666667,78.27326500000001,78.27326500000001 13.548846666666668,78.27329166666665,78.27329166666665 13.552343333333333,78.27331666666666,78.27331666666666 13.555843333333334,78.27334166666667,78.27334166666667 13.559344999999999,78.27336666666666,78.27336666666666 13.562846666666665,78.27339166666667,78.27339166666667 13.56635,78.27341666666668,78.27341666666668 13.569855,78.27344333333335,78.27344333333335 13.573358333333331,78.27346833333333,78.27346833333333 13.576861666666666,78.27349166666667,78.27349166666667 13.580363333333333,78.27351666666665,78.27351666666665 13.583866666666667,78.27354166666666,78.27354166666666 13.587366666666668,78.27356499999999,78.27356499999999 13.590868333333333,78.27359,78.27359 13.59437,78.27361333333334,78.27361333333334 13.597873333333334,78.27363999999999,78.27363999999999 13.601376666666665,78.27366666666666,78.27366666666666 13.604883333333332,78.27369499999999,78.27369499999999 13.608393333333334,78.27372500000001,78.27372500000001 13.611903333333332,78.27375833333333,78.27375833333333 13.615415,78.27379166666667,78.27379166666667 13.618928333333333,78.27382833333331,78.27382833333331 13.622441666666669,78.27386499999999,78.27386499999999 13.625951666666667,78.273905,78.273905 13.629461666666668,78.273945,78.273945 13.63297,78.27398833333334,78.27398833333334 13.636476666666667,78.27403166666666,78.27403166666666 13.639978333333332,78.27407666666666,78.27407666666666 13.643478333333332,78.27412166666667,78.27412166666667 13.646975,78.27416833333334,78.27416833333334 13.650468333333333,78.27421666666666,78.27421666666666 13.653959999999998,78.274265,78.274265 13.657448333333331,78.27431333333335,78.27431333333335 13.660936666666666,78.27436333333334,78.27436333333334 13.664423333333332,78.27441333333333,78.27441333333333 13.66791,78.27446499999999,78.27446499999999 13.67139833333333,78.27451666666667,78.27451666666667 13.674888333333335,78.27456833333335,78.27456833333335 13.67838,78.27462166666666,78.27462166666666 13.681875,78.274675,78.274675 13.685371666666667,78.27472833333331,78.27472833333331 13.688871666666667,78.27478166666666,78.27478166666666 13.692371666666668,78.27483666666666,78.27483666666666 13.695875000000003,78.27489166666666,78.27489166666666 13.699376666666668,78.27494666666666,78.27494666666666 13.702881666666668,78.27500333333333,78.27500333333333 13.706386666666665,78.27506166666666,78.27506166666666 13.709891666666666,78.27511833333332,78.27511833333332 13.713400000000002,78.27517166666667,78.27517166666667 13.716908333333333,78.27522333333333,78.27522333333333 13.72042,78.27526999999999,78.27526999999999 13.72393,78.27531333333333,78.27531333333333 13.727441666666667,78.27535333333333,78.27535333333333 13.730953333333332,78.27539,78.27539 13.734463333333334,78.27542166666667,78.27542166666667 13.737971666666665,78.27545333333333,78.27545333333333 13.741476666666664,78.27548499999999,78.27548499999999 13.744978333333334,78.27551499999998,78.27551499999998 13.748475000000001,78.27554499999998,78.27554499999998 13.751966666666664,78.275575,78.275575 13.755453333333334,78.275605,78.275605 13.758933333333335,78.27563666666666,78.27563666666666 13.762406666666667,78.27567,78.27567 13.76587333333333,78.27570333333333,78.27570333333333 13.769333333333334,78.27573833333332,78.27573833333332 13.772788333333331,78.275775,78.275775 13.776238333333334,78.27581333333333,78.27581333333333 13.779683333333333,78.27585166666665,78.27585166666665 13.783123333333332,78.27588833333333,78.27588833333333 13.786561666666667,78.27592833333333,78.27592833333333 13.789998333333331,78.27596833333334,78.27596833333334 13.793433333333335,78.27600833333334,78.27600833333334 13.796868333333336,78.27605000000001,78.27605000000001 13.800305,78.27609333333334,78.27609333333334 13.803738333333333,78.27613666666667,78.27613666666667 13.807171666666667,78.27618166666666,78.27618166666666 13.810603333333333,78.27622666666666,78.27622666666666 13.814035,78.27627500000001,78.27627500000001 13.817465,78.27632333333332,78.27632333333332 13.820893333333332,78.27637333333334,78.27637333333334 13.824321666666666,78.27642500000002,78.27642500000002 13.827746666666668,78.27647833333333,78.27647833333333 13.831170000000002,78.27653166666667,78.27653166666667 13.834591666666666,78.27658499999998,78.27658499999998 13.838009999999999,78.27663833333332,78.27663833333332 13.841425,78.27668833333334,78.27668833333334 13.844838333333332,78.27673333333335,78.27673333333335 13.84825,78.276775,78.276775 13.851658333333335,78.27681333333334,78.27681333333334 13.855065000000002,78.27684666666669,78.27684666666669 13.858468333333334,78.27687666666668,78.27687666666668 13.861871666666666,78.27690333333332,78.27690333333332 13.865271666666668,78.27692666666667,78.27692666666667 13.868670000000002,78.27694666666666,78.27694666666666 13.872066666666669,78.27696666666667,78.27696666666667 13.875459999999997,78.276985,78.276985 13.878853333333334,78.27700333333333,78.27700333333333 13.882245,78.27702000000001,78.27702000000001 13.885638333333333,78.27703833333334,78.27703833333334 13.889031666666664,78.27705833333333,78.27705833333333 13.892428333333331,78.27708166666666,78.27708166666666 13.895825,78.27710833333335,78.27710833333335 13.899225000000001,78.27713666666666,78.27713666666666 13.902623333333334,78.27716666666667,78.27716666666667 13.906023333333334,78.2772,78.2772 13.909425,78.27723833333333,78.27723833333333 13.912825000000002,78.27727666666667,78.27727666666667 13.916223333333335,78.27731833333334,78.27731833333334 13.919620000000002,78.27735833333334,78.27735833333334 13.923016666666667,78.27740000000001,78.27740000000001 13.926409999999999,78.27743999999998,78.27743999999998 13.929803333333332,78.27747666666667,78.27747666666667 13.933196666666666,78.27751166666665,78.27751166666665 13.936588333333335,78.277545,78.277545 13.939978333333332,78.277575,78.277575 13.94336666666667,78.277605,78.277605 13.946753333333334,78.27763499999999,78.27763499999999 13.950136666666666,78.27766333333335,78.27766333333335 13.953519999999997,78.27768999999999,78.27768999999999 13.9569,78.27771833333333,78.27771833333333 13.960278333333333,78.277745,78.277745 13.963655000000001,78.27777333333333,78.27777333333333 13.967030000000001,78.27780166666666,78.27780166666666 13.970405,78.27783,78.27783 13.973778333333334,78.27786166666668,78.27786166666668 13.977149999999996,78.277895,78.277895 13.980525,78.27793,78.27793 13.98389833333333,78.27796666666667,78.27796666666667 13.987273333333333,78.27800500000001,78.27800500000001 13.990651666666666,78.27804499999999,78.27804499999999 13.994031666666668,78.27808499999999,78.27808499999999 13.997416666666666,78.27812666666667,78.27812666666667 14.000803333333334,78.27816833333333,78.27816833333333 14.004195000000001,78.27820833333334,78.27820833333334 14.007588333333336,78.27824333333332,78.27824333333332 14.01098666666667,78.27827833333333,78.27827833333333 14.014386666666667,78.27830999999999,78.27830999999999 14.017791666666668,78.27833833333335,78.27833833333335 14.02119833333333,78.278365,78.278365 14.024608333333335,78.27839166666666,78.27839166666666 14.028018333333334,78.27841666666667,78.27841666666667 14.031428333333334,78.27844166666668,78.27844166666668 14.034836666666669,78.27846833333332,78.27846833333332 14.038243333333332,78.27849499999999,78.27849499999999 14.041648333333333,78.27852166666666,78.27852166666666 14.045048333333334,78.27855,78.27855 14.048443333333333,78.27857999999999,78.27857999999999 14.051835000000002,78.27860999999999,78.27860999999999 14.05522,78.27864166666667,78.27864166666667 14.058600000000002,78.27867500000002,78.27867500000002 14.061974999999999,78.27870666666665,78.27870666666665 14.065344999999999,78.27874166666668,78.27874166666668 14.068708333333332,78.278775,78.278775 14.072065000000002,78.27881000000001,78.27881000000001 14.075414999999998,78.27884499999999,78.27884499999999 14.078758333333333,78.27888166666666,78.27888166666666 14.082098333333333,78.27891999999999,78.27891999999999 14.085435,78.27896000000001,78.27896000000001 14.088771666666666,78.279,78.279 14.092106666666666,78.27904333333332,78.27904333333332 14.09544,78.279085,78.279085 14.09877166666667,78.27912833333335,78.27912833333335 14.102099999999998,78.27917166666666,78.27917166666666 14.105426666666665,78.27921333333335,78.27921333333335 14.108748333333333,78.27925333333333,78.27925333333333 14.112064999999998,78.27929166666667,78.27929166666667 14.115376666666668,78.27933,78.27933 14.118688333333333,78.27936666666666,78.27936666666666 14.121998333333332,78.27940333333333,78.27940333333333 14.125308333333333,78.27943833333335,78.27943833333335 14.128618333333334,78.27947333333333,78.27947333333333 14.131928333333335,78.27950833333333,78.27950833333333 14.135236666666666,78.27954166666667,78.27954166666667 14.138544999999999,78.27957500000002,78.27957500000002 14.141851666666666,78.27961,78.27961 14.145158333333333,78.27964333333333,78.27964333333333 14.148461666666666,78.27967666666666,78.27967666666666 14.151763333333333,78.27971166666667,78.27971166666667 14.155063333333333,78.27974666666668,78.27974666666668 14.158361666666668,78.27978333333334,78.27978333333334 14.161655,78.27981999999999,78.27981999999999 14.164948333333333,78.27985666666666,78.27985666666666 14.16824,78.279895,78.279895 14.171528333333333,78.27993499999998,78.27993499999998 14.174815,78.27997333333332,78.27997333333332 14.178098333333333,78.28001333333333,78.28001333333333 14.18138,78.28005166666667,78.28005166666667 14.184658333333335,78.28009,78.28009 14.187933333333335,78.28012999999999,78.28012999999999 14.191205,78.28016833333332,78.28016833333332 14.194473333333333,78.280205,78.280205 14.19774,78.28024166666668,78.28024166666668 14.20100333333333,78.280275,78.280275 14.204263333333333,78.28030833333335,78.28030833333335 14.207523333333333,78.28033666666668,78.28033666666668 14.210779999999998,78.28036499999999,78.28036499999999 14.214036666666667,78.28038833333333,78.28038833333333 14.21729,78.28041166666668,78.28041166666668 14.220543333333335,78.28043333333333,78.28043333333333 14.223794999999999,78.28045166666668,78.28045166666668 14.227044999999997,78.28047000000001,78.28047000000001 14.230295000000002,78.28048833333334,78.28048833333334 14.233546666666665,78.28050499999999,78.28050499999999 14.236798333333335,78.28052333333332,78.28052333333332 14.240051666666666,78.28054166666668,78.28054166666668 14.243305000000001,78.28056166666669,78.28056166666669 14.246559999999999,78.28058333333334,78.28058333333334 14.249813333333334,78.28060833333335,78.28060833333335 14.253066666666667,78.28063333333333,78.28063333333333 14.256318333333336,78.28065833333334,78.28065833333334 14.25956666666667,78.28068499999999,78.28068499999999 14.262815,78.28071166666668,78.28071166666668 14.266061666666667,78.28074,78.28074 14.269303333333335,78.28076666666666,78.28076666666666 14.272544999999997,78.280795,78.280795 14.275781666666667,78.28082333333333,78.28082333333333 14.279016666666667,78.28085333333334,78.28085333333334 14.28225,78.28088333333334,78.28088333333334 14.285481666666666,78.28091333333333,78.28091333333333 14.288714999999998,78.28094499999999,78.28094499999999 14.291946666666668,78.28097666666665,78.28097666666665 14.295181666666666,78.28101166666669,78.28101166666669 14.298418333333332,78.28104666666667,78.28104666666667 14.301658333333336,78.28108333333333,78.28108333333333 14.30490166666667,78.28112166666666,78.28112166666666 14.308151666666667,78.28116166666668,78.28116166666668 14.311403333333331,78.28120333333334,78.28120333333334 14.314661666666666,78.28124666666666,78.28124666666666 14.317923333333333,78.28128833333334,78.28128833333334 14.321188333333335,78.28133,78.28133 14.324458333333334,78.28136833333332,78.28136833333332 14.327731666666665,78.28140333333333,78.28140333333333 14.331008333333335,78.28143333333335,78.28143333333335 14.334288333333332,78.28146333333335,78.28146333333335 14.337571666666667,78.28148833333333,78.28148833333333 14.340856666666665,78.28151333333334,78.28151333333334 14.344141666666667,78.28153666666668,78.28153666666668 14.347426666666669,78.28156,78.28156 14.350713333333333,78.28158166666667,78.28158166666667 14.353996666666667,78.28160500000001,78.28160500000001 14.357280000000001,78.28162666666667,78.28162666666667 14.360563333333333,78.28165000000001,78.28165000000001 14.363843333333334,78.28167333333333,78.28167333333333 14.367124999999998,78.28169666666666,78.28169666666666 14.370405000000002,78.28172166666667,78.28172166666667 14.373685,78.28174666666668,78.28174666666668 14.376965,78.28177166666666,78.28177166666666 14.380245,78.28179666666666,78.28179666666666 14.383525000000002,78.28182333333334,78.28182333333334 14.386806666666667,78.28185166666667,78.28185166666667 14.390088333333333,78.28187833333334,78.28187833333334 14.39337,78.28190500000001,78.28190500000001 14.396651666666665,78.281935,78.281935 14.399935000000001,78.28196666666666,78.28196666666666 14.403218333333331,78.28200000000001,78.28200000000001 14.406501666666669,78.28203333333333,78.28203333333333 14.409786666666664,78.28206999999999,78.28206999999999 14.413073333333335,78.28210833333333,78.28210833333333 14.416361666666667,78.28214833333332,78.28214833333332 14.419653333333333,78.28219166666666,78.28219166666666 14.422946666666668,78.28223666666666,78.28223666666666 14.42624333333333,78.28228333333334,78.28228333333334 14.429543333333333,78.28233166666666,78.28233166666666 14.432846666666666,78.28237666666666,78.28237666666666 14.436153333333333,78.28242000000002,78.28242000000002 14.439465,78.28246,78.28246 14.442781666666669,78.28249500000001,78.28249500000001 14.446100000000001,78.28252666666667,78.28252666666667 14.449425,78.282555,78.282555 14.452754999999998,78.28258000000001,78.28258000000001 14.456088333333332,78.2826,78.2826 14.459426666666666,78.28262000000001,78.28262000000001 14.462769999999999,78.28263666666668,78.28263666666668 14.466113333333332,78.28265166666667,78.28265166666667 14.469456666666668,78.28266833333333,78.28266833333333 14.472799999999998,78.28268333333334,78.28268333333334 14.476140000000003,78.28270333333334,78.28270333333334 14.479476666666669,78.28272166666667,78.28272166666667 14.482808333333331,78.28274166666667,78.28274166666667 14.486136666666669,78.28276166666667,78.28276166666667 14.48946,78.28278333333333,78.28278333333333 14.492781666666668,78.28280333333335,78.28280333333335 14.496098333333336,78.282825,78.282825 14.499413333333333,78.28284666666667,78.28284666666667 14.502725000000002,78.28286833333333,78.28286833333333 14.506033333333335,78.28289000000001,78.28289000000001 14.509340000000002,78.28291166666666,78.28291166666666 14.512645000000003,78.28293166666667,78.28293166666667 14.515948333333332,78.28295333333335,78.28295333333335 14.519248333333332,78.28297333333332,78.28297333333332 14.522548333333335,78.28299666666666,78.28299666666666 14.525846666666666,78.28302000000001,78.28302000000001 14.529145000000003,78.28304333333334,78.28304333333334 14.532441666666669,78.28306833333332,78.28306833333332 14.535738333333331,78.28309166666666,78.28309166666666 14.539036666666668,78.28311500000001,78.28311500000001 14.542336666666664,78.28313833333333,78.28313833333333 14.545646666666668,78.28316,78.28316 14.548963333333331,78.28317999999999,78.28317999999999 14.552290000000001,78.28320000000001,78.28320000000001 14.555621666666667,78.28321666666668,78.28321666666668 14.558958333333331,78.28323166666667,78.28323166666667 14.562298333333334,78.28324833333333,78.28324833333333 14.565643333333332,78.28326333333332,78.28326333333332 14.568988333333333,78.28327666666667,78.28327666666667 14.572334999999997,78.28329166666668,78.28329166666668 14.575681666666666,78.28330833333332,78.28330833333332 14.579028333333333,78.28332999999999,78.28332999999999 14.582375000000003,78.28335333333334,78.28335333333334 14.585723333333332,78.28338166666667,78.28338166666667 14.589076666666664,78.28341333333333,78.28341333333333 14.592433333333334,78.28344833333333,78.28344833333333 14.595796666666667,78.283485,78.283485 14.599166666666667,78.28352166666667,78.28352166666667 14.602545000000001,78.28355833333333,78.28355833333333 14.605928333333333,78.28359166666668,78.28359166666668 14.609318333333334,78.283625,78.283625 14.612713333333334,78.283655,78.283655 14.616113333333331,78.28368166666667,78.28368166666667 14.619520000000001,78.28370666666667,78.28370666666667 14.62293,78.28372999999999,78.28372999999999 14.62634,78.28375,78.28375 14.629750000000001,78.28376833333333,78.28376833333333 14.633156666666666,78.283785,78.283785 14.636558333333333,78.28380000000001,78.28380000000001 14.639953333333336,78.28381333333333,78.28381333333333 14.64334,78.283825,78.283825 14.646718333333336,78.28384,78.28384 14.650083333333335,78.28385666666668,78.28385666666668 14.653429999999998,78.28387833333333,78.28387833333333 14.656756666666668,78.28389999999999,78.28389999999999 14.660063333333335,78.28392166666666,78.28392166666666 14.663346666666666,78.28394666666667,78.28394666666667 14.666603333333335,78.28397166666667,78.28397166666667 14.669835,78.28399833333334,78.28399833333334 14.67304333333333,78.28402500000001,78.28402500000001 14.676231666666668,78.28405666666667,78.28405666666667 14.679401666666669,78.28409,78.28409 14.682553333333331,78.28412499999999,78.28412499999999 14.685686666666667,78.28416166666666,78.28416166666666 14.688805,78.2842,78.2842 14.691903333333336,78.28423666666666,78.28423666666666 14.694983333333333,78.28427333333333,78.28427333333333 14.698046666666668,78.28430833333334,78.28430833333334 14.701093333333333,78.284345,78.284345 14.704124999999998,78.28438166666668,78.28438166666668 14.707144999999999,78.28441666666666,78.28441666666666 14.710156666666668,78.28444833333334,78.28444833333334 14.713158333333336,78.28448,78.28448 14.716151666666667,78.28451166666667,78.28451166666667 14.719135000000003,78.28454166666667,78.28454166666667 14.722106666666665,78.28457,78.28457 14.725071666666667,78.28459166666667,78.28459166666667 14.728026666666665,78.28460333333335,78.28460333333335 14.730973333333335,78.2846,78.2846 14.73391333333333,78.28458166666667,78.28458166666667 14.736841666666667,78.28454333333333,78.28454333333333 14.73976,78.28448499999999,78.28448499999999 14.742663333333335,78.28440499999999,78.28440499999999 14.745545,78.28430499999999,78.28430499999999 14.748401666666666,78.28418666666667,78.28418666666667 14.751235000000001,78.28405166666666,78.28405166666666 14.754046666666666,78.28390666666667,78.28390666666667 14.756841666666666,78.28375333333334,78.28375333333334 14.759628333333335,78.28359833333333,78.28359833333333 14.762405000000003,78.28344166666668,78.28344166666668 14.765176666666664,78.28328499999998,78.28328499999998 14.767945000000001,78.28313,78.28313 14.770713333333331,78.28298,78.28298 14.773481666666665,78.28283333333334,78.28283333333334 14.776253333333333,78.28268999999999,78.28268999999999 14.779026666666667,78.28255166666665,78.28255166666665 14.781803333333334,78.28241833333333,78.28241833333333 14.78458166666667,78.28228666666668,78.28228666666668 14.787361666666667,78.28215666666665,78.28215666666665 14.790144999999999,78.28203,78.28203 14.792933333333336,78.28190333333335,78.28190333333335 14.795728333333333,78.28178166666666,78.28178166666666 14.798526666666666,78.28165999999999,78.28165999999999 14.80133,78.28154333333333,78.28154333333333 14.804133333333334,78.28143,78.28143 14.806939999999999,78.28132333333332,78.28132333333332 14.809743333333332,78.28122166666667,78.28122166666667 14.812541666666666,78.28112166666666,78.28112166666666 14.815335000000003,78.281025,78.281025 14.81812333333333,78.28093000000001,78.28093000000001 14.820909999999998,78.28083833333334,78.28083833333334 14.823693333333333,78.28074833333332,78.28074833333332 14.826471666666665,78.28065833333334,78.28065833333334 14.829246666666666,78.28056500000001,78.28056500000001 14.832018333333334,78.28047000000001,78.28047000000001 14.834786666666666,78.28037333333333,78.28037333333333 14.83755,78.28027666666667,78.28027666666667 14.840308333333333,78.28018,78.28018 14.843058333333332,78.28008333333335,78.28008333333335 14.845800000000002,78.279985,78.279985 14.848530000000002,78.27988333333333,78.27988333333333 14.851248333333334,78.27977666666668,78.27977666666668 14.853953333333335,78.27966666666667,78.27966666666667 14.856645,78.27955333333334,78.27955333333334 14.859323333333334,78.27943833333335,78.27943833333335 14.861991666666665,78.27932166666666,78.27932166666666 14.864653333333335,78.27920666666667,78.27920666666667 14.867308333333336,78.27909166666667,78.27909166666667 14.869955000000001,78.27897333333333,78.27897333333333 14.872595,78.27885166666667,78.27885166666667 14.875228333333332,78.27872833333333,78.27872833333333 14.877851666666668,78.27860333333334,78.27860333333334 14.880468333333333,78.278475,78.278475 14.88308,78.27834333333334,78.27834333333334 14.885686666666667,78.27820833333334,78.27820833333334 14.888285,78.27807166666666,78.27807166666666 14.890876666666669,78.27793166666666,78.27793166666666 14.893453333333332,78.27779166666666,78.27779166666666 14.896018333333334,78.27765166666666,78.27765166666666 14.89857,78.27751499999998,78.27751499999998 14.901111666666669,78.27738166666666,78.27738166666666 14.903641666666667,78.27725000000001,78.27725000000001 14.906160000000002,78.27711833333332,78.27711833333332 14.908665000000001,78.27698833333335,78.27698833333335 14.911159999999999,78.27685833333334,78.27685833333334 14.913645,78.27672833333334,78.27672833333334 14.916116666666667,78.27659666666668,78.27659666666668 14.918571666666667,78.276465,78.276465 14.921006666666665,78.27633166666665,78.27633166666665 14.923426666666668,78.27620000000002,78.27620000000002 14.925831666666665,78.27606833333333,78.27606833333333 14.928218333333332,78.27593666666665,78.27593666666665 14.930586666666665,78.27580500000002,78.27580500000002 14.932938333333334,78.27567333333333,78.27567333333333 14.935276666666667,78.27554166666665,78.27554166666665 14.937601666666668,78.27540833333333,78.27540833333333 14.939913333333333,78.27527500000001,78.27527500000001 14.942214999999997,78.27513833333335,78.27513833333335 14.94451,78.27500166666667,78.27500166666667 14.9468,78.27486333333333,78.27486333333333 14.949088333333336,78.27472499999999,78.27472499999999 14.951374999999999,78.27458833333334,78.27458833333334 14.953661666666669,78.27445333333333,78.27445333333333 14.95595,78.27431833333334,78.27431833333334 14.958241666666666,78.274185,78.274185 14.96054,78.27405333333331,78.27405333333331 14.962843333333335,78.27392166666668,78.27392166666668 14.965150000000001,78.27379333333333,78.27379333333333 14.967461666666667,78.273665,78.273665 14.969776666666666,78.27353833333333,78.27353833333333 14.972096666666667,78.27341333333335,78.27341333333335 14.97442,78.27329166666665,78.27329166666665 14.976746666666667,78.27316833333333,78.27316833333333 14.979076666666666,78.273045,78.273045 14.98141,78.27292166666666,78.27292166666666 14.983751666666667,78.27279833333334,78.27279833333334 14.986098333333333,78.272675,78.272675 14.988451666666666,78.27255333333332,78.27255333333332 14.99081333333333,78.27243000000001,78.27243000000001 14.99318333333333,78.27230833333334,78.27230833333334 14.995556666666667,78.27218500000001,78.27218500000001 14.997935,78.27206166666666,78.27206166666666 15.000315,78.271935,78.271935 15.002698333333333,78.27180666666666,78.27180666666666 15.005085000000001,78.27167666666666,78.27167666666666 15.007473333333333,78.27154499999999,78.27154499999999 15.009859999999998,78.27141166666667,78.27141166666667 15.01224,78.27127666666668,78.27127666666668 15.014611666666667,78.27114,78.27114 15.01697333333333,78.271005,78.271005 15.019329999999998,78.27086999999999,78.27086999999999 15.021681666666668,78.27073333333334,78.27073333333334 15.024030000000002,78.27059333333334,78.27059333333334 15.026373333333334,78.27045333333334,78.27045333333334 15.028713333333332,78.27031000000001,78.27031000000001 15.031048333333334,78.27016666666665,78.27016666666665 15.033378333333335,78.27002333333333,78.27002333333333 15.035700000000002,78.26988,78.26988 15.038008333333334,78.26973666666666,78.26973666666666 15.040308333333332,78.26959166666667,78.26959166666667 15.042594999999999,78.26944666666668,78.26944666666668 15.044869999999998,78.26930166666666,78.26930166666666 15.047134999999999,78.26915666666667,78.26915666666667 15.049386666666665,78.26901,78.26901 15.051631666666667,78.26886666666665,78.26886666666665 15.053864999999998,78.26872166666666,78.26872166666666 15.056091666666669,78.26858,78.26858 15.058313333333334,78.26844,78.26844 15.060530000000002,78.26830333333334,78.26830333333334 15.062741666666666,78.26816833333335,78.26816833333335 15.064946666666668,78.26803333333334,78.26803333333334 15.067143333333336,78.26789999999998,78.26789999999998 15.069331666666669,78.26776833333334,78.26776833333334 15.071511666666666,78.26763666666668,78.26763666666668 15.073685000000001,78.26750500000001,78.26750500000001 15.075851666666665,78.26737166666666,78.26737166666666 15.078013333333335,78.26723999999999,78.26723999999999 15.080166666666667,78.26710833333333,78.26710833333333 15.08231,78.26697666666668,78.26697666666668 15.084448333333334,78.26684833333334,78.26684833333334 15.086581666666667,78.26672333333333,78.26672333333333 15.088711666666667,78.26660500000001,78.26660500000001 15.09084,78.26649000000002,78.26649000000002 15.092965,78.26637833333332,78.26637833333332 15.095088333333337,78.26627,78.26627 15.097209999999999,78.26616333333332,78.26616333333332 15.099331666666668,78.26605833333332,78.26605833333332 15.101453333333334,78.26595499999999,78.26595499999999 15.103573333333333,78.26585166666668,78.26585166666668 15.105691666666665,78.26574999999998,78.26574999999998 15.107808333333331,78.26564833333335,78.26564833333335 15.109923333333333,78.26554333333334,78.26554333333334 15.11203833333333,78.26543833333332,78.26543833333332 15.114158333333334,78.26533166666667,78.26533166666667 15.116283333333334,78.26522333333335,78.26522333333335 15.118409999999999,78.26511333333332,78.26511333333332 15.120538333333332,78.26500166666668,78.26500166666668 15.122668333333337,78.26489000000001,78.26489000000001 15.12479666666667,78.26478,78.26478 15.126923333333332,78.26467166666666,78.26467166666666 15.12905,78.26456499999999,78.26456499999999 15.131179999999999,78.26446166666666,78.26446166666666 15.133309999999996,78.26435833333333,78.26435833333333 15.135443333333335,78.26425833333332,78.26425833333332 15.137578333333334,78.26415666666668,78.26415666666668 15.139716666666668,78.264055,78.264055 15.141853333333332,78.26395166666667,78.26395166666667 15.14399,78.26384666666665,78.26384666666665 15.146121666666668,78.26373833333334,78.26373833333334 15.148251666666667,78.26362999999999,78.26362999999999 15.150378333333334,78.26352166666666,78.26352166666666 15.152503333333334,78.26341333333332,78.26341333333332 15.154626666666665,78.26330666666667,78.26330666666667 15.156749999999999,78.26319833333335,78.26319833333335 15.158876666666666,78.26309166666667,78.26309166666667 15.161003333333335,78.26298666666666,78.26298666666666 15.163133333333333,78.26287999999998,78.26287999999998 15.165265,78.26277333333336,78.26277333333336 15.167393333333333,78.26266666666668,78.26266666666668 15.169513333333335,78.26255666666667,78.26255666666667 15.171635,78.26244000000001,78.26244000000001 15.17375,78.26232,78.26232 15.175853333333334,78.262195,78.262195 15.177945,78.262065,78.262065 15.180029999999999,78.26193166666668,78.26193166666668 15.182113333333334,78.26179666666667,78.26179666666667 15.184196666666665,78.261665,78.261665 15.186285000000002,78.26153833333332,78.26153833333332 15.188375,78.26141500000001,78.26141500000001 15.190463333333332,78.26129666666667,78.26129666666667 15.192555000000002,78.26118166666667,78.26118166666667 15.194644999999998,78.26107499999999,78.26107499999999 15.196739999999998,78.26097166666666,78.26097166666666 15.198835,78.26087166666666,78.26087166666666 15.200923333333334,78.26077166666667,78.26077166666667 15.203008333333333,78.26067166666667,78.26067166666667 15.205086666666666,78.26056833333332,78.26056833333332 15.207156666666664,78.26046166666667,78.26046166666667 15.209216666666668,78.26035166666666,78.26035166666666 15.211266666666665,78.26023499999998,78.26023499999998 15.21331,78.26011666666666,78.26011666666666 15.215345,78.25999666666667,78.25999666666667 15.217381666666666,78.25988000000001,78.25988000000001 15.219419999999998,78.25976500000002,78.25976500000002 15.221465000000002,78.25965333333335,78.25965333333335 15.223521666666665,78.25954333333334,78.25954333333334 15.225583333333335,78.259435,78.259435 15.227643333333333,78.259325,78.259325 15.2297,78.25921666666666,78.25921666666666 15.23176,78.25910833333334,78.25910833333334 15.233819999999998,78.25900166666666,78.25900166666666 15.235880000000002,78.25889666666667,78.25889666666667 15.237938333333334,78.25879499999999,78.25879499999999 15.239991666666667,78.25869166666666,78.25869166666666 15.242038333333335,78.25859,78.25859 15.244075000000002,78.25848666666668,78.25848666666668 15.246111666666664,78.25838166666666,78.25838166666666 15.248148333333331,78.25827500000001,78.25827500000001 15.250184999999998,78.25817,78.25817 15.252223333333331,78.25806166666666,78.25806166666666 15.254261666666666,78.25795333333335,78.25795333333335 15.256295,78.25784166666668,78.25784166666668 15.258326666666667,78.25772833333335,78.25772833333335 15.260353333333333,78.25761666666668,78.25761666666668 15.262378333333334,78.25750500000001,78.25750500000001 15.264391666666665,78.25739666666666,78.25739666666666 15.266371666666666,78.25729166666667,78.25729166666667 15.268308333333334,78.25718666666667,78.25718666666667 15.27021,78.257085,78.257085 15.272085,78.256985,78.256985 15.273943333333332,78.25688499999998,78.25688499999998 15.275793333333336,78.25678500000001,78.25678500000001 15.277646666666666,78.25668166666667,78.25668166666667 15.279511666666666,78.25657666666665,78.25657666666665 15.281393333333332,78.25646833333333,78.25646833333333 15.283273333333334,78.25635833333335,78.25635833333335 15.28514,78.25624666666666,78.25624666666666 15.286986666666667,78.25613499999999,78.25613499999999 15.288811666666668,78.25601833333333,78.25601833333333 15.290623333333334,78.25590000000001,78.25590000000001 15.292426666666664,78.25578166666666,78.25578166666666 15.294228333333336,78.25566333333333,78.25566333333333 15.296036666666666,78.25554833333334,78.25554833333334 15.297853333333334,78.25543333333334,78.25543333333334 15.299678333333334,78.25532166666667,78.25532166666667 15.301505,78.25521,78.25521 15.303345,78.2551,78.2551 15.305199999999997,78.25499166666667,78.25499166666667 15.307065,78.25488833333334,78.25488833333334 15.308933333333336,78.25478666666667,78.25478666666667 15.310799999999999,78.254685,78.254685 15.312656666666665,78.25458333333333,78.25458333333333 15.314503333333334,78.25448,78.25448 15.316343333333334,78.25437333333333,78.25437333333333 15.318183333333332,78.25427,78.25427 15.320021666666666,78.25417,78.25417 15.321864999999999,78.25407166666668,78.25407166666668 15.32371166666667,78.25397666666666,78.25397666666666 15.325558333333333,78.25388500000001,78.25388500000001 15.327404999999997,78.25379166666667,78.25379166666667 15.329250000000002,78.2537,78.2537 15.331095000000001,78.25360666666667,78.25360666666667 15.332941666666665,78.25351166666667,78.25351166666667 15.334795,78.25341499999999,78.25341499999999 15.336659999999998,78.25331666666666,78.25331666666666 15.338531666666665,78.25321666666667,78.25321666666667 15.340410000000002,78.25311499999998,78.25311499999998 15.342291666666664,78.25301166666668,78.25301166666668 15.344173333333334,78.25290666666666,78.25290666666666 15.346058333333334,78.25280333333332,78.25280333333332 15.347946666666665,78.25269833333333,78.25269833333333 15.34984,78.252595,78.252595 15.351738333333333,78.25249333333332,78.25249333333332 15.353633333333333,78.25239333333334,78.25239333333334 15.35552,78.25229499999999,78.25229499999999 15.3574,78.25219500000001,78.25219500000001 15.35927,78.25209666666666,78.25209666666666 15.361133333333331,78.25199666666668,78.25199666666668 15.36298833333333,78.25189666666667,78.25189666666667 15.364838333333335,78.251795,78.251795 15.366681666666665,78.25169333333334,78.25169333333334 15.36852,78.25159,78.25159 15.370356666666666,78.25148833333333,78.25148833333333 15.37219,78.251385,78.251385 15.374016666666668,78.25128166666666,78.25128166666666 15.375840000000002,78.25118000000002,78.25118000000002 15.377659999999999,78.251075,78.251075 15.379468333333334,78.25096833333333,78.25096833333333 15.381269999999999,78.25085666666666,78.25085666666666 15.383065,78.250745,78.250745 15.384855000000002,78.25063499999999,78.25063499999999 15.386644999999998,78.25052666666667,78.25052666666667 15.388435,78.250425,78.250425 15.390223333333331,78.25032666666665,78.25032666666665 15.392009999999999,78.25023166666666,78.25023166666666 15.393788333333335,78.250135,78.250135 15.395556666666668,78.25004,78.25004 15.397314999999999,78.24994333333335,78.24994333333335 15.399063333333332,78.24984666666666,78.24984666666666 15.400808333333336,78.24975166666667,78.24975166666667 15.402553333333332,78.24965833333333,78.24965833333333 15.404298333333335,78.24956499999999,78.24956499999999 15.40604,78.24947166666668,78.24947166666668 15.407779999999999,78.24937833333333,78.24937833333333 15.409511666666665,78.24928166666666,78.24928166666666 15.411235,78.24918500000001,78.24918500000001 15.412946666666668,78.24908666666666,78.24908666666666 15.414641666666666,78.24898833333334,78.24898833333334 15.416321666666667,78.24888999999999,78.24888999999999 15.417986666666664,78.24879166666668,78.24879166666668 15.419631666666666,78.24869833333334,78.24869833333334 15.42126333333333,78.24860666666666,78.24860666666666 15.422881666666667,78.24851666666667,78.24851666666667 15.424478333333331,78.24843000000001,78.24843000000001</coordinates>
            </LineString>
        </Placemark>
    </Document>
</kml>
