<?xml version="1.0" encoding="UTF-8"?>
<kml xmlns="http://www.opengis.net/kml/2.2" xmlns:gx="http://www.google.com/kml/ext/2.2">
    <Document id="17">
        <Placemark id="19">
            <name>RF05</name>
            <LineString id="18">
                <coordinates>15.468630000000001,78.24597666666668,78.24597666666668 15.470846666666667,78.24584833333333,78.24584833333333 15.473071666666666,78.24571833333333,78.24571833333333 15.475301666666667,78.24558833333334,78.24558833333334 15.47754,78.24545833333332,78.24545833333332 15.479788333333332,78.24532666666668,78.24532666666668 15.482048333333335,78.245195,78.245195 15.484319999999997,78.24506166666666,78.24506166666666 15.486608333333333,78.24492666666667,78.24492666666667 15.488918333333332,78.24479,78.24479 15.491249999999997,78.24465333333332,78.24465333333332 15.493596666666667,78.244515,78.244515 15.495958333333334,78.244375,78.244375 15.498335,78.244235,78.244235 15.500723333333335,78.244095,78.244095 15.503120000000003,78.24395333333334,78.24395333333334 15.505523333333334,78.24381333333334,78.24381333333334 15.507933333333336,78.243675,78.243675 15.510348333333331,78.24354,78.24354 15.512771666666666,78.24340666666667,78.24340666666667 15.515205,78.24327666666667,78.24327666666667 15.51765,78.243145,78.243145 15.520106666666665,78.24301666666666,78.24301666666666 15.52257,78.24288666666666,78.24288666666666 15.525040000000002,78.24275833333331,78.24275833333331 15.527513333333332,78.24262833333334,78.24262833333334 15.529988333333332,78.24249499999999,78.24249499999999 15.532466666666668,78.24235833333333,78.24235833333333 15.534948333333332,78.24221833333333,78.24221833333333 15.537431666666665,78.242075,78.242075 15.539916666666667,78.24192833333333,78.24192833333333 15.5424,78.24177833333333,78.24177833333333 15.544881666666667,78.24162666666666,78.24162666666666 15.547356666666667,78.24146999999999,78.24146999999999 15.549818333333333,78.24131000000001,78.24131000000001 15.552268333333332,78.24114833333333,78.24114833333333 15.554710000000002,78.24098333333332,78.24098333333332 15.557145,78.24081666666665,78.24081666666665 15.559574999999999,78.24064499999999,78.24064499999999 15.561998333333333,78.24047,78.24047 15.564416666666666,78.24029000000002,78.24029000000002 15.566823333333332,78.240105,78.240105 15.569213333333334,78.23991666666667,78.23991666666667 15.571586666666667,78.23972499999999,78.23972499999999 15.573945,78.23953166666668,78.23953166666668 15.576298333333334,78.23933833333334,78.23933833333334 15.578651666666667,78.23914833333333,78.23914833333333 15.581016666666669,78.23896500000002,78.23896500000002 15.5834,78.238795,78.238795 15.585809999999999,78.23864499999999,78.23864499999999 15.58825,78.23852000000001,78.23852000000001 15.590716666666667,78.23843,78.23843 15.593201666666667,78.23837499999999,78.23837499999999 15.595698333333333,78.23835000000001,78.23835000000001 15.598196666666668,78.23835666666668,78.23835666666668 15.60069,78.23839666666665,78.23839666666665 15.603166666666667,78.23847,78.23847 15.605613333333336,78.23857833333334,78.23857833333334 15.608019999999998,78.23872,78.23872 15.610366666666668,78.238895,78.238895 15.61265,78.23909833333335,78.23909833333335 15.614861666666666,78.23933,78.23933 15.616993333333333,78.23958833333334,78.23958833333334 15.619035,78.239875,78.239875 15.620981666666665,78.24018666666666,78.24018666666666 15.622829999999999,78.24052166666667,78.24052166666667 15.624581666666666,78.240875,78.240875 15.62623166666667,78.24124666666665,78.24124666666665 15.627773333333334,78.241635,78.241635 15.629193333333333,78.24204166666667,78.24204166666667 15.630484999999998,78.24246333333333,78.24246333333333 15.631646666666667,78.24289833333334,78.24289833333334 15.632676666666669,78.24334333333333,78.24334333333333 15.633571666666667,78.24379666666665,78.24379666666665 15.634334999999998,78.24426000000001,78.24426000000001 15.634958333333335,78.24472833333331,78.24472833333331 15.635440000000003,78.24520333333332,78.24520333333332 15.635766666666665,78.24568166666666,78.24568166666666 15.635951666666665,78.24616333333334,78.24616333333334 15.636015000000002,78.246645,78.246645 15.635963333333333,78.24713000000001,78.24713000000001 15.635786666666668,78.247615,78.247615 15.635476666666666,78.24809833333333,78.24809833333333 15.635036666666666,78.24857833333333,78.24857833333333 15.634478333333334,78.24905333333332,78.24905333333332 15.633816666666668,78.249525,78.249525 15.633051666666665,78.24999333333334,78.24999333333334 15.632173333333332,78.250455,78.250455 15.631173333333335,78.25091,78.25091 15.630066666666668,78.25135666666667,78.25135666666667 15.628861666666666,78.25179666666666,78.25179666666666 15.627571666666666,78.25223,78.25223 15.626201666666667,78.25265666666665,78.25265666666665 15.624759999999998,78.25307500000001,78.25307500000001 15.62326,78.25348833333335,78.25348833333335 15.621714999999998,78.25389666666666,78.25389666666666 15.620128333333332,78.25430333333333,78.25430333333333 15.618498333333331,78.25470666666666,78.25470666666666 15.616824999999999,78.255105,78.255105 15.615115,78.2555,78.2555 15.613378333333333,78.25589,78.25589 15.611626666666666,78.25627666666665,78.25627666666665 15.609871666666667,78.25666166666667,78.25666166666667 15.60811666666667,78.25704666666667,78.25704666666667 15.606348333333337,78.25742833333335,78.25742833333335 15.604556666666666,78.25780833333333,78.25780833333333 15.602739999999997,78.258185,78.258185 15.600901666666669,78.25855833333334,78.25855833333334 15.599058333333335,78.25892833333334,78.25892833333334 15.59721333333333,78.25929500000001,78.25929500000001 15.595368333333331,78.25966,78.25966 15.593521666666668,78.26002166666667,78.26002166666667 15.591671666666667,78.26038166666666,78.26038166666666 15.589814999999998,78.26073666666666,78.26073666666666 15.587958333333333,78.26109000000001,78.26109000000001 15.586103333333332,78.26144166666666,78.26144166666666 15.584254999999999,78.26179166666668,78.26179166666668 15.582413333333335,78.26214166666666,78.26214166666666 15.580575,78.26248833333334,78.26248833333334 15.578733333333332,78.26283500000001,78.26283500000001 15.576884999999999,78.26317999999999,78.26317999999999 15.575028333333334,78.26352166666666,78.26352166666666 15.573161666666667,78.26386333333332,78.26386333333332 15.571283333333334,78.264205,78.264205 15.569389999999999,78.26454666666666,78.26454666666666 15.567481666666666,78.26488833333332,78.26488833333332 15.565566666666667,78.26523,78.26523 15.563645,78.26557166666666,78.26557166666666 15.561713333333334,78.26591166666667,78.26591166666667 15.559768333333333,78.26625,78.26625 15.557808333333334,78.26658666666667,78.26658666666667 15.555831666666666,78.26692166666666,78.26692166666666 15.553841666666663,78.26725666666667,78.26725666666667 15.551841666666668,78.26759166666668,78.26759166666668 15.549835,78.26793,78.26793 15.547816666666666,78.26827,78.26827 15.545788333333332,78.26861000000001,78.26861000000001 15.543751666666665,78.26895333333333,78.26895333333333 15.541696666666667,78.26929333333332,78.26929333333332 15.539629999999999,78.26963500000001,78.26963500000001 15.537551666666666,78.26997833333333,78.26997833333333 15.535453333333331,78.27032333333334,78.27032333333334 15.533328333333335,78.270665,78.270665 15.531178333333333,78.27100666666666,78.27100666666666 15.529004999999998,78.27134666666666,78.27134666666666 15.526813333333335,78.27169,78.27169 15.524601666666667,78.27203333333333,78.27203333333333 15.522368333333333,78.27237833333334,78.27237833333334 15.520118333333336,78.272725,78.272725 15.517848333333331,78.27307333333333,78.27307333333333 15.515563333333334,78.27342166666668,78.27342166666668 15.513271666666665,78.27377333333334,78.27377333333334 15.510975,78.27412666666667,78.27412666666667 15.508678333333336,78.27448,78.27448 15.506378333333336,78.27483166666666,78.27483166666666 15.504078333333332,78.275185,78.275185 15.501776666666668,78.27553999999999,78.27553999999999 15.499471666666667,78.27589333333334,78.27589333333334 15.497155000000001,78.27624499999999,78.27624499999999 15.49483166666667,78.27659666666668,78.27659666666668 15.492513333333333,78.27695000000001,78.27695000000001 15.490210000000001,78.27730833333334,78.27730833333334 15.487924999999999,78.27767,78.27767 15.485656666666667,78.27803333333334,78.27803333333334 15.483403333333335,78.2784,78.2784 15.481161666666665,78.27876666666667,78.27876666666667 15.478916666666663,78.27913000000001,78.27913000000001 15.476655000000003,78.27949166666669,78.27949166666669 15.474383333333334,78.27985333333334,78.27985333333334 15.472104999999999,78.28021499999998,78.28021499999998 15.469830000000004,78.28058166666665,78.28058166666665 15.467565000000002,78.28095333333333,78.28095333333333 15.46532,78.28133,78.28133 15.463095,78.28171166666667,78.28171166666667 15.460885000000001,78.28209666666666,78.28209666666666 15.458696666666668,78.28248666666667,78.28248666666667 15.45655,78.28288166666667,78.28288166666667 15.454456666666667,78.28328499999998,78.28328499999998 15.452408333333336,78.28369333333333,78.28369333333333 15.450393333333334,78.28410333333333,78.28410333333333 15.448418333333333,78.28451833333332,78.28451833333332 15.446488333333331,78.28493666666667,78.28493666666667 15.444603333333337,78.28536,78.28536 15.442765000000001,78.28578833333331,78.28578833333331 15.440983333333334,78.28622166666668,78.28622166666668 15.439266666666667,78.28666166666667,78.28666166666667 15.437615000000001,78.28710666666666,78.28710666666666 15.436035,78.287555,78.287555 15.434521666666669,78.288005,78.288005 15.433090000000002,78.28845999999999,78.28845999999999 15.43173833333333,78.28892000000002,78.28892000000002 15.430468333333334,78.28938333333333,78.28938333333333 15.429266666666669,78.28985166666668,78.28985166666668 15.428128333333332,78.29032333333333,78.29032333333333 15.427046666666667,78.29079833333334,78.29079833333334 15.426020000000001,78.29127499999998,78.29127499999998 15.42503,78.29175,78.29175 15.424061666666669,78.29222666666666,78.29222666666666 15.423104999999998,78.292705,78.292705 15.422163333333332,78.29318666666666,78.29318666666666 15.421248333333333,78.29367333333333,78.29367333333333 15.420358333333336,78.294165,78.294165 15.419485000000002,78.29466166666666,78.29466166666666 15.418623333333334,78.295165,78.295165 15.417778333333333,78.29567,78.29567 15.416955,78.29617999999999,78.29617999999999 15.416150000000002,78.296695,78.296695 15.415351666666668,78.29721500000001,78.29721500000001 15.414556666666664,78.29773833333334,78.29773833333334 15.413763333333334,78.29826666666668,78.29826666666668 15.412973333333332,78.29879666666669,78.29879666666669 15.412183333333335,78.29933166666666,78.29933166666666 15.411393333333333,78.29986999999998,78.29986999999998 15.410601666666667,78.30040833333334,78.30040833333334 15.409815,78.30095,78.30095 15.409031666666667,78.30149166666668,78.30149166666668 15.408246666666665,78.30203499999999,78.30203499999999 15.407459999999999,78.30257833333333,78.30257833333333 15.406676666666664,78.30312333333332,78.30312333333332 15.405901666666667,78.30366833333332,78.30366833333332 15.405123333333334,78.304215,78.304215 15.404341666666669,78.30476166666666,78.30476166666666 15.403563333333334,78.30530833333334,78.30530833333334 15.402796666666667,78.30585500000001,78.30585500000001 15.402041666666667,78.30640333333334,78.30640333333334 15.40131,78.30695000000001,78.30695000000001 15.400613333333334,78.30749666666668,78.30749666666668 15.399954999999999,78.30803999999999,78.30803999999999 15.399335,78.30858333333335,78.30858333333335 15.398753333333332,78.30912666666666,78.30912666666666 15.398213333333336,78.30966833333333,78.30966833333333 15.397726666666665,78.31021333333332,78.31021333333332 15.397283333333332,78.31075999999999,78.31075999999999 15.396895,78.31130666666667,78.31130666666667 15.396573333333334,78.31185666666669,78.31185666666669 15.396323333333331,78.31240333333334,78.31240333333334 15.396139999999999,78.31295166666666,78.31295166666666 15.396021666666666,78.31349666666667,78.31349666666667 15.395974999999998,78.31403999999999,78.31403999999999 15.395998333333333,78.31457833333334,78.31457833333334 15.39608,78.31511333333331,78.31511333333331 15.396208333333336,78.31564333333333,78.31564333333333 15.396381666666667,78.31617,78.31617 15.396603333333333,78.31669166666667,78.31669166666667 15.396888333333333,78.31720833333334,78.31720833333334 15.397238333333334,78.31771833333333,78.31771833333333 15.397649999999997,78.31822333333334,78.31822333333334 15.398128333333334,78.31872166666666,78.31872166666666 15.398670000000001,78.319215,78.319215 15.399276666666667,78.31970166666667,78.31970166666667 15.39994,78.32018666666666,78.32018666666666 15.400663333333334,78.32066833333334,78.32066833333334 15.401431666666667,78.32114666666668,78.32114666666668 15.402231666666667,78.32162166666666,78.32162166666666 15.403051666666666,78.32209166666665,78.32209166666665 15.403866666666666,78.32255833333333,78.32255833333333 15.404654999999998,78.32302166666668,78.32302166666668 15.4054,78.32348166666668,78.32348166666668 15.406101666666666,78.32394166666667,78.32394166666667 15.406766666666666,78.32440166666667,78.32440166666667 15.407408333333334,78.324865,78.324865 15.408025000000002,78.32532833333332,78.32532833333332 15.408623333333331,78.325795,78.325795 15.409203333333336,78.32626333333333,78.32626333333333 15.409771666666666,78.32673499999999,78.32673499999999 15.410331666666664,78.32720666666667,78.32720666666667 15.410884999999999,78.32768,78.32768 15.411431666666665,78.32815500000001,78.32815500000001 15.411968333333336,78.32863000000002,78.32863000000002 15.412500000000001,78.329105,78.329105 15.413031666666667,78.32957833333332,78.32957833333332 15.413568333333334,78.33005166666666,78.33005166666666 15.414125000000002,78.33052500000001,78.33052500000001 15.414706666666666,78.33099833333334,78.33099833333334 15.415318333333335,78.33147333333332,78.33147333333332 15.415958333333334,78.33194666666667,78.33194666666667 15.416626666666664,78.33242166666668,78.33242166666668 15.417335,78.332895,78.332895 15.418075,78.33336833333333,78.33336833333333 15.418844999999997,78.33384000000001,78.33384000000001 15.419638333333333,78.33431,78.33431 15.420444999999999,78.33477833333333,78.33477833333333 15.421258333333334,78.33524833333334,78.33524833333334 15.422085000000001,78.33571500000001,78.33571500000001 15.422938333333333,78.33618,78.33618 15.423823333333333,78.336645,78.336645 15.424738333333336,78.33710666666667,78.33710666666667 15.425679999999998,78.33756833333332,78.33756833333332 15.426651666666666,78.338025,78.338025 15.42764833333333,78.33847999999999,78.33847999999999 15.428665,78.33892833333333,78.33892833333333 15.429699999999999,78.33937666666667,78.33937666666667 15.430753333333334,78.33982166666665,78.33982166666665 15.431818333333336,78.34026666666666,78.34026666666666 15.432901666666664,78.34071,78.34071 15.434003333333331,78.34115,78.34115 15.435121666666666,78.34158833333332,78.34158833333332 15.436246666666667,78.34202666666668,78.34202666666668 15.437365,78.34246499999999,78.34246499999999 15.438473333333333,78.342905,78.342905 15.439574999999998,78.34334333333334,78.34334333333334 15.440671666666667,78.34378333333333,78.34378333333333 15.441765000000002,78.34422333333335,78.34422333333335 15.442846666666666,78.34466333333332,78.34466333333332 15.443919999999999,78.345105,78.345105 15.44498,78.34554833333334,78.34554833333334 15.446025000000002,78.34599166666666,78.34599166666666 15.44705,78.34643833333334,78.34643833333334 15.448045000000002,78.34688666666665,78.34688666666665 15.449015000000003,78.34733666666665,78.34733666666665 15.449963333333336,78.34779166666667,78.34779166666667 15.450891666666667,78.34824833333334,78.34824833333334 15.451785,78.34871166666666,78.34871166666666 15.45263,78.34918,78.34918 15.453421666666669,78.34965666666668,78.34965666666668 15.454165,78.35013666666667,78.35013666666667 15.454866666666666,78.35062166666667,78.35062166666667 15.455525,78.35111166666667,78.35111166666667 15.456133333333332,78.35160833333333,78.35160833333333 15.456691666666664,78.35211166666666,78.35211166666666 15.457198333333334,78.35261833333334,78.35261833333334 15.457654999999999,78.35313,78.35313 15.458068333333332,78.35364333333334,78.35364333333334 15.458441666666666,78.35416000000001,78.35416000000001 15.458781666666669,78.35467833333333,78.35467833333333 15.459095,78.35519666666669,78.35519666666669 15.459388333333335,78.35571666666667,78.35571666666667 15.459658333333334,78.35623833333335,78.35623833333335 15.459908333333333,78.35676,78.35676 15.46015,78.35728166666665,78.35728166666665 15.460391666666666,78.35780833333334,78.35780833333334 15.460633333333332,78.358335,78.358335 15.460881666666667,78.35886333333333,78.35886333333333 15.461141666666668,78.35938999999999,78.35938999999999 15.461416666666667,78.35991666666668,78.35991666666668 15.461713333333332,78.36044,78.36044 15.462029999999999,78.36096166666667,78.36096166666667 15.462371666666664,78.36148333333334,78.36148333333334 15.46274,78.36200333333333,78.36200333333333 15.463138333333331,78.36252,78.36252 15.463566666666667,78.36303666666666,78.36303666666666 15.464025000000001,78.36355,78.36355 15.464508333333335,78.36406166666669,78.36406166666669 15.465019999999999,78.36457000000001,78.36457000000001 15.465556666666664,78.36507666666665,78.36507666666665 15.466118333333334,78.36558,78.36558 15.466703333333331,78.36607999999998,78.36607999999998 15.467308333333335,78.36657666666666,78.36657666666666 15.467935,78.36707166666666,78.36707166666666 15.468586666666665,78.36756333333332,78.36756333333332 15.46925666666667,78.36805666666669,78.36805666666669 15.469943333333335,78.36854833333334,78.36854833333334 15.470643333333332,78.36904,78.36904 15.471356666666667,78.36953,78.36953 15.47208166666667,78.37001833333335,78.37001833333335 15.472814999999999,78.37050666666669,78.37050666666669 15.473551666666667,78.37099333333335,78.37099333333335 15.474291666666668,78.37148166666665,78.37148166666665 15.475033333333332,78.37196833333336,78.37196833333336 15.475776666666667,78.37245666666666,78.37245666666666 15.476520000000002,78.37294666666668,78.37294666666668 15.477268333333333,78.37343666666668,78.37343666666668 15.478023333333333,78.37392666666666,78.37392666666666 15.478785,78.37441666666666,78.37441666666666 15.479561666666667,78.37490666666666,78.37490666666666 15.480356666666667,78.37539666666667,78.37539666666667 15.481175,78.37588666666667,78.37588666666667 15.482015000000002,78.376375,78.376375 15.482869999999998,78.37686166666667,78.37686166666667 15.483731666666666,78.37734666666668,78.37734666666668 15.4846,78.37783166666667,78.37783166666667 15.485478333333335,78.378315,78.378315 15.486369999999999,78.37879833333332,78.37879833333332 15.48727,78.37928000000001,78.37928000000001 15.488180000000002,78.37976333333333,78.37976333333333 15.489098333333335,78.38024666666668,78.38024666666668 15.490023333333331,78.38073166666666,78.38073166666666 15.490961666666664,78.38121666666666,78.38121666666666 15.491911666666667,78.38170333333333,78.38170333333333 15.492879999999998,78.38219000000001,78.38219000000001 15.493859999999998,78.38267833333333,78.38267833333333 15.494850000000001,78.38316666666667,78.38316666666667 15.495849999999999,78.38365666666667,78.38365666666667 15.496856666666666,78.38414833333331,78.38414833333331 15.497869999999999,78.38464166666667,78.38464166666667 15.498886666666666,78.385135,78.385135 15.499906666666666,78.38563166666667,78.38563166666667 15.500938333333334,78.38612666666666,78.38612666666666 15.501978333333334,78.38662166666666,78.38662166666666 15.503031666666667,78.38711666666667,78.38711666666667 15.504100000000003,78.38761166666667,78.38761166666667 15.505188333333336,78.38810333333333,78.38810333333333 15.506295,78.38859333333332,78.38859333333332 15.507423333333334,78.38908166666668,78.38908166666668 15.508568333333335,78.38957166666667,78.38957166666667 15.509728333333332,78.39005833333334,78.39005833333334 15.510903333333333,78.39054666666665,78.39054666666665 15.51209,78.39103333333334,78.39103333333334 15.51329,78.39152000000001,78.39152000000001 15.514499999999996,78.39200666666669,78.39200666666669 15.515719999999998,78.39249166666667,78.39249166666667 15.516945,78.39297666666667,78.39297666666667 15.51818,78.39346166666665,78.39346166666665 15.519421666666666,78.39394666666666,78.39394666666666 15.520673333333331,78.39442833333332,78.39442833333332 15.521933333333333,78.39491000000001,78.39491000000001 15.523200000000003,78.39539166666667,78.39539166666667 15.524474999999999,78.39587166666666,78.39587166666666 15.525758333333334,78.39635,78.39635 15.527050000000001,78.39682666666667,78.39682666666667 15.528348333333334,78.39730166666668,78.39730166666668 15.52965,78.397775,78.397775 15.530949999999999,78.39824833333334,78.39824833333334 15.532245000000001,78.39872166666666,78.39872166666666 15.533526666666667,78.39919666666667,78.39919666666667 15.534778333333334,78.39967333333334,78.39967333333334 15.535991666666668,78.40015166666667,78.40015166666667 15.537171666666666,78.40063333333333,78.40063333333333 15.538321666666665,78.40111666666665,78.40111666666665 15.539441666666667,78.40160166666666,78.40160166666666 15.54053,78.40209,78.40209 15.541598333333333,78.40258000000001,78.40258000000001 15.542651666666666,78.40306999999999,78.40306999999999 15.543696666666666,78.40356,78.40356 15.544730000000001,78.40405166666666,78.40405166666666 15.545756666666666,78.40454333333334,78.40454333333334 15.546776666666666,78.405035,78.405035 15.547796666666667,78.405525,78.405525 15.54881,78.40601499999998,78.40601499999998 15.549819999999999,78.40650500000001,78.40650500000001 15.550830000000001,78.40699333333333,78.40699333333333 15.551841666666668,78.40748166666667,78.40748166666667 15.552858333333331,78.40797,78.40797 15.553881666666665,78.40845666666667,78.40845666666667 15.55491333333333,78.40894166666668,78.40894166666668 15.555961666666667,78.40942666666666,78.40942666666666 15.557028333333335,78.40991166666667,78.40991166666667 15.55812,78.41039166666667,78.41039166666667 15.559236666666667,78.41086833333334,78.41086833333334 15.560374999999999,78.41134333333332,78.41134333333332 15.561531666666667,78.41181666666667,78.41181666666667 15.562710000000001,78.41228833333332,78.41228833333332 15.563915000000001,78.41275833333334,78.41275833333334 15.565150000000001,78.41322833333335,78.41322833333335 15.566416666666663,78.41369666666665,78.41369666666665 15.567715,78.41416166666667,78.41416166666667 15.569048333333333,78.41462666666665,78.41462666666665 15.570406666666669,78.41509,78.41509 15.571776666666665,78.41555166666666,78.41555166666666 15.573155000000002,78.41601666666668,78.41601666666668 15.574543333333336,78.41647999999999,78.41647999999999 15.575935,78.41694833333334,78.41694833333334 15.577320000000002,78.41741833333333,78.41741833333333 15.578683333333334,78.41789333333334,78.41789333333334 15.580020000000001,78.418375,78.418375 15.581333333333335,78.41886166666667,78.41886166666667 15.582626666666664,78.41935333333332,78.41935333333332 15.583903333333335,78.41984833333333,78.41984833333333 15.585175000000001,78.42034666666666,78.42034666666666 15.586446666666665,78.42084833333334,78.42084833333334 15.587723333333333,78.42134999999999,78.42134999999999 15.589005,78.42185333333333,78.42185333333333 15.590293333333335,78.42235666666667,78.42235666666667 15.591586666666668,78.42286166666666,78.42286166666666 15.592878333333333,78.42336833333334,78.42336833333334 15.59416333333333,78.42387833333333,78.42387833333333 15.595443333333332,78.42438833333333,78.42438833333333 15.596711666666666,78.42490333333333,78.42490333333333 15.597961666666667,78.42542166666667,78.42542166666667 15.599193333333336,78.42594333333334,78.42594333333334 15.60041,78.42647,78.42647 15.601608333333333,78.42700166666667,78.42700166666667 15.602784999999999,78.42753666666667,78.42753666666667 15.603941666666667,78.42807666666666,78.42807666666666 15.605083333333335,78.42861833333333,78.42861833333333 15.606209999999999,78.42916333333334,78.42916333333334 15.607321666666666,78.42970999999999,78.42970999999999 15.60841666666667,78.43025833333334,78.43025833333334 15.609498333333333,78.43081000000001,78.43081000000001 15.61057,78.43136,78.43136 15.611635000000001,78.43191166666666,78.43191166666666 15.612695000000002,78.432465,78.432465 15.613748333333334,78.43301833333334,78.43301833333334 15.614794999999999,78.43357166666667,78.43357166666667 15.615836666666668,78.434125,78.434125 15.616868333333333,78.43467833333334,78.43467833333334 15.617890000000001,78.43523333333333,78.43523333333333 15.618895,78.43578833333332,78.43578833333332 15.61988,78.43634666666667,78.43634666666667 15.620846666666667,78.43690666666666,78.43690666666666 15.621789999999999,78.43746666666667,78.43746666666667 15.622716666666667,78.43803,78.43803 15.623631666666666,78.43859166666667,78.43859166666667 15.624538333333332,78.43915333333334,78.43915333333334 15.625429999999998,78.43971333333334,78.43971333333334 15.62631,78.44027500000001,78.44027500000001 15.627178333333331,78.44083499999999,78.44083499999999 15.628038333333333,78.441395,78.441395 15.628893333333332,78.44195500000001,78.44195500000001 15.62974,78.44251666666668,78.44251666666668 15.630583333333336,78.44307666666666,78.44307666666666 15.631421666666666,78.44363833333333,78.44363833333333 15.632253333333331,78.44420166666666,78.44420166666666 15.633076666666668,78.44476500000002,78.44476500000002 15.633893333333333,78.44532999999998,78.44532999999998 15.634704999999999,78.44589333333334,78.44589333333334 15.635515000000003,78.44645833333334,78.44645833333334 15.636328333333331,78.44702166666667,78.44702166666667 15.63714,78.44758666666667,78.44758666666667 15.637941666666665,78.44815,78.44815 15.638735,78.44871333333333,78.44871333333333 15.639521666666667,78.44927666666666,78.44927666666666 15.64030166666667,78.44983833333333,78.44983833333333 15.641076666666667,78.4504,78.4504 15.641845,78.45096166666667,78.45096166666667 15.642615000000001,78.45152333333334,78.45152333333334 15.643388333333332,78.45208333333332,78.45208333333332 15.644168333333335,78.45264333333333,78.45264333333333 15.644958333333333,78.45320333333333,78.45320333333333 15.645756666666667,78.453765,78.453765 15.646561666666665,78.454325,78.454325 15.647373333333334,78.45488666666667,78.45488666666667 15.648195,78.45544833333334,78.45544833333334 15.64902333333333,78.45601,78.45601 15.649856666666668,78.45657166666668,78.45657166666668 15.650693333333333,78.45713166666665,78.45713166666665 15.651535,78.45769333333332,78.45769333333332 15.652381666666667,78.45825333333333,78.45825333333333 15.653233333333333,78.45881166666665,78.45881166666665 15.654090000000002,78.45936999999999,78.45936999999999 15.654951666666665,78.45992666666666,78.45992666666666 15.655820000000004,78.46048333333334,78.46048333333334 15.656698333333333,78.46103833333333,78.46103833333333 15.657588333333333,78.46159499999999,78.46159499999999 15.658486666666667,78.46215000000001,78.46215000000001 15.659386666666668,78.46270666666668,78.46270666666668 15.660284999999998,78.46326166666667,78.46326166666667 15.661186666666667,78.46381833333332,78.46381833333332 15.662091666666665,78.46437333333333,78.46437333333333 15.662998333333332,78.46492833333335,78.46492833333335 15.663900000000002,78.46548333333334,78.46548333333334 15.664796666666666,78.46603666666667,78.46603666666667 15.66569,78.46659000000001,78.46659000000001 15.666578333333332,78.46714333333331,78.46714333333331 15.667460000000002,78.46769666666667,78.46769666666667 15.668335,78.46824833333335,78.46824833333335 15.669208333333332,78.46879999999999,78.46879999999999 15.67008,78.46935,78.46935 15.670953333333332,78.46990000000001,78.46990000000001 15.671825,78.47045,78.47045 15.672698333333335,78.47099833333334,78.47099833333334 15.673571666666666,78.47154666666667,78.47154666666667 15.67444833333333,78.47209333333332,78.47209333333332 15.675326666666667,78.47263833333332,78.47263833333332 15.676208333333333,78.47318333333332,78.47318333333332 15.677086666666668,78.47372666666668,78.47372666666668 15.677966666666668,78.47426833333333,78.47426833333333 15.678846666666667,78.47481,78.47481 15.679728333333331,78.47534999999999,78.47534999999999 15.680610000000001,78.47588833333333,78.47588833333333 15.68149,78.47642666666668,78.47642666666668 15.682369999999999,78.476965,78.476965 15.683248333333331,78.47750166666667,78.47750166666667 15.684124999999996,78.47803833333333,78.47803833333333 15.684996666666665,78.47857499999999,78.47857499999999 15.68586666666667,78.47911000000002,78.47911000000002 15.686733333333333,78.47964666666668,78.47964666666668 15.687595,78.48018166666668,78.48018166666668 15.688456666666667,78.48071666666668,78.48071666666668 15.689313333333331,78.48125166666668,78.48125166666668 15.690165,78.48178500000002,78.48178500000002 15.691008333333333,78.48231999999999,78.48231999999999 15.691846666666667,78.48285333333332,78.48285333333332 15.692683333333331,78.483385,78.483385 15.693518333333335,78.48391833333334,78.48391833333334 15.694353333333334,78.48445000000001,78.48445000000001 15.69518833333333,78.48498166666666,78.48498166666666 15.696023333333335,78.48551333333333,78.48551333333333 15.696858333333333,78.48604333333333,78.48604333333333 15.69769,78.486575,78.486575 15.698523333333334,78.48710500000001,78.48710500000001 15.699360000000002,78.487635,78.487635 15.700198333333333,78.48816499999998,78.48816499999998 15.701036666666669,78.48869333333333,78.48869333333333 15.701873333333332,78.48922166666667,78.48922166666667 15.702711666666668,78.48975000000002,78.48975000000002 15.703549999999998,78.49027833333334,78.49027833333334 15.704388333333336,78.490805,78.490805 15.705225,78.49133499999999,78.49133499999999 15.706065000000002,78.49186333333334,78.49186333333334 15.706908333333335,78.49239166666666,78.49239166666666 15.707758333333333,78.49292166666667,78.49292166666667 15.708609999999998,78.49345,78.49345 15.709463333333332,78.49398,78.49398 15.710318333333332,78.49450833333334,78.49450833333334 15.711178333333331,78.49503666666666,78.49503666666666 15.712041666666666,78.49556666666668,78.49556666666668 15.712903333333333,78.496095,78.496095 15.713758333333333,78.496625,78.496625 15.714596666666667,78.49715833333333,78.49715833333333 15.715419999999996,78.49769166666667,78.49769166666667 15.716231666666665,78.49822666666667,78.49822666666667 15.717028333333335,78.49876333333333,78.49876333333333 15.717804999999997,78.49929999999999,78.49929999999999 15.718554999999999,78.49983999999999,78.49983999999999 15.719280000000001,78.50038166666667,78.50038166666667 15.719986666666669,78.50092333333335,78.50092333333335 15.720680000000002,78.50146666666666,78.50146666666666 15.72136,78.50201166666668,78.50201166666668 15.722026666666666,78.50255500000002,78.50255500000002 15.722678333333334,78.50309999999999,78.50309999999999 15.72332,78.503645,78.503645 15.723956666666666,78.50419000000001,78.50419000000001 15.724594999999999,78.50473333333333,78.50473333333333 15.725233333333332,78.50527666666667,78.50527666666667 15.72587,78.50581999999999,78.50581999999999 15.726501666666666,78.50636166666666,78.50636166666666 15.727126666666665,78.50690500000002,78.50690500000002 15.727741666666667,78.50744666666667,78.50744666666667 15.728348333333333,78.50798833333334,78.50798833333334 15.728946666666666,78.50853166666667,78.50853166666667 15.729536666666668,78.50907500000001,78.50907500000001 15.730116666666666,78.50961999999998,78.50961999999998 15.730691666666665,78.510165,78.510165 15.731266666666667,78.51071166666667,78.51071166666667 15.731841666666666,78.51125833333334,78.51125833333334 15.732415,78.51180500000001,78.51180500000001 15.73299,78.51235333333334,78.51235333333334 15.733564999999997,78.51290166666665,78.51290166666665 15.734145000000002,78.51345,78.51345 15.734725,78.51400000000001,78.51400000000001 15.735305,78.51455166666666,78.51455166666666 15.735883333333334,78.51510333333333,78.51510333333333 15.736461666666667,78.51565666666666,78.51565666666666 15.73703833333333,78.51621,78.51621 15.737613333333336,78.51676333333333,78.51676333333333 15.738186666666666,78.517315,78.517315 15.738763333333333,78.51786833333334,78.51786833333334 15.739343333333332,78.51842166666667,78.51842166666667 15.739926666666667,78.518975,78.518975 15.740516666666666,78.51953,78.51953 15.74112,78.52008333333333,78.52008333333333 15.74173333333333,78.52063833333332,78.52063833333332 15.742349999999998,78.521195,78.521195 15.742966666666666,78.52175166666667,78.52175166666667 15.74359,78.52230999999999,78.52230999999999 15.744224999999998,78.52286666666667,78.52286666666667 15.744866666666667,78.52342499999999,78.52342499999999 15.74550833333333,78.523985,78.523985 15.74615,78.524545,78.524545 15.746795000000002,78.525105,78.525105 15.747443333333337,78.525665,78.525665 15.748086666666664,78.52622500000001,78.52622500000001 15.74872333333333,78.52678666666668,78.52678666666668 15.749356666666664,78.527345,78.527345 15.749985,78.527905,78.527905 15.75061166666667,78.52846333333332,78.52846333333332 15.751240000000001,78.52902,78.52902 15.751866666666668,78.52957333333335,78.52957333333335 15.752483333333332,78.53012666666667,78.53012666666667 15.753088333333336,78.53067666666668,78.53067666666668 15.753671666666666,78.53122333333334,78.53122333333334 15.754236666666669,78.53176666666666,78.53176666666666 15.75478,78.53231000000001,78.53231000000001 15.755301666666664,78.53285166666666,78.53285166666666 15.755803333333333,78.53339166666667,78.53339166666667 15.75628333333333,78.53393,78.53393 15.756746666666666,78.53446833333335,78.53446833333335 15.757195000000003,78.53500500000001,78.53500500000001 15.757626666666665,78.53554000000001,78.53554000000001 15.758046666666665,78.53607500000001,78.53607500000001 15.758451666666668,78.53660833333335,78.53660833333335 15.758841666666669,78.53714,78.53714 15.759218333333335,78.53767166666667,78.53767166666667 15.759583333333333,78.53820333333334,78.53820333333334 15.75994,78.53873333333333,78.53873333333333 15.760286666666664,78.53926499999999,78.53926499999999 15.760626666666667,78.539795,78.539795 15.760958333333335,78.54032500000001,78.54032500000001 15.761286666666669,78.54085333333333,78.54085333333333 15.76161,78.54138166666665,78.54138166666665 15.76193333333333,78.54191,78.54191 15.762256666666667,78.54243833333334,78.54243833333334 15.762588333333335,78.542965,78.542965 15.762928333333331,78.54349166666665,78.54349166666665 15.763276666666664,78.54401833333333,78.54401833333333 15.763633333333335,78.54454666666668,78.54454666666668 15.764,78.54507333333333,78.54507333333333 15.764371666666666,78.54560333333335,78.54560333333335 15.764751666666665,78.54613333333333,78.54613333333333 15.765135000000003,78.546665,78.546665 15.765521666666666,78.5472,78.5472 15.76591,78.547735,78.547735 15.766303333333335,78.54827333333333,78.54827333333333 15.766696666666666,78.54881333333331,78.54881333333331 15.767093333333332,78.54935499999999,78.54935499999999 15.76749166666667,78.54989833333335,78.54989833333335 15.767895,78.55044500000001,78.55044500000001 15.768301666666664,78.55099333333334,78.55099333333334 15.768716666666668,78.551545,78.551545 15.76914,78.55209833333333,78.55209833333333 15.769578333333335,78.55265333333334,78.55265333333334 15.770033333333334,78.55321166666666,78.55321166666666 15.770508333333332,78.55377,78.55377 15.771003333333331,78.55433166666667,78.55433166666667 15.771523333333336,78.55489666666666,78.55489666666666 15.772071666666667,78.55546166666666,78.55546166666666 15.772648333333331,78.55603,78.55603 15.773258333333334,78.55659999999999,78.55659999999999 15.7739,78.55717333333334,78.55717333333334 15.774578333333332,78.55775,78.55775 15.775295000000002,78.55833166666666,78.55833166666666 15.776043333333334,78.55891666666668,78.55891666666668 15.776818333333331,78.55950333333332,78.55950333333332 15.777605000000001,78.56009333333333,78.56009333333333 15.778399999999998,78.56068333333333,78.56068333333333 15.779196666666667,78.56127333333333,78.56127333333333 15.779993333333335,78.56186333333333,78.56186333333333 15.780783333333334,78.56245333333332,78.56245333333332 15.781566666666667,78.56304333333333,78.56304333333333 15.782339999999998,78.56363333333334,78.56363333333334 15.783105,78.56422333333333,78.56422333333333 15.783856666666667,78.564815,78.564815 15.784598333333335,78.56540666666666,78.56540666666666 15.785336666666666,78.566,78.566 15.786078333333334,78.56659333333333,78.56659333333333 15.786821666666665,78.56718833333332,78.56718833333332 15.787566666666665,78.56778333333334,78.56778333333334 15.788315,78.56837833333333,78.56837833333333 15.789063333333337,78.56897333333335,78.56897333333335 15.789813333333331,78.56957166666666,78.56957166666666 15.790566666666667,78.57017333333334,78.57017333333334 15.791326666666667,78.57077833333334,78.57077833333334 15.792093333333334,78.57138666666667,78.57138666666667 15.792866666666665,78.57199999999999,78.57199999999999 15.79364,78.57261666666666,78.57261666666666 15.794413333333335,78.57323666666666,78.57323666666666 15.795188333333332,78.57385999999998,78.57385999999998 15.795965,78.57448833333332,78.57448833333332 15.796736666666668,78.57512,78.57512 15.797508333333333,78.57575499999999,78.57575499999999 15.798281666666666,78.57639333333334,78.57639333333334 15.799059999999999,78.577035,78.577035 15.799836666666666,78.57767833333334,78.57767833333334 15.800611666666668,78.57832333333334,78.57832333333334 15.801385,78.57896833333334,78.57896833333334 15.802156666666667,78.57961333333334,78.57961333333334 15.802931666666668,78.58025833333332,78.58025833333332 15.803713333333333,78.58090333333332,78.58090333333332 15.804498333333333,78.58154833333333,78.58154833333333 15.805280000000002,78.58219666666666,78.58219666666666 15.80606166666667,78.58284666666668,78.58284666666668 15.806846666666669,78.58349666666668,78.58349666666668 15.807635000000001,78.58414666666667,78.58414666666667 15.808424999999998,78.58479833333334,78.58479833333334 15.809218333333336,78.58545,78.58545 15.810011666666664,78.58609999999999,78.58609999999999 15.810805,78.58674666666668,78.58674666666668 15.811591666666667,78.58739166666666,78.58739166666666 15.812371666666666,78.58803166666667,78.58803166666667 15.813139999999999,78.58867,78.58867 15.813901666666666,78.589305,78.589305 15.814653333333334,78.58993833333335,78.58993833333335 15.8154,78.59057,78.59057 15.816144999999997,78.59119833333331,78.59119833333331 15.816890000000003,78.59182666666668,78.59182666666668 15.817631666666667,78.59245333333334,78.59245333333334 15.818371666666668,78.59307999999999,78.59307999999999 15.81910333333333,78.59370833333335,78.59370833333335 15.819830000000001,78.59433666666668,78.59433666666668 15.820543333333333,78.59496666666668,78.59496666666668 15.821246666666665,78.59559833333334,78.59559833333334 15.821946666666667,78.59623166666665,78.59623166666665 15.82264,78.59686666666667,78.59686666666667 15.823323333333335,78.59750166666664,78.59750166666664 15.823994999999998,78.59814,78.59814 15.824653333333334,78.59878,78.59878 15.825299999999999,78.59942333333335,78.59942333333335 15.825936666666665,78.60006833333333,78.60006833333333 15.826566666666668,78.60071500000002,78.60071500000002 15.827191666666666,78.60136500000002,78.60136500000002 15.827813333333332,78.60201666666667,78.60201666666667 15.828438333333334,78.60267,78.60267 15.829056666666666,78.60332499999998,78.60332499999998 15.829666666666666,78.60398333333332,78.60398333333332 15.830265000000002,78.60464333333333,78.60464333333333 15.830851666666668,78.60530499999999,78.60530499999999 15.831425000000001,78.60596999999999,78.60596999999999 15.831983333333334,78.60663500000001,78.60663500000001 15.832528333333334,78.60730333333332,78.60730333333332 15.83306,78.60797166666667,78.60797166666667 15.833576666666666,78.60864333333335,78.60864333333335 15.834076666666666,78.609315,78.609315 15.834561666666666,78.60998666666666,78.60998666666666 15.835033333333334,78.61066000000001,78.61066000000001 15.835493333333334,78.611335,78.611335 15.835943333333335,78.61201166666666,78.61201166666666 15.836388333333332,78.61269,78.61269 15.836834999999999,78.61336999999999,78.61336999999999 15.837283333333335,78.61405,78.61405 15.837735,78.61473333333335,78.61473333333335 15.838195,78.61541833333334,78.61541833333334 15.83866,78.616105,78.616105 15.839128333333333,78.61679333333333,78.61679333333333 15.839603333333333,78.61748333333334,78.61748333333334 15.840090000000004,78.61817500000001,78.61817500000001 15.840578333333335,78.61887000000002,78.61887000000002 15.841061666666668,78.61956833333333,78.61956833333333 15.841541666666666,78.62027,78.62027 15.842019999999998,78.62097166666668,78.62097166666668 15.842498333333333,78.62167666666664,78.62167666666664 15.84298,78.62238333333333,78.62238333333333 15.843463333333334,78.62309166666668,78.62309166666668 15.843958333333333,78.62380166666667,78.62380166666667 15.844468333333333,78.62451333333333,78.62451333333333 15.844988333333333,78.625225,78.625225 15.845514999999999,78.62593833333334,78.62593833333334 15.846044999999998,78.62665166666666,78.62665166666666 15.846575,78.62736666666666,78.62736666666666 15.847111666666667,78.62808166666667,78.62808166666667 15.847648333333332,78.62879666666664,78.62879666666664 15.848189999999999,78.62951333333334,78.62951333333334 15.848745000000001,78.63022999999998,78.63022999999998 15.849316666666668,78.63094666666667,78.63094666666667 15.849905,78.63166166666666,78.63166166666666 15.85050666666667,78.63237833333332,78.63237833333332 15.851123333333334,78.63309333333333,78.63309333333333 15.851758333333331,78.63380833333333,78.63380833333333 15.852405,78.63452000000001,78.63452000000001 15.853065,78.63523333333333,78.63523333333333 15.85373,78.63594499999998,78.63594499999998 15.854403333333336,78.63665666666668,78.63665666666668 15.855086666666667,78.63736833333334,78.63736833333334 15.85578,78.63807666666666,78.63807666666666 15.856481666666665,78.63878500000001,78.63878500000001 15.857195,78.63949166666667,78.63949166666667 15.857920000000002,78.64019666666667,78.64019666666667 15.858653333333331,78.6409,78.6409 15.859388333333335,78.641605,78.641605 15.86013,78.64230833333333,78.64230833333333 15.860876666666664,78.64301166666667,78.64301166666667 15.86163,78.643715,78.643715 15.862384999999998,78.64441833333333,78.64441833333333 15.863146666666669,78.64512166666667,78.64512166666667 15.863916666666666,78.645825,78.645825 15.864691666666667,78.64653,78.64653 15.86547,78.647235,78.647235 15.866251666666669,78.64793999999999,78.64793999999999 15.867041666666667,78.64864500000002,78.64864500000002 15.867843333333335,78.64935000000001,78.64935000000001 15.868653333333334,78.65005333333335,78.65005333333335 15.869468333333336,78.65075666666668,78.65075666666668 15.870285,78.65145833333332,78.65145833333332 15.871103333333334,78.65216,78.65216 15.871923333333333,78.65286,78.65286 15.872743333333336,78.65355999999998,78.65355999999998 15.873563333333335,78.65425833333333,78.65425833333333 15.874381666666665,78.65495833333333,78.65495833333333 15.875201666666664,78.65565833333334,78.65565833333334 15.87602,78.65635833333334,78.65635833333334 15.876838333333335,78.65705833333332,78.65705833333332 15.877658333333335,78.65775833333333,78.65775833333333 15.878478333333334,78.65845833333331,78.65845833333331 15.8793,78.65915666666666,78.65915666666666 15.880125,78.65985666666667,78.65985666666667 15.88095,78.660555,78.660555 15.881775000000001,78.66125166666669,78.66125166666669 15.882595,78.66195,78.66195 15.883413333333332,78.662645,78.662645 15.884228333333331,78.66334,78.66334 15.88504,78.66403333333334,78.66403333333334 15.885845,78.66472666666667,78.66472666666667 15.886646666666664,78.66541666666666,78.66541666666666 15.887446666666666,78.66610666666666,78.66610666666666 15.888248333333333,78.666795,78.666795 15.889056666666667,78.66748166666666,78.66748166666666 15.889871666666666,78.66816666666668,78.66816666666668 15.890698333333333,78.66885166666665,78.66885166666665 15.891538333333331,78.66953333333333,78.66953333333333 15.892388333333335,78.67021333333334,78.67021333333334 15.893251666666668,78.67089166666666,78.67089166666666 15.894125000000003,78.67156833333333,78.67156833333333 15.895009999999997,78.67224333333333,78.67224333333333 15.895903333333333,78.67291666666667,78.67291666666667 15.896803333333333,78.67358833333333,78.67358833333333 15.897711666666664,78.67425833333334,78.67425833333334 15.898620000000001,78.67492833333336,78.67492833333336 15.899528333333336,78.67559833333334,78.67559833333334 15.900433333333334,78.67626666666666,78.67626666666666 15.901333333333332,78.676935,78.676935 15.902224999999998,78.67760166666666,78.67760166666666 15.903103333333336,78.67827000000001,78.67827000000001 15.903963333333335,78.67893666666667,78.67893666666667 15.904808333333337,78.67960500000001,78.67960500000001 15.905641666666668,78.68027166666667,78.68027166666667 15.906464999999997,78.68093999999999,78.68093999999999 15.907275000000002,78.68160666666667,78.68160666666667 15.908075,78.68227333333333,78.68227333333333 15.908864999999999,78.68293999999999,78.68293999999999 15.909640000000001,78.68360666666668,78.68360666666668 15.910398333333333,78.68427333333335,78.68427333333335 15.911140000000001,78.68494000000001,78.68494000000001 15.911866666666667,78.68560666666667,78.68560666666667 15.912574999999999,78.68627500000001,78.68627500000001 15.913261666666664,78.68694166666667,78.68694166666667 15.913924999999999,78.68760999999999,78.68760999999999 15.914565000000001,78.68827833333333,78.68827833333333 15.915180000000001,78.68894666666668,78.68894666666668 15.915771666666668,78.68961333333334,78.68961333333334 15.916345000000002,78.69028,78.69028 15.916899999999998,78.69094666666668,78.69094666666668 15.917438333333335,78.69161166666665,78.69161166666665 15.917963333333335,78.69227666666667,78.69227666666667 15.91848,78.69294,78.69294 15.918988333333335,78.69360166666667,78.69360166666667 15.91949,78.69426499999999,78.69426499999999 15.919985000000002,78.694925,78.694925 15.920475,78.69558666666666,78.69558666666666 15.920963333333335,78.69624666666667,78.69624666666667 15.921451666666666,78.69690666666666,78.69690666666666 15.921948333333335,78.697565,78.697565 15.922448333333334,78.69822166666665,78.69822166666665 15.922955000000002,78.69887833333335,78.69887833333335 15.923473333333332,78.69953333333333,78.69953333333333 15.924005000000001,78.70018499999999,78.70018499999999 15.924549999999998,78.70083666666666,78.70083666666666 15.925101666666666,78.70148666666668,78.70148666666668 15.925656666666667,78.70213666666668,78.70213666666668 15.926218333333336,78.702785,78.702785 15.926793333333334,78.70343166666667,78.70343166666667 15.927374999999998,78.70407833333334,78.70407833333334 15.927961666666667,78.70472666666667,78.70472666666667 15.928548333333334,78.705375,78.705375 15.929139999999999,78.706025,78.706025 15.929739999999999,78.70667499999999,78.70667499999999 15.930344999999999,78.70732666666667,78.70732666666667 15.930954999999999,78.70797999999999,78.70797999999999 15.931568333333331,78.70863500000002,78.70863500000002 15.932189999999999,78.70929,78.70929 15.932816666666666,78.70994666666667,78.70994666666667 15.933446666666669,78.71060666666668,78.71060666666668 15.934078333333334,78.71126666666667,78.71126666666667 15.934716666666668,78.71192833333332,78.71192833333332 15.935363333333331,78.71259333333334,78.71259333333334 15.936016666666667,78.71325833333333,78.71325833333333 15.93667,78.71392499999999,78.71392499999999 15.937319999999998,78.71459333333334,78.71459333333334 15.937963333333336,78.71526333333334,78.71526333333334 15.938608333333333,78.71593500000002,78.71593500000002 15.939258333333331,78.71660666666666,78.71660666666666 15.939918333333333,78.71728,78.71728 15.940581666666667,78.717955,78.717955 15.941256666666668,78.71863,78.71863 15.941944999999999,78.719305,78.719305 15.94265,78.71998166666667,78.71998166666667 15.94337,78.72065666666667,78.72065666666667 15.944103333333333,78.72133166666667,78.72133166666667 15.944846666666669,78.72200666666664,78.72200666666664 15.945603333333334,78.72268333333334,78.72268333333334 15.94636833333333,78.72335833333334,78.72335833333334 15.947136666666667,78.72403333333334,78.72403333333334 15.947908333333332,78.72470833333334,78.72470833333334 15.948681666666667,78.72538333333334,78.72538333333334 15.949459999999998,78.72605833333334,78.72605833333334 15.950238333333333,78.72673333333334,78.72673333333334 15.951016666666664,78.72740833333334,78.72740833333334 15.951791666666667,78.72808499999998,78.72808499999998 15.952561666666668,78.728765,78.728765 15.953326666666664,78.72944500000001,78.72944500000001 15.954085000000001,78.73012666666666,78.73012666666666 15.954840000000003,78.73080833333333,78.73080833333333 15.955596666666668,78.73149333333333,78.73149333333333 15.956358333333332,78.73217833333334,78.73217833333334 15.957118333333336,78.73286333333333,78.73286333333333 15.957873333333335,78.73355166666668,78.73355166666668 15.958628333333337,78.73424,78.73424 15.959383333333333,78.73493166666668,78.73493166666668 15.960136666666665,78.73562499999998,78.73562499999998 15.960889999999997,78.73631999999999,78.73631999999999 15.961646666666663,78.73701833333334,78.73701833333334 15.962411666666666,78.73772000000001,78.73772000000001 15.963180000000001,78.73842666666667,78.73842666666667 15.963948333333335,78.739135,78.739135 15.964725,78.73984666666668,78.73984666666668 15.965506666666668,78.74055833333333,78.74055833333333 15.966291666666667,78.74127,78.74127 15.967083333333335,78.74198333333332,78.74198333333332 15.967878333333333,78.74269666666669,78.74269666666669 15.968679999999997,78.74341166666666,78.74341166666666 15.969486666666667,78.74412500000001,78.74412500000001 15.970298333333336,78.74484000000001,78.74484000000001 15.971115000000001,78.74555333333333,78.74555333333333 15.971938333333332,78.74626833333333,78.74626833333333 15.972756666666665,78.74698166666667,78.74698166666667 15.97357333333333,78.74769666666666,78.74769666666666 15.97438833333333,78.74841166666668,78.74841166666668 15.975203333333331,78.749125,78.749125 15.976011666666666,78.74984,78.74984 15.97681,78.75055666666667,78.75055666666667 15.977608333333334,78.75127166666665,78.75127166666665 15.978406666666668,78.75198833333334,78.75198833333334 15.979190000000001,78.75270499999999,78.75270499999999 15.979966666666666,78.75342333333334,78.75342333333334 15.980746666666668,78.75413999999999,78.75413999999999 15.981535000000001,78.75485833333335,78.75485833333335 15.982321666666666,78.75557666666666,78.75557666666666 15.983111666666666,78.75629666666667,78.75629666666667 15.983913333333332,78.75701666666667,78.75701666666667 15.984726666666665,78.757735,78.757735 15.985536666666667,78.758455,78.758455 15.986341666666664,78.75917333333334,78.75917333333334 15.98715,78.75989166666666,78.75989166666666 15.987955,78.76061,78.76061 15.988748333333334,78.76132833333332,78.76132833333332 15.989533333333336,78.76204666666666,78.76204666666666 15.990314999999997,78.76276500000002,78.76276500000002 15.991091666666666,78.76348333333333,78.76348333333333 15.991871666666668,78.76419999999999,78.76419999999999 15.99265,78.76491833333333,78.76491833333333 15.99342333333333,78.76563500000002,78.76563500000002 15.994198333333335,78.76635,78.76635 15.994971666666666,78.767065,78.767065 15.995748333333331,78.76777833333334,78.76777833333334 15.996523333333336,78.76849166666666,78.76849166666666 15.997291666666667,78.769205,78.769205 15.998056666666667,78.76991833333334,78.76991833333334 15.998818333333334,78.77063333333332,78.77063333333332 15.999578333333334,78.77134666666669,78.77134666666669 16.000333333333334,78.77206333333334,78.77206333333334 16.001091666666664,78.77278,78.77278 16.001855,78.77349666666667,78.77349666666667 16.002625,78.77421333333334,78.77421333333334 16.003398333333333,78.77493166666666,78.77493166666666 16.004181666666668,78.77565,78.77565 16.00497333333333,78.77636833333332,78.77636833333332 16.00577333333333,78.77708666666666,78.77708666666666 16.006575,78.77780666666666,78.77780666666666 16.00737833333333,78.77852833333334,78.77852833333334 16.00818166666667,78.77925,78.77925 16.008981666666667,78.77997333333333,78.77997333333333 16.009786666666667,78.78069666666667,78.78069666666667 16.010595000000002,78.78142166666666,78.78142166666666 16.01140333333333,78.78214666666665,78.78214666666665 16.012206666666668,78.78287166666667,78.78287166666667 16.013013333333333,78.78359833333334,78.78359833333334 16.013825,78.78432333333335,78.78432333333335 16.01463,78.78505,78.78505 16.015428333333336,78.78577666666668,78.78577666666668 16.016228333333334,78.78650333333333,78.78650333333333 16.01703,78.78723,78.78723 16.017828333333334,78.78795666666667,78.78795666666667 16.018625000000004,78.78868333333332,78.78868333333332 16.01942666666667,78.78941,78.78941 16.020236666666662,78.79013499999999,78.79013499999999 16.021051666666665,78.79086000000001,78.79086000000001 16.021866666666668,78.79158333333332,78.79158333333332 16.022685000000003,78.79230833333334,78.79230833333334 16.023508333333336,78.79303333333333,78.79303333333333 16.02433166666667,78.79375833333333,78.79375833333333 16.025155,78.79448333333335,78.79448333333335 16.025975000000003,78.79520833333333,78.79520833333333 16.026796666666666,78.79593166666666,78.79593166666666 16.027615,78.796655,78.796655 16.028428333333334,78.79737833333333,78.79737833333333 16.02924,78.79810166666665,78.79810166666665 16.03005,78.79882500000001,78.79882500000001 16.030858333333335,78.79954666666666,78.79954666666666 16.031661666666665,78.80026833333332,78.80026833333332 16.032461666666663,78.80099,78.80099 16.033258333333333,78.80171,78.80171 16.034049999999997,78.80243,78.80243 16.034838333333333,78.80314833333333,78.80314833333333 16.035625,78.80386666666666,78.80386666666666 16.036406666666668,78.80458333333333,78.80458333333333 16.037186666666667,78.8053,78.8053 16.037965,78.806015,78.806015 16.038741666666667,78.80672833333334,78.80672833333334 16.039515,78.80744166666666,78.80744166666666 16.040286666666667,78.80815333333334,78.80815333333334 16.04105666666667,78.80886333333332,78.80886333333332 16.041825,78.80957166666667,78.80957166666667 16.04259333333333,78.81027999999999,78.81027999999999 16.043359999999996,78.81098666666666,78.81098666666666 16.044125,78.81169166666666,78.81169166666666 16.044886666666663,78.81239666666666,78.81239666666666 16.045643333333334,78.81310166666668,78.81310166666668 16.046400000000002,78.81380499999999,78.81380499999999 16.047151666666664,78.81450833333332,78.81450833333332 16.047898333333336,78.81521166666666,78.81521166666666 16.048640000000002,78.81591499999999,78.81591499999999 16.049383333333335,78.81661666666666,78.81661666666666 16.05012333333333,78.81731833333333,78.81731833333333 16.050853333333336,78.81802166666667,78.81802166666667 16.051576666666666,78.818725,78.818725 16.052296666666667,78.81942666666667,78.81942666666667 16.053011666666666,78.82013166666667,78.82013166666667 16.053720000000002,78.820835,78.820835 16.054425,78.82154,78.82154 16.055128333333336,78.82224666666666,78.82224666666666 16.055826666666665,78.82295166666665,78.82295166666665 16.056525,78.82365833333334,78.82365833333334 16.057228333333335,78.82436333333334,78.82436333333334 16.057935,78.82507,78.82507 16.058643333333332,78.82577500000002,78.82577500000002 16.05935,78.82648000000002,78.82648000000002 16.060055,78.82718333333335,78.82718333333335 16.06077,78.82788666666669,78.82788666666669 16.06148666666667,78.82858833333333,78.82858833333333 16.062203333333333,78.82928833333334,78.82928833333334 16.062921666666664,78.82998833333332,78.82998833333332 16.063640000000003,78.83068499999999,78.83068499999999 16.064356666666665,78.83138166666667,78.83138166666667 16.065066666666667,78.83207666666667,78.83207666666667 16.065773333333333,78.83277,78.83277 16.066480000000002,78.83346166666668,78.83346166666668 16.067185,78.83415166666666,78.83415166666666 16.067883333333334,78.83484166666668,78.83484166666668 16.06857833333334,78.83552999999999,78.83552999999999 16.069273333333335,78.83621666666666,78.83621666666666 16.06996666666667,78.83690333333334,78.83690333333334 16.070656666666665,78.83758833333331,78.83758833333331 16.07134333333333,78.83827333333335,78.83827333333335 16.072029999999998,78.83895666666668,78.83895666666668 16.07271666666667,78.83963833333333,78.83963833333333 16.0734,78.84032,78.84032 16.07408,78.841,78.841 16.074759999999998,78.84168166666667,78.84168166666667 16.07544,78.84236,78.84236 16.07612166666667,78.84304,78.84304 16.076805,78.84371833333333,78.84371833333333 16.077491666666667,78.84439499999999,78.84439499999999 16.078185,78.84507333333332,78.84507333333332 16.078881666666668,78.84575000000001,78.84575000000001 16.079583333333336,78.84642500000001,78.84642500000001 16.080289999999998,78.84710166666667,78.84710166666667 16.081006666666667,78.84777666666668,78.84777666666668 16.08172666666667,78.84845166666668,78.84845166666668 16.082451666666667,78.84912666666668,78.84912666666668 16.083178333333336,78.84979833333333,78.84979833333333 16.083908333333333,78.85047,78.85047 16.08464166666667,78.85114,78.85114 16.085373333333337,78.85180999999999,78.85180999999999 16.086105000000003,78.85247666666667,78.85247666666667 16.08683333333333,78.853145,78.853145 16.087563333333332,78.85381000000001,78.85381000000001 16.088293333333336,78.85447666666667,78.85447666666667 16.089018333333335,78.85514166666667,78.85514166666667 16.089738333333333,78.85580666666668,78.85580666666668 16.090456666666665,78.85647166666665,78.85647166666665 16.091171666666668,78.85713666666668,78.85713666666668 16.091884999999998,78.85780166666666,78.85780166666666 16.092595,78.85846666666666,78.85846666666666 16.093303333333335,78.85913000000001,78.85913000000001 16.09401333333333,78.859795,78.859795 16.09472333333333,78.86046,78.86046 16.095431666666663,78.86112666666668,78.86112666666668 16.09614,78.86179333333334,78.86179333333334 16.09684833333333,78.86246166666666,78.86246166666666 16.097556666666662,78.86313,78.86313 16.098266666666664,78.86380166666667,78.86380166666667 16.098978333333335,78.86447333333335,78.86447333333335 16.099694999999997,78.86514666666666,78.86514666666666 16.10041333333333,78.86582,78.86582 16.101133333333337,78.86649333333334,78.86649333333334 16.101854999999997,78.86716833333334,78.86716833333334 16.102580000000003,78.86784333333334,78.86784333333334 16.103308333333334,78.86851833333334,78.86851833333334 16.104043333333337,78.86919333333334,78.86919333333334 16.104781666666664,78.86986666666665,78.86986666666665 16.105531666666668,78.87054166666665,78.87054166666665 16.106286666666666,78.87121666666665,78.87121666666665 16.107048333333335,78.87189,78.87189 16.107813333333333,78.87256333333333,78.87256333333333 16.10858,78.87323833333333,78.87323833333333 16.10935166666667,78.87391166666666,78.87391166666666 16.110125000000004,78.87458666666666,78.87458666666666 16.110893333333333,78.87526333333334,78.87526333333334 16.11166,78.87594,78.87594 16.112426666666668,78.87661833333333,78.87661833333333 16.113193333333335,78.87729666666668,78.87729666666668 16.113958333333333,78.87797666666667,78.87797666666667 16.114725,78.87865833333335,78.87865833333335 16.115496666666665,78.87934,78.87934 16.116268333333334,78.88002166666666,78.88002166666666 16.117043333333335,78.880705,78.880705 16.117819999999995,78.88138833333335,78.88138833333335 16.118599999999997,78.88207333333334,78.88207333333334 16.11938166666667,78.88275833333334,78.88275833333334 16.120165000000004,78.88344333333332,78.88344333333332 16.120948333333335,78.88413,78.88413 16.12173166666667,78.88481666666667,78.88481666666667 16.122513333333334,78.88550333333333,78.88550333333333 16.123293333333336,78.88619166666668,78.88619166666668 16.124069999999996,78.88688166666667,78.88688166666667 16.124846666666667,78.88757166666664,78.88757166666664 16.125623333333333,78.88826333333333,78.88826333333333 16.12639666666667,78.88895666666669,78.88895666666669 16.127171666666666,78.88964999999999,78.88964999999999 16.127948333333332,78.890345,78.890345 16.12873,78.89104166666665,78.89104166666665 16.129514999999998,78.89173833333334,78.89173833333334 16.130308333333335,78.89243666666665,78.89243666666665 16.131106666666668,78.893135,78.893135 16.131915000000003,78.89383500000001,78.89383500000001 16.132728333333336,78.89453666666667,78.89453666666667 16.133543333333332,78.89523833333334,78.89523833333334 16.13435666666667,78.89594166666667,78.89594166666667 16.135170000000002,78.896645,78.896645 16.135981666666662,78.89735,78.89735 16.136789999999998,78.89805500000001,78.89805500000001 16.137590000000003,78.89876166666666,78.89876166666666 16.138386666666666,78.89946666666667,78.89946666666667 16.139178333333334,78.90017166666667,78.90017166666667 16.139966666666666,78.90087666666666,78.90087666666666 16.140753333333336,78.90158166666666,78.90158166666666 16.141536666666664,78.90228666666665,78.90228666666665 16.142318333333336,78.90299166666668,78.90299166666668 16.14309833333333,78.90369666666668,78.90369666666668 16.143873333333335,78.90440333333333,78.90440333333333 16.144646666666663,78.90510833333333,78.90510833333333 16.145415,78.90581499999999,78.90581499999999 16.146179999999998,78.90652166666668,78.90652166666668 16.146939999999997,78.90722833333334,78.90722833333334 16.147695,78.90793666666667,78.90793666666667 16.14844666666667,78.90864499999999,78.90864499999999 16.14919666666667,78.909355,78.909355 16.149941666666667,78.91006333333333,78.91006333333333 16.150681666666667,78.91077333333334,78.91077333333334 16.151419999999998,78.91148333333334,78.91148333333334 16.152155,78.91219333333332,78.91219333333332 16.152886666666667,78.91290333333333,78.91290333333333 16.153611666666666,78.91361333333332,78.91361333333332 16.154328333333336,78.91432166666667,78.91432166666667 16.15504,78.91503166666666,78.91503166666666 16.15574666666667,78.91574166666665,78.91574166666665 16.15645,78.91645,78.91645 16.15715166666667,78.91715833333332,78.91715833333332 16.157851666666666,78.91786666666667,78.91786666666667 16.158548333333332,78.91857499999999,78.91857499999999 16.159243333333333,78.91928333333333,78.91928333333333 16.159934999999997,78.91999000000001,78.91999000000001 16.160626666666666,78.92069833333333,78.92069833333333 16.161315000000002,78.92140666666666,78.92140666666666 16.16200333333333,78.922115,78.922115 16.162691666666667,78.92282333333333,78.92282333333333 16.16337833333333,78.92353,78.92353 16.164063333333335,78.92423833333335,78.92423833333335 16.164748333333335,78.92494499999998,78.92494499999998 16.165429999999997,78.92565166666667,78.92565166666667 16.166111666666666,78.92635666666666,78.92635666666666 16.16678833333333,78.92706166666666,78.92706166666666 16.167468333333332,78.927765,78.927765 16.168145,78.92846833333333,78.92846833333333 16.168818333333334,78.92917,78.92917 16.169486666666668,78.92987000000001,78.92987000000001 16.17015166666667,78.93056999999999,78.93056999999999 16.170813333333335,78.93127,78.93127 16.171471666666665,78.93197,78.93197 16.17213166666667,78.93267,78.93267 16.172793333333335,78.93336833333332,78.93336833333332 16.173463333333334,78.93406833333333,78.93406833333333 16.174145,78.93476666666668,78.93476666666668 16.174838333333334,78.935465,78.935465 16.175545,78.93616333333333,78.93616333333333 16.17626166666667,78.93686333333333,78.93686333333333 16.176991666666666,78.93756166666668,78.93756166666668 16.177733333333332,78.93826166666666,78.93826166666666 16.178486666666668,78.93896000000001,78.93896000000001 16.179243333333332,78.93966166666668,78.93966166666668 16.179998333333334,78.94036333333332,78.94036333333332 16.180756666666664,78.94106833333332,78.94106833333332 16.18151666666667,78.94177333333334,78.94177333333334 16.182275,78.94248,78.94248 16.183025,78.94318833333332,78.94318833333332 16.183773333333335,78.9439,78.9439 16.18452,78.94461333333332,78.94461333333332 16.18526333333333,78.94532833333332,78.94532833333332 16.186001666666666,78.946045,78.946045 16.186736666666665,78.94676333333335,78.94676333333335 16.18747333333333,78.94748,78.94748 16.188214999999996,78.948195,78.948195 16.188964999999996,78.94890833333334,78.94890833333334 16.189723333333333,78.94962,78.94962 16.190488333333334,78.95033000000001,78.95033000000001 16.191266666666667,78.95103666666667,78.95103666666667 16.19206333333333,78.95174333333333,78.95174333333333 16.192876666666663,78.952445,78.952445 16.193708333333333,78.953145,78.953145 16.19456,78.95384333333332,78.95384333333332 16.19542666666667,78.95453833333333,78.95453833333333 16.19629833333333,78.95523333333335,78.95523333333335 16.197178333333337,78.955925,78.955925 16.19806833333333,78.95661666666668,78.95661666666668 16.198973333333335,78.95730499999999,78.95730499999999 16.199883333333332,78.95799333333332,78.95799333333332 16.20079833333333,78.95868166666666,78.95868166666666 16.201718333333336,78.95936833333333,78.95936833333333 16.202641666666665,78.960055,78.960055 16.203566666666664,78.96074166666668,78.96074166666668 16.20448833333333,78.96142833333334,78.96142833333334 16.205411666666667,78.96211333333333,78.96211333333333 16.20633833333333,78.96279666666665,78.96279666666665 16.207263333333334,78.96347833333333,78.96347833333333 16.208185,78.96416,78.96416 16.20910333333333,78.96484000000001,78.96484000000001 16.21002,78.96552,78.96552 16.210935,78.96619833333332,78.96619833333332 16.211845000000004,78.96687666666668,78.96687666666668 16.212750000000003,78.967555,78.967555 16.213651666666667,78.96823333333333,78.96823333333333 16.214556666666663,78.96891,78.96891 16.215465000000002,78.969585,78.969585 16.21638,78.97026,78.97026 16.217298333333336,78.970935,78.970935 16.218223333333334,78.97160666666667,78.97160666666667 16.219153333333335,78.97228000000001,78.97228000000001 16.220081666666665,78.97295166666666,78.97295166666666 16.22100166666667,78.973625,78.973625 16.221915,78.9743,78.9743 16.22282166666667,78.97497833333333,78.97497833333333 16.223725,78.97565833333334,78.97565833333334 16.22462,78.97634166666666,78.97634166666666 16.225508333333337,78.97702666666667,78.97702666666667 16.226388333333336,78.97771333333334,78.97771333333334 16.227266666666665,78.97840333333333,78.97840333333333 16.228143333333335,78.97909333333334,78.97909333333334 16.229015000000004,78.97978666666667,78.97978666666667 16.229879999999998,78.98048000000001,78.98048000000001 16.23074,78.98117500000001,78.98117500000001 16.231595000000002,78.98187,78.98187 16.232443333333332,78.98256666666667,78.98256666666667 16.23327833333333,78.98326333333333,78.98326333333333 16.234105,78.98395999999998,78.98395999999998 16.23492,78.98465666666667,78.98465666666667 16.235719999999997,78.98535333333334,78.98535333333334 16.23650833333333,78.98604999999999,78.98604999999999 16.237288333333332,78.98674666666668,78.98674666666668 16.238061666666667,78.98744166666667,78.98744166666667 16.238826666666665,78.98813666666668,78.98813666666668 16.239581666666666,78.98883333333333,78.98883333333333 16.240325,78.98952833333333,78.98952833333333 16.241058333333335,78.99022333333333,78.99022333333333 16.241781666666665,78.99092000000002,78.99092000000002 16.24249,78.99161666666667,78.99161666666667 16.243183333333334,78.99231666666665,78.99231666666665 16.243865000000003,78.993015,78.993015 16.244533333333337,78.99371666666666,78.99371666666666 16.245191666666667,78.99442,78.99442 16.24584166666667,78.99512333333334,78.99512333333334 16.246481666666664,78.99582833333334,78.99582833333334 16.247116666666667,78.99653333333333,78.99653333333333 16.247745000000002,78.99724166666665,78.99724166666665 16.248369999999998,78.99795,78.99795 16.248991666666665,78.99866000000002,78.99866000000002 16.24961,78.99937166666668,78.99937166666668 16.250226666666666,79.00008333333334,79.00008333333334 16.250848333333334,79.00079666666667,79.00079666666667 16.251479999999997,79.00151,79.00151 16.252125000000003,79.002225,79.002225 16.25278666666667,79.00293833333333,79.00293833333333 16.253466666666668,79.00365333333332,79.00365333333332 16.25416,79.00436833333335,79.00436833333335 16.254861666666663,79.005085,79.005085 16.255573333333334,79.00580166666668,79.00580166666668 16.256295,79.00651833333333,79.00651833333333 16.257023333333333,79.00723666666666,79.00723666666666 16.257758333333335,79.007955,79.007955 16.258495000000003,79.00867333333335,79.00867333333335 16.259236666666666,79.00939333333335,79.00939333333335 16.259980000000002,79.01011333333334,79.01011333333334 16.260721666666665,79.01083333333334,79.01083333333334 16.261466666666667,79.01155333333332,79.01155333333332 16.26222,79.01227333333333,79.01227333333333 16.26298,79.01299166666666,79.01299166666666 16.263745,79.01371000000002,79.01371000000002 16.264518333333335,79.01442833333333,79.01442833333333 16.2653,79.01514333333333,79.01514333333333 16.266091666666668,79.01585833333334,79.01585833333334 16.266894999999998,79.01657166666668,79.01657166666668 16.267706666666665,79.01728333333335,79.01728333333335 16.268526666666666,79.01799333333334,79.01799333333334 16.26935833333333,79.01870333333333,79.01870333333333 16.270203333333335,79.01941166666666,79.01941166666666 16.271063333333334,79.02011833333331,79.02011833333331 16.271935,79.020825,79.020825 16.272820000000003,79.02153,79.02153 16.273713333333337,79.022235,79.022235 16.27461333333333,79.02293999999999,79.02293999999999 16.275511666666663,79.02364333333333,79.02364333333333 16.27641,79.02434833333335,79.02434833333335 16.277305,79.02505333333335,79.02505333333335 16.278193333333334,79.02575833333334,79.02575833333334 16.279075000000002,79.026465,79.026465 16.27995333333333,79.02717,79.02717 16.280829999999998,79.02787666666667,79.02787666666667 16.28170333333333,79.02858166666667,79.02858166666667 16.28257166666667,79.02928833333333,79.02928833333333 16.28344,79.02999333333332,79.02999333333332 16.284311666666667,79.03069833333335,79.03069833333335 16.285185,79.03140333333334,79.03140333333334 16.28606,79.03210833333331,79.03210833333331 16.286939999999998,79.03281333333334,79.03281333333334 16.287821666666666,79.03351666666667,79.03351666666667 16.288700000000002,79.03422166666667,79.03422166666667 16.28957,79.03492833333333,79.03492833333333 16.290434999999995,79.03563333333332,79.03563333333332 16.291298333333334,79.03634000000001,79.03634000000001 16.292155,79.03704833333333,79.03704833333333 16.292993333333335,79.03775666666667,79.03775666666667 16.293818333333338,79.03846666666665,79.03846666666665 16.294636666666666,79.03917833333333,79.03917833333333 16.295448333333333,79.03989,79.03989 16.296245,79.04060333333332,79.04060333333332 16.297030000000003,79.04131666666666,79.04131666666666 16.297811666666668,79.04203166666666,79.04203166666666 16.29859166666667,79.04274833333334,79.04274833333334 16.299366666666668,79.04346333333334,79.04346333333334 16.300136666666663,79.04418000000001,79.04418000000001 16.30090666666667,79.04489666666667,79.04489666666667 16.301681666666667,79.04561333333332,79.04561333333332 16.30246,79.04632833333335,79.04632833333335 16.303238333333333,79.047045,79.047045 16.30401833333333,79.04776,79.04776 16.304803333333332,79.048475,79.048475 16.305591666666665,79.04919000000001,79.04919000000001 16.306380000000004,79.04990333333335,79.04990333333335 16.30717,79.05061666666667,79.05061666666667 16.307959999999998,79.05133000000001,79.05133000000001 16.30875166666667,79.05204166666668,79.05204166666668 16.309541666666668,79.05275333333334,79.05275333333334 16.310333333333332,79.05346500000002,79.05346500000002 16.311125,79.054175,79.054175 16.311916666666665,79.05488333333332,79.05488333333332 16.312705000000005,79.05559000000001,79.05559000000001 16.313493333333337,79.05629666666667,79.05629666666667 16.31428,79.05700166666666,79.05700166666666 16.315060000000003,79.057705,79.057705 16.315835,79.05840666666667,79.05840666666667 16.316601666666667,79.05910833333334,79.05910833333334 16.317359999999997,79.05980833333332,79.05980833333332 16.31811,79.06050666666667,79.06050666666667 16.31885,79.06120499999999,79.06120499999999 16.31958333333333,79.06190333333333,79.06190333333333 16.320306666666667,79.06260166666667,79.06260166666667 16.32101833333333,79.06329833333332,79.06329833333332 16.321723333333335,79.063995,79.063995 16.322423333333333,79.06469166666666,79.06469166666666 16.32312,79.06538666666667,79.06538666666667 16.323815000000003,79.06608333333332,79.06608333333332 16.324506666666665,79.06678000000001,79.06678000000001 16.325196666666667,79.067475,79.067475 16.325886666666666,79.06817166666667,79.06817166666667 16.326580000000003,79.06886999999999,79.06886999999999 16.327278333333332,79.06956666666667,79.06956666666667 16.327978333333334,79.07026499999999,79.07026499999999 16.32868,79.07096333333334,79.07096333333334 16.32938666666667,79.07166166666667,79.07166166666667 16.330096666666666,79.07236166666668,79.07236166666668 16.330811666666666,79.07306166666666,79.07306166666666 16.331530000000004,79.07376166666667,79.07376166666667 16.33225333333333,79.07446166666668,79.07446166666668 16.332981666666665,79.07516166666666,79.07516166666666 16.333716666666664,79.07586333333333,79.07586333333333 16.334456666666664,79.07656333333333,79.07656333333333 16.335201666666666,79.07726333333333,79.07726333333333 16.33595,79.07796333333334,79.07796333333334 16.336708333333338,79.07866333333332,79.07866333333332 16.337478333333337,79.07936166666667,79.07936166666667 16.338258333333332,79.08005999999999,79.08005999999999 16.33905,79.08075833333334,79.08075833333334 16.33985666666667,79.081455,79.081455 16.34068666666667,79.08215166666666,79.08215166666666 16.341536666666666,79.08284833333335,79.08284833333335 16.342409999999997,79.08354666666666,79.08354666666666 16.34330333333333,79.084245,79.084245 16.344221666666666,79.084945,79.084945 16.345164999999998,79.08564500000001,79.08564500000001 16.346128333333333,79.08634666666666,79.08634666666666 16.347105,79.08704999999999,79.08704999999999 16.34809,79.08775500000002,79.08775500000002 16.349079999999997,79.08846000000001,79.08846000000001 16.350070000000002,79.08916500000001,79.08916500000001 16.351053333333333,79.08987333333333,79.08987333333333 16.35202333333333,79.09058166666667,79.09058166666667 16.352974999999997,79.09129166666668,79.09129166666668 16.35391333333333,79.09200333333332,79.09200333333332 16.35483833333333,79.09271666666667,79.09271666666667 16.355756666666665,79.09343000000001,79.09343000000001 16.356663333333334,79.09414500000001,79.09414500000001 16.35756,79.09486,79.09486 16.35845,79.09557333333333,79.09557333333333 16.35933166666667,79.09628666666667,79.09628666666667 16.36020333333333,79.097,79.097 16.361063333333334,79.09771333333333,79.09771333333333 16.361911666666668,79.098425,79.098425 16.362751666666668,79.09913833333333,79.09913833333333 16.36358,79.09985,79.09985 16.3644,79.10056166666668,79.10056166666668 16.365216666666665,79.101275,79.101275 16.366030000000002,79.10198666666668,79.10198666666668 16.36683166666667,79.10270166666668,79.10270166666668 16.36762333333333,79.10341666666666,79.10341666666666 16.368404999999996,79.10413166666666,79.10413166666666 16.36918166666667,79.10485,79.10485 16.36994833333333,79.10556833333332,79.10556833333332 16.37071,79.10628833333332,79.10628833333332 16.37146,79.10700833333334,79.10700833333334 16.372198333333333,79.10773,79.10773 16.37293,79.10845333333333,79.10845333333333 16.373651666666667,79.10917500000001,79.10917500000001 16.37436333333333,79.10989666666667,79.10989666666667 16.375071666666667,79.11062,79.11062 16.375776666666663,79.11134166666668,79.11134166666668 16.376476666666665,79.11206333333334,79.11206333333334 16.37717333333333,79.112785,79.112785 16.377873333333334,79.11350666666668,79.11350666666668 16.37857833333333,79.11422666666668,79.11422666666668 16.379285000000003,79.114945,79.114945 16.379996666666667,79.115665,79.115665 16.380720000000004,79.11638166666667,79.11638166666667 16.381455,79.11709833333332,79.11709833333332 16.3822,79.11781333333334,79.11781333333334 16.382958333333335,79.11852666666667,79.11852666666667 16.38373,79.11923833333334,79.11923833333334 16.384513333333334,79.11994833333333,79.11994833333333 16.385308333333334,79.12065833333334,79.12065833333334 16.386115,79.12136666666667,79.12136666666667 16.386938333333333,79.12207333333333,79.12207333333333 16.387776666666664,79.12277999999999,79.12277999999999 16.38862333333333,79.12348666666668,79.12348666666668 16.389469999999996,79.12419333333334,79.12419333333334 16.39031666666667,79.1249,79.1249 16.39117,79.12560666666666,79.12560666666666 16.392016666666663,79.12631333333334,79.12631333333334 16.392849999999996,79.12702166666666,79.12702166666666 16.393671666666666,79.12773166666666,79.12773166666666 16.394483333333334,79.12844166666667,79.12844166666667 16.395281666666662,79.12915500000001,79.12915500000001 16.39606,79.12986833333333,79.12986833333333 16.396814999999997,79.13058333333333,79.13058333333333 16.397550000000003,79.1313,79.1313 16.398263333333333,79.13202,79.13202 16.398946666666664,79.13274166666666,79.13274166666666 16.399598333333333,79.133465,79.133465 16.400225,79.13419000000002,79.13419000000002 16.40083,79.13491666666667,79.13491666666667 16.401415,79.13564500000001,79.13564500000001 16.401980000000002,79.13637499999999,79.13637499999999 16.40253166666667,79.13710666666665,79.13710666666665 16.403076666666664,79.13783833333332,79.13783833333332 16.403616666666668,79.13856833333332,79.13856833333332 16.404160000000005,79.13929999999999,79.13929999999999 16.404713333333333,79.14003166666666,79.14003166666666 16.40528166666667,79.14076166666666,79.14076166666666 16.40585833333333,79.14149166666667,79.14149166666667 16.406446666666664,79.14222,79.14222 16.40705,79.14294833333334,79.14294833333334 16.407668333333334,79.14367666666668,79.14367666666668 16.408303333333333,79.14440333333333,79.14440333333333 16.408951666666663,79.14513000000001,79.14513000000001 16.409619999999997,79.14585666666666,79.14585666666666 16.410308333333333,79.14658166666666,79.14658166666666 16.41101666666667,79.14730500000002,79.14730500000002 16.411741666666668,79.14803,79.14803 16.41248666666667,79.14875333333333,79.14875333333333 16.413255,79.14947500000001,79.14947500000001 16.414044999999998,79.15019666666667,79.15019666666667 16.414858333333335,79.15091666666667,79.15091666666667 16.415693333333333,79.15163666666666,79.15163666666666 16.41654833333333,79.15235666666666,79.15235666666666 16.417423333333335,79.15307500000002,79.15307500000002 16.418318333333332,79.15379333333333,79.15379333333333 16.41923166666667,79.15451333333334,79.15451333333334 16.420166666666663,79.15523166666668,79.15523166666668 16.42112333333333,79.15595,79.15595 16.422098333333334,79.15667,79.15667 16.423095,79.15738833333333,79.15738833333333 16.424115,79.15810499999998,79.15810499999998 16.425156666666666,79.15882333333334,79.15882333333334 16.426216666666665,79.15954,79.15954 16.42729333333333,79.160255,79.160255 16.42839,79.16096999999999,79.16096999999999 16.42950666666667,79.16168333333333,79.16168333333333 16.43063,79.16239666666667,79.16239666666667 16.431753333333333,79.16310833333333,79.16310833333333 16.43287666666667,79.16382166666666,79.16382166666666 16.433996666666665,79.16453333333334,79.16453333333334 16.435106666666663,79.16524666666666,79.16524666666666 16.43620333333333,79.16596,79.16596 16.437288333333335,79.16667666666667,79.16667666666667 16.43836333333333,79.16739333333334,79.16739333333334 16.43942666666667,79.16811,79.16811 16.440473333333333,79.16883,79.16883 16.441506666666662,79.16955166666666,79.16955166666666 16.442535,79.17027333333334,79.17027333333334 16.443559999999998,79.17099666666667,79.17099666666667 16.44458333333333,79.17172,79.17172 16.4456,79.172445,79.172445 16.44661666666667,79.17317000000001,79.17317000000001 16.447631666666666,79.173895,79.173895 16.448643333333337,79.17462166666665,79.17462166666665 16.44965333333333,79.17534666666667,79.17534666666667 16.450663333333335,79.17607333333333,79.17607333333333 16.451679999999996,79.17679666666666,79.17679666666666 16.45268166666667,79.17752333333334,79.17752333333334 16.453675,79.17824999999999,79.17824999999999 16.454668333333334,79.17897666666666,79.17897666666666 16.455658333333336,79.17970333333334,79.17970333333334 16.456644999999998,79.18042833333335,79.18042833333335 16.457628333333336,79.18115333333334,79.18115333333334 16.458611666666666,79.18187666666667,79.18187666666667 16.45959333333333,79.18260000000001,79.18260000000001 16.460571666666667,79.18332000000001,79.18332000000001 16.46155166666667,79.18403833333333,79.18403833333333 16.462535,79.18475499999998,79.18475499999998 16.463516666666663,79.18547000000001,79.18547000000001 16.464495000000003,79.18618333333333,79.18618333333333 16.465461666666666,79.186895,79.186895 16.466416666666667,79.18760833333334,79.18760833333334 16.467358333333337,79.18832,79.18832 16.468286666666664,79.18902999999999,79.18902999999999 16.4692,79.18974166666666,79.18974166666666 16.470096666666667,79.19045166666668,79.19045166666668 16.47098,79.19116166666666,79.19116166666666 16.47185,79.19187166666666,79.19187166666666 16.472708333333333,79.19258,79.19258 16.473556666666664,79.19328833333333,79.19328833333333 16.474395,79.19399666666668,79.19399666666668 16.47522833333333,79.19470500000001,79.19470500000001 16.47605666666667,79.19541166666666,79.19541166666666 16.47688166666667,79.19611833333333,79.19611833333333 16.477703333333334,79.19682666666665,79.19682666666665 16.478521666666662,79.19753333333334,79.19753333333334 16.479339999999997,79.19824,79.19824 16.48015333333333,79.19894666666669,79.19894666666669 16.480958333333337,79.19965333333334,79.19965333333334 16.481761666666667,79.20036166666667,79.20036166666667 16.482558333333333,79.20106833333332,79.20106833333332 16.483348333333335,79.20177666666666,79.20177666666666 16.484136666666668,79.20248499999998,79.20248499999998 16.48492333333333,79.20319333333333,79.20319333333333 16.485701666666667,79.20390333333334,79.20390333333334 16.486466666666672,79.20461333333333,79.20461333333333 16.487219999999997,79.20532499999999,79.20532499999999 16.48796666666667,79.20603833333332,79.20603833333332 16.48870833333333,79.20675333333334,79.20675333333334 16.489438333333332,79.20746833333334,79.20746833333334 16.49015833333333,79.208185,79.208185 16.49087,79.20890166666665,79.20890166666665 16.491571666666665,79.20962,79.20962 16.492261666666664,79.21034,79.21034 16.492935,79.21106,79.21106 16.493595000000003,79.21177999999999,79.21177999999999 16.49424833333333,79.21250166666665,79.21250166666665 16.494895,79.213225,79.213225 16.49553333333333,79.21394833333335,79.21394833333335 16.496166666666664,79.21467333333334,79.21467333333334 16.496798333333334,79.21539999999999,79.21539999999999 16.497428333333332,79.21612666666667,79.21612666666667 16.498056666666667,79.216855,79.216855 16.498683333333336,79.21758333333334,79.21758333333334 16.499311666666664,79.21831333333334,79.21831333333334 16.49994,79.21904333333335,79.21904333333335 16.50056666666667,79.21977333333332,79.21977333333332 16.501193333333337,79.22050333333333,79.22050333333333 16.501821666666668,79.22123333333333,79.22123333333333 16.502453333333335,79.22196000000001,79.22196000000001 16.503085,79.22268833333332,79.22268833333332 16.503716666666662,79.22341333333334,79.22341333333334 16.504348333333333,79.22413833333334,79.22413833333334 16.504978333333337,79.22486166666667,79.22486166666667 16.505603333333333,79.225585,79.225585 16.506225,79.22630666666667,79.22630666666667 16.506850000000004,79.22702666666667,79.22702666666667 16.50747833333333,79.22774666666666,79.22774666666666 16.508111666666665,79.228465,79.228465 16.508750000000003,79.22918333333334,79.22918333333334 16.509398333333333,79.22989833333334,79.22989833333334 16.510054999999998,79.230615,79.230615 16.510716666666664,79.23132833333335,79.23132833333335 16.511378333333337,79.23204333333332,79.23204333333332 16.512041666666672,79.23275666666667,79.23275666666667 16.512705,79.23347000000001,79.23347000000001 16.513366666666666,79.23418166666669,79.23418166666669 16.514025,79.23489500000001,79.23489500000001 16.51468,79.23560666666668,79.23560666666668 16.515333333333334,79.23631999999999,79.23631999999999 16.515990000000002,79.23703166666667,79.23703166666667 16.51665,79.23774333333333,79.23774333333333 16.517315,79.238455,79.238455 16.51799,79.23916500000001,79.23916500000001 16.518675,79.239875,79.239875 16.51937,79.240585,79.240585 16.520076666666665,79.24129333333335,79.24129333333335 16.52079666666667,79.242,79.242 16.52153333333333,79.24270666666666,79.24270666666666 16.52228666666667,79.24341333333335,79.24341333333335 16.523058333333328,79.24411666666666,79.24411666666666 16.523848333333337,79.24481999999999,79.24481999999999 16.524656666666665,79.24552166666666,79.24552166666666 16.525481666666668,79.24622166666667,79.24622166666667 16.526323333333334,79.24692166666668,79.24692166666668 16.527179999999998,79.24762,79.24762 16.528051666666666,79.24831666666667,79.24831666666667 16.528933333333335,79.24901333333335,79.24901333333335 16.529828333333338,79.24970833333334,79.24970833333334 16.53073333333333,79.25040166666666,79.25040166666666 16.53165,79.25109333333333,79.25109333333333 16.532571666666666,79.251785,79.251785 16.53349833333333,79.25247500000002,79.25247500000002 16.534430000000004,79.25316333333333,79.25316333333333 16.53536666666667,79.25385166666666,79.25385166666666 16.536303333333333,79.25453833333333,79.25453833333333 16.537238333333335,79.25522500000001,79.25522500000001 16.538171666666667,79.25591166666668,79.25591166666668 16.539101666666664,79.25659833333333,79.25659833333333 16.54002333333333,79.257285,79.257285 16.54093333333333,79.25797333333334,79.25797333333334 16.541833333333333,79.25866166666667,79.25866166666667 16.542726666666667,79.25935,79.25935 16.54361,79.26003833333331,79.26003833333331 16.544485,79.26072833333333,79.26072833333333 16.545351666666665,79.26141833333334,79.26141833333334 16.546216666666666,79.26210833333333,79.26210833333333 16.547078333333328,79.26279833333334,79.26279833333334 16.54793666666666,79.26349,79.26349 16.548795000000002,79.26418,79.26418 16.549653333333335,79.26487166666666,79.26487166666666 16.55051333333333,79.26556333333332,79.26556333333332 16.551373333333334,79.26625666666668,79.26625666666668 16.552236666666666,79.26694833333333,79.26694833333333 16.553099999999997,79.26764166666666,79.26764166666666 16.553964999999998,79.26833333333333,79.26833333333333 16.55483166666667,79.26902666666668,79.26902666666668 16.555701666666668,79.26972,79.26972 16.55657,79.27041166666666,79.27041166666666 16.55744166666667,79.27110333333333,79.27110333333333 16.558315,79.271795,79.271795 16.55919,79.27248833333334,79.27248833333334 16.560068333333337,79.27318000000001,79.27318000000001 16.560948333333336,79.27387166666668,79.27387166666668 16.561833333333333,79.27456333333333,79.27456333333333 16.562723333333334,79.27525666666666,79.27525666666666 16.56362,79.27594833333332,79.27594833333332 16.564521666666664,79.27664166666668,79.27664166666668 16.565431666666665,79.277335,79.277335 16.56635166666667,79.27802833333332,79.27802833333332 16.567280000000004,79.27871999999999,79.27871999999999 16.568215000000006,79.27941333333334,79.27941333333334 16.569156666666668,79.28010666666667,79.28010666666667 16.570106666666668,79.2808,79.2808 16.571061666666665,79.28149333333334,79.28149333333334 16.572023333333334,79.28218666666668,79.28218666666668 16.572988333333335,79.28287999999999,79.28287999999999 16.57395666666667,79.28357333333332,79.28357333333332 16.574928333333336,79.28426666666665,79.28426666666665 16.575903333333336,79.28496,79.28496 16.576876666666664,79.28565166666667,79.28565166666667 16.577851666666664,79.28634333333333,79.28634333333333 16.578825,79.28703499999999,79.28703499999999 16.579798333333333,79.28772666666666,79.28772666666666 16.580769999999998,79.28841833333334,79.28841833333334 16.58173833333333,79.28911000000001,79.28911000000001 16.582706666666663,79.28980166666666,79.28980166666666 16.583668333333332,79.29049333333333,79.29049333333333 16.584619999999997,79.291185,79.291185 16.58556666666667,79.29187666666668,79.29187666666668 16.58651,79.29256833333335,79.29256833333335 16.587445000000002,79.29326,79.29326 16.588368333333335,79.29395333333333,79.29395333333333 16.589284999999997,79.29464666666667,79.29464666666667 16.590195000000005,79.29533833333335,79.29533833333335 16.591099999999997,79.29602999999999,79.29602999999999 16.592,79.29672333333333,79.29672333333333 16.592893333333333,79.29741333333334,79.29741333333334 16.593785,79.298105,79.298105 16.594674999999995,79.298795,79.298795 16.595565,79.299485,79.299485 16.596451666666667,79.300175,79.300175 16.597335,79.30086333333334,79.30086333333334 16.598211666666668,79.30155,79.30155 16.599085,79.30223833333334,79.30223833333334 16.599956666666667,79.30292333333333,79.30292333333333 16.600820000000002,79.30360999999999,79.30360999999999 16.601676666666666,79.304295,79.304295 16.602523333333334,79.30497833333332,79.30497833333332 16.603361666666668,79.30566166666667,79.30566166666667 16.60419166666667,79.30634500000001,79.30634500000001 16.605014999999998,79.30702666666666,79.30702666666666 16.60582666666667,79.30770833333332,79.30770833333332 16.60663166666667,79.30838833333334,79.30838833333334 16.60742666666667,79.30907000000002,79.30907000000002 16.608208333333334,79.30975000000001,79.30975000000001 16.608976666666667,79.31043,79.31043 16.609728333333333,79.31111166666666,79.31111166666666 16.610464999999998,79.31179166666668,79.31179166666668 16.61117833333333,79.31247333333333,79.31247333333333 16.611869999999996,79.31315666666667,79.31315666666667 16.612543333333335,79.31384,79.31384 16.613194999999997,79.31452333333334,79.31452333333334 16.61382833333333,79.31520833333335,79.31520833333335 16.614448333333335,79.31589333333334,79.31589333333334 16.615058333333334,79.31657833333334,79.31657833333334 16.615661666666664,79.31726333333334,79.31726333333334 16.616253333333336,79.31795,79.31795 16.616838333333334,79.31863666666666,79.31863666666666 16.617418333333333,79.31932333333333,79.31932333333333 16.61799333333333,79.32001166666667,79.32001166666667 16.618566666666666,79.32069833333334,79.32069833333334 16.619143333333334,79.32138499999999,79.32138499999999 16.61972833333333,79.32207333333335,79.32207333333335 16.620318333333334,79.32275833333333,79.32275833333333 16.620918333333336,79.32344499999998,79.32344499999998 16.621528333333334,79.32413166666667,79.32413166666667 16.622151666666664,79.32481666666666,79.32481666666666 16.622788333333332,79.32550166666667,79.32550166666667 16.623434999999997,79.32618666666667,79.32618666666667 16.62409333333333,79.32687333333332,79.32687333333332 16.624763333333334,79.32755833333333,79.32755833333333 16.625443333333333,79.32824333333333,79.32824333333333 16.62613,79.32893000000001,79.32893000000001 16.626823333333338,79.32961666666668,79.32961666666668 16.627524999999995,79.330305,79.330305 16.628234999999997,79.33099333333332,79.33099333333332 16.628948333333337,79.33168166666665,79.33168166666665 16.62966333333333,79.33237166666666,79.33237166666666 16.63038,79.33305999999999,79.33305999999999 16.6311,79.33375166666666,79.33375166666666 16.631821666666667,79.33444166666666,79.33444166666666 16.632543333333338,79.33513166666665,79.33513166666665 16.633264999999998,79.33582333333332,79.33582333333332 16.63398833333333,79.336515,79.336515 16.63471333333333,79.33720666666667,79.33720666666667 16.635441666666665,79.33789833333334,79.33789833333334 16.63617166666667,79.33859166666666,79.33859166666666 16.636905,79.33928499999999,79.33928499999999 16.637645000000003,79.33997833333333,79.33997833333333 16.638396666666665,79.34067166666667,79.34067166666667 16.63916,79.341365,79.341365 16.63993333333333,79.34205833333334,79.34205833333334 16.640718333333332,79.34275166666667,79.34275166666667 16.641516666666668,79.343445,79.343445 16.642329999999998,79.34413833333332,79.34413833333332 16.643159999999998,79.34483166666668,79.34483166666668 16.644008333333332,79.34552333333333,79.34552333333333 16.644873333333333,79.34621666666666,79.34621666666666 16.645755,79.34690833333333,79.34690833333333 16.646654999999996,79.34759999999999,79.34759999999999 16.647573333333334,79.34828999999999,79.34828999999999 16.648504999999997,79.34898000000001,79.34898000000001 16.649450000000005,79.34966833333333,79.34966833333333 16.650408333333335,79.35035666666666,79.35035666666666 16.651381666666666,79.35104333333334,79.35104333333334 16.652371666666667,79.35173,79.35173 16.65337333333333,79.35241500000001,79.35241500000001 16.65438666666667,79.35309833333334,79.35309833333334 16.65541666666667,79.35378000000001,79.35378000000001 16.656458333333337,79.35446166666667,79.35446166666667 16.657506666666663,79.35514166666668,79.35514166666668 16.658558333333332,79.35582000000001,79.35582000000001 16.659608333333328,79.35650000000001,79.35650000000001 16.660656666666668,79.35717666666666,79.35717666666666 16.661701666666666,79.357855,79.357855 16.662738333333337,79.35853333333333,79.35853333333333 16.663773333333328,79.35921166666668,79.35921166666668 16.664806666666664,79.35989000000001,79.35989000000001 16.665836666666664,79.36057,79.36057 16.666865,79.36125166666667,79.36125166666667 16.66789,79.36193333333334,79.36193333333334 16.66892,79.36261499999999,79.36261499999999 16.669953333333336,79.36329666666667,79.36329666666667 16.67099,79.36398000000001,79.36398000000001 16.67203,79.364665,79.364665 16.67307333333333,79.36534833333334,79.36534833333334 16.674125000000004,79.36603500000001,79.36603500000001 16.675175000000003,79.36672166666666,79.36672166666666 16.676225,79.36740833333333,79.36740833333333 16.67727666666667,79.36809666666666,79.36809666666666 16.678331666666665,79.36878666666667,79.36878666666667 16.679378333333336,79.36947666666667,79.36947666666667 16.680411666666664,79.37016833333335,79.37016833333335 16.681438333333332,79.37086166666666,79.37086166666666 16.682461666666665,79.37155333333334,79.37155333333334 16.683480000000003,79.37224666666667,79.37224666666667 16.684485,79.37294166666666,79.37294166666666 16.685478333333336,79.37363666666667,79.37363666666667 16.68646333333333,79.37433,79.37433 16.68744,79.375025,79.375025 16.688405000000003,79.37571833333334,79.37571833333334 16.689351666666667,79.37641166666667,79.37641166666667 16.69028666666667,79.37710333333332,79.37710333333332 16.691208333333336,79.37779333333333,79.37779333333333 16.692115000000005,79.37848166666666,79.37848166666666 16.69300833333333,79.37917,79.37917 16.69388833333333,79.37985666666667,79.37985666666667 16.694758333333336,79.38054333333332,79.38054333333332 16.69562,79.38122833333333,79.38122833333333 16.696469999999998,79.38191333333333,79.38191333333333 16.697313333333334,79.38259666666666,79.38259666666666 16.698149999999995,79.38328166666666,79.38328166666666 16.698978333333333,79.38396833333333,79.38396833333333 16.699798333333337,79.38465500000001,79.38465500000001 16.70061666666667,79.385345,79.385345 16.701431666666668,79.38603666666667,79.38603666666667 16.70224333333333,79.38673,79.38673 16.70304666666667,79.38742666666667,79.38742666666667 16.70384333333334,79.38812500000002,79.38812500000002 16.704633333333334,79.388825,79.388825 16.705418333333334,79.38952833333333,79.38952833333333 16.70618666666667,79.39023166666666,79.39023166666666 16.706936666666664,79.39093666666666,79.39093666666666 16.70767,79.39164333333332,79.39164333333332 16.70839333333333,79.39235166666667,79.39235166666667 16.709098333333333,79.39306,79.39306 16.709781666666665,79.39376999999999,79.39376999999999 16.710445,79.39448,79.39448 16.711093333333334,79.39519333333334,79.39519333333334 16.711725,79.39590833333332,79.39590833333332 16.71233666666667,79.39662333333335,79.39662333333335 16.712935,79.39734166666666,79.39734166666666 16.713531666666665,79.39805833333332,79.39805833333332 16.714129999999997,79.39877666666666,79.39877666666666 16.714728333333337,79.39949499999999,79.39949499999999 16.715331666666668,79.40021333333333,79.40021333333333 16.715944999999998,79.40093000000002,79.40093000000002 16.71656833333333,79.40164833333333,79.40164833333333 16.717198333333336,79.40236666666668,79.40236666666668 16.71783166666667,79.40308333333333,79.40308333333333 16.718466666666664,79.40379999999999,79.40379999999999 16.719103333333333,79.40451833333333,79.40451833333333 16.719743333333334,79.40523499999999,79.40523499999999 16.720386666666666,79.40595166666667,79.40595166666667 16.721031666666665,79.40666999999999,79.40666999999999 16.721680000000003,79.40738666666667,79.40738666666667 16.72233,79.40810499999999,79.40810499999999 16.722976666666668,79.40882166666667,79.40882166666667 16.723623333333332,79.40953833333333,79.40953833333333 16.72427,79.410255,79.410255 16.724918333333335,79.41097,79.41097 16.72556333333333,79.41168333333334,79.41168333333334 16.726206666666666,79.41239666666667,79.41239666666667 16.726856666666666,79.41311,79.41311 16.727511666666665,79.41382166666668,79.41382166666668 16.72817,79.41453333333334,79.41453333333334 16.728836666666666,79.41524333333332,79.41524333333332 16.729516666666665,79.41595166666667,79.41595166666667 16.730208333333334,79.41665833333333,79.41665833333333 16.730915000000003,79.41736500000002,79.41736500000002 16.731640000000002,79.41807000000001,79.41807000000001 16.732386666666667,79.41877500000001,79.41877500000001 16.733146666666666,79.41947666666668,79.41947666666668 16.73391666666667,79.42017999999999,79.42017999999999 16.734703333333336,79.42088,79.42088 16.735511666666664,79.42158,79.42158 16.73633,79.42227833333332,79.42227833333332 16.737165000000005,79.42297666666667,79.42297666666667 16.738018333333333,79.42367166666668,79.42367166666668 16.738879999999995,79.42436833333333,79.42436833333333 16.739751666666663,79.42506333333333,79.42506333333333 16.740638333333337,79.42575833333333,79.42575833333333 16.741545,79.42645333333333,79.42645333333333 16.742461666666667,79.42714666666666,79.42714666666666 16.743385000000004,79.42784,79.42784 16.74431333333333,79.42853333333333,79.42853333333333 16.745255,79.429225,79.429225 16.746209999999998,79.429915,79.429915 16.74715666666667,79.430605,79.430605 16.74809166666667,79.43129499999999,79.43129499999999 16.749028333333335,79.43198166666666,79.43198166666666 16.749966666666666,79.43266833333334,79.43266833333334 16.75089833333334,79.43335333333334,79.43335333333334 16.751823333333334,79.43403833333333,79.43403833333333 16.752743333333335,79.43472166666668,79.43472166666668 16.753663333333332,79.43540500000002,79.43540500000002 16.75458666666667,79.43608666666667,79.43608666666667 16.755499999999998,79.43676833333333,79.43676833333333 16.756406666666667,79.43744833333332,79.43744833333332 16.75731333333333,79.43813,79.43813 16.758225,79.43880833333333,79.43880833333333 16.759136666666667,79.43948666666668,79.43948666666668 16.760046666666668,79.44016500000001,79.44016500000001 16.760958333333335,79.44084000000001,79.44084000000001 16.761878333333332,79.44151500000001,79.44151500000001 16.7628,79.44219000000001,79.44219000000001 16.763721666666665,79.44286333333332,79.44286333333332 16.764643333333332,79.443535,79.443535 16.76556833333333,79.44420666666667,79.44420666666667 16.766495000000003,79.44487833333332,79.44487833333332 16.767421666666667,79.44555,79.44555 16.768344999999997,79.44622166666666,79.44622166666666 16.769270000000002,79.44689166666667,79.44689166666667 16.770198333333337,79.44756333333332,79.44756333333332 16.771128333333333,79.448235,79.448235 16.772059999999996,79.44890833333334,79.44890833333334 16.772993333333332,79.44957999999998,79.44957999999998 16.773926666666664,79.45025333333332,79.45025333333332 16.77485666666667,79.45092666666666,79.45092666666666 16.775786666666665,79.4516,79.4516 16.77671333333333,79.452275,79.452275 16.777635000000004,79.45294833333334,79.45294833333334 16.77855333333333,79.45362333333334,79.45362333333334 16.779478333333337,79.45429833333333,79.45429833333333 16.780400000000004,79.45497166666668,79.45497166666668 16.781311666666664,79.455645,79.455645 16.782218333333333,79.45631833333334,79.45631833333334 16.783133333333332,79.45699166666668,79.45699166666668 16.784053333333336,79.45766333333333,79.45766333333333 16.784969999999998,79.45833666666667,79.45833666666667 16.78588166666667,79.45901166666667,79.45901166666667 16.786796666666667,79.45968500000001,79.45968500000001 16.787713333333333,79.46036000000001,79.46036000000001 16.788633333333333,79.46103499999998,79.46103499999998 16.789551666666668,79.46171166666667,79.46171166666667 16.790474999999997,79.46238666666667,79.46238666666667 16.7914,79.46306333333334,79.46306333333334 16.792328333333334,79.46373833333334,79.46373833333334 16.793255000000002,79.464415,79.464415 16.794179999999997,79.46509166666667,79.46509166666667 16.795098333333335,79.46576666666667,79.46576666666667 16.796003333333335,79.46644333333333,79.46644333333333 16.79689833333334,79.46712000000002,79.46712000000002 16.797790000000003,79.46779666666666,79.46779666666666 16.798673333333333,79.46847333333335,79.46847333333335 16.799543333333332,79.46914833333335,79.46914833333335 16.800399999999996,79.46982500000001,79.46982500000001 16.801243333333332,79.47049833333335,79.47049833333335 16.80207666666667,79.47117333333335,79.47117333333335 16.802898333333335,79.471845,79.471845 16.803708333333333,79.47251833333334,79.47251833333334 16.80451166666667,79.47319000000002,79.47319000000002 16.805311666666668,79.47386,79.47386 16.806105,79.47453,79.47453 16.80689166666667,79.47519999999999,79.47519999999999 16.807669999999998,79.47586833333334,79.47586833333334 16.808441666666663,79.476535,79.476535 16.80920833333333,79.47720166666667,79.47720166666667 16.809965000000002,79.47786833333333,79.47786833333333 16.810705,79.478535,79.478535 16.81143666666667,79.4792,79.4792 16.81216166666667,79.479865,79.479865 16.812875000000002,79.48053,79.48053 16.81357,79.48119333333335,79.48119333333335 16.81425333333333,79.48185833333332,79.48185833333332 16.81492833333333,79.48252166666667,79.48252166666667 16.815595,79.483185,79.483185 16.816253333333332,79.48384833333333,79.48384833333333 16.816903333333336,79.48451,79.48451 16.81755,79.48517166666667,79.48517166666667 16.81819666666667,79.48583333333333,79.48583333333333 16.818846666666666,79.48649333333333,79.48649333333333 16.819501666666664,79.487155,79.487155 16.820163333333337,79.487815,79.487815 16.82083,79.48847500000001,79.48847500000001 16.821506666666664,79.48913666666667,79.48913666666667 16.822195,79.48979333333332,79.48979333333332 16.82289666666667,79.49045166666666,79.49045166666666 16.823611666666668,79.49110999999999,79.49110999999999 16.82433833333333,79.49177,79.49177 16.825078333333334,79.49242666666667,79.49242666666667 16.825830000000003,79.493085,79.493085 16.826598333333333,79.49374166666666,79.49374166666666 16.82738,79.49439833333334,79.49439833333334 16.828171666666666,79.49505333333333,79.49505333333333 16.828968333333336,79.49571,79.49571 16.829771666666666,79.49636666666667,79.49636666666667 16.83057833333334,79.49702166666665,79.49702166666665 16.831384999999997,79.49767833333334,79.49767833333334 16.832191666666667,79.49833500000001,79.49833500000001 16.833001666666668,79.49899166666667,79.49899166666667 16.833816666666667,79.49964833333334,79.49964833333334 16.83463166666667,79.50030500000001,79.50030500000001 16.835448333333336,79.50096333333333,79.50096333333333 16.836265,79.50162166666667,79.50162166666667 16.83708666666667,79.50228333333332,79.50228333333332 16.837899999999998,79.50294333333333,79.50294333333333 16.838708333333333,79.50360666666667,79.50360666666667 16.839513333333333,79.50426999999999,79.50426999999999 16.84032,79.50493499999999,79.50493499999999 16.841126666666668,79.50560166666668,79.50560166666668 16.841928333333335,79.50626833333335,79.50626833333335 16.84273166666667,79.50693500000001,79.50693500000001 16.843535,79.50760166666667,79.50760166666667 16.84434166666667,79.50826666666666,79.50826666666666 16.845148333333334,79.50893333333335,79.50893333333335 16.845948333333332,79.50959833333333,79.50959833333333 16.846739999999997,79.51026333333333,79.51026333333333 16.84752833333333,79.51092666666666,79.51092666666666 16.848311666666667,79.51158999999998,79.51158999999998 16.849086666666665,79.51225166666666,79.51225166666666 16.849854999999994,79.512915,79.512915 16.85062,79.51357666666665,79.51357666666665 16.85139,79.51423833333334,79.51423833333334 16.85216,79.51490000000001,79.51490000000001 16.85292833333333,79.51556333333333,79.51556333333333 16.853698333333337,79.516225,79.516225 16.854474999999997,79.51689,79.51689 16.855256666666666,79.51755333333335,79.51755333333335 16.85605,79.51821833333332,79.51821833333332 16.856865000000003,79.51888166666667,79.51888166666667 16.857695000000003,79.51954833333333,79.51954833333333 16.858533333333334,79.52021333333333,79.52021333333333 16.85937666666667,79.52088166666667,79.52088166666667 16.860226666666666,79.52154999999999,79.52154999999999 16.861085,79.52222,79.52222 16.86196,79.52289166666665,79.52289166666665 16.862845000000004,79.52356499999999,79.52356499999999 16.863736666666668,79.52423833333333,79.52423833333333 16.864631666666664,79.52491333333333,79.52491333333333 16.865538333333333,79.52558833333333,79.52558833333333 16.86645,79.526265,79.526265 16.867351666666664,79.52694499999998,79.52694499999998 16.868243333333332,79.527625,79.527625 16.869143333333334,79.52830833333334,79.52830833333334 16.87007,79.52899000000001,79.52899000000001 16.871016666666666,79.52967333333332,79.52967333333332 16.871973333333333,79.530355,79.530355 16.87293833333333,79.53103833333334,79.53103833333334 16.873906666666667,79.53172166666667,79.53172166666667 16.874881666666667,79.53240500000001,79.53240500000001 16.87585333333334,79.53308833333335,79.53308833333335 16.87681833333333,79.53377166666668,79.53377166666668 16.877775000000003,79.534455,79.534455 16.878718333333335,79.53514,79.53514 16.879655,79.535825,79.535825 16.88059,79.53651166666666,79.53651166666666 16.881523333333334,79.53719833333332,79.53719833333332 16.882451666666668,79.537885,79.537885 16.883378333333333,79.53857166666667,79.53857166666667 16.8843,79.53925833333334,79.53925833333334 16.885213333333336,79.53994666666668,79.53994666666668 16.886120000000002,79.54063333333335,79.54063333333335 16.887015,79.54132166666666,79.54132166666666 16.88790666666667,79.54200833333333,79.54200833333333 16.888796666666664,79.54269666666667,79.54269666666667 16.889678333333332,79.543385,79.543385 16.890541666666664,79.544075,79.544075 16.891395,79.54476666666666,79.54476666666666 16.892244999999996,79.54545666666667,79.54545666666667 16.893093333333336,79.54614833333335,79.54614833333335 16.89393,79.54683999999999,79.54683999999999 16.89475666666667,79.54753166666667,79.54753166666667 16.895581666666665,79.54822333333334,79.54822333333334 16.896404999999998,79.54891500000001,79.54891500000001 16.89722666666667,79.549605,79.549605 16.898039999999998,79.55029833333333,79.55029833333333 16.898843333333332,79.55099000000001,79.55099000000001 16.899643333333334,79.55168333333332,79.55168333333332 16.900433333333332,79.55237666666667,79.55237666666667 16.901214999999997,79.55307166666665,79.55307166666665 16.90199166666667,79.55376500000001,79.55376500000001 16.90276666666667,79.55446,79.55446 16.90354166666667,79.55515333333332,79.55515333333332 16.904316666666666,79.55584833333334,79.55584833333334 16.905093333333333,79.55654333333334,79.55654333333334 16.90587,79.55723666666665,79.55723666666665 16.906646666666663,79.55793166666668,79.55793166666668 16.907416666666663,79.55862833333333,79.55862833333333 16.908183333333337,79.55932333333334,79.55932333333334 16.908953333333333,79.56001833333333,79.56001833333333 16.909725,79.56071499999999,79.56071499999999 16.910496666666667,79.56141,79.56141 16.91127666666667,79.56210666666665,79.56210666666665 16.912066666666664,79.56280166666667,79.56280166666667 16.912863333333334,79.56349833333333,79.56349833333333 16.913663333333332,79.56419333333334,79.56419333333334 16.914471666666667,79.56489166666668,79.56489166666668 16.915288333333333,79.56559,79.56559 16.916111666666666,79.56628999999998,79.56628999999998 16.916938333333334,79.56699166666668,79.56699166666668 16.91776666666667,79.56769333333332,79.56769333333332 16.918599999999998,79.56839833333332,79.56839833333332 16.919438333333336,79.56910333333335,79.56910333333335 16.920278333333336,79.56981,79.56981 16.921115000000004,79.57051833333333,79.57051833333333 16.921958333333333,79.57122833333334,79.57122833333334 16.922808333333336,79.57193833333334,79.57193833333334 16.92366666666667,79.57265166666667,79.57265166666667 16.924525000000003,79.57336500000001,79.57336500000001 16.925386666666668,79.57408,79.57408 16.926254999999998,79.57479333333333,79.57479333333333 16.92713,79.57550833333333,79.57550833333333 16.927999999999997,79.57622333333335,79.57622333333335 16.928865,79.57694000000001,79.57694000000001 16.92973166666666,79.57765666666666,79.57765666666666 16.930601666666668,79.57837333333335,79.57837333333335 16.93146833333333,79.57909,79.57909 16.932330000000004,79.57980666666668,79.57980666666668 16.933194999999998,79.580525,79.580525 16.934064999999997,79.58124,79.58124 16.934935,79.58195666666667,79.58195666666667 16.9358,79.58267333333333,79.58267333333333 16.93666333333334,79.58339,79.58339 16.937523333333335,79.58410500000001,79.58410500000001 16.93838166666667,79.58482166666667,79.58482166666667 16.939236666666663,79.58553833333335,79.58553833333335 16.940086666666666,79.58625500000001,79.58625500000001 16.94093666666667,79.58697166666668,79.58697166666668 16.941783333333337,79.58768833333335,79.58768833333335 16.942630000000005,79.588405,79.588405 16.943473333333333,79.58912166666668,79.58912166666668 16.94431833333334,79.58983666666667,79.58983666666667 16.945161666666667,79.59055333333333,79.59055333333333 16.946001666666668,79.59126833333333,79.59126833333333 16.94684,79.59198500000001,79.59198500000001 16.947673333333334,79.59270000000001,79.59270000000001 16.948503333333335,79.59341666666666,79.59341666666666 16.949328333333337,79.59413333333335,79.59413333333335 16.95015,79.59485,79.59485 16.950969999999998,79.595565,79.595565 16.951793333333335,79.59628166666667,79.59628166666667 16.95262,79.59699833333333,79.59699833333333 16.953453333333336,79.59771333333333,79.59771333333333 16.954296666666668,79.59842833333335,79.59842833333335 16.95515,79.59914333333334,79.59914333333334 16.956018333333333,79.59985666666667,79.59985666666667 16.95689666666667,79.60057,79.60057 16.957781666666666,79.60128166666668,79.60128166666668 16.958671666666664,79.60199166666666,79.60199166666666 16.959563333333328,79.60270166666666,79.60270166666666 16.96045833333333,79.60341000000001,79.60341000000001 16.961355,79.60411833333333,79.60411833333333 16.962251666666667,79.60482499999999,79.60482499999999 16.96315166666667,79.60553166666668,79.60553166666668 16.964056666666668,79.60623666666667,79.60623666666667 16.96497,79.60694166666667,79.60694166666667 16.96588833333333,79.607645,79.607645 16.966804999999997,79.60834833333334,79.60834833333334 16.967721666666666,79.60905000000001,79.60905000000001 16.96863833333333,79.60974999999999,79.60974999999999 16.969559999999998,79.61044833333334,79.61044833333334 16.970485000000004,79.611145,79.611145 16.971408333333333,79.61184,79.61184 16.972328333333337,79.61253166666667,79.61253166666667 16.973248333333334,79.61322333333332,79.61322333333332 16.974173333333333,79.61391166666667,79.61391166666667 16.975098333333335,79.61459833333333,79.61459833333333 16.976020000000002,79.61528333333332,79.61528333333332 16.976943333333338,79.61596666666667,79.61596666666667 16.977861666666666,79.61664833333332,79.61664833333332 16.978773333333336,79.61733,79.61733 16.97967166666666,79.61800833333334,79.61800833333334 16.980565000000002,79.61868833333332,79.61868833333332 16.98145,79.61936666666668,79.61936666666668 16.98232666666667,79.620045,79.620045 16.983195,79.62072333333333,79.62072333333333 16.984058333333333,79.6214,79.6214 16.984911666666665,79.62207666666666,79.62207666666666 16.98575666666667,79.62275500000001,79.62275500000001 16.98659333333333,79.62343333333334,79.62343333333334 16.987431666666662,79.62411166666668,79.62411166666668 16.988261666666663,79.62479166666667,79.62479166666667 16.989078333333335,79.62547166666666,79.62547166666666 16.989888333333333,79.62615166666667,79.62615166666667 16.99069666666667,79.62683333333332,79.62683333333332 16.991498333333336,79.62751666666666,79.62751666666666 16.992285,79.62819999999999,79.62819999999999 16.993058333333334,79.628885,79.628885 16.993825,79.62957166666666,79.62957166666666 16.994583333333335,79.63026,79.63026 16.995331666666665,79.63094833333334,79.63094833333334 16.996065,79.63164,79.63164 16.996795,79.632335,79.632335 16.997525,79.63302833333334,79.63302833333334 16.998251666666665,79.633725,79.633725 16.998971666666666,79.63442333333334,79.63442333333334 16.999689999999998,79.63512166666666,79.63512166666666 17.000415,79.63582,79.63582 17.001143333333335,79.63652,79.63652 17.00186333333333,79.63721833333335,79.63721833333335 17.002585,79.63791833333333,79.63791833333333 17.003311666666665,79.63861666666668,79.63861666666668 17.00404166666667,79.63931666666666,79.63931666666666 17.004763333333333,79.64001499999999,79.64001499999999 17.005476666666667,79.640715,79.640715 17.006189999999997,79.64141333333335,79.64141333333335 17.006908333333335,79.64211166666666,79.64211166666666 17.00763,79.64280999999998,79.64280999999998 17.008353333333336,79.64350833333333,79.64350833333333 17.00908666666667,79.64420666666666,79.64420666666666 17.00984,79.64490333333335,79.64490333333335 17.010613333333332,79.6456,79.6456 17.011405,79.646295,79.646295 17.012214999999998,79.64699,79.64699 17.013044999999998,79.64768333333333,79.64768333333333 17.013893333333332,79.648375,79.648375 17.014753333333335,79.64906666666668,79.64906666666668 17.01562,79.64975833333332,79.64975833333332 17.016491666666667,79.65044833333334,79.65044833333334 17.017366666666668,79.65113833333332,79.65113833333332 17.018245000000004,79.65182833333334,79.65182833333334 17.01912833333333,79.65251833333332,79.65251833333332 17.02001,79.65320666666668,79.65320666666668 17.020894999999996,79.65389499999999,79.65389499999999 17.02178833333333,79.65458166666669,79.65458166666669 17.02268833333333,79.65526666666666,79.65526666666666 17.023586666666667,79.65595166666668,79.65595166666668 17.02448,79.656635,79.656635 17.025373333333334,79.65731833333334,79.65731833333334 17.026271666666666,79.65799999999999,79.65799999999999 17.027169999999998,79.65868166666668,79.65868166666668 17.02807,79.65936166666667,79.65936166666667 17.028971666666664,79.66004166666666,79.66004166666666 17.029875000000004,79.66072000000001,79.66072000000001 17.030781666666666,79.66139833333334,79.66139833333334 17.031685,79.66207666666666,79.66207666666666 17.03259,79.66275333333333,79.66275333333333 17.033496666666668,79.66343,79.66343 17.034405,79.66410666666667,79.66410666666667 17.03531333333333,79.66478333333333,79.66478333333333 17.036223333333332,79.66546,79.66546 17.037135,79.666135,79.666135 17.03805,79.66681,79.66681 17.038968333333333,79.667485,79.667485 17.039885,79.66816,79.66816 17.04080166666667,79.66883333333334,79.66883333333334 17.041719999999998,79.66950666666666,79.66950666666666 17.04263833333333,79.67018,79.67018 17.043556666666664,79.67085166666668,79.67085166666668 17.04447166666667,79.67152333333333,79.67152333333333 17.045385,79.672195,79.672195 17.04629333333333,79.67286666666668,79.67286666666668 17.0472,79.67353833333333,79.67353833333333 17.04810833333333,79.67420999999999,79.67420999999999 17.049016666666663,79.67488166666666,79.67488166666666 17.049925,79.67555333333334,79.67555333333334 17.05083,79.67622666666665,79.67622666666665 17.051733333333335,79.67689833333333,79.67689833333333 17.05263333333333,79.67757166666667,79.67757166666667 17.053531666666668,79.678245,79.678245 17.054423333333336,79.67891833333334,79.67891833333334 17.055310000000002,79.67959166666665,79.67959166666665 17.05619,79.68026666666665,79.68026666666665 17.057064999999998,79.68093999999999,79.68093999999999 17.057935,79.68161333333333,79.68161333333333 17.0588,79.68228833333333,79.68228833333333 17.05966,79.68296166666667,79.68296166666667 17.06051666666667,79.68363666666667,79.68363666666667 17.06137,79.68431166666666,79.68431166666666 17.062216666666668,79.68498666666666,79.68498666666666 17.063058333333334,79.68566166666666,79.68566166666666 17.063898333333334,79.68633666666666,79.68633666666666 17.064735000000002,79.68701166666666,79.68701166666666 17.065566666666665,79.68768666666666,79.68768666666666 17.066394999999996,79.68836166666667,79.68836166666667 17.06722,79.68903666666667,79.68903666666667 17.068045,79.68971166666667,79.68971166666667 17.06887,79.69038666666667,79.69038666666667 17.06969333333333,79.69106166666667,79.69106166666667 17.070516666666666,79.69173666666667,79.69173666666667 17.07134333333333,79.69241333333333,79.69241333333333 17.072175,79.69308833333334,79.69308833333334 17.07301166666667,79.693765,79.693765 17.073853333333336,79.69444,79.69444 17.074698333333334,79.695115,79.695115 17.075553333333335,79.69578833333334,79.69578833333334 17.076418333333333,79.69645999999999,79.69645999999999 17.07728833333334,79.69713166666666,79.69713166666666 17.078166666666668,79.69780166666665,79.69780166666665 17.079051666666665,79.69847166666666,79.69847166666666 17.079945,79.69914,79.69914 17.080843333333334,79.69980833333335,79.69980833333335 17.081746666666664,79.70047666666665,79.70047666666665 17.082653333333333,79.70114333333332,79.70114333333332 17.083566666666666,79.70181000000001,79.70181000000001 17.084488333333336,79.702475,79.702475 17.085416666666667,79.70314166666667,79.70314166666667 17.08635,79.70380666666668,79.70380666666668 17.087285,79.70447166666665,79.70447166666665 17.088228333333333,79.70513666666668,79.70513666666668 17.089180000000002,79.70580166666666,79.70580166666666 17.09013666666667,79.706465,79.706465 17.091096666666665,79.70712833333334,79.70712833333334 17.092061666666662,79.70779166666665,79.70779166666665 17.09303,79.708455,79.708455 17.094,79.70911666666665,79.70911666666665 17.094973333333332,79.70978,79.70978 17.095950000000002,79.71044333333333,79.71044333333333 17.096931666666666,79.71110666666667,79.71110666666667 17.097913333333334,79.71176999999999,79.71176999999999 17.098891666666667,79.71243333333332,79.71243333333332 17.09987,79.71309666666667,79.71309666666667 17.100853333333337,79.71376000000001,79.71376000000001 17.101835,79.71442166666667,79.71442166666667 17.102809999999998,79.715085,79.715085 17.103781666666666,79.71574666666667,79.71574666666667 17.104750000000003,79.71640833333333,79.71640833333333 17.105716666666666,79.71706833333333,79.71706833333333 17.106678333333335,79.71772833333331,79.71772833333331 17.107628333333334,79.71838666666667,79.71838666666667 17.108568333333334,79.719045,79.719045 17.10949666666667,79.71970333333333,79.71970333333333 17.110416666666666,79.72036,79.72036 17.111326666666667,79.721015,79.721015 17.11222666666667,79.72167166666667,79.72167166666667 17.113118333333333,79.72232666666667,79.72232666666667 17.114005,79.72298,79.72298 17.114888333333337,79.72363499999999,79.72363499999999 17.115761666666668,79.72429166666669,79.72429166666669 17.11662833333333,79.72494833333333,79.72494833333333 17.117493333333336,79.72560666666665,79.72560666666665 17.11835166666667,79.72626500000001,79.72626500000001 17.119203333333335,79.726925,79.726925 17.120043333333335,79.72758499999999,79.72758499999999 17.120876666666668,79.72824666666666,79.72824666666666 17.121705,79.72890833333332,79.72890833333332 17.122526666666662,79.72957,79.72957 17.123338333333336,79.73023166666668,79.73023166666668 17.124141666666667,79.73089499999999,79.73089499999999 17.12493,79.73155666666668,79.73155666666668 17.125695000000004,79.73221833333332,79.73221833333332 17.126436666666667,79.73288166666667,79.73288166666667 17.12716,79.733545,79.733545 17.127868333333332,79.73421,79.73421 17.128563333333336,79.73487499999999,79.73487499999999 17.12924,79.73554000000001,79.73554000000001 17.129896666666667,79.73620666666667,79.73620666666667 17.130536666666668,79.73687499999998,79.73687499999998 17.131161666666664,79.73754333333333,79.73754333333333 17.13177,79.73821166666666,79.73821166666666 17.132356666666666,79.73888333333333,79.73888333333333 17.132929999999998,79.73955500000001,79.73955500000001 17.133493333333334,79.74023000000001,79.74023000000001 17.13404333333333,79.74090500000001,79.74090500000001 17.13458,79.74158333333334,79.74158333333334 17.135103333333333,79.74226499999999,79.74226499999999 17.135623333333335,79.74294666666667,79.74294666666667 17.136150000000004,79.74363000000001,79.74363000000001 17.13669,79.74431333333334,79.74431333333334 17.137246666666666,79.74499833333331,79.74499833333331 17.137823333333333,79.74568333333335,79.74568333333335 17.138424999999998,79.74637,79.74637 17.139051666666667,79.747055,79.747055 17.139699999999998,79.74774000000001,79.74774000000001 17.14036833333333,79.74842666666666,79.74842666666666 17.141055,79.74911166666666,79.74911166666666 17.141756666666666,79.749795,79.749795 17.142476666666667,79.75048,79.75048 17.143218333333337,79.75116333333334,79.75116333333334 17.143975,79.75184500000002,79.75184500000002 17.144744999999997,79.75252833333334,79.75252833333334 17.14552666666667,79.75321,79.75321 17.146328333333337,79.75389000000001,79.75389000000001 17.147148333333334,79.75457,79.75457 17.147981666666663,79.75524999999999,79.75524999999999 17.148831666666666,79.75592833333334,79.75592833333334 17.14970166666667,79.75660666666667,79.75660666666667 17.150591666666664,79.757285,79.757285 17.151499999999995,79.75796166666667,79.75796166666667 17.152421666666662,79.75863833333332,79.75863833333332 17.153354999999998,79.759315,79.759315 17.154298333333333,79.75999166666666,79.75999166666666 17.155241666666665,79.76066999999999,79.76066999999999 17.15618166666667,79.76134833333334,79.76134833333334 17.157118333333337,79.76202666666667,79.76202666666667 17.158053333333335,79.76270666666666,79.76270666666666 17.15899,79.76338500000001,79.76338500000001 17.15992333333333,79.764065,79.764065 17.160853333333336,79.76474333333334,79.76474333333334 17.16177833333333,79.76542333333333,79.76542333333333 17.162695,79.76610166666666,79.76610166666666 17.16360166666667,79.76678166666667,79.76678166666667 17.16450166666667,79.76746,79.76746 17.165401666666664,79.76813999999999,79.76813999999999 17.166301666666666,79.76881833333334,79.76881833333334 17.167195,79.76949666666667,79.76949666666667 17.168084999999998,79.77017666666667,79.77017666666667 17.168973333333334,79.770855,79.770855 17.169860000000003,79.77153499999999,79.77153499999999 17.170748333333332,79.772215,79.772215 17.17164,79.77289499999999,79.77289499999999 17.172538333333332,79.77357666666667,79.77357666666667 17.17344166666667,79.77425833333334,79.77425833333334 17.17435,79.77493999999999,79.77493999999999 17.175261666666664,79.77562166666667,79.77562166666667 17.17617333333333,79.77630500000001,79.77630500000001 17.177083333333332,79.77698833333334,79.77698833333334 17.177991666666664,79.77767333333334,79.77767333333334 17.178901666666665,79.77835666666668,79.77835666666668 17.17981166666667,79.77904166666667,79.77904166666667 17.18072166666667,79.77972499999998,79.77972499999998 17.181623333333334,79.78041166666668,79.78041166666668 17.182515,79.78109666666666,79.78109666666666 17.183405,79.78178333333334,79.78178333333334 17.184301666666666,79.78247,79.78247 17.185201666666668,79.78315666666668,79.78315666666668 17.18610333333333,79.78384333333332,79.78384333333332 17.187003333333333,79.78452999999999,79.78452999999999 17.187914999999997,79.78521500000001,79.78521500000001 17.18884166666667,79.78589833333335,79.78589833333335 17.18978166666667,79.78658333333333,79.78658333333333 17.19073,79.78726499999999,79.78726499999999 17.191690000000005,79.78794833333333,79.78794833333333 17.19266,79.78863000000001,79.78863000000001 17.193640000000002,79.78931166666666,79.78931166666666 17.194625000000002,79.78999333333333,79.78999333333333 17.195606666666663,79.79067333333334,79.79067333333334 17.196586666666665,79.791355,79.791355 17.197571666666665,79.79203500000001,79.79203500000001 17.198549999999997,79.79271666666666,79.79271666666666 17.19951833333333,79.79339833333333,79.79339833333333 17.200478333333336,79.79408166666667,79.79408166666667 17.201435000000004,79.79476500000001,79.79476500000001 17.202385000000003,79.79544833333333,79.79544833333333 17.20333,79.79613333333334,79.79613333333334 17.204270000000005,79.79681833333335,79.79681833333335 17.20520666666667,79.797505,79.797505 17.20614,79.79819166666667,79.79819166666667 17.207069999999998,79.79888,79.79888 17.208000000000002,79.79956833333334,79.79956833333334 17.208930000000002,79.80025833333335,79.80025833333335 17.20986,79.80094666666668,79.80094666666668 17.210788333333333,79.80163666666667,79.80163666666667 17.21171833333333,79.80232500000001,79.80232500000001 17.212650000000004,79.80301333333334,79.80301333333334 17.213581666666666,79.80369999999999,79.80369999999999 17.21451,79.80438666666669,79.80438666666669 17.21543666666667,79.80507333333334,79.80507333333334 17.216363333333334,79.80575833333334,79.80575833333334 17.21728666666667,79.80644500000001,79.80644500000001 17.218206666666667,79.80712833333334,79.80712833333334 17.219121666666666,79.80781333333331,79.80781333333331 17.220033333333333,79.80849833333335,79.80849833333335 17.22094,79.80918333333334,79.80918333333334 17.221845,79.80986666666665,79.80986666666665 17.222748333333335,79.81055166666668,79.81055166666668 17.223648333333333,79.811235,79.811235 17.224541666666667,79.81191999999999,79.81191999999999 17.22543166666667,79.81260333333333,79.81260333333333 17.226333333333333,79.81328666666667,79.81328666666667 17.227245,79.81397,79.81397 17.228166666666667,79.81465333333334,79.81465333333334 17.229091666666665,79.81533500000002,79.81533500000002 17.230023333333335,79.81601833333335,79.81601833333335 17.23096833333333,79.81670166666666,79.81670166666666 17.231926666666666,79.817385,79.817385 17.23288833333333,79.81806833333334,79.81806833333334 17.233856666666668,79.81875166666667,79.81875166666667 17.23483166666667,79.81943500000001,79.81943500000001 17.235813333333333,79.82011999999999,79.82011999999999 17.236796666666663,79.82080333333333,79.82080333333333 17.237783333333333,79.82148666666666,79.82148666666666 17.23877,79.82217,79.82217 17.239755,79.82285333333334,79.82285333333334 17.240736666666663,79.82353666666667,79.82353666666667 17.241711666666664,79.82421833333332,79.82421833333332 17.24267833333333,79.8249,79.8249 17.243634999999998,79.82558000000002,79.82558000000002 17.244578333333337,79.82626,79.82626 17.24551,79.82694,79.82694 17.246431666666666,79.82761833333333,79.82761833333333 17.247341666666667,79.82829666666666,79.82829666666666 17.248236666666664,79.82897500000001,79.82897500000001 17.249121666666667,79.82965333333334,79.82965333333334 17.249998333333334,79.83033,79.83033 17.250871666666665,79.83100666666667,79.83100666666667 17.251745000000003,79.83168333333333,79.83168333333333 17.252618333333334,79.83235833333333,79.83235833333333 17.253493333333335,79.83303166666667,79.83303166666667 17.25437666666667,79.83370499999998,79.83370499999998 17.255268333333333,79.83437833333335,79.83437833333335 17.256171666666667,79.83505,79.83505 17.257084999999996,79.83572000000001,79.83572000000001 17.258008333333333,79.83639000000001,79.83639000000001 17.258941666666665,79.83705833333333,79.83705833333333 17.25987833333333,79.83772666666665,79.83772666666665 17.26081333333333,79.83839666666667,79.83839666666667 17.261746666666667,79.839065,79.839065 17.262676666666668,79.83973666666668,79.83973666666668 17.263599999999997,79.84040833333333,79.84040833333333 17.264514999999996,79.84108166666667,79.84108166666667 17.265425000000004,79.841755,79.841755 17.266328333333334,79.84243166666667,79.84243166666667 17.267225,79.84310833333333,79.84310833333333 17.268115,79.84378666666666,79.84378666666666 17.269001666666668,79.84446500000001,79.84446500000001 17.26988833333333,79.84514333333334,79.84514333333334 17.270771666666665,79.84582166666668,79.84582166666668 17.271651666666664,79.8465,79.8465 17.27252833333333,79.84717833333333,79.84717833333333 17.273405,79.84785666666666,79.84785666666666 17.27427833333333,79.84853666666665,79.84853666666665 17.275151666666666,79.849215,79.849215 17.276028333333336,79.84989333333333,79.84989333333333 17.27691166666667,79.85057166666668,79.85057166666668 17.2778,79.85125000000001,79.85125000000001 17.278689999999997,79.85192666666667,79.85192666666667 17.279586666666667,79.852605,79.852605 17.280488333333338,79.85328166666666,79.85328166666666 17.281398333333335,79.85395833333334,79.85395833333334 17.28231333333333,79.85463333333334,79.85463333333334 17.283233333333335,79.85530999999999,79.85530999999999 17.28416,79.85598499999999,79.85598499999999 17.285091666666666,79.85666166666667,79.85666166666667 17.28602333333333,79.85733833333333,79.85733833333333 17.286944999999996,79.85801666666666,79.85801666666666 17.287860000000002,79.85869500000001,79.85869500000001 17.28877333333333,79.859375,79.859375 17.289685000000002,79.86005666666668,79.86005666666668 17.29059,79.86073833333333,79.86073833333333 17.29148,79.86142333333335,79.86142333333335 17.29236,79.86211000000002,79.86211000000002 17.293236666666665,79.86279666666665,79.86279666666665 17.294115,79.86348666666666,79.86348666666666 17.294986666666663,79.86417666666667,79.86417666666667 17.295853333333334,79.86486833333335,79.86486833333335 17.296718333333335,79.86556000000002,79.86556000000002 17.297586666666668,79.86625166666667,79.86625166666667 17.298458333333336,79.866945,79.866945 17.299326666666666,79.86764,79.86764 17.300196666666668,79.868335,79.868335 17.301073333333335,79.86903,79.86903 17.301948333333335,79.86972666666668,79.86972666666668 17.302820000000004,79.87042166666667,79.87042166666667 17.303693333333335,79.87111666666668,79.87111666666668 17.304570000000002,79.87181000000001,79.87181000000001 17.305453333333332,79.87250166666666,79.87250166666666 17.306341666666665,79.87319333333333,79.87319333333333 17.307233333333333,79.87388166666666,79.87388166666666 17.308130000000002,79.87456833333334,79.87456833333334 17.309026666666668,79.87525500000001,79.87525500000001 17.309918333333332,79.87594,79.87594 17.310806666666668,79.87662333333331,79.87662333333331 17.31169666666667,79.87730499999999,79.87730499999999 17.312591666666666,79.87798500000001,79.87798500000001 17.313489999999998,79.87866333333334,79.87866333333334 17.31439333333333,79.87934166666668,79.87934166666668 17.31530166666667,79.88001833333333,79.88001833333333 17.316215,79.880695,79.880695 17.317133333333334,79.88137166666667,79.88137166666667 17.318055,79.88204999999999,79.88204999999999 17.31898,79.88273000000001,79.88273000000001 17.319911666666666,79.88341,79.88341 17.320848333333334,79.88409333333334,79.88409333333334 17.321793333333336,79.88477666666667,79.88477666666667 17.322751666666665,79.88545999999998,79.88545999999998 17.32372333333333,79.88614500000001,79.88614500000001 17.324708333333337,79.88683166666667,79.88683166666667 17.325706666666665,79.88751833333333,79.88751833333333 17.326716666666666,79.88820833333332,79.88820833333332 17.32773166666667,79.88889666666667,79.88889666666667 17.32875166666667,79.88958666666667,79.88958666666667 17.329775,79.89027833333333,79.89027833333333 17.330803333333332,79.89096833333333,79.89096833333333 17.331836666666668,79.89165833333333,79.89165833333333 17.332873333333332,79.89234833333333,79.89234833333333 17.333915000000005,79.89303833333332,79.89303833333332 17.33496333333333,79.89372999999999,79.89372999999999 17.33601833333333,79.89442166666667,79.89442166666667 17.337075000000002,79.89511333333334,79.89511333333334 17.338138333333333,79.89580666666667,79.89580666666667 17.339205,79.89650166666668,79.89650166666668 17.34028,79.89719666666667,79.89719666666667 17.34136,79.89789333333333,79.89789333333333 17.342445000000005,79.89859166666666,79.89859166666666 17.343535,79.89928833333335,79.89928833333335 17.344628333333333,79.89998666666666,79.89998666666666 17.345725,79.90068500000001,79.90068500000001 17.346823333333337,79.90138166666667,79.90138166666667 17.347925,79.90208,79.90208 17.349028333333337,79.90277666666665,79.90277666666665 17.35013,79.90347166666668,79.90347166666668 17.351225,79.90416666666667,79.90416666666667 17.352311666666665,79.90486166666668,79.90486166666668 17.353393333333337,79.905555,79.905555 17.354458333333334,79.90625,79.90625 17.35550166666666,79.90694333333332,79.90694333333332 17.356525,79.90763666666668,79.90763666666668 17.357530000000004,79.90832999999999,79.90832999999999 17.358518333333333,79.90902166666666,79.90902166666666 17.359485,79.90971333333333,79.90971333333333 17.36043,79.91040500000001,79.91040500000001 17.361354999999996,79.91109666666665,79.91109666666665 17.362254999999998,79.91178833333333,79.91178833333333 17.363121666666668,79.91247833333334,79.91247833333334 17.363963333333334,79.91317000000001,79.91317000000001 17.364793333333335,79.91386,79.91386 17.36561,79.91454833333334,79.91454833333334 17.366411666666668,79.91523833333333,79.91523833333333 17.36720833333333,79.91592666666666,79.91592666666666 17.368008333333332,79.91661333333332,79.91661333333332 17.368808333333337,79.91730166666667,79.91730166666667 17.369598333333332,79.91798833333333,79.91798833333333 17.370383333333333,79.918675,79.918675 17.371171666666665,79.91936166666666,79.91936166666666 17.371965000000003,79.92004833333334,79.92004833333334 17.372758333333334,79.92073666666667,79.92073666666667 17.373548333333336,79.92142333333332,79.92142333333332 17.37434,79.92211166666665,79.92211166666665 17.375133333333338,79.92280166666666,79.92280166666666 17.375923333333333,79.92349166666668,79.92349166666668 17.37671333333333,79.92418333333332,79.92418333333332 17.37750833333333,79.92487666666666,79.92487666666666 17.37831166666666,79.92557,79.92557 17.379123333333336,79.92626499999999,79.92626499999999 17.37993833333333,79.92696,79.92696 17.380753333333335,79.92765666666665,79.92765666666665 17.38156833333333,79.928355,79.928355 17.382388333333335,79.929055,79.929055 17.383205,79.92975499999999,79.92975499999999 17.384016666666664,79.930455,79.930455 17.384823333333333,79.93115333333334,79.93115333333334 17.38563,79.93185333333334,79.93185333333334 17.38643333333333,79.93255166666665,79.93255166666665 17.387228333333336,79.93324833333334,79.93324833333334 17.388021666666667,79.933945,79.933945 17.388821666666665,79.93464166666666,79.93464166666666 17.389628333333334,79.93533666666669,79.93533666666669 17.390439999999998,79.93602999999999,79.93602999999999 17.39127333333333,79.93672166666667,79.93672166666667 17.392128333333332,79.93741166666668,79.93741166666668 17.392995000000003,79.93810166666667,79.93810166666667 17.393871666666666,79.93879166666667,79.93879166666667 17.39476333333333,79.93947833333334,79.93947833333334 17.39567,79.94016666666666,79.94016666666666 17.396581666666666,79.94085333333335,79.94085333333335 17.397489999999998,79.94154166666667,79.94154166666667 17.39839333333334,79.94222833333333,79.94222833333333 17.399293333333333,79.94291666666666,79.94291666666666 17.400196666666666,79.94360333333334,79.94360333333334 17.401100000000003,79.94429166666667,79.94429166666667 17.401999999999997,79.94497666666666,79.94497666666666 17.4029,79.94566333333333,79.94566333333333 17.403798333333334,79.94634833333333,79.94634833333333 17.404693333333334,79.94703166666666,79.94703166666666 17.405585000000002,79.947715,79.947715 17.40647166666667,79.94839666666668,79.94839666666668 17.407351666666667,79.94907833333333,79.94907833333333 17.408226666666664,79.94975833333334,79.94975833333334 17.409093333333335,79.95043833333335,79.95043833333335 17.409951666666668,79.95111833333334,79.95111833333334 17.410806666666666,79.95179666666667,79.95179666666667 17.411661666666667,79.95247333333333,79.95247333333333 17.412513333333333,79.95315166666666,79.95315166666666 17.413361666666667,79.95382833333332,79.95382833333332 17.414205,79.95450500000001,79.95450500000001 17.41505,79.95518333333334,79.95518333333334 17.415895,79.95586,79.95586 17.416743333333336,79.95653666666666,79.95653666666666 17.4176,79.95721333333333,79.95721333333333 17.418466666666664,79.95788999999999,79.95788999999999 17.41934333333333,79.95856666666667,79.95856666666667 17.420225,79.95924333333333,79.95924333333333 17.421108333333333,79.95991833333332,79.95991833333332 17.421993333333333,79.960595,79.960595 17.422880000000003,79.96127166666666,79.96127166666666 17.423765000000003,79.96194833333332,79.96194833333332 17.42465333333333,79.96262499999999,79.96262499999999 17.425541666666664,79.96330166666665,79.96330166666665 17.42643,79.96397833333334,79.96397833333334 17.427316666666666,79.96465666666667,79.96465666666667 17.428203333333332,79.96533333333333,79.96533333333333 17.429093333333334,79.96601,79.96601 17.429986666666665,79.96668833333332,79.96668833333332 17.430873333333334,79.96736666666668,79.96736666666668 17.431751666666667,79.968045,79.968045 17.432629999999996,79.96872499999999,79.96872499999999 17.43351333333333,79.96940333333333,79.96940333333333 17.434396666666668,79.97008166666666,79.97008166666666 17.435280000000002,79.97076166666668,79.97076166666668 17.436165,79.97144166666666,79.97144166666666 17.437055000000004,79.97211999999999,79.97211999999999 17.43795,79.97279833333334,79.97279833333334 17.438846666666663,79.97347833333333,79.97347833333333 17.439748333333334,79.97415666666667,79.97415666666667 17.440661666666664,79.974835,79.974835 17.441589999999998,79.97551333333332,79.97551333333332 17.44253,79.97618999999999,79.97618999999999 17.44348333333333,79.97686666666665,79.97686666666665 17.444448333333334,79.97754333333334,79.97754333333334 17.445426666666666,79.97821833333334,79.97821833333334 17.446406666666668,79.97889333333332,79.97889333333332 17.447388333333336,79.97956999999998,79.97956999999998 17.448371666666667,79.98024499999998,79.98024499999998 17.449355,79.98091999999998,79.98091999999998 17.45033666666666,79.98159499999998,79.98159499999998 17.451311666666665,79.98226999999999,79.98226999999999 17.45228,79.98294666666668,79.98294666666668 17.453245000000003,79.983625,79.983625 17.454201666666663,79.98430333333333,79.98430333333333 17.455146666666668,79.98498333333335,79.98498333333335 17.456086666666664,79.985665,79.985665 17.457021666666666,79.98634833333332,79.98634833333332 17.45795166666667,79.98703333333333,79.98703333333333 17.458875,79.98772000000001,79.98772000000001 17.459793333333334,79.98840666666668,79.98840666666668 17.460710000000002,79.98909666666667,79.98909666666667 17.461631666666662,79.98978666666667,79.98978666666667 17.462553333333336,79.99047833333334,79.99047833333334 17.46348,79.99117,79.99117 17.464413333333333,79.99186333333333,79.99186333333333 17.465353333333336,79.99255666666667,79.99255666666667 17.46629666666667,79.99324833333334,79.99324833333334 17.467246666666668,79.99394166666666,79.99394166666666 17.468203333333335,79.99463333333333,79.99463333333333 17.469165,79.99532333333333,79.99532333333333 17.470129999999997,79.99601333333332,79.99601333333332 17.471103333333335,79.99670166666667,79.99670166666667 17.47208666666667,79.99738666666667,79.99738666666667 17.47308,79.99807000000001,79.99807000000001 17.474081666666663,79.99875166666668,79.99875166666668 17.475089999999998,79.99943166666667,79.99943166666667 17.476106666666666,80.00010833333334,80.00010833333334 17.47713333333333,80.00078333333332,80.00078333333332 17.478166666666667,80.00145499999999,80.00145499999999 17.47920333333333,80.00212666666667,80.00212666666667 17.480248333333336,80.00279666666667,80.00279666666667 17.48129833333333,80.00346500000002,80.00346500000002 17.48235166666667,80.00413166666668,80.00413166666668 17.483408333333333,80.00479833333334,80.00479833333334 17.48446166666667,80.00546500000002,80.00546500000002 17.485515000000003,80.00612999999998,80.00612999999998 17.486563333333336,80.006795,80.006795 17.487606666666665,80.00745833333333,80.00745833333333 17.48864,80.00812166666667,80.00812166666667 17.48966,80.00878500000002,80.00878500000002 17.490666666666666,80.00944999999999,80.00944999999999 17.49166333333333,80.010115,80.010115 17.49265,80.01078166666666,80.01078166666666 17.493628333333334,80.01144833333332,80.01144833333332 17.49459833333333,80.01211666666667,80.01211666666667 17.495561666666664,80.01278500000001,80.01278500000001 17.49652166666667,80.01345500000002,80.01345500000002 17.49748,80.01412666666667,80.01412666666667 17.498436666666667,80.01479833333332,80.01479833333332 17.499390000000002,80.01547,80.01547 17.50034166666667,80.016145,80.016145 17.501285000000003,80.01681833333333,80.01681833333333 17.502216666666666,80.017495,80.017495 17.503133333333334,80.01817333333332,80.01817333333332 17.50403333333333,80.01885166666665,80.01885166666665 17.50491,80.01953333333333,80.01953333333333 17.505765,80.02021666666667,80.02021666666667 17.506598333333333,80.0209,80.0209 17.507413333333336,80.02158666666666,80.02158666666666 17.508211666666664,80.02227500000001,80.02227500000001 17.50899666666667,80.02296333333334,80.02296333333334 17.509774999999994,80.02365166666667,80.02365166666667 17.51055,80.02434333333333,80.02434333333333 17.511318333333335,80.02503333333334,80.02503333333334 17.51208,80.025725,80.025725 17.512831666666667,80.02641833333332,80.02641833333332 17.513575,80.02711166666667,80.02711166666667 17.514306666666666,80.02780666666666,80.02780666666666 17.515031666666665,80.0285,80.0285 17.515753333333333,80.02919666666666,80.02919666666666 17.516473333333334,80.02989166666666,80.02989166666666 17.517193333333335,80.03059,80.03059 17.51792,80.03128666666666,80.03128666666666 17.51865666666667,80.031985,80.031985 17.519393333333333,80.03268333333334,80.03268333333334 17.520133333333337,80.03338333333332,80.03338333333332 17.52087666666667,80.03408166666667,80.03408166666667 17.52162666666667,80.03478166666667,80.03478166666667 17.522381666666664,80.03548166666666,80.03548166666666 17.52314,80.03618166666666,80.03618166666666 17.52390833333333,80.03688166666667,80.03688166666667 17.524688333333334,80.03758166666667,80.03758166666667 17.525481666666668,80.03827833333332,80.03827833333332 17.526289999999996,80.03897500000001,80.03897500000001 17.527116666666664,80.03966999999999,80.03966999999999 17.527966666666668,80.04036333333335,80.04036333333335 17.528838333333333,80.04105333333332,80.04105333333332 17.529735000000002,80.04174166666668,80.04174166666668 17.53065833333333,80.04242666666667,80.04242666666667 17.53159833333333,80.04310999999998,80.04310999999998 17.532556666666668,80.04379166666666,80.04379166666666 17.533528333333333,80.04447166666668,80.04447166666668 17.534515000000003,80.04515166666667,80.04515166666667 17.53551333333333,80.04583,80.04583 17.53652333333333,80.04650833333334,80.04650833333334 17.537543333333332,80.047185,80.047185 17.538576666666664,80.04786166666666,80.04786166666666 17.539623333333335,80.04853666666666,80.04853666666666 17.540681666666664,80.04921166666666,80.04921166666666 17.541748333333334,80.04988499999999,80.04988499999999 17.542826666666667,80.05055833333333,80.05055833333333 17.543916666666668,80.05123,80.05123 17.545015,80.05190166666665,80.05190166666665 17.546118333333332,80.05257333333333,80.05257333333333 17.547224999999997,80.053245,80.053245 17.548329999999996,80.05391666666665,80.05391666666665 17.549433333333333,80.05458833333333,80.05458833333333 17.55053,80.05526,80.05526 17.55161,80.05593333333333,80.05593333333333 17.55267,80.05661,80.05661 17.553714999999997,80.05728500000001,80.05728500000001 17.554748333333333,80.05796333333333,80.05796333333333 17.555768333333333,80.05864166666666,80.05864166666666 17.55677,80.05932166666668,80.05932166666668 17.557758333333336,80.06000333333333,80.06000333333333 17.558741666666666,80.060685,80.060685 17.55972,80.06136666666666,80.06136666666666 17.56069,80.06204999999999,80.06204999999999 17.56166,80.06273333333333,80.06273333333333 17.56263666666667,80.06341666666667,80.06341666666667 17.56361833333333,80.0641,80.0641 17.564601666666665,80.06478333333334,80.06478333333334 17.56559166666667,80.06546666666668,80.06546666666668 17.566585,80.06615166666667,80.06615166666667 17.567579999999996,80.06683666666665,80.06683666666665 17.568571666666664,80.06752166666668,80.06752166666668 17.569554999999998,80.06820833333333,80.06820833333333 17.570529999999998,80.068895,80.068895 17.571495000000002,80.06958333333334,80.06958333333334 17.572446666666668,80.07027333333333,80.07027333333333 17.573381666666666,80.07096333333334,80.07096333333334 17.574305,80.07165499999999,80.07165499999999 17.575211666666668,80.07234666666666,80.07234666666666 17.576106666666664,80.07303833333334,80.07303833333334 17.576995,80.07373333333334,80.07373333333334 17.57787666666667,80.07442666666667,80.07442666666667 17.578755000000005,80.07512166666667,80.07512166666667 17.579631666666664,80.07581666666667,80.07581666666667 17.580505000000002,80.07651166666666,80.07651166666666 17.581378333333333,80.07720666666667,80.07720666666667 17.582251666666664,80.0779,80.0779 17.583135,80.07859333333333,80.07859333333333 17.584025000000004,80.07928500000001,80.07928500000001 17.584921666666666,80.07997499999999,80.07997499999999 17.58582333333333,80.08066500000001,80.08066500000001 17.58673333333333,80.08135333333333,80.08135333333333 17.587653333333336,80.08204000000002,80.08204000000002 17.588574999999995,80.08272666666667,80.08272666666667 17.589496666666662,80.08341166666668,80.08341166666668 17.590416666666666,80.08409666666665,80.08409666666665 17.591336666666667,80.08478166666667,80.08478166666667 17.592255,80.08546666666665,80.08546666666665 17.593166666666665,80.08615166666668,80.08615166666668 17.594071666666665,80.08683666666667,80.08683666666667 17.594974999999998,80.08752166666667,80.08752166666667 17.595875,80.08820666666668,80.08820666666668 17.59677333333333,80.08889166666667,80.08889166666667 17.597664999999996,80.08957666666667,80.08957666666667 17.59855,80.09026333333334,80.09026333333334 17.599428333333332,80.09094999999999,80.09094999999999 17.60030333333333,80.09163666666666,80.09163666666666 17.60118,80.09232333333333,80.09232333333333 17.602063333333334,80.09301166666667,80.09301166666667 17.602961666666666,80.0937,80.0937 17.603876666666665,80.09438666666665,80.09438666666665 17.60481,80.09507500000001,80.09507500000001 17.605756666666668,80.09576166666666,80.09576166666666 17.606713333333335,80.09644833333333,80.09644833333333 17.607680000000002,80.097135,80.097135 17.608649999999997,80.09782000000001,80.09782000000001 17.60961166666667,80.09850499999999,80.09850499999999 17.610566666666667,80.09918833333333,80.09918833333333 17.611515,80.09987166666666,80.09987166666666 17.61246,80.100555,80.100555 17.613400000000002,80.10123833333334,80.10123833333334 17.614331666666665,80.10192166666667,80.10192166666667 17.61526166666667,80.10260499999998,80.10260499999998 17.616191666666666,80.10328833333332,80.10328833333332 17.617116666666668,80.10397333333334,80.10397333333334 17.618041666666667,80.10465833333332,80.10465833333332 17.61896833333333,80.10534500000001,80.10534500000001 17.619898333333335,80.10603499999999,80.10603499999999 17.620828333333332,80.10672500000001,80.10672500000001 17.62176,80.10741833333334,80.10741833333334 17.62269333333333,80.10811166666667,80.10811166666667 17.623630000000002,80.10880833333334,80.10880833333334 17.624564999999997,80.109505,80.109505 17.625495,80.11020166666668,80.11020166666668 17.626428333333333,80.1109,80.1109 17.62735833333333,80.11159833333333,80.11159833333333 17.628283333333332,80.11229833333334,80.11229833333334 17.629203333333333,80.11299666666666,80.11299666666666 17.63012333333333,80.11369666666667,80.11369666666667 17.63104,80.11439833333334,80.11439833333334 17.631951666666666,80.11509833333332,80.11509833333332 17.632858333333335,80.11579833333333,80.11579833333333 17.633766666666666,80.11649833333333,80.11649833333333 17.634678333333333,80.11719666666667,80.11719666666667 17.635601666666663,80.11789666666668,80.11789666666668 17.636539999999997,80.11859333333334,80.11859333333334 17.63749333333333,80.11928999999999,80.11928999999999 17.638463333333334,80.119985,80.119985 17.639449999999997,80.12068,80.12068 17.640445000000003,80.12137500000001,80.12137500000001 17.641446666666663,80.12206833333333,80.12206833333333 17.642456666666664,80.12276166666666,80.12276166666666 17.643473333333333,80.12345499999999,80.12345499999999 17.644494999999996,80.12414833333334,80.12414833333334 17.645516666666666,80.12484166666667,80.12484166666667 17.646543333333334,80.12553666666666,80.12553666666666 17.647571666666664,80.12623166666667,80.12623166666667 17.648601666666664,80.12692666666666,80.12692666666666 17.649631666666668,80.12762333333332,80.12762333333332 17.650661666666668,80.12832,80.12832 17.651691666666665,80.12901833333333,80.12901833333333 17.652720000000002,80.12971833333334,80.12971833333334 17.653750000000002,80.13042000000002,80.13042000000002 17.65478,80.13112166666666,80.13112166666666 17.655808333333336,80.13182499999999,80.13182499999999 17.65683,80.13252999999999,80.13252999999999 17.657845000000002,80.13323666666668,80.13323666666668 17.658848333333335,80.133945,80.133945 17.659841666666665,80.134655,80.134655 17.660829999999997,80.13536666666667,80.13536666666667 17.661815,80.13607833333334,80.13607833333334 17.662796666666665,80.13679,80.13679 17.663778333333333,80.13750166666668,80.13750166666668 17.664758333333335,80.13821333333333,80.13821333333333 17.665736666666668,80.138925,80.138925 17.666723333333337,80.139635,80.139635 17.667714999999998,80.14034166666666,80.14034166666666 17.668709999999997,80.14104666666668,80.14104666666668 17.669711666666668,80.14175166666668,80.14175166666668 17.670711666666666,80.14245333333332,80.14245333333332 17.671705000000003,80.14315333333333,80.14315333333333 17.672691666666665,80.14385333333333,80.14385333333333 17.67367833333333,80.14455333333333,80.14455333333333 17.67466166666667,80.14525166666668,80.14525166666668 17.675645000000003,80.14594833333334,80.14594833333334 17.676625,80.14664666666665,80.14664666666665 17.677599999999998,80.147345,80.147345 17.678576666666668,80.14804166666667,80.14804166666667 17.679550000000003,80.14873833333333,80.14873833333333 17.680523333333333,80.14943499999998,80.14943499999998 17.68149166666667,80.15013166666667,80.15013166666667 17.682461666666665,80.15082666666667,80.15082666666667 17.683431666666667,80.15152166666667,80.15152166666667 17.68440166666667,80.15221666666666,80.15221666666666 17.68537,80.15291166666667,80.15291166666667 17.68634,80.15360666666666,80.15360666666666 17.687309999999997,80.15429999999999,80.15429999999999 17.68828166666667,80.154995,80.154995 17.68925666666666,80.15568833333333,80.15568833333333 17.690235,80.15638333333332,80.15638333333332 17.691216666666666,80.15707666666667,80.15707666666667 17.692201666666666,80.15777166666666,80.15777166666666 17.693191666666664,80.15846666666665,80.15846666666665 17.694185,80.15916166666666,80.15916166666666 17.695181666666667,80.15985666666668,80.15985666666668 17.696181666666664,80.16055333333334,80.16055333333334 17.69719,80.16124833333333,80.16124833333333 17.698203333333332,80.16194333333334,80.16194333333334 17.69921833333333,80.16263666666667,80.16263666666667 17.700235000000003,80.16333166666666,80.16333166666666 17.70125,80.16402500000001,80.16402500000001 17.702266666666667,80.16471833333334,80.16471833333334 17.70327833333333,80.16541166666666,80.16541166666666 17.704283333333333,80.16610500000002,80.16610500000002 17.705281666666668,80.16679999999998,80.16679999999998 17.706273333333336,80.16749333333334,80.16749333333334 17.707258333333336,80.16819000000001,80.16819000000001 17.708235000000002,80.168885,80.168885 17.709205000000004,80.16958166666666,80.16958166666666 17.710165,80.17028,80.17028 17.711125,80.17097833333334,80.17097833333334 17.712086666666664,80.17167666666666,80.17167666666666 17.713048333333333,80.172375,80.172375 17.714008333333336,80.17307333333332,80.17307333333332 17.714973333333333,80.17377166666667,80.17377166666667 17.715936666666668,80.17447,80.17447 17.716896666666667,80.17516833333335,80.17516833333335 17.717858333333332,80.17586833333333,80.17586833333333 17.718819999999997,80.17656833333334,80.17656833333334 17.719776666666665,80.17726666666668,80.17726666666668 17.720731666666666,80.17796666666666,80.17796666666666 17.72168666666667,80.17866666666667,80.17866666666667 17.72264,80.17936833333333,80.17936833333333 17.723589999999998,80.18007,80.18007 17.72453833333333,80.18077166666667,80.18077166666667 17.72548666666667,80.18147333333334,80.18147333333334 17.726435,80.18217500000002,80.18217500000002 17.727384999999998,80.18287833333335,80.18287833333335 17.728334999999998,80.18358166666668,80.18358166666668 17.729285000000004,80.18428333333333,80.18428333333333 17.730235000000004,80.184985,80.184985 17.731181666666664,80.18568666666667,80.18568666666667 17.732124999999996,80.18638833333331,80.18638833333331 17.73306833333333,80.18708833333332,80.18708833333332 17.73400666666667,80.18778999999999,80.18778999999999 17.73494166666667,80.18849166666666,80.18849166666666 17.735873333333334,80.18919333333334,80.18919333333334 17.736805,80.18989333333334,80.18989333333334 17.737743333333334,80.190595,80.190595 17.738691666666664,80.19129333333335,80.19129333333335 17.739653333333337,80.19199,80.19199 17.740628333333333,80.19268666666666,80.19268666666666 17.741615,80.19338,80.19338 17.742614999999997,80.19407166666667,80.19407166666667 17.743626666666668,80.19476333333334,80.19476333333334 17.744648333333338,80.19545166666667,80.19545166666667 17.745678333333338,80.19614,80.19614 17.74671666666667,80.19682666666665,80.19682666666665 17.747764999999998,80.19751333333335,80.19751333333335 17.74882,80.19819833333332,80.19819833333332 17.749881666666667,80.19888166666665,80.19888166666665 17.750948333333337,80.19956666666668,80.19956666666668 17.75202,80.20025000000001,80.20025000000001 17.753096666666668,80.20093333333332,80.20093333333332 17.754171666666668,80.20161666666667,80.20161666666667 17.75524666666667,80.20230166666667,80.20230166666667 17.756315,80.202985,80.202985 17.757375,80.20367,80.20367 17.758428333333335,80.204355,80.204355 17.759471666666666,80.20504,80.20504 17.760505000000002,80.205725,80.205725 17.761525,80.20641166666667,80.20641166666667 17.762539999999998,80.20709666666666,80.20709666666666 17.763551666666668,80.20778333333332,80.20778333333332 17.764554999999998,80.20847,80.20847 17.765548333333335,80.20915666666667,80.20915666666667 17.766536666666664,80.209845,80.209845 17.76752166666667,80.21053166666668,80.21053166666668 17.768496666666667,80.21121833333335,80.21121833333335 17.76946333333333,80.21190666666666,80.21190666666666 17.770421666666667,80.21259333333333,80.21259333333333 17.771375,80.21328,80.21328 17.772319999999997,80.21396833333334,80.21396833333334 17.77325666666667,80.21465500000001,80.21465500000001 17.774185000000003,80.21534166666666,80.21534166666666 17.775105,80.21602833333333,80.21602833333333 17.776016666666663,80.21671500000001,80.21671500000001 17.776916666666665,80.21740166666667,80.21740166666667 17.777806666666667,80.21808833333334,80.21808833333334 17.778688333333335,80.21877333333333,80.21877333333333 17.779563333333336,80.21945666666667,80.21945666666667 17.780430000000003,80.22014166666668,80.22014166666668 17.781286666666663,80.22082333333333,80.22082333333333 17.78213166666667,80.22150666666666,80.22150666666666 17.782968333333336,80.22218833333334,80.22218833333334 17.783794999999998,80.22286833333332,80.22286833333332 17.784613333333333,80.22354833333334,80.22354833333334 17.785421666666668,80.22422833333333,80.22422833333333 17.786221666666666,80.22490833333333,80.22490833333333 17.787016666666666,80.22558833333332,80.22558833333332 17.787805,80.22626666666667,80.22626666666667 17.788586666666664,80.22694666666666,80.22694666666666 17.78936333333333,80.22762666666665,80.22762666666665 17.790141666666663,80.228305,80.228305 17.790916666666668,80.228985,80.228985 17.791691666666665,80.229665,80.229665 17.792469999999998,80.23034333333332,80.23034333333332 17.793256666666665,80.23102166666665,80.23102166666665 17.794051666666668,80.2317,80.2317 17.79485833333333,80.23237666666667,80.23237666666667 17.79568166666667,80.233055,80.233055 17.796525,80.23373333333335,80.23373333333335 17.79739166666667,80.23441166666667,80.23441166666667 17.79828666666667,80.23509,80.23509 17.799215,80.23576666666666,80.23576666666666 17.800171666666667,80.23644333333333,80.23644333333333 17.80114833333333,80.23711833333333,80.23711833333333 17.802141666666667,80.237795,80.237795 17.803145,80.23847,80.23847 17.804156666666664,80.23914666666666,80.23914666666666 17.805181666666666,80.23982333333333,80.23982333333333 17.806228333333337,80.24050166666666,80.24050166666666 17.807294999999996,80.24117833333332,80.24117833333332 17.80837833333333,80.24185666666668,80.24185666666668 17.80947,80.242535,80.242535 17.810568333333332,80.24321499999999,80.24321499999999 17.81167333333333,80.24389500000001,80.24389500000001 17.812781666666666,80.24457666666667,80.24457666666667 17.813889999999997,80.24525833333333,80.24525833333333 17.814994999999996,80.24594166666667,80.24594166666667 17.816100000000002,80.24662666666667,80.24662666666667 17.817205,80.24731166666666,80.24731166666666 17.81831,80.24799666666667,80.24799666666667 17.819416666666665,80.24868333333333,80.24868333333333 17.820525000000004,80.24936833333332,80.24936833333332 17.821628333333333,80.25005666666665,80.25005666666665 17.822726666666664,80.25074333333333,80.25074333333333 17.823821666666664,80.25143,80.25143 17.82491,80.25211833333333,80.25211833333333 17.825993333333333,80.25280500000001,80.25280500000001 17.82707,80.25349333333334,80.25349333333334 17.828145000000003,80.25418166666665,80.25418166666665 17.82921833333333,80.25486833333332,80.25486833333332 17.830293333333334,80.255555,80.255555 17.831368333333334,80.25624166666667,80.25624166666667 17.832445,80.25692666666667,80.25692666666667 17.833519999999996,80.25761,80.25761 17.83459333333333,80.25829333333331,80.25829333333331 17.83566333333333,80.25897666666665,80.25897666666665 17.836728333333337,80.25965833333333,80.25965833333333 17.837785,80.26034166666666,80.26034166666666 17.83883,80.26102333333334,80.26102333333334 17.839863333333337,80.26170666666668,80.26170666666668 17.840891666666668,80.26239166666666,80.26239166666666 17.84191333333333,80.26307499999999,80.26307499999999 17.84293,80.26375999999999,80.26375999999999 17.843940000000003,80.26444666666666,80.26444666666666 17.84494333333333,80.26513333333334,80.26513333333334 17.845943333333334,80.26582166666667,80.26582166666667 17.846936666666664,80.26651000000001,80.26651000000001 17.847923333333334,80.26719833333334,80.26719833333334 17.848903333333332,80.26789000000001,80.26789000000001 17.849874999999997,80.26858166666666,80.26858166666666 17.850838333333332,80.26927333333333,80.26927333333333 17.85179,80.269965,80.269965 17.852731666666664,80.27065833333334,80.27065833333334 17.853663333333337,80.27134999999998,80.27134999999998 17.854585000000004,80.27204333333334,80.27204333333334 17.855498333333333,80.272735,80.272735 17.856400000000004,80.27342833333333,80.27342833333333 17.85729333333333,80.27411999999998,80.27411999999998 17.858186666666665,80.27481333333334,80.27481333333334 17.859075,80.27550833333333,80.27550833333333 17.859956666666665,80.27620333333334,80.27620333333334 17.860831666666666,80.27689833333334,80.27689833333334 17.861704999999997,80.27759499999999,80.27759499999999 17.862574999999996,80.27829166666668,80.27829166666668 17.863439999999997,80.27898833333334,80.27898833333334 17.864301666666663,80.27968666666666,80.27968666666666 17.86516333333333,80.28038499999998,80.28038499999998 17.866028333333333,80.28108499999999,80.28108499999999 17.866894999999996,80.281785,80.281785 17.867766666666665,80.282485,80.282485 17.868638333333333,80.283185,80.283185 17.869508333333336,80.28388666666667,80.28388666666667 17.870375000000003,80.28458833333335,80.28458833333335 17.87124333333333,80.28529000000002,80.28529000000002 17.87210833333333,80.28599,80.28599 17.872968333333333,80.28669166666667,80.28669166666667 17.873821666666668,80.28739166666665,80.28739166666665 17.874668333333332,80.28809333333332,80.28809333333332 17.87550666666667,80.28879333333333,80.28879333333333 17.876328333333333,80.28949166666666,80.28949166666666 17.877133333333333,80.29019166666667,80.29019166666667 17.877931666666665,80.29088833333333,80.29088833333333 17.87873666666667,80.29158500000001,80.29158500000001 17.879548333333336,80.29227999999999,80.29227999999999 17.880365,80.29297333333335,80.29297333333335 17.88120166666667,80.29366666666665,80.29366666666665 17.88207166666666,80.29435666666667,80.29435666666667 17.882968333333334,80.29504666666668,80.29504666666668 17.883885,80.29573500000001,80.29573500000001 17.884819999999998,80.29642333333332,80.29642333333332 17.88577833333333,80.29711000000002,80.29711000000002 17.886753333333335,80.29779833333333,80.29779833333333 17.88774,80.298485,80.298485 17.888735,80.29917,80.29917 17.889739999999996,80.299855,80.299855 17.89075,80.30054,80.30054 17.891758333333332,80.301225,80.301225 17.892766666666667,80.30190999999999,80.30190999999999 17.89378333333333,80.30259333333333,80.30259333333333 17.89480833333333,80.30327666666668,80.30327666666668 17.895836666666668,80.30396,80.30396 17.896873333333332,80.30464333333332,80.30464333333332 17.897925000000004,80.30532666666666,80.30532666666666 17.898993333333333,80.30601,80.30601 17.900076666666667,80.30669333333333,80.30669333333333 17.90116833333333,80.30737666666667,80.30737666666667 17.902269999999998,80.30806166666667,80.30806166666667 17.903384999999997,80.30874666666666,80.30874666666666 17.904518333333336,80.30943166666667,80.30943166666667 17.90566833333333,80.31011666666667,80.31011666666667 17.906831666666672,80.31080166666666,80.31080166666666 17.908006666666665,80.31148666666667,80.31148666666667 17.90918666666667,80.31217000000001,80.31217000000001 17.91037166666667,80.31285333333334,80.31285333333334 17.91155333333333,80.31353499999999,80.31353499999999 17.91272833333333,80.31421666666667,80.31421666666667 17.91389333333333,80.31489833333335,80.31489833333335 17.91504333333333,80.31557666666667,80.31557666666667 17.916183333333336,80.31625666666667,80.31625666666667 17.917308333333338,80.31693333333332,80.31693333333332 17.918421666666667,80.31761,80.31761 17.919521666666665,80.31828666666667,80.31828666666667 17.920616666666668,80.31896333333333,80.31896333333333 17.921711666666667,80.31963999999999,80.31963999999999 17.92279666666667,80.32031666666666,80.32031666666666 17.92386666666667,80.32099499999998,80.32099499999998 17.92492833333333,80.32167333333334,80.32167333333334 17.92598833333333,80.32235166666666,80.32235166666666 17.927041666666664,80.32303166666668,80.32303166666668 17.928078333333335,80.32371166666667,80.32371166666667 17.929101666666668,80.32439333333333,80.32439333333333 17.93011833333333,80.32507499999998,80.32507499999998 17.931125,80.32575833333333,80.32575833333333 17.932111666666664,80.32644166666667,80.32644166666667 17.93308333333333,80.327125,80.327125 17.934045,80.32781,80.32781 17.934995,80.32849333333334,80.32849333333334 17.935933333333335,80.329175,80.329175 17.936856666666664,80.32985666666666,80.32985666666666 17.93777,80.33053499999998,80.33053499999998 17.93867333333333,80.33121333333334,80.33121333333334 17.939566666666664,80.33188833333334,80.33188833333334 17.940448333333332,80.33256333333334,80.33256333333334 17.94132,80.33323333333333,80.33323333333333 17.942184999999995,80.33390333333334,80.33390333333334 17.943044999999998,80.33457166666668,80.33457166666668 17.94389666666667,80.33524,80.33524 17.944743333333335,80.33590666666666,80.33590666666666 17.945583333333328,80.336575,80.336575 17.946418333333334,80.33724333333332,80.33724333333332 17.947253333333336,80.33791333333333,80.33791333333333 17.948089999999997,80.33858499999998,80.33858499999998 17.948931666666663,80.33925833333332,80.33925833333332 17.949785,80.33993166666666,80.33993166666666 17.950656666666667,80.34060666666666,80.34060666666666 17.95154,80.34128499999998,80.34128499999998 17.952426666666668,80.34196333333331,80.34196333333331 17.95331333333333,80.34264333333333,80.34264333333333 17.9542,80.34332500000001,80.34332500000001 17.955083333333338,80.34400666666667,80.34400666666667 17.955965,80.34469000000001,80.34469000000001 17.956844999999998,80.34537166666667,80.34537166666667 17.95773,80.346055,80.346055 17.958623333333335,80.34673666666666,80.34673666666666 17.959523333333337,80.34741999999999,80.34741999999999 17.960428333333336,80.34810166666666,80.34810166666666 17.961336666666668,80.34878333333334,80.34878333333334 17.96224666666667,80.34946666666666,80.34946666666666 17.963158333333336,80.35014833333332,80.35014833333332 17.964076666666667,80.35082833333331,80.35082833333331 17.96500166666667,80.35150833333333,80.35150833333333 17.965936666666664,80.35218833333334,80.35218833333334 17.966878333333334,80.35286500000001,80.35286500000001 17.967825000000005,80.35354166666667,80.35354166666667 17.96876833333333,80.35421833333334,80.35421833333334 17.96971,80.354895,80.354895 17.97065333333333,80.35557,80.35557 17.9716,80.35624666666666,80.35624666666666 17.972548333333336,80.35692333333333,80.35692333333333 17.973505,80.35759833333333,80.35759833333333 17.974468333333334,80.358275,80.358275 17.97544,80.35895333333333,80.35895333333333 17.97641666666667,80.35963166666666,80.35963166666666 17.977395,80.36030999999998,80.36030999999998 17.97837666666667,80.36099166666666,80.36099166666666 17.979365,80.36167333333334,80.36167333333334 17.980359999999997,80.36235666666667,80.36235666666667 17.981359999999995,80.36304000000001,80.36304000000001 17.982364999999998,80.36372333333333,80.36372333333333 17.98337833333333,80.36440666666667,80.36440666666667 17.98439833333333,80.36508833333333,80.36508833333333 17.985425,80.36577000000001,80.36577000000001 17.986466666666665,80.36645166666666,80.36645166666666 17.987521666666666,80.36712999999999,80.36712999999999 17.988586666666667,80.36780833333334,80.36780833333334 17.989656666666665,80.36848666666667,80.36848666666667 17.990725,80.36916333333333,80.36916333333333 17.991791666666664,80.36983833333333,80.36983833333333 17.992865,80.370515,80.370515 17.993943333333334,80.37118833333334,80.37118833333334 17.99501833333333,80.37186333333334,80.37186333333334 17.996091666666665,80.37253833333334,80.37253833333334 17.997163333333333,80.37321166666668,80.37321166666668 17.998235,80.37388500000002,80.37388500000002 17.999305,80.37455833333333,80.37455833333333 18.00037,80.37523166666666,80.37523166666666 18.001435,80.375905,80.375905 18.0025,80.37658,80.37658 18.003565,80.377255,80.377255 18.00463166666667,80.37793,80.37793 18.005700000000004,80.37860666666667,80.37860666666667 18.006766666666664,80.37928333333333,80.37928333333333 18.007835,80.37996,80.37996 18.008903333333333,80.38063666666666,80.38063666666666 18.009973333333335,80.38131499999999,80.38131499999999 18.011046666666665,80.38198999999999,80.38198999999999 18.01212333333333,80.38266666666668,80.38266666666668 18.013199999999998,80.38334166666668,80.38334166666668 18.014278333333333,80.38401666666668,80.38401666666668 18.015361666666667,80.38469166666668,80.38469166666668 18.016446666666663,80.385365,80.385365 18.017533333333333,80.38603833333333,80.38603833333333 18.01862,80.38671166666667,80.38671166666667 18.019711666666666,80.38738333333335,80.38738333333335 18.020805,80.38805666666666,80.38805666666666 18.021898333333336,80.38872666666666,80.38872666666666 18.022995,80.38939833333333,80.38939833333333 18.02408666666667,80.39007000000001,80.39007000000001 18.025175000000004,80.39074,80.39074 18.02625833333333,80.39141000000001,80.39141000000001 18.027340000000002,80.39208166666668,80.39208166666668 18.02841666666666,80.39275166666667,80.39275166666667 18.02948833333333,80.39342166666667,80.39342166666667 18.030550000000005,80.39409333333334,80.39409333333334 18.031605,80.39476500000002,80.39476500000002 18.03265166666667,80.395435,80.395435 18.033686666666668,80.39610833333332,80.39610833333332 18.03470666666667,80.39677999999999,80.39677999999999 18.035704999999997,80.39745333333333,80.39745333333333 18.036691666666666,80.39812833333333,80.39812833333333 18.03766,80.39880166666667,80.39880166666667 18.038615,80.39947666666667,80.39947666666667 18.039559999999998,80.40015166666667,80.40015166666667 18.040501666666668,80.40082666666667,80.40082666666667 18.041428333333336,80.40150166666668,80.40150166666668 18.042340000000003,80.40217666666668,80.40217666666668 18.043255000000002,80.40285166666666,80.40285166666666 18.044181666666667,80.40352666666666,80.40352666666666 18.04511,80.4042,80.4042 18.046045,80.40487333333334,80.40487333333334 18.046989999999997,80.40554666666668,80.40554666666668 18.047943333333336,80.40621999999999,80.40621999999999 18.048900000000003,80.40689166666667,80.40689166666667 18.04986333333333,80.40756333333334,80.40756333333334 18.050825000000003,80.40823333333333,80.40823333333333 18.051786666666665,80.408905,80.408905 18.052748333333337,80.409575,80.409575 18.0537,80.41024500000002,80.41024500000002 18.054636666666667,80.410915,80.410915 18.055571666666665,80.41158499999999,80.41158499999999 18.056511666666665,80.412255,80.412255 18.057453333333335,80.41292666666666,80.41292666666666 18.05839,80.41359833333334,80.41359833333334 18.05933,80.41427333333334,80.41427333333334 18.06028333333333,80.41495,80.41495 18.061253333333333,80.41562666666667,80.41562666666667 18.062224999999998,80.41630666666667,80.41630666666667 18.063195,80.41698833333332,80.41698833333332 18.064176666666665,80.41767166666666,80.41767166666666 18.06517,80.418355,80.418355 18.066164999999998,80.41904,80.41904 18.067153333333334,80.41972333333334,80.41972333333334 18.068136666666668,80.42041,80.42041 18.069123333333334,80.421095,80.421095 18.070109999999996,80.42178166666666,80.42178166666666 18.071094999999996,80.42247,80.42247 18.07207833333333,80.42315833333333,80.42315833333333 18.073066666666666,80.42384666666666,80.42384666666666 18.07406333333333,80.424535,80.424535 18.07506333333333,80.42522333333334,80.42522333333334 18.076075,80.42591333333334,80.42591333333334 18.077098333333332,80.42660166666667,80.42660166666667 18.078136666666666,80.42728999999999,80.42728999999999 18.07918666666666,80.42798,80.42798 18.08025,80.42866999999998,80.42866999999998 18.081321666666668,80.42936,80.42936 18.082401666666662,80.43005000000001,80.43005000000001 18.083491666666664,80.43074166666666,80.43074166666666 18.084593333333334,80.43143333333333,80.43143333333333 18.085705,80.432125,80.432125 18.086821666666665,80.43281833333334,80.43281833333334 18.08794333333333,80.43351166666667,80.43351166666667 18.08906666666667,80.43420666666665,80.43420666666665 18.090184999999998,80.43490333333334,80.43490333333334 18.091298333333334,80.43560000000002,80.43560000000002 18.09240666666667,80.43629666666668,80.43629666666668 18.09351333333333,80.436995,80.436995 18.09461166666667,80.43769333333333,80.43769333333333 18.095693333333333,80.43839166666667,80.43839166666667 18.09676333333334,80.43908833333333,80.43908833333333 18.097828333333332,80.43978499999999,80.43978499999999 18.098893333333336,80.44048166666667,80.44048166666667 18.099953333333335,80.44117666666665,80.44117666666665 18.101008333333333,80.44187166666667,80.44187166666667 18.102065,80.44256666666666,80.44256666666666 18.103133333333336,80.44326000000001,80.44326000000001 18.104208333333336,80.44395166666665,80.44395166666665 18.105286666666665,80.44464333333333,80.44464333333333 18.106363333333334,80.44533333333334,80.44533333333334 18.107446666666664,80.44602333333334,80.44602333333334 18.108536666666666,80.44671333333334,80.44671333333334 18.109630000000003,80.44740166666666,80.44740166666666 18.110723333333336,80.44809000000001,80.44809000000001 18.111816666666666,80.44877833333334,80.44877833333334 18.112916666666667,80.44946666666665,80.44946666666665 18.114020000000004,80.45015333333335,80.45015333333335 18.115121666666667,80.45084166666666,80.45084166666666 18.116214999999997,80.45152999999999,80.45152999999999 18.117304999999998,80.45221833333333,80.45221833333333 18.118391666666664,80.45290666666666,80.45290666666666 18.119473333333335,80.45359499999999,80.45359499999999 18.120546666666666,80.45428333333334,80.45428333333334 18.121616666666668,80.45497166666668,80.45497166666668 18.122686666666667,80.45566000000001,80.45566000000001 18.123749999999998,80.45634666666668,80.45634666666668 18.1248,80.45703166666667,80.45703166666667 18.125836666666668,80.45771833333333,80.45771833333333 18.12686333333333,80.45840333333334,80.45840333333334 18.127885,80.45908999999999,80.45908999999999 18.128895,80.45977500000002,80.45977500000002 18.129891666666666,80.46046,80.46046 18.130883333333333,80.46114666666668,80.46114666666668 18.131871666666665,80.46183333333335,80.46183333333335 18.13286,80.46252,80.46252 18.133843333333335,80.46320666666666,80.46320666666666 18.134819999999998,80.46389500000001,80.46389500000001 18.13579166666667,80.46458333333334,80.46458333333334 18.136768333333332,80.46527166666667,80.46527166666667 18.137744999999995,80.46595999999998,80.46595999999998 18.138723333333335,80.46665,80.46665 18.13969666666667,80.46733833333332,80.46733833333332 18.140671666666663,80.46802833333334,80.46802833333334 18.141648333333332,80.46871833333331,80.46871833333331 18.142630000000004,80.46940833333333,80.46940833333333 18.143616666666667,80.47009833333334,80.47009833333334 18.144611666666663,80.47078833333333,80.47078833333333 18.145611666666667,80.47147666666667,80.47147666666667 18.146615,80.47216666666667,80.47216666666667 18.147621666666666,80.47285499999998,80.47285499999998 18.148626666666665,80.473545,80.473545 18.14963,80.47423500000001,80.47423500000001 18.15063333333333,80.474925,80.474925 18.15162666666667,80.475615,80.475615 18.15261333333333,80.47630666666667,80.47630666666667 18.153608333333334,80.47699833333333,80.47699833333333 18.154615,80.47769,80.47769 18.155623333333327,80.47838333333334,80.47838333333334 18.15663166666667,80.47907666666667,80.47907666666667 18.15765166666667,80.47976999999999,80.47976999999999 18.158686666666668,80.48046333333335,80.48046333333335 18.159735,80.48115666666665,80.48115666666665 18.160811666666667,80.48185166666667,80.48185166666667 18.161926666666663,80.48254333333333,80.48254333333333 18.163091666666666,80.483235,80.483235 18.164305000000002,80.48392333333332,80.48392333333332 18.16556333333333,80.48461166666667,80.48461166666667 18.166878333333333,80.48529500000001,80.48529500000001 18.168246666666672,80.48597666666666,80.48597666666666 18.169661666666663,80.48665666666668,80.48665666666668 18.171113333333334,80.48733333333334,80.48733333333334 18.172593333333335,80.48800833333334,80.48800833333334 18.174088333333334,80.48868166666665,80.48868166666665 18.175591666666666,80.48935499999999,80.48935499999999 18.177104999999997,80.490025,80.490025 18.178623333333334,80.49069500000002,80.49069500000002 18.180133333333334,80.49136333333333,80.49136333333333 18.181626666666663,80.49203166666668,80.49203166666668 18.183093333333336,80.4927,80.4927 18.184516666666664,80.49337000000001,80.49337000000001 18.18588,80.49404166666666,80.49404166666666 18.18717333333333,80.494715,80.494715 18.188393333333334,80.49539166666666,80.49539166666666 18.189561666666666,80.49606999999999,80.49606999999999 18.19069,80.49675,80.49675 18.191775000000003,80.49743166666669,80.49743166666669 18.19281,80.49811666666666,80.49811666666666 18.193804999999998,80.498805,80.498805 18.194770000000002,80.499495,80.499495 18.195718333333332,80.50018833333333,80.50018833333333 18.196649999999998,80.50088333333332,80.50088333333332 18.197566666666667,80.50158166666667,80.50158166666667 18.198471666666666,80.50228,80.50228 18.199365,80.50298166666667,80.50298166666667 18.20024333333333,80.50368666666667,80.50368666666667 18.201103333333332,80.50439166666666,80.50439166666666 18.201951666666666,80.50509833333334,80.50509833333334 18.202805,80.50580666666666,80.50580666666666 18.203671666666665,80.50651666666667,80.50651666666667 18.204541666666664,80.50722499999999,80.50722499999999 18.205395,80.507935,80.507935 18.206225,80.50864666666666,80.50864666666666 18.20704666666667,80.50936,80.50936 18.207861666666666,80.51007333333334,80.51007333333334 18.208656666666666,80.51078666666666,80.51078666666666 18.20943833333333,80.51150333333332,80.51150333333332 18.210235,80.51221833333334,80.51221833333334 18.211060000000003,80.51293333333334,80.51293333333334 18.211905,80.51364833333334,80.51364833333334 18.212754999999998,80.51436166666666,80.51436166666666 18.213616666666667,80.515075,80.515075 18.214496666666665,80.51578500000001,80.51578500000001 18.21539166666667,80.516495,80.516495 18.216295000000002,80.51720333333333,80.51720333333333 18.217199999999995,80.51791166666668,80.51791166666668 18.21811333333333,80.51861833333334,80.51861833333334 18.219033333333336,80.519325,80.519325 18.219958333333334,80.52002999999999,80.52002999999999 18.220883333333333,80.52073666666668,80.52073666666668 18.221811666666667,80.52144166666668,80.52144166666668 18.222765000000003,80.52214833333333,80.52214833333333 18.223745000000005,80.52285333333333,80.52285333333333 18.224734999999995,80.52356,80.52356 18.225735,80.52426666666666,80.52426666666666 18.22676166666667,80.52497333333335,80.52497333333335 18.22782,80.52567833333332,80.52567833333332 18.228896666666667,80.526385,80.526385 18.22997666666667,80.52709166666666,80.52709166666666 18.231071666666665,80.52779999999998,80.52779999999998 18.232188333333337,80.52850833333333,80.52850833333333 18.233316666666667,80.52921500000001,80.52921500000001 18.234448333333333,80.52992499999999,80.52992499999999 18.235586666666663,80.53063333333331,80.53063333333331 18.236735,80.53134166666666,80.53134166666666 18.23789,80.53204833333332,80.53204833333332 18.23904333333333,80.53275333333332,80.53275333333332 18.240206666666662,80.53345666666668,80.53345666666668 18.241385,80.53415666666666,80.53415666666666 18.242573333333336,80.53485500000001,80.53485500000001 18.243758333333332,80.53555166666666,80.53555166666666 18.244934999999995,80.53624666666667,80.53624666666667 18.246103333333334,80.53694,80.53694 18.24725,80.537635,80.537635 18.248363333333337,80.53832833333334,80.53832833333334 18.249435000000002,80.53902333333333,80.53902333333333 18.250468333333334,80.53971833333333,80.53971833333333 18.251465,80.54041333333333,80.54041333333333 18.252430000000004,80.54110999999999,80.54110999999999 18.253375000000002,80.54180500000001,80.54180500000001 18.254313333333336,80.54249833333333,80.54249833333333 18.255241666666663,80.54319166666669,80.54319166666669 18.256169999999997,80.54388333333333,80.54388333333333 18.257103333333337,80.54457500000001,80.54457500000001 18.258038333333335,80.54526499999999,80.54526499999999 18.25897333333333,80.545955,80.545955 18.259919999999997,80.54664500000001,80.54664500000001 18.260888333333334,80.547335,80.547335 18.261875,80.54802333333335,80.54802333333335 18.262890000000002,80.54871166666668,80.54871166666668 18.263941666666668,80.54939833333333,80.54939833333333 18.26503166666667,80.550085,80.550085 18.266155,80.55076833333334,80.55076833333334 18.267306666666666,80.55145166666667,80.55145166666667 18.268486666666668,80.55213166666668,80.55213166666668 18.269685,80.55280833333332,80.55280833333332 18.27088666666667,80.55348333333332,80.55348333333332 18.272083333333335,80.55415666666666,80.55415666666666 18.273275,80.55482833333333,80.55482833333333 18.27445833333333,80.55549666666667,80.55549666666667 18.27563,80.556165,80.556165 18.276783333333334,80.55683166666665,80.55683166666665 18.277908333333336,80.55749666666667,80.55749666666667 18.279003333333332,80.55816166666666,80.55816166666666 18.280075,80.55882666666666,80.55882666666666 18.281121666666664,80.55949333333334,80.55949333333334 18.28215,80.56016166666666,80.56016166666666 18.283168333333332,80.56083166666667,80.56083166666667 18.28419333333333,80.56150333333332,80.56150333333332 18.28523,80.56217833333332,80.56217833333332 18.286270000000002,80.56285666666665,80.56285666666665 18.287308333333332,80.56353833333333,80.56353833333333 18.288353333333333,80.56422166666667,80.56422166666667 18.289410000000004,80.56490666666666,80.56490666666666 18.290466666666667,80.56559500000002,80.56559500000002 18.291516666666666,80.566285,80.566285 18.292555000000004,80.56697666666668,80.56697666666668 18.293581666666665,80.56767,80.56767 18.294590000000003,80.568365,80.568365 18.295588333333335,80.56906333333333,80.56906333333333 18.296570000000003,80.56976166666668,80.56976166666668 18.297530000000002,80.57046333333332,80.57046333333332 18.298481666666664,80.57116666666668,80.57116666666668 18.299443333333336,80.57187166666665,80.57187166666665 18.300415,80.57257833333334,80.57257833333334 18.301391666666664,80.57328666666668,80.57328666666668 18.302363333333336,80.573995,80.573995 18.303335,80.57470333333335,80.57470333333335 18.304313333333333,80.57541166666667,80.57541166666667 18.30529666666667,80.57612000000002,80.57612000000002 18.30627833333333,80.57682833333334,80.57682833333334 18.307260000000003,80.57753666666667,80.57753666666667 18.308246666666665,80.57824333333333,80.57824333333333 18.309235,80.57894999999999,80.57894999999999 18.31022666666666,80.57965666666668,80.57965666666668 18.31121833333333,80.58036000000001,80.58036000000001 18.312215,80.58106500000001,80.58106500000001 18.313216666666662,80.58176666666665,80.58176666666665 18.314224999999997,80.582465,80.582465 18.31523333333333,80.58316,80.58316 18.31624166666667,80.58385166666667,80.58385166666667 18.317253333333333,80.58454,80.58454 18.318265,80.58522333333333,80.58522333333333 18.31928,80.58590333333332,80.58590333333332 18.320298333333334,80.58658000000001,80.58658000000001 18.321316666666664,80.58725166666666,80.58725166666666 18.322328333333335,80.58792166666667,80.58792166666667 18.323331666666665,80.58858833333335,80.58858833333335 18.324326666666668,80.58925166666666,80.58925166666666 18.325318333333335,80.58991333333334,80.58991333333334 18.326306666666667,80.59057500000002,80.59057500000002 18.327286666666666,80.59123333333335,80.59123333333335 18.328251666666663,80.59189166666667,80.59189166666667 18.329206666666668,80.59254833333331,80.59254833333331 18.33016,80.59320500000001,80.59320500000001 18.33111166666667,80.59385833333334,80.59385833333334 18.33205333333333,80.59451166666666,80.59451166666666 18.332985,80.59516333333332,80.59516333333332 18.33391166666667,80.59581333333334,80.59581333333334 18.334836666666664,80.59646333333333,80.59646333333333 18.335763333333333,80.59711166666666,80.59711166666666 18.336686666666665,80.59776166666668,80.59776166666668 18.337606666666666,80.59840999999999,80.59840999999999 18.33853166666667,80.59905833333335,80.59905833333335 18.339460000000003,80.59970499999999,80.59970499999999 18.34039166666667,80.60035333333335,80.60035333333335 18.341320000000003,80.60100000000001,80.60100000000001 18.342248333333337,80.60164833333334,80.60164833333334 18.343176666666665,80.60229666666667,80.60229666666667 18.34410666666667,80.60294666666667,80.60294666666667 18.345043333333333,80.60359666666666,80.60359666666666 18.345985000000002,80.60424666666667,80.60424666666667 18.346926666666665,80.60489999999999,80.60489999999999 18.347868333333334,80.605555,80.605555 18.34880666666667,80.60621166666667,80.60621166666667 18.349743333333333,80.60686999999999,80.60686999999999 18.350678333333335,80.60752833333332,80.60752833333332 18.351608333333335,80.60818666666667,80.60818666666667 18.352531666666664,80.60884666666666,80.60884666666666 18.353448333333333,80.60950666666666,80.60950666666666 18.354358333333334,80.61016666666667,80.61016666666667 18.355263333333333,80.61082666666667,80.61082666666667 18.356156666666667,80.61148833333334,80.61148833333334 18.357039999999998,80.61215,80.61215 18.357910000000004,80.61281166666664,80.61281166666664 18.35877,80.61347333333333,80.61347333333333 18.359618333333334,80.614135,80.614135 18.36046,80.61479833333333,80.61479833333333 18.3613,80.61546166666666,80.61546166666666 18.36214,80.61612333333333,80.61612333333333 18.362983333333336,80.61678666666666,80.61678666666666 18.363825000000002,80.61744833333333,80.61744833333333 18.364661666666663,80.61811166666668,80.61811166666668 18.36549,80.61877500000001,80.61877500000001 18.36630833333333,80.61943833333333,80.61943833333333 18.367118333333334,80.62010333333333,80.62010333333333 18.36792,80.62076833333333,80.62076833333333 18.368721666666662,80.621435,80.621435 18.369531666666667,80.6221,80.6221 18.370356666666662,80.62276666666666,80.62276666666666 18.371193333333338,80.62343333333334,80.62343333333334 18.372040000000002,80.62409833333334,80.62409833333334 18.37289333333333,80.624765,80.624765 18.373753333333333,80.62543166666667,80.62543166666667 18.374620000000004,80.62609666666667,80.62609666666667 18.375500000000002,80.62676333333333,80.62676333333333 18.376391666666667,80.62742833333334,80.62742833333334 18.377296666666666,80.62809333333334,80.62809333333334 18.378219999999995,80.62875833333332,80.62875833333332 18.379161666666665,80.62942333333335,80.62942333333335 18.380123333333334,80.63008666666666,80.63008666666666 18.381108333333334,80.63075,80.63075 18.382113333333336,80.63141333333334,80.63141333333334 18.383141666666667,80.632075,80.632075 18.384183333333333,80.63273500000001,80.63273500000001 18.385238333333334,80.63339666666667,80.63339666666667 18.38630666666667,80.63405833333331,80.63405833333331 18.387386666666664,80.63472166666666,80.63472166666666 18.388475000000003,80.635385,80.635385 18.389576666666667,80.63605,80.63605 18.390685,80.63671666666667,80.63671666666667 18.391803333333332,80.63738333333333,80.63738333333333 18.392928333333334,80.63805166666666,80.63805166666666 18.394058333333334,80.63872166666667,80.63872166666667 18.395189999999996,80.63939333333333,80.63939333333333 18.396323333333328,80.64006666666667,80.64006666666667 18.397456666666667,80.64074000000001,80.64074000000001 18.39859166666667,80.64141833333333,80.64141833333333 18.399725,80.64209666666667,80.64209666666667 18.400855,80.64277833333333,80.64277833333333 18.401985,80.64346166666667,80.64346166666667 18.403116666666666,80.64414666666667,80.64414666666667 18.40426,80.64483166666666,80.64483166666666 18.405416666666667,80.64551666666667,80.64551666666667 18.406591666666667,80.64620166666667,80.64620166666667 18.407788333333333,80.64688666666666,80.64688666666666 18.409005,80.64756833333331,80.64756833333331 18.410243333333334,80.64825000000002,80.64825000000002 18.411506666666668,80.64893000000001,80.64893000000001 18.412795,80.64960833333333,80.64960833333333 18.414106666666665,80.650285,80.650285 18.415443333333332,80.65095833333334,80.65095833333334 18.416801666666668,80.65162999999998,80.65162999999998 18.418174999999998,80.65230166666666,80.65230166666666 18.41956166666667,80.65297166666664,80.65297166666664 18.420958333333335,80.65364166666666,80.65364166666666 18.42236,80.654315,80.654315 18.423766666666666,80.65498833333332,80.65498833333332 18.42517833333333,80.655665,80.655665 18.426593333333336,80.65634166666666,80.65634166666666 18.428009999999997,80.65701999999999,80.65701999999999 18.42941666666667,80.65770166666667,80.65770166666667 18.430803333333333,80.65838500000001,80.65838500000001 18.432173333333335,80.65907166666666,80.65907166666666 18.433534999999996,80.65976000000002,80.65976000000002 18.43489,80.66045,80.66045 18.436235,80.66114166666665,80.66114166666665 18.43756833333334,80.66183666666667,80.66183666666667 18.43889,80.66253166666667,80.66253166666667 18.440200000000004,80.66323000000001,80.66323000000001 18.441489999999998,80.66392833333332,80.66392833333332 18.44275166666667,80.66462666666666,80.66462666666666 18.443981666666666,80.66532833333333,80.66532833333333 18.44518,80.66602833333332,80.66602833333332 18.446350000000002,80.66673000000002,80.66673000000002 18.447484999999997,80.66743333333335,80.66743333333335 18.448580000000003,80.66813666666665,80.66813666666665 18.449643333333334,80.66884166666668,80.66884166666668 18.45068,80.66954666666668,80.66954666666668 18.45169333333333,80.67025333333333,80.67025333333333 18.45268666666667,80.67095833333333,80.67095833333333 18.453655,80.67166499999999,80.67166499999999 18.454606666666663,80.67237333333334,80.67237333333334 18.45554,80.67308,80.67308 18.456463333333332,80.67378666666667,80.67378666666667 18.45738166666667,80.67449333333333,80.67449333333333 18.458295,80.67519999999999,80.67519999999999 18.4592,80.67590499999999,80.67590499999999 18.460095000000003,80.67661166666667,80.67661166666667 18.46098166666666,80.67731666666667,80.67731666666667 18.461861666666668,80.67802333333333,80.67802333333333 18.462738333333334,80.67872833333332,80.67872833333332 18.463616666666667,80.67943500000001,80.67943500000001 18.46449833333333,80.68014000000001,80.68014000000001 18.465384999999998,80.680845,80.680845 18.466283333333333,80.68154833333334,80.68154833333334 18.46719166666667,80.68225333333334,80.68225333333334 18.46810833333333,80.682955,80.682955 18.469030000000004,80.68365833333334,80.68365833333334 18.46995666666667,80.68436166666667,80.68436166666667 18.470890000000004,80.68506500000001,80.68506500000001 18.47182666666667,80.68576833333334,80.68576833333334 18.47276166666667,80.68647333333334,80.68647333333334 18.473698333333335,80.68717666666667,80.68717666666667 18.474636666666665,80.68788333333333,80.68788333333333 18.47557333333333,80.68858833333334,80.68858833333334 18.47651,80.68929499999999,80.68929499999999 18.477443333333333,80.69000333333332,80.69000333333332 18.478378333333335,80.69071166666664,80.69071166666664 18.479315,80.69142,80.69142 18.48026,80.69213,80.69213 18.481215,80.69283833333334,80.69283833333334 18.482174999999998,80.69354833333333,80.69354833333333 18.483136666666663,80.69425833333334,80.69425833333334 18.484103333333337,80.69497000000001,80.69497000000001 18.485073333333332,80.69568,80.69568 18.486045000000004,80.69639,80.69639 18.48701833333333,80.6971,80.6971 18.487993333333332,80.69780833333333,80.69780833333333 18.488968333333332,80.69851833333334,80.69851833333334 18.489943333333336,80.699225,80.699225 18.49092166666667,80.69993166666667,80.69993166666667 18.491901666666667,80.70063833333333,80.70063833333333 18.492886666666667,80.70134500000002,80.70134500000002 18.493880000000004,80.70204999999999,80.70204999999999 18.494886666666662,80.70275499999998,80.70275499999998 18.49591333333333,80.70346,80.70346 18.496951666666668,80.70416333333331,80.70416333333331 18.498001666666667,80.70486833333334,80.70486833333334 18.499066666666668,80.70557166666667,80.70557166666667 18.500155,80.706275,80.706275 18.501266666666666,80.70697833333334,80.70697833333334 18.502399999999998,80.70768166666667,80.70768166666667 18.503551666666667,80.70838333333332,80.70838333333332 18.504721666666665,80.70908500000002,80.70908500000002 18.505905000000002,80.70978666666666,80.70978666666666 18.507101666666667,80.71048666666667,80.71048666666667 18.508305,80.71118666666666,80.71118666666666 18.50950666666667,80.71188833333333,80.71188833333333 18.510709999999996,80.71258666666665,80.71258666666665 18.511923333333336,80.71328666666666,80.71328666666666 18.513143333333332,80.71398333333332,80.71398333333332 18.514368333333337,80.71468,80.71468 18.515591666666666,80.71537500000001,80.71537500000001 18.516818333333333,80.71606833333334,80.71606833333334 18.518048333333336,80.71676166666666,80.71676166666666 18.519276666666666,80.71745333333332,80.71745333333332 18.520500000000002,80.71814499999999,80.71814499999999 18.521718333333336,80.71883500000001,80.71883500000001 18.52293333333333,80.71952499999999,80.71952499999999 18.52414166666667,80.72021500000001,80.72021500000001 18.52534166666667,80.72090333333333,80.72090333333333 18.526531666666664,80.72159333333335,80.72159333333335 18.52771,80.72228499999999,80.72228499999999 18.52887666666667,80.722975,80.722975 18.530029999999996,80.72366833333334,80.72366833333334 18.531166666666667,80.72436166666667,80.72436166666667 18.53229333333333,80.72505666666667,80.72505666666667 18.533408333333334,80.72575333333333,80.72575333333333 18.534513333333333,80.72645166666665,80.72645166666665 18.535603333333334,80.72715,80.72715 18.53668,80.72785166666667,80.72785166666667 18.53774333333333,80.72855333333334,80.72855333333334 18.538795,80.72925666666667,80.72925666666667 18.53983,80.72996333333333,80.72996333333333 18.540855,80.73066833333333,80.73066833333333 18.541868333333333,80.73137499999999,80.73137499999999 18.542876666666665,80.73208333333334,80.73208333333334 18.54388666666667,80.73279166666666,80.73279166666666 18.54490333333333,80.73349833333334,80.73349833333334 18.545925,80.73420666666667,80.73420666666667 18.54695,80.73491333333332,80.73491333333332 18.54798,80.73562166666666,80.73562166666666 18.549018333333333,80.73632833333332,80.73632833333332 18.55005666666667,80.737035,80.737035 18.551095000000004,80.73774,80.73774 18.552128333333332,80.738445,80.738445 18.553156666666663,80.73915,80.73915 18.554178333333333,80.73985166666667,80.73985166666667 18.555195,80.74055333333334,80.74055333333334 18.556206666666668,80.74125333333332,80.74125333333332 18.557215,80.74195333333333,80.74195333333333 18.558223333333334,80.74265166666667,80.74265166666667 18.559233333333335,80.74334833333334,80.74334833333334 18.56024833333333,80.744045,80.744045 18.56127166666667,80.74474,80.74474 18.5623,80.745435,80.745435 18.563333333333336,80.74613,80.74613 18.564366666666672,80.74682666666665,80.74682666666665 18.56540166666667,80.74752333333332,80.74752333333332 18.566438333333334,80.74822,80.74822 18.56748166666667,80.74891833333332,80.74891833333332 18.568524999999998,80.74961666666667,80.74961666666667 18.569568333333333,80.75031666666668,80.75031666666668 18.570615000000004,80.751015,80.751015 18.571665,80.751715,80.751715 18.57272333333333,80.752415,80.752415 18.57379,80.75311500000001,80.75311500000001 18.574863333333333,80.75381666666668,80.75381666666668 18.57594333333333,80.75451833333332,80.75451833333332 18.577033333333336,80.75522,80.75522 18.57813666666667,80.75592166666667,80.75592166666667 18.579251666666664,80.756625,80.756625 18.580379999999998,80.75732833333333,80.75732833333333 18.581523333333333,80.75803166666667,80.75803166666667 18.582678333333337,80.75873333333334,80.75873333333334 18.583845,80.75943666666667,80.75943666666667 18.585018333333334,80.76013833333332,80.76013833333332 18.586201666666668,80.76083833333333,80.76083833333333 18.587393333333335,80.76153833333333,80.76153833333333 18.588593333333332,80.76223833333333,80.76223833333333 18.589796666666665,80.76293833333334,80.76293833333334 18.591001666666664,80.76363666666666,80.76363666666666 18.592211666666664,80.76433666666667,80.76433666666667 18.593421666666664,80.76503500000001,80.76503500000001 18.59463,80.76573333333333,80.76573333333333 18.595836666666667,80.76643166666666,80.76643166666666 18.597043333333332,80.76713000000001,80.76713000000001 18.59825,80.76782833333333,80.76782833333333 18.599455000000003,80.76852500000001,80.76852500000001 18.600656666666666,80.76922333333333,80.76922333333333 18.601856666666666,80.76992,80.76992 18.60306,80.77061833333335,80.77061833333335 18.604261666666666,80.771315,80.771315 18.605465,80.77201166666666,80.77201166666666 18.606669999999998,80.77270833333334,80.77270833333334 18.607875,80.77340500000001,80.77340500000001 18.60908166666667,80.7741,80.7741 18.610290000000003,80.77479666666666,80.77479666666666 18.611498333333333,80.77549166666667,80.77549166666667 18.612711666666666,80.77618833333332,80.77618833333332 18.61392666666667,80.77688333333334,80.77688333333334 18.615143333333332,80.77757833333334,80.77757833333334 18.61636166666667,80.77827500000001,80.77827500000001 18.61758,80.77897,80.77897 18.618803333333336,80.77966666666666,80.77966666666666 18.62003,80.78036333333333,80.78036333333333 18.62126,80.78105833333335,80.78105833333335 18.622488333333333,80.781755,80.781755 18.623715,80.78245333333332,80.78245333333332 18.624938333333336,80.78315166666667,80.78315166666667 18.626160000000002,80.78385,80.78385 18.627376666666663,80.78455000000001,80.78455000000001 18.62858666666667,80.78524999999999,80.78524999999999 18.629793333333335,80.78595,80.78595 18.631001666666666,80.78664999999998,80.78664999999998 18.632210000000004,80.78735166666668,80.78735166666668 18.633418333333335,80.78805166666666,80.78805166666666 18.634625,80.78875166666667,80.78875166666667 18.635833333333338,80.78945333333333,80.78945333333333 18.63704166666667,80.79015333333334,80.79015333333334 18.638250000000003,80.79085500000001,80.79085500000001 18.639461666666666,80.79155500000002,80.79155500000002 18.640673333333332,80.792255,80.792255 18.641881666666666,80.79295666666667,80.79295666666667 18.643089999999997,80.79365666666665,80.79365666666665 18.644298333333328,80.79435666666666,80.79435666666666 18.64550833333333,80.79505666666667,80.79505666666667 18.64672,80.795755,80.795755 18.647934999999997,80.79645333333332,80.79645333333332 18.649153333333334,80.79715,80.79715 18.650371666666672,80.79784666666666,80.79784666666666 18.651591666666665,80.79854333333333,80.79854333333333 18.65281333333333,80.79923999999998,80.79923999999998 18.654036666666666,80.799935,80.799935 18.655256666666666,80.80063166666666,80.80063166666666 18.656466666666667,80.80132666666667,80.80132666666667 18.65766166666667,80.80202333333332,80.80202333333332 18.658845,80.80272000000001,80.80272000000001 18.66000833333333,80.80341833333333,80.80341833333333 18.66115,80.80411833333332,80.80411833333332 18.662264999999998,80.80481833333333,80.80481833333333 18.663356666666665,80.80551833333334,80.80551833333334 18.66442666666667,80.80622000000001,80.80622000000001 18.66547,80.80692333333334,80.80692333333334 18.666486666666668,80.80762666666668,80.80762666666668 18.667479999999998,80.80832999999998,80.80832999999998 18.66845,80.80903500000001,80.80903500000001 18.669393333333332,80.80974,80.80974 18.670313333333336,80.810445,80.810445 18.671208333333333,80.81115166666667,80.81115166666667 18.67208166666667,80.81185833333333,80.81185833333333 18.67293833333333,80.81256499999999,80.81256499999999 18.673786666666672,80.81327166666665,80.81327166666665 18.67463166666667,80.81397833333334,80.81397833333334 18.675479999999997,80.814685,80.814685 18.676338333333337,80.81539166666666,80.81539166666666 18.67721,80.81609833333334,80.81609833333334 18.67808666666667,80.816805,80.816805 18.678968333333334,80.81751333333334,80.81751333333334 18.679858333333332,80.81821833333333,80.81821833333333 18.68076333333333,80.818925,80.818925 18.681676666666664,80.81962833333333,80.81962833333333 18.682591666666667,80.82033166666666,80.82033166666666 18.68350333333333,80.82103333333333,80.82103333333333 18.68442,80.82173333333334,80.82173333333334 18.685343333333332,80.82243166666667,80.82243166666667 18.68626833333333,80.82312833333333,80.82312833333333 18.687191666666667,80.82382333333332,80.82382333333332 18.688113333333334,80.82451833333333,80.82451833333333 18.689041666666668,80.82521,80.82521 18.68997166666667,80.8259,80.8259 18.6909,80.82659,80.82659 18.69183,80.82727833333334,80.82727833333334 18.692766666666664,80.827965,80.827965 18.693715,80.82865000000001,80.82865000000001 18.694671666666668,80.82933333333334,80.82933333333334 18.695638333333335,80.83001666666668,80.83001666666668 18.696613333333335,80.83069666666667,80.83069666666667 18.697598333333335,80.83137666666666,80.83137666666666 18.698601666666665,80.83205333333335,80.83205333333335 18.699623333333335,80.83273000000001,80.83273000000001 18.70066833333333,80.83340333333335,80.83340333333335 18.701739999999997,80.83407666666666,80.83407666666666 18.702838333333336,80.83474833333334,80.83474833333334 18.703963333333338,80.83541833333332,80.83541833333332 18.705111666666667,80.83608666666667,80.83608666666667 18.706283333333335,80.83675333333335,80.83675333333335 18.70747833333333,80.83741833333335,80.83741833333335 18.708693333333333,80.83808333333333,80.83808333333333 18.709919999999997,80.83874666666667,80.83874666666667 18.711148333333334,80.83941,80.83941 18.712374999999998,80.84007333333335,80.84007333333335 18.713600000000003,80.84073666666666,80.84073666666666 18.714816666666664,80.84139833333334,80.84139833333334 18.716019999999997,80.84206166666665,80.84206166666665 18.717213333333333,80.842725,80.842725 18.71839333333333,80.84338833333334,80.84338833333334 18.71956166666667,80.84405,80.84405 18.720719999999996,80.84471166666667,80.84471166666667 18.721864999999998,80.84537333333333,80.84537333333333 18.723001666666672,80.84603333333334,80.84603333333334 18.72413,80.84669333333333,80.84669333333333 18.72525166666667,80.84735166666665,80.84735166666665 18.726364999999998,80.84800833333333,80.84800833333333 18.727471666666666,80.848665,80.848665 18.728573333333333,80.84932166666668,80.84932166666668 18.729671666666665,80.84997666666666,80.84997666666666 18.730768333333334,80.85063166666667,80.85063166666667 18.731863333333333,80.85128666666667,80.85128666666667 18.732958333333336,80.85193999999998,80.85193999999998 18.734058333333333,80.85259666666668,80.85259666666668 18.735161666666666,80.85325166666667,80.85325166666667 18.73626,80.85390999999998,80.85390999999998 18.737356666666667,80.85456666666668,80.85456666666668 18.738449999999997,80.855225,80.855225 18.73953666666667,80.855885,80.855885 18.740611666666666,80.85654333333333,80.85654333333333 18.741673333333328,80.85720333333335,80.85720333333335 18.742726666666666,80.857865,80.857865 18.74377833333333,80.85852499999999,80.85852499999999 18.744826666666665,80.85918500000001,80.85918500000001 18.74587,80.85984666666666,80.85984666666666 18.746908333333334,80.86050666666668,80.86050666666668 18.74794833333333,80.86116833333332,80.86116833333332 18.748989999999996,80.86183166666667,80.86183166666667 18.75002666666667,80.86249500000001,80.86249500000001 18.75105833333333,80.86315833333333,80.86315833333333 18.752095000000004,80.86382499999999,80.86382499999999 18.753131666666665,80.86449166666665,80.86449166666665 18.754166666666666,80.86516,80.86516 18.7552,80.86583,80.86583 18.756233333333334,80.866505,80.866505 18.757266666666663,80.86718,80.86718 18.758315000000003,80.86785666666667,80.86785666666667 18.759358333333335,80.86853500000001,80.86853500000001 18.760396666666665,80.869215,80.869215 18.761445,80.86989666666668,80.86989666666668 18.762506666666667,80.87057833333333,80.87057833333333 18.763573333333333,80.87126,80.87126 18.764646666666664,80.87194166666667,80.87194166666667 18.765731666666667,80.87262333333332,80.87262333333332 18.766833333333334,80.87330333333331,80.87330333333331 18.76794666666667,80.87398333333333,80.87398333333333 18.769073333333335,80.87466333333334,80.87466333333334 18.770213333333334,80.87534000000001,80.87534000000001 18.77136666666667,80.87601666666667,80.87601666666667 18.77253,80.87669166666667,80.87669166666667 18.773706666666662,80.87736333333335,80.87736333333335 18.774893333333335,80.878035,80.878035 18.776095,80.87870500000001,80.87870500000001 18.777306666666668,80.87937333333333,80.87937333333333 18.778526666666668,80.88004000000001,80.88004000000001 18.779756666666664,80.880705,80.880705 18.780988333333337,80.88137,80.88137 18.782218333333333,80.88203666666668,80.88203666666668 18.78344666666667,80.88270333333334,80.88270333333334 18.784676666666666,80.88337333333332,80.88337333333332 18.785906666666662,80.884045,80.884045 18.787138333333335,80.88472,80.88472 18.788368333333338,80.885395,80.885395 18.78959,80.88607166666667,80.88607166666667 18.790805,80.88675166666665,80.88675166666665 18.79201333333333,80.88743333333333,80.88743333333333 18.793211666666664,80.88811666666668,80.88811666666668 18.79440333333333,80.88880333333333,80.88880333333333 18.795593333333333,80.88949,80.88949 18.796778333333332,80.89017833333334,80.89017833333334 18.79795833333333,80.89086999999999,80.89086999999999 18.79913,80.89156166666666,80.89156166666666 18.800298333333334,80.89225333333334,80.89225333333334 18.801460000000002,80.89294833333334,80.89294833333334 18.80261,80.89364166666665,80.89364166666665 18.80375166666667,80.89433666666667,80.89433666666667 18.804885000000002,80.89503166666667,80.89503166666667 18.806008333333335,80.89572833333332,80.89572833333332 18.80711833333333,80.89642333333333,80.89642333333333 18.808218333333333,80.89711999999999,80.89711999999999 18.809308333333334,80.89781666666667,80.89781666666667 18.810388333333332,80.89851499999999,80.89851499999999 18.811459999999997,80.89921166666666,80.89921166666666 18.812521666666665,80.89991,80.89991 18.81357333333333,80.90061000000001,80.90061000000001 18.814613333333334,80.90130833333333,80.90130833333333 18.815645,80.90200833333334,80.90200833333334 18.81667333333333,80.90270833333335,80.90270833333335 18.817695,80.90341,80.90341 18.818709999999996,80.90411,80.90411 18.819718333333334,80.90481333333334,80.90481333333334 18.82072666666667,80.90551666666667,80.90551666666667 18.821736666666666,80.90622166666667,80.90622166666667 18.822744999999998,80.90692833333333,80.90692833333333 18.823751666666663,80.90763833333334,80.90763833333334 18.824756666666666,80.90835166666668,80.90835166666668 18.825758333333333,80.90906666666666,80.90906666666666 18.82676,80.90978499999999,80.90978499999999 18.827761666666664,80.91050499999999,80.91050499999999 18.82876166666667,80.91122666666666,80.91122666666666 18.829763333333336,80.91194999999999,80.91194999999999 18.830771666666667,80.91267666666667,80.91267666666667 18.83178666666667,80.91340166666666,80.91340166666666 18.832810000000002,80.91412833333334,80.91412833333334 18.833841666666668,80.91485666666668,80.91485666666668 18.834886666666666,80.91558333333334,80.91558333333334 18.835938333333335,80.91631,80.91631 18.837000000000003,80.91703833333334,80.91703833333334 18.838071666666664,80.91776499999999,80.91776499999999 18.839155000000005,80.91849166666665,80.91849166666665 18.84024666666667,80.91921833333335,80.91921833333335 18.841345,80.91994333333335,80.91994333333335 18.842451666666665,80.92066833333334,80.92066833333334 18.84356666666667,80.92139333333333,80.92139333333333 18.844685,80.922115,80.922115 18.84581,80.92283666666667,80.92283666666667 18.846941666666662,80.92355666666667,80.92355666666667 18.84808,80.924275,80.924275 18.849223333333338,80.92499333333333,80.92499333333333 18.850373333333334,80.92570833333333,80.92570833333333 18.851535,80.92642333333333,80.92642333333333 18.852705,80.92713666666666,80.92713666666666 18.85388166666667,80.92784833333333,80.92784833333333 18.855069999999998,80.92856,80.92856 18.85626666666667,80.92927,80.92927 18.85747333333333,80.92997999999999,80.92997999999999 18.858686666666664,80.93068833333334,80.93068833333334 18.85990833333333,80.93139666666666,80.93139666666666 18.861138333333333,80.932105,80.932105 18.862376666666666,80.93281166666667,80.93281166666667 18.86362333333333,80.93352,80.93352 18.864876666666667,80.93422666666666,80.93422666666666 18.866139999999998,80.93493499999998,80.93493499999998 18.86741,80.93564333333333,80.93564333333333 18.868683333333333,80.93634999999999,80.93634999999999 18.869954999999997,80.93705666666668,80.93705666666668 18.871223333333333,80.937765,80.937765 18.872486666666667,80.93847000000001,80.93847000000001 18.873746666666666,80.93917666666667,80.93917666666667 18.875003333333336,80.93988166666666,80.93988166666666 18.876254999999997,80.940585,80.940585 18.877503333333333,80.94128833333333,80.94128833333333 18.87874833333333,80.94199,80.94199 18.879986666666664,80.94269166666666,80.94269166666666 18.881220000000003,80.94339333333333,80.94339333333333 18.88245,80.94409333333334,80.94409333333334 18.883675000000004,80.94479333333335,80.94479333333335 18.88489666666667,80.945495,80.945495 18.886115,80.946195,80.946195 18.887330000000002,80.94689666666667,80.94689666666667 18.88854333333333,80.94759833333332,80.94759833333332 18.889755,80.94830166666668,80.94830166666668 18.890961666666666,80.94900500000001,80.94900500000001 18.892161666666667,80.94970833333332,80.94970833333332 18.89335666666667,80.95041166666665,80.95041166666665 18.894544999999997,80.95111333333332,80.95111333333332 18.895726666666665,80.95181666666666,80.95181666666666 18.896900000000002,80.95251999999999,80.95251999999999 18.898068333333335,80.95322333333333,80.95322333333333 18.89923166666667,80.95392666666666,80.95392666666666 18.900386666666666,80.95463166666666,80.95463166666666 18.901535000000003,80.95533833333334,80.95533833333334 18.90267833333333,80.956045,80.956045 18.903816666666668,80.95675333333332,80.95675333333332 18.904948333333333,80.95746333333334,80.95746333333334 18.90607666666667,80.95817166666667,80.95817166666667 18.907203333333335,80.95888166666666,80.95888166666666 18.90833,80.95959,80.95959 18.909456666666664,80.96029833333333,80.96029833333333 18.910586666666664,80.96100499999999,80.96100499999999 18.911719999999995,80.96170999999998,80.96170999999998 18.912858333333332,80.96241333333334,80.96241333333334 18.914003333333334,80.96311500000002,80.96311500000002 18.91515,80.963815,80.963815 18.916300000000003,80.96451333333331,80.96451333333331 18.917458333333332,80.96521166666666,80.96521166666666 18.918623333333333,80.96590666666667,80.96590666666667 18.919796666666663,80.9666,80.9666 18.920975000000002,80.96729333333333,80.96729333333333 18.922161666666668,80.96798500000001,80.96798500000001 18.923355,80.96867499999999,80.96867499999999 18.92455333333333,80.96936333333332,80.96936333333332 18.92575166666667,80.97005166666666,80.97005166666666 18.926948333333335,80.97073999999999,80.97073999999999 18.92814166666667,80.97142833333334,80.97142833333334 18.929333333333336,80.972115,80.972115 18.93052166666667,80.97280166666667,80.97280166666667 18.93170833333333,80.97348999999998,80.97348999999998 18.932893333333336,80.97417666666668,80.97417666666668 18.934078333333332,80.97486333333333,80.97486333333333 18.93526,80.97555,80.97555 18.93643833333334,80.97623833333334,80.97623833333334 18.937611666666662,80.97692500000001,80.97692500000001 18.93878,80.97761166666668,80.97761166666668 18.939945,80.97829999999999,80.97829999999999 18.941105,80.97898666666666,80.97898666666666 18.942259999999997,80.979675,80.979675 18.94341,80.98036166666667,80.98036166666667 18.944556666666667,80.98104833333333,80.98104833333333 18.945694999999997,80.98173333333335,80.98173333333335 18.946826666666666,80.98241833333333,80.98241833333333 18.947950000000002,80.98310000000001,80.98310000000001 18.949064999999997,80.98377833333333,80.98377833333333 18.950166666666668,80.98445666666666,80.98445666666666 18.95125333333333,80.98513166666666,80.98513166666666 18.952329999999996,80.985805,80.985805 18.953396666666666,80.98647666666668,80.98647666666668 18.954451666666667,80.98714666666666,80.98714666666666 18.955495,80.98781666666667,80.98781666666667 18.95652833333333,80.988485,80.988485 18.957551666666667,80.98915333333333,80.98915333333333 18.958568333333336,80.98982,80.98982 18.959585,80.99048499999999,80.99048499999999 18.960600000000003,80.99114666666665,80.99114666666665 18.961615,80.99180666666666,80.99180666666666 18.962631666666667,80.99246666666666,80.99246666666666 18.963651666666667,80.99312333333334,80.99312333333334 18.964676666666666,80.99377833333332,80.99377833333332 18.965706666666666,80.99443333333333,80.99443333333333 18.966738333333332,80.99508500000002,80.99508500000002 18.96777666666667,80.99573500000001,80.99573500000001 18.968823333333333,80.996385,80.996385 18.969873333333336,80.99703166666667,80.99703166666667 18.970926666666667,80.99767833333334,80.99767833333334 18.971985,80.99832333333335,80.99832333333335 18.973048333333335,80.998965,80.998965 18.974120000000003,80.99960666666665,80.99960666666665 18.9752,81.00024333333333,81.00024333333333 18.976286666666663,81.00088000000001,81.00088000000001 18.977380000000004,81.00151333333332,81.00151333333332 18.97848,81.00214500000001,81.00214500000001 18.97958666666667,81.002775,81.002775 18.98070166666667,81.00340166666668,81.00340166666668 18.98182166666667,81.00402666666666,81.00402666666666 18.982944999999997,81.00465000000001,81.00465000000001 18.98407166666667,81.00527166666667,81.00527166666667 18.9852,81.00589166666667,81.00589166666667 18.986328333333333,81.00651166666667,81.00651166666667 18.987454999999997,81.00713,81.00713 18.98858,81.00774833333334,81.00774833333334 18.989698333333333,81.00836666666667,81.00836666666667 18.99081,81.00898333333332,81.00898333333332 18.99191666666667,81.00959999999999,81.00959999999999 18.993020000000005,81.01021833333333,81.01021833333333 18.99411833333333,81.010835,81.010835 18.995214999999998,81.01145333333334,81.01145333333334 18.99630833333333,81.01207166666667,81.01207166666667 18.99740166666667,81.01269,81.01269 18.998498333333337,81.01330833333334,81.01330833333334 18.999603333333337,81.01392833333331,81.01392833333331 19.000715,81.01454666666667,81.01454666666667 19.001829999999998,81.01516666666667,81.01516666666667 19.002946666666663,81.01578500000001,81.01578500000001 19.004064999999997,81.016405,81.016405 19.00518666666667,81.01702333333331,81.01702333333331 19.006306666666667,81.01764333333334,81.01764333333334 19.007425,81.01826333333334,81.01826333333334 19.008538333333334,81.018885,81.018885 19.009648333333335,81.01950666666666,81.01950666666666 19.010755,81.02013000000001,81.02013000000001 19.01186,81.02075666666666,81.02075666666666 19.012963333333335,81.02138333333335,81.02138333333335 19.014063333333336,81.02201333333335,81.02201333333335 19.01515666666667,81.02264333333332,81.02264333333332 19.016243333333332,81.02327666666666,81.02327666666666 19.017321666666668,81.02390999999999,81.02390999999999 19.018396666666664,81.02454666666665,81.02454666666665 19.019468333333332,81.02518166666665,81.02518166666665 19.020533333333333,81.02582000000001,81.02582000000001 19.021591666666662,81.02645833333332,81.02645833333332 19.022641666666665,81.02709666666665,81.02709666666665 19.02368833333333,81.02773499999999,81.02773499999999 19.024731666666664,81.02837500000001,81.02837500000001 19.025769999999998,81.029015,81.029015 19.026808333333335,81.02965666666668,81.02965666666668 19.02784833333334,81.03029833333333,81.03029833333333 19.028891666666667,81.03094333333334,81.03094333333334 19.029933333333336,81.03158833333333,81.03158833333333 19.030975,81.032235,81.032235 19.03202,81.03288333333333,81.03288333333333 19.033068333333333,81.03353166666668,81.03353166666668 19.034121666666664,81.03418166666667,81.03418166666667 19.035179999999997,81.03483333333332,81.03483333333332 19.036243333333335,81.03548500000001,81.03548500000001 19.03731166666667,81.03613666666666,81.03613666666666 19.038386666666668,81.03679000000001,81.03679000000001 19.039468333333332,81.03744166666667,81.03744166666667 19.040553333333335,81.038095,81.038095 19.04164,81.03874833333332,81.03874833333332 19.042730000000002,81.0394,81.0394 19.043820000000004,81.04005166666668,81.04005166666668 19.044913333333334,81.04070333333334,81.04070333333334 19.046010000000003,81.04135333333333,81.04135333333333 19.047110000000004,81.042,81.042 19.048216666666665,81.04264833333333,81.04264833333333 19.049325,81.04329333333334,81.04329333333334 19.05045,81.04393666666668,81.04393666666668 19.051576666666666,81.04458166666666,81.04458166666666 19.05270666666667,81.045225,81.045225 19.053843333333337,81.04587000000001,81.04587000000001 19.05498833333333,81.04651666666668,81.04651666666668 19.056134999999998,81.04716166666668,81.04716166666668 19.057280000000002,81.04780833333332,81.04780833333332 19.05842833333333,81.04845666666665,81.04845666666665 19.059578333333334,81.04910499999998,81.04910499999998 19.06072666666667,81.04975333333334,81.04975333333334 19.061875,81.050405,81.050405 19.063026666666666,81.05105833333334,81.05105833333334 19.064183333333336,81.051715,81.051715 19.065348333333333,81.052375,81.052375 19.06652,81.05303833333333,81.05303833333333 19.067701666666668,81.05370500000001,81.05370500000001 19.068893333333328,81.05437333333333,81.05437333333333 19.070096666666668,81.055045,81.055045 19.07131,81.05571666666665,81.05571666666665 19.07252833333333,81.05639,81.05639 19.073751666666666,81.05706333333333,81.05706333333333 19.074976666666664,81.05773833333333,81.05773833333333 19.076201666666666,81.05841166666667,81.05841166666667 19.077428333333334,81.05908500000001,81.05908500000001 19.07866166666667,81.05975666666667,81.05975666666667 19.079895,81.06042666666669,81.06042666666669 19.081131666666668,81.06109666666667,81.06109666666667 19.082365,81.061765,81.061765 19.083593333333337,81.06243166666667,81.06243166666667 19.084816666666665,81.06309833333333,81.06309833333333 19.086036666666665,81.06376333333333,81.06376333333333 19.087253333333333,81.06442833333334,81.06442833333334 19.088463333333333,81.065095,81.065095 19.089668333333332,81.06576,81.06576 19.090866666666667,81.06642500000001,81.06642500000001 19.092056666666664,81.06709000000001,81.06709000000001 19.093235,81.067755,81.067755 19.094400000000004,81.06842166666668,81.06842166666668 19.09555,81.06909,81.06909 19.096688333333336,81.06975666666666,81.06975666666666 19.097806666666667,81.07042666666666,81.07042666666666 19.098906666666664,81.07109500000001,81.07109500000001 19.099993333333337,81.07176666666666,81.07176666666666 19.101073333333332,81.07243666666668,81.07243666666668 19.10214333333333,81.07310833333332,81.07310833333332 19.1032,81.07378,81.07378 19.104245,81.07445333333334,81.07445333333334 19.10528166666667,81.07512666666666,81.07512666666666 19.10631,81.0758,81.0758 19.10733,81.07647333333334,81.07647333333334 19.10834,81.07714666666668,81.07714666666668 19.10934166666667,81.07782000000002,81.07782000000002 19.11033666666667,81.07849333333333,81.07849333333333 19.111324999999997,81.07916666666667,81.07916666666667 19.112305,81.07984,81.07984 19.11328166666667,81.08051333333331,81.08051333333331 19.11426166666667,81.08118666666665,81.08118666666665 19.115245,81.08186166666665,81.08186166666665 19.116235,81.082535,81.082535 19.11723,81.08321,81.08321 19.118236666666665,81.08388333333333,81.08388333333333 19.119251666666667,81.08455833333333,81.08455833333333 19.120274999999996,81.08523333333332,81.08523333333332 19.121306666666666,81.08590833333332,81.08590833333332 19.12234666666667,81.08658333333332,81.08658333333332 19.123393333333333,81.08725666666666,81.08725666666666 19.124448333333333,81.08793,81.08793 19.125508333333332,81.08860333333334,81.08860333333334 19.126575000000003,81.08927333333332,81.08927333333332 19.12764833333333,81.08994333333334,81.08994333333334 19.12873,81.09061166666666,81.09061166666666 19.129814999999997,81.09127833333334,81.09127833333334 19.130906666666668,81.091945,81.091945 19.13200666666667,81.09261,81.09261 19.13311333333333,81.09327333333334,81.09327333333334 19.134230000000002,81.09393666666665,81.09393666666665 19.135353333333335,81.0946,81.0946 19.136486666666666,81.095265,81.095265 19.137631666666664,81.09592833333333,81.09592833333333 19.13878833333333,81.09658999999999,81.09658999999999 19.139953333333338,81.09725333333333,81.09725333333333 19.141125000000002,81.09791499999999,81.09791499999999 19.142306666666663,81.09857833333332,81.09857833333332 19.143496666666667,81.09924000000001,81.09924000000001 19.144686666666665,81.09990333333334,81.09990333333334 19.14587,81.10056666666667,81.10056666666667 19.147051666666666,81.10123166666666,81.10123166666666 19.148231666666668,81.10189666666666,81.10189666666666 19.149406666666668,81.10255999999998,81.10255999999998 19.150575,81.10322666666667,81.10322666666667 19.151748333333337,81.10389166666667,81.10389166666667 19.152923333333337,81.10456,81.10456 19.154103333333335,81.10522833333333,81.10522833333333 19.155286666666665,81.10589833333334,81.10589833333334 19.156475,81.10656999999999,81.10656999999999 19.157668333333334,81.10724166666667,81.10724166666667 19.15886833333333,81.107915,81.107915 19.16006666666667,81.10858833333333,81.10858833333333 19.161268333333336,81.10926333333333,81.10926333333333 19.16247166666667,81.10993666666667,81.10993666666667 19.163675,81.11061333333333,81.11061333333333 19.164874999999995,81.11128833333333,81.11128833333333 19.166076666666665,81.11196333333334,81.11196333333334 19.167278333333336,81.11263833333334,81.11263833333334 19.168476666666663,81.113315,81.113315 19.169671666666666,81.11398833333334,81.11398833333334 19.170866666666665,81.11466333333334,81.11466333333334 19.17206,81.11533500000002,81.11533500000002 19.173248333333333,81.11600666666666,81.11600666666666 19.174435,81.11667666666668,81.11667666666668 19.175621666666668,81.11734666666666,81.11734666666666 19.176808333333334,81.11801333333334,81.11801333333334 19.17799666666666,81.11868,81.11868 19.179186666666666,81.119345,81.119345 19.180376666666664,81.12000833333335,81.12000833333335 19.181569999999997,81.12067166666668,81.12067166666668 19.182763333333334,81.121335,81.121335 19.183954999999997,81.12199833333334,81.12199833333334 19.185146666666665,81.12266166666667,81.12266166666667 19.186339999999998,81.12332666666666,81.12332666666666 19.187533333333334,81.12399333333332,81.12399333333332 19.188723333333332,81.12466166666667,81.12466166666667 19.189911666666667,81.12533166666667,81.12533166666667 19.191098333333333,81.12600333333334,81.12600333333334 19.19228166666667,81.12667666666665,81.12667666666665 19.193463333333337,81.12735333333335,81.12735333333335 19.194641666666666,81.12803000000001,81.12803000000001 19.195815,81.12870666666667,81.12870666666667 19.19698166666667,81.129385,81.129385 19.198143333333334,81.13006333333333,81.13006333333333 19.199299999999997,81.13074,81.13074 19.200448333333334,81.13141833333333,81.13141833333333 19.201585,81.13209666666665,81.13209666666665 19.202711666666666,81.13277500000001,81.13277500000001 19.20383,81.13345333333334,81.13345333333334 19.20494,81.13413166666666,81.13413166666666 19.20603666666667,81.13481000000002,81.13481000000002 19.207125,81.13548833333334,81.13548833333334 19.208208333333335,81.13616833333334,81.13616833333334 19.20928333333333,81.13684833333333,81.13684833333333 19.21035333333333,81.13752999999998,81.13752999999998 19.211421666666666,81.13821166666666,81.13821166666666 19.212495000000004,81.138895,81.138895 19.213573333333333,81.13958,81.13958 19.214653333333334,81.140265,81.140265 19.215743333333336,81.14095,81.14095 19.216845,81.141635,81.141635 19.21796,81.14232166666669,81.14232166666669 19.219086666666666,81.14300666666666,81.14300666666666 19.220216666666666,81.14369499999998,81.14369499999998 19.221351666666667,81.14438333333334,81.14438333333334 19.222496666666665,81.14507166666668,81.14507166666668 19.223648333333333,81.14576166666667,81.14576166666667 19.224806666666666,81.14645166666665,81.14645166666665 19.22597333333333,81.14714166666667,81.14714166666667 19.227151666666668,81.14783166666665,81.14783166666665 19.228340000000003,81.14852166666667,81.14852166666667 19.229540000000004,81.14921166666667,81.14921166666667 19.230751666666666,81.1499,81.1499 19.231971666666666,81.15058666666665,81.15058666666665 19.23320166666667,81.15127166666666,81.15127166666666 19.23444333333333,81.15195666666666,81.15195666666666 19.235691666666664,81.15263999999999,81.15263999999999 19.236941666666663,81.15332166666667,81.15332166666667 19.23819333333333,81.15400333333335,81.15400333333335 19.23944666666667,81.15468333333334,81.15468333333334 19.24071,81.15536333333333,81.15536333333333 19.24197666666667,81.15604166666667,81.15604166666667 19.243246666666668,81.15671999999999,81.15671999999999 19.244521666666664,81.15739666666666,81.15739666666666 19.245805,81.15807166666666,81.15807166666666 19.24709666666667,81.15874666666666,81.15874666666666 19.248393333333336,81.15942,81.15942 19.249693333333337,81.16009333333334,81.16009333333334 19.250993333333334,81.16076500000001,81.16076500000001 19.25229333333333,81.16143666666667,81.16143666666667 19.25359,81.16210666666666,81.16210666666666 19.25488,81.16277499999998,81.16277499999998 19.256153333333334,81.163445,81.163445 19.25741166666667,81.16411666666666,81.16411666666666 19.25866166666667,81.16478833333333,81.16478833333333 19.259903333333334,81.16546166666667,81.16546166666667 19.261135000000003,81.16613500000001,81.16613500000001 19.262353333333333,81.16681166666667,81.16681166666667 19.263566666666666,81.16749,81.16749 19.264775000000004,81.16816833333334,81.16816833333334 19.265975,81.16884833333333,81.16884833333333 19.267166666666665,81.16953000000001,81.16953000000001 19.26835,81.17021333333335,81.17021333333335 19.269525,81.17089833333333,81.17089833333333 19.270690000000002,81.17158500000001,81.17158500000001 19.271845,81.17227333333334,81.17227333333334 19.272991666666666,81.17296166666665,81.17296166666665 19.274126666666668,81.17365166666667,81.17365166666667 19.27525166666667,81.17434333333334,81.17434333333334 19.276370000000004,81.175035,81.175035 19.277481666666663,81.17572833333332,81.17572833333332 19.27858833333333,81.17642166666666,81.17642166666666 19.27969,81.177115,81.177115 19.28079,81.17780666666667,81.17780666666667 19.281885,81.17849833333334,81.17849833333334 19.282978333333332,81.17918999999999,81.17918999999999 19.284068333333334,81.17988166666666,81.17988166666666 19.285153333333337,81.18057166666668,81.18057166666668 19.286235,81.18126,81.18126 19.287313333333337,81.18194833333335,81.18194833333335 19.288391666666666,81.18263499999999,81.18263499999999 19.289465,81.18332166666667,81.18332166666667 19.290535,81.18400833333334,81.18400833333334 19.291606666666667,81.18469499999999,81.18469499999999 19.292683333333333,81.18538166666669,81.18538166666669 19.293763333333334,81.18606666666666,81.18606666666666 19.29485,81.18674999999999,81.18674999999999 19.295948333333335,81.18743333333333,81.18743333333333 19.297056666666666,81.18811666666667,81.18811666666667 19.29818,81.18879833333334,81.18879833333334 19.29931666666667,81.18947833333333,81.18947833333333 19.300461666666667,81.19015833333331,81.19015833333331 19.301616666666664,81.190835,81.190835 19.30278666666667,81.19151166666667,81.19151166666667 19.303968333333334,81.19218666666667,81.19218666666667 19.305163333333336,81.19286000000001,81.19286000000001 19.306368333333335,81.19353333333332,81.19353333333332 19.307586666666666,81.19420333333333,81.19420333333333 19.30881833333333,81.19487166666667,81.19487166666667 19.310061666666666,81.19554,81.19554 19.311315,81.19620499999999,81.19620499999999 19.31257666666667,81.19687166666667,81.19687166666667 19.313843333333335,81.197535,81.197535 19.315115,81.19819833333332,81.19819833333332 19.316388333333332,81.19886,81.19886 19.31766,81.19952333333333,81.19952333333333 19.31893,81.20018499999999,81.20018499999999 19.320201666666666,81.20084666666666,81.20084666666666 19.321471666666664,81.20150666666666,81.20150666666666 19.322741666666666,81.20216833333333,81.20216833333333 19.32402,81.20282999999999,81.20282999999999 19.32530333333333,81.20349166666666,81.20349166666666 19.326586666666664,81.20415333333335,81.20415333333335 19.327868333333335,81.20481333333333,81.20481333333333 19.329146666666666,81.20547499999999,81.20547499999999 19.33042166666667,81.20613666666667,81.20613666666667 19.331688333333336,81.20679833333332,81.20679833333332 19.33295,81.20746,81.20746 19.33420166666667,81.20812,81.20812 19.335446666666666,81.20878166666667,81.20878166666667 19.336688333333335,81.20944166666666,81.20944166666666 19.337925,81.2101,81.2101 19.339160000000003,81.21076000000001,81.21076000000001 19.340396666666667,81.21141833333334,81.21141833333334 19.341635,81.21207666666666,81.21207666666666 19.34287,81.212735,81.212735 19.34410333333333,81.21339333333334,81.21339333333334 19.345335000000002,81.21405166666668,81.21405166666668 19.346568333333337,81.21471000000001,81.21471000000001 19.347801666666665,81.21537,81.21537 19.34903166666667,81.21602999999999,81.21602999999999 19.350259999999995,81.21669,81.21669 19.351486666666663,81.21735166666669,81.21735166666669 19.352711666666668,81.21801333333333,81.21801333333333 19.353931666666664,81.21867666666668,81.21867666666668 19.355148333333332,81.21934166666665,81.21934166666665 19.356363333333334,81.22000833333333,81.22000833333333 19.357578333333333,81.22067500000001,81.22067500000001 19.358790000000003,81.221345,81.221345 19.359995,81.22201666666668,81.22201666666668 19.361196666666668,81.22268999999999,81.22268999999999 19.3624,81.22336499999999,81.22336499999999 19.36359666666667,81.22403999999999,81.22403999999999 19.36479,81.22471666666668,81.22471666666668 19.365980000000004,81.22539333333334,81.22539333333334 19.367166666666662,81.22607166666667,81.22607166666667 19.36834833333333,81.22675,81.22675 19.36952666666667,81.22742833333335,81.22742833333335 19.37069833333333,81.22810833333334,81.22810833333334 19.371865,81.22878666666666,81.22878666666666 19.373026666666664,81.22946666666667,81.22946666666667 19.37418,81.230145,81.230145 19.375328333333336,81.23082500000001,81.23082500000001 19.376465,81.23150333333334,81.23150333333334 19.377586666666662,81.23218166666666,81.23218166666666 19.378698333333336,81.23286166666668,81.23286166666668 19.379801666666665,81.23354166666667,81.23354166666667 19.38089333333333,81.23422166666666,81.23422166666666 19.381976666666663,81.23490333333332,81.23490333333332 19.38304833333333,81.235585,81.235585 19.384114999999998,81.23627,81.23627 19.385175,81.236955,81.236955 19.386225,81.23764333333332,81.23764333333332 19.387265,81.23833166666667,81.23833166666667 19.388301666666663,81.23902333333335,81.23902333333335 19.38934,81.23971666666665,81.23971666666665 19.390376666666665,81.24041000000001,81.24041000000001 19.391408333333334,81.24110666666668,81.24110666666668 19.39243833333333,81.24180166666667,81.24180166666667 19.39346666666667,81.24249999999999,81.24249999999999 19.39449666666667,81.24319666666666,81.24319666666666 19.395525000000003,81.24389500000001,81.24389500000001 19.396555000000003,81.24459333333333,81.24459333333333 19.397586666666665,81.24529000000001,81.24529000000001 19.398621666666667,81.24598833333333,81.24598833333333 19.399656666666665,81.24668666666666,81.24668666666666 19.400695000000002,81.24738333333335,81.24738333333335 19.401745000000002,81.24808,81.24808 19.402801666666665,81.248775,81.248775 19.403869999999998,81.24947,81.24947 19.40495166666667,81.250165,81.250165 19.40604666666667,81.25085666666666,81.25085666666666 19.407156666666666,81.25154833333332,81.25154833333332 19.40828,81.25223833333332,81.25223833333332 19.409415,81.25292666666665,81.25292666666665 19.410563333333336,81.253615,81.253615 19.41172333333333,81.25430166666666,81.25430166666666 19.412891666666663,81.25498833333333,81.25498833333333 19.414068333333333,81.25567333333332,81.25567333333332 19.415251666666663,81.25635833333335,81.25635833333335 19.416441666666667,81.25704166666667,81.25704166666667 19.417635,81.25772666666666,81.25772666666666 19.418833333333335,81.25841,81.25841 19.420035,81.25909333333334,81.25909333333334 19.421241666666667,81.259775,81.259775 19.42244833333333,81.26045833333332,81.26045833333332 19.423656666666663,81.26114,81.26114 19.424868333333333,81.26182166666668,81.26182166666668 19.42608166666667,81.26250333333334,81.26250333333334 19.427298333333333,81.263185,81.263185 19.42852333333333,81.26386500000001,81.26386500000001 19.429756666666663,81.264545,81.264545 19.430993333333333,81.26522499999999,81.26522499999999 19.432236666666668,81.26590333333334,81.26590333333334 19.433486666666667,81.26658166666667,81.26658166666667 19.434739999999998,81.26726000000001,81.26726000000001 19.435995,81.26793833333333,81.26793833333333 19.437253333333334,81.268615,81.268615 19.43851166666667,81.26929333333332,81.26929333333332 19.439774999999997,81.26997166666668,81.26997166666668 19.441039999999997,81.27064833333334,81.27064833333334 19.442305,81.27132666666667,81.27132666666667 19.443568333333335,81.27200500000002,81.27200500000002 19.44483333333333,81.27268333333335,81.27268333333335 19.446103333333337,81.27336166666667,81.27336166666667 19.44737333333333,81.27404,81.27404 19.448643333333337,81.27471999999999,81.27471999999999 19.449915,81.27539999999999,81.27539999999999 19.451190000000004,81.27608000000001,81.27608000000001 19.452465,81.27675833333333,81.27675833333333 19.45374166666667,81.27743833333335,81.27743833333335 19.455025000000003,81.27811666666668,81.27811666666668 19.456310000000002,81.278795,81.278795 19.45760166666667,81.27947166666667,81.27947166666667 19.458893333333332,81.28014833333333,81.28014833333333 19.460191666666667,81.28082666666666,81.28082666666666 19.461493333333333,81.28150333333333,81.28150333333333 19.46279666666667,81.28218,81.28218 19.464103333333334,81.28285666666666,81.28285666666666 19.465411666666668,81.28353166666666,81.28353166666666 19.466720000000002,81.28420833333332,81.28420833333332 19.46802666666667,81.28488333333333,81.28488333333333 19.46933,81.28555999999999,81.28555999999999 19.470633333333332,81.28623499999999,81.28623499999999 19.471936666666668,81.28691166666668,81.28691166666668 19.473235,81.28758666666666,81.28758666666666 19.47453,81.28826,81.28826 19.47582666666667,81.28893333333333,81.28893333333333 19.477125,81.28960666666667,81.28960666666667 19.478426666666667,81.29027833333333,81.29027833333333 19.479728333333334,81.29095000000001,81.29095000000001 19.481035,81.29162166666666,81.29162166666666 19.48234666666667,81.29229000000001,81.29229000000001 19.483663333333332,81.29296,81.29296 19.484983333333336,81.29362833333333,81.29362833333333 19.486303333333336,81.29429666666668,81.29429666666668 19.48762333333333,81.29496666666667,81.29496666666667 19.488938333333333,81.29563666666665,81.29563666666665 19.490251666666666,81.29630833333333,81.29630833333333 19.49156166666667,81.29698166666667,81.29698166666667 19.492865,81.29765666666667,81.29765666666667 19.49416,81.29833333333333,81.29833333333333 19.49545166666667,81.29901166666666,81.29901166666666 19.496745,81.29969166666667,81.29969166666667 19.49804,81.30037166666666,81.30037166666666 19.499333333333336,81.30105166666668,81.30105166666668 19.500630000000005,81.30173333333333,81.30173333333333 19.50193,81.302415,81.302415 19.503236666666666,81.30309833333334,81.30309833333334 19.504546666666663,81.30378166666665,81.30378166666665 19.505861666666664,81.304465,81.304465 19.50717833333333,81.30514833333332,81.30514833333332 19.508501666666668,81.30583166666666,81.30583166666666 19.509828333333335,81.306515,81.306515 19.51114833333333,81.3072,81.3072 19.512463333333333,81.307885,81.307885 19.513776666666665,81.30857,81.30857 19.51508833333333,81.309255,81.309255 19.516393333333333,81.30994,81.30994 19.51769,81.310625,81.310625 19.51898666666667,81.31130999999999,81.31130999999999 19.520281666666662,81.31199333333333,81.31199333333333 19.521576666666668,81.31267833333334,81.31267833333334 19.522869999999998,81.31336166666667,81.31336166666667 19.52416,81.31404500000001,81.31404500000001 19.525450000000003,81.31472833333335,81.31472833333335 19.526741666666666,81.31541166666666,81.31541166666666 19.528033333333333,81.31609333333333,81.31609333333333 19.529324999999996,81.316775,81.316775 19.53061333333333,81.31745666666669,81.31745666666669 19.531905000000002,81.31813666666667,81.31813666666667 19.53319833333333,81.31881666666666,81.31881666666666 19.534489999999998,81.31949666666667,81.31949666666667 19.53578166666667,81.32017666666668,81.32017666666668 19.537076666666668,81.32085333333332,81.32085333333332 19.538376666666665,81.32153166666667,81.32153166666667 19.539681666666667,81.32220666666667,81.32220666666667 19.540991666666663,81.32288166666667,81.32288166666667 19.542310000000004,81.32355500000001,81.32355500000001 19.543636666666664,81.32422666666666,81.32422666666666 19.544975,81.32489666666667,81.32489666666667 19.546321666666667,81.32556833333334,81.32556833333334 19.54767833333333,81.32623666666666,81.32623666666666 19.549045,81.32690500000001,81.32690500000001 19.550416666666667,81.32757333333333,81.32757333333333 19.55179,81.32824000000001,81.32824000000001 19.553169999999998,81.32890666666667,81.32890666666667 19.554553333333335,81.32957333333333,81.32957333333333 19.55593833333333,81.33023833333334,81.33023833333334 19.55732,81.330905,81.330905 19.558701666666668,81.33157166666666,81.33157166666666 19.560081666666665,81.33223833333334,81.33223833333334 19.561463333333332,81.332905,81.332905 19.562840000000005,81.33357333333332,81.33357333333332 19.564209999999996,81.33424,81.33424 19.565578333333335,81.33490833333335,81.33490833333335 19.566944999999997,81.33557666666667,81.33557666666667 19.568306666666672,81.33624333333333,81.33624333333333 19.569661666666665,81.33691166666668,81.33691166666668 19.57100833333334,81.33757999999999,81.33757999999999 19.572349999999997,81.33825,81.33825 19.573683333333335,81.33891833333332,81.33891833333332 19.575008333333333,81.33958666666668,81.33958666666668 19.57632166666667,81.34025666666668,81.34025666666668 19.577625,81.34092666666666,81.34092666666666 19.578916666666665,81.34159666666665,81.34159666666665 19.580189999999998,81.34226666666666,81.34226666666666 19.58143833333333,81.34294,81.34294 19.582668333333334,81.343615,81.343615 19.583885000000002,81.34429166666666,81.34429166666666 19.585091666666663,81.34496833333333,81.34496833333333 19.58628333333333,81.34564666666665,81.34564666666665 19.587463333333336,81.34632666666667,81.34632666666667 19.58863333333333,81.34700666666666,81.34700666666666 19.58979833333333,81.34768833333334,81.34768833333334 19.590956666666667,81.34837,81.34837 19.592108333333332,81.34905166666668,81.34905166666668 19.59325666666667,81.349735,81.349735 19.594403333333336,81.35041833333334,81.35041833333334 19.595550000000003,81.3511,81.3511 19.596695,81.35178333333334,81.35178333333334 19.597839999999998,81.35246666666666,81.35246666666666 19.598986666666665,81.35315,81.35315 19.600135,81.35383166666666,81.35383166666666 19.601286666666667,81.354515,81.354515 19.60244,81.35519666666669,81.35519666666669 19.603596666666668,81.35588,81.35588 19.604756666666663,81.35656333333333,81.35656333333333 19.605918333333335,81.35724833333333,81.35724833333333 19.60708,81.35793333333334,81.35793333333334 19.608240000000002,81.35861999999999,81.35861999999999 19.609401666666667,81.35930666666665,81.35930666666665 19.610558333333334,81.359995,81.359995 19.611706666666667,81.36068333333333,81.36068333333333 19.612855000000003,81.36137166666667,81.36137166666667 19.613999999999997,81.36206,81.36206 19.615141666666663,81.36275,81.36275 19.616276666666664,81.36343833333333,81.36343833333333 19.617406666666664,81.36412833333334,81.36412833333334 19.618535000000005,81.36481666666667,81.36481666666667 19.61965833333333,81.36550666666668,81.36550666666668 19.620778333333334,81.366195,81.366195 19.62189666666666,81.366885,81.366885 19.623015000000002,81.36757333333334,81.36757333333334 19.624135,81.36826166666667,81.36826166666667 19.625261666666663,81.36894833333335,81.36894833333335 19.626395000000002,81.36963666666668,81.36963666666668 19.627536666666668,81.37032166666667,81.37032166666667 19.628684999999997,81.37100833333334,81.37100833333334 19.629845,81.37169166666665,81.37169166666665 19.631013333333332,81.37237666666667,81.37237666666667 19.632193333333333,81.37305833333332,81.37305833333332 19.633384999999997,81.37374166666666,81.37374166666666 19.63458833333333,81.37442333333334,81.37442333333334 19.6358,81.375105,81.375105 19.637023333333328,81.375785,81.375785 19.63825333333333,81.37646500000001,81.37646500000001 19.639491666666665,81.377145,81.377145 19.640736666666665,81.37782500000002,81.37782500000002 19.641988333333334,81.378505,81.378505 19.643246666666666,81.37918333333333,81.37918333333333 19.644506666666665,81.37986166666666,81.37986166666666 19.64577,81.38053833333333,81.38053833333333 19.647036666666665,81.381215,81.381215 19.648305,81.38189166666666,81.38189166666666 19.649573333333333,81.38256833333332,81.38256833333332 19.650845,81.38324333333333,81.38324333333333 19.652113333333332,81.38391666666666,81.38391666666666 19.653385,81.38459166666667,81.38459166666667 19.654658333333334,81.38526499999999,81.38526499999999 19.655933333333333,81.38593666666667,81.38593666666667 19.65720833333333,81.38661,81.38661 19.658485000000002,81.38728166666668,81.38728166666668 19.659763333333334,81.38795333333336,81.38795333333336 19.661046666666667,81.388625,81.388625 19.662331666666667,81.38929499999999,81.38929499999999 19.663619999999998,81.38996333333333,81.38996333333333 19.664908333333337,81.39063333333334,81.39063333333334 19.666196666666668,81.39130166666666,81.39130166666666 19.667490000000004,81.39196833333332,81.39196833333332 19.66879,81.39263333333334,81.39263333333334 19.67009,81.39329833333333,81.39329833333333 19.671394999999997,81.39396333333333,81.39396333333333 19.672706666666667,81.39462499999999,81.39462499999999 19.67402666666667,81.39528666666666,81.39528666666666 19.675348333333332,81.39594666666666,81.39594666666666 19.676675,81.39660666666667,81.39660666666667 19.678013333333336,81.39726333333334,81.39726333333334 19.679365,81.39792166666668,81.39792166666668 19.680725000000002,81.39857666666667,81.39857666666667 19.682095,81.39923333333331,81.39923333333331 19.683474999999998,81.39988833333335,81.39988833333335 19.68487,81.40054333333333,81.40054333333333 19.686276666666668,81.40119666666666,81.40119666666666 19.687693333333332,81.40185166666667,81.40185166666667 19.689121666666665,81.40250666666668,81.40250666666668 19.690560000000005,81.40316166666666,81.40316166666666 19.692011666666666,81.40381666666666,81.40381666666666 19.693469999999998,81.40447333333333,81.40447333333333 19.69493666666667,81.40513,81.40513 19.696408333333334,81.40578833333335,81.40578833333335 19.69789,81.40644666666668,81.40644666666668 19.69937333333333,81.40710333333332,81.40710333333332 19.700855,81.40776166666667,81.40776166666667 19.702334999999998,81.40842,81.40842 19.7038,81.40907833333333,81.40907833333333 19.705243333333332,81.40973666666666,81.40973666666666 19.706668333333333,81.41039333333333,81.41039333333333 19.708081666666665,81.41105166666665,81.41105166666665 19.709480000000003,81.41170833333335,81.41170833333335 19.71086,81.41236666666667,81.41236666666667 19.71222,81.41302666666667,81.41302666666667 19.713563333333333,81.41368833333333,81.41368833333333 19.714889999999997,81.41435,81.41435 19.716201666666667,81.41501333333333,81.41501333333333 19.717496666666666,81.41567833333335,81.41567833333335 19.718776666666667,81.416345,81.416345 19.720043333333333,81.41701166666667,81.41701166666667 19.721295,81.41767833333334,81.41767833333334 19.72253166666667,81.41834666666666,81.41834666666666 19.723753333333335,81.41901666666665,81.41901666666665 19.72495833333333,81.41968666666666,81.41968666666666 19.726146666666665,81.42035833333333,81.42035833333333 19.727311666666665,81.42103166666668,81.42103166666668 19.728458333333332,81.42170666666667,81.42170666666667 19.729585000000004,81.42238166666667,81.42238166666667 19.730698333333333,81.42305666666667,81.42305666666667 19.731793333333332,81.42373333333333,81.42373333333333 19.732875,81.42441000000001,81.42441000000001 19.73394333333333,81.42508833333333,81.42508833333333 19.735003333333335,81.425765,81.425765 19.73605333333333,81.42644333333332,81.42644333333332 19.737091666666664,81.42712166666668,81.42712166666668 19.738125,81.4278,81.4278 19.739148333333333,81.42847833333333,81.42847833333333 19.74016666666667,81.42915666666666,81.42915666666666 19.741178333333334,81.42983500000001,81.42983500000001 19.742185,81.43051333333334,81.43051333333334 19.743191666666664,81.43119333333334,81.43119333333334 19.744196666666667,81.43187166666667,81.43187166666667 19.745201666666667,81.43255166666665,81.43255166666665 19.74620666666667,81.43323166666667,81.43323166666667 19.747213333333335,81.43391333333335,81.43391333333335 19.748224999999998,81.43459333333334,81.43459333333334 19.749241666666666,81.435275,81.435275 19.75026333333333,81.43595666666666,81.43595666666666 19.75128666666667,81.43664,81.43664 19.752316666666665,81.43732166666668,81.43732166666668 19.753355000000003,81.43800333333334,81.43800333333334 19.754401666666666,81.43868499999999,81.43868499999999 19.755456666666667,81.43936666666667,81.43936666666667 19.75652,81.44004833333332,81.44004833333332 19.757590000000004,81.44072833333334,81.44072833333334 19.75866666666667,81.44140833333333,81.44140833333333 19.759750000000004,81.44208666666667,81.44208666666667 19.760841666666668,81.442765,81.442765 19.761941666666665,81.44344333333332,81.44344333333332 19.763053333333332,81.44412166666665,81.44412166666665 19.764173333333336,81.44479833333334,81.44479833333334 19.76530166666667,81.445475,81.445475 19.76644,81.44615,81.44615 19.767588333333336,81.44682666666667,81.44682666666667 19.768743333333337,81.44750166666667,81.44750166666667 19.769901666666666,81.44817666666667,81.44817666666667 19.77106333333333,81.44885166666667,81.44885166666667 19.77223,81.44952666666667,81.44952666666667 19.773400000000002,81.45020166666667,81.45020166666667 19.77457666666667,81.45087666666667,81.45087666666667 19.775761666666668,81.45155166666667,81.45155166666667 19.776960000000003,81.45222666666668,81.45222666666668 19.778171666666665,81.45290166666668,81.45290166666668 19.77940166666667,81.45357499999999,81.45357499999999 19.780645,81.45424666666666,81.45424666666666 19.781905,81.45491999999999,81.45491999999999 19.783181666666668,81.45559166666666,81.45559166666666 19.784473333333338,81.456265,81.456265 19.785778333333333,81.45693666666665,81.45693666666665 19.787093333333335,81.45761000000002,81.45761000000002 19.788415,81.45828333333333,81.45828333333333 19.78974166666666,81.458955,81.458955 19.791078333333335,81.45962833333334,81.45962833333334 19.792418333333334,81.46030000000002,81.46030000000002 19.79376166666667,81.46097166666667,81.46097166666667 19.795111666666664,81.46164333333333,81.46164333333333 19.796470000000003,81.462315,81.462315 19.79783666666667,81.46298666666668,81.46298666666668 19.799206666666663,81.46365833333333,81.46365833333333 19.800583333333336,81.46433,81.46433 19.801966666666665,81.46499999999999,81.46499999999999 19.803354999999996,81.46566833333333,81.46566833333333 19.804746666666666,81.46633666666668,81.46633666666668 19.80614,81.46700666666666,81.46700666666666 19.807525,81.46767499999999,81.46767499999999 19.80889833333333,81.46834333333332,81.46834333333332 19.810265,81.46901166666667,81.46901166666667 19.811626666666665,81.46968166666669,81.46968166666669 19.812978333333334,81.47035166666667,81.47035166666667 19.81432666666667,81.47102,81.47102 19.815671666666667,81.47169000000001,81.47169000000001 19.81701833333333,81.47236000000001,81.47236000000001 19.818363333333334,81.47303,81.47303 19.819703333333333,81.47370166666667,81.47370166666667 19.821038333333338,81.47437166666666,81.47437166666666 19.822368333333337,81.475045,81.475045 19.82369166666667,81.47571666666666,81.47571666666666 19.825008333333336,81.47639000000001,81.47639000000001 19.826316666666667,81.477065,81.477065 19.827616666666664,81.47774,81.47774 19.82891,81.47841666666666,81.47841666666666 19.830198333333332,81.479095,81.479095 19.831480000000003,81.47977166666666,81.47977166666666 19.832758333333334,81.48045166666668,81.48045166666668 19.83403,81.48113000000001,81.48113000000001 19.835299999999997,81.48181,81.48181 19.83657,81.48249000000001,81.48249000000001 19.837836666666664,81.48317,81.48317 19.839101666666668,81.48385,81.48385 19.840365,81.48452999999999,81.48452999999999 19.84163166666667,81.48521000000001,81.48521000000001 19.842898333333338,81.48588833333334,81.48588833333334 19.844164999999997,81.48656833333332,81.48656833333332 19.845438333333338,81.48724833333334,81.48724833333334 19.84671833333334,81.48792833333333,81.48792833333333 19.84800166666667,81.48860666666666,81.48860666666666 19.849288333333334,81.48928666666666,81.48928666666666 19.85057833333333,81.48996666666667,81.48996666666667 19.85187333333333,81.49064666666666,81.49064666666666 19.853168333333336,81.49132666666665,81.49132666666665 19.854465000000005,81.49200666666667,81.49200666666667 19.855760000000004,81.49268833333333,81.49268833333333 19.857056666666665,81.49336833333332,81.49336833333332 19.858355,81.49404833333334,81.49404833333334 19.859651666666668,81.49472999999999,81.49472999999999 19.860948333333333,81.49541,81.49541 19.862245,81.49609166666667,81.49609166666667 19.863545,81.49677166666666,81.49677166666666 19.864843333333337,81.49745333333334,81.49745333333334 19.866141666666664,81.49813499999999,81.49813499999999 19.867441666666664,81.49881666666667,81.49881666666667 19.868743333333335,81.49949666666666,81.49949666666666 19.870048333333333,81.50017833333332,81.50017833333332 19.87135166666667,81.50086,81.50086 19.872655,81.50154000000002,81.50154000000002 19.87396166666667,81.50222166666667,81.50222166666667 19.875268333333334,81.50290333333334,81.50290333333334 19.876575,81.50358333333332,81.50358333333332 19.877881666666667,81.504265,81.504265 19.879186666666662,81.50494666666668,81.50494666666668 19.880491666666668,81.50562833333333,81.50562833333333 19.881795,81.50631,81.50631 19.883095,81.50699166666665,81.50699166666665 19.884394999999998,81.50767499999999,81.50767499999999 19.885693333333332,81.50835666666667,81.50835666666667 19.88699,81.50904,81.50904 19.88828666666667,81.50972166666668,81.50972166666668 19.889583333333334,81.51040333333333,81.51040333333333 19.890881666666665,81.51108500000001,81.51108500000001 19.892181666666662,81.511765,81.511765 19.893486666666668,81.512445,81.512445 19.894795000000002,81.51312500000002,81.51312500000002 19.896106666666665,81.513805,81.513805 19.89742333333333,81.514485,81.514485 19.898744999999998,81.51516500000001,81.51516500000001 19.900073333333335,81.515845,81.515845 19.90141,81.51652333333332,81.51652333333332 19.90275,81.51720333333333,81.51720333333333 19.904094999999998,81.51788166666665,81.51788166666665 19.90544666666667,81.51856166666667,81.51856166666667 19.906805000000002,81.51924,81.51924 19.908170000000002,81.51991833333332,81.51991833333332 19.90953833333333,81.52059500000001,81.52059500000001 19.910911666666667,81.52127333333334,81.52127333333334 19.912290000000002,81.52195,81.52195 19.91367,81.52262833333333,81.52262833333333 19.915053333333333,81.523305,81.523305 19.916439999999998,81.52398333333333,81.52398333333333 19.91782666666667,81.52466,81.52466 19.919213333333335,81.52533833333332,81.52533833333332 19.92059833333333,81.52601500000002,81.52601500000002 19.921981666666667,81.52669333333334,81.52669333333334 19.923360000000002,81.52737,81.52737 19.924735,81.52804666666667,81.52804666666667 19.926106666666666,81.52872333333333,81.52872333333333 19.927474999999998,81.52939833333333,81.52939833333333 19.928841666666667,81.53007333333333,81.53007333333333 19.930203333333335,81.53074833333334,81.53074833333334 19.931561666666667,81.53142333333334,81.53142333333334 19.932915,81.53209666666667,81.53209666666667 19.934266666666666,81.53277166666668,81.53277166666668 19.935613333333336,81.53344666666668,81.53344666666668 19.936955,81.53412333333334,81.53412333333334 19.93829666666667,81.5348,81.5348 19.939636666666665,81.53547833333333,81.53547833333333 19.940975,81.536155,81.536155 19.94231166666667,81.53683333333335,81.53683333333335 19.94364833333333,81.53751166666667,81.53751166666667 19.944983333333333,81.53819,81.53819 19.946316666666664,81.53886833333333,81.53886833333333 19.947643333333332,81.53954666666667,81.53954666666667 19.948963333333335,81.54022499999999,81.54022499999999 19.950276666666667,81.54090333333335,81.54090333333335 19.951583333333332,81.54158333333334,81.54158333333334 19.95288,81.54226166666666,81.54226166666666 19.95417,81.54294166666668,81.54294166666668 19.955450000000003,81.54362,81.54362 19.956725,81.5443,81.5443 19.957995,81.54498,81.54498 19.95925666666667,81.54565999999998,81.54565999999998 19.96051,81.54634166666666,81.54634166666666 19.961756666666666,81.54702333333334,81.54702333333334 19.96299833333333,81.547705,81.547705 19.964233333333333,81.54838666666666,81.54838666666666 19.96546,81.54906833333334,81.54906833333334 19.966678333333338,81.54975166666668,81.54975166666668 19.96789333333333,81.55043500000001,81.55043500000001 19.969105,81.55111833333332,81.55111833333332 19.970313333333337,81.55180333333332,81.55180333333332 19.97152,81.55249,81.55249 19.972723333333334,81.55317499999998,81.55317499999998 19.973926666666667,81.55386333333334,81.55386333333334 19.975126666666668,81.55454999999999,81.55454999999999 19.976325000000003,81.55523833333335,81.55523833333335 19.977521666666668,81.55592833333333,81.55592833333333 19.97872,81.55661833333335,81.55661833333335 19.979918333333334,81.55730833333332,81.55730833333332 19.98111666666667,81.55799833333334,81.55799833333334 19.98231666666667,81.55868999999998,81.55868999999998 19.983514999999997,81.55938,81.55938 19.98471333333333,81.56007166666667,81.56007166666667 19.98591,81.560765,81.560765 19.987106666666666,81.56145666666666,81.56145666666666 19.988301666666665,81.56214833333333,81.56214833333333 19.989494999999998,81.56284166666667,81.56284166666667 19.990685000000003,81.56353333333334,81.56353333333334 19.991876666666666,81.56422666666667,81.56422666666667 19.993065,81.56491833333332,81.56491833333332 19.994255,81.56560999999999,81.56560999999999 19.995443333333334,81.56630166666667,81.56630166666667 19.99663333333333,81.56699333333331,81.56699333333331 19.997821666666667,81.567685,81.567685 19.999008333333336,81.568375,81.568375 20.00019,81.569065,81.569065 20.001368333333335,81.569755,81.569755 20.002551666666665,81.57044333333333,81.57044333333333 20.003736666666672,81.57113166666667,81.57113166666667 20.004920000000002,81.57182,81.57182 20.0061,81.57250833333332,81.57250833333332 20.00728333333333,81.57319666666668,81.57319666666668 20.008470000000003,81.57388333333333,81.57388333333333 20.009656666666668,81.57457166666666,81.57457166666666 20.01084333333333,81.57526,81.57526 20.012031666666665,81.57594833333333,81.57594833333333 20.013226666666668,81.57663666666667,81.57663666666667 20.01442666666667,81.57732666666666,81.57732666666666 20.015628333333336,81.57801500000001,81.57801500000001 20.016833333333334,81.578705,81.578705 20.01804166666667,81.57939333333334,81.57939333333334 20.019254999999998,81.58008166666667,81.58008166666667 20.020471666666666,81.58077166666666,81.58077166666666 20.021691666666666,81.58146,81.58146 20.02291666666667,81.58214833333334,81.58214833333334 20.024146666666667,81.58283666666665,81.58283666666665 20.025389999999998,81.58352333333335,81.58352333333335 20.026643333333336,81.58421,81.58421 20.027908333333333,81.584895,81.584895 20.029185,81.58558166666667,81.58558166666667 20.030475000000003,81.58626666666666,81.58626666666666 20.03178,81.58695166666666,81.58695166666666 20.033098333333335,81.587635,81.587635 20.03443166666667,81.58831833333333,81.58831833333333 20.03578,81.58900166666668,81.58900166666668 20.037139999999997,81.58968333333335,81.58968333333335 20.038508333333336,81.590365,81.590365 20.03989,81.591045,81.591045 20.041288333333334,81.591725,81.591725 20.042696666666664,81.59240499999999,81.59240499999999 20.04411,81.59308166666665,81.59308166666665 20.045531666666665,81.59376,81.59376 20.046963333333334,81.59443666666667,81.59443666666667 20.048404999999995,81.59511333333333,81.59511333333333 20.049851666666665,81.59578833333333,81.59578833333333 20.05130333333333,81.596465,81.596465 20.052761666666665,81.59714,81.59714 20.054229999999997,81.59781333333333,81.59781333333333 20.055705,81.59848833333334,81.59848833333334 20.057193333333334,81.59916333333334,81.59916333333334 20.05869,81.59983666666668,81.59983666666668 20.060200000000002,81.60051166666668,81.60051166666668 20.061721666666664,81.60118499999999,81.60118499999999 20.063255,81.60185666666666,81.60185666666666 20.064803333333334,81.60252999999999,81.60252999999999 20.066365,81.60320166666666,81.60320166666666 20.06794,81.60387166666668,81.60387166666668 20.06953,81.60454333333335,81.60454333333335 20.071133333333336,81.60521333333334,81.60521333333334 20.072745,81.60588333333332,81.60588333333332 20.074366666666663,81.60655333333334,81.60655333333334 20.075995000000002,81.607225,81.607225 20.07763166666666,81.60789499999998,81.60789499999998 20.079275,81.608565,81.608565 20.080918333333333,81.60923500000001,81.60923500000001 20.082565,81.609905,81.609905 20.084214999999997,81.610575,81.610575 20.085863333333336,81.61124333333335,81.61124333333335 20.087506666666666,81.61191166666667,81.61191166666667 20.089146666666668,81.61258166666666,81.61258166666666 20.090785,81.61324833333333,81.61324833333333 20.092411666666667,81.61391666666668,81.61391666666668 20.094020000000004,81.61458333333334,81.61458333333334 20.095608333333335,81.61525166666667,81.61525166666667 20.097185,81.61592,81.61592 20.098746666666667,81.61658666666666,81.61658666666666 20.10029,81.61725499999999,81.61725499999999 20.10181333333333,81.617925,81.617925 20.10332,81.61859333333334,81.61859333333334 20.104805,81.61926499999998,81.61926499999998 20.106266666666663,81.61993666666666,81.61993666666666 20.107706666666665,81.62060833333334,81.62060833333334 20.109129999999997,81.62128166666668,81.62128166666668 20.110531666666667,81.62195666666668,81.62195666666668 20.111908333333332,81.62263333333334,81.62263333333334 20.113259999999997,81.62331,81.62331 20.114583333333336,81.62398833333333,81.62398833333333 20.115878333333335,81.62467000000001,81.62467000000001 20.117140000000003,81.62535166666666,81.62535166666666 20.11837166666667,81.62603499999999,81.62603499999999 20.11958,81.62671833333333,81.62671833333333 20.120759999999997,81.627405,81.627405 20.121918333333333,81.62809166666665,81.62809166666665 20.12306,81.62878,81.62878 20.124191666666665,81.62946833333332,81.62946833333332 20.125318333333333,81.63015666666668,81.63015666666668 20.126453333333334,81.630845,81.630845 20.12760666666667,81.63153166666666,81.63153166666666 20.128778333333333,81.63222,81.63222 20.129966666666668,81.63290500000001,81.63290500000001 20.131173333333336,81.63359000000001,81.63359000000001 20.132405000000002,81.63427499999999,81.63427499999999 20.133658333333333,81.63495833333332,81.63495833333332 20.134929999999997,81.63564166666666,81.63564166666666 20.136206666666663,81.63632333333334,81.63632333333334 20.13749,81.63700666666666,81.63700666666666 20.13878166666667,81.63768833333334,81.63768833333334 20.140081666666667,81.63837,81.63837 20.141386666666666,81.63905000000001,81.63905000000001 20.142695,81.63973,81.63973 20.14401333333333,81.64041,81.64041 20.14533666666667,81.64108833333333,81.64108833333333 20.14666166666667,81.64176499999999,81.64176499999999 20.147986666666668,81.64244166666668,81.64244166666668 20.14931333333334,81.64311833333332,81.64311833333332 20.15063333333333,81.64379333333332,81.64379333333332 20.151934999999998,81.64447000000001,81.64447000000001 20.15321833333333,81.64514833333334,81.64514833333334 20.154491666666672,81.645825,81.645825 20.15575833333333,81.64650499999999,81.64650499999999 20.157018333333337,81.64718333333334,81.64718333333334 20.158268333333336,81.647865,81.647865 20.15951666666667,81.648545,81.648545 20.16077,81.64922833333334,81.64922833333334 20.162028333333335,81.64990999999999,81.64990999999999 20.163286666666664,81.65059333333333,81.65059333333333 20.164545,81.65127666666666,81.65127666666666 20.16581333333333,81.65196,81.65196 20.167098333333335,81.65264333333334,81.65264333333334 20.168400000000002,81.65332666666667,81.65332666666667 20.169719999999998,81.65400999999999,81.65400999999999 20.17106,81.65469499999999,81.65469499999999 20.172425,81.65537833333333,81.65537833333333 20.173815,81.65606166666666,81.65606166666666 20.17523,81.656745,81.656745 20.17667,81.65743,81.65743 20.178141666666665,81.65811333333333,81.65811333333333 20.179641666666665,81.65879499999998,81.65879499999998 20.181161666666664,81.65947833333333,81.65947833333333 20.18269666666667,81.66016333333333,81.66016333333333 20.18425166666667,81.66084666666666,81.66084666666666 20.185826666666664,81.66153166666666,81.66153166666666 20.187416666666664,81.66221666666667,81.66221666666667 20.189016666666664,81.66290166666666,81.66290166666666 20.190631666666665,81.66358833333335,81.66358833333335 20.192255,81.664275,81.664275 20.193855000000003,81.66496333333333,81.66496333333333 20.195433333333337,81.66565333333332,81.66565333333332 20.197005,81.66634333333333,81.66634333333333 20.198565000000002,81.667035,81.667035 20.200106666666667,81.66772500000002,81.66772500000002 20.201626666666666,81.66841666666666,81.66841666666666 20.203135000000003,81.66910833333334,81.66910833333334 20.20463666666667,81.66979666666666,81.66979666666666 20.206125000000004,81.67048499999999,81.67048499999999 20.207594999999998,81.67117166666667,81.67117166666667 20.209056666666665,81.67185666666667,81.67185666666667 20.210516666666667,81.67254000000001,81.67254000000001 20.211976666666665,81.67322333333333,81.67322333333333 20.213434999999997,81.67390166666667,81.67390166666667 20.214891666666663,81.67457999999999,81.67457999999999 20.21635,81.67525499999999,81.67525499999999 20.217813333333332,81.67593,81.67593 20.219273333333334,81.676605,81.676605 20.220715,81.67728,81.67728 20.22214,81.67795833333332,81.67795833333332 20.223553333333335,81.67863833333334,81.67863833333334 20.22495,81.67932000000002,81.67932000000002 20.226326666666665,81.68000666666667,81.68000666666667 20.227688333333333,81.680695,81.680695 20.229039999999998,81.681385,81.681385 20.230385000000002,81.68207666666666,81.68207666666666 20.23172166666666,81.68277166666665,81.68277166666665 20.233055,81.68346666666666,81.68346666666666 20.234383333333337,81.68416333333334,81.68416333333334 20.23570333333333,81.68486166666666,81.68486166666666 20.237008333333335,81.68556333333333,81.68556333333333 20.238301666666665,81.68626333333334,81.68626333333334 20.239580000000004,81.68696499999999,81.68696499999999 20.240848333333332,81.68766833333335,81.68766833333335 20.2421,81.68837166666668,81.68837166666668 20.243336666666664,81.68907499999999,81.68907499999999 20.24456833333333,81.68977833333332,81.68977833333332 20.245801666666665,81.69048,81.69048 20.24703,81.69118166666667,81.69118166666667 20.248256666666666,81.69188166666666,81.69188166666666 20.249485,81.69258,81.69258 20.250711666666668,81.69327666666666,81.69327666666666 20.251928333333336,81.69397333333332,81.69397333333332 20.253138333333336,81.69466666666668,81.69466666666668 20.25434333333334,81.69535833333333,81.69535833333333 20.255541666666666,81.69604833333332,81.69604833333332 20.256731666666667,81.69673833333333,81.69673833333333 20.257914999999997,81.69742666666666,81.69742666666666 20.259095,81.69811166666668,81.69811166666668 20.260275000000004,81.69879666666668,81.69879666666668 20.261453333333332,81.69948,81.69948 20.262624999999996,81.70016333333332,81.70016333333332 20.263793333333336,81.70084333333331,81.70084333333331 20.264966666666666,81.70152333333333,81.70152333333333 20.266139999999996,81.70220166666665,81.70220166666665 20.267314999999996,81.70288166666667,81.70288166666667 20.268498333333334,81.70356,81.70356 20.26968833333333,81.70423833333332,81.70423833333332 20.270881666666664,81.704915,81.704915 20.27208,81.70559333333333,81.70559333333333 20.27327666666667,81.70626833333333,81.70626833333333 20.274469999999997,81.70694333333333,81.70694333333333 20.275663333333334,81.70761833333333,81.70761833333333 20.27686,81.70829166666667,81.70829166666667 20.278051666666663,81.708965,81.708965 20.279231666666664,81.70963833333333,81.70963833333333 20.280398333333334,81.71031166666667,81.71031166666667 20.28155333333333,81.71098500000001,81.71098500000001 20.282698333333336,81.71165833333332,81.71165833333332 20.283833333333334,81.71233166666666,81.71233166666666 20.284959999999998,81.71300833333332,81.71300833333332 20.286095,81.71368500000001,81.71368500000001 20.28723666666667,81.71436333333334,81.71436333333334 20.288388333333334,81.71504333333334,81.71504333333334 20.289551666666668,81.71572499999999,81.71572499999999 20.290731666666666,81.71640666666667,81.71640666666667 20.291931666666667,81.71709000000001,81.71709000000001 20.293151666666667,81.71777333333333,81.71777333333333 20.294385000000002,81.71845666666665,81.71845666666665 20.29563166666667,81.71914,81.71914 20.29689333333333,81.71982333333334,81.71982333333334 20.298161666666665,81.720505,81.720505 20.299438333333335,81.72118499999999,81.72118499999999 20.30072833333333,81.72186333333335,81.72186333333335 20.30203166666667,81.72253999999998,81.72253999999998 20.30334333333333,81.72321666666667,81.72321666666667 20.304661666666668,81.72388999999998,81.72388999999998 20.305981666666664,81.72456166666666,81.72456166666666 20.30730666666667,81.72523166666666,81.72523166666666 20.308633333333333,81.72590000000001,81.72590000000001 20.30996,81.72656833333333,81.72656833333333 20.311285,81.72723333333333,81.72723333333333 20.312603333333332,81.72789833333334,81.72789833333334 20.31391,81.72856333333334,81.72856333333334 20.315201666666667,81.72922833333334,81.72922833333334 20.316476666666663,81.72989333333332,81.72989333333332 20.317741666666667,81.73055833333332,81.73055833333332 20.318991666666665,81.73122333333335,81.73122333333335 20.32023,81.73188833333333,81.73188833333333 20.321460000000002,81.73255333333333,81.73255333333333 20.322679999999995,81.73322,81.73322 20.323895,81.73388666666666,81.73388666666666 20.325101666666665,81.73455333333332,81.73455333333332 20.326306666666667,81.73522333333334,81.73522333333334 20.327506666666668,81.73589166666667,81.73589166666667 20.32870833333333,81.73656333333332,81.73656333333332 20.329909999999998,81.73723333333334,81.73723333333334 20.331105,81.73790500000001,81.73790500000001 20.332293333333336,81.73857833333332,81.73857833333332 20.33348166666667,81.73925,81.73925 20.334666666666667,81.739925,81.739925 20.335849999999997,81.74059833333334,81.74059833333334 20.337026666666667,81.741275,81.741275 20.338208333333334,81.74195,81.74195 20.339395,81.74262666666667,81.74262666666667 20.340584999999997,81.74330166666667,81.74330166666667 20.341778333333334,81.74397833333333,81.74397833333333 20.342978333333335,81.74465333333333,81.74465333333333 20.344183333333337,81.74533,81.74533 20.345398333333335,81.746005,81.746005 20.34662666666667,81.74668166666666,81.74668166666666 20.347873333333332,81.74735833333335,81.74735833333335 20.349138333333332,81.74803499999999,81.74803499999999 20.35042333333333,81.74871166666668,81.74871166666668 20.351726666666668,81.74938833333334,81.74938833333334 20.353048333333337,81.75006333333334,81.75006333333334 20.354390000000002,81.75073833333332,81.75073833333332 20.355750000000004,81.75141333333332,81.75141333333332 20.357131666666664,81.75208666666668,81.75208666666668 20.35853333333333,81.75276,81.75276 20.359954999999996,81.75343333333333,81.75343333333333 20.361396666666664,81.75410666666667,81.75410666666667 20.36285666666667,81.75478,81.75478 20.36433,81.75545333333334,81.75545333333334 20.365814999999998,81.75612833333334,81.75612833333334 20.367313333333332,81.756805,81.756805 20.368818333333333,81.757485,81.757485 20.370330000000003,81.75816499999999,81.75816499999999 20.37185,81.75884500000001,81.75884500000001 20.373371666666664,81.759525,81.759525 20.374893333333333,81.76020666666668,81.76020666666668 20.376413333333332,81.76088666666666,81.76088666666666 20.37793333333333,81.761565,81.761565 20.37945,81.762245,81.762245 20.380965,81.76292166666666,81.76292166666666 20.382476666666662,81.76359833333332,81.76359833333332 20.383983333333333,81.76427333333332,81.76427333333332 20.385486666666665,81.76494833333332,81.76494833333332 20.38698666666667,81.76562,81.76562 20.388478333333335,81.76629333333334,81.76629333333334 20.389963333333334,81.766965,81.766965 20.391443333333335,81.76763666666668,81.76763666666668 20.392916666666665,81.76830833333332,81.76830833333332 20.394381666666668,81.76898,81.76898 20.395836666666664,81.76965166666668,81.76965166666668 20.397281666666665,81.77032500000001,81.77032500000001 20.39872,81.77099833333332,81.77099833333332 20.400151666666666,81.77167166666666,81.77167166666666 20.401568333333334,81.77234833333333,81.77234833333333 20.40297166666667,81.77302500000002,81.77302500000002 20.404368333333334,81.77370333333334,81.77370333333334 20.405760000000004,81.77438333333333,81.77438333333333 20.407145,81.77506333333335,81.77506333333335 20.408528333333333,81.775745,81.775745 20.409914999999998,81.77642666666667,81.77642666666667 20.411305000000002,81.77710999999998,81.77710999999998 20.412699999999997,81.77779500000001,81.77779500000001 20.414096666666666,81.77848,81.77848 20.415498333333336,81.779165,81.779165 20.416903333333334,81.77985333333334,81.77985333333334 20.418308333333332,81.78054166666668,81.78054166666668 20.419710000000002,81.78123166666667,81.78123166666667 20.421106666666667,81.78192333333334,81.78192333333334 20.422494999999998,81.782615,81.782615 20.423874999999995,81.78331000000001,81.78331000000001 20.425246666666663,81.78400499999998,81.78400499999998 20.426606666666665,81.7847,81.7847 20.427958333333336,81.78539666666667,81.78539666666667 20.42930166666667,81.78609499999999,81.78609499999999 20.43063666666666,81.78679333333334,81.78679333333334 20.43196166666667,81.78749166666665,81.78749166666665 20.433276666666664,81.78819166666666,81.78819166666666 20.434583333333336,81.78889166666666,81.78889166666666 20.435878333333335,81.78959333333334,81.78959333333334 20.43716166666667,81.790295,81.790295 20.438433333333332,81.79099833333333,81.79099833333333 20.43969166666667,81.79170166666667,81.79170166666667 20.44093833333333,81.792405,81.792405 20.442169999999997,81.79310833333334,81.79310833333334 20.443388333333335,81.793815,81.793815 20.444591666666668,81.79451999999999,81.79451999999999 20.44578333333333,81.79522666666666,81.79522666666666 20.44696,81.79593499999999,81.79593499999999 20.448125,81.79664333333334,81.79664333333334 20.449275,81.79735333333332,81.79735333333332 20.450418333333335,81.79806333333333,81.79806333333333 20.451555,81.79877499999999,81.79877499999999 20.452683333333333,81.79948666666667,81.79948666666667 20.453809999999997,81.80019833333334,81.80019833333334 20.454933333333337,81.80091166666666,81.80091166666666 20.456053333333333,81.801625,81.801625 20.457173333333333,81.80234,81.80234 20.458298333333335,81.80305499999999,81.80305499999999 20.459431666666667,81.80377000000001,81.80377000000001 20.46056666666667,81.804485,81.804485 20.461708333333338,81.80520166666666,81.80520166666666 20.462863333333335,81.80591833333332,81.80591833333332 20.464035000000003,81.80663333333334,81.80663333333334 20.465225,81.80734833333334,81.80734833333334 20.466428333333333,81.80806500000001,81.80806500000001 20.467639999999996,81.80877999999998,81.80877999999998 20.468856666666664,81.80949666666666,81.80949666666666 20.470075,81.81021333333332,81.81021333333332 20.47128833333333,81.81092833333334,81.81092833333334 20.472495000000002,81.81164333333334,81.81164333333334 20.4737,81.81235666666667,81.81235666666667 20.474896666666666,81.81307,81.81307 20.476086666666664,81.81378166666667,81.81378166666667 20.477263333333333,81.81449333333335,81.81449333333335 20.478433333333335,81.815205,81.815205 20.479598333333335,81.81591833333334,81.81591833333334 20.480751666666663,81.816635,81.816635 20.481893333333332,81.81735333333332,81.81735333333332 20.483025,81.818075,81.818075 20.484144999999998,81.81879666666669,81.81879666666669 20.485251666666667,81.81952166666667,81.81952166666667 20.48634,81.82024833333332,81.82024833333332 20.487409999999997,81.82097666666667,81.82097666666667 20.48844666666667,81.82170500000001,81.82170500000001 20.489421666666665,81.82243833333334,81.82243833333334 20.490319999999997,81.82317499999999,81.82317499999999 20.491126666666666,81.823915,81.823915 20.49183,81.82465833333335,81.82465833333335 20.492425,81.82540666666667,81.82540666666667 20.49289166666667,81.82615833333332,81.82615833333332 20.49321833333333,81.826915,81.826915 20.493401666666664,81.82767333333332,81.82767333333332 20.49344666666667,81.828435,81.828435 20.493361666666665,81.82919666666666,81.82919666666666 20.493145000000002,81.82995999999999,81.82995999999999 20.49280666666667,81.83072333333334,81.83072333333334 20.492351666666664,81.83148666666666,81.83148666666666 20.49178333333333,81.83225000000002,81.83225000000002 20.491098333333333,81.83301166666668,81.83301166666668 20.49030833333333,81.83377333333334,81.83377333333334 20.48940833333333,81.83453166666668,81.83453166666668 20.488386666666667,81.83528833333332,81.83528833333332 20.487246666666667,81.836045,81.836045 20.48598,81.83679833333335,81.83679833333335 20.484573333333334,81.83755166666667,81.83755166666667 20.483018333333334,81.83830166666668,81.83830166666668 20.481316666666665,81.83904999999999,81.83904999999999 20.47947,81.83979500000001,81.83979500000001 20.477476666666668,81.84053666666667,81.84053666666667 20.47534333333334,81.84127166666666,81.84127166666666 20.47307,81.84199833333334,81.84199833333334 20.470675,81.84271833333335,81.84271833333335 20.468168333333335,81.84342500000001,81.84342500000001 20.465556666666664,81.84412333333333,81.84412333333333 20.46284,81.84480833333333,81.84480833333333 20.460023333333332,81.84548333333333,81.84548333333333 20.457099999999997,81.84614499999998,81.84614499999998 20.454058333333336,81.846795,81.846795 20.450885000000003,81.84743,81.84743 20.44756666666667,81.84804833333332,81.84804833333332 20.444105000000004,81.84864833333332,81.84864833333332 20.440511666666666,81.84923166666667,81.84923166666667 20.436791666666664,81.84979833333333,81.84979833333333 20.43293666666667,81.85034666666668,81.85034666666668 20.428939999999997,81.850875,81.850875 20.4248,81.85138333333333,81.85138333333333 20.420523333333332,81.85187166666667,81.85187166666667 20.416113333333332,81.85233833333334,81.85233833333334 20.411561666666664,81.85278166666666,81.85278166666666 20.406875,81.85320333333333,81.85320333333333 20.40206166666667,81.85360000000001,81.85360000000001 20.397119999999997,81.85397,81.85397 20.392063333333333,81.85431666666668,81.85431666666668 20.386905000000002,81.85463666666666,81.85463666666666 20.381635000000003,81.85493,81.85493 20.376250000000002,81.85518833333334,81.85518833333334 20.37076,81.85541166666668,81.85541166666668 20.365188333333332,81.85559833333332,81.85559833333332 20.35955166666667,81.85574833333332,81.85574833333332 20.353863333333333,81.85586166666668,81.85586166666668 20.348134999999996,81.85593499999999,81.85593499999999 20.342383333333334,81.85596166666666,81.85596166666666 20.33663,81.85594833333334,81.85594833333334 20.330896666666664,81.85589166666668,81.85589166666668 20.32520166666667,81.85579,81.85579 20.319569999999995,81.85564500000001,81.85564500000001 20.31402166666667,81.85545833333335,81.85545833333335 20.308585,81.85522833333333,81.85522833333333 20.303265,81.85496333333334,81.85496333333334 20.29807166666667,81.85466166666667,81.85466166666667 20.293025,81.85432666666667,81.85432666666667 20.288145,81.85395666666666,81.85395666666666 20.28343166666667,81.85355500000001,81.85355500000001 20.27889,81.85312166666665,81.85312166666665 20.27454,81.85265833333334,81.85265833333334 20.270400000000002,81.85216499999999,81.85216499999999 20.266480000000005,81.851645,81.851645 20.262770000000003,81.8511,81.8511 20.25926666666667,81.85053166666665,81.85053166666665 20.255963333333334,81.84994333333334,81.84994333333334 20.252865,81.84933666666667,81.84933666666667 20.249983333333333,81.84871,81.84871 20.247310000000002,81.84806666666668,81.84806666666668 20.244846666666668,81.84740833333332,81.84740833333332 20.24259,81.84673666666664,81.84673666666664 20.240538333333333,81.84605166666667,81.84605166666667 20.238676666666667,81.84535833333334,81.84535833333334 20.236985,81.844655,81.844655 20.23544,81.84394666666668,81.84394666666668 20.234031666666663,81.84323166666667,81.84323166666667 20.23274,81.84251166666665,81.84251166666665 20.231550000000002,81.84178666666666,81.84178666666666 20.230441666666668,81.84105833333332,81.84105833333332 20.22941666666667,81.84032833333335,81.84032833333335 20.228480000000005,81.83959499999999,81.83959499999999 20.227625,81.83886166666666,81.83886166666666 20.226856666666666,81.838125,81.838125 20.226188333333333,81.83739000000001,81.83739000000001 20.225643333333334,81.83665333333333,81.83665333333333 20.225235,81.83591833333334,81.83591833333334 20.224965,81.83518333333333,81.83518333333333 20.224816666666666,81.83445,81.83445 20.224775,81.83371833333334,81.83371833333334 20.22483833333333,81.83298666666667,81.83298666666667 20.224996666666666,81.83225833333333,81.83225833333333 20.22524,81.83153166666666,81.83153166666666 20.225561666666668,81.83080499999998,81.83080499999998 20.225990000000003,81.83007833333333,81.83007833333333 20.226463333333335,81.82935666666667,81.82935666666667 20.22702,81.82863666666668,81.82863666666668 20.227676666666667,81.82792166666667,81.82792166666667 20.228453333333334,81.82721333333335,81.82721333333335 20.229376666666667,81.82651000000001,81.82651000000001 20.23047,81.82581833333333,81.82581833333333 20.23174,81.82513666666667,81.82513666666667 20.233214999999998,81.82446999999999,81.82446999999999 20.23489666666667,81.82381833333334,81.82381833333334 20.23677,81.823185,81.823185 20.238819999999997,81.82256666666666,81.82256666666666 20.241021666666665,81.82196333333333,81.82196333333333 20.243378333333332,81.82137333333333,81.82137333333333 20.24589,81.82079666666668,81.82079666666668 20.248541666666664,81.82023666666667,81.82023666666667 20.251329999999996,81.81969166666667,81.81969166666667 20.254244999999997,81.81916166666666,81.81916166666666 20.257285000000003,81.81864833333334,81.81864833333334 20.260428333333333,81.81814833333333,81.81814833333333 20.263670000000005,81.81765999999999,81.81765999999999 20.26699,81.81718500000001,81.81718500000001 20.270383333333335,81.81671833333334,81.81671833333334 20.273835000000002,81.81626,81.81626 20.277320000000003,81.81580833333334,81.81580833333334 20.28082666666667,81.81535666666667,81.81535666666667 20.284343333333332,81.81490833333334,81.81490833333334 20.28787,81.81446166666666,81.81446166666666 20.291403333333335,81.81401500000001,81.81401500000001 20.294935,81.81357,81.81357 20.298453333333335,81.81312,81.81312 20.301949999999998,81.81266833333333,81.81266833333333 20.30542333333333,81.81221166666666,81.81221166666666 20.308873333333334,81.81174999999999,81.81174999999999 20.312306666666665,81.81128833333334,81.81128833333334 20.315726666666666,81.81082333333335,81.81082333333335 20.31913333333333,81.81035833333334,81.81035833333334 20.322535000000002,81.80989166666666,81.80989166666666 20.325941666666665,81.80942666666668,81.80942666666668 20.32935666666667,81.80896166666666,81.80896166666666 20.33278,81.80849666666666,81.80849666666666 20.33620833333333,81.80802999999999,81.80802999999999 20.339646666666667,81.80756166666667,81.80756166666667 20.343098333333334,81.80709333333334,81.80709333333334 20.346555000000002,81.806625,81.806625 20.350013333333337,81.80615333333334,81.80615333333334 20.353471666666668,81.80568,81.80568 20.356933333333334,81.80520333333335,81.80520333333335 20.360401666666668,81.80472499999999,81.80472499999999 20.36387333333333,81.80424500000002,81.80424500000002 20.367341666666665,81.80376166666667,81.80376166666667 20.370806666666663,81.80327666666666,81.80327666666666 20.374264999999998,81.80278833333334,81.80278833333334 20.377718333333334,81.80229833333334,81.80229833333334 20.38116333333333,81.801805,81.801805 20.38459666666667,81.80130833333332,81.80130833333332 20.38801833333333,81.80080833333334,81.80080833333334 20.39143,81.80030833333335,81.80030833333335 20.39483166666667,81.799805,81.799805 20.398223333333334,81.79930166666666,81.79930166666666 20.401605,81.798795,81.798795 20.40498666666667,81.79828833333333,81.79828833333333 20.40836833333333,81.79778166666667,81.79778166666667 20.411755000000003,81.79727333333334,81.79727333333334 20.41514666666667,81.79676666666667,81.79676666666667 20.418541666666663,81.79626,81.79626 20.421943333333335,81.79575333333334,81.79575333333334 20.425346666666666,81.79524500000001,81.79524500000001 20.428749999999997,81.79473833333334,81.79473833333334 20.432154999999998,81.79423000000001,81.79423000000001 20.435556666666663,81.79372,81.79372 20.438954999999996,81.79321,81.79321 20.442351666666667,81.79269999999998,81.79269999999998 20.445746666666665,81.79218999999999,81.79218999999999 20.449144999999998,81.79167833333332,81.79167833333332 20.45254333333333,81.79116666666667,81.79116666666667 20.455943333333337,81.79065500000002,81.79065500000002 20.459336666666665,81.79014000000001,81.79014000000001 20.46272,81.78962333333334,81.78962333333334 20.46609666666666,81.78910499999999,81.78910499999999 20.46947666666667,81.788585,81.788585 20.472859999999997,81.78806333333333,81.78806333333333 20.47625,81.78754,81.78754 20.479643333333335,81.78701500000001,81.78701500000001 20.48303833333333,81.78648833333332,81.78648833333332 20.486430000000002,81.78596,81.78596 20.489816666666663,81.78542833333333,81.78542833333333 20.49319833333333,81.784895,81.784895 20.496573333333334,81.78436,81.78436 20.49994333333333,81.78382333333334,81.78382333333334 20.50331333333333,81.783285,81.783285 20.506691666666665,81.78274833333334,81.78274833333334 20.510076666666663,81.78221166666668,81.78221166666668 20.513463333333338,81.78167499999999,81.78167499999999 20.516849999999998,81.78114,81.78114 20.520231666666664,81.780605,81.780605 20.523608333333332,81.78007,81.78007 20.526980000000002,81.77953833333332,81.77953833333332 20.530350000000002,81.77900666666667,81.77900666666667 20.533714999999997,81.778475,81.778475 20.537083333333335,81.77794333333333,81.77794333333333 20.540453333333335,81.77741333333333,81.77741333333333 20.543821666666666,81.77688166666665,81.77688166666665 20.547188333333334,81.77635166666667,81.77635166666667 20.550558333333335,81.77582,81.77582 20.553931666666667,81.77528999999998,81.77528999999998 20.557305,81.77476,81.77476 20.560676666666666,81.77423,81.77423 20.564045,81.77369999999999,81.77369999999999 20.567408333333333,81.77317000000001,81.77317000000001 20.570778333333333,81.77264166666669,81.77264166666669 20.57415333333333,81.77211666666668,81.77211666666668 20.577536666666667,81.77159333333334,81.77159333333334 20.580919999999995,81.77107166666667,81.77107166666667 20.584298333333333,81.77055166666668,81.77055166666668 20.587670000000003,81.77003166666667,81.77003166666667 20.591030000000003,81.76951166666665,81.76951166666665 20.59437833333333,81.76899333333334,81.76899333333334 20.597711666666665,81.76847333333333,81.76847333333333 20.601035000000003,81.76795333333332,81.76795333333332 20.604346666666668,81.76743333333333,81.76743333333333 20.607654999999998,81.766915,81.766915 20.610961666666665,81.76639833333334,81.76639833333334 20.614265000000003,81.76588166666667,81.76588166666667 20.617561666666663,81.765365,81.765365 20.620856666666672,81.76485000000001,81.76485000000001 20.624151666666666,81.76433666666667,81.76433666666667 20.627449999999996,81.76382333333332,81.76382333333332 20.630748333333333,81.76331,81.76331 20.634045,81.76279833333334,81.76279833333334 20.637343333333334,81.76228500000002,81.76228500000002 20.64064666666666,81.76177166666668,81.76177166666668 20.643951666666666,81.76125833333333,81.76125833333333 20.647256666666667,81.76074333333334,81.76074333333334 20.650561666666665,81.76022833333333,81.76022833333333 20.653866666666662,81.75971333333332,81.75971333333332 20.657175,81.75919666666667,81.75919666666667 20.660481666666666,81.75867833333334,81.75867833333334 20.663788333333333,81.75816,81.75816 20.66709333333333,81.75764166666666,81.75764166666666 20.670399999999997,81.75712166666666,81.75712166666666 20.673713333333332,81.75660500000001,81.75660500000001 20.67703,81.75608833333334,81.75608833333334 20.680345000000003,81.75557333333333,81.75557333333333 20.68366,81.75505666666668,81.75505666666668 20.686970000000002,81.75454166666667,81.75454166666667 20.69027666666667,81.75402666666666,81.75402666666666 20.69358,81.75351166666667,81.75351166666667 20.696875,81.752995,81.752995 20.700165000000002,81.75247999999999,81.75247999999999 20.703453333333332,81.751965,81.751965 20.706736666666668,81.75145000000002,81.75145000000002 20.710016666666668,81.75093499999998,81.75093499999998 20.713295000000002,81.75042,81.75042 20.716573333333333,81.74990500000001,81.74990500000001 20.719851666666667,81.74939,81.74939 20.723131666666667,81.748875,81.748875 20.726409999999998,81.74836166666667,81.74836166666667 20.729689999999998,81.74784666666666,81.74784666666666 20.73297,81.74733166666665,81.74733166666665 20.73625,81.74681666666667,81.74681666666667 20.739528333333332,81.74630333333334,81.74630333333334 20.7428,81.74578666666667,81.74578666666667 20.746066666666668,81.74527166666667,81.74527166666667 20.749330000000004,81.74475666666667,81.74475666666667 20.752586666666666,81.74424166666667,81.74424166666667 20.755836666666667,81.74372666666666,81.74372666666666 20.75907833333333,81.74321,81.74321 20.762313333333335,81.74269166666667,81.74269166666667 20.765546666666665,81.74217333333333,81.74217333333333 20.768778333333334,81.74165500000002,81.74165500000002 20.772008333333336,81.741135,81.741135 20.775238333333334,81.74061333333333,81.74061333333333 20.778471666666665,81.74009333333333,81.74009333333333 20.781718333333334,81.73957499999999,81.73957499999999 20.784975,81.73905833333332,81.73905833333332 20.788236666666666,81.73854333333334,81.73854333333334 20.791500000000003,81.73802833333332,81.73802833333332 20.794765,81.73751333333334,81.73751333333334 20.79803,81.73699833333333,81.73699833333333 20.801293333333337,81.73648166666668,81.73648166666668 20.80455166666666,81.73596500000001,81.73596500000001 20.807806666666668,81.73544833333334,81.73544833333334 20.811056666666666,81.73493166666668,81.73493166666668 20.814303333333335,81.73441333333332,81.73441333333332 20.817545,81.733895,81.733895 20.820785000000004,81.73337666666667,81.73337666666667 20.824021666666663,81.73285666666668,81.73285666666668 20.827256666666667,81.732335,81.732335 20.830484999999996,81.73181333333333,81.73181333333333 20.833706666666664,81.73129166666665,81.73129166666665 20.836920000000003,81.73076833333334,81.73076833333334 20.840128333333336,81.730245,81.730245 20.843333333333334,81.72972333333335,81.72972333333335 20.846543333333337,81.72920166666667,81.72920166666667 20.84975833333333,81.72868,81.72868 20.85298166666667,81.72816166666667,81.72816166666667 20.85622,81.72764333333332,81.72764333333332 20.859486666666662,81.72713,81.72713 20.86278,81.72662166666667,81.72662166666667 20.866091666666662,81.72611500000001,81.72611500000001 20.869411666666664,81.72561,81.72561 20.87274,81.72510666666666,81.72510666666666 20.87607666666667,81.72460500000001,81.72460500000001 20.87942,81.72410166666667,81.72410166666667 20.882769999999997,81.72359833333333,81.72359833333333 20.886125,81.72309333333332,81.72309333333332 20.889483333333335,81.72258666666667,81.72258666666667 20.892843333333335,81.72208,81.72208 20.896198333333338,81.72157333333332,81.72157333333332 20.899548333333335,81.72106166666667,81.72106166666667 20.902898333333326,81.72055000000002,81.72055000000002 20.90624833333333,81.72003666666667,81.72003666666667 20.909598333333328,81.71952166666667,81.71952166666667 20.91294666666667,81.71900500000001,81.71900500000001 20.916290000000004,81.71848666666665,81.71848666666665 20.919628333333335,81.71796833333333,81.71796833333333 20.92296,81.71745,81.71745 20.926281666666668,81.71693,81.71693 20.929591666666667,81.71641,81.71641 20.93289666666667,81.71588833333334,81.71588833333334 20.936198333333326,81.71536833333333,81.71536833333333 20.93950166666667,81.71485,81.71485 20.942813333333337,81.71433166666668,81.71433166666668 20.946131666666663,81.71381500000001,81.71381500000001 20.949454999999997,81.71329999999999,81.71329999999999 20.952785000000002,81.71278666666667,81.71278666666667 20.956123333333334,81.71227333333333,81.71227333333333 20.959465,81.71176166666667,81.71176166666667 20.96281,81.71124999999999,81.71124999999999 20.966156666666667,81.71073833333334,81.71073833333334 20.969501666666666,81.71022666666667,81.71022666666667 20.972843333333337,81.70971333333333,81.70971333333333 20.97618333333333,81.70920166666667,81.70920166666667 20.979523333333336,81.70868833333333,81.70868833333333 20.982870000000002,81.70817666666667,81.70817666666667 20.98622333333334,81.70766333333334,81.70766333333334 20.989578333333327,81.70715,81.70715 20.99293333333333,81.70663499999999,81.70663499999999 20.996280000000002,81.70611833333334,81.70611833333334 20.999618333333334,81.70560166666667,81.70560166666667 21.002948333333332,81.70508333333333,81.70508333333333 21.006271666666667,81.70456333333333,81.70456333333333 21.009586666666667,81.70404333333333,81.70404333333333 21.012896666666666,81.70352333333335,81.70352333333335 21.0162,81.70300166666667,81.70300166666667 21.019498333333335,81.70248,81.70248 21.022793333333333,81.70195833333334,81.70195833333334 21.026086666666664,81.70143666666667,81.70143666666667 21.029376666666668,81.70091333333333,81.70091333333333 21.032664999999998,81.70039166666668,81.70039166666668 21.035951666666662,81.69986833333334,81.69986833333334 21.03923666666667,81.69934333333333,81.69934333333333 21.042524999999998,81.69881833333334,81.69881833333334 21.04581333333333,81.69829166666668,81.69829166666668 21.049106666666663,81.69776499999999,81.69776499999999 21.052403333333338,81.69723833333335,81.69723833333335 21.055703333333337,81.69670833333333,81.69670833333333 21.059005000000003,81.69618000000001,81.69618000000001 21.062310000000004,81.69565,81.69565 21.065616666666664,81.69511833333333,81.69511833333333 21.068923333333338,81.69458666666667,81.69458666666667 21.07223333333333,81.69405666666665,81.69405666666665 21.07554,81.69352666666667,81.69352666666667 21.07884333333333,81.69299666666669,81.69299666666669 21.082143333333338,81.69246666666668,81.69246666666668 21.08544166666666,81.69193833333334,81.69193833333334 21.088733333333337,81.69140999999999,81.69140999999999 21.09202,81.69088333333333,81.69088333333333 21.095301666666668,81.69035666666667,81.69035666666667 21.098580000000002,81.68983,81.68983 21.101854999999997,81.689305,81.689305 21.10512666666667,81.68878000000001,81.68878000000001 21.108395000000005,81.688255,81.688255 21.111665,81.68773166666666,81.68773166666666 21.114941666666663,81.68720666666667,81.68720666666667 21.118223333333336,81.68668333333332,81.68668333333332 21.121513333333336,81.68616000000002,81.68616000000002 21.124813333333336,81.68563833333333,81.68563833333333 21.12812666666667,81.68511833333335,81.68511833333335 21.131450000000005,81.68459833333333,81.68459833333333 21.134783333333335,81.68408000000001,81.68408000000001 21.138124999999995,81.68356333333334,81.68356333333334 21.141473333333337,81.68304666666667,81.68304666666667 21.14482,81.68252999999999,81.68252999999999 21.148159999999997,81.68201166666665,81.68201166666665 21.151491666666665,81.68149166666667,81.68149166666667 21.154815,81.68097166666665,81.68097166666665 21.158128333333334,81.68044833333335,81.68044833333335 21.161430000000003,81.67992333333333,81.67992333333333 21.164720000000003,81.67939666666665,81.67939666666665 21.16800166666667,81.67886666666666,81.67886666666666 21.171273333333335,81.67833499999999,81.67833499999999 21.17454,81.67780333333334,81.67780333333334 21.177804999999996,81.67727000000001,81.67727000000001 21.181076666666666,81.67673500000001,81.67673500000001 21.184351666666664,81.67620166666667,81.67620166666667 21.18763333333333,81.67566666666667,81.67566666666667 21.19092,81.67513166666667,81.67513166666667 21.194215,81.67459666666667,81.67459666666667 21.19751833333333,81.67406166666667,81.67406166666667 21.200831666666666,81.67352666666667,81.67352666666667 21.20415,81.67299333333334,81.67299333333334 21.207473333333336,81.67245833333334,81.67245833333334 21.210801666666665,81.67192333333334,81.67192333333334 21.214133333333333,81.67139,81.67139 21.217465,81.670855,81.670855 21.220794999999995,81.67032166666667,81.67032166666667 21.224120000000003,81.66978666666667,81.66978666666667 21.227438333333332,81.66925333333333,81.66925333333333 21.230745,81.66872166666667,81.66872166666667 21.23404,81.66818833333333,81.66818833333333 21.23732,81.66765666666666,81.66765666666666 21.24058166666667,81.66712500000001,81.66712500000001 21.243823333333328,81.66659166666668,81.66659166666668 21.247049999999998,81.66606,81.66606 21.250265,81.66552833333333,81.66552833333333 21.253476666666668,81.66499499999999,81.66499499999999 21.256685,81.66446333333334,81.66446333333334 21.259894999999997,81.66393166666667,81.66393166666667 21.263106666666665,81.66339833333333,81.66339833333333 21.266320000000004,81.662865,81.662865 21.269536666666667,81.66233166666666,81.66233166666666 21.272755,81.66179666666667,81.66179666666667 21.275978333333338,81.66126333333334,81.66126333333334 21.279208333333337,81.66073,81.66073 21.282439999999998,81.66019666666666,81.66019666666666 21.285668333333334,81.65966333333333,81.65966333333333 21.28889333333333,81.65912833333333,81.65912833333333 21.292111666666663,81.65859499999999,81.65859499999999 21.295320000000004,81.65806166666665,81.65806166666665 21.298513333333332,81.65752666666668,81.65752666666668 21.30169,81.65699166666666,81.65699166666666 21.304848333333332,81.656455,81.656455 21.307986666666668,81.65592,81.65592 21.311104999999998,81.65538333333333,81.65538333333333 21.314199999999996,81.65484666666666,81.65484666666666 21.317275,81.65431166666667,81.65431166666667 21.320333333333334,81.653775,81.653775 21.323373333333333,81.65324000000001,81.65324000000001 21.326399999999996,81.652705,81.652705 21.329415000000004,81.65217166666666,81.65217166666666 21.33242333333333,81.65163833333332,81.65163833333332 21.33543,81.65110833333333,81.65110833333333 21.338443333333334,81.65057833333334,81.65057833333334 21.34147333333334,81.65005,81.65005 21.344530000000002,81.64952333333333,81.64952333333333 21.34762,81.64899999999999,81.64899999999999 21.35074833333333,81.64847833333334,81.64847833333334 21.35392,81.64795833333332,81.64795833333332 21.35713,81.64744,81.64744 21.360369999999996,81.64692166666667,81.64692166666667 21.36363666666667,81.646405,81.646405 21.366921666666666,81.64588833333335,81.64588833333335 21.370221666666666,81.64537166666668,81.64537166666668 21.37353333333333,81.64485666666666,81.64485666666666 21.37685333333333,81.64434166666668,81.64434166666668 21.380184999999997,81.64382833333333,81.64382833333333 21.383528333333334,81.64331666666668,81.64331666666668 21.386885,81.64280666666666,81.64280666666666 21.390256666666666,81.64229999999999,81.64229999999999 21.393643333333326,81.64179333333333,81.64179333333333 21.397048333333334,81.64128999999998,81.64128999999998 21.400466666666663,81.64078833333333,81.64078833333333 21.403898333333334,81.64029000000001,81.64029000000001 21.407341666666667,81.63979333333333,81.63979333333333 21.410794999999997,81.63929999999999,81.63929999999999 21.41426166666667,81.63880833333333,81.63880833333333 21.417738333333332,81.63832000000001,81.63832000000001 21.42121833333333,81.63783000000001,81.63783000000001 21.42469,81.63734166666667,81.63734166666667 21.428148333333336,81.63684833333333,81.63684833333333 21.431585000000005,81.63635333333333,81.63635333333333 21.434998333333336,81.63585333333333,81.63585333333333 21.438386666666666,81.63534833333333,81.63534833333333 21.441756666666667,81.63484,81.63484 21.44511166666667,81.63432666666667,81.63432666666667 21.448455,81.63381,81.63381 21.451788333333337,81.63329,81.63329 21.45511666666666,81.63276666666667,81.63276666666667 21.458446666666667,81.63224166666667,81.63224166666667 21.461781666666667,81.63171666666666,81.63171666666666 21.465123333333334,81.63119,81.63119 21.468473333333332,81.63066500000001,81.63066500000001 21.471823333333337,81.63013833333333,81.63013833333333 21.475171666666665,81.62961000000001,81.62961000000001 21.47851166666667,81.62908166666666,81.62908166666666 21.481841666666664,81.62855166666668,81.62855166666668 21.485163333333336,81.62802333333335,81.62802333333335 21.488473333333335,81.62749166666667,81.62749166666667 21.491768333333333,81.62696,81.62696 21.49505166666667,81.62642666666666,81.62642666666666 21.498323333333328,81.62589166666666,81.62589166666666 21.501585000000002,81.625355,81.625355 21.504833333333334,81.624815,81.624815 21.508069999999996,81.62427500000001,81.62427500000001 21.511295,81.62373166666667,81.62373166666667 21.514508333333332,81.62318499999999,81.62318499999999 21.517718333333328,81.62263833333333,81.62263833333333 21.520925000000005,81.62209166666666,81.62209166666666 21.524128333333334,81.62154333333332,81.62154333333332 21.52733,81.62099333333333,81.62099333333333 21.530526666666667,81.62044333333333,81.62044333333333 21.533721666666665,81.61989333333332,81.61989333333332 21.536909999999995,81.61934333333333,81.61934333333333 21.54009166666666,81.618795,81.618795 21.543266666666664,81.618245,81.618245 21.546433333333336,81.61769666666667,81.61769666666667 21.54959666666667,81.61714833333333,81.61714833333333 21.552755000000005,81.61660166666667,81.61660166666667 21.555916666666665,81.61605500000002,81.61605500000002 21.559089999999998,81.61551166666665,81.61551166666665 21.562278333333335,81.61497,81.61497 21.565475,81.61443,81.61443 21.568678333333335,81.61389166666667,81.61389166666667 21.57189,81.61335500000001,81.61335500000001 21.575106666666667,81.61281999999999,81.61281999999999 21.578325000000007,81.61228833333334,81.61228833333334 21.58153833333333,81.61175666666666,81.61175666666666 21.584744999999998,81.61122333333333,81.61122333333333 21.587945,81.61069,81.61069 21.591140000000003,81.61015833333333,81.61015833333333 21.594333333333335,81.609625,81.609625 21.597521666666665,81.60909333333335,81.60909333333335 21.600708333333333,81.60856000000001,81.60856000000001 21.603895000000005,81.60802833333334,81.60802833333334 21.607079999999993,81.607495,81.607495 21.610264999999995,81.60696500000002,81.60696500000002 21.61344666666666,81.60643333333334,81.60643333333334 21.616623333333337,81.60590333333333,81.60590333333333 21.61979666666667,81.60537166666667,81.60537166666667 21.622964999999997,81.60484333333335,81.60484333333335 21.626128333333334,81.604315,81.604315 21.629288333333335,81.60378666666668,81.60378666666668 21.632444999999997,81.60325833333333,81.60325833333333 21.6356,81.60273166666666,81.60273166666666 21.63875833333333,81.60220666666669,81.60220666666669 21.641916666666667,81.60168,81.60168 21.645076666666668,81.60115499999999,81.60115499999999 21.648238333333328,81.60063,81.60063 21.651399999999995,81.600105,81.600105 21.65456,81.59957833333333,81.59957833333333 21.657718333333335,81.59905166666667,81.59905166666667 21.66087166666667,81.59852500000001,81.59852500000001 21.664019999999994,81.59799500000001,81.59799500000001 21.667159999999996,81.597465,81.597465 21.67029166666667,81.59693333333333,81.59693333333333 21.673416666666668,81.59640166666665,81.59640166666665 21.676543333333335,81.59587,81.59587 21.679671666666664,81.59533833333333,81.59533833333333 21.68281333333334,81.59480666666666,81.59480666666666 21.685965000000007,81.59427666666667,81.59427666666667 21.68912833333333,81.59374666666666,81.59374666666666 21.692303333333335,81.59321833333333,81.59321833333333 21.69548666666667,81.59268833333334,81.59268833333334 21.698679999999996,81.59216166666668,81.59216166666668 21.70188,81.59163333333333,81.59163333333333 21.705081666666672,81.591105,81.591105 21.70828,81.59057500000002,81.59057500000002 21.711476666666666,81.590045,81.590045 21.714671666666664,81.58951499999999,81.58951499999999 21.717865,81.58898333333335,81.58898333333335 21.721056666666662,81.58845166666667,81.58845166666667 21.724244999999996,81.58792,81.58792 21.727433333333334,81.58738666666666,81.58738666666666 21.730620000000002,81.58685333333332,81.58685333333332 21.733805,81.58631999999999,81.58631999999999 21.736981666666665,81.58578833333333,81.58578833333333 21.740153333333335,81.58525500000002,81.58525500000002 21.74331666666667,81.58472333333334,81.58472333333334 21.746475,81.58419166666667,81.58419166666667 21.749624999999998,81.58366166666666,81.58366166666666 21.752766666666666,81.58313166666667,81.58313166666667 21.755899999999993,81.58260166666668,81.58260166666668 21.759024999999998,81.58207499999999,81.58207499999999 21.762141666666672,81.58154833333333,81.58154833333333 21.76525166666667,81.58102333333333,81.58102333333333 21.76836166666667,81.58049999999999,81.58049999999999 21.77147166666667,81.57998,81.57998 21.77458166666667,81.57946000000001,81.57946000000001 21.777693333333332,81.57894333333334,81.57894333333334 21.780813333333334,81.57842833333335,81.57842833333335 21.78393666666667,81.57791666666667,81.57791666666667 21.787068333333334,81.57740499999998,81.57740499999998 21.790204999999997,81.57689666666666,81.57689666666666 21.793346666666668,81.57638833333333,81.57638833333333 21.796494999999997,81.57588166666666,81.57588166666666 21.799648333333334,81.575375,81.575375 21.80280666666667,81.57486999999999,81.57486999999999 21.805968333333336,81.57436500000001,81.57436500000001 21.80913333333333,81.57386166666667,81.57386166666667 21.81230333333333,81.57335666666667,81.57335666666667 21.815478333333335,81.57285333333333,81.57285333333333 21.818656666666666,81.57235000000001,81.57235000000001 21.821841666666668,81.57184500000001,81.57184500000001 21.82503,81.57134,81.57134 21.828224999999996,81.57083333333334,81.57083333333334 21.831420000000005,81.57032666666667,81.57032666666667 21.834609999999998,81.56981666666668,81.56981666666668 21.837794999999996,81.56930666666666,81.56930666666666 21.840975000000004,81.56879333333332,81.56879333333332 21.84415166666667,81.56828,81.56828 21.84732,81.56776500000001,81.56776500000001 21.85047833333333,81.56724833333334,81.56724833333334 21.853626666666667,81.56673,81.56673 21.85676333333333,81.56620833333334,81.56620833333334 21.859888333333334,81.56568666666666,81.56568666666666 21.863005,81.56516499999998,81.56516499999998 21.866111666666665,81.56463999999998,81.56463999999998 21.869208333333333,81.56411666666666,81.56411666666666 21.872295,81.56359,81.56359 21.87537333333333,81.56306333333335,81.56306333333335 21.878443333333337,81.56253666666666,81.56253666666666 21.881514999999997,81.56200999999999,81.56200999999999 21.884588333333333,81.56148333333333,81.56148333333333 21.887665000000002,81.56095666666667,81.56095666666667 21.89074666666667,81.56043166666666,81.56043166666666 21.893843333333333,81.55990666666666,81.55990666666666 21.896955000000002,81.559385,81.559385 21.900084999999997,81.558865,81.558865 21.903228333333328,81.55834499999999,81.55834499999999 21.90638666666667,81.55782833333332,81.55782833333332 21.90955666666667,81.55731000000002,81.55731000000002 21.912733333333335,81.55679333333333,81.55679333333333 21.915913333333336,81.556275,81.556275 21.91909666666666,81.55575666666667,81.55575666666667 21.92227666666667,81.55523666666666,81.55523666666666 21.92545666666667,81.554715,81.554715 21.92863333333333,81.55419166666667,81.55419166666667 21.931803333333335,81.55366833333333,81.55366833333333 21.934968333333337,81.55314333333332,81.55314333333332 21.938123333333333,81.552615,81.552615 21.941266666666667,81.55208666666668,81.55208666666668 21.94439333333333,81.55155666666667,81.55155666666667 21.947508333333335,81.55102333333333,81.55102333333333 21.95061333333333,81.55049000000001,81.55049000000001 21.95370833333333,81.54995333333333,81.54995333333333 21.956796666666666,81.54941500000001,81.54941500000001 21.959886666666662,81.54887666666666,81.54887666666666 21.962976666666666,81.54833833333333,81.54833833333333 21.96607333333333,81.54779833333335,81.54779833333335 21.969170000000002,81.54725833333333,81.54725833333333 21.972271666666664,81.54671666666667,81.54671666666667 21.97537833333333,81.54617666666665,81.54617666666665 21.97849,81.545635,81.545635 21.98160833333333,81.54509333333333,81.54509333333333 21.984731666666672,81.54455333333334,81.54455333333334 21.987863333333337,81.54401333333334,81.54401333333334 21.99100333333333,81.54347333333332,81.54347333333332 21.994149999999998,81.542935,81.542935 21.997300000000003,81.54239666666668,81.54239666666668 22.000451666666663,81.54185999999999,81.54185999999999 22.00360166666667,81.54132166666666,81.54132166666666 22.006756666666668,81.54078666666666,81.54078666666666 22.009916666666665,81.54025,81.54025 22.01308,81.53971666666666,81.53971666666666 22.01625166666667,81.53918333333333,81.53918333333333 22.019431666666662,81.53865166666665,81.53865166666665 22.02262,81.53812166666667,81.53812166666667 22.025811666666662,81.53759166666669,81.53759166666669 22.029003333333335,81.53706166666667,81.53706166666667 22.03219166666667,81.53653166666666,81.53653166666666 22.035375000000002,81.53600166666666,81.53600166666666 22.038554999999995,81.53547166666668,81.53547166666668 22.04173166666667,81.53494,81.53494 22.044905000000004,81.53440833333333,81.53440833333333 22.048076666666663,81.53387666666666,81.53387666666666 22.051246666666664,81.53334499999998,81.53334499999998 22.054415000000006,81.53281333333334,81.53281333333334 22.05758166666667,81.53228333333333,81.53228333333333 22.06074833333333,81.53175166666666,81.53175166666666 22.063911666666662,81.53122333333334,81.53122333333334 22.067075,81.53069333333333,81.53069333333333 22.070238333333332,81.53016500000001,81.53016500000001 22.073401666666673,81.52963833333334,81.52963833333334 22.07656666666667,81.52911000000002,81.52911000000002 22.079734999999996,81.52858500000002,81.52858500000002 22.082903333333338,81.52806000000001,81.52806000000001 22.08607333333333,81.52753500000001,81.52753500000001 22.089246666666664,81.52701166666668,81.52701166666668 22.092421666666674,81.52649,81.52649 22.095598333333335,81.52596833333335,81.52596833333335 22.09877333333333,81.52544666666667,81.52544666666667 22.101945,81.524925,81.524925 22.10511333333333,81.52440499999999,81.52440499999999 22.108275000000003,81.52388333333333,81.52388333333333 22.111430000000006,81.52336166666667,81.52336166666667 22.11458,81.52284,81.52284 22.11772333333333,81.52231666666667,81.52231666666667 22.120863333333332,81.52179166666666,81.52179166666666 22.12400333333333,81.52126666666666,81.52126666666666 22.127145000000002,81.52074,81.52074 22.130295,81.52021333333333,81.52021333333333 22.13344833333333,81.51968499999998,81.51968499999998 22.13660333333333,81.51915333333334,81.51915333333334 22.139753333333335,81.51862,81.51862 22.142901666666663,81.518085,81.518085 22.146041666666665,81.51754500000001,81.51754500000001 22.149173333333337,81.51700333333334,81.51700333333334 22.152296666666665,81.51645666666666,81.51645666666666 22.15541166666667,81.51590833333333,81.51590833333333 22.158518333333337,81.51535833333335,81.51535833333335 22.161618333333333,81.514805,81.514805 22.164713333333328,81.51425166666665,81.51425166666665 22.16780333333334,81.51369666666666,81.51369666666666 22.17088833333333,81.51314,81.51314 22.173971666666663,81.512585,81.512585 22.177065000000002,81.51203333333333,81.51203333333333 22.180175000000002,81.51148333333335,81.51148333333335 22.183298333333333,81.51093833333333,81.51093833333333 22.186431666666664,81.51039499999999,81.51039499999999 22.189571666666666,81.50985333333333,81.50985333333333 22.192725000000003,81.509315,81.509315 22.19588833333333,81.50878,81.50878 22.19906333333333,81.50824833333333,81.50824833333333 22.202245,81.50771666666667,81.50771666666667 22.20542833333333,81.50718666666666,81.50718666666666 22.208614999999998,81.50665833333333,81.50665833333333 22.211805,81.50613166666668,81.50613166666668 22.214993333333336,81.50560333333333,81.50560333333333 22.218176666666665,81.50507499999999,81.50507499999999 22.221359999999997,81.50454666666667,81.50454666666667 22.224540000000005,81.50401833333335,81.50401833333335 22.227719999999998,81.50349,81.50349 22.2309,81.50295833333332,81.50295833333332 22.234083333333334,81.50242833333333,81.50242833333333 22.23727,81.50189666666665,81.50189666666665 22.240463333333334,81.501365,81.501365 22.24366333333333,81.50083166666667,81.50083166666667 22.246869999999994,81.50029666666667,81.50029666666667 22.250088333333334,81.49976333333333,81.49976333333333 22.253315,81.49922833333333,81.49922833333333 22.256549999999997,81.49869333333334,81.49869333333334 22.259795,81.49815833333334,81.49815833333334 22.263048333333337,81.49762166666665,81.49762166666665 22.266303333333333,81.49708333333332,81.49708333333332 22.269560000000002,81.49654333333334,81.49654333333334 22.27281666666667,81.49600166666667,81.49600166666667 22.276073333333333,81.49545666666667,81.49545666666667 22.279325000000004,81.49490999999999,81.49490999999999 22.28256833333333,81.49436,81.49436 22.285803333333334,81.49380666666667,81.49380666666667 22.289033333333332,81.49325166666667,81.49325166666667 22.292255,81.49269333333332,81.49269333333332 22.29547,81.49213166666665,81.49213166666665 22.298675000000006,81.49156666666666,81.49156666666666 22.301870000000005,81.491,81.491 22.305051666666667,81.49043166666667,81.49043166666667 22.30822333333333,81.48986,81.48986 22.311381666666666,81.48928666666666,81.48928666666666 22.314533333333333,81.48871333333334,81.48871333333334 22.317688333333333,81.48814,81.48814 22.320851666666666,81.48756833333333,81.48756833333333 22.324021666666667,81.48699666666667,81.48699666666667 22.32719833333333,81.48642833333332,81.48642833333332 22.330385,81.48586,81.48586 22.33358333333333,81.48529333333332,81.48529333333332 22.33678833333333,81.48472833333332,81.48472833333332 22.33999666666667,81.48416333333333,81.48416333333333 22.343209999999996,81.4836,81.4836 22.346428333333336,81.48303666666666,81.48303666666666 22.349646666666665,81.482475,81.482475 22.352856666666668,81.48191333333332,81.48191333333332 22.356058333333333,81.48135500000001,81.48135500000001 22.359245,81.48079833333333,81.48079833333333 22.362415000000002,81.480245,81.480245 22.36557,81.47969166666665,81.47969166666665 22.368710000000004,81.47914166666668,81.47914166666668 22.37184,81.47859499999998,81.47859499999998 22.37497,81.47805,81.47805 22.378095,81.47751000000001,81.47751000000001 22.381214999999997,81.47697,81.47697 22.384328333333332,81.47643166666667,81.47643166666667 22.38743666666667,81.47589333333335,81.47589333333335 22.390541666666664,81.47535833333332,81.47535833333332 22.393641666666664,81.47482499999998,81.47482499999998 22.396738333333328,81.474295,81.474295 22.399835,81.47376500000001,81.47376500000001 22.40293166666667,81.47323833333333,81.47323833333333 22.406028333333335,81.47271333333332,81.47271333333332 22.409125000000003,81.47218833333332,81.47218833333332 22.412223333333337,81.471665,81.471665 22.41532833333333,81.47114166666667,81.47114166666667 22.41843833333333,81.47061833333333,81.47061833333333 22.421556666666667,81.47009500000001,81.47009500000001 22.424685,81.46957000000002,81.46957000000002 22.42782333333334,81.46904666666666,81.46904666666666 22.43097333333333,81.46852166666665,81.46852166666665 22.434133333333328,81.46799833333334,81.46799833333334 22.43730166666667,81.46747333333333,81.46747333333333 22.440481666666663,81.46694833333333,81.46694833333333 22.443671666666667,81.46642333333334,81.46642333333334 22.446868333333335,81.46589833333333,81.46589833333333 22.45007166666667,81.46537333333333,81.46537333333333 22.453284999999994,81.46484666666667,81.46484666666667 22.456503333333334,81.46432166666666,81.46432166666666 22.459721666666663,81.463795,81.463795 22.46293333333333,81.46326666666668,81.46326666666668 22.46613833333333,81.46273833333333,81.46273833333333 22.46933,81.46220833333334,81.46220833333334 22.472508333333337,81.461675,81.461675 22.47567166666667,81.46114166666666,81.46114166666666 22.47882666666667,81.46060833333333,81.46060833333333 22.481971666666663,81.46007333333333,81.46007333333333 22.485110000000002,81.45953666666666,81.45953666666666 22.488246666666672,81.45900166666667,81.45900166666667 22.491381666666665,81.45846666666667,81.45846666666667 22.494516666666662,81.45793166666667,81.45793166666667 22.497648333333338,81.45739499999999,81.45739499999999 22.500776666666667,81.45685833333333,81.45685833333333 22.503903333333334,81.45632166666667,81.45632166666667 22.507030000000004,81.455785,81.455785 22.51016166666667,81.45524833333334,81.45524833333334 22.51329833333333,81.45471166666665,81.45471166666665 22.516441666666665,81.45417666666668,81.45417666666668 22.519591666666663,81.45364166666666,81.45364166666666 22.52275,81.45310833333332,81.45310833333332 22.52591333333333,81.45257500000001,81.45257500000001 22.52908333333333,81.45204166666667,81.45204166666667 22.532259999999997,81.45151000000001,81.45151000000001 22.535443333333337,81.45098,81.45098 22.538631666666667,81.45045166666668,81.45045166666668 22.541825000000003,81.44992333333333,81.44992333333333 22.545021666666667,81.44939666666667,81.44939666666667 22.54822166666667,81.44887,81.44887 22.551425,81.44834666666667,81.44834666666667 22.554628333333334,81.44782166666667,81.44782166666667 22.557826666666664,81.44729833333335,81.44729833333335 22.56102,81.44677499999999,81.44677499999999 22.564208333333333,81.44625166666667,81.44625166666667 22.56738833333333,81.44572833333334,81.44572833333334 22.570561666666666,81.445205,81.445205 22.573731666666664,81.44467999999999,81.44467999999999 22.576896666666666,81.44415666666669,81.44415666666669 22.580055,81.44363166666668,81.44363166666668 22.583205,81.44310499999999,81.44310499999999 22.586348333333333,81.44257833333333,81.44257833333333 22.589480000000002,81.44205000000001,81.44205000000001 22.5926,81.44151833333333,81.44151833333333 22.595704999999995,81.44098333333334,81.44098333333334 22.598795000000003,81.44044666666667,81.44044666666667 22.601875000000003,81.43990833333335,81.43990833333335 22.604940000000003,81.43936500000001,81.43936500000001 22.607993333333336,81.43882,81.43882 22.611040000000003,81.43827166666667,81.43827166666667 22.61408166666667,81.43772166666666,81.43772166666666 22.61711833333333,81.43717000000001,81.43717000000001 22.62015833333333,81.43661666666668,81.43661666666668 22.623196666666665,81.43606333333334,81.43606333333334 22.626231666666666,81.43550666666665,81.43550666666665 22.62926166666667,81.43495,81.43495 22.632293333333333,81.43439166666668,81.43439166666668 22.635323333333336,81.43383333333334,81.43383333333334 22.638355000000004,81.43327500000001,81.43327500000001 22.641383333333334,81.43271666666666,81.43271666666666 22.64440833333333,81.43215666666666,81.43215666666666 22.647433333333332,81.43159666666668,81.43159666666668 22.650456666666663,81.43103666666667,81.43103666666667 22.653478333333332,81.43047666666666,81.43047666666666 22.656496666666666,81.42991666666666,81.42991666666666 22.659515,81.42935666666668,81.42935666666668 22.66254166666667,81.4288,81.4288 22.665594999999996,81.42824833333334,81.42824833333334 22.668691666666668,81.42770333333333,81.42770333333333 22.67184666666667,81.42716999999999,81.42716999999999 22.675068333333336,81.42665,81.42665 22.678366666666673,81.42614499999999,81.42614499999999 22.68174833333333,81.42565833333332,81.42565833333332 22.685216666666665,81.42519333333334,81.42519333333334 22.68876666666667,81.42474833333334,81.42474833333334 22.692398333333337,81.42432666666667,81.42432666666667 22.696113333333333,81.42393,81.42393 22.69991,81.42355833333332,81.42355833333332 22.703785000000003,81.42321166666667,81.42321166666667 22.707736666666666,81.42289000000001,81.42289000000001 22.711761666666668,81.42259333333334,81.42259333333334 22.71586,81.42232333333334,81.42232333333334 22.720025,81.42208,81.42208 22.72425166666667,81.421865,81.421865 22.728533333333335,81.42167833333333,81.42167833333333 22.732858333333333,81.42152166666665,81.42152166666665 22.73721333333334,81.421395,81.421395 22.741588333333336,81.42129833333334,81.42129833333334 22.745971666666662,81.42123166666667,81.42123166666667 22.750356666666672,81.42119333333335,81.42119333333335 22.754736666666666,81.42118500000001,81.42118500000001 22.759103333333336,81.421205,81.421205 22.76345166666667,81.42125666666668,81.42125666666668 22.767776666666666,81.42133833333334,81.42133833333334 22.772070000000003,81.42145000000001,81.42145000000001 22.776325,81.42159333333333,81.42159333333333 22.78053333333333,81.42177,81.42177 22.784684999999996,81.42197666666667,81.42197666666667 22.788766666666668,81.42221500000001,81.42221500000001 22.79276666666666,81.42248666666666,81.42248666666666 22.796673333333338,81.42279,81.42279 22.800481666666666,81.42312499999998,81.42312499999998 22.804178333333336,81.42348999999999,81.42348999999999 22.807754999999997,81.42388333333332,81.42388333333332 22.811205,81.42430666666668,81.42430666666668 22.81451666666667,81.42475833333332,81.42475833333332 22.817681666666665,81.42523666666665,81.42523666666665 22.82069,81.42574166666665,81.42574166666665 22.823535,81.42626833333334,81.42626833333334 22.826219999999996,81.42681833333333,81.42681833333333 22.828760000000006,81.42738500000002,81.42738500000002 22.831166666666665,81.42796333333332,81.42796333333332 22.833451666666665,81.42855500000002,81.42855500000002 22.835625,81.42915333333333,81.42915333333333 22.837701666666664,81.42976,81.42976 22.839690000000004,81.43037166666667,81.43037166666667 22.841598333333334,81.43098833333335,81.43098833333335 22.843433333333337,81.43160833333334,81.43160833333334 22.845209999999998,81.43223166666667,81.43223166666667 22.846938333333334,81.432855,81.432855 22.848618333333338,81.43347999999999,81.43347999999999 22.850254999999997,81.43410833333336,81.43410833333336 22.851858333333332,81.434735,81.434735 22.85344,81.43536166666667,81.43536166666667 22.855001666666666,81.43599,81.43599 22.85654166666667,81.43661833333334,81.43661833333334 22.858055,81.43724999999999,81.43724999999999 22.859551666666672,81.43788166666666,81.43788166666666 22.861038333333333,81.43851666666666,81.43851666666666 22.862524999999998,81.43915166666667,81.43915166666667 22.864016666666664,81.43978833333334,81.43978833333334 22.86551,81.44042833333333,81.44042833333333 22.867009999999997,81.44106666666667,81.44106666666667 22.868515000000006,81.44170833333332,81.44170833333332 22.870028333333337,81.44235,81.44235 22.87154833333333,81.44299166666666,81.44299166666666 22.873076666666666,81.44363333333334,81.44363333333334 22.874619999999997,81.44427666666667,81.44427666666667 22.876173333333334,81.44492166666667,81.44492166666667 22.877733333333335,81.44556666666668,81.44556666666668 22.879299999999994,81.44621333333332,81.44621333333332 22.880873333333334,81.44686000000002,81.44686000000002 22.882456666666666,81.44751000000001,81.44751000000001 22.884051666666668,81.44815833333334,81.44815833333334 22.88566166666667,81.44881000000001,81.44881000000001 22.887288333333327,81.44946,81.44946 22.88893333333333,81.45011166666666,81.45011166666666 22.89061,81.45076333333334,81.45076333333334 22.89233,81.45141333333333,81.45141333333333 22.894115,81.45206,81.45206 22.89599333333333,81.4527,81.4527 22.897988333333338,81.45333166666666,81.45333166666666 22.900116666666666,81.45395333333332,81.45395333333332 22.902389999999997,81.45456166666665,81.45456166666665 22.90481333333333,81.455155,81.455155 22.907379999999993,81.45573333333333,81.45573333333333 22.91007666666667,81.45629833333334,81.45629833333334 22.912896666666665,81.45684833333333,81.45684833333333 22.915841666666665,81.45738333333333,81.45738333333333 22.918901666666667,81.45790333333333,81.45790333333333 22.922075,81.45841,81.45841 22.92536,81.45890166666666,81.45890166666666 22.928755,81.45937666666667,81.45937666666667 22.932249999999996,81.45983500000001,81.45983500000001 22.93584333333333,81.46027833333333,81.46027833333333 22.939529999999998,81.46070500000002,81.46070500000002 22.943301666666667,81.46111499999999,81.46111499999999 22.947153333333333,81.46150833333333,81.46150833333333 22.951076666666665,81.461885,81.461885 22.955063333333335,81.46224333333332,81.46224333333332 22.959103333333335,81.46258666666667,81.46258666666667 22.96319,81.46291666666666,81.46291666666666 22.967315,81.463235,81.463235 22.971469999999997,81.463545,81.463545 22.975639999999995,81.46384833333332,81.46384833333332 22.979813333333333,81.46415,81.46415 22.983983333333338,81.464455,81.464455 22.988145000000003,81.46476166666667,81.46476166666667 22.992291666666667,81.46507333333334,81.46507333333334 22.99642,81.46539166666666,81.46539166666666 23.000531666666667,81.46571499999999,81.46571499999999 23.004626666666663,81.46604500000001,81.46604500000001 23.008705000000003,81.46637999999999,81.46637999999999 23.012765,81.46672166666667,81.46672166666667 23.016801666666666,81.46707,81.46707 23.020811666666667,81.46742833333333,81.46742833333333 23.024796666666667,81.46779166666667,81.46779166666667 23.02875333333333,81.46816166666669,81.46816166666669 23.032678333333333,81.46853833333333,81.46853833333333 23.036576666666665,81.46892,81.46892 23.040450000000003,81.46930666666668,81.46930666666668 23.0443,81.46969333333332,81.46969333333332 23.048133333333336,81.47008333333333,81.47008333333333 23.051958333333328,81.47047166666665,81.47047166666665 23.055784999999997,81.47085833333334,81.47085833333334 23.059611666666665,81.47124333333333,81.47124333333333 23.063446666666664,81.47162499999999,81.47162499999999 23.067291666666662,81.47200333333333,81.47200333333333 23.07115166666667,81.47238,81.47238 23.07502833333333,81.47275166666668,81.47275166666668 23.07891833333333,81.47312333333333,81.47312333333333 23.082821666666668,81.47349333333334,81.47349333333334 23.08673833333333,81.47386333333333,81.47386333333333 23.090666666666667,81.47423166666668,81.47423166666668 23.094605,81.47459999999998,81.47459999999998 23.09855,81.47497,81.47497 23.102501666666665,81.47534166666665,81.47534166666665 23.106461666666668,81.47571333333333,81.47571333333333 23.110429999999997,81.47608666666666,81.47608666666666 23.114401666666666,81.47646166666667,81.47646166666667 23.118376666666673,81.47683666666667,81.47683666666667 23.122351666666667,81.47721333333332,81.47721333333332 23.126324999999998,81.47759166666665,81.47759166666665 23.130296666666663,81.47797,81.47797 23.13426,81.47834999999999,81.47834999999999 23.138215,81.47873,81.47873 23.142161666666667,81.47911166666665,81.47911166666665 23.14609833333333,81.47949499999999,81.47949499999999 23.15002666666667,81.47987833333333,81.47987833333333 23.153951666666668,81.48026166666666,81.48026166666666 23.15787333333333,81.48064333333333,81.48064333333333 23.16179833333333,81.48102499999999,81.48102499999999 23.165725,81.48140666666666,81.48140666666666 23.16966,81.48178500000002,81.48178500000002 23.173601666666663,81.48216166666666,81.48216166666666 23.177548333333338,81.48253666666665,81.48253666666665 23.181501666666666,81.48290999999999,81.48290999999999 23.185459999999996,81.48328166666667,81.48328166666667 23.189420000000002,81.48365166666667,81.48365166666667 23.193383333333337,81.48402,81.48402 23.197349999999997,81.48438999999999,81.48438999999999 23.201320000000003,81.48475666666666,81.48475666666666 23.205291666666668,81.48512500000001,81.48512500000001 23.209265,81.48549166666668,81.48549166666668 23.213238333333337,81.48585666666665,81.48585666666665 23.21721333333333,81.48622166666668,81.48622166666668 23.22118333333334,81.48658666666665,81.48658666666665 23.22514833333333,81.48695166666666,81.48695166666666 23.229104999999993,81.48731666666666,81.48731666666666 23.233056666666666,81.48768166666666,81.48768166666666 23.237004999999996,81.48804833333332,81.48804833333332 23.240948333333336,81.48841499999999,81.48841499999999 23.244886666666673,81.48878333333334,81.48878333333334 23.24881833333333,81.48915166666667,81.48915166666667 23.25274666666667,81.48952333333332,81.48952333333332 23.256670000000003,81.489895,81.489895 23.260591666666663,81.49026833333333,81.49026833333333 23.264513333333333,81.49064166666668,81.49064166666668 23.26843666666667,81.49101333333333,81.49101333333333 23.272363333333335,81.49138500000001,81.49138500000001 23.276291666666665,81.49175666666666,81.49175666666666 23.280225000000005,81.49212666666666,81.49212666666666 23.284158333333338,81.49249499999999,81.49249499999999 23.288091666666663,81.49286333333332,81.49286333333332 23.292028333333327,81.49323166666667,81.49323166666667 23.295965000000002,81.49359833333334,81.49359833333334 23.299904999999995,81.493965,81.493965 23.303848333333335,81.49433166666667,81.49433166666667 23.307793333333333,81.49469666666667,81.49469666666667 23.311743333333332,81.49506166666667,81.49506166666667 23.315699999999996,81.49542499999998,81.49542499999998 23.319658333333336,81.49579000000001,81.49579000000001 23.323621666666664,81.49615499999999,81.49615499999999 23.32758833333333,81.49651999999999,81.49651999999999 23.33156166666667,81.49688499999999,81.49688499999999 23.335541666666668,81.49724833333333,81.49724833333333 23.339529999999996,81.49761166666667,81.49761166666667 23.343523333333334,81.49797333333333,81.49797333333333 23.347526666666667,81.49833500000001,81.49833500000001 23.351531666666666,81.49869666666666,81.49869666666666 23.355539999999994,81.49905666666668,81.49905666666668 23.35955166666667,81.49941833333332,81.49941833333332 23.36356333333333,81.49978,81.49978 23.367575000000002,81.50014166666666,81.50014166666666 23.371581666666668,81.500505,81.500505 23.37558166666667,81.50087,81.50087 23.379571666666667,81.50123833333333,81.50123833333333 23.383551666666666,81.50160833333332,81.50160833333332 23.387523333333338,81.50198166666668,81.50198166666668 23.391486666666665,81.50235666666669,81.50235666666669 23.39544333333333,81.50273333333332,81.50273333333332 23.399395,81.50311,81.50311 23.403344999999995,81.50348666666667,81.50348666666667 23.407289999999996,81.50386499999999,81.50386499999999 23.41123,81.50424333333335,81.50424333333335 23.415169999999996,81.50462166666667,81.50462166666667 23.419104999999995,81.505,81.505 23.423035,81.50538,81.50538 23.426965000000006,81.50575833333333,81.50575833333333 23.430896666666662,81.506135,81.506135 23.434835,81.50651166666665,81.50651166666665 23.438776666666662,81.50688666666666,81.50688666666666 23.442725000000006,81.50726,81.50726 23.446678333333328,81.50763166666667,81.50763166666667 23.450635000000002,81.50800333333332,81.50800333333332 23.454595000000005,81.50837333333334,81.50837333333334 23.458556666666663,81.50874166666667,81.50874166666667 23.462521666666664,81.50910999999999,81.50910999999999 23.46648666666667,81.50947666666666,81.50947666666666 23.470448333333334,81.50984499999998,81.50984499999998 23.474405000000004,81.51021333333334,81.51021333333334 23.478358333333333,81.51058333333334,81.51058333333334 23.48230833333334,81.51095333333333,81.51095333333333 23.486255,81.51132500000001,81.51132500000001 23.490198333333336,81.51169833333333,81.51169833333333 23.49414166666666,81.51207166666667,81.51207166666667 23.498091666666667,81.51244666666666,81.51244666666666 23.50204833333333,81.51282,81.51282 23.506013333333335,81.51319166666669,81.51319166666669 23.509984999999997,81.51356333333334,81.51356333333334 23.513970000000004,81.51393333333334,81.51393333333334 23.51796666666667,81.5143,81.5143 23.521978333333333,81.51466666666667,81.51466666666667 23.52600166666667,81.51503166666666,81.51503166666666 23.530034999999998,81.51539333333334,81.51539333333334 23.534080000000003,81.51575500000001,81.51575500000001 23.53813166666666,81.516115,81.516115 23.542188333333335,81.51647500000001,81.51647500000001 23.546250000000004,81.516835,81.516835 23.550316666666664,81.51719333333334,81.51719333333334 23.554388333333335,81.51755166666666,81.51755166666666 23.55846166666667,81.51790999999999,81.51790999999999 23.562535000000004,81.51826833333332,81.51826833333332 23.566606666666665,81.51862666666665,81.51862666666665 23.570670000000007,81.51898833333333,81.51898833333333 23.574726666666667,81.51935166666667,81.51935166666667 23.578775000000007,81.51972000000002,81.51972000000002 23.582816666666666,81.52008833333332,81.52008833333332 23.586855,81.52045833333334,81.52045833333334 23.590889999999995,81.52082999999999,81.52082999999999 23.594926666666666,81.52120166666666,81.52120166666666 23.598965,81.52157166666665,81.52157166666665 23.603004999999996,81.52194333333333,81.52194333333333 23.607046666666662,81.52231333333334,81.52231333333334 23.61109166666667,81.52268333333333,81.52268333333333 23.615139999999997,81.52305333333334,81.52305333333334 23.619190000000003,81.52342333333333,81.52342333333333 23.623243333333335,81.52379166666665,81.52379166666665 23.627295000000004,81.52416000000001,81.52416000000001 23.631348333333335,81.52452833333334,81.52452833333334 23.635399999999997,81.52489666666666,81.52489666666666 23.639451666666666,81.52526500000002,81.52526500000002 23.643496666666667,81.52563333333332,81.52563333333332 23.647538333333333,81.52600000000001,81.52600000000001 23.651575000000005,81.52636833333334,81.52636833333334 23.65560666666667,81.52673833333333,81.52673833333333 23.659633333333332,81.52710666666667,81.52710666666667 23.663659999999997,81.52747833333332,81.52747833333332 23.667686666666672,81.52785,81.52785 23.671715,81.52822166666668,81.52822166666668 23.675745,81.52859666666667,81.52859666666667 23.67978166666667,81.52897166666668,81.52897166666668 23.683823333333333,81.52934666666668,81.52934666666668 23.68787333333333,81.52972333333334,81.52972333333334 23.691931666666665,81.5301,81.5301 23.696000000000005,81.53047833333333,81.53047833333333 23.70007666666667,81.53085499999999,81.53085499999999 23.704161666666668,81.53123333333332,81.53123333333332 23.708256666666667,81.53161166666666,81.53161166666666 23.71236166666667,81.53199,81.53199 23.716476666666665,81.53236666666666,81.53236666666666 23.720601666666667,81.53274666666667,81.53274666666667 23.724735000000003,81.53312333333334,81.53312333333334 23.728878333333334,81.53350166666668,81.53350166666668 23.733026666666667,81.53388000000001,81.53388000000001 23.737183333333338,81.53425833333333,81.53425833333333 23.741345000000003,81.534635,81.534635 23.745515,81.53501166666666,81.53501166666666 23.749691666666664,81.53538833333334,81.53538833333334 23.753871666666665,81.53576333333335,81.53576333333335 23.75805666666667,81.53613833333334,81.53613833333334 23.762244999999997,81.53651166666666,81.53651166666666 23.766436666666664,81.536885,81.536885 23.770629999999997,81.53725500000002,81.53725500000002 23.774823333333334,81.537625,81.537625 23.779016666666667,81.537995,81.537995 23.783208333333334,81.53836333333334,81.53836333333334 23.787400000000005,81.53873166666666,81.53873166666666 23.79159166666667,81.53909833333333,81.53909833333333 23.795785000000002,81.53946333333333,81.53946333333333 23.799979999999998,81.53982833333333,81.53982833333333 23.804175,81.54019333333333,81.54019333333333 23.808375,81.54055666666666,81.54055666666666 23.81258,81.54091833333334,81.54091833333334 23.81678666666667,81.54127833333335,81.54127833333335 23.820996666666662,81.54164,81.54164 23.825203333333338,81.54200333333334,81.54200333333334 23.829401666666662,81.54237,81.54237 23.833594999999995,81.54273833333333,81.54273833333333 23.837785,81.54310833333335,81.54310833333335 23.84197166666667,81.54348166666666,81.54348166666666 23.846146666666662,81.54385999999998,81.54385999999998 23.850316666666664,81.54424,81.54424 23.854479999999995,81.54462333333333,81.54462333333333 23.858636666666666,81.54500999999999,81.54500999999999 23.862783333333333,81.5454,81.5454 23.866923333333336,81.54579333333332,81.54579333333332 23.871061666666666,81.54618666666667,81.54618666666667 23.875204999999994,81.54658166666667,81.54658166666667 23.87935166666667,81.54697666666667,81.54697666666667 23.883501666666664,81.54737166666666,81.54737166666666 23.887656666666665,81.54776666666666,81.54776666666666 23.891816666666667,81.54816,81.54816 23.895978333333332,81.54855333333333,81.54855333333333 23.900143333333336,81.54894666666667,81.54894666666667 23.90431,81.54933833333332,81.54933833333332 23.908475,81.54973166666667,81.54973166666667 23.91264,81.550125,81.550125 23.916808333333332,81.55051666666667,81.55051666666667 23.920981666666663,81.55090666666668,81.55090666666668 23.925156666666666,81.551295,81.551295 23.929335,81.55168333333332,81.55168333333332 23.93351833333334,81.55206833333334,81.55206833333334 23.937706666666667,81.55245333333335,81.55245333333335 23.941901666666663,81.55283500000002,81.55283500000002 23.946101666666664,81.55321666666667,81.55321666666667 23.950308333333336,81.55359499999999,81.55359499999999 23.954520000000006,81.55397333333335,81.55397333333335 23.958736666666667,81.55434833333334,81.55434833333334 23.962956666666663,81.55472333333334,81.55472333333334 23.96718,81.55509833333335,81.55509833333335 23.971408333333336,81.55547,81.55547 23.97564166666667,81.55584166666667,81.55584166666667 23.979878333333335,81.55621166666666,81.55621166666666 23.984119999999997,81.55658000000001,81.55658000000001 23.988364999999998,81.55694833333334,81.55694833333334 23.992613333333335,81.557315,81.557315 23.996863333333334,81.55768166666667,81.55768166666667 24.001115,81.55804833333333,81.55804833333333 24.005364999999998,81.55841666666666,81.55841666666666 24.00961166666667,81.55878333333332,81.55878333333332 24.013853333333333,81.55915333333334,81.55915333333334 24.018089999999997,81.55952333333333,81.55952333333333 24.022318333333338,81.55989666666666,81.55989666666666 24.026538333333328,81.56027166666667,81.56027166666667 24.030746666666666,81.56064833333333,81.56064833333333 24.03494333333333,81.56102666666668,81.56102666666668 24.03913166666667,81.56140666666667,81.56140666666667 24.043313333333337,81.56178666666665,81.56178666666665 24.047484999999998,81.56216666666667,81.56216666666667 24.051653333333334,81.56254666666668,81.56254666666668 24.05581833333333,81.562925,81.562925 24.05998166666667,81.56330166666666,81.56330166666666 24.064138333333332,81.56367666666667,81.56367666666667 24.068291666666667,81.56405166666667,81.56405166666667 24.072443333333332,81.56442333333332,81.56442333333332 24.076591666666666,81.56479499999999,81.56479499999999 24.08073333333333,81.56516499999998,81.56516499999998 24.08487,81.565535,81.565535 24.08900166666666,81.56590666666665,81.56590666666665 24.093126666666663,81.56627666666667,81.56627666666667 24.097244999999997,81.56664833333333,81.56664833333333 24.101356666666668,81.56701833333332,81.56701833333332 24.105463333333333,81.56738833333334,81.56738833333334 24.10956666666667,81.56775833333333,81.56775833333333 24.11366333333334,81.56812833333335,81.56812833333335 24.117753333333333,81.56849833333334,81.56849833333334 24.121836666666663,81.56886833333333,81.56886833333333 24.125911666666667,81.56923833333333,81.56923833333333 24.129978333333327,81.56960833333332,81.56960833333332 24.134039999999995,81.56997666666665,81.56997666666665 24.138098333333332,81.570345,81.570345 24.14215166666667,81.57071333333333,81.57071333333333 24.14620166666667,81.57108,81.57108 24.150248333333334,81.57144666666666,81.57144666666666 24.15429,81.57181166666666,81.57181166666666 24.158328333333333,81.57217666666666,81.57217666666666 24.16236,81.57254,81.57254 24.166390000000003,81.572905,81.572905 24.170416666666664,81.57326833333332,81.57326833333332 24.174443333333336,81.57363,81.57363 24.178475000000002,81.57399333333333,81.57399333333333 24.182513333333336,81.574355,81.574355 24.18656,81.57471666666667,81.57471666666667 24.190616666666664,81.57507833333335,81.57507833333335 24.194684999999996,81.57544166666666,81.57544166666666 24.198765000000005,81.57580666666667,81.57580666666667 24.202855,81.57617166666667,81.57617166666667 24.20695166666667,81.57654000000002,81.57654000000002 24.211046666666668,81.57691000000001,81.57691000000001 24.215118333333333,81.57728666666667,81.57728666666667 24.219146666666667,81.57767333333334,81.57767333333334 24.223111666666664,81.578075,81.578075 24.22699,81.57849166666666,81.57849166666666 24.230763333333332,81.57892833333334,81.57892833333334 24.23441833333333,81.57938500000002,81.57938500000002 24.237940000000005,81.57986333333332,81.57986333333332 24.241318333333336,81.58036333333334,81.58036333333334 24.244548333333334,81.58088666666666,81.58088666666666 24.24764,81.58143000000001,81.58143000000001 24.25059166666667,81.581995,81.581995 24.25338166666667,81.58258166666666,81.58258166666666 24.256001666666663,81.58319,81.58319 24.25843833333333,81.58382166666668,81.58382166666668 24.260689999999997,81.584475,81.584475 24.262745000000002,81.58514666666667,81.58514666666667 24.264591666666664,81.58584,81.58584 24.266223333333333,81.58654999999999,81.58654999999999 24.267628333333334,81.587275,81.587275 24.268804999999997,81.58801499999998,81.58801499999998 24.26974833333334,81.588765,81.588765 24.27045666666667,81.58952666666667,81.58952666666667 24.270925000000002,81.59029333333332,81.59029333333332 24.271151666666665,81.59106833333334,81.59106833333334 24.271146666666667,81.59184666666667,81.59184666666667 24.270911666666667,81.59262666666666,81.59262666666666 24.27043833333333,81.59340833333334,81.59340833333334 24.269733333333335,81.59418833333335,81.59418833333335 24.26879666666667,81.59496666666668,81.59496666666668 24.267636666666665,81.59574,81.59574 24.266260000000003,81.59651,81.59651 24.264681666666668,81.59727333333332,81.59727333333332 24.262913333333337,81.59802833333333,81.59802833333333 24.260954999999996,81.59877666666665,81.59877666666665 24.258805000000002,81.59951500000001,81.59951500000001 24.25647,81.60024166666668,81.60024166666668 24.253965,81.60095666666666,81.60095666666666 24.251291666666667,81.60166,81.60166 24.248451666666664,81.60234999999999,81.60234999999999 24.245451666666668,81.60302833333334,81.60302833333334 24.242301666666666,81.60369333333334,81.60369333333334 24.239001666666663,81.60434666666666,81.60434666666666 24.235561666666666,81.60498666666668,81.60498666666668 24.231996666666667,81.60561333333332,81.60561333333332 24.22834333333333,81.60623,81.60623 24.224634999999996,81.60683999999999,81.60683999999999 24.22088666666667,81.60744500000001,81.60744500000001 24.217110000000005,81.60804333333334,81.60804333333334 24.213313333333335,81.60863833333333,81.60863833333333 24.209496666666674,81.60923,81.60923 24.205644999999997,81.609815,81.609815 24.201753333333333,81.610395,81.610395 24.197826666666668,81.61096833333333,81.61096833333333 24.19388,81.61153833333333,81.61153833333333 24.189911666666667,81.61210333333332,81.61210333333332 24.185923333333335,81.61266499999999,81.61266499999999 24.181918333333336,81.61322166666667,81.61322166666667 24.177903333333333,81.61377833333334,81.61377833333334 24.17388166666666,81.61433166666667,81.61433166666667 24.169863333333335,81.614885,81.614885 24.165855000000004,81.61544,81.61544 24.161871666666666,81.61599666666666,81.61599666666666 24.157915,81.61655666666667,81.61655666666667 24.153985,81.61712,81.61712 24.15007833333333,81.61768666666666,81.61768666666666 24.146188333333328,81.61825666666667,81.61825666666667 24.142308333333336,81.61882666666666,81.61882666666666 24.13843333333333,81.6194,81.6194 24.134560000000004,81.61997166666667,81.61997166666667 24.130688333333335,81.62054333333333,81.62054333333333 24.126824999999997,81.62111333333334,81.62111333333334 24.122976666666663,81.62168499999999,81.62168499999999 24.119149999999994,81.622255,81.622255 24.115346666666667,81.62282499999999,81.62282499999999 24.111558333333328,81.62339333333331,81.62339333333331 24.107783333333334,81.62396166666669,81.62396166666669 24.104023333333334,81.62452666666665,81.62452666666665 24.100279999999994,81.62509000000001,81.62509000000001 24.096553333333336,81.62565166666666,81.62565166666666 24.09285166666667,81.62621166666666,81.62621166666666 24.089178333333333,81.62677000000001,81.62677000000001 24.08554,81.62732666666666,81.62732666666666 24.081933333333335,81.62788333333333,81.62788333333333 24.078358333333338,81.62843833333332,81.62843833333332 24.074816666666663,81.62899333333334,81.62899333333334 24.071318333333334,81.62954833333333,81.62954833333333 24.067866666666667,81.630105,81.630105 24.06445666666667,81.63066166666668,81.63066166666668 24.06109333333333,81.63122,81.63122 24.057775,81.63177833333332,81.63177833333332 24.054495,81.63233833333332,81.63233833333332 24.051248333333334,81.63289999999999,81.63289999999999 24.048034999999995,81.63346166666666,81.63346166666666 24.044851666666663,81.634025,81.634025 24.041691666666665,81.63458666666666,81.63458666666666 24.038546666666665,81.63515,81.63515 24.035411666666665,81.63571166666667,81.63571166666667 24.03228166666667,81.636275,81.636275 24.029145000000003,81.636835,81.636835 24.025994999999998,81.63739333333334,81.63739333333334 24.022826666666667,81.63794999999999,81.63794999999999 24.019641666666665,81.63850500000001,81.63850500000001 24.01644333333334,81.63905833333334,81.63905833333334 24.013231666666666,81.63960833333333,81.63960833333333 24.010011666666667,81.64015833333333,81.64015833333333 24.006786666666667,81.640705,81.640705 24.003561666666663,81.64125166666666,81.64125166666666 24.000336666666662,81.64179666666668,81.64179666666668 23.997115000000004,81.64233999999999,81.64233999999999 23.993893333333336,81.64288166666667,81.64288166666667 23.99067166666667,81.64342166666667,81.64342166666667 23.98744333333333,81.64395999999999,81.64395999999999 23.98421,81.64449666666665,81.64449666666665 23.980974999999997,81.64503166666665,81.64503166666665 23.97773833333333,81.64556666666668,81.64556666666668 23.974496666666667,81.64609833333333,81.64609833333333 23.97124833333333,81.64663,81.64663 23.967993333333332,81.64716,81.64716 23.964736666666663,81.64768833333332,81.64768833333332 23.96147833333334,81.64821500000001,81.64821500000001 23.95822,81.64874166666667,81.64874166666667 23.95496166666667,81.64926833333334,81.64926833333334 23.95170666666667,81.64979333333333,81.64979333333333 23.948455,81.65031666666667,81.65031666666667 23.94520333333333,81.65084000000002,81.65084000000002 23.94195,81.65136333333332,81.65136333333332 23.938694999999996,81.65188500000001,81.65188500000001 23.93543666666667,81.65240833333334,81.65240833333334 23.932174999999997,81.65293,81.65293 23.928908333333336,81.65345166666667,81.65345166666667 23.925635,81.65397333333334,81.65397333333334 23.922356666666662,81.65449333333333,81.65449333333333 23.919071666666664,81.655015,81.655015 23.915778333333332,81.65553333333334,81.65553333333334 23.912483333333327,81.65605333333333,81.65605333333333 23.909189999999995,81.65657333333334,81.65657333333334 23.905898333333333,81.65709166666667,81.65709166666667 23.902613333333335,81.65761166666665,81.65761166666665 23.899334999999997,81.65813166666668,81.65813166666668 23.896066666666666,81.65865166666669,81.65865166666669 23.892813333333333,81.65917333333334,81.65917333333334 23.88958,81.65969666666668,81.65969666666668 23.886373333333335,81.66022,81.66022 23.883195,81.66074833333334,81.66074833333334 23.880045000000003,81.66127666666667,81.66127666666667 23.876921666666668,81.66180833333334,81.66180833333334 23.87381833333333,81.66233999999999,81.66233999999999 23.870733333333337,81.66287499999999,81.66287499999999 23.86766,81.66341000000001,81.66341000000001 23.864595,81.66394666666667,81.66394666666667 23.861535000000007,81.66448333333334,81.66448333333334 23.858476666666668,81.66502,81.66502 23.855416666666667,81.665555,81.665555 23.85235,81.66609,81.66609 23.849275,81.666625,81.666625 23.84619,81.66715666666667,81.66715666666667 23.84309333333333,81.66768499999999,81.66768499999999 23.839988333333334,81.66821333333334,81.66821333333334 23.836878333333335,81.66873666666666,81.66873666666666 23.833754999999996,81.66925833333333,81.66925833333333 23.83062333333333,81.66977666666666,81.66977666666666 23.827481666666667,81.67029166666667,81.67029166666667 23.824333333333335,81.670805,81.670805 23.821176666666663,81.67131499999999,81.67131499999999 23.818011666666667,81.67182500000001,81.67182500000001 23.814836666666665,81.67233166666665,81.67233166666665 23.811655000000002,81.67283666666668,81.67283666666668 23.808464999999998,81.67333833333333,81.67333833333333 23.805265000000002,81.67383833333334,81.67383833333334 23.802051666666664,81.67433666666669,81.67433666666669 23.798821666666665,81.67483166666666,81.67483166666666 23.795575,81.67532333333332,81.67532333333332 23.792315,81.67581166666668,81.67581166666668 23.789045,81.67629833333332,81.67629833333332 23.785781666666672,81.67678333333333,81.67678333333333 23.782535,81.67726666666668,81.67726666666668 23.779311666666665,81.67775333333334,81.67775333333334 23.776126666666663,81.67824166666665,81.67824166666665 23.77298,81.67873333333334,81.67873333333334 23.76987833333333,81.67922666666665,81.67922666666665 23.766811666666662,81.67972166666667,81.67972166666667 23.763775000000003,81.68021833333333,81.68021833333333 23.76076333333333,81.68071666666665,81.68071666666665 23.757771666666667,81.68121833333333,81.68121833333333 23.754791666666666,81.68171833333334,81.68171833333334 23.751818333333336,81.68222000000002,81.68222000000002 23.748851666666663,81.68272166666667,81.68272166666667 23.745888333333333,81.68322166666665,81.68322166666665 23.742928333333335,81.68372333333333,81.68372333333333 23.739964999999998,81.684225,81.684225 23.73699333333333,81.68472666666668,81.68472666666668 23.734011666666667,81.68522833333333,81.68522833333333 23.731018333333335,81.68573166666667,81.68573166666667 23.728013333333333,81.68623666666667,81.68623666666667 23.72500166666667,81.68674166666665,81.68674166666665 23.721986666666663,81.68725,81.68725 23.718976666666673,81.68776166666666,81.68776166666666 23.715968333333333,81.688275,81.688275 23.712963333333335,81.68879166666666,81.68879166666666 23.709954999999997,81.68930999999999,81.68930999999999 23.706940000000003,81.68983,81.68983 23.703916666666668,81.69035166666666,81.69035166666666 23.700885,81.69087499999999,81.69087499999999 23.697841666666665,81.6914,81.6914 23.694785,81.69192666666666,81.69192666666666 23.691711666666663,81.69245500000001,81.69245500000001 23.68862,81.69298166666667,81.69298166666667 23.68549833333333,81.69350833333334,81.69350833333334 23.682343333333336,81.694035,81.694035 23.679151666666666,81.69455833333333,81.69455833333333 23.675919999999994,81.69508166666665,81.69508166666665 23.672643333333333,81.69560166666666,81.69560166666666 23.669321666666665,81.69612,81.69612 23.66596833333333,81.69663833333334,81.69663833333334 23.66259333333333,81.69715333333335,81.69715333333335 23.65920666666667,81.69766833333333,81.69766833333333 23.655823333333334,81.69818666666667,81.69818666666667 23.65244,81.698705,81.698705 23.64905666666667,81.699225,81.699225 23.645674999999997,81.69974833333333,81.69974833333333 23.642300000000002,81.70027499999999,81.70027499999999 23.63893666666667,81.70080333333334,81.70080333333334 23.635588333333335,81.70133666666668,81.70133666666668 23.632255000000004,81.70187166666666,81.70187166666666 23.62894833333333,81.70241166666666,81.70241166666666 23.625676666666664,81.702955,81.702955 23.622435000000003,81.70350333333334,81.70350333333334 23.619218333333336,81.704055,81.704055 23.616016666666663,81.70460833333333,81.70460833333333 23.61282666666667,81.70516333333333,81.70516333333333 23.609645,81.70572166666668,81.70572166666668 23.606465,81.70627999999999,81.70627999999999 23.603281666666664,81.70684,81.70684 23.600095000000003,81.7074,81.7074 23.596901666666668,81.70796166666668,81.70796166666668 23.593701666666668,81.70852499999998,81.70852499999998 23.590495000000004,81.70908833333334,81.70908833333334 23.58727,81.70965166666667,81.70965166666667 23.584020000000002,81.710215,81.710215 23.58074333333333,81.71077666666667,81.71077666666667 23.577441666666665,81.71133833333334,81.71133833333334 23.574115,81.71189666666666,81.71189666666666 23.570761666666666,81.712455,81.712455 23.567383333333336,81.71301000000001,81.71301000000001 23.563988333333334,81.713565,81.713565 23.560579999999995,81.71412,81.71412 23.557161666666673,81.714675,81.714675 23.553733333333337,81.71522833333333,81.71522833333333 23.550291666666666,81.71578,81.71578 23.54684,81.71633166666668,81.71633166666668 23.54338333333333,81.71688333333334,81.71688333333334 23.53992166666667,81.717435,81.717435 23.536450000000002,81.71798666666666,81.71798666666666 23.53297166666667,81.718535,81.718535 23.529490000000006,81.71908499999999,81.71908499999999 23.52601,81.71963333333333,81.71963333333333 23.522535,81.72018166666666,81.72018166666666 23.51906,81.72073,81.72073 23.515583333333332,81.72127666666667,81.72127666666667 23.512106666666668,81.72182166666667,81.72182166666667 23.508631666666666,81.722365,81.722365 23.50515833333333,81.72290833333334,81.72290833333334 23.501681666666666,81.72344833333332,81.72344833333332 23.498205,81.72398833333334,81.72398833333334 23.494743333333336,81.72453,81.72453 23.4913,81.72507000000002,81.72507000000002 23.48787166666667,81.72561166666667,81.72561166666667 23.484455000000004,81.72615333333334,81.72615333333334 23.48105333333333,81.726695,81.726695 23.477666666666668,81.72723666666668,81.72723666666668 23.47429,81.72777833333333,81.72777833333333 23.470916666666668,81.72832166666667,81.72832166666667 23.467545000000005,81.72886333333332,81.72886333333332 23.464176666666674,81.72940333333332,81.72940333333332 23.460813333333334,81.729945,81.729945 23.457451666666664,81.73048666666668,81.73048666666668 23.454089999999994,81.73102666666666,81.73102666666666 23.450728333333334,81.73156666666667,81.73156666666667 23.447368333333333,81.73210499999999,81.73210499999999 23.444013333333338,81.732645,81.732645 23.440664999999996,81.73318499999999,81.73318499999999 23.43731833333333,81.73372333333334,81.73372333333334 23.433976666666663,81.73426333333333,81.73426333333333 23.430648333333334,81.734805,81.734805 23.42733166666667,81.73534666666667,81.73534666666667 23.424024999999997,81.73588833333332,81.73588833333332 23.420726666666667,81.73643166666668,81.73643166666668 23.417441666666665,81.73697666666668,81.73697666666668 23.414178333333332,81.73752333333334,81.73752333333334 23.410935,81.73807,81.73807 23.40771333333333,81.73862000000001,81.73862000000001 23.404513333333327,81.73916999999999,81.73916999999999 23.401335000000003,81.73972,81.73972 23.398173333333336,81.74027166666667,81.74027166666667 23.395014999999994,81.74082333333334,81.74082333333334 23.391858333333335,81.74137166666667,81.74137166666667 23.388696666666668,81.74192166666667,81.74192166666667 23.385524999999998,81.74246666666667,81.74246666666667 23.38233,81.74301000000001,81.74301000000001 23.37911,81.74355,81.74355 23.375864999999997,81.74408666666666,81.74408666666666 23.37259333333333,81.74462166666667,81.74462166666667 23.36929333333333,81.74515333333333,81.74515333333333 23.365961666666667,81.74568333333335,81.74568333333335 23.362599999999997,81.74621166666667,81.74621166666667 23.35921166666667,81.746735,81.746735 23.355801666666668,81.74725833333335,81.74725833333335 23.352381666666666,81.74778166666665,81.74778166666665 23.348956666666663,81.74830333333334,81.74830333333334 23.345536666666664,81.74882500000001,81.74882500000001 23.34212833333334,81.74935,81.74935 23.338723333333338,81.74987500000002,81.74987500000002 23.335320000000003,81.75040000000001,81.75040000000001 23.331915000000002,81.75092833333333,81.75092833333333 23.328513333333333,81.75145666666667,81.75145666666667 23.325111666666665,81.75198499999999,81.75198499999999 23.32170833333333,81.752515,81.752515 23.31830666666667,81.75304500000001,81.75304500000001 23.314904999999996,81.753575,81.753575 23.311503333333334,81.75410666666667,81.75410666666667 23.308105,81.75464000000001,81.75464000000001 23.304706666666668,81.75517333333333,81.75517333333333 23.301315000000002,81.75570666666667,81.75570666666667 23.297928333333335,81.75624333333333,81.75624333333333 23.294549999999997,81.75677999999999,81.75677999999999 23.291173333333337,81.75731833333333,81.75731833333333 23.2878,81.75785833333332,81.75785833333332 23.284440000000004,81.75840166666666,81.75840166666666 23.281093333333338,81.758945,81.758945 23.27776,81.75949166666665,81.75949166666665 23.274435000000004,81.76003833333334,81.76003833333334 23.271121666666662,81.76058833333332,81.76058833333332 23.267823333333332,81.76113833333334,81.76113833333334 23.26453666666666,81.76169166666666,81.76169166666666 23.261258333333327,81.762245,81.762245 23.25798166666667,81.7628,81.7628 23.254700000000003,81.76335499999999,81.76335499999999 23.25141666666667,81.76391000000001,81.76391000000001 23.24813,81.764465,81.764465 23.244841666666666,81.76502166666667,81.76502166666667 23.24154,81.76557833333332,81.76557833333332 23.23823166666667,81.76613333333331,81.76613333333331 23.234906666666667,81.76668833333333,81.76668833333333 23.231566666666662,81.76724166666668,81.76724166666668 23.228215,81.76779499999998,81.76779499999998 23.22485166666667,81.76834833333334,81.76834833333334 23.221476666666664,81.76890000000002,81.76890000000002 23.21809,81.76945166666665,81.76945166666665 23.214693333333333,81.77000166666667,81.77000166666667 23.211295,81.77055000000001,81.77055000000001 23.20789166666667,81.77109833333334,81.77109833333334 23.204486666666668,81.77164333333333,81.77164333333333 23.201080000000005,81.77218833333333,81.77218833333333 23.197673333333334,81.77273166666667,81.77273166666667 23.194261666666662,81.773275,81.773275 23.19084666666667,81.77381499999998,81.77381499999998 23.18742166666667,81.774355,81.774355 23.183993333333337,81.77489333333332,81.77489333333332 23.18056166666667,81.77543000000001,81.77543000000001 23.177125,81.77596666666668,81.77596666666668 23.173690000000004,81.77650166666668,81.77650166666668 23.170256666666663,81.77703666666667,81.77703666666667 23.166831666666667,81.77757000000001,81.77757000000001 23.16341166666667,81.77810333333335,81.77810333333335 23.159995000000002,81.778635,81.778635 23.15658,81.779165,81.779165 23.15317166666667,81.77969499999999,81.77969499999999 23.149773333333332,81.780225,81.780225 23.146378333333335,81.78075333333334,81.78075333333334 23.14298833333333,81.78128,81.78128 23.139598333333335,81.78180666666668,81.78180666666668 23.136211666666668,81.78233333333333,81.78233333333333 23.132825,81.78286000000001,81.78286000000001 23.129436666666667,81.78338500000001,81.78338500000001 23.12604333333334,81.78391,81.78391 23.12264,81.78443500000002,81.78443500000002 23.11923333333333,81.78496000000001,81.78496000000001 23.11582,81.78548333333333,81.78548333333333 23.112403333333333,81.78600833333333,81.78600833333333 23.108990000000002,81.78653500000001,81.78653500000001 23.105581666666666,81.78706333333334,81.78706333333334 23.102185,81.78759333333333,81.78759333333333 23.098795000000003,81.78812500000001,81.78812500000001 23.095409999999998,81.78865666666668,81.78865666666668 23.092031666666667,81.78919166666665,81.78919166666665 23.088655,81.78972833333334,81.78972833333334 23.085276666666665,81.790265,81.790265 23.081889999999998,81.79080166666667,81.79080166666667 23.078501666666664,81.79133833333334,81.79133833333334 23.075111666666665,81.79187666666667,81.79187666666667 23.071725,81.79241666666665,81.79241666666665 23.068338333333333,81.79295666666667,81.79295666666667 23.064958333333333,81.79349833333335,81.79349833333335 23.061584999999997,81.79404,81.79404 23.058219999999995,81.79458333333332,81.79458333333332 23.054858333333332,81.795125,81.795125 23.05149333333333,81.79566833333334,81.79566833333334 23.048125,81.79621166666666,81.79621166666666 23.044751666666667,81.79675333333331,81.79675333333331 23.04137,81.79729499999999,81.79729499999999 23.037978333333328,81.797835,81.797835 23.034573333333334,81.79837500000001,81.79837500000001 23.031151666666666,81.79891166666667,81.79891166666667 23.027711666666665,81.79944833333333,81.79944833333333 23.024256666666663,81.79998333333333,81.79998333333333 23.020785000000004,81.80051666666667,81.80051666666667 23.01729833333333,81.80104833333333,81.80104833333333 23.013798333333337,81.80157833333334,81.80157833333334 23.010286666666673,81.80210833333335,81.80210833333335 23.006765,81.80263499999998,81.80263499999998 23.003236666666666,81.80316166666667,81.80316166666667 22.999709999999993,81.80368833333334,81.80368833333334 22.996185,81.804215,81.804215 22.99266666666667,81.80474166666666,81.80474166666666 22.989154999999997,81.80526666666667,81.80526666666667 22.985651666666662,81.80579333333333,81.80579333333333 22.98216,81.80631833333332,81.80631833333332 22.97867666666667,81.80684500000001,81.80684500000001 22.975201666666667,81.80737000000002,81.80737000000002 22.971736666666665,81.80789666666665,81.80789666666665 22.968279999999996,81.80842166666666,81.80842166666666 22.964831666666665,81.80894833333335,81.80894833333335 22.961389999999998,81.80947666666667,81.80947666666667 22.957956666666668,81.81000333333333,81.81000333333333 22.95453,81.81053166666668,81.81053166666668 22.951106666666668,81.81106000000001,81.81106000000001 22.947679999999995,81.81158833333333,81.81158833333333 22.944251666666666,81.81211666666665,81.81211666666665 22.94081833333333,81.812645,81.812645 22.93738,81.81317333333334,81.81317333333334 22.933936666666668,81.81370166666669,81.81370166666669 22.93049,81.81423166666667,81.81423166666667 22.927045,81.81476166666666,81.81476166666666 22.923603333333336,81.81529166666665,81.81529166666665 22.92016833333333,81.81582333333334,81.81582333333334 22.916741666666667,81.81635666666666,81.81635666666666 22.91331833333334,81.81689,81.81689 22.909905000000002,81.81742333333334,81.81742333333334 22.90650166666667,81.81795833333334,81.81795833333334 22.903113333333334,81.818495,81.818495 22.899741666666667,81.81903333333334,81.81903333333334 22.896385000000002,81.81957333333332,81.81957333333332 22.893043333333335,81.82011333333334,81.82011333333334 22.889720000000008,81.82065500000002,81.82065500000002 22.886411666666664,81.82119833333333,81.82119833333333 22.883113333333334,81.82174166666665,81.82174166666665 22.879820000000002,81.822285,81.822285 22.876528333333333,81.82282666666667,81.82282666666667 22.87324333333334,81.82337,81.82337 22.869961666666672,81.82391333333334,81.82391333333334 22.866683333333338,81.82445833333334,81.82445833333334 22.863404999999997,81.82500166666667,81.82500166666667 22.860123333333334,81.825545,81.825545 22.856841666666668,81.82608833333335,81.82608833333335 22.853556666666666,81.82663166666666,81.82663166666666 22.850266666666666,81.82717333333332,81.82717333333332 22.84696,81.82771333333334,81.82771333333334 22.843636666666665,81.82825166666666,81.82825166666666 22.840300000000003,81.82879000000001,81.82879000000001 22.836949999999998,81.82932666666667,81.82932666666667 22.83358333333333,81.82986166666667,81.82986166666667 22.83019833333334,81.83039500000001,81.83039500000001 22.826796666666667,81.83092833333335,81.83092833333335 22.82338166666667,81.83145999999999,81.83145999999999 22.819956666666666,81.83199,81.83199 22.816523333333333,81.83252166666665,81.83252166666665 22.81308,81.83305166666666,81.83305166666666 22.80963,81.83358,81.83358 22.806173333333334,81.83411000000001,81.83411000000001 22.802710000000005,81.83463833333333,81.83463833333333 22.799243333333333,81.83516500000002,81.83516500000002 22.795773333333337,81.83569166666666,81.83569166666666 22.7923,81.83621833333335,81.83621833333335 22.78882833333333,81.83674333333335,81.83674333333335 22.785356666666665,81.83726833333334,81.83726833333334 22.781886666666665,81.83779333333335,81.83779333333335 22.77841666666667,81.83831666666666,81.83831666666666 22.774948333333334,81.83883833333334,81.83883833333334 22.77148,81.83935833333332,81.83935833333332 22.768014999999995,81.83987833333335,81.83987833333335 22.764556666666667,81.84039833333333,81.84039833333333 22.761104999999997,81.84091666666666,81.84091666666666 22.757663333333333,81.84143666666667,81.84143666666667 22.754226666666664,81.84195666666666,81.84195666666666 22.750796666666663,81.842475,81.842475 22.747368333333334,81.842995,81.842995 22.74394333333333,81.843515,81.843515 22.74051833333333,81.844035,81.844035 22.73709,81.84455333333334,81.84455333333334 22.73365833333333,81.84507500000001,81.84507500000001 22.73022166666666,81.845595,81.845595 22.726785000000003,81.84611666666667,81.84611666666667 22.723348333333334,81.84664,81.84664 22.719909999999995,81.84716499999999,81.84716499999999 22.716473333333337,81.84769166666668,81.84769166666668 22.713038333333333,81.84822,81.84822 22.709601666666668,81.84875000000001,81.84875000000001 22.70616333333333,81.84928166666667,81.84928166666667 22.702723333333328,81.849815,81.849815 22.699278333333336,81.85035,81.85035 22.695828333333328,81.85088666666667,81.85088666666667 22.69237333333333,81.85142333333333,81.85142333333333 22.688911666666662,81.85196166666667,81.85196166666667 22.685444999999998,81.85250166666665,81.85250166666665 22.68197333333333,81.85304333333333,81.85304333333333 22.67849833333333,81.85358500000001,81.85358500000001 22.675023333333336,81.85412500000001,81.85412500000001 22.671551666666666,81.85466666666666,81.85466666666666 22.668083333333335,81.85520666666667,81.85520666666667 22.664619999999996,81.85574666666666,81.85574666666666 22.661158333333336,81.85628499999999,81.85628499999999 22.65770333333333,81.85682166666668,81.85682166666668 22.65425,81.85735666666667,81.85735666666667 22.650796666666665,81.85788833333332,81.85788833333332 22.647346666666664,81.85842,81.85842 22.643894999999997,81.85895166666667,81.85895166666667 22.640443333333327,81.85947999999999,81.85947999999999 22.636988333333335,81.86000666666668,81.86000666666668 22.633533333333336,81.86053333333332,81.86053333333332 22.630075,81.86105666666668,81.86105666666668 22.626609999999996,81.86158,81.86158 22.62314333333334,81.86210166666667,81.86210166666667 22.619673333333335,81.86262166666667,81.86262166666667 22.616205,81.86314000000002,81.86314000000002 22.61274,81.86365833333332,81.86365833333332 22.609275,81.86417666666667,81.86417666666667 22.60581333333334,81.86469166666667,81.86469166666667 22.602356666666665,81.86520833333334,81.86520833333334 22.598915,81.86572333333334,81.86572333333334 22.595491666666668,81.86624,81.86624 22.592098333333333,81.86675500000001,81.86675500000001 22.588724999999997,81.86727166666667,81.86727166666667 22.58539166666667,81.86778833333334,81.86778833333334 22.582091666666667,81.868305,81.868305 22.578815,81.86882,81.86882 22.575560000000007,81.869335,81.869335 22.57232166666667,81.86984999999999,81.86984999999999 22.569096666666667,81.87036499999999,81.87036499999999 22.56588166666667,81.87087833333332,81.87087833333332 22.562671666666663,81.87139,81.87139 22.559465,81.87190333333332,81.87190333333332 22.556253333333334,81.872415,81.872415 22.553035,81.872925,81.872925 22.549805,81.873435,81.873435 22.54656333333333,81.87394666666668,81.87394666666668 22.543306666666663,81.87445666666667,81.87445666666667 22.540036666666666,81.87496666666667,81.87496666666667 22.53675,81.875475,81.875475 22.533444999999997,81.87598500000001,81.87598500000001 22.53012333333334,81.87649333333334,81.87649333333334 22.526781666666672,81.87700166666667,81.87700166666667 22.523418333333332,81.87751,81.87751 22.52003333333334,81.87801833333333,81.87801833333333 22.516631666666665,81.87852500000001,81.87852500000001 22.513218333333334,81.87903333333334,81.87903333333334 22.509798333333336,81.87953999999999,81.87953999999999 22.50637,81.88004666666667,81.88004666666667 22.50293166666667,81.88055333333334,81.88055333333334 22.499485,81.88105833333334,81.88105833333334 22.49602833333333,81.88156166666667,81.88156166666667 22.492566666666672,81.88206500000001,81.88206500000001 22.489101666666667,81.88256666666666,81.88256666666666 22.485629999999997,81.88306833333331,81.88306833333331 22.482148333333335,81.88356666666667,81.88356666666667 22.478658333333335,81.88406666666667,81.88406666666667 22.475166666666674,81.88456333333333,81.88456333333333 22.47168,81.88506166666666,81.88506166666666 22.468210000000003,81.88556166666667,81.88556166666667 22.464758333333332,81.88606333333334,81.88606333333334 22.461323333333333,81.88656500000002,81.88656500000002 22.457904999999997,81.88707,81.88707 22.45450333333333,81.887575,81.887575 22.451106666666668,81.88808,81.88808 22.44771833333333,81.88858666666667,81.88858666666667 22.444326666666665,81.88909333333334,81.88909333333334 22.440931666666664,81.88960166666666,81.88960166666666 22.43754,81.89010833333333,81.89010833333333 22.43416,81.89062000000001,81.89062000000001 22.430796666666666,81.89113333333333,81.89113333333333 22.42745,81.89164999999998,81.89164999999998 22.424118333333332,81.89217000000001,81.89217000000001 22.420805,81.89269333333334,81.89269333333334 22.417505,81.89322,81.89322 22.414214999999995,81.89374833333333,81.89374833333333 22.410933333333332,81.89427833333332,81.89427833333332 22.407655,81.89481000000002,81.89481000000002 22.404378333333337,81.89534166666667,81.89534166666667 22.401103333333335,81.89587666666667,81.89587666666667 22.397821666666662,81.89641,81.89641 22.39452833333333,81.89694333333334,81.89694333333334 22.39122166666667,81.89747666666668,81.89747666666668 22.387901666666668,81.89801000000001,81.89801000000001 22.384563333333336,81.89854166666666,81.89854166666666 22.381211666666665,81.89907333333333,81.89907333333333 22.377845,81.89960333333333,81.89960333333333 22.374466666666667,81.900135,81.900135 22.37108333333333,81.90066666666668,81.90066666666668 22.36769333333333,81.90120000000002,81.90120000000002 22.36429833333333,81.90173166666666,81.90173166666666 22.360896666666665,81.90226666666666,81.90226666666666 22.357486666666667,81.90280166666666,81.90280166666666 22.35406833333333,81.90333666666666,81.90333666666666 22.35064166666667,81.90387166666666,81.90387166666666 22.34720666666666,81.90440833333335,81.90440833333335 22.34376,81.90494333333332,81.90494333333332 22.340304999999994,81.90547833333335,81.90547833333335 22.336845000000004,81.90601500000001,81.90601500000001 22.333375,81.90655000000001,81.90655000000001 22.329895000000004,81.90708666666667,81.90708666666667 22.326406666666667,81.90762333333333,81.90762333333333 22.32292,81.90816166666667,81.90816166666667 22.319433333333336,81.9087,81.9087 22.315943333333333,81.90924000000001,81.90924000000001 22.312449999999995,81.90978166666666,81.90978166666666 22.308961666666665,81.91032333333334,81.91032333333334 22.30548333333334,81.91086833333333,81.91086833333333 22.302014999999997,81.91141333333333,81.91141333333333 22.29855333333333,81.91196166666667,81.91196166666667 22.295101666666664,81.91251,81.91251 22.29165833333333,81.91305833333332,81.91305833333332 22.288223333333335,81.91360666666667,81.91360666666667 22.284789999999997,81.91415666666667,81.91415666666667 22.281356666666667,81.914705,81.914705 22.277911666666668,81.91525166666666,81.91525166666666 22.274448333333332,81.91579499999999,81.91579499999999 22.270959999999995,81.916335,81.916335 22.267444999999995,81.91687166666667,81.91687166666667 22.263903333333328,81.917405,81.917405 22.26033666666666,81.91793333333332,81.91793333333332 22.256739999999997,81.91845833333333,81.91845833333333 22.253125,81.91898,81.91898 22.249508333333328,81.9195,81.9195 22.245896666666667,81.92001833333335,81.92001833333335 22.24229,81.92053666666668,81.92053666666668 22.238693333333337,81.92105166666667,81.92105166666667 22.23510833333333,81.92156499999999,81.92156499999999 22.231544999999997,81.92207666666667,81.92207666666667 22.22800833333333,81.92258833333335,81.92258833333335 22.224498333333337,81.9231,81.9231 22.22100833333333,81.92361166666666,81.92361166666666 22.21754333333333,81.92412166666666,81.92412166666666 22.214101666666668,81.92463166666666,81.92463166666666 22.210680000000004,81.92514166666668,81.92514166666668 22.207274999999996,81.92565166666667,81.92565166666667 22.203885,81.92616166666666,81.92616166666666 22.20051166666666,81.92667166666668,81.92667166666668 22.197158333333334,81.92718166666667,81.92718166666667 22.193823333333327,81.92769166666668,81.92769166666668 22.190503333333332,81.92820166666667,81.92820166666667 22.18719666666667,81.92871,81.92871 22.183903333333333,81.92921833333332,81.92921833333332 22.180619999999998,81.92972499999999,81.92972499999999 22.17734666666667,81.93023166666666,81.93023166666666 22.174080000000004,81.93073833333332,81.93073833333332 22.170823333333335,81.93124333333333,81.93124333333333 22.167573333333333,81.93174666666667,81.93174666666667 22.164323333333332,81.93225000000001,81.93225000000001 22.161066666666667,81.93275000000001,81.93275000000001 22.157798333333332,81.93324833333334,81.93324833333334 22.154520000000005,81.93374333333333,81.93374333333333 22.151233333333334,81.93423833333333,81.93423833333333 22.147943333333334,81.93473333333333,81.93473333333333 22.144650000000002,81.93522833333334,81.93522833333334 22.141358333333333,81.93572166666665,81.93572166666665 22.13807,81.936215,81.936215 22.13478,81.93670833333334,81.93670833333334 22.131486666666667,81.93719833333334,81.93719833333334 22.12818,81.93768999999999,81.93768999999999 22.124858333333336,81.93817999999999,81.93817999999999 22.121521666666666,81.93867166666666,81.93867166666666 22.118176666666667,81.93916,81.93916 22.114826666666666,81.93965,81.93965 22.111479999999997,81.94013666666666,81.94013666666666 22.108150000000002,81.94062666666666,81.94062666666666 22.104835,81.94111500000001,81.94111500000001 22.101533333333332,81.94160499999998,81.94160499999998 22.09824,81.94209333333335,81.94209333333335 22.094953333333336,81.94258333333333,81.94258333333333 22.091676666666665,81.94307166666667,81.94307166666667 22.088415,81.94356,81.94356 22.085163333333337,81.94404833333333,81.94404833333333 22.081925,81.94453833333333,81.94453833333333 22.078703333333337,81.94502833333333,81.94502833333333 22.075498333333332,81.94552,81.94552 22.072304999999997,81.94601166666666,81.94601166666666 22.069119999999998,81.946505,81.946505 22.065948333333335,81.94699666666666,81.94699666666666 22.062791666666666,81.94749166666666,81.94749166666666 22.059646666666662,81.94798666666667,81.94798666666667 22.05651666666667,81.94848166666668,81.94848166666668 22.053404999999998,81.94897833333332,81.94897833333332 22.050316666666664,81.94947499999999,81.94947499999999 22.047258333333335,81.94997333333335,81.94997333333335 22.044233333333334,81.95047333333333,81.95047333333333 22.041248333333332,81.95097833333331,81.95097833333331 22.03830166666667,81.951485,81.951485 22.0354,81.951995,81.951995 22.032548333333338,81.95251,81.95251 22.02975333333333,81.95302666666666,81.95302666666666 22.02701666666667,81.95354833333334,81.95354833333334 22.024338333333336,81.95407333333331,81.95407333333331 22.021721666666668,81.95460333333332,81.95460333333332 22.01916666666667,81.95513666666666,81.95513666666666 22.016679999999997,81.95567500000001,81.95567500000001 22.01426333333333,81.95621833333333,81.95621833333333 22.011918333333334,81.95676666666667,81.95676666666667 22.009646666666665,81.95732000000001,81.95732000000001 22.007448333333333,81.95787999999999,81.95787999999999 22.005328333333335,81.95844500000001,81.95844500000001 22.003288333333334,81.95901666666667,81.95901666666667 22.001336666666667,81.95959666666666,81.95959666666666 21.999473333333338,81.96018166666667,81.96018166666667 21.99770333333333,81.960775,81.960775 21.996026666666666,81.961375,81.961375 21.994443333333333,81.96198166666667,81.96198166666667 21.992946666666665,81.96259333333333,81.96259333333333 21.9915,81.96320999999999,81.96320999999999 21.99004833333333,81.963825,81.963825 21.98856333333333,81.96444000000001,81.96444000000001 21.987066666666667,81.96505166666667,81.96505166666667 21.985563333333335,81.96566333333332,81.96566333333332 21.984031666666667,81.96627333333333,81.96627333333333 21.982456666666664,81.96688166666667,81.96688166666667 21.98083833333333,81.96748833333332,81.96748833333332 21.979186666666667,81.96809499999999,81.96809499999999 21.97750333333333,81.96869833333334,81.96869833333334 21.975789999999996,81.96930166666667,81.96930166666667 21.974051666666664,81.96990166666667,81.96990166666667 21.97228666666667,81.97050166666666,81.97050166666666 21.97049833333333,81.97109999999998,81.97109999999998 21.968685,81.97169666666666,81.97169666666666 21.966838333333328,81.97229333333334,81.97229333333334 21.964955000000003,81.97288833333333,81.97288833333333 21.963035,81.97348166666667,81.97348166666667 21.961073333333335,81.97407166666667,81.97407166666667 21.959069999999997,81.97466,81.97466 21.957023333333336,81.97524666666668,81.97524666666668 21.954938333333335,81.97583166666666,81.97583166666666 21.95281166666667,81.97641333333333,81.97641333333333 21.950645,81.97699333333334,81.97699333333334 21.948438333333332,81.97756999999999,81.97756999999999 21.946198333333335,81.97814499999998,81.97814499999998 21.943923333333334,81.97871833333333,81.97871833333333 21.941616666666665,81.97928833333334,81.97928833333334 21.93927833333333,81.97985833333335,81.97985833333335 21.936906666666665,81.98042500000001,81.98042500000001 21.934506666666667,81.98099166666667,81.98099166666667 21.932075,81.981555,81.981555 21.929616666666668,81.98211833333333,81.98211833333333 21.927130000000005,81.98268,81.98268 21.92461666666666,81.98324000000001,81.98324000000001 21.922075,81.98380000000002,81.98380000000002 21.919508333333336,81.98435833333333,81.98435833333333 21.916916666666665,81.98491499999999,81.98491499999999 21.914304999999995,81.98547166666667,81.98547166666667 21.911675,81.98602666666667,81.98602666666667 21.909026666666666,81.98658,81.98658 21.90636166666667,81.98713333333333,81.98713333333333 21.903676666666666,81.98768499999998,81.98768499999998 21.90097666666666,81.98823499999999,81.98823499999999 21.898259999999997,81.98878333333334,81.98878333333334 21.89552666666667,81.98933166666666,81.98933166666666 21.89277666666667,81.98987833333335,81.98987833333335 21.890006666666665,81.99042333333334,81.99042333333334 21.88722333333334,81.99096666666665,81.99096666666665 21.884426666666666,81.99150833333333,81.99150833333333 21.881619999999998,81.99205,81.99205 21.878811666666667,81.99259166666667,81.99259166666667 21.876015,81.99313500000001,81.99313500000001 21.873233333333328,81.99367999999998,81.99367999999998 21.87047166666667,81.994225,81.994225 21.867735000000003,81.99477333333333,81.99477333333333 21.865031666666667,81.995325,81.995325 21.86236666666667,81.99588,81.99588 21.859738333333333,81.99643833333334,81.99643833333334 21.857153333333336,81.99700166666668,81.99700166666668 21.854625000000002,81.99757166666667,81.99757166666667 21.85216666666667,81.99814666666667,81.99814666666667 21.849784999999994,81.99872833333333,81.99872833333333 21.84746833333334,81.999315,81.999315 21.845208333333336,81.999905,81.999905 21.843005,82.00050000000002,82.00050000000002 21.84086,82.00109833333333,82.00109833333333 21.838776666666668,82.00170000000001,82.00170000000001 21.836756666666663,82.002305,82.002305 21.834808333333328,82.00291333333334,82.00291333333334 21.83292833333333,82.00352333333335,82.00352333333335 21.831116666666667,82.004135,82.004135 21.829373333333336,82.00474833333335,82.00474833333335 21.827703333333336,82.005365,82.005365 21.82611,82.00598166666666,82.00598166666666 21.824595,82.00660166666667,82.00660166666667 21.823155,82.00721999999999,82.00721999999999 21.821791666666662,82.00784,82.00784 21.820514999999997,82.00846,82.00846 21.819323333333333,82.00908,82.00908 21.818215000000002,82.0097,82.0097 21.817183333333336,82.01032,82.01032 21.81622333333333,82.01094333333334,82.01094333333334 21.815336666666663,82.01156833333336,82.01156833333336 21.814528333333335,82.01219666666667,82.01219666666667 21.813805000000006,82.01282666666665,82.01282666666665 21.813169999999996,82.01345666666666,82.01345666666666 21.81262,82.01408833333333,82.01408833333333 21.812160000000002,82.01472,82.01472 21.81179833333333,82.01534833333334,82.01534833333334 21.81155833333333,82.015975,82.015975 21.811463333333336,82.01659833333332,82.01659833333332 21.811521666666668,82.01722000000001,82.01722000000001 21.811741666666663,82.01783666666665,82.01783666666665 21.812115000000002,82.01844833333334,82.01844833333334 21.81266833333333,82.019055,82.019055 21.813404999999996,82.01965333333334,82.01965333333334 21.814313333333335,82.020245,82.020245 21.81536833333333,82.02082999999999,82.02082999999999 21.81660666666667,82.02140666666666,82.02140666666666 21.818006666666662,82.02197666666667,82.02197666666667 21.819573333333327,82.02254,82.02254 21.821318333333334,82.02309166666667,82.02309166666667 21.823263333333333,82.02362999999998,82.02362999999998 21.82541833333333,82.02415166666665,82.02415166666665 21.827716666666667,82.02465666666666,82.02465666666666 21.830196666666662,82.02514333333333,82.02514333333333 21.83284,82.02561166666669,82.02561166666669 21.83564666666667,82.02606,82.02606 21.838605,82.02648666666668,82.02648666666668 21.841696666666667,82.02689333333333,82.02689333333333 21.84493,82.02727833333331,82.02727833333331 21.848300000000002,82.02764000000002,82.02764000000002 21.851793333333333,82.027975,82.027975 21.855385000000002,82.02828833333332,82.02828833333332 21.859083333333334,82.028575,82.028575 21.86284,82.028845,82.028845 21.866668333333333,82.02909666666667,82.02909666666667 21.870568333333335,82.02932833333335,82.02932833333335 21.87453166666667,82.02954333333332,82.02954333333332 21.878566666666664,82.02974166666665,82.02974166666665 21.882661666666664,82.02992166666665,82.02992166666665 21.88681666666666,82.030085,82.030085 21.891021666666667,82.03023166666665,82.03023166666665 21.895280000000003,82.03036166666668,82.03036166666668 21.89957666666667,82.03047499999998,82.03047499999998 21.903906666666668,82.03057166666667,82.03057166666667 21.908266666666666,82.03065333333335,82.03065333333335 21.91264833333333,82.03071833333334,82.03071833333334 21.917051666666666,82.03076666666665,82.03076666666665 21.92147333333333,82.0308,82.0308 21.925911666666668,82.03081666666667,82.03081666666667 21.930363333333332,82.030815,82.030815 21.934825000000004,82.03079666666667,82.03079666666667 21.939283333333332,82.03076166666666,82.03076166666666 21.943728333333336,82.03070833333335,82.03070833333335 21.948148333333332,82.03064166666665,82.03064166666665 21.95254,82.03056833333335,82.03056833333335 21.95690666666667,82.03049166666666,82.03049166666666 21.96125333333334,82.03041166666665,82.03041166666665 21.96557833333333,82.03032666666667,82.03032666666667 21.96988666666667,82.030235,82.030235 21.97417833333333,82.03013833333334,82.03013833333334 21.978455,82.03003666666667,82.03003666666667 21.98271333333333,82.02992666666667,82.02992666666667 21.986958333333334,82.02981166666665,82.02981166666665 21.99119,82.02969333333333,82.02969333333333 21.995411666666673,82.02957333333335,82.02957333333335 21.999621666666666,82.02945166666666,82.02945166666666 22.003825,82.02932833333335,82.02932833333335 22.008023333333334,82.02920333333336,82.02920333333336 22.012220000000003,82.02907500000002,82.02907500000002 22.016420000000004,82.02894666666667,82.02894666666667 22.02062166666666,82.02881500000001,82.02881500000001 22.024821666666668,82.02868,82.02868 22.02902166666667,82.02853833333333,82.02853833333333 22.033219999999996,82.02839166666665,82.02839166666665 22.03741166666667,82.02823833333333,82.02823833333333 22.04159666666667,82.02807499999999,82.02807499999999 22.04577,82.02790000000002,82.02790000000002 22.04993,82.02771499999999,82.02771499999999 22.05406833333333,82.027515,82.027515 22.058183333333332,82.02730333333332,82.02730333333332 22.062268333333336,82.02707833333335,82.02707833333335 22.066315,82.02683666666665,82.02683666666665 22.07031333333333,82.02658166666667,82.02658166666667 22.074256666666663,82.02631000000001,82.02631000000001 22.078138333333328,82.02602166666665,82.02602166666665 22.081958333333336,82.02571833333334,82.02571833333334 22.085713333333334,82.02539999999999,82.02539999999999 22.089391666666668,82.02506666666669,82.02506666666669 22.09298833333333,82.02471666666668,82.02471666666668 22.096508333333336,82.02435500000001,82.02435500000001 22.099960000000003,82.02398166666666,82.02398166666666 22.10335166666667,82.02359999999999,82.02359999999999 22.10669,82.02320833333333,82.02320833333333 22.109978333333334,82.02280999999999,82.02280999999999 22.11321833333333,82.02240333333333,82.02240333333333 22.11641666666667,82.02199166666666,82.02199166666666 22.119578333333337,82.021575,82.021575 22.12270833333334,82.02115333333333,82.02115333333333 22.125808333333335,82.02072833333334,82.02072833333334 22.128878333333333,82.02029666666668,82.02029666666668 22.13191,82.01985833333333,82.01985833333333 22.134894999999997,82.01941166666666,82.01941166666666 22.13782833333333,82.01895666666665,82.01895666666665 22.140684999999998,82.01848833333334,82.01848833333334 22.143428333333333,82.01800333333333,82.01800333333333 22.14602666666666,82.01749999999998,82.01749999999998 22.14847666666667,82.01698,82.01698 22.150774999999996,82.01644333333334,82.01644333333334 22.152905,82.01588833333332,82.01588833333332 22.154861666666672,82.01531666666668,82.01531666666668 22.156645000000005,82.01473166666668,82.01473166666668 22.15825166666667,82.01413333333335,82.01413333333335 22.159691666666664,82.01352333333334,82.01352333333334 22.16098666666667,82.01290666666667,82.01290666666667 22.162138333333335,82.01228166666667,82.01228166666667 22.163140000000002,82.01164833333331,82.01164833333331 22.16398333333333,82.01100999999998,82.01100999999998 22.164675000000003,82.01036500000001,82.01036500000001 22.16522833333333,82.00971666666668,82.00971666666668 22.165643333333332,82.00906333333333,82.00906333333333 22.165921666666666,82.00840833333332,82.00840833333332 22.16606333333333,82.00774666666668,82.00774666666668 22.16606333333333,82.00708,82.00708 22.165921666666666,82.00640999999999,82.00640999999999 22.16564,82.00573666666665,82.00573666666665 22.16522,82.00506166666668,82.00506166666668 22.164673333333337,82.00438500000001,82.00438500000001 22.16400666666667,82.00370666666669,82.00370666666669 22.163218333333333,82.00302833333332,82.00302833333332 22.162313333333337,82.00235166666667,82.00235166666667 22.16129666666667,82.001675,82.001675 22.160170000000004,82.00099833333334,82.00099833333334 22.15893,82.000325,82.000325 22.157576666666667,81.99965166666667,81.99965166666667 22.156108333333336,81.99898166666667,81.99898166666667 22.154555,81.998315,81.998315 22.152918333333332,81.99765166666667,81.99765166666667 22.151191666666666,81.99699166666664,81.99699166666664 22.149385000000002,81.99633666666666,81.99633666666666 22.147511666666666,81.99568666666667,81.99568666666667 22.14557,81.99504166666667,81.99504166666667 22.143561666666663,81.99440333333334,81.99440333333334 22.141489999999997,81.99377166666666,81.99377166666666 22.139363333333336,81.99314666666668,81.99314666666668 22.13719,81.99252499999999,81.99252499999999 22.134988333333332,81.99190833333334,81.99190833333334 22.13278666666667,81.99129333333333,81.99129333333333 22.130613333333336,81.99068,81.99068 22.128491666666665,81.99006500000002,81.99006500000002 22.126413333333335,81.98945,81.98945 22.124371666666672,81.98883333333333,81.98883333333333 22.12238333333333,81.988215,81.988215 22.120464999999996,81.98759000000001,81.98759000000001 22.118615000000002,81.98696333333334,81.98696333333334 22.116825000000002,81.98633166666666,81.98633166666666 22.11508,81.98569666666667,81.98569666666667 22.113373333333335,81.98505833333334,81.98505833333334 22.111700000000006,81.98442000000001,81.98442000000001 22.110048333333335,81.98377833333333,81.98377833333333 22.108408333333337,81.98313499999999,81.98313499999999 22.10676833333334,81.98249,81.98249 22.10513333333333,81.98184499999999,81.98184499999999 22.103505000000002,81.98120000000002,81.98120000000002 22.10188333333333,81.98055666666667,81.98055666666667 22.10025833333333,81.97991499999999,81.97991499999999 22.09862,81.97927333333334,81.97927333333334 22.09696333333333,81.97863333333333,81.97863333333333 22.09528666666667,81.97799666666667,81.97799666666667 22.093578333333333,81.97736166666667,81.97736166666667 22.091831666666664,81.97673,81.97673 22.090034999999997,81.97610166666666,81.97610166666666 22.088191666666663,81.975475,81.975475 22.086325000000002,81.97485333333334,81.97485333333334 22.084485,81.97423000000002,81.97423000000002 22.082678333333337,81.97360833333333,81.97360833333333 22.08090666666667,81.97298333333332,81.97298333333332 22.079175000000003,81.97235833333333,81.97235833333333 22.077489999999997,81.97173000000001,81.97173000000001 22.075864999999997,81.97109999999998,81.97109999999998 22.07430666666667,81.97046666666667,81.97046666666667 22.072815000000002,81.96982999999999,81.96982999999999 22.071386666666662,81.96919166666666,81.96919166666666 22.07002166666667,81.96855166666667,81.96855166666667 22.068716666666663,81.96791,81.96791 22.06748,81.96726666666666,81.96726666666666 22.066321666666667,81.96662166666665,81.96662166666665 22.06525,81.96597666666668,81.96597666666668 22.06426,81.96533166666667,81.96533166666667 22.06334,81.96468666666667,81.96468666666667 22.062485,81.96404166666666,81.96404166666666 22.06169,81.96339833333334,81.96339833333334 22.06094666666667,81.962755,81.962755 22.060245,81.96211333333333,81.96211333333333 22.059571666666674,81.96146999999999,81.96146999999999 22.058918333333338,81.96082500000001,81.96082500000001 22.05828666666666,81.96018000000001,81.96018000000001 22.057676666666666,81.95953333333334,81.95953333333334 22.057081666666665,81.95888499999998,81.95888499999998 22.056484999999995,81.95823499999999,81.95823499999999 22.055881666666664,81.95758333333333,81.95758333333333 22.05527,81.95693166666666,81.95693166666666 22.054656666666666,81.95628,81.95628 22.054031666666667,81.95562833333332,81.95562833333332 22.053385000000006,81.954975,81.954975 22.052701666666668,81.95432500000001,81.95432500000001 22.05197166666667,81.95367499999999,81.95367499999999 22.051185,81.95303000000001,81.95303000000001 22.050338333333332,81.95238666666667,81.95238666666667 22.049423333333333,81.95174833333334,81.95174833333334 22.048409999999997,81.95111166666666,81.95111166666666 22.047265000000003,81.95048166666668,81.95048166666668 22.045971666666667,81.94985666666666,81.94985666666666 22.044538333333335,81.94923833333335,81.94923833333335 22.042968333333338,81.948625,81.948625 22.041246666666666,81.94801999999999,81.94801999999999 22.039349999999995,81.94742166666667,81.94742166666667 22.037275,81.946835,81.946835 22.035031666666672,81.94625833333332,81.94625833333332 22.03262833333333,81.94569499999999,81.94569499999999 22.030058333333336,81.94514333333333,81.94514333333333 22.027315,81.94460666666667,81.94460666666667 22.024394999999995,81.94408833333333,81.94408833333333 22.02130833333333,81.94358666666668,81.94358666666668 22.018056666666666,81.94310666666668,81.94310666666668 22.014648333333334,81.94264833333334,81.94264833333334 22.0111,81.94221166666667,81.94221166666667 22.00742,81.94179333333334,81.94179333333334 22.00360166666667,81.9414,81.9414 21.99965,81.94102833333334,81.94102833333334 21.99557833333333,81.94068,81.94068 21.991393333333335,81.94035666666667,81.94035666666667 21.987105,81.94005833333334,81.94005833333334 21.982724999999995,81.93978333333332,81.93978333333332 21.978254999999997,81.93953166666668,81.93953166666668 21.973703333333333,81.93930499999999,81.93930499999999 21.969074999999997,81.93909999999998,81.93909999999998 21.964376666666666,81.93892000000001,81.93892000000001 21.95961666666667,81.93876166666668,81.93876166666668 21.954801666666672,81.93862666666666,81.93862666666666 21.94993833333333,81.93851666666666,81.93851666666666 21.94503666666667,81.93842833333333,81.93842833333333 21.940105000000003,81.93836333333333,81.93836333333333 21.935153333333332,81.93832000000002,81.93832000000002 21.93018833333333,81.93829666666667,81.93829666666667 21.925216666666664,81.93829333333332,81.93829333333332 21.920245,81.93830999999999,81.93830999999999 21.915273333333335,81.938345,81.938345 21.91030166666667,81.93839666666665,81.93839666666665 21.90533166666667,81.93846666666667,81.93846666666667 21.90037,81.93855166666667,81.93855166666667 21.895425000000003,81.938655,81.938655 21.890505,81.93877166666665,81.93877166666665 21.88561666666667,81.93890166666665,81.93890166666665 21.88075833333333,81.93904833333333,81.93904833333333 21.87593,81.93920833333333,81.93920833333333 21.87113166666666,81.93938333333334,81.93938333333334 21.86635833333333,81.93957166666667,81.93957166666667 21.861610000000006,81.93977333333335,81.93977333333335 21.856888333333334,81.93998833333333,81.93998833333333 21.852200000000003,81.94021666666666,81.94021666666666 21.847548333333332,81.94046166666668,81.94046166666668 21.84294333333333,81.94072333333334,81.94072333333334 21.83838666666666,81.94099833333334,81.94099833333334 21.833885000000006,81.94128666666667,81.94128666666667 21.829449999999998,81.94159,81.94159 21.82509333333333,81.94190333333333,81.94190333333333 21.820820000000005,81.94223,81.94223 21.81662666666667,81.94256666666666,81.94256666666666 21.812514999999998,81.94291166666667,81.94291166666667 21.808481666666665,81.94326666666664,81.94326666666664 21.804526666666668,81.94362666666666,81.94362666666666 21.800646666666662,81.94399333333332,81.94399333333332 21.79683,81.944365,81.944365 21.793073333333336,81.94474166666667,81.94474166666667 21.789369999999998,81.94512333333334,81.94512333333334 21.78571833333333,81.94550666666667,81.94550666666667 21.782111666666665,81.94589500000001,81.94589500000001 21.778543333333328,81.94628666666668,81.94628666666668 21.775005000000004,81.94667833333332,81.94667833333332 21.771486666666668,81.94707333333335,81.94707333333335 21.767975000000003,81.94747166666667,81.94747166666667 21.764468333333337,81.94787166666667,81.94787166666667 21.760959999999997,81.94827499999998,81.94827499999998 21.75745333333333,81.94868000000001,81.94868000000001 21.753946666666668,81.94908666666666,81.94908666666666 21.750445,81.94949499999998,81.94949499999998 21.746950000000002,81.94990333333332,81.94990333333332 21.743459999999995,81.950315,81.950315 21.739976666666664,81.95073000000002,81.95073000000002 21.7365,81.95114666666667,81.95114666666667 21.733026666666667,81.95156833333334,81.95156833333334 21.729556666666664,81.95199166666667,81.95199166666667 21.72609166666667,81.95241999999999,81.95241999999999 21.722638333333332,81.95285166666666,81.95285166666666 21.71920166666666,81.95328833333333,81.95328833333333 21.71578,81.95372833333333,81.95372833333333 21.712373333333336,81.95417166666667,81.95417166666667 21.708976666666665,81.95462,81.95462 21.70559333333333,81.95507,81.95507 21.702230000000004,81.95552500000001,81.95552500000001 21.698888333333336,81.95598166666666,81.95598166666666 21.695566666666664,81.95644166666666,81.95644166666666 21.69225833333333,81.9569,81.9569 21.688959999999998,81.95736166666666,81.95736166666666 21.685665000000004,81.95782333333332,81.95782333333332 21.682365,81.95828333333334,81.95828333333334 21.67906333333334,81.95874500000001,81.95874500000001 21.675758333333338,81.95920500000001,81.95920500000001 21.672450000000005,81.959665,81.959665 21.669135,81.960125,81.960125 21.665815,81.96058500000001,81.96058500000001 21.662488333333336,81.96104666666666,81.96104666666666 21.659153333333336,81.96150999999999,81.96150999999999 21.65581166666667,81.96197166666667,81.96197166666667 21.652463333333337,81.962435,81.962435 21.649108333333334,81.96289833333334,81.96289833333334 21.645743333333336,81.96336166666667,81.96336166666667 21.642365000000005,81.963825,81.963825 21.638971666666663,81.96429,81.96429 21.635558333333332,81.964755,81.964755 21.63212,81.96522,81.96522 21.628663333333332,81.96568666666667,81.96568666666667 21.625194999999998,81.96615499999999,81.96615499999999 21.621725,81.96662666666667,81.96662666666667 21.618261666666662,81.96709999999999,81.96709999999999 21.614811666666668,81.96757833333332,81.96757833333332 21.611386666666665,81.96806000000001,81.96806000000001 21.607993333333336,81.96854833333335,81.96854833333335 21.60463666666667,81.96904333333335,81.96904333333335 21.601315,81.96954333333333,81.96954333333333 21.598038333333335,81.97005166666666,81.97005166666666 21.59482,81.97056500000001,81.97056500000001 21.59167333333333,81.97108666666666,81.97108666666666 21.588610000000003,81.97161833333334,81.97161833333334 21.585630000000002,81.97215666666666,81.97215666666666 21.582733333333334,81.97270333333331,81.97270333333331 21.579921666666674,81.97325666666667,81.97325666666667 21.577205000000003,81.97381833333334,81.97381833333334 21.574586666666665,81.97438833333332,81.97438833333332 21.572061666666663,81.97496500000001,81.97496500000001 21.569633333333332,81.97554833333334,81.97554833333334 21.567305000000005,81.97613833333334,81.97613833333334 21.56507333333333,81.97673333333333,81.97673333333333 21.562926666666666,81.97733333333333,81.97733333333333 21.560861666666668,81.97793833333334,81.97793833333334 21.558871666666665,81.978545,81.978545 21.55695166666667,81.97915500000002,81.97915500000002 21.555101666666662,81.97977,81.97977 21.55332166666667,81.98038833333334,81.98038833333334 21.5516,81.98100833333334,81.98100833333334 21.549934999999994,81.98163333333335,81.98163333333335 21.548330000000004,81.98225833333333,81.98225833333333 21.54678666666667,81.98288833333332,81.98288833333332 21.545305000000003,81.98352000000001,81.98352000000001 21.54388666666667,81.98415333333332,81.98415333333332 21.542533333333335,81.98479,81.98479 21.54127666666667,81.98542833333333,81.98542833333333 21.540163333333332,81.98607000000001,81.98607000000001 21.539214999999995,81.98671333333333,81.98671333333333 21.53843166666666,81.98735666666667,81.98735666666667 21.537798333333328,81.988,81.988 21.53732666666666,81.98864333333334,81.98864333333334 21.537056666666665,81.98928666666669,81.98928666666669 21.53699333333333,81.98992499999999,81.98992499999999 21.537118333333336,81.99056166666666,81.99056166666666 21.537419999999997,81.99119166666665,81.99119166666665 21.537901666666667,81.99181833333333,81.99181833333333 21.538566666666664,81.992435,81.992435 21.539408333333338,81.993045,81.993045 21.54042,81.993645,81.993645 21.541585000000005,81.994235,81.994235 21.542895,81.994815,81.994815 21.544343333333337,81.99538666666668,81.99538666666668 21.54592333333333,81.99594666666665,81.99594666666665 21.547635,81.99649833333334,81.99649833333334 21.549473333333335,81.99703833333334,81.99703833333334 21.55142666666666,81.99756833333333,81.99756833333333 21.553490000000004,81.99808833333334,81.99808833333334 21.555653333333332,81.99860166666669,81.99860166666669 21.557919999999996,81.99910666666666,81.99910666666666 21.560301666666668,81.99960166666666,81.99960166666666 21.562803333333335,82.000085,82.000085 21.565420000000003,82.00055666666668,82.00055666666668 21.568141666666666,82.00101666666666,82.00101666666666 21.57096333333333,82.001465,82.001465 21.57388333333333,82.00190166666667,82.00190166666667 21.576908333333332,82.00232499999998,82.00232499999998 21.58003666666667,82.00273500000002,82.00273500000002 21.583264999999997,82.00312999999998,82.00312999999998 21.586593333333337,82.00350999999999,82.00350999999999 21.590016666666664,82.00387333333333,82.00387333333333 21.593533333333333,82.00421833333334,82.00421833333334 21.59714333333333,82.00454666666667,82.00454666666667 21.600836666666666,82.004855,82.004855 21.604605000000003,82.00514666666668,82.00514666666668 21.60844666666667,82.00541999999999,82.00541999999999 21.612356666666667,82.00567166666666,82.00567166666666 21.616325,82.00590333333332,82.00590333333332 21.620346666666666,82.00611833333333,82.00611833333333 21.624421666666663,82.006315,82.006315 21.628551666666663,82.00649166666666,82.00649166666666 21.63273,82.00664666666668,82.00664666666668 21.636950000000002,82.00678166666667,82.00678166666667 21.641203333333333,82.00689666666666,82.00689666666666 21.645488333333333,82.00699333333333,82.00699333333333 21.649801666666665,82.00706999999998,82.00706999999998 21.654138333333336,82.00712666666668,82.00712666666668 21.658493333333332,82.00716666666666,82.00716666666666 21.66286,82.00718666666668,82.00718666666668 21.667233333333332,82.00718833333333,82.00718833333333 21.671615,82.00717333333331,82.00717333333331 21.676006666666662,82.00714000000002,82.00714000000002 21.680406666666666,82.00708333333333,82.00708333333333 21.684816666666663,82.00700166666665,82.00700166666665 21.68923333333333,82.00689499999997,82.00689499999997 21.693653333333337,82.00676333333334,82.00676333333334 21.698063333333334,82.00660333333332,82.00660333333332 21.702446666666667,82.00641333333334,82.00641333333334 21.706788333333332,82.00619333333333,82.00619333333333 21.711088333333336,82.005955,82.005955 21.715349999999997,82.00570166666667,82.00570166666667 21.71957,82.00543333333333,82.00543333333333 21.723738333333337,82.00514666666668,82.00514666666668 21.72782666666667,82.00484166666666,82.00484166666666 21.731813333333335,82.004515,82.004515 21.735695000000003,82.00416833333333,82.00416833333333 21.739471666666667,82.00380500000001,82.00380500000001 21.743133333333336,82.003425,82.003425 21.746676666666666,82.00302666666667,82.00302666666667 21.750113333333335,82.00261333333334,82.00261333333334 21.753455,82.00218666666666,82.00218666666666 21.756708333333336,82.00174666666666,82.00174666666666 21.75988,82.00129333333334,82.00129333333334 21.762980000000002,82.00083166666667,82.00083166666667 21.766013333333333,82.00035833333335,82.00035833333335 21.76899,81.99987833333333,81.99987833333333 21.771926666666662,81.99939166666665,81.99939166666665 21.774833333333326,81.99889999999999,81.99889999999999 21.77772333333333,81.99840499999999,81.99840499999999 21.780605,81.99790833333333,81.99790833333333 21.78347833333333,81.99741166666665,81.99741166666665 21.78634833333333,81.99691166666666,81.99691166666666 21.789225000000002,81.99641000000001,81.99641000000001 21.79211666666667,81.99591000000001,81.99591000000001 21.795018333333335,81.99540833333333,81.99540833333333 21.79791666666667,81.99490499999999,81.99490499999999 21.800805,81.99439833333332,81.99439833333332 21.803683333333332,81.99389166666666,81.99389166666666 21.806551666666664,81.99338333333333,81.99338333333333 21.8094,81.99287166666666,81.99287166666666 21.812230000000003,81.99235833333334,81.99235833333334 21.81504,81.99184333333334,81.99184333333334 21.817830000000004,81.99132333333334,81.99132333333334 21.820599999999995,81.99080166666667,81.99080166666667 21.823348333333335,81.99027500000001,81.99027500000001 21.826063333333334,81.989745,81.989745 21.828746666666664,81.98920833333334,81.98920833333334 21.831393333333335,81.98866833333332,81.98866833333332 21.834001666666666,81.98812333333332,81.98812333333332 21.836565000000007,81.98757333333334,81.98757333333334 21.839083333333328,81.98702,81.98702 21.841561666666664,81.98646500000001,81.98646500000001 21.843999999999998,81.98590833333333,81.98590833333333 21.846403333333335,81.98535166666667,81.98535166666667 21.84877333333333,81.984795,81.984795 21.851125000000003,81.98423999999999,81.98423999999999 21.853458333333332,81.98368666666669,81.98368666666669 21.85577,81.98313166666667,81.98313166666667 21.85806166666667,81.98257333333332,81.98257333333332 21.86033333333333,81.98201499999999,81.98201499999999 21.862595,81.98145333333332,81.98145333333332 21.864843333333337,81.98088999999999,81.98088999999999 21.867075,81.98032166666667,81.98032166666667 21.86930333333333,81.97975166666667,81.97975166666667 21.871565,81.97918166666666,81.97918166666666 21.87390833333333,81.97861833333333,81.97861833333333 21.876356666666666,81.978065,81.978065 21.87892,81.97752333333332,81.97752333333332 21.881611666666664,81.97699666666668,81.97699666666668 21.884421666666668,81.97648666666667,81.97648666666667 21.88731833333333,81.97598833333333,81.97598833333333 21.89028833333333,81.97550333333334,81.97550333333334 21.893325,81.97503,81.97503 21.896411666666673,81.97456333333334,81.97456333333334 21.899535,81.974105,81.974105 21.902695000000005,81.97365333333333,81.97365333333333 21.905876666666668,81.973205,81.973205 21.909056666666668,81.97275833333332,81.97275833333332 21.91223666666667,81.97231166666667,81.97231166666667 21.915415,81.971865,81.971865 21.918598333333332,81.97142000000001,81.97142000000001 21.921785,81.97097666666667,81.97097666666667 21.92496,81.97053,81.97053 21.928116666666668,81.97008,81.97008 21.931261666666668,81.96963,81.96963 21.934393333333333,81.96917833333333,81.96917833333333 21.937506666666668,81.96872499999999,81.96872499999999 21.94059666666667,81.96826833333334,81.96826833333334 21.943665000000003,81.96781,81.96781 21.94671166666667,81.96735,81.96735 21.94973333333333,81.96689,81.96689 21.952728333333333,81.96642666666668,81.96642666666668 21.95569833333333,81.96596166666667,81.96596166666667 21.95864166666667,81.96549499999999,81.96549499999999 21.96156333333333,81.96502666666666,81.96502666666666 21.964461666666665,81.96455666666667,81.96455666666667 21.967336666666665,81.96408333333333,81.96408333333333 21.970190000000002,81.96360833333333,81.96360833333333 21.973025000000003,81.96313166666665,81.96313166666665 21.97584,81.96265333333335,81.96265333333335 21.978631666666672,81.96217166666666,81.96217166666666 21.981420000000004,81.96168833333333,81.96168833333333 21.984226666666668,81.96120833333333,81.96120833333333 21.987064999999998,81.96073333333334,81.96073333333334 21.989933333333337,81.96026333333332,81.96026333333332 21.992800000000003,81.95979333333332,81.95979333333332 21.995644999999996,81.95932166666667,81.95932166666667 21.99846,81.95884500000001,81.95884500000001 22.001230000000003,81.958365,81.958365 22.003944999999998,81.95787666666666,81.95787666666666 22.00660833333333,81.957385,81.957385 22.009240000000002,81.95688833333334,81.95688833333334 22.011855,81.95639166666668,81.95639166666668 22.014456666666664,81.95589333333334,81.95589333333334 22.01705,81.95539166666669,81.95539166666669 22.019644999999997,81.95488833333334,81.95488833333334 22.02225,81.954385,81.954385 22.02486,81.95388,81.95388 22.027465,81.95337666666666,81.95337666666666 22.030061666666665,81.95286999999999,81.95286999999999 22.032619999999994,81.95235833333334,81.95235833333334 22.035111666666666,81.95183833333334,81.95183833333334 22.03749833333333,81.951305,81.951305 22.039730000000002,81.950755,81.950755 22.04178333333333,81.95019166666667,81.95019166666667 22.04364833333333,81.949615,81.949615 22.045315,81.94902666666667,81.94902666666667 22.046799999999998,81.94842833333334,81.94842833333334 22.04811833333333,81.94782,81.94782 22.04929833333333,81.94720500000001,81.94720500000001 22.05038,81.94658500000001,81.94658500000001 22.051356666666667,81.94595833333332,81.94595833333332 22.05221166666667,81.94532666666669,81.94532666666669 22.052950000000003,81.94469000000001,81.94469000000001 22.053596666666664,81.94405166666668,81.94405166666668 22.05417166666667,81.94340833333334,81.94340833333334 22.05466166666667,81.94276333333333,81.94276333333333 22.055045,81.94211333333334,81.94211333333334 22.05527833333333,81.94145999999999,81.94145999999999 22.05534,81.94080666666667,81.94080666666667 22.055213333333334,81.94015166666668,81.94015166666668 22.05489,81.93949666666667,81.93949666666667 22.054359999999996,81.93884333333332,81.93884333333332 22.053623333333334,81.93819333333333,81.93819333333333 22.05268833333334,81.93754666666666,81.93754666666666 22.051563333333338,81.93690499999998,81.93690499999998 22.050263333333334,81.93626833333332,81.93626833333332 22.048843333333338,81.93563666666668,81.93563666666668 22.04735166666667,81.93500666666667,81.93500666666667 22.045801666666662,81.93437833333336,81.93437833333336 22.044198333333327,81.93375166666665,81.93375166666665 22.04255333333333,81.93312833333333,81.93312833333333 22.04087666666667,81.93250666666667,81.93250666666667 22.039178333333332,81.93188333333333,81.93188333333333 22.037464999999994,81.93126166666667,81.93126166666667 22.03573333333333,81.93063833333335,81.93063833333335 22.03398333333334,81.93001666666669,81.93001666666669 22.032235,81.929395,81.929395 22.03051,81.92876999999999,81.92876999999999 22.028811666666666,81.92814333333334,81.92814333333334 22.027148333333333,81.92751166666666,81.92751166666666 22.02550666666667,81.92687833333333,81.92687833333333 22.023885000000003,81.92624,81.92624 22.02228,81.92560166666668,81.92560166666668 22.020696666666662,81.92496166666666,81.92496166666666 22.01914,81.92431833333333,81.92431833333333 22.017620000000004,81.92367333333333,81.92367333333333 22.016136666666664,81.92302833333332,81.92302833333332 22.014685000000004,81.92237999999999,81.92237999999999 22.013270000000006,81.92173166666666,81.92173166666666 22.011893333333333,81.92108,81.92108 22.010554999999997,81.92042833333333,81.92042833333333 22.009249999999998,81.91977333333332,81.91977333333332 22.007975000000002,81.91911833333334,81.91911833333334 22.006733333333333,81.91846166666666,81.91846166666666 22.00553,81.91780499999999,81.91780499999999 22.004358333333336,81.91715,81.91715 22.003201666666673,81.91649666666666,81.91649666666666 22.002058333333334,81.915845,81.915845 22.000925,81.91519333333333,81.91519333333333 21.99979666666667,81.914545,81.914545 21.998660000000005,81.91389833333334,81.91389833333334 21.997515,81.91325499999999,81.91325499999999 21.996358333333333,81.91261500000002,81.91261500000002 21.995193333333333,81.91197666666666,81.91197666666666 21.994018333333333,81.91134166666667,81.91134166666667 21.992843333333333,81.91071,81.91071 21.99166833333334,81.91008,81.91008 21.990495000000003,81.90945166666667,81.90945166666667 21.98932333333333,81.90882666666666,81.90882666666666 21.988163333333336,81.90820166666667,81.90820166666667 21.98702333333333,81.90758000000001,81.90758000000001 21.985899999999997,81.90695833333332,81.90695833333332 21.98479,81.90633666666666,81.90633666666666 21.983685,81.90571666666666,81.90571666666666 21.982591666666668,81.905095,81.905095 21.981511666666666,81.90447333333333,81.90447333333333 21.98044333333333,81.90385166666667,81.90385166666667 21.979388333333333,81.90322833333335,81.90322833333335 21.97834333333334,81.90260166666667,81.90260166666667 21.977303333333335,81.901975,81.901975 21.97625833333333,81.901345,81.901345 21.97520666666667,81.90071333333334,81.90071333333334 21.974146666666666,81.90007833333334,81.90007833333334 21.973078333333337,81.89943833333334,81.89943833333334 21.972015,81.89879666666668,81.89879666666668 21.970973333333333,81.89815166666668,81.89815166666668 21.96996166666667,81.89750333333332,81.89750333333332 21.968971666666672,81.89685333333333,81.89685333333333 21.967991666666663,81.89620166666667,81.89620166666667 21.96701333333333,81.89555,81.89555 21.966035000000005,81.89489833333334,81.89489833333334 21.965053333333337,81.89424833333335,81.89424833333335 21.96406833333333,81.89359833333333,81.89359833333333 21.963075000000007,81.89295,81.89295 21.962071666666667,81.89230166666667,81.89230166666667 21.961059999999996,81.891655,81.891655 21.960036666666664,81.89101,81.89101 21.959003333333335,81.89036666666665,81.89036666666665 21.95796,81.88972666666668,81.88972666666668 21.956909999999997,81.88908666666666,81.88908666666666 21.955851666666668,81.88844666666667,81.88844666666667 21.954786666666674,81.88780833333334,81.88780833333334 21.953713333333333,81.88717166666666,81.88717166666666 21.952636666666667,81.886535,81.886535 21.951563333333336,81.88589666666667,81.88589666666667 21.950500000000005,81.88525999999999,81.88525999999999 21.949443333333335,81.88462500000001,81.88462500000001 21.948394999999998,81.88399,81.88399 21.947354999999998,81.88335333333333,81.88335333333333 21.946326666666664,81.88271833333333,81.88271833333333 21.945313333333335,81.88208333333334,81.88208333333334 21.944315,81.88144666666668,81.88144666666668 21.94333333333333,81.88081166666666,81.88081166666666 21.942368333333334,81.880175,81.880175 21.941418333333328,81.87953999999999,81.87953999999999 21.940474999999996,81.87890333333334,81.87890333333334 21.93953166666667,81.87826833333334,81.87826833333334 21.938583333333334,81.87763499999998,81.87763499999998 21.937631666666665,81.87700166666667,81.87700166666667 21.936674999999997,81.87636833333332,81.87636833333332 21.935713333333332,81.87573666666667,81.87573666666667 21.934740000000005,81.875105,81.875105 21.933754999999998,81.874475,81.874475 21.932754999999997,81.87384499999999,81.87384499999999 21.93173,81.87321833333334,81.87321833333334 21.93068333333333,81.87259333333333,81.87259333333333 21.929611666666663,81.87196999999999,81.87196999999999 21.928523333333338,81.87134833333333,81.87134833333333 21.927429999999998,81.87072666666667,81.87072666666667 21.92633333333333,81.87010833333333,81.87010833333333 21.925236666666667,81.86948833333334,81.86948833333334 21.924146666666672,81.86887,81.86887 21.923066666666667,81.86825166666667,81.86825166666667 21.921988333333335,81.86763333333333,81.86763333333333 21.920910000000006,81.86701666666666,81.86701666666666 21.919836666666665,81.8664,81.8664 21.91878333333333,81.86578333333333,81.86578333333333 21.917748333333332,81.86516666666665,81.86516666666665 21.91673166666667,81.86454999999998,81.86454999999998 21.915731666666673,81.86393166666667,81.86393166666667 21.91475,81.863315,81.863315 21.91378833333333,81.86269666666666,81.86269666666666 21.91284666666666,81.86207833333333,81.86207833333333 21.91192333333333,81.86146,81.86146 21.91101,81.86084166666666,81.86084166666666 21.910101666666662,81.86022500000001,81.86022500000001 21.909189999999995,81.85960666666668,81.85960666666668 21.908271666666664,81.85898833333334,81.85898833333334 21.907341666666667,81.85837000000001,81.85837000000001 21.906399999999998,81.85775333333333,81.85775333333333 21.905453333333337,81.85713833333332,81.85713833333332 21.904506666666666,81.85652333333333,81.85652333333333 21.90356,81.85590999999998,81.85590999999998 21.902616666666667,81.85530000000001,81.85530000000001 21.901674999999997,81.85468833333333,81.85468833333333 21.900736666666663,81.85408000000001,81.85408000000001 21.89980166666667,81.85347166666668,81.85347166666668 21.898870000000002,81.852865,81.852865 21.897938333333332,81.85225833333335,81.85225833333335 21.897003333333338,81.85165333333333,81.85165333333333 21.896066666666666,81.85105000000001,81.85105000000001 21.89513,81.85044833333332,81.85044833333332 21.894193333333337,81.84984666666666,81.84984666666666 21.893261666666668,81.84924666666669,81.84924666666669 21.89233666666666,81.84864666666668,81.84864666666668 21.891418333333334,81.84804833333332,81.84804833333332 21.890508333333333,81.84745166666667,81.84745166666667 21.88961666666667,81.84685333333333,81.84685333333333 21.88874333333333,81.84625666666668,81.84625666666668 21.887890000000002,81.84566166666666,81.84566166666666 21.887055000000004,81.84506666666667,81.84506666666667 21.886233333333333,81.84447166666668,81.84447166666668 21.885425,81.84387666666667,81.84387666666667 21.884624999999996,81.84328166666666,81.84328166666666 21.883834999999998,81.842685,81.842685 21.88304833333333,81.84208833333332,81.84208833333332 21.882256666666663,81.84149166666666,81.84149166666666 21.88145666666667,81.84089333333334,81.84089333333334 21.880648333333333,81.84029333333334,81.84029333333334 21.879831666666668,81.83969,81.83969 21.879001666666667,81.83908666666666,81.83908666666666 21.87815666666667,81.83847833333333,81.83847833333333 21.87729666666667,81.83787000000001,81.83787000000001 21.87642166666667,81.83726166666668,81.83726166666668 21.875530000000005,81.83665166666667,81.83665166666667 21.874624999999998,81.83604000000001,81.83604000000001 21.87370333333333,81.83542833333333,81.83542833333333 21.872766666666667,81.834815,81.834815 21.87181666666667,81.83420166666666,81.83420166666666 21.870855,81.83359000000002,81.83359000000002 21.869884999999996,81.83297666666667,81.83297666666667 21.86891333333333,81.83236666666667,81.83236666666667 21.86793833333334,81.831755,81.831755 21.86695833333333,81.831145,81.831145 21.865979999999997,81.83053499999998,81.83053499999998 21.865003333333334,81.82992333333333,81.82992333333333 21.86402666666667,81.82931333333332,81.82931333333332 21.86305,81.82870166666666,81.82870166666666 21.86207166666666,81.82809166666667,81.82809166666667 21.861095,81.82748,81.82748 21.860116666666666,81.82686833333334,81.82686833333334 21.859135000000002,81.82625833333334,81.82625833333334 21.85814833333333,81.82564666666667,81.82564666666667 21.857153333333336,81.82503499999999,81.82503499999999 21.856148333333334,81.82442166666667,81.82442166666667 21.855135000000004,81.82380833333335,81.82380833333335 21.854115,81.823195,81.823195 21.853085,81.82257833333333,81.82257833333333 21.852048333333332,81.82196333333333,81.82196333333333 21.851005,81.82134666666668,81.82134666666668 21.84995333333333,81.82072833333332,81.82072833333332 21.848903333333332,81.82011166666665,81.82011166666665 21.84785666666667,81.81949166666665,81.81949166666665 21.84682,81.81886999999999,81.81886999999999 21.845788333333335,81.81824499999999,81.81824499999999 21.84475666666666,81.81762,81.81762 21.843731666666667,81.81699333333333,81.81699333333333 21.842710000000004,81.81636666666665,81.81636666666665 21.841693333333335,81.81573833333333,81.81573833333333 21.840679999999995,81.81511000000002,81.81511000000002 21.839663333333338,81.81448166666668,81.81448166666668 21.83865,81.81385333333333,81.81385333333333 21.837640000000004,81.81322499999999,81.81322499999999 21.836636666666664,81.81259666666665,81.81259666666665 21.83563333333333,81.81196833333334,81.81196833333334 21.83463,81.81134000000002,81.81134000000002 21.83362833333333,81.81071166666668,81.81071166666668 21.83263166666666,81.81008166666668,81.81008166666668 21.831636666666668,81.80945,81.80945 21.830640000000002,81.80881833333333,81.80881833333333 21.829641666666667,81.80818666666669,81.80818666666669 21.828645,81.807555,81.807555 21.827650000000002,81.80692166666665,81.80692166666665 21.826655,81.80628999999999,81.80628999999999 21.82565833333333,81.80565666666668,81.80565666666668 21.824661666666664,81.80502666666665,81.80502666666665 21.823670000000003,81.80439500000001,81.80439500000001 21.82268,81.803765,81.803765 21.821691666666666,81.80313666666666,81.80313666666666 21.820706666666666,81.80250666666667,81.80250666666667 21.819725000000002,81.80187666666667,81.80187666666667 21.818746666666666,81.80124666666667,81.80124666666667 21.81777333333334,81.80061666666668,81.80061666666668 21.816803333333336,81.79998666666665,81.79998666666665 21.81583666666667,81.79935666666667,81.79935666666667 21.81487666666667,81.79872666666667,81.79872666666667 21.813923333333335,81.79809666666667,81.79809666666667 21.812974999999998,81.79746666666668,81.79746666666668 21.812033333333336,81.79683666666665,81.79683666666665 21.811089999999997,81.79620666666666,81.79620666666666 21.810143333333333,81.79557666666666,81.79557666666666 21.809186666666665,81.79494666666666,81.79494666666666 21.808221666666668,81.79431666666667,81.79431666666667 21.807243333333336,81.79368666666664,81.79368666666664 21.80625333333333,81.79305666666667,81.79305666666667 21.805250000000004,81.792425,81.792425 21.804233333333332,81.791795,81.791795 21.803201666666673,81.79116333333334,81.79116333333334 21.802161666666663,81.79052999999999,81.79052999999999 21.80111166666666,81.78989833333334,81.78989833333334 21.800056666666666,81.78926666666665,81.78926666666665 21.798993333333335,81.78863333333334,81.78863333333334 21.79791666666667,81.78799999999998,81.78799999999998 21.796825,81.78736666666667,81.78736666666667 21.795716666666664,81.78673333333332,81.78673333333332 21.794593333333335,81.78609833333334,81.78609833333334 21.79345166666667,81.78546500000002,81.78546500000002 21.792296666666665,81.78482833333335,81.78482833333335 21.791129999999995,81.78419333333333,81.78419333333333 21.789949999999997,81.78355666666667,81.78355666666667 21.788761666666666,81.78291833333334,81.78291833333334 21.787565,81.78228,81.78228 21.786383333333333,81.78164000000001,81.78164000000001 21.785233333333338,81.78099999999999,81.78099999999999 21.784126666666662,81.78036,81.78036 21.783076666666663,81.77972,81.77972 21.782075000000003,81.77908000000001,81.77908000000001 21.781109999999998,81.77843999999999,81.77843999999999 21.780171666666664,81.77780166666666,81.77780166666666 21.779251666666667,81.77716499999998,81.77716499999998 21.778343333333336,81.77652666666665,81.77652666666665 21.777444999999997,81.77588999999999,81.77588999999999 21.776555,81.77525166666665,81.77525166666665 21.775665000000004,81.77461166666666,81.77461166666666 21.774766666666665,81.77397166666667,81.77397166666667 21.773858333333337,81.77333,81.77333 21.77295,81.77268666666666,81.77268666666666 21.772048333333338,81.77204333333334,81.77204333333334 21.771160000000002,81.7714,81.7714 21.770281666666666,81.770755,81.770755 21.769418333333338,81.77011000000002,81.77011000000002 21.768561666666663,81.76946166666666,81.76946166666666 21.767698333333335,81.76881499999999,81.76881499999999 21.766828333333336,81.76816666666666,81.76816666666666 21.765946666666668,81.76751999999999,81.76751999999999 21.765054999999997,81.76687333333332,81.76687333333332 21.76415,81.76622666666668,81.76622666666668 21.763231666666666,81.76558000000001,81.76558000000001 21.762303333333332,81.76493333333332,81.76493333333332 21.76136166666667,81.76428666666668,81.76428666666668 21.760411666666663,81.76364000000001,81.76364000000001 21.759456666666665,81.76299333333334,81.76299333333334 21.7585,81.76234666666667,81.76234666666667 21.757544999999997,81.76170166666667,81.76170166666667 21.75659,81.761055,81.761055 21.755636666666668,81.76041000000001,81.76041000000001 21.75469,81.75976333333332,81.75976333333332 21.75375,81.75911833333333,81.75911833333333 21.752811666666673,81.75847166666667,81.75847166666667 21.751873333333332,81.757825,81.757825 21.750931666666663,81.75717999999999,81.75717999999999 21.749985000000002,81.75653499999999,81.75653499999999 21.749031666666664,81.75589000000001,81.75589000000001 21.748075000000004,81.755245,81.755245 21.74711333333333,81.75460166666666,81.75460166666666 21.74614333333333,81.75395833333334,81.75395833333334 21.745164999999997,81.753315,81.753315 21.74418166666667,81.75267166666666,81.75267166666666 21.743191666666664,81.75202999999999,81.75202999999999 21.74219833333333,81.75138666666668,81.75138666666668 21.74120333333334,81.75074333333333,81.75074333333333 21.740198333333336,81.75010000000002,81.75010000000002 21.739183333333333,81.74945833333334,81.74945833333334 21.738158333333335,81.74881666666667,81.74881666666667 21.737125,81.74817500000002,81.74817500000002 21.73608166666667,81.747535,81.747535 21.735025000000007,81.74689666666667,81.74689666666667 21.73395666666667,81.74625999999999,81.74625999999999 21.73287833333333,81.74562500000002,81.74562500000002 21.731798333333337,81.74499,81.74499 21.730716666666662,81.74435833333335,81.74435833333335 21.72964333333334,81.743725,81.743725 21.72858666666667,81.74309333333335,81.74309333333335 21.727555000000002,81.74246,81.74246 21.72654166666667,81.74182833333332,81.74182833333332 21.725541666666665,81.74119666666668,81.74119666666668 21.724555000000002,81.740565,81.740565 21.723585,81.73993333333334,81.73993333333334 21.722630000000002,81.73930166666668,81.73930166666668 21.721688333333336,81.73867,81.73867 21.720758333333336,81.73803666666666,81.73803666666666 21.719838333333335,81.73740166666667,81.73740166666667 21.71892833333333,81.736765,81.736765 21.718023333333335,81.73612666666666,81.73612666666666 21.71712166666667,81.73548833333334,81.73548833333334 21.716225,81.73485000000001,81.73485000000001 21.715329999999998,81.73421,81.73421 21.714438333333334,81.73357166666665,81.73357166666665 21.71354666666667,81.73293500000001,81.73293500000001 21.712655,81.73229833333333,81.73229833333333 21.711765,81.73166333333333,81.73166333333333 21.710871666666673,81.73102833333334,81.73102833333334 21.709969999999995,81.730395,81.730395 21.709063333333333,81.72976166666668,81.72976166666668 21.708148333333327,81.72912833333334,81.72912833333334 21.70723,81.72849666666666,81.72849666666666 21.706308333333332,81.72786833333332,81.72786833333332 21.705385000000003,81.72724000000001,81.72724000000001 21.704460000000005,81.72661333333333,81.72661333333333 21.703538333333338,81.72599,81.72599 21.702618333333334,81.72536666666667,81.72536666666667 21.701695000000004,81.72474166666666,81.72474166666666 21.700765,81.72411666666667,81.72411666666667 21.699826666666663,81.72349,81.72349 21.69887666666667,81.72286000000001,81.72286000000001 21.697911666666666,81.72223000000001,81.72223000000001 21.696931666666664,81.72159666666667,81.72159666666667 21.695940000000004,81.72096333333334,81.72096333333334 21.694938333333333,81.72032666666668,81.72032666666668 21.693921666666668,81.71968833333334,81.71968833333334 21.692895,81.71904666666666,81.71904666666666 21.691858333333332,81.718405,81.718405 21.69082166666667,81.71776166666666,81.71776166666666 21.68978666666667,81.71711833333335,81.71711833333335 21.68875666666667,81.716475,81.716475 21.687734999999996,81.71583333333334,81.71583333333334 21.68672,81.71518999999999,81.71518999999999 21.685713333333336,81.71454833333334,81.71454833333334 21.68471166666666,81.71390666666666,81.71390666666666 21.683711666666664,81.71326333333334,81.71326333333334 21.682714999999998,81.71261833333334,81.71261833333334 21.681718333333333,81.71197333333333,81.71197333333333 21.68072333333334,81.711325,81.711325 21.679723333333328,81.71067666666667,81.71067666666667 21.67872333333333,81.71002333333333,81.71002333333333 21.677718333333335,81.70937,81.70937 21.676711666666662,81.70871333333334,81.70871333333334 21.67570333333333,81.70805333333332,81.70805333333332 21.674691666666664,81.70739333333333,81.70739333333333 21.673675000000003,81.70673166666668,81.70673166666668 21.672653333333333,81.70606833333333,81.70606833333333 21.671623333333333,81.705405,81.705405 21.670580000000005,81.70474333333333,81.70474333333333 21.669526666666666,81.70408499999999,81.70408499999999 21.66846,81.70342833333335,81.70342833333335 21.667381666666664,81.702775,81.702775 21.666291666666663,81.70212333333333,81.70212333333333 21.66519166666667,81.70147333333334,81.70147333333334 21.66408,81.70082666666667,81.70082666666667 21.662961666666668,81.70018333333334,81.70018333333334 21.66184333333333,81.69954166666666,81.69954166666666 21.660731666666667,81.69890166666667,81.69890166666667 21.659626666666668,81.69826166666668,81.69826166666668 21.658530000000006,81.697625,81.697625 21.657446666666672,81.69698666666667,81.69698666666667 21.656381666666668,81.69635166666667,81.69635166666667 21.655333333333335,81.69571666666668,81.69571666666668 21.654295000000005,81.69508333333334,81.69508333333334 21.65326333333333,81.69445166666665,81.69445166666665 21.652238333333337,81.69382,81.69382 21.651216666666663,81.69319,81.69319 21.650198333333332,81.69256166666666,81.69256166666666 21.64917833333333,81.69193333333334,81.69193333333334 21.648158333333335,81.691305,81.691305 21.647139999999997,81.69067833333332,81.69067833333332 21.646128333333333,81.69005166666668,81.69005166666668 21.645121666666668,81.68942666666668,81.68942666666668 21.64412166666667,81.68880166666666,81.68880166666666 21.643129999999996,81.68817666666668,81.68817666666668 21.64215,81.68755333333333,81.68755333333333 21.641178333333333,81.68693,81.68693 21.640214999999998,81.68630666666667,81.68630666666667 21.639261666666666,81.685685,81.685685 21.63832166666667,81.68506500000001,81.68506500000001 21.63739,81.68444500000001,81.68444500000001 21.636470000000003,81.68382666666668,81.68382666666668 21.635561666666664,81.68320666666668,81.68320666666668 21.634663333333332,81.68258833333334,81.68258833333334 21.633774999999996,81.68196833333334,81.68196833333334 21.632891666666666,81.68134833333335,81.68134833333335 21.632011666666667,81.68072999999998,81.68072999999998 21.631128333333326,81.68011000000001,81.68011000000001 21.630240000000004,81.67949000000002,81.67949000000002 21.62935166666667,81.67887166666665,81.67887166666665 21.628463333333336,81.67825166666665,81.67825166666665 21.627575,81.67763333333335,81.67763333333335 21.626688333333327,81.67701666666667,81.67701666666667 21.625803333333337,81.6764,81.6764 21.624919999999996,81.67578333333333,81.67578333333333 21.624038333333335,81.67516833333333,81.67516833333333 21.623156666666667,81.67455166666666,81.67455166666666 21.622275,81.67393666666668,81.67393666666668 21.621393333333337,81.67332,81.67332 21.620515,81.672705,81.672705 21.619635000000002,81.67209000000001,81.67209000000001 21.61875333333333,81.67147666666666,81.67147666666666 21.617871666666662,81.67086499999999,81.67086499999999 21.616986666666673,81.67025333333333,81.67025333333333 21.6161,81.66964333333334,81.66964333333334 21.61521,81.669035,81.669035 21.614316666666664,81.66842666666666,81.66842666666666 21.613419999999998,81.66781833333333,81.66781833333333 21.612523333333332,81.66721333333334,81.66721333333334 21.611625000000007,81.66660666666667,81.66660666666667 21.610726666666668,81.66600333333334,81.66600333333334 21.609828333333333,81.66539833333333,81.66539833333333 21.60892833333333,81.66479666666669,81.66479666666669 21.60803166666667,81.66419333333333,81.66419333333333 21.607138333333335,81.66359166666668,81.66359166666668 21.60625166666667,81.66299000000001,81.66299000000001 21.60537,81.66238833333334,81.66238833333334 21.604494999999996,81.66178666666666,81.66178666666666 21.603626666666663,81.66118499999999,81.66118499999999 21.60276166666667,81.66058500000001,81.66058500000001 21.601903333333336,81.65998333333333,81.65998333333333 21.60104833333333,81.65938333333332,81.65938333333332 21.60019333333333,81.65878166666667,81.65878166666667 21.59933833333334,81.65818166666666,81.65818166666666 21.59848166666666,81.65758,81.65758 21.59762,81.65697666666668,81.65697666666668 21.59675333333333,81.65637166666666,81.65637166666666 21.595878333333335,81.65576833333334,81.65576833333334 21.594996666666663,81.65516333333332,81.65516333333332 21.594111666666663,81.65455833333334,81.65455833333334 21.593226666666666,81.65395333333332,81.65395333333332 21.59234166666667,81.65334666666665,81.65334666666665 21.591456666666666,81.65273833333333,81.65273833333333 21.590563333333332,81.65213,81.65213 21.589660000000006,81.65152166666667,81.65152166666667 21.588748333333335,81.65091166666666,81.65091166666666 21.58783,81.65030333333335,81.65030333333335 21.586905,81.64969666666666,81.64969666666666 21.585969999999996,81.64909,81.64909 21.585025000000005,81.64848333333333,81.64848333333333 21.58407333333334,81.64787833333334,81.64787833333334 21.58312,81.64727500000001,81.64727500000001 21.582169999999998,81.64667166666666,81.64667166666666 21.581223333333334,81.64606833333333,81.64606833333333 21.580274999999997,81.64546666666668,81.64546666666668 21.579326666666667,81.64486499999998,81.64486499999998 21.578373333333335,81.64426333333334,81.64426333333334 21.577416666666668,81.64366166666666,81.64366166666666 21.57645166666667,81.64305999999999,81.64305999999999 21.575478333333333,81.64245833333334,81.64245833333334 21.57449666666666,81.64185666666667,81.64185666666667 21.573515,81.64125166666666,81.64125166666666 21.572538333333334,81.640645,81.640645 21.57157166666667,81.64003666666667,81.64003666666667 21.570614999999997,81.63942666666667,81.63942666666667 21.569666666666667,81.63881666666667,81.63881666666667 21.568728333333333,81.63820500000001,81.63820500000001 21.567800000000005,81.63759499999999,81.63759499999999 21.566881666666667,81.63698500000001,81.63698500000001 21.56597,81.63637333333332,81.63637333333332 21.56506,81.63576333333334,81.63576333333334 21.564155,81.63515333333332,81.63515333333332 21.563256666666668,81.63454333333335,81.63454333333335 21.56236166666667,81.63393500000001,81.63393500000001 21.561471666666662,81.63332666666668,81.63332666666668 21.560585,81.63271833333334,81.63271833333334 21.559699999999996,81.63211,81.63211 21.558811666666664,81.63150166666667,81.63150166666667 21.557919999999996,81.63089333333333,81.63089333333333 21.55702666666667,81.63028500000001,81.63028500000001 21.556131666666673,81.62967499999999,81.62967499999999 21.55523833333333,81.62906500000001,81.62906500000001 21.554343333333335,81.62845499999999,81.62845499999999 21.553446666666666,81.627845,81.627845 21.552548333333334,81.627235,81.627235 21.55165166666666,81.62662333333333,81.62662333333333 21.550753333333336,81.62601166666667,81.62601166666667 21.549858333333333,81.62539833333335,81.62539833333335 21.548963333333337,81.62478333333334,81.62478333333334 21.548073333333335,81.62416833333333,81.62416833333333 21.547183333333336,81.62355333333333,81.62355333333333 21.546295,81.622935,81.622935 21.54540666666667,81.62231666666666,81.62231666666666 21.544511666666672,81.62169666666667,81.62169666666667 21.54361166666667,81.621075,81.621075 21.542703333333332,81.62045333333334,81.62045333333334 21.54178833333334,81.61983166666667,81.61983166666667 21.540861666666668,81.61920833333335,81.61920833333335 21.539925000000004,81.61858333333333,81.61858333333333 21.538980000000002,81.61795999999998,81.61795999999998 21.538023333333328,81.61733333333333,81.61733333333333 21.53705833333333,81.61670666666667,81.61670666666667 21.536089999999998,81.61608,81.61608 21.535120000000003,81.61545166666666,81.61545166666666 21.534151666666666,81.61482333333333,81.61482333333333 21.533185000000003,81.614195,81.614195 21.532216666666667,81.613565,81.613565 21.531248333333327,81.61293500000001,81.61293500000001 21.530281666666664,81.61230333333332,81.61230333333332 21.529313333333334,81.61167166666668,81.61167166666668 21.528345,81.61104,81.61104 21.527375,81.61040666666666,81.61040666666666 21.52640666666667,81.60977333333334,81.60977333333334 21.525434999999998,81.60913833333333,81.60913833333333 21.524465000000003,81.60850500000001,81.60850500000001 21.52349333333333,81.60787,81.60787 21.52252,81.60723500000002,81.60723500000002 21.521543333333334,81.60659833333335,81.60659833333335 21.520556666666668,81.60596333333334,81.60596333333334 21.51956,81.60532666666667,81.60532666666667 21.51855333333333,81.60469,81.60469 21.517545000000002,81.60405333333333,81.60405333333333 21.51653833333333,81.60341833333335,81.60341833333335 21.515533333333334,81.60278166666667,81.60278166666667 21.514531666666667,81.60214666666667,81.60214666666667 21.51353166666667,81.60151333333333,81.60151333333333 21.51253833333333,81.60088166666667,81.60088166666667 21.51155333333334,81.60025,81.60025 21.51057833333334,81.59961833333332,81.59961833333332 21.509611666666665,81.59899000000001,81.59899000000001 21.508660000000003,81.59836166666668,81.59836166666668 21.50771666666667,81.59773333333332,81.59773333333332 21.50678333333334,81.59710666666668,81.59710666666668 21.505854999999997,81.59648,81.59648 21.504931666666668,81.59585333333334,81.59585333333334 21.504011666666663,81.595225,81.595225 21.503098333333334,81.59459666666666,81.59459666666666 21.502190000000002,81.59396833333334,81.59396833333334 21.50128666666667,81.59334,81.59334 21.500385,81.59271,81.59271 21.499488333333336,81.59208000000001,81.59208000000001 21.49859333333333,81.59145000000001,81.59145000000001 21.49770166666666,81.59082,81.59082 21.496811666666666,81.59018999999999,81.59018999999999 21.495925000000003,81.58955999999999,81.58955999999999 21.49504,81.58893,81.58893 21.494156666666665,81.5883,81.5883 21.49327,81.58766999999999,81.58766999999999 21.492384999999995,81.58703999999999,81.58703999999999 21.491498333333336,81.58641166666665,81.58641166666665 21.490613333333332,81.58578333333334,81.58578333333334 21.48972666666667,81.58515666666668,81.58515666666668 21.48884,81.58452833333334,81.58452833333334 21.48795,81.58390166666666,81.58390166666666 21.487054999999998,81.583275,81.583275 21.486156666666673,81.58264833333332,81.58264833333332 21.485254999999995,81.58201999999999,81.58201999999999 21.484350000000003,81.58139166666666,81.58139166666666 21.48344666666667,81.58076166666666,81.58076166666666 21.482543333333336,81.58013333333332,81.58013333333332 21.48164166666666,81.57950166666667,81.57950166666667 21.480739999999997,81.57887166666667,81.57887166666667 21.47984166666667,81.57824166666666,81.57824166666666 21.478943333333337,81.57761166666666,81.57761166666666 21.478044999999998,81.57698166666668,81.57698166666668 21.477145000000004,81.57635,81.57635 21.47624166666667,81.57572,81.57572 21.475336666666664,81.57508833333333,81.57508833333333 21.47443,81.57445833333333,81.57445833333333 21.473525,81.57382999999999,81.57382999999999 21.47262,81.57320166666666,81.57320166666666 21.471716666666666,81.57257333333335,81.57257333333335 21.470811666666666,81.57194333333332,81.57194333333332 21.469906666666667,81.57131333333334,81.57131333333334 21.46900166666667,81.57068166666667,81.57068166666667 21.468096666666664,81.57005000000001,81.57005000000001 21.46719166666667,81.56942000000002,81.56942000000002 21.46628666666666,81.56878833333333,81.56878833333333 21.46538,81.56815833333334,81.56815833333334 21.46447333333333,81.56752833333334,81.56752833333334 21.46356666666666,81.56689833333333,81.56689833333333 21.462658333333337,81.56627000000002,81.56627000000002 21.461748333333336,81.56564166666668,81.56564166666668 21.460839999999997,81.56501499999999,81.56501499999999 21.459931666666662,81.56438666666668,81.56438666666668 21.459024999999997,81.56376166666666,81.56376166666666 21.458121666666667,81.56313499999999,81.56313499999999 21.45722166666667,81.56251,81.56251 21.456325,81.561885,81.561885 21.455431666666666,81.56125999999999,81.56125999999999 21.45454333333333,81.56063666666667,81.56063666666667 21.453658333333333,81.56001333333334,81.56001333333334 21.452779999999997,81.55938833333333,81.55938833333333 21.451908333333336,81.558765,81.558765 21.451041666666665,81.55814166666667,81.55814166666667 21.45018166666667,81.55751666666666,81.55751666666666 21.449323333333336,81.55689000000001,81.55689000000001 21.448466666666665,81.55626166666666,81.55626166666666 21.447615000000006,81.55563,81.55563 21.44676833333333,81.55499833333333,81.55499833333333 21.445926666666665,81.55436333333333,81.55436333333333 21.445085000000002,81.55372666666668,81.55372666666668 21.444245,81.55309000000001,81.55309000000001 21.443399999999993,81.55245333333335,81.55245333333335 21.442549999999997,81.551815,81.551815 21.441693333333333,81.55117666666668,81.55117666666668 21.440826666666663,81.55053833333332,81.55053833333332 21.439948333333337,81.5499,81.5499 21.439058333333335,81.54926166666668,81.54926166666668 21.438153333333336,81.54862333333335,81.54862333333335 21.437236666666667,81.547985,81.547985 21.436310000000002,81.54734833333335,81.54734833333335 21.435366666666663,81.54671166666668,81.54671166666668 21.434411666666666,81.54607833333333,81.54607833333333 21.433445,81.54544333333332,81.54544333333332 21.432471666666665,81.54481166666666,81.54481166666666 21.431496666666664,81.54418166666667,81.54418166666667 21.430518333333332,81.54355166666664,81.54355166666664 21.42954166666667,81.54292333333333,81.54292333333333 21.428569999999997,81.54229666666667,81.54229666666667 21.427601666666668,81.54167,81.54167 21.426635000000005,81.54104500000001,81.54104500000001 21.42567166666667,81.54042166666666,81.54042166666666 21.424711666666663,81.53979833333332,81.53979833333332 21.423753333333334,81.53917666666666,81.53917666666666 21.422798333333336,81.538555,81.538555 21.42184333333333,81.537935,81.537935 21.42089,81.537315,81.537315 21.419938333333334,81.53669500000001,81.53669500000001 21.418988333333328,81.53607666666667,81.53607666666667 21.418039999999998,81.53545833333334,81.53545833333334 21.417095000000003,81.53484,81.53484 21.416153333333334,81.53422166666667,81.53422166666667 21.415218333333335,81.53360500000001,81.53360500000001 21.414288333333335,81.53298666666666,81.53298666666666 21.413365,81.53237,81.53237 21.412448333333337,81.53175,81.53175 21.411536666666663,81.53113,81.53113 21.410631666666667,81.53050666666667,81.53050666666667 21.409725000000005,81.52988166666668,81.52988166666668 21.408815,81.52925666666667,81.52925666666667 21.4079,81.52862999999999,81.52862999999999 21.406976666666665,81.52800166666667,81.52800166666667 21.40604666666666,81.52737166666667,81.52737166666667 21.405109999999997,81.52674166666667,81.52674166666667 21.404163333333337,81.52611000000002,81.52611000000002 21.403208333333335,81.52547666666666,81.52547666666666 21.402246666666663,81.52484166666666,81.52484166666666 21.40127666666666,81.52420666666667,81.52420666666667 21.400299999999998,81.52356833333334,81.52356833333334 21.399316666666667,81.52292999999999,81.52292999999999 21.39832833333333,81.52229000000001,81.52229000000001 21.397334999999998,81.52164833333333,81.52164833333333 21.39633666666667,81.52100333333333,81.52100333333333 21.395336666666672,81.52035666666666,81.52035666666666 21.394336666666664,81.51970833333333,81.51970833333333 21.39333,81.51905833333333,81.51905833333333 21.39232,81.518405,81.518405 21.391303333333333,81.51775166666665,81.51775166666665 21.39028166666667,81.51709500000001,81.51709500000001 21.389258333333338,81.51644,81.51644 21.38823,81.51578500000001,81.51578500000001 21.387200000000004,81.51513,81.51513 21.38616833333333,81.51447666666665,81.51447666666665 21.385136666666668,81.51382333333332,81.51382333333332 21.384105,81.51317,81.51317 21.383078333333334,81.51252000000001,81.51252000000001 21.382055,81.51186999999999,81.51186999999999 21.381034999999994,81.51122333333332,81.51122333333332 21.380021666666668,81.51057833333334,81.51057833333334 21.379016666666665,81.509935,81.509935 21.378021666666672,81.50929333333333,81.50929333333333 21.377035,81.50865333333331,81.50865333333331 21.376059999999995,81.50801333333335,81.50801333333335 21.375095000000005,81.50737333333333,81.50737333333333 21.374140000000008,81.50673499999999,81.50673499999999 21.373193333333333,81.50609666666666,81.50609666666666 21.372251666666664,81.50545833333334,81.50545833333334 21.371318333333335,81.50482,81.50482 21.370393333333332,81.50418166666667,81.50418166666667 21.369475,81.503545,81.503545 21.368561666666665,81.50290666666666,81.50290666666666 21.367653333333333,81.50227,81.50227 21.36674666666667,81.50163333333333,81.50163333333333 21.365841666666665,81.50099833333334,81.50099833333334 21.36493833333333,81.50036166666668,81.50036166666668 21.36402833333333,81.499725,81.499725 21.363115,81.49908833333333,81.49908833333333 21.36219833333334,81.49845333333333,81.49845333333333 21.361281666666667,81.49781666666665,81.49781666666665 21.360366666666668,81.49717999999999,81.49717999999999 21.35945333333333,81.496545,81.496545 21.358545000000003,81.49591,81.49591 21.35763833333333,81.49527666666667,81.49527666666667 21.356736666666666,81.49464333333333,81.49464333333333 21.355839999999993,81.49400999999999,81.49400999999999 21.35494833333333,81.49337833333335,81.49337833333335 21.35406166666667,81.49274666666666,81.49274666666666 21.353179999999995,81.49211666666667,81.49211666666667 21.352301666666673,81.49148833333334,81.49148833333334 21.351426666666665,81.49085833333334,81.49085833333334 21.35055333333333,81.49023000000001,81.49023000000001 21.349681666666665,81.48960166666667,81.48960166666667 21.348811666666666,81.488975,81.488975 21.347943333333333,81.48834666666667,81.48834666666667 21.347079999999995,81.48772,81.48772 21.34622,81.48709166666666,81.48709166666666 21.345364999999997,81.486465,81.486465 21.34451,81.48583666666666,81.48583666666666 21.34364833333333,81.48521000000001,81.48521000000001 21.342783333333337,81.48458166666666,81.48458166666666 21.341918333333336,81.48395166666666,81.48395166666666 21.341058333333333,81.48332166666668,81.48332166666668 21.340198333333337,81.48269,81.48269 21.339335,81.48205666666665,81.48205666666665 21.338465,81.48142333333334,81.48142333333334 21.33759,81.48078999999998,81.48078999999998 21.336711666666663,81.48015500000001,81.48015500000001 21.33583,81.47952,81.47952 21.33494,81.47888500000002,81.47888500000002 21.334051666666664,81.47824999999999,81.47824999999999 21.333165000000005,81.47761666666666,81.47761666666666 21.33228666666666,81.47698333333332,81.47698333333332 21.331415,81.47635333333332,81.47635333333332 21.330554999999997,81.47572333333332,81.47572333333332 21.3297,81.47509333333333,81.47509333333333 21.328851666666665,81.474465,81.474465 21.328010000000003,81.47383666666666,81.47383666666666 21.32717166666666,81.47320833333333,81.47320833333333 21.326336666666666,81.47257833333333,81.47257833333333 21.325503333333337,81.47194999999999,81.47194999999999 21.324668333333335,81.47132,81.47132 21.32383333333333,81.47068833333331,81.47068833333331 21.323,81.47005666666668,81.47005666666668 21.32217,81.469425,81.469425 21.321341666666665,81.46879166666666,81.46879166666666 21.320515000000004,81.46815833333334,81.46815833333334 21.31969,81.46752666666666,81.46752666666666 21.31886666666667,81.46689333333333,81.46689333333333 21.318046666666667,81.46626333333333,81.46626333333333 21.317230000000002,81.46563166666668,81.46563166666668 21.316416666666665,81.46500166666665,81.46500166666665 21.315605,81.46437166666666,81.46437166666666 21.314783333333335,81.46374166666666,81.46374166666666 21.31393666666667,81.46311166666666,81.46311166666666 21.313056666666665,81.46248333333334,81.46248333333334 21.312149999999995,81.46185333333334,81.46185333333334 21.311223333333334,81.461225,81.461225 21.310276666666667,81.46059666666667,81.46059666666667 21.309316666666668,81.45996833333334,81.45996833333334 21.308350000000004,81.45934,81.45934 21.307383333333338,81.45871333333334,81.45871333333334 21.306411666666666,81.45808666666666,81.45808666666666 21.305431666666667,81.45746000000001,81.45746000000001 21.304441666666666,81.45683333333334,81.45683333333334 21.30344666666667,81.45620833333334,81.45620833333334 21.302443333333333,81.45558333333332,81.45558333333332 21.30143166666667,81.45495833333334,81.45495833333334 21.300415,81.45433500000001,81.45433500000001 21.29939166666666,81.45371333333333,81.45371333333333 21.298364999999993,81.45309166666667,81.45309166666667 21.297334999999997,81.45247166666667,81.45247166666667 21.29630666666667,81.45185333333333,81.45185333333333 21.295281666666664,81.45123666666666,81.45123666666666 21.294266666666665,81.45062166666668,81.45062166666668 21.293264999999998,81.45001000000002,81.45001000000002 21.292275000000004,81.44939833333333,81.44939833333333 21.291294999999998,81.44878999999999,81.44878999999999 21.29032333333334,81.44818333333332,81.44818333333332 21.289360000000006,81.44757833333333,81.44757833333333 21.28840333333333,81.44697333333335,81.44697333333335 21.287460000000006,81.44637166666665,81.44637166666665 21.286531666666665,81.44576833333333,81.44576833333333 21.285618333333336,81.44516666666667,81.44516666666667 21.284713333333332,81.44456666666666,81.44456666666666 21.283814999999993,81.44396833333333,81.44396833333333 21.282921666666667,81.44337000000002,81.44337000000002 21.282031666666665,81.44277333333334,81.44277333333334 21.281148333333334,81.44217499999999,81.44217499999999 21.280270000000005,81.44157833333334,81.44157833333334 21.279396666666667,81.44098000000001,81.44098000000001 21.278525,81.44038333333333,81.44038333333333 21.277653333333337,81.43978499999999,81.43978499999999 21.27678,81.439185,81.439185 21.275908333333337,81.43858666666668,81.43858666666668 21.27503666666667,81.43798833333334,81.43798833333334 21.274165,81.43738833333333,81.43738833333333 21.273296666666667,81.43678833333334,81.43678833333334 21.272433333333336,81.43618833333333,81.43618833333333 21.271571666666663,81.43558833333333,81.43558833333333 21.27071333333333,81.43498833333334,81.43498833333334 21.269853333333334,81.43438833333333,81.43438833333333 21.268993333333334,81.43378666666666,81.43378666666666 21.26813166666667,81.43318666666667,81.43318666666667 21.26727,81.43258666666667,81.43258666666667 21.266405000000002,81.43198666666666,81.43198666666666 21.265538333333335,81.431385,81.431385 21.264664999999997,81.430785,81.430785 21.263786666666668,81.43018166666667,81.43018166666667 21.262901666666668,81.42958000000002,81.42958000000002 21.262010000000004,81.42897666666666,81.42897666666666 21.261113333333334,81.42837333333334,81.42837333333334 21.260215,81.42776833333335,81.42776833333335 21.259321666666665,81.427165,81.427165 21.258435,81.42656000000001,81.42656000000001 21.25755166666667,81.42595666666666,81.42595666666666 21.256666666666668,81.42535166666667,81.42535166666667 21.25578666666667,81.42474666666666,81.42474666666666 21.254916666666666,81.42414166666667,81.42414166666667 21.254056666666667,81.42353666666666,81.42353666666666 21.253205,81.42293333333333,81.42293333333333 21.252354999999998,81.42233,81.42233 21.25151,81.42172666666669,81.42172666666669 21.25067166666667,81.42112333333333,81.42112333333333 21.249844999999997,81.42052166666667,81.42052166666667 21.24902833333333,81.41991833333334,81.41991833333334 21.24821833333333,81.41931500000001,81.41931500000001 21.247416666666663,81.41871166666667,81.41871166666667 21.246626666666668,81.41810833333334,81.41810833333334 21.24585,81.41750333333333,81.41750333333333 21.24508166666667,81.4169,81.4169 21.244321666666664,81.41629500000002,81.41629500000002 21.243570000000002,81.41568833333334,81.41568833333334 21.242828333333332,81.41508166666667,81.41508166666667 21.24209,81.414475,81.414475 21.241360000000004,81.41386499999999,81.41386499999999 21.240633333333335,81.41325499999999,81.41325499999999 21.239908333333332,81.41264666666666,81.41264666666666 21.239183333333337,81.41203666666668,81.41203666666668 21.238458333333334,81.41142833333335,81.41142833333335 21.237728333333333,81.41082166666666,81.41082166666666 21.23699333333333,81.410215,81.410215 21.23624666666666,81.40960666666666,81.40960666666666 21.235486666666667,81.409,81.409 21.234715,81.40839166666667,81.40839166666667 21.233935,81.40778499999999,81.40778499999999 21.23314833333333,81.40717666666666,81.40717666666666 21.23235666666667,81.40656833333334,81.40656833333334 21.231559999999995,81.40596166666667,81.40596166666667 21.230758333333334,81.40535666666666,81.40535666666666 21.22995,81.40475,81.40475 21.229136666666665,81.40414666666668,81.40414666666668 21.228316666666668,81.40354333333333,81.40354333333333 21.227491666666666,81.40294,81.40294 21.226665000000004,81.40233666666666,81.40233666666666 21.225838333333332,81.40173499999999,81.40173499999999 21.225009999999994,81.40113333333333,81.40113333333333 21.224175000000002,81.40053,81.40053 21.223333333333333,81.39992833333334,81.39992833333334 21.22248666666667,81.39932666666668,81.39932666666668 21.22163833333333,81.39872499999998,81.39872499999998 21.220785,81.398125,81.398125 21.219926666666666,81.39752333333333,81.39752333333333 21.219065,81.39692333333335,81.39692333333335 21.21819833333333,81.39632333333334,81.39632333333334 21.217331666666666,81.39572166666666,81.39572166666666 21.216466666666665,81.39511999999999,81.39511999999999 21.215603333333334,81.39451833333334,81.39451833333334 21.214736666666663,81.39391666666667,81.39391666666667 21.213868333333334,81.393315,81.393315 21.213001666666663,81.39271166666668,81.39271166666668 21.212139999999998,81.39210999999999,81.39210999999999 21.211284999999997,81.39150666666667,81.39150666666667 21.210433333333338,81.39090166666665,81.39090166666665 21.209585,81.39029500000001,81.39029500000001 21.208736666666667,81.38968666666666,81.38968666666666 21.207888333333337,81.38907666666667,81.38907666666667 21.207039999999996,81.38846333333332,81.38846333333332 21.20619333333333,81.38785,81.38785 21.205346666666664,81.38723499999999,81.38723499999999 21.204499999999996,81.38661833333333,81.38661833333333 21.203651666666662,81.386,81.386 21.202801666666666,81.38538166666666,81.38538166666666 21.201943333333332,81.38476166666666,81.38476166666666 21.201081666666667,81.38413833333334,81.38413833333334 21.20021166666667,81.383515,81.383515 21.199326666666668,81.38288833333333,81.38288833333333 21.198423333333338,81.38226166666665,81.38226166666665 21.19750166666667,81.38163333333334,81.38163333333334 21.19656333333333,81.38100500000002,81.38100500000002 21.195613333333338,81.38037666666668,81.38037666666668 21.194654999999997,81.37974666666668,81.37974666666668 21.193685,81.37911666666666,81.37911666666666 21.19270333333333,81.37848666666666,81.37848666666666 21.19170833333333,81.37785833333334,81.37785833333334 21.190693333333336,81.37722833333333,81.37722833333333 21.189658333333334,81.37659833333333,81.37659833333333 21.188603333333337,81.37596833333335,81.37596833333335 21.18752833333333,81.37534000000001,81.37534000000001 21.18645,81.37471000000001,81.37471000000001 21.185381666666665,81.37408166666668,81.37408166666668 21.184326666666667,81.37345166666668,81.37345166666668 21.183281666666666,81.37282166666667,81.37282166666667 21.18225,81.37219166666667,81.37219166666667 21.181226666666667,81.37156166666666,81.37156166666666 21.180213333333334,81.37093166666668,81.37093166666668 21.17920833333333,81.37029999999999,81.37029999999999 21.178208333333334,81.36966833333334,81.36966833333334 21.17721333333333,81.36903833333334,81.36903833333334 21.176221666666667,81.36840666666667,81.36840666666667 21.17523,81.36777333333333,81.36777333333333 21.174233333333333,81.36714,81.36714 21.173235,81.366505,81.366505 21.172238333333333,81.36587,81.36587 21.171239999999997,81.36523333333332,81.36523333333332 21.170243333333328,81.36459666666666,81.36459666666666 21.169253333333337,81.36395999999999,81.36395999999999 21.168276666666667,81.36332166666665,81.36332166666665 21.167323333333336,81.36268499999998,81.36268499999998 21.166391666666666,81.36204666666666,81.36204666666666 21.165480000000002,81.36140833333334,81.36140833333334 21.16459,81.36077000000002,81.36077000000002 21.163718333333335,81.36013,81.36013 21.162861666666664,81.35949,81.35949 21.16202,81.35884833333331,81.35884833333331 21.161191666666667,81.35820666666666,81.35820666666666 21.16037333333334,81.35756333333335,81.35756333333335 21.159560000000003,81.35691833333334,81.35691833333334 21.158751666666664,81.35627166666667,81.35627166666667 21.157948333333334,81.35562666666667,81.35562666666667 21.157151666666664,81.35498,81.35498 21.156361666666662,81.35433333333334,81.35433333333334 21.15557833333333,81.353685,81.353685 21.154796666666666,81.35303666666667,81.35303666666667 21.15401333333333,81.35238666666667,81.35238666666667 21.153229999999997,81.35173666666665,81.35173666666665 21.152443333333334,81.351085,81.351085 21.15165666666667,81.35043333333334,81.35043333333334 21.150865,81.34978,81.34978 21.150066666666664,81.34912666666668,81.34912666666668 21.149258333333336,81.34846999999999,81.34846999999999 21.14843833333333,81.34781166666666,81.34781166666666 21.14760333333334,81.34714999999998,81.34714999999998 21.14675333333333,81.34648666666666,81.34648666666666 21.14588833333333,81.34582166666667,81.34582166666667 21.145011666666665,81.345155,81.345155 21.14412,81.34448833333333,81.34448833333333 21.143215,81.34382000000001,81.34382000000001 21.142305,81.34315166666669,81.34315166666669 21.141395000000006,81.34248166666667,81.34248166666667 21.140483333333332,81.34181166666667,81.34181166666667 21.139566666666664,81.34114166666666,81.34114166666666 21.138648333333336,81.34047166666664,81.34047166666664 21.137725,81.33980166666666,81.33980166666666 21.1368,81.33913166666667,81.33913166666667 21.13586833333333,81.33846166666667,81.33846166666667 21.134929999999997,81.33779,81.33779 21.133985,81.33711833333332,81.33711833333332 21.133036666666666,81.33644666666667,81.33644666666667 21.132086666666666,81.33577333333334,81.33577333333334 21.131138333333336,81.33509833333333,81.33509833333333 21.13019166666666,81.33442333333333,81.33442333333333 21.129244999999997,81.33374666666667,81.33374666666667 21.128298333333337,81.33307,81.33307 21.127353333333335,81.33239166666668,81.33239166666668 21.126408333333334,81.33171333333333,81.33171333333333 21.125466666666664,81.331035,81.331035 21.124523333333332,81.330355,81.330355 21.123578333333327,81.32967666666667,81.32967666666667 21.122635000000002,81.32899833333332,81.32899833333332 21.12169166666667,81.32832166666668,81.32832166666668 21.120746666666662,81.32764666666668,81.32764666666668 21.119803333333337,81.32697333333334,81.32697333333334 21.118863333333337,81.3263,81.3263 21.117926666666673,81.32563166666667,81.32563166666667 21.116993333333333,81.32496333333334,81.32496333333334 21.11605833333333,81.32429833333335,81.32429833333335 21.115118333333328,81.32363333333333,81.32363333333333 21.114175000000003,81.32297,81.32297 21.113226666666666,81.32230833333332,81.32230833333332 21.112274999999997,81.32164666666667,81.32164666666667 21.11132,81.32098500000001,81.32098500000001 21.11036166666667,81.320325,81.320325 21.109401666666667,81.31966666666666,81.31966666666666 21.108443333333337,81.31901,81.31901 21.107478333333333,81.31835333333333,81.31835333333333 21.106513333333336,81.31769999999999,81.31769999999999 21.10554666666667,81.31704666666666,81.31704666666666 21.104580000000006,81.316395,81.316395 21.103611666666666,81.31574333333334,81.31574333333334 21.102639999999994,81.31509333333332,81.31509333333332 21.101665000000004,81.31444333333333,81.31444333333333 21.100688333333327,81.313795,81.313795 21.099708333333332,81.31314833333333,81.31314833333333 21.098724999999995,81.31250333333335,81.31250333333335 21.09773833333334,81.31185833333335,81.31185833333335 21.096749999999997,81.311215,81.311215 21.095760000000002,81.31057333333334,81.31057333333334 21.094765,81.30993333333332,81.30993333333332 21.09376666666667,81.30929333333333,81.30929333333333 21.092766666666666,81.308655,81.308655 21.091765,81.30801666666666,81.30801666666666 21.090765,81.30738166666666,81.30738166666666 21.089769999999998,81.306745,81.306745 21.08878666666667,81.30611,81.30611 21.087816666666665,81.30547666666666,81.30547666666666 21.086863333333334,81.30484333333334,81.30484333333334 21.08592666666667,81.30421166666666,81.30421166666666 21.085008333333334,81.30358,81.30358 21.08410666666667,81.30295,81.30295 21.083219999999997,81.30232166666667,81.30232166666667 21.082346666666666,81.301695,81.301695 21.081484999999997,81.30106999999998,81.30106999999998 21.080634999999997,81.30044666666666,81.30044666666666 21.079795,81.299825,81.299825 21.07896333333333,81.299205,81.299205 21.078136666666666,81.298585,81.298585 21.077314999999995,81.297965,81.297965 21.076496666666667,81.29734499999999,81.29734499999999 21.075678333333336,81.296725,81.296725 21.07486166666667,81.29610333333333,81.29610333333333 21.07404666666666,81.29548166666667,81.29548166666667 21.073229999999995,81.29486000000001,81.29486000000001 21.07241333333333,81.29423666666666,81.29423666666666 21.071596666666665,81.29361333333334,81.29361333333334 21.07078,81.29298999999999,81.29298999999999 21.069965000000003,81.29236666666667,81.29236666666667 21.06915333333333,81.29174333333334,81.29174333333334 21.068345,81.29112,81.29112 21.067534999999996,81.29049833333335,81.29049833333335 21.066723333333336,81.289875,81.289875 21.06590833333333,81.28925166666667,81.28925166666667 21.065085,81.28862999999998,81.28862999999998 21.064253333333333,81.28800833333332,81.28800833333332 21.063415000000003,81.28738666666666,81.28738666666666 21.062568333333335,81.28676666666667,81.28676666666667 21.06171666666667,81.28614833333333,81.28614833333333 21.060860000000005,81.28553,81.28553 21.060001666666672,81.28491333333332,81.28491333333332 21.05914333333334,81.28429666666665,81.28429666666665 21.058288333333333,81.28367833333334,81.28367833333334 21.057444999999998,81.28305999999998,81.28305999999998 21.056601666666662,81.28244333333333,81.28244333333333 21.055754999999998,81.28182666666666,81.28182666666666 21.054913333333335,81.28121166666668,81.28121166666668 21.054073333333335,81.28059666666667,81.28059666666667 21.053236666666667,81.27998333333333,81.27998333333333 21.05240166666667,81.27936833333332,81.27936833333332 21.05156666666667,81.27875666666667,81.27875666666667 21.050731666666668,81.27814500000001,81.27814500000001 21.049895,81.27753333333334,81.27753333333334 21.04905666666667,81.27692333333331,81.27692333333331 21.048214999999995,81.27631666666667,81.27631666666667 21.04737166666666,81.27570999999999,81.27570999999999 21.046531666666667,81.27510333333332,81.27510333333332 21.04569666666666,81.27449833333333,81.27449833333333 21.044868333333337,81.27389333333335,81.27389333333335 21.044046666666667,81.27328833333333,81.27328833333333 21.04323,81.27268333333335,81.27268333333335 21.042420000000003,81.27207833333333,81.27207833333333 21.041621666666664,81.27147500000001,81.27147500000001 21.04083166666667,81.27087333333334,81.27087333333334 21.04004833333333,81.27027166666667,81.27027166666667 21.039270000000002,81.26966999999999,81.26966999999999 21.038498333333337,81.26906833333335,81.26906833333335 21.037728333333334,81.26846833333335,81.26846833333335 21.03696166666667,81.26786833333335,81.26786833333335 21.036201666666667,81.26726999999998,81.26726999999998 21.035443333333333,81.26667166666667,81.26667166666667 21.034686666666666,81.26607333333334,81.26607333333334 21.03393,81.26547333333333,81.26547333333333 21.033178333333332,81.26487499999999,81.26487499999999 21.032438333333335,81.26427833333334,81.26427833333334 21.031705000000002,81.26368000000001,81.26368000000001 21.030961666666666,81.26308333333333,81.26308333333333 21.0302,81.26248833333334,81.26248833333334 21.029418333333336,81.26189166666666,81.26189166666666 21.028613333333336,81.26129666666667,81.26129666666667 21.027788333333334,81.26070166666666,81.26070166666666 21.026948333333337,81.26010666666667,81.26010666666667 21.026093333333332,81.25950999999999,81.25950999999999 21.025236666666668,81.25891333333334,81.25891333333334 21.024381666666667,81.25831666666666,81.25831666666666 21.02351833333333,81.25772,81.25772 21.022643333333335,81.25712333333334,81.25712333333334 21.02175833333333,81.25652833333335,81.25652833333335 21.020870000000002,81.25593333333333,81.25593333333333 21.019980000000004,81.25534,81.25534 21.019090000000002,81.25474666666668,81.25474666666668 21.018201666666666,81.25415500000001,81.25415500000001 21.017311666666668,81.25356333333335,81.25356333333335 21.016416666666668,81.25297166666665,81.25297166666665 21.015523333333334,81.25237833333333,81.25237833333333 21.01463833333333,81.251785,81.251785 21.013766666666665,81.25119,81.25119 21.012915,81.250595,81.250595 21.012091666666667,81.25000166666668,81.25000166666668 21.011296666666667,81.24940833333335,81.24940833333335 21.010535,81.248815,81.248815 21.00981,81.24822499999999,81.24822499999999 21.009111666666666,81.24763500000002,81.24763500000002 21.00842166666666,81.24704499999999,81.24704499999999 21.00773333333333,81.24645333333332,81.24645333333332 21.00704166666667,81.24586,81.24586 21.00633833333333,81.245265,81.245265 21.00561666666667,81.24467166666668,81.24467166666668 21.00488,81.24407666666666,81.24407666666666 21.00412333333334,81.24348166666667,81.24348166666667 21.003345,81.24288833333334,81.24288833333334 21.002551666666665,81.242295,81.242295 21.001738333333332,81.24170166666667,81.24170166666667 21.000915,81.24111,81.24111 21.000083333333336,81.24051666666665,81.24051666666665 20.999243333333332,81.23992499999999,81.23992499999999 20.998395,81.23933166666669,81.23933166666669 20.997536666666665,81.23873833333333,81.23873833333333 20.99667,81.238145,81.238145 20.995800000000003,81.23755166666668,81.23755166666668 20.994921666666666,81.23695833333332,81.23695833333332 20.994036666666663,81.23636333333333,81.23636333333333 20.993143333333332,81.23577,81.23577 20.992240000000002,81.235175,81.235175 20.99132666666667,81.23457833333335,81.23457833333335 20.99041333333333,81.23398166666666,81.23398166666666 20.989506666666664,81.23338333333332,81.23338333333332 20.98861,81.23278166666667,81.23278166666667 20.987718333333333,81.23218,81.23218 20.986831666666664,81.23157666666665,81.23157666666665 20.985948333333333,81.23097333333332,81.23097333333332 20.985078333333334,81.23037,81.23037 20.98421666666666,81.22976666666668,81.22976666666668 20.983365000000003,81.22916333333332,81.22916333333332 20.982515,81.22856166666666,81.22856166666666 20.98166833333333,81.22795833333333,81.22795833333333 20.98082833333334,81.22735666666667,81.22735666666667 20.979996666666665,81.22675500000001,81.22675500000001 20.97917166666667,81.22615333333334,81.22615333333334 20.978351666666672,81.22555166666666,81.22555166666666 20.97753,81.22495166666666,81.22495166666666 20.97670833333333,81.22435166666668,81.22435166666668 20.975884999999998,81.22375166666667,81.22375166666667 20.975066666666667,81.22315166666668,81.22315166666668 20.974244999999996,81.22255000000001,81.22255000000001 20.97342833333333,81.221945,81.221945 20.972618333333337,81.22133999999998,81.22133999999998 20.971815000000003,81.22073333333334,81.22073333333334 20.971004999999998,81.22012666666666,81.22012666666666 20.970175000000005,81.21951833333333,81.21951833333333 20.969325000000005,81.21890833333333,81.21890833333333 20.968463333333336,81.21829833333332,81.21829833333332 20.96758833333333,81.217685,81.217685 20.966700000000003,81.21707166666668,81.21707166666668 20.965780000000002,81.21645833333334,81.21645833333334 20.964816666666668,81.21584666666666,81.21584666666666 20.963806666666667,81.21523333333332,81.21523333333332 20.962755,81.21462166666666,81.21462166666666 20.961659999999995,81.21401,81.21401 20.960516666666667,81.2134,81.2134 20.959323333333337,81.21279,81.21279 20.958086666666667,81.21218,81.21218 20.95681333333334,81.21157166666666,81.21157166666666 20.955511666666666,81.21096166666666,81.21096166666666 20.95420166666667,81.21035333333333,81.21035333333333 20.95289833333333,81.20974500000001,81.20974500000001 20.951611666666665,81.20913499999999,81.20913499999999 20.95034666666666,81.208525,81.208525 20.94910333333333,81.20791500000001,81.20791500000001 20.947881666666664,81.20730499999999,81.20730499999999 20.946689999999997,81.20669666666666,81.20669666666666 20.94553666666667,81.20608666666668,81.20608666666668 20.944435,81.20547499999999,81.20547499999999 20.943383333333337,81.20486333333334,81.20486333333334 20.942381666666662,81.20425,81.20425 20.941433333333332,81.20363333333333,81.20363333333333 20.94053,81.203015,81.203015 20.93966833333333,81.20239333333333,81.20239333333333 20.938844999999997,81.20177,81.20177 20.938058333333334,81.20114500000001,81.20114500000001 20.93731,81.20052,81.20052 20.93659333333333,81.19989499999998,81.19989499999998 20.93590166666667,81.19926833333334,81.19926833333334 20.93523666666667,81.19864166666667,81.19864166666667 20.934603333333335,81.19801333333334,81.19801333333334 20.93401666666667,81.19738333333333,81.19738333333333 20.933481666666662,81.19674666666667,81.19674666666667 20.932995,81.19610833333334,81.19610833333334 20.932556666666667,81.195465,81.195465 20.932173333333335,81.19481999999999,81.19481999999999 20.931841666666664,81.19417333333334,81.19417333333334 20.93155666666667,81.193525,81.193525 20.93132166666667,81.19287333333334,81.19287333333334 20.931138333333337,81.19221833333333,81.19221833333333 20.931003333333333,81.19156,81.19156 20.93091,81.190895,81.190895 20.930851666666666,81.19022666666667,81.19022666666667 20.930835,81.18955333333334,81.18955333333334 20.930875,81.18887666666667,81.18887666666667 20.93098,81.188195,81.188195 20.93115833333333,81.18751333333331,81.18751333333331 20.9314,81.18683,81.18683 20.931705000000004,81.18614666666667,81.18614666666667 20.932079999999996,81.18546500000002,81.18546500000002 20.93254,81.18478666666667,81.18478666666667 20.933080000000004,81.18411333333333,81.18411333333333 20.933696666666666,81.183445,81.183445 20.93439,81.18278,81.18278 20.935166666666667,81.18212000000001,81.18212000000001 20.936034999999997,81.181465,81.181465 20.936996666666666,81.18081500000001,81.18081500000001 20.93806,81.18017,81.18017 20.93924833333333,81.17953333333334,81.17953333333334 20.940579999999997,81.17890999999999,81.17890999999999 20.942065000000003,81.17829833333333,81.17829833333333 20.943705,81.17770333333334,81.17770333333334 20.945524999999996,81.17712666666665,81.17712666666665 20.947540000000007,81.17657166666666,81.17657166666666 20.94973333333333,81.17603999999999,81.17603999999999 20.952095,81.17553500000001,81.17553500000001 20.954621666666668,81.17505333333332,81.17505333333332 20.95731166666667,81.17460166666666,81.17460166666666 20.960156666666663,81.17417833333333,81.17417833333333 20.963155,81.17378833333335,81.17378833333335 20.966295,81.17343166666666,81.17343166666666 20.96956166666666,81.17310833333333,81.17310833333333 20.972941666666667,81.17281999999999,81.17281999999999 20.976419999999997,81.17256166666667,81.17256166666667 20.979995000000002,81.17233666666667,81.17233666666667 20.983661666666666,81.17214666666668,81.17214666666668 20.98740833333333,81.172,81.172 20.991210000000002,81.171895,81.171895 20.99504333333333,81.17182833333332,81.17182833333332 20.998895000000005,81.17180166666667,81.17180166666667 21.002749999999995,81.17181333333333,81.17181333333333 21.006586666666664,81.17186666666667,81.17186666666667 21.01038666666667,81.17196333333334,81.17196333333334 21.014135000000007,81.17209666666666,81.17209666666666 21.017821666666666,81.17226666666669,81.17226666666669 21.021431666666665,81.172475,81.172475 21.024945000000002,81.17272333333334,81.17272333333334 21.02834,81.17300833333334,81.17300833333334 21.031603333333337,81.17333,81.17333 21.034725,81.17368499999999,81.17368499999999 21.037683333333334,81.174075,81.174075 21.040466666666664,81.17449666666667,81.17449666666667 21.043069999999997,81.17494833333333,81.17494833333333 21.0455,81.175425,81.175425 21.047766666666664,81.17592333333333,81.17592333333333 21.04986333333333,81.17644166666668,81.17644166666668 21.051796666666668,81.17697833333334,81.17697833333334 21.053573333333333,81.17752999999999,81.17752999999999 21.05520333333333,81.17809500000001,81.17809500000001 21.056700000000003,81.17867166666666,81.17867166666666 21.058083333333336,81.179255,81.179255 21.059385,81.17984333333334,81.17984333333334 21.06062,81.18043666666668,81.18043666666668 21.061805,81.18103333333333,81.18103333333333 21.062950000000004,81.18162999999998,81.18162999999998 21.064064999999996,81.18222999999999,81.18222999999999 21.065156666666663,81.18283,81.18283 21.066230000000004,81.18343166666668,81.18343166666668 21.06728166666667,81.18403666666667,81.18403666666667 21.068315,81.18464333333334,81.18464333333334 21.06933,81.18525166666667,81.18525166666667 21.070296666666668,81.18586333333332,81.18586333333332 21.071173333333334,81.18647999999999,81.18647999999999 21.071899999999996,81.18710333333334,81.18710333333334 21.072424999999996,81.18773166666666,81.18773166666666 21.07274166666667,81.18836666666665,81.18836666666665 21.072868333333336,81.18900500000001,81.18900500000001 21.07282,81.18964666666666,81.18964666666666 21.072598333333335,81.19029,81.19029 21.07221666666667,81.19093166666667,81.19093166666667 21.071703333333335,81.19157333333332,81.19157333333332 21.071094999999996,81.19221166666665,81.19221166666665 21.070413333333335,81.19284999999999,81.19284999999999 21.069659999999995,81.19348833333335,81.19348833333335 21.06884666666667,81.19412666666668,81.19412666666668 21.067981666666668,81.19476333333334,81.19476333333334 21.067069999999998,81.19539666666667,81.19539666666667 21.066099999999995,81.19602833333333,81.19602833333333 21.065064999999997,81.19665666666666,81.19665666666666 21.06394666666667,81.19728,81.19728 21.062734999999996,81.1979,81.1979 21.061445000000003,81.19851666666668,81.19851666666668 21.06009333333333,81.19913333333335,81.19913333333335 21.058693333333338,81.19975,81.19975 21.05723666666667,81.20036833333333,81.20036833333333 21.05572333333334,81.20098666666667,81.20098666666667 21.054166666666664,81.20160666666666,81.20160666666666 21.052593333333338,81.20222999999999,81.20222999999999 21.051033333333333,81.202855,81.202855 21.049514999999996,81.20348333333334,81.20348333333334 21.048051666666666,81.20411833333331,81.20411833333331 21.04664833333333,81.20475666666667,81.20475666666667 21.045303333333326,81.2054,81.2054 21.043991666666667,81.206045,81.206045 21.042686666666672,81.20669000000001,81.20669000000001 21.041391666666666,81.20733499999999,81.20733499999999 21.040113333333338,81.20797833333333,81.20797833333333 21.038841666666666,81.20862166666667,81.20862166666667 21.037566666666667,81.20926500000002,81.20926500000002 21.036275000000003,81.20991,81.20991 21.03495666666667,81.210555,81.210555 21.033608333333337,81.21119833333334,81.21119833333334 21.032221666666672,81.21184166666667,81.21184166666667 21.03080166666667,81.21248500000002,81.21248500000002 21.029341666666667,81.213125,81.213125 21.027831666666664,81.21376333333333,81.21376333333333 21.026246666666665,81.21439833333335,81.21439833333335 21.024556666666662,81.21502833333334,81.21502833333334 21.022763333333334,81.21565499999998,81.21565499999998 21.020880000000005,81.21627499999998,81.21627499999998 21.01890333333333,81.21689333333335,81.21689333333335 21.016828333333336,81.21750666666667,81.21750666666667 21.014643333333336,81.21811500000001,81.21811500000001 21.012355,81.21871666666667,81.21871666666667 21.00997333333333,81.21931333333335,81.21931333333335 21.007513333333335,81.21990500000001,81.21990500000001 21.004985,81.22049166666666,81.22049166666666 21.002381666666665,81.22107166666667,81.22107166666667 20.99969833333334,81.221645,81.221645 20.996940000000002,81.22221333333334,81.22221333333334 20.994098333333334,81.22277166666666,81.22277166666666 20.991178333333334,81.22332333333334,81.22332333333334 20.98819,81.22386833333333,81.22386833333333 20.985156666666665,81.22440666666665,81.22440666666665 20.982105000000004,81.22493999999999,81.22493999999999 20.979049999999997,81.22547166666666,81.22547166666666 20.975985,81.22599833333334,81.22599833333334 20.97290666666667,81.22652166666667,81.22652166666667 20.969806666666663,81.22704166666668,81.22704166666668 20.966675,81.227555,81.227555 20.963494999999998,81.22806166666666,81.22806166666666 20.96026666666667,81.22856166666666,81.22856166666666 20.956994999999996,81.22905333333334,81.22905333333334 20.953686666666666,81.22953833333332,81.22953833333332 20.95034833333333,81.230015,81.230015 20.94698,81.23048499999999,81.23048499999999 20.943579999999997,81.23094666666665,81.23094666666665 20.94017666666667,81.231405,81.231405 20.936815,81.23186499999998,81.23186499999998 20.933511666666664,81.23232833333334,81.23232833333334 20.930265,81.23279666666667,81.23279666666667 20.92708,81.23327166666665,81.23327166666665 20.923958333333335,81.23374999999999,81.23374999999999 20.920883333333336,81.23423166666667,81.23423166666667 20.917846666666666,81.23471833333332,81.23471833333332 20.914853333333337,81.23521166666666,81.23521166666666 20.9119,81.23570666666667,81.23570666666667 20.908961666666663,81.23620333333334,81.23620333333334 20.90602333333333,81.2367,81.2367 20.903085,81.23719500000001,81.23719500000001 20.900151666666673,81.23769333333334,81.23769333333334 20.89723333333333,81.23819333333333,81.23819333333333 20.894325000000002,81.23869333333333,81.23869333333333 20.891414999999995,81.23919500000001,81.23919500000001 20.888493333333333,81.23969333333334,81.23969333333334 20.885563333333337,81.24019333333332,81.24019333333332 20.882625,81.24069333333334,81.24069333333334 20.87967666666667,81.24119333333334,81.24119333333334 20.87672166666667,81.24169499999999,81.24169499999999 20.873754999999996,81.24219833333333,81.24219833333333 20.870771666666663,81.24270166666668,81.24270166666668 20.867770000000004,81.24320333333333,81.24320333333333 20.864751666666663,81.243705,81.243705 20.861716666666663,81.24420500000001,81.24420500000001 20.85865833333333,81.24470333333333,81.24470333333333 20.85557333333334,81.24519833333333,81.24519833333333 20.852459999999997,81.24569333333335,81.24569333333335 20.84933333333333,81.24618666666666,81.24618666666666 20.846203333333328,81.24668333333334,81.24668333333334 20.843068333333335,81.24718,81.24718 20.839919999999996,81.24767333333332,81.24767333333332 20.836761666666668,81.248165,81.248165 20.833588333333335,81.24865666666666,81.24865666666666 20.830391666666667,81.24914666666668,81.24914666666668 20.82718333333333,81.24963666666667,81.24963666666667 20.82396833333333,81.25012833333332,81.25012833333332 20.82074166666666,81.25061833333332,81.25061833333332 20.81750666666667,81.25111,81.25111 20.814266666666672,81.2516,81.2516 20.81103333333333,81.25209166666667,81.25209166666667 20.807799999999997,81.252585,81.252585 20.80456,81.25307833333333,81.25307833333333 20.801324999999995,81.25357500000001,81.25357500000001 20.79810666666667,81.25407666666666,81.25407666666666 20.79490333333333,81.25458,81.25458 20.79170666666667,81.25508499999998,81.25508499999998 20.788501666666665,81.25558999999998,81.25558999999998 20.785293333333332,81.25609666666665,81.25609666666665 20.78207666666667,81.25660333333335,81.25660333333335 20.778858333333332,81.25711166666667,81.25711166666667 20.77565,81.25762333333333,81.25762333333333 20.77245666666667,81.25813666666667,81.25813666666667 20.769268333333333,81.25865333333333,81.25865333333333 20.766076666666667,81.25916666666667,81.25916666666667 20.762886666666667,81.25968166666668,81.25968166666668 20.75970166666667,81.26019500000001,81.26019500000001 20.75651333333333,81.26070833333333,81.26070833333333 20.753315,81.26122000000001,81.26122000000001 20.75011166666667,81.26173,81.26173 20.746896666666668,81.26223833333333,81.26223833333333 20.743683333333333,81.262745,81.262745 20.740464999999997,81.26325333333332,81.26325333333332 20.73725166666667,81.26376166666668,81.26376166666668 20.734043333333332,81.26427000000001,81.26427000000001 20.730843333333333,81.26477833333334,81.26477833333334 20.727651666666667,81.26528833333333,81.26528833333333 20.724471666666666,81.26579833333334,81.26579833333334 20.721306666666663,81.26630833333333,81.26630833333333 20.71816,81.26681833333335,81.26681833333335 20.71502333333333,81.26732666666668,81.26732666666668 20.711890000000004,81.26783166666668,81.26783166666668 20.708765,81.268335,81.268335 20.705651666666665,81.26883666666666,81.26883666666666 20.702545,81.26933666666667,81.26933666666667 20.699426666666668,81.26983166666668,81.26983166666668 20.696291666666664,81.27032333333334,81.27032333333334 20.693141666666666,81.27081,81.27081 20.68997666666667,81.27129499999998,81.27129499999998 20.686785,81.271775,81.271775 20.683566666666664,81.27225333333334,81.27225333333334 20.680333333333333,81.27273000000001,81.27273000000001 20.677085,81.27320500000002,81.27320500000002 20.673825,81.27368,81.27368 20.670568333333332,81.27415666666667,81.27415666666667 20.667333333333335,81.274635,81.274635 20.664123333333333,81.27511666666666,81.27511666666666 20.660936666666665,81.27560166666667,81.27560166666667 20.65777166666667,81.27609000000001,81.27609000000001 20.654626666666662,81.27657833333333,81.27657833333333 20.651496666666667,81.27706833333333,81.27706833333333 20.64838166666667,81.27756,81.27756 20.64528,81.27805333333333,81.27805333333333 20.642179999999996,81.27854666666667,81.27854666666667 20.639081666666666,81.27904,81.27904 20.635986666666668,81.27953166666666,81.27953166666666 20.632888333333337,81.280025,81.280025 20.62978,81.28051666666667,81.28051666666667 20.626665,81.28100666666667,81.28100666666667 20.623548333333332,81.28149833333333,81.28149833333333 20.620433333333335,81.28199000000001,81.28199000000001 20.61732,81.28248166666667,81.28248166666667 20.61420166666667,81.28297500000001,81.28297500000001 20.611076666666666,81.283465,81.283465 20.60794333333333,81.28395666666665,81.28395666666665 20.6048,81.28444500000002,81.28444500000002 20.601640000000003,81.28493333333333,81.28493333333333 20.598461666666665,81.28541666666666,81.28541666666666 20.59526333333333,81.28589833333332,81.28589833333332 20.59204666666667,81.28637833333335,81.28637833333335 20.588815,81.28685666666668,81.28685666666668 20.585576666666665,81.28733666666668,81.28733666666668 20.582335,81.28781666666667,81.28781666666667 20.579095,81.28829666666667,81.28829666666667 20.57586166666667,81.28877999999999,81.28877999999999 20.572646666666667,81.289265,81.289265 20.56945,81.28975166666666,81.28975166666666 20.56627166666667,81.29024,81.29024 20.563104999999997,81.29073,81.29073 20.55994833333333,81.29122000000001,81.29122000000001 20.556796666666663,81.29171000000001,81.29171000000001 20.55364833333333,81.29219833333333,81.29219833333333 20.550508333333333,81.29268666666667,81.29268666666667 20.547383333333336,81.29317333333334,81.29317333333334 20.544269999999997,81.29366166666667,81.29366166666667 20.541169999999997,81.29414833333334,81.29414833333334 20.538083333333336,81.29463500000001,81.29463500000001 20.53500166666667,81.29512333333334,81.29512333333334 20.531916666666667,81.29561000000001,81.29561000000001 20.528830000000003,81.29609666666668,81.29609666666668 20.525751666666665,81.29658500000001,81.29658500000001 20.522675,81.29707333333334,81.29707333333334 20.51959666666667,81.29756166666665,81.29756166666665 20.516513333333332,81.29805,81.29805 20.513433333333335,81.29854,81.29854 20.51035166666667,81.29903,81.29903 20.507261666666665,81.29951999999999,81.29951999999999 20.504153333333335,81.30001000000001,81.30001000000001 20.501025000000002,81.3005,81.3005 20.497876666666663,81.30099,81.30099 20.494715,81.30147833333334,81.30147833333334 20.491545000000002,81.30196999999998,81.30196999999998 20.488363333333332,81.30246000000001,81.30246000000001 20.485170000000004,81.30295333333332,81.30295333333332 20.48197,81.30344666666667,81.30344666666667 20.478768333333335,81.30394166666667,81.30394166666667 20.475571666666667,81.30443833333334,81.30443833333334 20.47237833333333,81.30493499999999,81.30493499999999 20.469188333333335,81.30543333333334,81.30543333333334 20.466006666666665,81.30593166666667,81.30593166666667 20.46283833333333,81.30643166666667,81.30643166666667 20.459679999999995,81.30693166666666,81.30693166666666 20.456530000000004,81.30743166666667,81.30743166666667 20.453388333333333,81.30793166666666,81.30793166666666 20.450255000000002,81.30843166666666,81.30843166666666 20.447129999999998,81.30893166666668,81.30893166666668 20.444008333333333,81.30943,81.30943 20.440879999999996,81.30992833333333,81.30992833333333 20.43774,81.31042500000001,81.31042500000001 20.434588333333334,81.31092000000001,81.31092000000001 20.43143,81.311415,81.311415 20.42827,81.31191,81.31191 20.425103333333333,81.31240666666666,81.31240666666666 20.42193,81.312905,81.312905 20.418753333333335,81.31340333333333,81.31340333333333 20.415573333333334,81.313905,81.313905 20.412391666666664,81.314405,81.314405 20.409206666666666,81.31490666666667,81.31490666666667 20.406019999999998,81.31540833333334,81.31540833333334 20.40282666666667,81.31590833333333,81.31590833333333 20.399624999999997,81.31640833333331,81.31640833333331 20.39642,81.31690833333333,81.31690833333333 20.393218333333333,81.31740666666667,81.31740666666667 20.39001833333333,81.317905,81.317905 20.386820000000004,81.31840333333332,81.31840333333332 20.38361666666667,81.31890166666668,81.31890166666668 20.380405,81.31939999999999,81.31939999999999 20.377188333333336,81.31989833333334,81.31989833333334 20.373966666666668,81.32039499999999,81.32039499999999 20.370741666666667,81.32089166666665,81.32089166666665 20.367515,81.32138666666665,81.32138666666665 20.364285000000002,81.32188166666667,81.32188166666667 20.361054999999997,81.32237666666667,81.32237666666667 20.357825,81.32287166666667,81.32287166666667 20.354603333333337,81.32336833333335,81.32336833333335 20.351391666666665,81.32386333333335,81.32386333333335 20.34818666666667,81.32436,81.32436 20.344986666666667,81.32485833333332,81.32485833333332 20.34179,81.32535500000002,81.32535500000002 20.338591666666666,81.32585333333333,81.32585333333333 20.335391666666666,81.32635333333332,81.32635333333332 20.332188333333335,81.32685166666667,81.32685166666667 20.328985,81.32735333333332,81.32735333333332 20.325781666666664,81.327855,81.327855 20.322571666666665,81.32835666666666,81.32835666666666 20.31935,81.32885666666665,81.32885666666665 20.316116666666666,81.32935666666667,81.32935666666667 20.312875000000002,81.32985666666666,81.32985666666666 20.30962166666666,81.33035666666666,81.33035666666666 20.306356666666662,81.33085500000001,81.33085500000001 20.303076666666666,81.331355,81.331355 20.299788333333336,81.33185333333333,81.33185333333333 20.296493333333334,81.33235166666667,81.33235166666667 20.293193333333335,81.33284833333333,81.33284833333333 20.28988833333333,81.33334666666666,81.33334666666666 20.28658,81.33384500000001,81.33384500000001 20.283268333333336,81.33434333333332,81.33434333333332 20.27996,81.33484166666668,81.33484166666668 20.27665,81.33534,81.33534 20.273336666666665,81.33583833333334,81.33583833333334 20.270021666666665,81.33633833333333,81.33633833333333 20.26670333333333,81.33683666666668,81.33683666666668 20.263383333333334,81.33733666666667,81.33733666666667 20.26006333333334,81.33783666666668,81.33783666666668 20.256743333333336,81.33833833333333,81.33833833333333 20.25343,81.33884333333333,81.33884333333333 20.250123333333335,81.33934833333333,81.33934833333333 20.246826666666664,81.33985666666666,81.33985666666666 20.243541666666662,81.34036666666665,81.34036666666665 20.240273333333334,81.34088166666668,81.34088166666668 20.237016666666666,81.34139666666665,81.34139666666665 20.23377,81.34191500000001,81.34191500000001 20.230529999999998,81.342435,81.342435 20.22729,81.34295499999999,81.34295499999999 20.22405,81.343475,81.343475 20.22080833333333,81.34399666666665,81.34399666666665 20.217568333333336,81.34451999999999,81.34451999999999 20.21432,81.34504166666667,81.34504166666667 20.211056666666664,81.34556166666665,81.34556166666665 20.207773333333332,81.34608000000001,81.34608000000001 20.204473333333333,81.34659666666667,81.34659666666667 20.201159999999998,81.34711000000001,81.34711000000001 20.197828333333334,81.34762166666667,81.34762166666667 20.194485,81.34813166666666,81.34813166666666 20.19113166666667,81.34863999999999,81.34863999999999 20.18778,81.34914666666668,81.34914666666668 20.184435,81.34965500000001,81.34965500000001 20.181095000000003,81.35016166666665,81.35016166666665 20.177761666666665,81.35066833333335,81.35066833333335 20.17443666666667,81.35117500000001,81.35117500000001 20.171124999999996,81.35168333333334,81.35168333333334 20.167826666666667,81.35219000000001,81.35219000000001 20.164535,81.35269833333334,81.35269833333334 20.16125,81.35320333333334,81.35320333333334 20.157966666666667,81.35370833333334,81.35370833333334 20.154683333333335,81.35421166666666,81.35421166666666 20.1514,81.35471333333334,81.35471333333334 20.148114999999997,81.35521333333332,81.35521333333332 20.144823333333335,81.35571,81.35571 20.141526666666667,81.356205,81.356205 20.138225,81.356695,81.356695 20.134921666666667,81.35718333333332,81.35718333333332 20.131613333333334,81.35766833333334,81.35766833333334 20.128303333333335,81.35815,81.35815 20.124996666666668,81.35862999999999,81.35862999999999 20.121701666666667,81.35910833333335,81.35910833333335 20.118418333333334,81.35958666666669,81.35958666666669 20.115145,81.36006166666667,81.36006166666667 20.111885,81.36053833333334,81.36053833333334 20.108638333333335,81.36101333333332,81.36101333333332 20.10540166666667,81.36148666666666,81.36148666666666 20.102173333333333,81.36195833333333,81.36195833333333 20.098948333333333,81.36242833333336,81.36242833333336 20.095726666666664,81.362895,81.362895 20.09251,81.36336166666668,81.36336166666668 20.089295,81.36382666666665,81.36382666666665 20.08607666666667,81.36429000000001,81.36429000000001 20.082855000000002,81.36475,81.36475 20.07963166666667,81.36520833333334,81.36520833333334 20.076405,81.36566666666666,81.36566666666666 20.073178333333335,81.36612166666667,81.36612166666667 20.06995,81.36657666666666,81.36657666666666 20.06672166666667,81.36703166666666,81.36703166666666 20.0635,81.36748666666668,81.36748666666668 20.060285,81.36794166666667,81.36794166666667 20.057078333333333,81.36839666666665,81.36839666666665 20.053871666666662,81.36885333333333,81.36885333333333 20.050666666666668,81.36931,81.36931 20.047463333333333,81.36976666666665,81.36976666666665 20.044259999999998,81.37022333333333,81.37022333333333 20.041058333333332,81.37068166666667,81.37068166666667 20.037855,81.37114166666666,81.37114166666666 20.034655,81.37160166666666,81.37160166666666 20.031464999999997,81.37206333333333,81.37206333333333 20.028290000000002,81.37252833333334,81.37252833333334 20.025130000000004,81.37299666666667,81.37299666666667 20.02198166666667,81.37346666666667,81.37346666666667 20.018845,81.37393833333333,81.37393833333333 20.015721666666664,81.37441333333334,81.37441333333334 20.012610000000002,81.37488833333335,81.37488833333335 20.009508333333333,81.37536666666665,81.37536666666665 20.00641166666667,81.37584499999998,81.37584499999998 20.00331,81.37632666666667,81.37632666666667 20.000201666666666,81.37680833333333,81.37680833333333 19.997080000000004,81.37728999999999,81.37728999999999 19.993946666666663,81.37777333333334,81.37777333333334 19.99081,81.37825500000001,81.37825500000001 19.987675000000003,81.37873666666665,81.37873666666665 19.984543333333335,81.37921666666666,81.37921666666666 19.98141833333333,81.37969833333332,81.37969833333332 19.97830833333333,81.38018000000001,81.38018000000001 19.975213333333336,81.38066333333333,81.38066333333333 19.97213833333333,81.38114499999999,81.38114499999999 19.96909,81.38162666666668,81.38162666666668 19.966068333333332,81.38210666666667,81.38210666666667 19.963068333333332,81.38258333333334,81.38258333333334 19.960081666666667,81.38305999999999,81.38305999999999 19.957099999999997,81.38353333333333,81.38353333333333 19.954115,81.38400833333334,81.38400833333334 19.951119999999996,81.38448166666666,81.38448166666666 19.94811166666667,81.384955,81.384955 19.945088333333334,81.38543166666666,81.38543166666666 19.942040000000002,81.38590666666667,81.38590666666667 19.938961666666664,81.38638166666668,81.38638166666668 19.935846666666666,81.38685666666666,81.38685666666666 19.932698333333335,81.38733,81.38733 19.929525,81.38780333333335,81.38780333333335 19.926334999999998,81.38827833333333,81.38827833333333 19.923133333333332,81.388755,81.388755 19.91991833333333,81.38923333333334,81.38923333333334 19.916681666666666,81.38971333333333,81.38971333333333 19.913424999999997,81.39019666666665,81.39019666666665 19.910151666666668,81.39068166666667,81.39068166666667 19.906865000000003,81.39116833333334,81.39116833333334 19.903564999999997,81.39165833333333,81.39165833333333 19.900256666666667,81.39214833333335,81.39214833333335 19.896941666666667,81.39263833333332,81.39263833333332 19.893616666666663,81.39313,81.39313 19.89028,81.39362333333334,81.39362333333334 19.886941666666665,81.39411666666666,81.39411666666666 19.883601666666667,81.39461500000002,81.39461500000002 19.880266666666667,81.395115,81.395115 19.876931666666668,81.39561833333333,81.39561833333333 19.873593333333336,81.39612166666667,81.39612166666667 19.870253333333338,81.39662833333334,81.39662833333334 19.86691666666667,81.39713666666667,81.39713666666667 19.86358166666667,81.39764666666666,81.39764666666666 19.86024,81.39815666666667,81.39815666666667 19.856895,81.39866666666666,81.39866666666666 19.853546666666666,81.39917666666668,81.39917666666668 19.8502,81.39968666666667,81.39968666666667 19.846853333333335,81.40019333333333,81.40019333333333 19.84350166666667,81.4007,81.4007 19.840144999999996,81.40120333333331,81.40120333333331 19.83678666666667,81.40170666666666,81.40170666666666 19.83342833333333,81.40221,81.40221 19.830068333333333,81.40271333333334,81.40271333333334 19.826705,81.403215,81.403215 19.82334,81.40371499999999,81.40371499999999 19.81997666666667,81.40421500000001,81.40421500000001 19.816616666666665,81.404715,81.404715 19.813261666666662,81.40521333333334,81.40521333333334 19.809911666666665,81.40571333333335,81.40571333333335 19.806561666666667,81.40621333333334,81.40621333333334 19.803208333333334,81.40671499999999,81.40671499999999 19.79985,81.40721666666667,81.40721666666667 19.796486666666667,81.40771833333334,81.40771833333334 19.793115,81.40822000000001,81.40822000000001 19.78973666666667,81.40872333333333,81.40872333333333 19.786353333333334,81.40922666666667,81.40922666666667 19.78296333333333,81.40973000000001,81.40973000000001 19.779564999999998,81.41023333333332,81.41023333333332 19.776165000000002,81.41073666666666,81.41073666666666 19.77276666666667,81.41124166666667,81.41124166666667 19.769368333333336,81.41174833333334,81.41174833333334 19.765968333333333,81.41225333333334,81.41225333333334 19.762563333333333,81.41275833333334,81.41275833333334 19.759158333333332,81.41326333333333,81.41326333333333 19.755760000000006,81.41377000000001,81.41377000000001 19.752366666666664,81.41427833333334,81.41427833333334 19.74897833333333,81.414785,81.414785 19.745593333333332,81.415295,81.415295 19.742216666666664,81.41580333333333,81.41580333333333 19.738856666666667,81.41631666666667,81.41631666666667 19.735513333333333,81.41682999999999,81.41682999999999 19.732178333333334,81.41734666666666,81.41734666666666 19.728843333333334,81.41786166666668,81.41786166666668 19.72550666666667,81.41837833333335,81.41837833333335 19.722170000000002,81.418895,81.418895 19.718828333333335,81.41941166666668,81.41941166666668 19.715486666666667,81.41992833333335,81.41992833333335 19.71214333333333,81.42044333333334,81.42044333333334 19.7088,81.42095666666668,81.42095666666668 19.705454999999997,81.42146833333334,81.42146833333334 19.702109999999998,81.42197833333333,81.42197833333333 19.698766666666664,81.422485,81.422485 19.695428333333332,81.42299333333335,81.42299333333335 19.692085000000002,81.42349833333333,81.42349833333333 19.68874,81.42400166666667,81.42400166666667 19.685391666666664,81.42450500000001,81.42450500000001 19.682045000000002,81.42500833333332,81.42500833333332 19.678694999999998,81.42551166666667,81.42551166666667 19.675333333333334,81.42601333333333,81.42601333333333 19.671954999999997,81.42651500000001,81.42651500000001 19.668559999999996,81.42701666666666,81.42701666666666 19.665148333333335,81.42752,81.42752 19.66172,81.42802333333334,81.42802333333334 19.658271666666668,81.42852666666666,81.42852666666666 19.654803333333334,81.42903166666666,81.42903166666666 19.651323333333334,81.429535,81.429535 19.647841666666668,81.43003999999999,81.43003999999999 19.644356666666663,81.430545,81.430545 19.640865,81.43104833333334,81.43104833333334 19.637375000000002,81.43155166666668,81.43155166666668 19.633891666666663,81.43205333333333,81.43205333333333 19.63042,81.43255500000001,81.43255500000001 19.626956666666672,81.433055,81.433055 19.623501666666666,81.433555,81.433555 19.620056666666667,81.43405333333332,81.43405333333332 19.61662833333333,81.43455333333334,81.43455333333334 19.613218333333336,81.43505333333333,81.43505333333333 19.60981833333333,81.43555666666666,81.43555666666666 19.606423333333332,81.43606166666667,81.43606166666667 19.603036666666668,81.43656833333333,81.43656833333333 19.59965833333333,81.43707833333333,81.43707833333333 19.59629333333333,81.43759166666668,81.43759166666668 19.592933333333335,81.43810666666666,81.43810666666666 19.58957666666667,81.43862333333333,81.43862333333333 19.586218333333335,81.43914000000001,81.43914000000001 19.582858333333334,81.43965833333334,81.43965833333334 19.57949166666667,81.440175,81.440175 19.57612,81.44069166666667,81.44069166666667 19.572739999999996,81.44120666666667,81.44120666666667 19.56935,81.44171833333333,81.44171833333333 19.565945,81.44223,81.44223 19.562525,81.44273666666666,81.44273666666666 19.559093333333333,81.44324333333333,81.44324333333333 19.555648333333334,81.44374833333333,81.44374833333333 19.55219,81.44425166666666,81.44425166666666 19.548718333333333,81.44475333333334,81.44475333333334 19.545226666666665,81.44525333333333,81.44525333333333 19.541718333333332,81.44574999999999,81.44574999999999 19.538203333333335,81.44624666666667,81.44624666666667 19.534681666666668,81.44674333333333,81.44674333333333 19.531153333333336,81.44723833333333,81.44723833333333 19.527613333333335,81.44773166666668,81.44773166666668 19.524061666666668,81.44822333333333,81.44822333333333 19.52050333333333,81.44871166666667,81.44871166666667 19.516945,81.44920166666667,81.44920166666667 19.513385,81.44968833333333,81.44968833333333 19.509823333333337,81.450175,81.450175 19.506265,81.45066000000001,81.45066000000001 19.50270666666667,81.451145,81.451145 19.499148333333334,81.45162666666667,81.45162666666667 19.495585000000005,81.45210833333333,81.45210833333333 19.49202,81.45258999999999,81.45258999999999 19.488463333333335,81.45306999999998,81.45306999999998 19.484913333333335,81.45355166666667,81.45355166666667 19.48137,81.45403333333333,81.45403333333333 19.47783166666667,81.45451333333335,81.45451333333335 19.474301666666666,81.45499499999998,81.45499499999998 19.47079,81.45547666666667,81.45547666666667 19.467295000000004,81.45596,81.45596 19.463815,81.45644333333333,81.45644333333333 19.460354999999996,81.45692666666667,81.45692666666667 19.456913333333333,81.45741,81.45741 19.453486666666667,81.45789333333335,81.45789333333335 19.450066666666665,81.458375,81.458375 19.44665,81.458855,81.458855 19.443240000000003,81.45933333333333,81.45933333333333 19.439848333333337,81.45981166666667,81.45981166666667 19.436473333333332,81.46029166666668,81.46029166666668 19.433116666666667,81.46077,81.46077 19.429776666666665,81.46125,81.46125 19.426454999999997,81.46173,81.46173 19.423151666666666,81.46221166666666,81.46221166666666 19.41987333333333,81.46269666666667,81.46269666666667 19.41661333333333,81.46318333333335,81.46318333333335 19.41336666666667,81.46367166666667,81.46367166666667 19.41012666666667,81.46415999999998,81.46415999999998 19.406885,81.46465,81.46465 19.403643333333335,81.46514166666665,81.46514166666665 19.400391666666664,81.46563333333334,81.46563333333334 19.397126666666665,81.46612499999999,81.46612499999999 19.39385,81.46661666666668,81.46661666666668 19.390565,81.46710833333333,81.46710833333333 19.38728166666667,81.46760166666665,81.46760166666665 19.38400333333333,81.46809666666665,81.46809666666665 19.380736666666667,81.46859500000001,81.46859500000001 19.37748,81.46909666666667,81.46909666666667 19.374235,81.46960166666668,81.46960166666668 19.371,81.47010833333334,81.47010833333334 19.367771666666663,81.47061666666667,81.47061666666667 19.36454833333333,81.471125,81.471125 19.361328333333333,81.47163333333333,81.47163333333333 19.358113333333332,81.47214166666666,81.47214166666666 19.35489666666666,81.47264833333334,81.47264833333334 19.351671666666668,81.47315333333333,81.47315333333333 19.348436666666665,81.47365833333333,81.47365833333333 19.345195,81.47416000000001,81.47416000000001 19.341945,81.47466166666666,81.47466166666666 19.338684999999998,81.47516166666665,81.47516166666665 19.335406666666664,81.47565833333333,81.47565833333333 19.332111666666666,81.47615499999999,81.47615499999999 19.328803333333337,81.47664833333333,81.47664833333333 19.325483333333334,81.47714166666665,81.47714166666665 19.322155000000002,81.47763166666667,81.47763166666667 19.318811666666665,81.47812166666667,81.47812166666667 19.315448333333332,81.47860833333334,81.47860833333334 19.312070000000002,81.479095,81.479095 19.308686666666667,81.47958166666668,81.47958166666668 19.305306666666667,81.48006833333335,81.48006833333335 19.301935,81.48055500000001,81.48055500000001 19.29857333333333,81.48104166666666,81.48104166666666 19.295221666666663,81.48152833333333,81.48152833333333 19.291881666666665,81.48201333333334,81.48201333333334 19.28856,81.48249666666668,81.48249666666668 19.285253333333333,81.48298,81.48298 19.281965,81.48346333333335,81.48346333333335 19.278689999999997,81.483945,81.483945 19.27543166666667,81.48442666666666,81.48442666666666 19.272188333333336,81.48490666666666,81.48490666666666 19.26896166666667,81.48538666666666,81.48538666666666 19.26574666666667,81.48586499999999,81.48586499999999 19.262543333333333,81.48634333333332,81.48634333333332 19.259349999999998,81.48682166666669,81.48682166666669 19.256165,81.48729833333333,81.48729833333333 19.25298666666667,81.487775,81.487775 19.249818333333334,81.48825166666667,81.48825166666667 19.246655,81.48872833333334,81.48872833333334 19.24349833333333,81.48920499999998,81.48920499999998 19.240339999999996,81.48967999999999,81.48967999999999 19.237181666666668,81.49015666666666,81.49015666666666 19.234016666666665,81.49063166666666,81.49063166666666 19.23084833333333,81.491105,81.491105 19.227673333333332,81.49158000000001,81.49158000000001 19.22449333333333,81.492055,81.492055 19.22131,81.49252833333334,81.49252833333334 19.21811666666667,81.49300333333335,81.49300333333335 19.214913333333335,81.49347666666667,81.49347666666667 19.211696666666665,81.49394833333334,81.49394833333334 19.208466666666666,81.49442000000002,81.49442000000002 19.205221666666667,81.49489166666667,81.49489166666667 19.201963333333335,81.49536333333333,81.49536333333333 19.19869166666667,81.49583333333334,81.49583333333334 19.195408333333333,81.49630333333333,81.49630333333333 19.192116666666664,81.49677166666666,81.49677166666666 19.188819999999996,81.49724,81.49724 19.185520000000004,81.49770833333334,81.49770833333334 19.182209999999998,81.49817666666667,81.49817666666667 19.178891666666665,81.49864500000001,81.49864500000001 19.175556666666665,81.49911166666668,81.49911166666668 19.17220833333333,81.49958,81.49958 19.168850000000003,81.50004666666666,81.50004666666666 19.165488333333332,81.50051333333333,81.50051333333333 19.16212833333333,81.50098333333334,81.50098333333334 19.158770000000004,81.50145333333333,81.50145333333333 19.15541333333334,81.50192499999999,81.50192499999999 19.152061666666665,81.50239666666667,81.50239666666667 19.148713333333337,81.50287166666666,81.50287166666666 19.145365,81.50334666666667,81.50334666666667 19.14202,81.503825,81.503825 19.138678333333335,81.50430333333334,81.50430333333334 19.135344999999997,81.50478333333334,81.50478333333334 19.132015000000003,81.50526333333333,81.50526333333333 19.128688333333333,81.50574333333334,81.50574333333334 19.125363333333333,81.506225,81.506225 19.12204,81.506705,81.506705 19.118713333333336,81.50718499999999,81.50718499999999 19.115381666666668,81.50766499999999,81.50766499999999 19.112045,81.50814499999998,81.50814499999998 19.108705,81.50862666666667,81.50862666666667 19.10535833333333,81.50910666666667,81.50910666666667 19.102005,81.50958833333335,81.50958833333335 19.098646666666664,81.51007166666668,81.51007166666668 19.09528333333333,81.51055500000001,81.51055500000001 19.091918333333336,81.51103833333333,81.51103833333333 19.088558333333335,81.51152333333332,81.51152333333332 19.08520166666667,81.51200999999999,81.51200999999999 19.081853333333335,81.51249833333333,81.51249833333333 19.078515,81.51298666666668,81.51298666666668 19.075188333333333,81.51347833333334,81.51347833333334 19.07186833333333,81.51396999999999,81.51396999999999 19.068558333333335,81.51446333333334,81.51446333333334 19.065254999999997,81.51495833333334,81.51495833333334 19.061958333333337,81.51545333333334,81.51545333333334 19.058668333333333,81.51595000000002,81.51595000000002 19.055381666666666,81.51644833333332,81.51644833333332 19.052096666666667,81.51694833333333,81.51694833333333 19.048804999999998,81.51745,81.51745 19.045506666666668,81.51795166666668,81.51795166666668 19.04219833333333,81.51845333333335,81.51845333333335 19.038884999999997,81.51895666666667,81.51895666666667 19.035566666666664,81.51945999999998,81.51945999999998 19.032245,81.51996333333332,81.51996333333332 19.028920000000003,81.52046666666666,81.52046666666666 19.025596666666672,81.52097166666667,81.52097166666667 19.022275,81.521475,81.521475 19.018951666666666,81.52197833333334,81.52197833333334 19.015623333333334,81.52248166666668,81.52248166666668 19.012293333333336,81.52298333333333,81.52298333333333 19.008963333333334,81.52348333333332,81.52348333333332 19.005630000000004,81.52398333333333,81.52398333333333 19.002288333333336,81.52448166666667,81.52448166666667 18.998938333333335,81.52497833333334,81.52497833333334 18.995575000000002,81.52547333333334,81.52547333333334 18.992198333333334,81.52596666666666,81.52596666666666 18.988805,81.52645833333332,81.52645833333332 18.98539333333333,81.52694666666667,81.52694666666667 18.981963333333333,81.52743333333332,81.52743333333332 18.978521666666666,81.52791833333335,81.52791833333335 18.975073333333334,81.52840166666667,81.52840166666667 18.971621666666664,81.52888666666665,81.52888666666665 18.968168333333328,81.52937166666666,81.52937166666666 18.964716666666668,81.52985666666667,81.52985666666667 18.961266666666667,81.53034166666666,81.53034166666666 18.957821666666668,81.53082833333332,81.53082833333332 18.954383333333332,81.53131499999999,81.53131499999999 18.950948333333333,81.53180333333333,81.53180333333333 18.947516666666665,81.53228999999999,81.53228999999999 18.944086666666664,81.53277833333333,81.53277833333333 18.940655,81.53326666666666,81.53326666666666 18.937219999999996,81.53375333333332,81.53375333333332 18.933775,81.53423833333333,81.53423833333333 18.930314999999997,81.53472166666668,81.53472166666668 18.926843333333334,81.535205,81.535205 18.923360000000002,81.53568833333334,81.53568833333334 18.919868333333334,81.53617,81.53617 18.91636666666667,81.53665166666666,81.53665166666666 18.912860000000002,81.53713166666665,81.53713166666665 18.909351666666662,81.53761333333334,81.53761333333334 18.905841666666667,81.53809333333334,81.53809333333334 18.90233333333333,81.53857333333333,81.53857333333333 18.89882333333333,81.53905333333333,81.53905333333333 18.895313333333334,81.53953333333335,81.53953333333335 18.891806666666664,81.54001333333335,81.54001333333335 18.888303333333333,81.54049333333334,81.54049333333334 18.884798333333332,81.540975,81.540975 18.881290000000003,81.541455,81.541455 18.877773333333334,81.541935,81.541935 18.874248333333334,81.54241333333333,81.54241333333333 18.87071833333333,81.54289333333332,81.54289333333332 18.86718,81.54337333333334,81.54337333333334 18.863636666666665,81.54385333333333,81.54385333333333 18.860086666666664,81.54433499999999,81.54433499999999 18.85653333333333,81.54481499999999,81.54481499999999 18.852975,81.54529500000001,81.54529500000001 18.84941,81.545775,81.545775 18.845838333333333,81.546255,81.546255 18.842261666666666,81.546735,81.546735 18.838681666666663,81.54721333333333,81.54721333333333 18.835098333333335,81.54769166666667,81.54769166666667 18.831513333333334,81.54817,81.54817 18.827925,81.54864666666667,81.54864666666667 18.824333333333335,81.549125,81.549125 18.820739999999997,81.54960166666667,81.54960166666667 18.817148333333336,81.55007999999998,81.55007999999998 18.813560000000003,81.55055833333331,81.55055833333331 18.809978333333337,81.55104,81.55104 18.80640833333333,81.55152166666666,81.55152166666666 18.80284,81.55200500000001,81.55200500000001 18.799271666666666,81.55248833333333,81.55248833333333 18.795704999999998,81.55297166666666,81.55297166666666 18.792141666666666,81.55345666666668,81.55345666666668 18.788581666666666,81.55394166666666,81.55394166666666 18.785023333333335,81.55442666666667,81.55442666666667 18.781458333333333,81.55491166666667,81.55491166666667 18.777886666666667,81.55539666666665,81.55539666666665 18.774311666666662,81.55588166666666,81.55588166666666 18.770736666666664,81.55636666666668,81.55636666666668 18.767158333333338,81.55685333333332,81.55685333333332 18.76358,81.55734166666667,81.55734166666667 18.759999999999998,81.55782833333332,81.55782833333332 18.756419999999995,81.55831833333333,81.55831833333333 18.75284333333333,81.55880833333333,81.55880833333333 18.74927,81.5593,81.5593 18.745696666666664,81.55979333333333,81.55979333333333 18.742126666666667,81.56028666666666,81.56028666666666 18.73855833333333,81.56078166666666,81.56078166666666 18.734993333333332,81.56127833333332,81.56127833333332 18.73143166666667,81.561775,81.561775 18.727874999999997,81.56227333333332,81.56227333333332 18.724324999999997,81.56277333333334,81.56277333333334 18.720775,81.56327499999999,81.56327499999999 18.71722833333333,81.56377666666667,81.56377666666667 18.713679999999997,81.56427666666667,81.56427666666667 18.71013,81.56477833333332,81.56477833333332 18.706576666666667,81.56527833333334,81.56527833333334 18.703024999999997,81.56577833333333,81.56577833333333 18.69948166666667,81.56627833333333,81.56627833333333 18.69594666666667,81.56677833333335,81.56677833333335 18.692418333333336,81.56727833333333,81.56727833333333 18.688896666666665,81.56777833333332,81.56777833333332 18.68538166666667,81.56827666666666,81.56827666666666 18.681873333333332,81.56877666666665,81.56877666666665 18.678366666666665,81.569275,81.569275 18.674855,81.56977166666667,81.56977166666667 18.67134,81.57026833333332,81.57026833333332 18.66782166666667,81.57076166666668,81.57076166666668 18.66429833333333,81.57125500000001,81.57125500000001 18.660774999999997,81.57174499999999,81.57174499999999 18.65724833333333,81.57223499999999,81.57223499999999 18.65372166666667,81.57272333333334,81.57272333333334 18.65019333333333,81.57321166666668,81.57321166666668 18.646661666666663,81.57369999999999,81.57369999999999 18.643128333333333,81.57418833333332,81.57418833333332 18.639591666666668,81.57467499999998,81.57467499999998 18.636053333333333,81.57516333333332,81.57516333333332 18.632511666666666,81.57565,81.57565 18.628970000000002,81.57613833333332,81.57613833333332 18.625425,81.57662499999999,81.57662499999999 18.621881666666663,81.57711333333333,81.57711333333333 18.618338333333337,81.57760166666668,81.57760166666668 18.614801666666665,81.57809166666665,81.57809166666665 18.61127,81.57858166666666,81.57858166666666 18.607746666666664,81.57907333333333,81.57907333333333 18.604233333333333,81.57956666666666,81.57956666666666 18.600728333333336,81.58006166666668,81.58006166666668 18.597233333333335,81.58055833333331,81.58055833333331 18.59375,81.581055,81.581055 18.59028666666667,81.58155666666667,81.58155666666667 18.586845,81.58206000000001,81.58206000000001 18.583426666666664,81.58256666666665,81.58256666666665 18.58002833333333,81.58307500000001,81.58307500000001 18.576643333333333,81.58358666666666,81.58358666666666 18.573263333333333,81.58409999999999,81.58409999999999 18.569881666666667,81.58461166666665,81.58461166666665 18.56649666666667,81.58512499999999,81.58512499999999 18.56311166666667,81.58563833333334,81.58563833333334 18.55972833333333,81.58615333333333,81.58615333333333 18.556348333333336,81.58666833333334,81.58666833333334 18.552968333333332,81.58718333333334,81.58718333333334 18.549591666666664,81.5877,81.5877 18.546218333333332,81.58821666666667,81.58821666666667 18.542846666666666,81.588735,81.588735 18.53947833333333,81.58925333333332,81.58925333333332 18.53611166666667,81.58977166666668,81.58977166666668 18.53275,81.59029,81.59029 18.529391666666665,81.59080999999999,81.59080999999999 18.526035,81.59133,81.59133 18.522679999999998,81.59185000000002,81.59185000000002 18.51933166666667,81.59237,81.59237 18.515986666666663,81.59289,81.59289 18.51265,81.59340999999999,81.59340999999999 18.509321666666665,81.59393166666666,81.59393166666666 18.506005,81.594455,81.594455 18.50269833333334,81.59497833333334,81.59497833333334 18.499401666666664,81.59550333333334,81.59550333333334 18.496118333333335,81.59602833333334,81.59602833333334 18.49284833333333,81.59655666666667,81.59655666666667 18.489604999999997,81.59708499999999,81.59708499999999 18.486406666666667,81.59762000000002,81.59762000000002 18.483273333333337,81.59815833333334,81.59815833333334 18.48023166666667,81.59870666666666,81.59870666666666 18.477308333333333,81.59926333333333,81.59926333333333 18.474516666666666,81.59982833333333,81.59982833333333 18.471878333333333,81.600405,81.600405 18.469415,81.60099000000001,81.60099000000001 18.467146666666665,81.601585,81.601585 18.465085,81.60218833333333,81.60218833333333 18.46322166666667,81.60279666666666,81.60279666666666 18.46155166666667,81.60341166666667,81.60341166666667 18.460076666666662,81.60403166666667,81.60403166666667 18.458795000000006,81.60465666666668,81.60465666666668 18.457706666666667,81.60528500000001,81.60528500000001 18.45681,81.60591666666664,81.60591666666664 18.45610333333333,81.60655,81.60655 18.455581666666667,81.607185,81.607185 18.455243333333335,81.60782166666667,81.60782166666667 18.455093333333334,81.60845666666668,81.60845666666668 18.455143333333332,81.60909,81.60909 18.455398333333335,81.60972,81.60972 18.455855000000003,81.61034500000001,81.61034500000001 18.45651333333333,81.61095999999999,81.61095999999999 18.457368333333335,81.61156666666666,81.61156666666666 18.458420000000004,81.61216333333334,81.61216333333334 18.459658333333337,81.61274666666667,81.61274666666667 18.461064999999998,81.61331833333334,81.61331833333334 18.462631666666667,81.61388000000001,81.61388000000001 18.46435333333333,81.61443,81.61443 18.466233333333335,81.61496666666667,81.61496666666667 18.46827333333333,81.61549,81.61549 18.470476666666666,81.61599833333332,81.61599833333332 18.47283666666667,81.61648833333334,81.61648833333334 18.475355000000004,81.61696,81.61696 18.47802833333333,81.61741,81.61741 18.480855000000002,81.617835,81.617835 18.48382,81.61823833333332,81.61823833333332 18.486921666666664,81.61861833333334,81.61861833333334 18.490156666666667,81.61897166666665,81.61897166666665 18.493523333333332,81.61929833333333,81.61929833333333 18.49701166666667,81.619595,81.619595 18.500615,81.61986166666667,81.61986166666667 18.504316666666664,81.62009333333333,81.62009333333333 18.508098333333333,81.62029333333332,81.62029333333332 18.511946666666667,81.62045833333333,81.62045833333333 18.51584666666667,81.62059166666667,81.62059166666667 18.519788333333338,81.62068999999998,81.62068999999998 18.52376333333333,81.62075666666668,81.62075666666668 18.527758333333335,81.62079166666668,81.62079166666668 18.53176833333333,81.62079333333332,81.62079333333332 18.53578333333333,81.62076333333333,81.62076333333333 18.539796666666668,81.62070166666668,81.62070166666668 18.543796666666665,81.62060833333334,81.62060833333334 18.547775,81.62048166666666,81.62048166666666 18.551725,81.62032500000001,81.62032500000001 18.555631666666667,81.62013666666668,81.62013666666668 18.55949166666667,81.61991833333333,81.61991833333333 18.563295000000004,81.61967,81.61967 18.56704,81.61939500000001,81.61939500000001 18.570716666666666,81.61909166666666,81.61909166666666 18.574323333333336,81.618765,81.618765 18.577856666666666,81.61841333333334,81.61841333333334 18.581316666666662,81.61804,81.61804 18.584700000000005,81.61764666666666,81.61764666666666 18.58801,81.617235,81.617235 18.591246666666667,81.61680666666665,81.61680666666665 18.594418333333333,81.61636333333333,81.61636333333333 18.59753,81.61590833333334,81.61590833333334 18.600593333333332,81.61544666666667,81.61544666666667 18.603614999999998,81.61497500000002,81.61497500000002 18.606598333333334,81.61449833333332,81.61449833333332 18.609545,81.614015,81.614015 18.612463333333338,81.61352833333333,81.61352833333333 18.615361666666672,81.61303666666664,81.61303666666664 18.61824666666667,81.61254333333333,81.61254333333333 18.621125000000003,81.61205000000001,81.61205000000001 18.623994999999997,81.61155166666668,81.61155166666668 18.626861666666667,81.61105333333333,81.61105333333333 18.629723333333335,81.61055499999999,81.61055499999999 18.632565000000003,81.61005166666668,81.61005166666668 18.635361666666665,81.60954,81.60954 18.638091666666664,81.60901999999999,81.60901999999999 18.640728333333335,81.60848666666668,81.60848666666668 18.643253333333334,81.60793999999999,81.60793999999999 18.64565,81.60737666666668,81.60737666666668 18.64791666666667,81.60679833333334,81.60679833333334 18.650061666666666,81.60620833333334,81.60620833333334 18.65209,81.60560499999998,81.60560499999998 18.65401333333333,81.60499333333335,81.60499333333335 18.655853333333337,81.60437499999999,81.60437499999999 18.657639999999997,81.60375,81.60375 18.65939833333334,81.60312499999999,81.60312499999999 18.661138333333334,81.60249666666667,81.60249666666667 18.662856666666666,81.601865,81.601865 18.66455333333333,81.60123166666668,81.60123166666668 18.666234999999997,81.60059666666665,81.60059666666665 18.667909999999996,81.59996166666667,81.59996166666667 18.669588333333333,81.59932666666666,81.59932666666666 18.671273333333335,81.59869333333334,81.59869333333334 18.672966666666664,81.59805833333333,81.59805833333333 18.67467333333333,81.59742666666665,81.59742666666665 18.676413333333336,81.59679500000001,81.59679500000001 18.678213333333336,81.59616833333332,81.59616833333332 18.680098333333337,81.59555,81.59555 18.68209166666667,81.59494333333333,81.59494333333333 18.684216666666668,81.59435,81.59435 18.68649,81.59377333333333,81.59377333333333 18.688913333333332,81.593215,81.593215 18.691498333333335,81.59268,81.59268 18.694253333333332,81.59217,81.59217 18.69718,81.59168833333334,81.59168833333334 18.700275,81.59123666666667,81.59123666666667 18.703531666666663,81.59081833333333,81.59081833333333 18.706936666666664,81.59043333333335,81.59043333333335 18.710475,81.59008333333334,81.59008333333334 18.71411833333333,81.58977166666668,81.58977166666668 18.717838333333336,81.58948833333335,81.58948833333335 18.721601666666665,81.58922833333334,81.58922833333334 18.725386666666665,81.58898000000002,81.58898000000002 18.729186666666664,81.58874,81.58874 18.732998333333335,81.58850500000001,81.58850500000001 18.736819999999998,81.58827333333333,81.58827333333333 18.740646666666667,81.58804166666665,81.58804166666665 18.744481666666665,81.58781,81.58781 18.74832833333333,81.587585,81.587585 18.752198333333336,81.58736833333334,81.58736833333334 18.75609,81.58716333333334,81.58716333333334 18.760006666666666,81.58697166666668,81.58697166666668 18.763953333333333,81.58679333333333,81.58679333333333 18.767933333333335,81.58663,81.58663 18.771951666666666,81.58648166666667,81.58648166666667 18.77601333333333,81.58634833333333,81.58634833333333 18.780113333333336,81.58623,81.58623 18.78424166666667,81.58612166666667,81.58612166666667 18.788391666666666,81.58601999999998,81.58601999999998 18.792558333333336,81.58592,81.58592 18.796735,81.58582166666667,81.58582166666667 18.800925,81.585725,81.585725 18.80512333333333,81.58562333333332,81.58562333333332 18.80933166666667,81.58551833333333,81.58551833333333 18.813550000000003,81.58540500000002,81.58540500000002 18.817776666666667,81.58528166666666,81.58528166666666 18.82201333333333,81.58515166666666,81.58515166666666 18.82626,81.58501333333335,81.58501333333335 18.830518333333334,81.58486833333333,81.58486833333333 18.834785,81.58471666666667,81.58471666666667 18.839058333333334,81.58456166666666,81.58456166666666 18.84333666666667,81.58440166666666,81.58440166666666 18.847618333333333,81.58424166666666,81.58424166666666 18.851903333333333,81.58407833333334,81.58407833333334 18.85619333333333,81.58391333333333,81.58391333333333 18.860485000000004,81.58375000000001,81.58375000000001 18.864776666666664,81.583585,81.583585 18.86907,81.58342166666667,81.58342166666667 18.873359999999998,81.58326000000001,81.58326000000001 18.877646666666667,81.58309666666666,81.58309666666666 18.881935,81.582935,81.582935 18.88622666666667,81.582775,81.582775 18.890526666666666,81.582615,81.582615 18.894835,81.58245500000001,81.58245500000001 18.89915333333333,81.58229333333334,81.58229333333334 18.903486666666666,81.58213333333332,81.58213333333332 18.907833333333333,81.58197,81.58197 18.912195,81.58180666666668,81.58180666666668 18.916571666666666,81.58164166666667,81.58164166666667 18.920966666666665,81.581475,81.581475 18.92538333333333,81.58130833333333,81.58130833333333 18.929816666666667,81.58114,81.58114 18.934266666666666,81.58097,81.58097 18.938736666666664,81.58080166666667,81.58080166666667 18.943223333333332,81.580635,81.580635 18.947728333333338,81.58047333333334,81.58047333333334 18.952248333333337,81.58031166666666,81.58031166666666 18.956780000000002,81.58015333333333,81.58015333333333 18.961321666666663,81.57999666666667,81.57999666666667 18.965868333333333,81.57983833333334,81.57983833333334 18.970416666666665,81.57968,81.57968 18.974965,81.57952333333333,81.57952333333333 18.97951,81.57936500000001,81.57936500000001 18.984048333333334,81.57920666666668,81.57920666666668 18.98858166666667,81.57904833333335,81.57904833333335 18.99311,81.57889,81.57889 18.99763333333333,81.57872833333332,81.57872833333332 19.00216,81.57856833333335,81.57856833333335 19.006689999999995,81.57840666666667,81.57840666666667 19.011226666666666,81.57824666666666,81.57824666666666 19.015771666666666,81.57808333333334,81.57808333333334 19.020324999999996,81.57792166666665,81.57792166666665 19.02489,81.57775833333334,81.57775833333334 19.029468333333334,81.577595,81.577595 19.03406166666667,81.57743333333332,81.57743333333332 19.038668333333334,81.57727,81.57727 19.043291666666672,81.57710833333334,81.57710833333334 19.047925,81.57694666666666,81.57694666666666 19.052568333333333,81.57678499999999,81.57678499999999 19.057213333333337,81.57662333333333,81.57662333333333 19.061854999999998,81.57646166666667,81.57646166666667 19.066491666666664,81.5763,81.5763 19.07112333333333,81.57613666666666,81.57613666666666 19.075750000000003,81.575975,81.575975 19.080376666666666,81.57581166666668,81.57581166666668 19.085005000000002,81.57564833333333,81.57564833333333 19.08964,81.57548333333334,81.57548333333334 19.094279999999998,81.57531833333333,81.57531833333333 19.09892833333333,81.57515333333335,81.57515333333335 19.103583333333333,81.57498666666667,81.57498666666667 19.10824666666667,81.57481833333334,81.57481833333334 19.112916666666667,81.57464833333334,81.57464833333334 19.117593333333332,81.57447833333335,81.57447833333335 19.122276666666668,81.57430666666666,81.57430666666666 19.12696833333333,81.574135,81.574135 19.131666666666668,81.57396333333332,81.57396333333332 19.136373333333328,81.57379,81.57379 19.14108666666667,81.57361833333334,81.57361833333334 19.145803333333337,81.57344499999999,81.57344499999999 19.15052166666667,81.57327333333333,81.57327333333333 19.155236666666667,81.57310166666667,81.57310166666667 19.159948333333332,81.57293333333334,81.57293333333334 19.16465666666667,81.57276666666667,81.57276666666667 19.16936,81.57260166666666,81.57260166666666 19.17405833333334,81.57243833333334,81.57243833333334 19.17875166666667,81.57227666666667,81.57227666666667 19.183445000000003,81.57211500000001,81.57211500000001 19.188139999999997,81.57195499999999,81.57195499999999 19.192838333333334,81.57179500000001,81.57179500000001 19.19754,81.57163499999999,81.57163499999999 19.202246666666667,81.57147333333333,81.57147333333333 19.206958333333336,81.57131166666667,81.57131166666667 19.211676666666662,81.57114833333334,81.57114833333334 19.216405,81.570985,81.570985 19.221143333333334,81.57082166666667,81.57082166666667 19.22589333333333,81.57065666666666,81.57065666666666 19.23065833333333,81.57049166666668,81.57049166666668 19.23543833333333,81.57032666666667,81.57032666666667 19.240236666666664,81.57016,81.57016 19.245046666666664,81.569995,81.569995 19.24987,81.56982666666666,81.56982666666666 19.254696666666668,81.56966,81.56966 19.259526666666662,81.56949,81.56949 19.264355,81.56932166666667,81.56932166666667 19.269178333333333,81.56915166666666,81.56915166666666 19.273993333333333,81.56898,81.56898 19.278795,81.56880666666667,81.56880666666667 19.283579999999997,81.56863333333335,81.56863333333335 19.288351666666664,81.56845833333334,81.56845833333334 19.29311,81.56828333333333,81.56828333333333 19.297856666666664,81.56810666666667,81.56810666666667 19.302591666666665,81.56792833333333,81.56792833333333 19.30731666666667,81.56774999999999,81.56774999999999 19.312035,81.56757166666667,81.56757166666667 19.316746666666667,81.56739333333333,81.56739333333333 19.321453333333334,81.56721499999999,81.56721499999999 19.326156666666666,81.56703833333333,81.56703833333333 19.330861666666664,81.56686333333334,81.56686333333334 19.33556666666667,81.56669,81.56669 19.340275,81.56651666666667,81.56651666666667 19.344983333333335,81.56634333333332,81.56634333333332 19.349693333333335,81.56617166666666,81.56617166666666 19.354405,81.56599833333333,81.56599833333333 19.359113333333337,81.565825,81.565825 19.363818333333334,81.56565000000002,81.56565000000002 19.368525,81.565475,81.565475 19.373235,81.56529833333333,81.56529833333333 19.377948333333336,81.56512166666667,81.56512166666667 19.38266833333333,81.564945,81.564945 19.387393333333332,81.56476666666669,81.56476666666669 19.392124999999997,81.56459,81.56459 19.396866666666664,81.56441333333335,81.56441333333335 19.40161666666667,81.56423833333334,81.56423833333334 19.406375,81.56406166666666,81.56406166666666 19.411141666666666,81.56388666666666,81.56388666666666 19.415916666666664,81.56371166666668,81.56371166666668 19.420698333333334,81.56353666666666,81.56353666666666 19.425483333333332,81.56336166666665,81.56336166666665 19.430269999999997,81.56318666666667,81.56318666666667 19.435058333333334,81.56301166666667,81.56301166666667 19.439845,81.56283666666666,81.56283666666666 19.444626666666668,81.56266166666667,81.56266166666667 19.44940333333333,81.56248666666666,81.56248666666666 19.45417333333333,81.56231333333334,81.56231333333334 19.458938333333332,81.56213833333334,81.56213833333334 19.463696666666664,81.56196333333335,81.56196333333335 19.468451666666667,81.56179,81.56179 19.473200000000002,81.56161666666668,81.56161666666668 19.477945000000002,81.56144333333333,81.56144333333333 19.482686666666662,81.56127,81.56127 19.487423333333332,81.56109833333333,81.56109833333333 19.492156666666663,81.56092500000001,81.56092500000001 19.496886666666665,81.56075333333332,81.56075333333332 19.501614999999997,81.56058,81.56058 19.506341666666668,81.56040833333334,81.56040833333334 19.511066666666668,81.56023499999999,81.56023499999999 19.515790000000003,81.56006333333333,81.56006333333333 19.520511666666668,81.55989166666667,81.55989166666667 19.52523,81.55972166666668,81.55972166666668 19.529948333333337,81.55955,81.55955 19.534665,81.55938,81.55938 19.539379999999998,81.55921000000001,81.55921000000001 19.544095000000002,81.55903833333335,81.55903833333335 19.548806666666668,81.55886833333335,81.55886833333335 19.553514999999997,81.55869666666666,81.55869666666666 19.558216666666667,81.558525,81.558525 19.56291333333333,81.55835166666668,81.55835166666668 19.56760166666667,81.55818,81.55818 19.572283333333335,81.55800833333333,81.55800833333333 19.576958333333337,81.557835,81.557835 19.581628333333335,81.55766166666668,81.55766166666668 19.586293333333334,81.55749000000002,81.55749000000002 19.590955000000005,81.55731666666667,81.55731666666667 19.595615000000002,81.55714333333334,81.55714333333334 19.600276666666666,81.55696999999999,81.55696999999999 19.604943333333335,81.55679666666667,81.55679666666667 19.60961166666667,81.556625,81.556625 19.61428333333333,81.55645166666667,81.55645166666667 19.618956666666666,81.55627833333332,81.55627833333332 19.623625,81.55610333333334,81.55610333333334 19.628285,81.55592833333333,81.55592833333333 19.632935000000003,81.55575333333333,81.55575333333333 19.63757,81.55557833333334,81.55557833333334 19.642188333333333,81.55540333333333,81.55540333333333 19.64679,81.55522833333332,81.55522833333332 19.65137,81.55505333333333,81.55505333333333 19.655928333333335,81.55487833333333,81.55487833333333 19.66046833333333,81.55470500000001,81.55470500000001 19.664994999999998,81.55453166666666,81.55453166666666 19.669511666666665,81.55436166666667,81.55436166666667 19.674025,81.55419166666667,81.55419166666667 19.678538333333332,81.55402166666667,81.55402166666667 19.683056666666666,81.55385333333334,81.55385333333334 19.687581666666663,81.55368666666666,81.55368666666666 19.692115000000005,81.55351833333333,81.55351833333333 19.696651666666668,81.55335166666669,81.55335166666669 19.70119,81.55318333333332,81.55318333333332 19.705728333333333,81.55301666666665,81.55301666666665 19.710264999999996,81.55284833333334,81.55284833333334 19.714801666666666,81.55268166666667,81.55268166666667 19.71934,81.55251333333334,81.55251333333334 19.72388166666667,81.552345,81.552345 19.728428333333333,81.55217666666667,81.55217666666667 19.732976666666662,81.55201000000001,81.55201000000001 19.73752833333333,81.55184333333334,81.55184333333334 19.742081666666667,81.55167833333333,81.55167833333333 19.746636666666667,81.55151500000001,81.55151500000001 19.751193333333333,81.55135166666666,81.55135166666666 19.755745,81.55118833333334,81.55118833333334 19.760293333333333,81.551025,81.551025 19.764838333333334,81.55086,81.55086 19.76938,81.55069666666665,81.55069666666665 19.773915,81.55053166666667,81.55053166666667 19.778443333333332,81.55036833333332,81.55036833333332 19.78296166666667,81.550205,81.550205 19.78747166666667,81.55004166666666,81.55004166666666 19.791975,81.54987999999999,81.54987999999999 19.796471666666665,81.54971833333333,81.54971833333333 19.800963333333335,81.54956,81.54956 19.805448333333334,81.54940166666665,81.54940166666665 19.80993,81.54924500000001,81.54924500000001 19.814406666666667,81.54908999999999,81.54908999999999 19.818878333333338,81.54893666666668,81.54893666666668 19.82334333333333,81.54878333333332,81.54878333333332 19.82780166666667,81.54863,81.54863 19.832256666666666,81.54847666666667,81.54847666666667 19.83671,81.54832166666667,81.54832166666667 19.841161666666668,81.54816833333334,81.54816833333334 19.845613333333333,81.54801333333333,81.54801333333333 19.85006333333333,81.54785666666668,81.54785666666668 19.854513333333333,81.5477,81.5477 19.85896166666667,81.54754166666666,81.54754166666666 19.863404999999997,81.54738333333333,81.54738333333333 19.867846666666665,81.54722333333333,81.54722333333333 19.872285,81.54706166666666,81.54706166666666 19.87672333333333,81.54690000000001,81.54690000000001 19.88116333333333,81.546735,81.546735 19.88560333333333,81.54657166666665,81.54657166666665 19.890046666666667,81.54640500000001,81.54640500000001 19.894491666666664,81.54623833333333,81.54623833333333 19.89894,81.54607,81.54607 19.90339,81.54590166666667,81.54590166666667 19.907843333333336,81.54573,81.54573 19.91229666666667,81.54555833333335,81.54555833333335 19.916750000000004,81.545385,81.545385 19.921205,81.54520999999998,81.54520999999998 19.925660000000004,81.545035,81.545035 19.930115,81.54486,81.54486 19.934568333333335,81.54468333333332,81.54468333333332 19.93902166666667,81.54450833333334,81.54450833333334 19.943475000000003,81.54433333333333,81.54433333333333 19.947928333333337,81.54415833333334,81.54415833333334 19.952383333333334,81.54398333333334,81.54398333333334 19.956839999999996,81.54381,81.54381 19.961299999999998,81.54363833333333,81.54363833333333 19.96576,81.54346666666667,81.54346666666667 19.970221666666664,81.54329500000001,81.54329500000001 19.974683333333335,81.54312499999999,81.54312499999999 19.979145,81.54295666666665,81.54295666666665 19.983608333333333,81.54278999999998,81.54278999999998 19.98807166666667,81.542625,81.542625 19.99253666666667,81.54246166666668,81.54246166666668 19.996999999999996,81.5423,81.5423 20.001466666666666,81.54213999999999,81.54213999999999 20.005930000000003,81.54198,81.54198 20.01038833333333,81.54182,81.54182 20.01484333333333,81.54165833333333,81.54165833333333 20.019296666666666,81.54149666666667,81.54149666666667 20.023745,81.54133499999999,81.54133499999999 20.02819166666666,81.54117166666667,81.54117166666667 20.032636666666665,81.54100833333334,81.54100833333334 20.037081666666666,81.54084166666667,81.54084166666667 20.041523333333338,81.54067666666666,81.54067666666666 20.045965,81.54050999999998,81.54050999999998 20.050404999999998,81.54034166666668,81.54034166666668 20.054843333333334,81.540175,81.540175 20.05928,81.54000833333333,81.54000833333333 20.063713333333332,81.53984333333332,81.53984333333332 20.068145,81.53967666666668,81.53967666666668 20.072571666666665,81.53951,81.53951 20.076991666666668,81.539345,81.539345 20.081408333333332,81.53917833333334,81.53917833333334 20.08582,81.53901166666667,81.53901166666667 20.090225000000004,81.538845,81.538845 20.094625000000004,81.53867833333332,81.53867833333332 20.099018333333333,81.53851166666665,81.53851166666665 20.103405000000006,81.538345,81.538345 20.107783333333334,81.53817833333333,81.53817833333333 20.112154999999998,81.53801166666666,81.53801166666666 20.116518333333335,81.53784666666668,81.53784666666668 20.120873333333336,81.53768000000001,81.53768000000001 20.12522,81.53751666666668,81.53751666666668 20.129558333333335,81.53735166666667,81.53735166666667 20.13389,81.53718833333335,81.53718833333335 20.13821666666666,81.537025,81.537025 20.142538333333338,81.53686333333334,81.53686333333334 20.146853333333336,81.53670000000001,81.53670000000001 20.151163333333333,81.53653833333333,81.53653833333333 20.155466666666666,81.53637666666667,81.53637666666667 20.159763333333334,81.53621333333335,81.53621333333335 20.164055,81.53605,81.53605 20.168338333333338,81.53588500000001,81.53588500000001 20.17261666666667,81.53571833333334,81.53571833333334 20.176888333333334,81.53555,81.53555 20.181158333333336,81.53538166666667,81.53538166666667 20.185425,81.53521166666665,81.53521166666665 20.189691666666665,81.53504333333333,81.53504333333333 20.193963333333336,81.534875,81.534875 20.19824,81.534705,81.534705 20.202526666666667,81.53453666666665,81.53453666666665 20.206825000000002,81.53436666666667,81.53436666666667 20.21114,81.53419666666667,81.53419666666667 20.215468333333337,81.53402833333332,81.53402833333332 20.219815,81.53386,81.53386 20.224175000000002,81.53369166666667,81.53369166666667 20.228551666666668,81.533525,81.533525 20.23294166666667,81.53335833333333,81.53335833333333 20.237345000000005,81.53319166666665,81.53319166666665 20.241758333333333,81.53302666666667,81.53302666666667 20.246180000000003,81.53286166666666,81.53286166666666 20.250608333333336,81.53269666666668,81.53269666666668 20.255041666666667,81.53253333333333,81.53253333333333 20.259475000000002,81.53237166666666,81.53237166666666 20.263908333333333,81.53221,81.53221 20.268338333333336,81.53205000000001,81.53205000000001 20.272763333333337,81.53189,81.53189 20.277183333333333,81.53173000000001,81.53173000000001 20.281595,81.53156999999999,81.53156999999999 20.286001666666664,81.53141000000001,81.53141000000001 20.2904,81.53125166666668,81.53125166666668 20.294791666666665,81.53109166666665,81.53109166666665 20.299176666666668,81.53093166666666,81.53093166666666 20.303553333333333,81.53077166666668,81.53077166666668 20.307926666666667,81.53061166666666,81.53061166666666 20.312291666666667,81.53045,81.53045 20.316655,81.53028666666667,81.53028666666667 20.321015000000003,81.53012333333332,81.53012333333332 20.32537333333333,81.52995833333331,81.52995833333331 20.32973666666667,81.52979333333333,81.52979333333333 20.334106666666667,81.52962666666669,81.52962666666669 20.338481666666663,81.52945833333332,81.52945833333332 20.342863333333334,81.52928833333333,81.52928833333333 20.34725,81.529115,81.529115 20.351638333333337,81.52893833333333,81.52893833333333 20.35602833333333,81.52875833333331,81.52875833333331 20.36042,81.52857333333333,81.52857333333333 20.364810000000002,81.52838666666666,81.52838666666666 20.369200000000003,81.52819666666667,81.52819666666667 20.373590000000004,81.528005,81.528005 20.377981666666667,81.52781333333333,81.52781333333333 20.382376666666666,81.52762166666668,81.52762166666668 20.386773333333334,81.52742833333333,81.52742833333333 20.39117666666667,81.52723500000002,81.52723500000002 20.395588333333333,81.52704166666668,81.52704166666668 20.400008333333332,81.52684666666667,81.52684666666667 20.404438333333335,81.52665166666667,81.52665166666667 20.40888,81.526455,81.526455 20.413334999999996,81.52625833333333,81.52625833333333 20.417801666666666,81.52606,81.52606 20.422280000000004,81.52586166666667,81.52586166666667 20.42676833333333,81.52566333333334,81.52566333333334 20.431263333333334,81.52546166666666,81.52546166666666 20.435763333333334,81.52526166666667,81.52526166666667 20.440271666666668,81.52506333333334,81.52506333333334 20.44478333333333,81.52486666666667,81.52486666666667 20.4493,81.52467499999999,81.52467499999999 20.45382166666667,81.524485,81.524485 20.458346666666667,81.52429999999998,81.52429999999998 20.462875,81.52411833333333,81.52411833333333 20.467406666666665,81.52393833333333,81.52393833333333 20.47194,81.52376166666666,81.52376166666666 20.476475,81.52358833333332,81.52358833333332 20.48101,81.52341500000001,81.52341500000001 20.48554333333333,81.523245,81.523245 20.49007666666667,81.52307666666667,81.52307666666667 20.494608333333336,81.52291166666667,81.52291166666667 20.49914,81.52274999999999,81.52274999999999 20.503670000000003,81.52259000000002,81.52259000000002 20.508196666666667,81.52243166666668,81.52243166666668 20.51272,81.52227500000001,81.52227500000001 20.51723833333333,81.52212,81.52212 20.521753333333333,81.52196333333332,81.52196333333332 20.526266666666668,81.52181,81.52181 20.530778333333338,81.52165666666667,81.52165666666667 20.53528833333333,81.52150333333334,81.52150333333334 20.539794999999998,81.52135166666666,81.52135166666666 20.5443,81.5212,81.5212 20.548803333333332,81.52105,81.52105 20.553303333333332,81.52089833333334,81.52089833333334 20.557798333333334,81.520745,81.520745 20.562291666666663,81.52059166666666,81.52059166666666 20.566783333333333,81.52043666666667,81.52043666666667 20.571271666666668,81.52027833333334,81.52027833333334 20.575756666666667,81.52012,81.52012 20.580240000000003,81.51995833333334,81.51995833333334 20.58472166666667,81.51979500000002,81.51979500000002 20.589201666666668,81.51962833333334,81.51962833333334 20.59368,81.51945833333332,81.51945833333332 20.598160000000004,81.519285,81.519285 20.60264166666667,81.51911,81.51911 20.607126666666666,81.51893333333335,81.51893333333335 20.611614999999997,81.51875333333335,81.51875333333335 20.616108333333337,81.51857166666667,81.51857166666667 20.62060333333333,81.51838833333332,81.51838833333332 20.62510166666667,81.51820333333335,81.51820333333335 20.629598333333334,81.518015,81.518015 20.634096666666668,81.51782333333333,81.51782333333333 20.638595000000002,81.51763166666667,81.51763166666667 20.643091666666667,81.51743499999998,81.51743499999998 20.647585,81.51723666666668,81.51723666666668 20.65207666666667,81.51703499999999,81.51703499999999 20.65656833333333,81.51683166666666,81.51683166666666 20.661060000000003,81.51662833333334,81.51662833333334 20.66555,81.516425,81.516425 20.670039999999997,81.51621999999999,81.51621999999999 20.674528333333335,81.51601666666667,81.51601666666667 20.67902,81.515815,81.515815 20.683513333333334,81.51561500000001,81.51561500000001 20.68801,81.51542,81.51542 20.692508333333333,81.515225,81.515225 20.697010000000002,81.51503333333334,81.51503333333334 20.701511666666665,81.51484500000001,81.51484500000001 20.706014999999997,81.51465666666665,81.51465666666665 20.710518333333336,81.51447166666667,81.51447166666667 20.71502333333333,81.51428666666666,81.51428666666666 20.719528333333336,81.51410333333334,81.51410333333334 20.724035,81.51392333333332,81.51392333333332 20.72854333333333,81.51374333333332,81.51374333333332 20.733055,81.51356666666668,81.51356666666668 20.737568333333336,81.51339166666668,81.51339166666668 20.742081666666667,81.51321666666666,81.51321666666666 20.746596666666665,81.51304333333331,81.51304333333331 20.751108333333335,81.51286999999999,81.51286999999999 20.755621666666666,81.51269666666667,81.51269666666667 20.760133333333332,81.51252500000001,81.51252500000001 20.764645,81.51235166666667,81.51235166666667 20.76915666666667,81.51217833333332,81.51217833333332 20.773668333333333,81.51200666666666,81.51200666666666 20.778178333333337,81.51183333333334,81.51183333333334 20.782688333333333,81.51165999999999,81.51165999999999 20.78719666666667,81.51148666666667,81.51148666666667 20.791705,81.51131333333333,81.51131333333333 20.796215,81.51113999999998,81.51113999999998 20.800725000000007,81.51096833333332,81.51096833333332 20.805235,81.510795,81.510795 20.809743333333337,81.51062333333331,81.51062333333331 20.81425333333333,81.51044999999999,81.51044999999999 20.818765,81.51027666666667,81.51027666666667 20.823275,81.51010333333333,81.51010333333333 20.82778666666667,81.50992833333332,81.50992833333332 20.832301666666666,81.50975166666667,81.50975166666667 20.836821666666665,81.50957333333334,81.50957333333334 20.841348333333336,81.50939333333335,81.50939333333335 20.845881666666664,81.50920833333333,81.50920833333333 20.850420000000003,81.50902166666667,81.50902166666667 20.854966666666666,81.50883333333334,81.50883333333334 20.859519999999996,81.50864166666666,81.50864166666666 20.864081666666667,81.50845,81.50845 20.868650000000002,81.50825666666665,81.50825666666665 20.873226666666664,81.50806166666665,81.50806166666665 20.877809999999997,81.50786499999998,81.50786499999998 20.882396666666665,81.50766833333334,81.50766833333334 20.886984999999996,81.50747166666667,81.50747166666667 20.891573333333334,81.507275,81.507275 20.896158333333332,81.50707833333331,81.50707833333331 20.900743333333338,81.50688333333333,81.50688333333333 20.905325,81.50668833333333,81.50668833333333 20.909906666666664,81.50649666666668,81.50649666666668 20.914488333333335,81.50630666666666,81.50630666666666 20.919066666666666,81.50611666666666,81.50611666666666 20.92364,81.50592833333333,81.50592833333333 20.928206666666664,81.50573833333334,81.50573833333334 20.932765,81.50555,81.50555 20.93731833333333,81.50536000000001,81.50536000000001 20.941863333333337,81.50516999999999,81.50516999999999 20.946401666666663,81.50498166666667,81.50498166666667 20.950936666666664,81.50479333333332,81.50479333333332 20.955466666666666,81.50460666666666,81.50460666666666 20.959995000000003,81.50441833333333,81.50441833333333 20.964521666666663,81.50423166666666,81.50423166666666 20.969044999999998,81.50404666666668,81.50404666666668 20.97356333333333,81.50386166666667,81.50386166666667 20.978078333333332,81.50368000000002,81.50368000000002 20.982588333333336,81.50349999999999,81.50349999999999 20.987089999999995,81.50332166666666,81.50332166666666 20.991583333333327,81.50314499999999,81.50314499999999 20.99607333333333,81.50297166666667,81.50297166666667 21.000556666666665,81.50279833333335,81.50279833333335 21.00503833333333,81.50262333333333,81.50262333333333 21.009518333333336,81.50245166666667,81.50245166666667 21.014000000000003,81.50227833333334,81.50227833333334 21.018485000000002,81.50210666666668,81.50210666666668 21.022976666666665,81.50193500000002,81.50193500000002 21.027475,81.50176166666667,81.50176166666667 21.031981666666667,81.50159000000001,81.50159000000001 21.03649833333333,81.50141833333335,81.50141833333335 21.041020000000003,81.50124333333333,81.50124333333333 21.045550000000006,81.50106833333334,81.50106833333334 21.050085,81.50089166666666,81.50089166666666 21.05462166666667,81.50071166666666,81.50071166666666 21.05916,81.50052833333332,81.50052833333332 21.063700000000004,81.50034166666666,81.50034166666666 21.06824,81.50015333333334,81.50015333333334 21.072781666666668,81.49996333333333,81.49996333333333 21.077326666666668,81.49977166666667,81.49977166666667 21.081873333333338,81.49958,81.49958 21.086418333333338,81.49938666666667,81.49938666666667 21.090965,81.49919333333332,81.49919333333332 21.09551166666667,81.49899833333335,81.49899833333335 21.10006,81.49880333333334,81.49880333333334 21.10460833333333,81.49860833333334,81.49860833333334 21.109158333333337,81.49841333333333,81.49841333333333 21.113711666666667,81.49821833333333,81.49821833333333 21.118271666666672,81.49802333333335,81.49802333333335 21.122835,81.49782666666668,81.49782666666668 21.127404999999996,81.49762999999999,81.49762999999999 21.131983333333327,81.49743166666669,81.49743166666669 21.136568333333333,81.49723333333333,81.49723333333333 21.14116166666667,81.49703333333333,81.49703333333333 21.145763333333335,81.49683333333334,81.49683333333334 21.15037333333333,81.49663333333332,81.49663333333332 21.15499166666667,81.49643166666667,81.49643166666667 21.15961666666667,81.49623166666667,81.49623166666667 21.16425,81.49603166666667,81.49603166666667 21.168888333333335,81.49583166666667,81.49583166666667 21.17353166666667,81.49562999999999,81.49562999999999 21.17817833333333,81.49543,81.49543 21.182828333333333,81.49523,81.49523 21.187478333333335,81.49502999999999,81.49502999999999 21.192128333333336,81.49482833333333,81.49482833333333 21.196775000000002,81.49462666666666,81.49462666666666 21.20142166666667,81.49442666666667,81.49442666666667 21.206064999999995,81.49422500000001,81.49422500000001 21.210704999999997,81.49402666666666,81.49402666666666 21.215343333333333,81.49382999999999,81.49382999999999 21.21998,81.49363499999998,81.49363499999998 21.224615000000004,81.49344500000001,81.49344500000001 21.22925,81.49325666666665,81.49325666666665 21.23388166666667,81.49307166666668,81.49307166666668 21.238508333333336,81.49288833333333,81.49288833333333 21.24312833333333,81.49270333333335,81.49270333333335 21.24774166666667,81.49252,81.49252 21.252350000000003,81.49233666666669,81.49233666666669 21.25695166666667,81.492155,81.492155 21.261548333333337,81.49197166666666,81.49197166666666 21.266140000000004,81.49179,81.49179 21.270728333333334,81.49160833333335,81.49160833333335 21.275308333333335,81.49142499999999,81.49142499999999 21.279885,81.49124333333332,81.49124333333332 21.284455,81.49105833333333,81.49105833333333 21.289018333333335,81.49087333333333,81.49087333333333 21.293575000000004,81.49068666666668,81.49068666666668 21.298128333333338,81.49050000000001,81.49050000000001 21.30267666666667,81.49031166666668,81.49031166666668 21.307223333333333,81.49012333333333,81.49012333333333 21.311768333333333,81.48993333333333,81.48993333333333 21.31631166666667,81.489745,81.489745 21.320854999999998,81.48955500000001,81.48955500000001 21.3254,81.48936666666667,81.48936666666667 21.329946666666665,81.48917833333334,81.48917833333334 21.334498333333332,81.48899166666668,81.48899166666668 21.339056666666668,81.48880666666666,81.48880666666666 21.343621666666667,81.48862333333332,81.48862333333332 21.34819333333333,81.48844,81.48844 21.352771666666662,81.48826000000001,81.48826000000001 21.35735833333333,81.48808166666664,81.48808166666664 21.36194833333333,81.48790333333334,81.48790333333334 21.366545,81.48772500000001,81.48772500000001 21.37114,81.48754666666667,81.48754666666667 21.375735,81.48736666666667,81.48736666666667 21.380328333333335,81.48718333333333,81.48718333333333 21.384916666666662,81.48699833333333,81.48699833333333 21.389501666666668,81.48681166666665,81.48681166666665 21.39408166666666,81.48662333333333,81.48662333333333 21.39865833333333,81.48643333333334,81.48643333333334 21.403233333333333,81.48624333333333,81.48624333333333 21.40780333333333,81.48605166666665,81.48605166666665 21.41237166666666,81.48586,81.48586 21.416936666666665,81.48566833333332,81.48566833333332 21.42149833333334,81.48547500000001,81.48547500000001 21.42606,81.48528333333334,81.48528333333334 21.430618333333335,81.48509,81.48509 21.435176666666663,81.48489833333332,81.48489833333332 21.439735000000006,81.48470666666667,81.48470666666667 21.444291666666665,81.48451333333335,81.48451333333335 21.448848333333334,81.48432166666667,81.48432166666667 21.453403333333338,81.48413000000001,81.48413000000001 21.457960000000003,81.48393666666666,81.48393666666666 21.462518333333335,81.48374333333332,81.48374333333332 21.467078333333333,81.48355000000001,81.48355000000001 21.471641666666667,81.48335666666667,81.48335666666667 21.47620833333334,81.48316166666666,81.48316166666666 21.480778333333333,81.48296666666668,81.48296666666668 21.48535,81.48276999999999,81.48276999999999 21.489926666666662,81.48257333333332,81.48257333333332 21.49450833333334,81.48237833333332,81.48237833333332 21.49909666666667,81.48218166666668,81.48218166666668 21.50369333333333,81.48198666666667,81.48198666666667 21.508298333333332,81.48179166666667,81.48179166666667 21.51291,81.48159666666668,81.48159666666668 21.51752666666666,81.4814,81.4814 21.522148333333334,81.481205,81.481205 21.526776666666667,81.48100833333334,81.48100833333334 21.53140833333333,81.48081333333333,81.48081333333333 21.536044999999998,81.48061833333333,81.48061833333333 21.540685000000003,81.48042166666666,81.48042166666666 21.54533,81.48022666666668,81.48022666666668 21.549975,81.48003333333334,81.48003333333334 21.554621666666673,81.47984,81.47984 21.559263333333337,81.47964833333334,81.47964833333334 21.56390333333333,81.47945833333333,81.47945833333333 21.568538333333326,81.47927166666668,81.47927166666668 21.57317,81.47908666666667,81.47908666666667 21.577796666666668,81.47890333333332,81.47890333333332 21.58241833333333,81.478725,81.478725 21.587035,81.47854666666666,81.47854666666666 21.591643333333334,81.47836999999998,81.47836999999998 21.596243333333337,81.47819333333334,81.47819333333334 21.600836666666666,81.47801666666668,81.47801666666668 21.605424999999997,81.47783833333334,81.47783833333334 21.61000333333333,81.47765833333332,81.47765833333332 21.614576666666668,81.477475,81.477475 21.61914166666666,81.47728833333333,81.47728833333333 21.623698333333326,81.47710166666668,81.47710166666668 21.62825,81.47691166666667,81.47691166666667 21.632796666666664,81.47671999999999,81.47671999999999 21.63733666666667,81.47652666666667,81.47652666666667 21.641873333333336,81.47633166666667,81.47633166666667 21.646406666666667,81.47613666666666,81.47613666666666 21.650936666666666,81.47594166666666,81.47594166666666 21.655465000000007,81.47574666666667,81.47574666666667 21.659991666666667,81.47555166666666,81.47555166666666 21.66452,81.47535833333332,81.47535833333332 21.669046666666667,81.47516333333334,81.47516333333334 21.673571666666664,81.47497166666666,81.47497166666666 21.678096666666672,81.47477833333335,81.47477833333335 21.68262166666667,81.47458666666667,81.47458666666667 21.687146666666667,81.474395,81.474395 21.69167166666667,81.47420333333332,81.47420333333332 21.69619333333333,81.47401333333333,81.47401333333333 21.700713333333336,81.473825,81.473825 21.705228333333334,81.473635,81.473635 21.709738333333334,81.47344499999998,81.47344499999998 21.714241666666666,81.473255,81.473255 21.718740000000004,81.47306333333334,81.47306333333334 21.723233333333326,81.47287333333334,81.47287333333334 21.727726666666666,81.47268166666666,81.47268166666666 21.73222,81.47248833333332,81.47248833333332 21.736713333333334,81.47229666666667,81.47229666666667 21.74120833333333,81.47210333333335,81.47210333333335 21.745708333333333,81.47191000000001,81.47191000000001 21.75021333333333,81.471715,81.471715 21.75472666666667,81.47152,81.47152 21.759248333333336,81.47132333333334,81.47132333333334 21.76377833333333,81.47112833333334,81.47112833333334 21.768318333333333,81.47093166666667,81.47093166666667 21.772865000000003,81.470735,81.470735 21.77742166666667,81.47053666666667,81.47053666666667 21.781986666666665,81.47033833333333,81.47033833333333 21.78656166666666,81.47014,81.47014 21.791146666666666,81.46994166666667,81.46994166666667 21.795740000000002,81.46974166666668,81.46974166666668 21.800336666666663,81.46954,81.46954 21.804940000000006,81.46933833333331,81.46933833333331 21.809543333333334,81.469135,81.469135 21.814148333333335,81.46893,81.46893 21.818755,81.46872499999999,81.46872499999999 21.823360000000005,81.46851666666666,81.46851666666666 21.827965,81.46830666666668,81.46830666666668 21.832568333333334,81.46809499999999,81.46809499999999 21.83717166666667,81.46788166666668,81.46788166666668 21.84177666666667,81.46766833333332,81.46766833333332 21.846383333333332,81.46745333333334,81.46745333333334 21.850994999999994,81.46723833333334,81.46723833333334 21.855608333333333,81.46702333333333,81.46702333333333 21.860226666666673,81.46680666666667,81.46680666666667 21.864848333333327,81.46659166666667,81.46659166666667 21.869473333333335,81.46637666666666,81.46637666666666 21.874105,81.46616499999999,81.46616499999999 21.878741666666663,81.465955,81.465955 21.883384999999997,81.46574666666667,81.46574666666667 21.888035,81.46554333333333,81.46554333333333 21.89268833333333,81.46533999999998,81.46533999999998 21.897343333333332,81.46513833333333,81.46513833333333 21.902001666666667,81.46493833333334,81.46493833333334 21.906658333333333,81.46473833333333,81.46473833333333 21.91131833333333,81.46453833333334,81.46453833333334 21.915975,81.46434166666667,81.46434166666667 21.92063333333333,81.464145,81.464145 21.92529,81.46395000000001,81.46395000000001 21.92994666666667,81.463755,81.463755 21.934600000000003,81.46356166666666,81.46356166666666 21.939251666666674,81.46336666666666,81.46336666666666 21.94389666666667,81.46317333333332,81.46317333333332 21.948540000000005,81.46297833333334,81.46297833333334 21.953178333333334,81.46278333333333,81.46278333333333 21.957815,81.46258666666667,81.46258666666667 21.962446666666665,81.46239,81.46239 21.967075,81.46219333333333,81.46219333333333 21.971698333333332,81.461995,81.461995 21.97632,81.46179833333333,81.46179833333333 21.980938333333334,81.46160166666667,81.46160166666667 21.985551666666666,81.46140333333334,81.46140333333334 21.99016166666667,81.46120666666667,81.46120666666667 21.99476666666667,81.46101166666666,81.46101166666666 21.99936666666667,81.460815,81.460815 22.003965,81.46061833333333,81.46061833333333 22.008560000000006,81.46042333333332,81.46042333333332 22.013153333333335,81.46022666666666,81.46022666666666 22.017744999999998,81.46003166666665,81.46003166666665 22.022336666666664,81.45983500000001,81.45983500000001 22.02692666666667,81.45963666666665,81.45963666666665 22.03151666666667,81.45943666666666,81.45943666666666 22.03610666666667,81.45923666666667,81.45923666666667 22.04069666666667,81.45903499999999,81.45903499999999 22.04528833333333,81.45883333333333,81.45883333333333 22.04988166666667,81.45863,81.45863 22.054478333333332,81.45842666666668,81.45842666666668 22.059075,81.45822166666667,81.45822166666667 22.063676666666666,81.45801833333333,81.45801833333333 22.068279999999998,81.45781333333333,81.45781333333333 22.07288833333334,81.45760833333333,81.45760833333333 22.077501666666667,81.45740333333332,81.45740333333332 22.082116666666668,81.4572,81.4572 22.08673833333333,81.45699666666667,81.45699666666667 22.091363333333334,81.45679333333332,81.45679333333332 22.09599166666667,81.45659166666667,81.45659166666667 22.100625,81.45638999999998,81.45638999999998 22.105261666666667,81.45618833333333,81.45618833333333 22.10990333333333,81.45598833333334,81.45598833333334 22.114545,81.45579,81.45579 22.119188333333334,81.45559,81.45559 22.123831666666668,81.45539000000001,81.45539000000001 22.128473333333332,81.45518833333335,81.45518833333335 22.133113333333334,81.45498666666667,81.45498666666667 22.137748333333334,81.45478333333332,81.45478333333332 22.142378333333333,81.45457833333333,81.45457833333333 22.147001666666664,81.45437166666669,81.45437166666669 22.15161833333333,81.45416333333333,81.45416333333333 22.156228333333335,81.45395333333332,81.45395333333332 22.160833333333336,81.45374333333332,81.45374333333332 22.165431666666674,81.45353333333334,81.45353333333334 22.170026666666665,81.45331999999999,81.45331999999999 22.17461833333333,81.45310833333332,81.45310833333332 22.179211666666667,81.45289666666666,81.45289666666666 22.183805,81.45268666666665,81.45268666666665 22.188398333333335,81.45247666666668,81.45247666666668 22.192993333333334,81.45226833333334,81.45226833333334 22.197588333333336,81.45206,81.45206 22.20218333333333,81.45185166666667,81.45185166666667 22.206778333333332,81.45164333333335,81.45164333333335 22.211373333333338,81.45143666666665,81.45143666666665 22.21597,81.45123166666667,81.45123166666667 22.220566666666667,81.45102666666668,81.45102666666668 22.22516333333333,81.45082166666667,81.45082166666667 22.22975833333333,81.45061833333332,81.45061833333332 22.234351666666665,81.450415,81.450415 22.238941666666665,81.45021166666668,81.45021166666668 22.243530000000003,81.45001000000002,81.45001000000002 22.248115000000002,81.44980833333334,81.44980833333334 22.252698333333335,81.44960666666665,81.44960666666665 22.25728166666667,81.44940666666666,81.44940666666666 22.261864999999997,81.44920833333333,81.44920833333333 22.26644666666667,81.44901,81.44901 22.271026666666668,81.44881166666667,81.44881166666667 22.275605000000006,81.44861333333333,81.44861333333333 22.280181666666667,81.44841333333333,81.44841333333333 22.284755,81.44821166666668,81.44821166666668 22.28932666666666,81.44800833333333,81.44800833333333 22.293893333333337,81.44780499999999,81.44780499999999 22.29846,81.4476,81.4476 22.303026666666664,81.44739500000001,81.44739500000001 22.30759333333333,81.44718833333332,81.44718833333332 22.31216166666666,81.44698333333334,81.44698333333334 22.31673166666667,81.44677666666668,81.44677666666668 22.321306666666672,81.44657000000001,81.44657000000001 22.325885000000003,81.44636333333332,81.44636333333332 22.330468333333336,81.44615499999999,81.44615499999999 22.335053333333335,81.44594833333335,81.44594833333335 22.339645000000004,81.44574,81.44574 22.344238333333333,81.44553333333333,81.44553333333333 22.348835,81.445325,81.445325 22.353431666666665,81.44511833333334,81.44511833333334 22.35803166666667,81.44491000000001,81.44491000000001 22.36263166666667,81.44470333333334,81.44470333333334 22.367233333333335,81.44449666666665,81.44449666666665 22.371835,81.44429000000001,81.44429000000001 22.37643666666667,81.44408333333334,81.44408333333334 22.38104,81.44387833333334,81.44387833333334 22.385644999999997,81.443675,81.443675 22.39025333333333,81.44347333333334,81.44347333333334 22.39486666666667,81.44327166666666,81.44327166666666 22.399483333333333,81.44307333333333,81.44307333333333 22.404100000000003,81.44287333333334,81.44287333333334 22.408720000000002,81.442675,81.442675 22.41333833333333,81.44247666666666,81.44247666666666 22.417956666666665,81.44227833333333,81.44227833333333 22.422571666666666,81.44207666666665,81.44207666666665 22.427183333333332,81.44187666666666,81.44187666666666 22.431793333333335,81.44167333333334,81.44167333333334 22.436396666666663,81.44147,81.44147 22.440996666666667,81.441265,81.441265 22.445588333333333,81.44105666666667,81.44105666666667 22.450178333333334,81.44084833333334,81.44084833333334 22.454763333333332,81.44063833333333,81.44063833333333 22.459343333333326,81.44042666666665,81.44042666666665 22.463919999999998,81.44021333333333,81.44021333333333 22.46849333333333,81.43999833333334,81.43999833333334 22.473064999999995,81.43978499999999,81.43978499999999 22.477633333333333,81.43956833333333,81.43956833333333 22.482199999999995,81.43935333333334,81.43935333333334 22.486763333333336,81.439135,81.439135 22.49132,81.43891500000001,81.43891500000001 22.495863333333332,81.43869000000001,81.43869000000001 22.50038833333333,81.43845833333333,81.43845833333333 22.504888333333334,81.43821666666666,81.43821666666666 22.509354999999996,81.43796666666668,81.43796666666668 22.51378333333334,81.43770333333335,81.43770333333335 22.518166666666666,81.437425,81.437425 22.522499999999997,81.43713333333334,81.43713333333334 22.52677833333333,81.436825,81.436825 22.53099166666667,81.43649833333333,81.43649833333333 22.53513833333333,81.43615166666666,81.43615166666666 22.539214999999995,81.43578666666666,81.43578666666666 22.543221666666664,81.43540166666666,81.43540166666666 22.547156666666666,81.43499833333333,81.43499833333333 22.551018333333328,81.434575,81.434575 22.55480333333333,81.43413333333334,81.43413333333334 22.55851166666666,81.43367333333333,81.43367333333333 22.56214,81.43319333333334,81.43319333333334 22.56568666666667,81.43269499999998,81.43269499999998 22.56915,81.43217666666666,81.43217666666666 22.57252666666667,81.43164166666666,81.43164166666666 22.57581,81.431085,81.431085 22.578986666666665,81.43051166666667,81.43051166666667 22.58204666666666,81.42991833333335,81.42991833333335 22.584985,81.42930666666666,81.42930666666666 22.587790000000002,81.42867666666666,81.42867666666666 22.590443333333333,81.42802833333333,81.42802833333333 22.59292833333333,81.42736166666667,81.42736166666667 22.595241666666666,81.42668000000002,81.42668000000002 22.59738,81.42598166666667,81.42598166666667 22.59934,81.42527,81.42527 22.601116666666666,81.42454500000001,81.42454500000001 22.602710000000002,81.42380833333333,81.42380833333333 22.604119999999995,81.42306166666667,81.42306166666667 22.605345000000003,81.422305,81.422305 22.606385000000003,81.42154166666666,81.42154166666666 22.607243333333336,81.42076999999999,81.42076999999999 22.607916666666668,81.41999166666666,81.41999166666666 22.608395,81.41920833333333,81.41920833333333 22.608668333333338,81.41841833333334,81.41841833333334 22.608728333333335,81.417625,81.417625 22.608573333333336,81.41682999999999,81.41682999999999 22.608191666666666,81.41603166666665,81.41603166666665 22.60758166666667,81.41523333333333,81.41523333333333 22.606746666666663,81.41443666666669,81.41443666666669 22.60568666666666,81.41364166666668,81.41364166666668 22.604406666666666,81.41284999999999,81.41284999999999 22.602909999999994,81.41206499999998,81.41206499999998 22.60120333333333,81.41128499999999,81.41128499999999 22.599294999999998,81.41051166666666,81.41051166666666 22.59718666666667,81.409745,81.409745 22.59487833333333,81.40899166666667,81.40899166666667 22.592385,81.40824833333332,81.40824833333332 22.589735000000005,81.40751833333334,81.40751833333334 22.58699166666667,81.40679666666666,81.40679666666666 22.584195,81.40608000000002,81.40608000000002 22.581364999999998,81.40536833333334,81.40536833333334 22.578526666666665,81.40465666666667,81.40465666666667 22.575691666666664,81.40394666666667,81.40394666666667 22.572856666666663,81.403235,81.403235 22.570010000000003,81.40252499999998,81.40252499999998 22.567159999999998,81.40181166666666,81.40181166666666 22.564318333333336,81.40109666666666,81.40109666666666 22.561491666666665,81.40037833333334,81.40037833333334 22.558681666666665,81.39965500000001,81.39965500000001 22.555891666666668,81.39892666666667,81.39892666666667 22.55311166666667,81.398195,81.398195 22.55033,81.39746000000001,81.39746000000001 22.547553333333333,81.39672166666666,81.39672166666666 22.544793333333338,81.39597833333335,81.39597833333335 22.542054999999994,81.39523333333332,81.39523333333332 22.53934333333333,81.39448333333333,81.39448333333333 22.53666333333333,81.39373166666667,81.39373166666667 22.534013333333334,81.39297833333333,81.39297833333333 22.53139833333333,81.39222166666666,81.39222166666666 22.528808333333338,81.39146666666667,81.39146666666667 22.526238333333335,81.39071,81.39071 22.523685,81.38995499999999,81.38995499999999 22.521149999999995,81.3892,81.3892 22.51862833333333,81.388445,81.388445 22.51611666666667,81.38769166666665,81.38769166666665 22.51360833333333,81.38694,81.38694 22.511100000000003,81.38619,81.38619 22.50859,81.38544333333331,81.38544333333331 22.506075000000006,81.38469666666667,81.38469666666667 22.503554999999995,81.38395166666665,81.38395166666665 22.501023333333332,81.38320666666667,81.38320666666667 22.498483333333333,81.38246333333333,81.38246333333333 22.495938333333335,81.38171833333334,81.38171833333334 22.493388333333336,81.38097500000002,81.38097500000002 22.490838333333333,81.38023,81.38023 22.48829166666667,81.37948333333333,81.37948333333333 22.485755,81.37873666666665,81.37873666666665 22.483236666666667,81.37798833333333,81.37798833333333 22.480735,81.37723833333334,81.37723833333334 22.478251666666665,81.37648666666666,81.37648666666666 22.47579,81.375735,81.375735 22.473351666666666,81.37498,81.37498 22.470931666666672,81.37422500000001,81.37422500000001 22.46852833333333,81.37346833333334,81.37346833333334 22.466140000000006,81.37271000000001,81.37271000000001 22.463763333333336,81.37195166666667,81.37195166666667 22.46139166666667,81.37119333333334,81.37119333333334 22.459024999999997,81.37043333333332,81.37043333333332 22.45666,81.369675,81.369675 22.454293333333336,81.368915,81.368915 22.451925,81.36815666666666,81.36815666666666 22.449551666666668,81.36739833333333,81.36739833333333 22.44717333333333,81.36664000000002,81.36664000000002 22.44479333333334,81.36588166666668,81.36588166666668 22.44240666666667,81.365125,81.365125 22.440013333333333,81.36436833333333,81.36436833333333 22.43761166666667,81.36361166666669,81.36361166666669 22.435196666666666,81.36285666666667,81.36285666666667 22.43276333333333,81.36210166666666,81.36210166666666 22.430313333333334,81.36134666666666,81.36134666666666 22.427851666666665,81.36059333333331,81.36059333333331 22.425383333333336,81.35983833333333,81.35983833333333 22.422899999999995,81.35908500000001,81.35908500000001 22.420393333333326,81.35833166666666,81.35833166666666 22.417861666666663,81.35758166666665,81.35758166666665 22.415303333333334,81.35683166666665,81.35683166666665 22.412716666666668,81.35608333333333,81.35608333333333 22.41009833333333,81.35533833333335,81.35533833333335 22.407453333333336,81.35459499999999,81.35459499999999 22.404779999999995,81.35385166666667,81.35385166666667 22.40207833333333,81.35311166666666,81.35311166666666 22.399346666666663,81.35237166666668,81.35237166666668 22.396589999999996,81.351635,81.351635 22.39381333333333,81.35089833333333,81.35089833333333 22.39101333333333,81.35016333333334,81.35016333333334 22.388184999999996,81.34943000000001,81.34943000000001 22.385323333333336,81.34869833333335,81.34869833333335 22.38242833333334,81.34797,81.34797 22.37949833333333,81.34724333333334,81.34724333333334 22.376535,81.34651999999998,81.34651999999998 22.37353333333333,81.34579833333335,81.34579833333335 22.370490000000004,81.34507833333333,81.34507833333333 22.36741833333333,81.34436,81.34436 22.36432333333333,81.34364333333333,81.34364333333333 22.361203333333336,81.34292666666668,81.34292666666668 22.358060000000002,81.34221166666666,81.34221166666666 22.354901666666667,81.34149833333333,81.34149833333333 22.35173333333333,81.340785,81.340785 22.348555,81.34007333333335,81.34007333333335 22.345361666666665,81.33936166666668,81.33936166666668 22.342159999999996,81.33865333333334,81.33865333333334 22.33895333333333,81.33794500000002,81.33794500000002 22.335744999999996,81.33723833333333,81.33723833333333 22.33253666666667,81.33653166666667,81.33653166666667 22.32933166666667,81.33582500000001,81.33582500000001 22.32613333333334,81.33511833333333,81.33511833333333 22.322944999999997,81.33441166666667,81.33441166666667 22.319761666666665,81.333705,81.333705 22.316583333333334,81.33299833333334,81.33299833333334 22.313411666666667,81.33228999999999,81.33228999999999 22.310246666666664,81.33158166666666,81.33158166666666 22.307086666666667,81.33087166666665,81.33087166666665 22.30393166666667,81.33016333333333,81.33016333333333 22.300778333333334,81.32945333333333,81.32945333333333 22.297626666666666,81.32874333333332,81.32874333333332 22.29446833333333,81.32803333333334,81.32803333333334 22.291300000000003,81.32732333333333,81.32732333333333 22.288120000000003,81.32661499999999,81.32661499999999 22.284935000000004,81.325905,81.325905 22.281754999999997,81.325195,81.325195 22.278599999999997,81.32448166666666,81.32448166666666 22.275481666666664,81.32376500000001,81.32376500000001 22.2724,81.32304666666666,81.32304666666666 22.269355000000004,81.32232333333333,81.32232333333333 22.26635333333334,81.32159833333334,81.32159833333334 22.263395,81.32087,81.32087 22.260473333333334,81.32013833333333,81.32013833333333 22.257575,81.31940666666667,81.31940666666667 22.25469,81.31867333333334,81.31867333333334 22.25181,81.31794000000001,81.31794000000001 22.248946666666665,81.31720666666668,81.31720666666668 22.24609833333333,81.31647166666666,81.31647166666666 22.24325666666667,81.31573666666667,81.31573666666667 22.240418333333334,81.31500166666667,81.31500166666667 22.23758,81.31426666666665,81.31426666666665 22.234743333333334,81.31353166666666,81.31353166666666 22.231905,81.31279500000001,81.31279500000001 22.229073333333336,81.31205833333334,81.31205833333334 22.226246666666665,81.31132,81.31132 22.22341833333333,81.31057999999999,81.31057999999999 22.220588333333332,81.30984,81.30984 22.217756666666666,81.30910000000002,81.30910000000002 22.21494166666666,81.30835833333335,81.30835833333335 22.212146666666666,81.307615,81.307615 22.209368333333337,81.30687166666667,81.30687166666667 22.206605,81.30612833333333,81.30612833333333 22.203865,81.30538333333335,81.30538333333335 22.20115333333333,81.30463833333333,81.30463833333333 22.198461666666667,81.30389333333332,81.30389333333332 22.195791666666665,81.30314833333333,81.30314833333333 22.19314333333333,81.30240166666668,81.30240166666668 22.190521666666672,81.30165333333333,81.30165333333333 22.187913333333334,81.300905,81.300905 22.18530833333333,81.30015666666667,81.30015666666667 22.182718333333334,81.29940833333332,81.29940833333332 22.180146666666666,81.29865666666666,81.29865666666666 22.177576666666663,81.297905,81.297905 22.17500166666667,81.29715166666666,81.29715166666666 22.172428333333333,81.29639833333334,81.29639833333334 22.16985166666667,81.295645,81.295645 22.167261666666665,81.29489333333333,81.29489333333333 22.164660000000005,81.29414,81.29414 22.16204833333334,81.29338666666665,81.29338666666665 22.15943,81.29263500000002,81.29263500000002 22.156821666666662,81.29188,81.29188 22.15421833333333,81.291125,81.291125 22.151606666666666,81.29036833333333,81.29036833333333 22.148981666666668,81.28961166666666,81.28961166666666 22.14634833333334,81.28885333333332,81.28885333333332 22.143708333333333,81.28809500000001,81.28809500000001 22.141061666666662,81.28733499999998,81.28733499999998 22.13841,81.28657499999998,81.28657499999998 22.135756666666662,81.28581333333332,81.28581333333332 22.133096666666663,81.28505333333332,81.28505333333332 22.130423333333336,81.28429166666666,81.28429166666666 22.12773,81.28353166666666,81.28353166666666 22.12501666666667,81.28277333333332,81.28277333333332 22.122289999999996,81.28201666666668,81.28201666666668 22.119555,81.28126166666667,81.28126166666667 22.116813333333337,81.28050833333334,81.28050833333334 22.11407,81.279755,81.279755 22.111323333333335,81.27900500000001,81.27900500000001 22.108573333333332,81.27825500000002,81.27825500000002 22.105821666666664,81.277505,81.277505 22.103068333333336,81.27675833333333,81.27675833333333 22.100315000000002,81.27601333333334,81.27601333333334 22.097555,81.27527166666668,81.27527166666668 22.094788333333334,81.27453166666665,81.27453166666665 22.09201666666667,81.27379499999999,81.27379499999999 22.089248333333327,81.27306,81.27306 22.086475000000004,81.27232666666667,81.27232666666667 22.08368666666667,81.27159666666667,81.27159666666667 22.08089166666667,81.27086666666666,81.27086666666666 22.07809333333333,81.27013666666666,81.27013666666666 22.07529166666667,81.26941000000001,81.26941000000001 22.072476666666663,81.26868166666667,81.26868166666667 22.069653333333335,81.26795500000001,81.26795500000001 22.066820000000003,81.26722666666667,81.26722666666667 22.063978333333328,81.2665,81.2665 22.061133333333334,81.26577333333333,81.26577333333333 22.058275000000005,81.26504666666665,81.26504666666665 22.05540166666666,81.26432333333335,81.26432333333335 22.052521666666667,81.26360166666667,81.26360166666667 22.049635,81.26287999999998,81.26287999999998 22.046740000000003,81.26216166666667,81.26216166666667 22.04384166666667,81.26144333333332,81.26144333333332 22.040943333333335,81.26072833333333,81.26072833333333 22.03805,81.260015,81.260015 22.03515833333333,81.25930333333335,81.25930333333335 22.03227,81.25859333333332,81.25859333333332 22.029386666666664,81.25788666666668,81.25788666666668 22.02650833333333,81.25718,81.25718 22.023633333333333,81.25647500000001,81.25647500000001 22.02076,81.25577166666667,81.25577166666667 22.017886666666662,81.25507,81.25507 22.01501333333333,81.25437000000001,81.25437000000001 22.01214,81.25367,81.25367 22.009263333333333,81.25297166666665,81.25297166666665 22.00638666666667,81.252275,81.252275 22.003509999999995,81.25157833333334,81.25157833333334 22.000633333333333,81.25088333333333,81.25088333333333 21.997754999999998,81.25019,81.25019 21.994876666666666,81.24949666666667,81.24949666666667 21.991990000000005,81.24880499999999,81.24880499999999 21.989093333333333,81.24811333333335,81.24811333333335 21.98618833333333,81.24742166666667,81.24742166666667 21.983279999999997,81.24672833333334,81.24672833333334 21.980363333333337,81.246035,81.246035 21.977435,81.24534166666666,81.24534166666666 21.974496666666667,81.24464666666667,81.24464666666667 21.97155,81.24395166666667,81.24395166666667 21.968600000000002,81.24325333333333,81.24325333333333 21.96565,81.242555,81.242555 21.962713333333333,81.24185666666668,81.24185666666668 21.959801666666664,81.241155,81.241155 21.956915000000002,81.24045333333333,81.24045333333333 21.954058333333332,81.23975166666666,81.23975166666666 21.951234999999997,81.23904833333333,81.23904833333333 21.948439999999994,81.238345,81.238345 21.945668333333334,81.23764333333332,81.23764333333332 21.94291666666666,81.23694166666668,81.23694166666668 21.94018666666667,81.23623833333332,81.23623833333332 21.93746833333333,81.23553833333334,81.23553833333334 21.934751666666667,81.23483666666667,81.23483666666667 21.93204,81.23413833333333,81.23413833333333 21.92933666666667,81.23343833333332,81.23343833333332 21.926638333333337,81.23274,81.23274 21.92393666666667,81.23204166666666,81.23204166666666 21.921223333333334,81.231345,81.231345 21.918496666666673,81.23065,81.23065 21.915778333333332,81.229955,81.229955 21.913078333333335,81.22926000000001,81.22926000000001 21.910396666666664,81.22856499999999,81.22856499999999 21.907731666666674,81.22786833333332,81.22786833333332 21.905078333333336,81.22717333333333,81.22717333333333 21.902434999999997,81.22647666666667,81.22647666666667 21.899796666666663,81.22578166666666,81.22578166666666 21.897168333333333,81.225085,81.225085 21.894544999999997,81.22438833333335,81.22438833333335 21.891943333333334,81.22369,81.22369 21.88937333333333,81.22299,81.22299 21.88682666666667,81.22228666666666,81.22228666666666 21.884298333333334,81.22158333333333,81.22158333333333 21.881780000000003,81.22087833333333,81.22087833333333 21.879275,81.22017166666667,81.22017166666667 21.876781666666673,81.21946500000001,81.21946500000001 21.874286666666666,81.21875666666666,81.21875666666666 21.871781666666667,81.21804833333334,81.21804833333334 21.86926,81.21734166666666,81.21734166666666 21.866723333333333,81.216635,81.216635 21.864181666666664,81.21592666666668,81.21592666666668 21.861636666666666,81.21522,81.21522 21.859096666666666,81.21451166666668,81.21451166666668 21.856563333333334,81.213805,81.213805 21.854031666666668,81.21309666666667,81.21309666666667 21.851501666666667,81.21239000000001,81.21239000000001 21.84898166666667,81.21168333333333,81.21168333333333 21.846475,81.21097333333334,81.21097333333334 21.843978333333332,81.210265,81.210265 21.841486666666665,81.20955666666669,81.20955666666669 21.839001666666668,81.20884833333334,81.20884833333334 21.836525,81.20814000000001,81.20814000000001 21.834054999999996,81.20743166666666,81.20743166666666 21.831585000000004,81.20672333333333,81.20672333333333 21.829108333333338,81.20601500000001,81.20601500000001 21.82663,81.205305,81.205305 21.824153333333335,81.20459500000001,81.20459500000001 21.82167666666667,81.203885,81.203885 21.81919833333333,81.203175,81.203175 21.816716666666668,81.20246499999999,81.20246499999999 21.814235000000004,81.20175666666667,81.20175666666667 21.811753333333332,81.20104833333332,81.20104833333332 21.809263333333334,81.20033833333333,81.20033833333333 21.806763333333336,81.19963166666666,81.19963166666666 21.804251666666662,81.19892333333334,81.19892333333334 21.801731666666665,81.19821666666668,81.19821666666668 21.799205,81.19750833333333,81.19750833333333 21.79667166666666,81.19680166666667,81.19680166666667 21.79413333333334,81.19609333333332,81.19609333333332 21.791588333333333,81.19538333333334,81.19538333333334 21.789040000000004,81.19467333333334,81.19467333333334 21.786488333333335,81.19396166666667,81.19396166666667 21.78393,81.19324666666667,81.19324666666667 21.78136,81.19253000000002,81.19253000000002 21.77878166666667,81.19181333333333,81.19181333333333 21.776194999999998,81.19109499999999,81.19109499999999 21.773605,81.19037499999999,81.19037499999999 21.77101,81.189655,81.189655 21.76841,81.18893333333334,81.18893333333334 21.765804999999997,81.18821,81.18821 21.763195000000003,81.18748833333333,81.18748833333333 21.760584999999995,81.18676833333333,81.18676833333333 21.757973333333332,81.18604666666666,81.18604666666666 21.755358333333334,81.18532666666668,81.18532666666668 21.752740000000003,81.18460833333333,81.18460833333333 21.750116666666667,81.18389166666665,81.18389166666665 21.747488333333333,81.18317499999999,81.18317499999999 21.744854999999998,81.18246,81.18246 21.742218333333334,81.181745,81.181745 21.739576666666668,81.18103166666667,81.18103166666667 21.736929999999997,81.18032000000001,81.18032000000001 21.73428333333333,81.17961,81.17961 21.731633333333335,81.17889833333332,81.17889833333332 21.728975,81.17819,81.17819 21.726311666666668,81.17748166666667,81.17748166666667 21.723641666666673,81.17677166666668,81.17677166666668 21.72096833333333,81.176065,81.176065 21.718293333333335,81.17535666666664,81.17535666666664 21.71560833333333,81.17465000000001,81.17465000000001 21.712905,81.17394499999999,81.17394499999999 21.710193333333333,81.17323999999999,81.17323999999999 21.707475000000002,81.172535,81.172535 21.704746666666665,81.17183,81.17183 21.702005000000003,81.17112666666667,81.17112666666667 21.69925166666667,81.17042333333333,81.17042333333333 21.69649666666667,81.16972,81.16972 21.693740000000005,81.16901666666666,81.16901666666666 21.690976666666668,81.16831499999999,81.16831499999999 21.688208333333336,81.16761333333335,81.16761333333335 21.685443333333335,81.16691333333334,81.16691333333334 21.682681666666667,81.16621166666667,81.16621166666667 21.67991833333333,81.16551333333335,81.16551333333335 21.677155000000003,81.16481333333334,81.16481333333334 21.674394999999997,81.164115,81.164115 21.67163833333333,81.16341833333333,81.16341833333333 21.668879999999998,81.16272166666667,81.16272166666667 21.66612,81.16202499999999,81.16202499999999 21.663364999999995,81.16132999999999,81.16132999999999 21.660613333333337,81.16063333333332,81.16063333333332 21.65786666666667,81.15993833333333,81.15993833333333 21.655133333333335,81.15924166666667,81.15924166666667 21.652416666666664,81.158545,81.158545 21.64971,81.15784666666666,81.15784666666666 21.647015000000007,81.15714833333334,81.15714833333334 21.64433333333333,81.15644999999999,81.15644999999999 21.641664999999996,81.15574833333335,81.15574833333335 21.639006666666663,81.15504833333334,81.15504833333334 21.636345,81.15434666666667,81.15434666666667 21.633679999999995,81.15364666666666,81.15364666666666 21.631015,81.15294833333333,81.15294833333333 21.628349999999998,81.15224833333332,81.15224833333332 21.625676666666664,81.15155,81.15155 21.62299666666667,81.15085333333334,81.15085333333334 21.620321666666673,81.150155,81.150155 21.617650000000005,81.14945666666667,81.14945666666667 21.614976666666667,81.14875833333335,81.14875833333335 21.61230166666667,81.14806166666666,81.14806166666666 21.609631666666672,81.14736333333335,81.14736333333335 21.606965,81.146665,81.146665 21.604299999999995,81.14596666666667,81.14596666666667 21.60163333333333,81.14526666666666,81.14526666666666 21.59896833333333,81.14456666666668,81.14456666666668 21.596310000000003,81.14386666666667,81.14386666666667 21.593663333333332,81.143165,81.143165 21.591025,81.14246333333335,81.14246333333335 21.588395000000002,81.14176000000002,81.14176000000002 21.58577666666667,81.14105666666666,81.14105666666666 21.583166666666664,81.14035333333332,81.14035333333332 21.580566666666662,81.13964833333333,81.13964833333333 21.577975000000002,81.13894333333333,81.13894333333333 21.575390000000002,81.13823833333333,81.13823833333333 21.572809999999997,81.13753333333334,81.13753333333334 21.570238333333332,81.13682666666668,81.13682666666668 21.567668333333337,81.13611999999999,81.13611999999999 21.565101666666667,81.13541333333333,81.13541333333333 21.562535000000004,81.13470666666667,81.13470666666667 21.559969999999996,81.134,81.134 21.55740666666666,81.13329166666668,81.13329166666668 21.55484166666667,81.13258333333333,81.13258333333333 21.552275,81.13187333333335,81.13187333333335 21.549703333333333,81.13116333333333,81.13116333333333 21.54713166666667,81.13045166666667,81.13045166666667 21.544555000000003,81.12973833333334,81.12973833333334 21.541975,81.12902333333334,81.12902333333334 21.539390000000004,81.12830666666666,81.12830666666666 21.5368,81.12759,81.12759 21.53420833333333,81.12687333333332,81.12687333333332 21.53161333333333,81.126155,81.126155 21.529016666666664,81.12543666666669,81.12543666666669 21.526415,81.12471833333333,81.12471833333333 21.523813333333337,81.124,81.124 21.521211666666666,81.12328333333333,81.12328333333333 21.51861333333333,81.122565,81.122565 21.516021666666663,81.12184666666667,81.12184666666667 21.513436666666667,81.12113,81.12113 21.510858333333335,81.12041166666667,81.12041166666667 21.508288333333333,81.119695,81.119695 21.50572833333333,81.11897666666667,81.11897666666667 21.503178333333334,81.11825999999999,81.11825999999999 21.500639999999997,81.11754166666667,81.11754166666667 21.498109999999993,81.11682499999999,81.11682499999999 21.495589999999996,81.11610666666667,81.11610666666667 21.493075,81.11538833333333,81.11538833333333 21.490563333333327,81.11466999999999,81.11466999999999 21.488048333333335,81.11395166666667,81.11395166666667 21.48552333333334,81.11323166666666,81.11323166666666 21.482981666666664,81.11251166666665,81.11251166666665 21.480425,81.11179333333334,81.11179333333334 21.47785,81.11107333333332,81.11107333333332 21.475258333333333,81.11035500000001,81.11035500000001 21.472643333333334,81.10963666666666,81.10963666666666 21.470005,81.10892000000001,81.10892000000001 21.46734166666667,81.10820333333332,81.10820333333332 21.46465333333333,81.10749000000001,81.10749000000001 21.46194,81.10677666666666,81.10677666666666 21.459198333333333,81.10606500000002,81.10606500000002 21.45643666666666,81.10535499999999,81.10535499999999 21.453659999999996,81.104645,81.104645 21.45087166666666,81.10393499999999,81.10393499999999 21.448068333333335,81.10322666666667,81.10322666666667 21.445251666666664,81.10251833333332,81.10251833333332 21.442428333333336,81.10180999999999,81.10180999999999 21.439595000000004,81.10110333333334,81.10110333333334 21.436755,81.10039833333333,81.10039833333333 21.433906666666665,81.09969333333333,81.09969333333333 21.43105333333333,81.09898833333334,81.09898833333334 21.428196666666665,81.098285,81.098285 21.42534,81.09758333333333,81.09758333333333 21.422485,81.09688333333334,81.09688333333334 21.419635000000003,81.09618499999999,81.09618499999999 21.416793333333334,81.09548666666667,81.09548666666667 21.413959999999996,81.09478833333333,81.09478833333333 21.41113833333333,81.09409000000001,81.09409000000001 21.408336666666667,81.09339166666668,81.09339166666668 21.405558333333335,81.09269166666667,81.09269166666667 21.40280833333334,81.09199166666666,81.09199166666666 21.40008666666667,81.09128833333332,81.09128833333332 21.397391666666664,81.09058499999999,81.09058499999999 21.39472,81.08987833333333,81.08987833333333 21.39207333333333,81.08917166666667,81.08917166666667 21.389445000000002,81.08846333333334,81.08846333333334 21.386831666666662,81.08775500000002,81.08775500000002 21.38423166666667,81.08704666666667,81.08704666666667 21.38164,81.08634,81.08634 21.379055,81.08563333333332,81.08563333333332 21.376471666666667,81.08492666666666,81.08492666666666 21.373893333333328,81.08422166666666,81.08422166666666 21.371318333333335,81.083515,81.083515 21.368746666666667,81.08280833333333,81.08280833333333 21.366174999999995,81.08210166666667,81.08210166666667 21.36360666666667,81.08139333333332,81.08139333333332 21.36103833333333,81.080685,81.080685 21.358475,81.07997499999999,81.07997499999999 21.355913333333334,81.079265,81.079265 21.353361666666665,81.07855333333335,81.07855333333335 21.350825000000004,81.07784000000001,81.07784000000001 21.348298333333332,81.077125,81.077125 21.345779999999998,81.07640833333333,81.07640833333333 21.343276666666668,81.07569166666667,81.07569166666667 21.340786666666666,81.07497333333333,81.07497333333333 21.338306666666668,81.07425333333335,81.07425333333335 21.335834999999996,81.07353333333334,81.07353333333334 21.33336833333334,81.07281333333334,81.07281333333334 21.33091,81.07209333333333,81.07209333333333 21.32845666666666,81.07137166666666,81.07137166666666 21.326009999999997,81.07065,81.07065 21.323565,81.06992833333332,81.06992833333332 21.321123333333333,81.06920666666666,81.06920666666666 21.318686666666668,81.068485,81.068485 21.31625,81.06776499999998,81.06776499999998 21.31381333333333,81.06704500000001,81.06704500000001 21.31137833333333,81.06632499999999,81.06632499999999 21.308943333333332,81.06560666666665,81.06560666666665 21.306508333333333,81.06488833333333,81.06488833333333 21.30407833333334,81.06417166666668,81.06417166666668 21.301651666666665,81.06345666666665,81.06345666666665 21.299233333333337,81.06274166666667,81.06274166666667 21.296820000000004,81.06202666666667,81.06202666666667 21.294401666666666,81.06131166666667,81.06131166666667 21.29198,81.06059833333335,81.06059833333335 21.289559999999998,81.05988500000001,81.05988500000001 21.287145000000002,81.05917166666667,81.05917166666667 21.28473166666667,81.05845833333332,81.05845833333332 21.28231166666667,81.05774500000001,81.05774500000001 21.27988833333333,81.05703166666667,81.05703166666667 21.277456666666662,81.05631833333335,81.05631833333335 21.275015000000003,81.05560499999999,81.05560499999999 21.272560000000002,81.05489166666666,81.05489166666666 21.270091666666666,81.05417833333333,81.05417833333333 21.26761333333333,81.05346500000002,81.05346500000002 21.265124999999998,81.05275333333334,81.05275333333334 21.262626666666666,81.05204000000002,81.05204000000002 21.260119999999997,81.05132833333334,81.05132833333334 21.257603333333336,81.05061666666667,81.05061666666667 21.255083333333328,81.04990500000001,81.04990500000001 21.25256,81.04919333333333,81.04919333333333 21.25003333333333,81.04848166666666,81.04848166666666 21.247503333333327,81.04776833333334,81.04776833333334 21.244971666666665,81.047055,81.047055 21.24243666666667,81.04634166666666,81.04634166666666 21.239898333333333,81.04562833333334,81.04562833333334 21.237355,81.044915,81.044915 21.234806666666667,81.04420166666667,81.04420166666667 21.232253333333333,81.04348833333334,81.04348833333334 21.22969333333333,81.04277333333332,81.04277333333332 21.227125,81.04206,81.04206 21.224546666666665,81.04134666666668,81.04134666666668 21.221961666666665,81.04063166666666,81.04063166666666 21.219370000000005,81.03991666666667,81.03991666666667 21.216771666666666,81.03920333333333,81.03920333333333 21.214165,81.03848833333333,81.03848833333333 21.211551666666665,81.03777333333335,81.03777333333335 21.208931666666665,81.03705833333332,81.03705833333332 21.206303333333338,81.03634333333333,81.03634333333333 21.203670000000002,81.03563,81.03563 21.20103,81.03491666666666,81.03491666666666 21.198386666666668,81.034205,81.034205 21.19573833333333,81.03349333333335,81.03349333333335 21.193089999999998,81.03278333333331,81.03278333333331 21.190448333333332,81.03207333333333,81.03207333333333 21.18781166666667,81.03136333333333,81.03136333333333 21.185176666666667,81.03065500000001,81.03065500000001 21.18254333333334,81.02994833333335,81.02994833333335 21.179913333333335,81.02924166666666,81.02924166666666 21.177286666666667,81.02853666666667,81.02853666666667 21.17466333333334,81.02783166666667,81.02783166666667 21.17204166666667,81.02712833333334,81.02712833333334 21.169423333333334,81.026425,81.026425 21.166808333333332,81.02572166666667,81.02572166666667 21.164195000000003,81.02501833333334,81.02501833333334 21.16158,81.024315,81.024315 21.158964999999995,81.02361166666667,81.02361166666667 21.15635166666667,81.02291,81.02291 21.153740000000003,81.02220666666666,81.02220666666666 21.15113666666667,81.02150166666667,81.02150166666667 21.148540000000004,81.02079833333333,81.02079833333333 21.145945,81.02009333333334,81.02009333333334 21.143353333333334,81.01939,81.01939 21.140765000000005,81.01868666666667,81.01868666666667 21.138180000000006,81.01798166666667,81.01798166666667 21.135594999999995,81.01728,81.01728 21.133011666666672,81.01657666666667,81.01657666666667 21.130430000000004,81.01587333333333,81.01587333333333 21.127851666666665,81.01517,81.01517 21.12527166666666,81.01446666666666,81.01446666666666 21.122693333333334,81.01376166666667,81.01376166666667 21.120118333333334,81.01305666666667,81.01305666666667 21.117545000000003,81.01235166666667,81.01235166666667 21.11497833333334,81.01164666666668,81.01164666666668 21.11241666666666,81.01094166666665,81.01094166666665 21.109863333333333,81.01023666666666,81.01023666666666 21.107318333333335,81.00953166666666,81.00953166666666 21.104779999999998,81.00882666666666,81.00882666666666 21.10224166666667,81.00812166666667,81.00812166666667 21.099709999999995,81.00741666666666,81.00741666666666 21.097181666666664,81.00671333333334,81.00671333333334 21.094649999999998,81.00601,81.00601 21.092118333333328,81.00530666666667,81.00530666666667 21.089588333333335,81.00460333333334,81.00460333333334 21.08706166666667,81.00390166666666,81.00390166666666 21.084525,81.00319833333333,81.00319833333333 21.08198,81.00249666666666,81.00249666666666 21.07944166666667,81.00179499999999,81.00179499999999 21.076915,81.00109166666665,81.00109166666665 21.074390000000005,81.00038833333332,81.00038833333332 21.07186166666667,80.999685,80.999685 21.06933833333333,80.99898,80.99898 21.06681833333334,80.99827499999999,80.99827499999999 21.06429833333333,80.99757,80.99757 21.061773333333335,80.996865,80.996865 21.059246666666663,80.99615833333334,80.99615833333334 21.056726666666666,80.99545166666668,80.99545166666668 21.054203333333334,80.994745,80.994745 21.051669999999994,80.99403833333334,80.99403833333334 21.049129999999995,80.99333166666668,80.99333166666668 21.046590000000002,80.99262333333333,80.99262333333333 21.044043333333335,80.99191666666667,80.99191666666667 21.041488333333337,80.99121166666667,80.99121166666667 21.038931666666667,80.990505,80.990505 21.036368333333332,80.9898,80.9898 21.033795,80.989095,80.989095 21.03121,80.98839333333333,80.98839333333333 21.028610000000004,80.98769333333333,80.98769333333333 21.025991666666663,80.986995,80.986995 21.023349999999997,80.9863,80.9863 21.02068333333333,80.98560666666667,80.98560666666667 21.017994999999996,80.98491499999999,80.98491499999999 21.015291666666666,80.98422666666667,80.98422666666667 21.01257833333333,80.98353833333334,80.98353833333334 21.009861666666666,80.98284833333334,80.98284833333334 21.007143333333335,80.98216000000001,80.98216000000001 21.00443166666666,80.98146833333334,80.98146833333334 21.001723333333334,80.98077666666666,80.98077666666666 20.99902833333333,80.98008333333335,80.98008333333335 20.996346666666668,80.97938666666667,80.97938666666667 20.99368,80.97869,80.97869 20.99102666666667,80.97798999999999,80.97798999999999 20.988394999999997,80.97728833333335,80.97728833333335 20.98578,80.97658499999999,80.97658499999999 20.983181666666663,80.97588000000002,80.97588000000002 20.980601666666665,80.97517166666667,80.97517166666667 20.978041666666662,80.97446333333333,80.97446333333333 20.97549833333333,80.97375166666669,80.97375166666669 20.972971666666663,80.97304000000001,80.97304000000001 20.97045166666667,80.97232666666667,80.97232666666667 20.96794,80.97161333333332,80.97161333333332 20.965441666666667,80.97089999999999,80.97089999999999 20.962951666666665,80.97018666666666,80.97018666666666 20.960473333333336,80.96947166666666,80.96947166666666 20.957998333333332,80.96875666666666,80.96875666666666 20.95553166666667,80.96804333333334,80.96804333333334 20.953071666666663,80.96732833333334,80.96732833333334 20.950618333333335,80.966615,80.966615 20.948169999999998,80.96589999999999,80.96589999999999 20.94571833333334,80.96518666666665,80.96518666666665 20.94326,80.964475,80.964475 20.940804999999997,80.96376166666668,80.96376166666668 20.938351666666673,80.96305000000001,80.96305000000001 20.935888333333335,80.96233833333334,80.96233833333334 20.933408333333333,80.96162833333334,80.96162833333334 20.93091666666667,80.96091833333332,80.96091833333332 20.92842,80.96021,80.96021 20.925928333333335,80.95949999999999,80.95949999999999 20.923446666666667,80.95879,80.95879 20.920983333333332,80.95807833333335,80.95807833333335 20.918535,80.95736666666667,80.95736666666667 20.916098333333338,80.95665333333334,80.95665333333334 20.91366833333333,80.95593999999998,80.95593999999998 20.91125166666667,80.95522500000001,80.95522500000001 20.90884,80.95451166666666,80.95451166666666 20.90643166666667,80.95379666666666,80.95379666666666 20.904026666666667,80.95308166666666,80.95308166666666 20.901621666666664,80.95236833333334,80.95236833333334 20.899213333333336,80.951655,80.951655 20.89680166666667,80.95094166666667,80.95094166666667 20.894385000000007,80.95023,80.95023 20.891965,80.94951833333333,80.94951833333333 20.889550000000003,80.94880666666666,80.94880666666666 20.887134999999997,80.948095,80.948095 20.88471666666667,80.94738500000001,80.94738500000001 20.88229666666667,80.94667333333334,80.94667333333334 20.87987833333333,80.94596333333332,80.94596333333332 20.877461666666665,80.94525166666668,80.94525166666668 20.87504666666667,80.94453833333333,80.94453833333333 20.87264,80.94382499999999,80.94382499999999 20.87024333333333,80.94311166666667,80.94311166666667 20.867855000000002,80.94239666666667,80.94239666666667 20.865463333333334,80.94167999999999,80.94167999999999 20.863076666666664,80.94096500000002,80.94096500000002 20.86069166666667,80.94024666666665,80.94024666666665 20.858308333333337,80.93952666666667,80.93952666666667 20.855914999999996,80.93880666666668,80.93880666666668 20.853514999999998,80.93808499999999,80.93808499999999 20.851110000000002,80.93736166666666,80.93736166666666 20.848699999999997,80.93663500000001,80.93663500000001 20.846283333333336,80.93590666666667,80.93590666666667 20.84385666666667,80.93517833333334,80.93517833333334 20.841423333333335,80.93444666666666,80.93444666666666 20.838986666666663,80.93371333333333,80.93371333333333 20.836541666666665,80.93297833333334,80.93297833333334 20.834093333333332,80.93224500000001,80.93224500000001 20.831643333333332,80.93151166666668,80.93151166666668 20.829208333333334,80.93077666666666,80.93077666666666 20.82679166666667,80.93004499999999,80.93004499999999 20.82439,80.92931166666666,80.92931166666666 20.822000000000003,80.92858166666666,80.92858166666666 20.819618333333334,80.92785333333335,80.92785333333335 20.817248333333335,80.92712666666667,80.92712666666667 20.814881666666665,80.9264,80.9264 20.81251166666667,80.92567666666667,80.92567666666667 20.810136666666665,80.92495500000001,80.92495500000001 20.807756666666666,80.92423333333333,80.92423333333333 20.805371666666666,80.92351333333333,80.92351333333333 20.802974999999996,80.922795,80.922795 20.80057,80.92207833333333,80.92207833333333 20.798163333333335,80.92136333333333,80.92136333333333 20.795753333333334,80.92064833333335,80.92064833333335 20.793338333333338,80.91993500000001,80.91993500000001 20.790923333333335,80.91922166666667,80.91922166666667 20.788508333333333,80.91851000000001,80.91851000000001 20.786093333333334,80.9178,80.9178 20.783675,80.91709000000002,80.91709000000002 20.781253333333332,80.91637999999999,80.91637999999999 20.77883166666667,80.91567166666667,80.91567166666667 20.77640833333333,80.91496166666668,80.91496166666668 20.773975,80.91425166666667,80.91425166666667 20.771533333333334,80.91354166666666,80.91354166666666 20.76908166666667,80.91283333333334,80.91283333333334 20.76662333333333,80.91212333333334,80.91212333333334 20.764153333333333,80.91141500000002,80.91141500000002 20.76167166666667,80.91070666666667,80.91070666666667 20.759179999999997,80.91000000000001,80.91000000000001 20.756674999999998,80.90929166666666,80.90929166666666 20.75416,80.90858499999999,80.90858499999999 20.751640000000002,80.90787833333334,80.90787833333334 20.749113333333334,80.90717000000001,80.90717000000001 20.746578333333332,80.90646500000001,80.90646500000001 20.744033333333334,80.90575999999999,80.90575999999999 20.741483333333335,80.90505499999999,80.90505499999999 20.738926666666668,80.90435166666666,80.90435166666666 20.736363333333337,80.90365000000001,80.90365000000001 20.733791666666665,80.90295,80.90295 20.731215000000002,80.90225166666667,80.90225166666667 20.728641666666665,80.90155333333333,80.90155333333333 20.726071666666666,80.900855,80.900855 20.72350666666667,80.90015833333335,80.90015833333335 20.720951666666664,80.89946,80.89946 20.718403333333335,80.89876333333333,80.89876333333333 20.71585833333333,80.89806499999999,80.89806499999999 20.713316666666667,80.89736833333333,80.89736833333333 20.710776666666668,80.89667166666668,80.89667166666668 20.70824,80.89597333333333,80.89597333333333 20.70570833333333,80.895275,80.895275 20.703178333333334,80.89457666666668,80.89457666666668 20.700655,80.89387499999998,80.89387499999998 20.698138333333336,80.89317333333334,80.89317333333334 20.69562666666667,80.89246833333334,80.89246833333334 20.693125,80.89175999999999,80.89175999999999 20.69063,80.89105166666667,80.89105166666667 20.68814166666667,80.89034000000001,80.89034000000001 20.685658333333333,80.88962833333333,80.88962833333333 20.683181666666666,80.888915,80.888915 20.680711666666667,80.88819833333335,80.88819833333335 20.678246666666666,80.88748333333332,80.88748333333332 20.675784999999998,80.88676500000001,80.88676500000001 20.673323333333336,80.88604666666666,80.88604666666666 20.670866666666665,80.88532666666666,80.88532666666666 20.668409999999994,80.884605,80.884605 20.665948333333333,80.88388333333334,80.88388333333334 20.663476666666664,80.88316166666668,80.88316166666668 20.661003333333337,80.88243666666668,80.88243666666668 20.65852666666667,80.88171333333332,80.88171333333332 20.656048333333334,80.88098666666667,80.88098666666667 20.653566666666663,80.88026166666668,80.88026166666668 20.651081666666666,80.879535,80.879535 20.648593333333334,80.87880666666666,80.87880666666666 20.6461,80.87808,80.87808 20.64360333333333,80.87735333333332,80.87735333333332 20.64110666666667,80.87662666666667,80.87662666666667 20.63860833333333,80.87589833333332,80.87589833333332 20.63611,80.87517333333334,80.87517333333334 20.633609999999997,80.87444666666667,80.87444666666667 20.631106666666668,80.87372166666668,80.87372166666668 20.6286,80.87299833333333,80.87299833333333 20.626088333333332,80.87227333333334,80.87227333333334 20.623575000000002,80.87155,80.87155 20.62105,80.87082833333334,80.87082833333334 20.618515000000002,80.87010666666667,80.87010666666667 20.615971666666663,80.869385,80.869385 20.613419999999998,80.86866333333333,80.86866333333333 20.610860000000002,80.86794166666667,80.86794166666667 20.60829166666667,80.86721833333333,80.86721833333333 20.60571666666667,80.86649666666666,80.86649666666666 20.603135,80.86577333333334,80.86577333333334 20.600548333333332,80.86505,80.86505 20.597955,80.86432499999998,80.86432499999998 20.595360000000003,80.86360166666668,80.86360166666668 20.592763333333338,80.86287666666666,80.86287666666666 20.590163333333333,80.86215166666666,80.86215166666666 20.587563333333332,80.86142666666667,80.86142666666667 20.58496166666667,80.86070166666666,80.86070166666666 20.58236166666667,80.85997666666667,80.85997666666667 20.579761666666663,80.85925166666667,80.85925166666667 20.577161666666665,80.85852499999999,80.85852499999999 20.574563333333334,80.8578,80.8578 20.571963333333336,80.85707500000001,80.85707500000001 20.569361666666666,80.85635,80.85635 20.566755,80.85562666666665,80.85562666666665 20.564145,80.85490333333335,80.85490333333335 20.56153166666667,80.85418,80.85418 20.55891,80.85345666666666,80.85345666666666 20.556281666666667,80.852735,80.852735 20.55364666666667,80.85201333333333,80.85201333333333 20.551008333333336,80.85129166666668,80.85129166666668 20.548371666666664,80.85056833333333,80.85056833333333 20.54573666666667,80.84984666666666,80.84984666666666 20.543101666666665,80.84912333333332,80.84912333333332 20.54047,80.84840166666666,80.84840166666666 20.537846666666663,80.84767833333333,80.84767833333333 20.53523166666667,80.846955,80.846955 20.532623333333333,80.84623166666667,80.84623166666667 20.53002,80.84550666666668,80.84550666666668 20.527423333333335,80.84478166666666,80.84478166666666 20.524838333333335,80.84405666666666,80.84405666666666 20.52225833333333,80.84333000000001,80.84333000000001 20.519686666666665,80.84260333333333,80.84260333333333 20.517123333333334,80.84187666666668,80.84187666666668 20.514573333333335,80.84114833333334,80.84114833333334 20.512040000000002,80.84041833333335,80.84041833333335 20.509525,80.83968666666667,80.83968666666667 20.507025,80.83895333333334,80.83895333333334 20.504543333333334,80.83821666666665,80.83821666666665 20.502078333333333,80.83748,80.83748 20.49962833333333,80.83673999999999,80.83673999999999 20.497196666666664,80.83599833333334,80.83599833333334 20.494778333333333,80.835255,80.835255 20.492368333333328,80.83451166666667,80.83451166666667 20.489958333333334,80.83376666666666,80.83376666666666 20.48754833333333,80.83302,80.83302 20.485138333333335,80.832275,80.832275 20.48273166666667,80.83152833333334,80.83152833333334 20.480321666666665,80.83078333333333,80.83078333333333 20.47790666666667,80.83003666666667,80.83003666666667 20.47549,80.82929166666666,80.82929166666666 20.47307,80.82854833333333,80.82854833333333 20.470648333333337,80.82780500000001,80.82780500000001 20.46822333333333,80.82706166666668,80.82706166666668 20.465795,80.82631833333333,80.82631833333333 20.463366666666662,80.82557666666666,80.82557666666666 20.460935000000003,80.82483333333333,80.82483333333333 20.458503333333333,80.82409166666667,80.82409166666667 20.456068333333334,80.82334833333331,80.82334833333331 20.45363166666667,80.82260666666666,80.82260666666666 20.451196666666664,80.82186333333335,80.82186333333335 20.448761666666666,80.82112,80.82112 20.446328333333337,80.82037833333334,80.82037833333334 20.4439,80.81963333333334,80.81963333333334 20.441478333333336,80.81888833333333,80.81888833333333 20.439063333333333,80.81814333333334,80.81814333333334 20.436655000000002,80.81739666666667,80.81739666666667 20.434253333333334,80.81664833333332,80.81664833333332 20.43185666666667,80.81589999999998,80.81589999999998 20.42946166666667,80.81514999999999,80.81514999999999 20.42706666666667,80.81439999999998,80.81439999999998 20.424669999999995,80.81364833333335,80.81364833333335 20.422275,80.81289666666666,80.81289666666666 20.419878333333337,80.81214499999999,80.81214499999999 20.41747833333333,80.81139333333333,80.81139333333333 20.41507,80.81064166666667,80.81064166666667 20.412651666666665,80.80989,80.80989 20.410224999999997,80.80914,80.80914 20.40779,80.80839,80.80839 20.405348333333333,80.80763999999999,80.80763999999999 20.40290166666667,80.80689166666666,80.80689166666666 20.400444999999998,80.80614333333332,80.80614333333332 20.39798333333333,80.805395,80.805395 20.39551666666667,80.80464833333333,80.80464833333333 20.393053333333338,80.80390000000001,80.80390000000001 20.390583333333332,80.80315166666665,80.80315166666665 20.388101666666667,80.80240333333333,80.80240333333333 20.385613333333332,80.80165333333333,80.80165333333333 20.383121666666668,80.800905,80.800905 20.38062,80.80015666666665,80.80015666666665 20.378106666666664,80.79940666666666,80.79940666666666 20.375585,80.79865833333334,80.79865833333334 20.373056666666667,80.79791,80.79791 20.37052,80.79716166666667,80.79716166666667 20.367973333333335,80.79641499999998,80.79641499999998 20.365419999999997,80.79567,80.79567 20.362863333333337,80.794925,80.794925 20.360303333333334,80.79418166666666,80.79418166666666 20.35774,80.79343833333336,80.79343833333336 20.355175,80.79269666666666,80.79269666666666 20.352610000000002,80.791955,80.791955 20.35004,80.791215,80.791215 20.347466666666662,80.79047666666668,80.79047666666668 20.344895,80.78973833333333,80.78973833333333 20.342328333333334,80.789,80.789 20.339758333333336,80.78826333333335,80.78826333333335 20.337183333333336,80.78752833333333,80.78752833333333 20.334608333333335,80.78679166666667,80.78679166666667 20.332036666666664,80.78605499999999,80.78605499999999 20.329465000000003,80.78531833333334,80.78531833333334 20.326888333333333,80.78458,80.78458 20.324306666666665,80.78384166666666,80.78384166666666 20.321721666666665,80.78310333333334,80.78310333333334 20.319131666666667,80.78236333333332,80.78236333333332 20.316535,80.78162333333334,80.78162333333334 20.313935,80.78088333333334,80.78088333333334 20.311333333333337,80.78014333333333,80.78014333333333 20.308731666666667,80.779405,80.779405 20.30613,80.77866499999999,80.77866499999999 20.303526666666667,80.77792666666664,80.77792666666664 20.300928333333335,80.77718833333333,80.77718833333333 20.29833,80.77645000000001,80.77645000000001 20.295731666666665,80.77571333333334,80.77571333333334 20.293135,80.77497833333335,80.77497833333335 20.290539999999996,80.77424333333333,80.77424333333333 20.287948333333336,80.77350833333334,80.77350833333334 20.285361666666663,80.77277333333332,80.77277333333332 20.282779999999995,80.77203999999999,80.77203999999999 20.280201666666667,80.771305,80.771305 20.277625000000004,80.77057166666667,80.77057166666667 20.275048333333334,80.76983666666666,80.76983666666666 20.272475000000004,80.76910166666667,80.76910166666667 20.269900000000003,80.76836666666668,80.76836666666668 20.26732666666667,80.76763166666666,80.76763166666666 20.264751666666665,80.76689666666667,80.76689666666667 20.26217833333333,80.76616000000001,80.76616000000001 20.25960333333333,80.76542166666667,80.76542166666667 20.25702,80.764685,80.764685 20.254431666666665,80.76394666666668,80.76394666666668 20.251841666666667,80.76320833333331,80.76320833333331 20.249245,80.76247,80.76247 20.24664166666667,80.76173166666668,80.76173166666668 20.24403333333333,80.76099333333335,80.76099333333335 20.241421666666668,80.76025333333334,80.76025333333334 20.238803333333333,80.759515,80.759515 20.23618166666667,80.75877666666666,80.75877666666666 20.233555000000003,80.75803833333332,80.75803833333332 20.23092666666667,80.7573,80.7573 20.2283,80.75656333333332,80.75656333333332 20.225673333333337,80.755825,80.755825 20.223045,80.75508833333333,80.75508833333333 20.22042,80.75435000000002,80.75435000000002 20.217803333333332,80.75361166666667,80.75361166666667 20.215191666666666,80.75287166666666,80.75287166666666 20.212581666666665,80.75213333333333,80.75213333333333 20.20997666666667,80.75139500000002,80.75139500000002 20.207380000000004,80.75065500000001,80.75065500000001 20.20478833333333,80.749915,80.749915 20.20220166666667,80.74917500000001,80.74917500000001 20.199621666666665,80.748435,80.748435 20.19705166666667,80.747695,80.747695 20.194491666666668,80.74695333333334,80.74695333333334 20.19195,80.74621166666667,80.74621166666667 20.189423333333334,80.74546833333333,80.74546833333333 20.186909999999997,80.74472333333333,80.74472333333333 20.18441,80.74397833333333,80.74397833333333 20.18193,80.74323166666666,80.74323166666666 20.179470000000002,80.74248333333334,80.74248333333334 20.177024999999997,80.741735,80.741735 20.17459833333333,80.74098500000001,80.74098500000001 20.17219,80.74023333333334,80.74023333333334 20.169800000000002,80.73948166666668,80.73948166666668 20.167426666666664,80.73872666666666,80.73872666666666 20.16507,80.73797166666668,80.73797166666668 20.16272833333333,80.737215,80.737215 20.160401666666665,80.73645833333333,80.73645833333333 20.158086666666666,80.73569833333333,80.73569833333333 20.155783333333332,80.73493666666667,80.73493666666667 20.153489999999998,80.73417500000001,80.73417500000001 20.15120333333333,80.73341166666668,80.73341166666668 20.148913333333336,80.73264833333333,80.73264833333333 20.146609999999995,80.73188666666667,80.73188666666667 20.144289999999998,80.731125,80.731125 20.141948333333335,80.73036333333332,80.73036333333332 20.139591666666668,80.72960333333334,80.72960333333334 20.137228333333333,80.728845,80.728845 20.134861666666666,80.72808499999998,80.72808499999998 20.132491666666663,80.72732666666667,80.72732666666667 20.130116666666666,80.72656666666667,80.72656666666667 20.127739999999996,80.72580833333333,80.72580833333333 20.125363333333333,80.72505166666666,80.72505166666666 20.122981666666664,80.72429333333332,80.72429333333332 20.12059833333333,80.72353666666667,80.72353666666667 20.118211666666664,80.72278166666666,80.72278166666666 20.11582333333333,80.72202666666666,80.72202666666666 20.113435,80.72127166666668,80.72127166666668 20.11104333333333,80.72051833333333,80.72051833333333 20.108653333333333,80.71976500000001,80.71976500000001 20.106261666666665,80.71901166666666,80.71901166666666 20.103863333333337,80.71825833333332,80.71825833333332 20.10146333333333,80.71750666666667,80.71750666666667 20.099063333333334,80.71675333333332,80.71675333333332 20.09666,80.71599833333333,80.71599833333333 20.094254999999997,80.715245,80.715245 20.091845,80.71448999999998,80.71448999999998 20.089429999999997,80.71373666666666,80.71373666666666 20.087008333333333,80.71298166666668,80.71298166666668 20.084581666666665,80.71222833333333,80.71222833333333 20.082148333333336,80.711475,80.711475 20.079710000000002,80.71072166666667,80.71072166666667 20.077266666666667,80.70996833333335,80.70996833333335 20.074818333333333,80.70921666666666,80.70921666666666 20.072363333333332,80.70846333333333,80.70846333333333 20.06989833333333,80.70771333333333,80.70771333333333 20.067428333333332,80.70696166666667,80.70696166666667 20.064953333333335,80.70621166666666,80.70621166666666 20.06247,80.70546166666666,80.70546166666666 20.05997833333333,80.70471166666667,80.70471166666667 20.057478333333332,80.70396333333332,80.70396333333332 20.05496833333333,80.70321333333332,80.70321333333332 20.05244666666667,80.70246333333333,80.70246333333333 20.049915,80.70171333333332,80.70171333333332 20.047365,80.70096333333332,80.70096333333332 20.04479833333333,80.70021166666668,80.70021166666668 20.042220000000004,80.69945999999999,80.69945999999999 20.03963,80.69870833333333,80.69870833333333 20.037031666666667,80.69795333333334,80.69795333333334 20.034436666666668,80.69719833333333,80.69719833333333 20.031843333333335,80.69644166666667,80.69644166666667 20.029245,80.695685,80.695685 20.026645,80.69492666666666,80.69492666666666 20.024046666666663,80.69416833333332,80.69416833333332 20.021451666666668,80.69340999999999,80.69340999999999 20.018853333333333,80.69265166666668,80.69265166666668 20.016255,80.691895,80.691895 20.013663333333334,80.69113666666667,80.69113666666667 20.011079999999996,80.69038000000002,80.69038000000002 20.008501666666668,80.68962333333334,80.68962333333334 20.005930000000003,80.68886833333333,80.68886833333333 20.00336833333333,80.68811333333333,80.68811333333333 20.000811666666667,80.68736000000001,80.68736000000001 19.998261666666664,80.68660833333333,80.68660833333333 19.995714999999997,80.68585666666667,80.68585666666667 19.993175000000004,80.68510666666666,80.68510666666666 19.990641666666665,80.68435666666666,80.68435666666666 19.988115,80.68360833333332,80.68360833333332 19.985599999999998,80.68286,80.68286 19.983091666666667,80.68211166666667,80.68211166666667 19.98058833333333,80.68136166666666,80.68136166666666 19.978090000000005,80.68061333333333,80.68061333333333 19.975600000000004,80.67986166666667,80.67986166666667 19.97311666666667,80.67911,80.67911 19.970638333333333,80.67835666666667,80.67835666666667 19.968165,80.67760333333335,80.67760333333335 19.965696666666666,80.67684833333334,80.67684833333334 19.96323,80.67609166666666,80.67609166666666 19.960765,80.67533333333334,80.67533333333334 19.958305,80.674575,80.674575 19.955841666666668,80.67381833333333,80.67381833333333 19.95337,80.67305999999999,80.67305999999999 19.950886666666666,80.67230333333335,80.67230333333335 19.948396666666664,80.67154833333333,80.67154833333333 19.945899999999995,80.67079333333332,80.67079333333332 19.943398333333334,80.67004,80.67004 19.940890000000003,80.66928666666666,80.66928666666666 19.938376666666667,80.668535,80.668535 19.935858333333332,80.66778500000001,80.66778500000001 19.93333833333333,80.667035,80.667035 19.93082166666667,80.666285,80.666285 19.928303333333336,80.665535,80.665535 19.925785,80.664785,80.664785 19.923268333333336,80.664035,80.664035 19.920748333333332,80.663285,80.663285 19.918225,80.66253333333333,80.66253333333333 19.9157,80.66178166666667,80.66178166666667 19.91316833333333,80.66103000000001,80.66103000000001 19.91062833333333,80.66027666666668,80.66027666666668 19.908085000000003,80.65952333333333,80.65952333333333 19.90554,80.65876833333334,80.65876833333334 19.90299166666667,80.65801166666667,80.65801166666667 19.900435,80.65725666666668,80.65725666666668 19.897871666666667,80.65650000000001,80.65650000000001 19.895303333333334,80.65574166666667,80.65574166666667 19.89272833333333,80.654985,80.654985 19.89014333333333,80.65422833333334,80.65422833333334 19.887548333333335,80.65347333333335,80.65347333333335 19.88495,80.65271833333334,80.65271833333334 19.88235,80.65196333333333,80.65196333333333 19.879743333333334,80.65120833333334,80.65120833333334 19.877131666666664,80.650455,80.650455 19.87452,80.64970333333335,80.64970333333335 19.871908333333334,80.64895,80.64895 19.869295,80.6482,80.6482 19.86668166666667,80.64744833333333,80.64744833333333 19.864075,80.64669833333333,80.64669833333333 19.861478333333334,80.64595,80.64595 19.85888333333333,80.64520000000002,80.64520000000002 19.85629833333333,80.64445166666665,80.64445166666665 19.853718333333333,80.64370333333333,80.64370333333333 19.851143333333333,80.642955,80.642955 19.84857333333333,80.64220666666667,80.64220666666667 19.846008333333337,80.64145833333335,80.64145833333335 19.843446666666665,80.64071000000001,80.64071000000001 19.840888333333332,80.63996166666666,80.63996166666666 19.838331666666665,80.63921333333333,80.63921333333333 19.835776666666668,80.638465,80.638465 19.833225000000002,80.63771499999999,80.63771499999999 19.830676666666665,80.63696499999999,80.63696499999999 19.82812833333333,80.63621333333334,80.63621333333334 19.82558,80.63546166666666,80.63546166666666 19.82303166666667,80.63470833333334,80.63470833333334 19.820483333333335,80.63395333333332,80.63395333333332 19.817935,80.63319666666668,80.63319666666668 19.81538833333333,80.63244,80.63244 19.812843333333333,80.63168,80.63168 19.810303333333334,80.63092166666667,80.63092166666667 19.807761666666664,80.63016,80.63016 19.805223333333334,80.62939833333334,80.62939833333334 19.802685,80.62863666666668,80.62863666666668 19.800148333333333,80.62787333333335,80.62787333333335 19.797610000000002,80.62711,80.62711 19.79507166666667,80.62634500000001,80.62634500000001 19.79253333333333,80.62558,80.62558 19.789998333333333,80.624815,80.624815 19.78746333333334,80.62405000000001,80.62405000000001 19.78493166666667,80.62328333333333,80.62328333333333 19.782403333333335,80.62251499999999,80.62251499999999 19.779885,80.62174833333333,80.62174833333333 19.777371666666664,80.62097833333335,80.62097833333335 19.774865,80.62020999999999,80.62020999999999 19.772363333333335,80.61944166666667,80.61944166666667 19.769873333333333,80.61867166666666,80.61867166666666 19.76739166666667,80.61790333333335,80.61790333333335 19.764916666666668,80.617135,80.617135 19.76245166666667,80.61636666666668,80.61636666666668 19.759998333333332,80.61559833333334,80.61559833333334 19.757554999999996,80.61483166666666,80.61483166666666 19.755116666666666,80.614065,80.614065 19.752689999999998,80.61329666666668,80.61329666666668 19.750280000000004,80.61253,80.61253 19.747881666666668,80.61176166666667,80.61176166666667 19.745491666666666,80.61099166666668,80.61099166666668 19.743113333333334,80.61022333333334,80.61022333333334 19.74074666666667,80.60945333333333,80.60945333333333 19.738390000000003,80.60868166666668,80.60868166666668 19.73604333333333,80.60791166666665,80.60791166666665 19.733706666666667,80.60714,80.60714 19.73138166666667,80.60636666666664,80.60636666666664 19.729063333333333,80.605595,80.605595 19.726753333333335,80.60482333333333,80.60482333333333 19.72445166666667,80.60405,80.60405 19.72216,80.60327666666666,80.60327666666666 19.719873333333332,80.60250166666667,80.60250166666667 19.717593333333333,80.60172833333333,80.60172833333333 19.715320000000002,80.60095333333334,80.60095333333334 19.713053333333338,80.60017833333333,80.60017833333333 19.710793333333335,80.59940166666667,80.59940166666667 19.708535,80.59862333333332,80.59862333333332 19.706263333333332,80.59784666666665,80.59784666666665 19.703978333333335,80.59706666666666,80.59706666666666 19.70168,80.59628833333332,80.59628833333332 19.69936166666667,80.59550999999999,80.59550999999999 19.69702333333333,80.59473,80.59473 19.694668333333333,80.59395166666665,80.59395166666665 19.692296666666667,80.59317166666666,80.59317166666666 19.68990666666667,80.59239333333333,80.59239333333333 19.687496666666664,80.59161666666668,80.59161666666668 19.685069999999996,80.59083999999999,80.59083999999999 19.682626666666668,80.590065,80.590065 19.680165,80.58929166666668,80.58929166666668 19.677686666666666,80.58851999999999,80.58851999999999 19.675196666666668,80.58774833333334,80.58774833333334 19.672705,80.58697833333333,80.58697833333333 19.670209999999997,80.58621,80.58621 19.667708333333337,80.58544166666667,80.58544166666667 19.665205,80.58467499999999,80.58467499999999 19.662705,80.58391,80.58391 19.6602,80.58314499999999,80.58314499999999 19.657690000000002,80.58238,80.58238 19.655181666666664,80.58161666666666,80.58161666666666 19.652673333333336,80.58085166666667,80.58085166666667 19.65016,80.58009000000001,80.58009000000001 19.647641666666665,80.57932833333332,80.57932833333332 19.645125,80.578565,80.578565 19.642606666666666,80.57780333333334,80.57780333333334 19.640085,80.57704333333334,80.57704333333334 19.637556666666665,80.57628166666667,80.57628166666667 19.635025000000002,80.57552166666665,80.57552166666665 19.632486666666665,80.57476166666667,80.57476166666667 19.629943333333333,80.57400166666667,80.57400166666667 19.627391666666668,80.57324333333334,80.57324333333334 19.624838333333333,80.57248333333334,80.57248333333334 19.622281666666666,80.571725,80.571725 19.619723333333333,80.57096666666666,80.57096666666666 19.617163333333338,80.57020833333333,80.57020833333333 19.614608333333333,80.56944833333333,80.56944833333333 19.612055000000005,80.56868999999999,80.56868999999999 19.60951,80.56792999999999,80.56792999999999 19.60696666666666,80.56717166666668,80.56717166666668 19.604423333333333,80.56641166666668,80.56641166666668 19.601883333333333,80.56565333333334,80.56565333333334 19.59934666666667,80.564895,80.564895 19.596811666666667,80.56413666666667,80.56413666666667 19.594275,80.56337833333333,80.56337833333333 19.591738333333335,80.56262,80.56262 19.589201666666668,80.56186166666666,80.56186166666666 19.586663333333338,80.561105,80.561105 19.58412333333333,80.56034666666666,80.56034666666666 19.581585,80.55958833333335,80.55958833333335 19.57905,80.55882833333332,80.55882833333332 19.576516666666667,80.55806833333332,80.55806833333332 19.573981666666665,80.55730833333332,80.55730833333332 19.571448333333333,80.55654666666666,80.55654666666666 19.568921666666665,80.55578333333332,80.55578333333332 19.566395,80.55501833333334,80.55501833333334 19.563871666666664,80.55425333333332,80.55425333333332 19.561345,80.55348666666667,80.55348666666667 19.558813333333337,80.55272166666666,80.55272166666666 19.556286666666665,80.55195333333333,80.55195333333333 19.55377,80.55118500000002,80.55118500000002 19.551253333333335,80.55041666666665,80.55041666666665 19.548736666666667,80.54965,80.54965 19.54623,80.54888333333334,80.54888333333334 19.543726666666664,80.54811666666666,80.54811666666666 19.541225,80.54735166666667,80.54735166666667 19.538723333333333,80.54659000000001,80.54659000000001 19.536226666666668,80.54582833333335,80.54582833333335 19.533735,80.54506833333332,80.54506833333332 19.531253333333332,80.54430999999998,80.54430999999998 19.52879,80.54355166666664,80.54355166666664 19.526345,80.54279333333334,80.54279333333334 19.523913333333333,80.54203333333334,80.54203333333334 19.521494999999998,80.541275,80.541275 19.51909166666667,80.540515,80.540515 19.516701666666666,80.53975333333334,80.53975333333334 19.51432666666667,80.53898999999998,80.53898999999998 19.511961666666664,80.53822666666666,80.53822666666666 19.509604999999997,80.53746,80.53746 19.507256666666667,80.53669333333335,80.53669333333335 19.504913333333334,80.535925,80.535925 19.50257666666667,80.535155,80.535155 19.500246666666666,80.53438333333332,80.53438333333332 19.497925,80.53361166666666,80.53361166666666 19.495608333333333,80.53284000000001,80.53284000000001 19.49330333333333,80.53206833333334,80.53206833333334 19.491003333333335,80.531295,80.531295 19.488705000000003,80.53052166666667,80.53052166666667 19.486405,80.52974999999999,80.52974999999999 19.484103333333337,80.52897833333333,80.52897833333333 19.481796666666668,80.528205,80.528205 19.479486666666666,80.52743500000001,80.52743500000001 19.477171666666667,80.52666333333332,80.52666333333332 19.474853333333332,80.52589166666667,80.52589166666667 19.472526666666663,80.52512,80.52512 19.47018166666667,80.52434833333334,80.52434833333334 19.467818333333334,80.52357833333335,80.52357833333335 19.465438333333335,80.52281,80.52281 19.463041666666665,80.52204,80.52204 19.460631666666664,80.52127166666668,80.52127166666668 19.45821166666667,80.52050333333334,80.52050333333334 19.45578,80.519735,80.519735 19.45333833333333,80.51896666666667,80.51896666666667 19.450888333333335,80.5182,80.5182 19.448430000000002,80.51743333333334,80.51743333333334 19.445963333333335,80.51666666666667,80.51666666666667 19.443489999999997,80.51590166666666,80.51590166666666 19.441011666666668,80.51513666666668,80.51513666666668 19.438526666666668,80.51437333333332,80.51437333333332 19.436038333333332,80.51361,80.51361 19.43354833333333,80.51285,80.51285 19.431056666666667,80.51208833333334,80.51208833333334 19.428559999999997,80.51132833333334,80.51132833333334 19.426061666666666,80.51057,80.51057 19.423563333333334,80.50981333333335,80.50981333333335 19.421066666666665,80.50905500000002,80.50905500000002 19.418571666666665,80.50829666666668,80.50829666666668 19.416075000000003,80.50754,80.50754 19.413570000000004,80.50678333333333,80.50678333333333 19.411054999999998,80.50602833333333,80.50602833333333 19.408530000000003,80.50527499999998,80.50527499999998 19.406000000000002,80.50452,80.50452 19.403468333333333,80.50376666666665,80.50376666666665 19.400933333333338,80.50301333333333,80.50301333333333 19.39840333333333,80.50225999999999,80.50225999999999 19.395873333333334,80.50150500000001,80.50150500000001 19.393341666666664,80.50075166666669,80.50075166666669 19.390815,80.49999833333334,80.49999833333334 19.388295000000003,80.49924333333334,80.49924333333334 19.38577833333333,80.49848833333333,80.49848833333333 19.383264999999994,80.49773333333331,80.49773333333331 19.380760000000002,80.49697666666667,80.49697666666667 19.37826,80.49622166666666,80.49622166666666 19.375765,80.49546500000001,80.49546500000001 19.373275,80.49470833333334,80.49470833333334 19.370794999999998,80.49395166666666,80.49395166666666 19.368325000000002,80.493195,80.493195 19.365860000000005,80.49243833333333,80.49243833333333 19.363401666666665,80.49168333333334,80.49168333333334 19.360951666666665,80.49092666666667,80.49092666666667 19.358508333333337,80.49016833333333,80.49016833333333 19.35606666666667,80.48941166666668,80.48941166666668 19.353626666666667,80.48865500000001,80.48865500000001 19.35119166666667,80.48789833333333,80.48789833333333 19.34875666666667,80.48714166666667,80.48714166666667 19.346323333333334,80.486385,80.486385 19.34389,80.48562666666666,80.48562666666666 19.341453333333337,80.48486999999999,80.48486999999999 19.339021666666667,80.48411166666665,80.48411166666665 19.336603333333336,80.48335333333331,80.48335333333331 19.334199999999996,80.48259333333334,80.48259333333334 19.33181,80.48183166666665,80.48183166666665 19.329428333333333,80.48107166666668,80.48107166666668 19.32705833333333,80.48030833333333,80.48030833333333 19.324696666666668,80.47954666666666,80.47954666666666 19.32234,80.47878333333333,80.47878333333333 19.319983333333333,80.47802166666666,80.47802166666666 19.317630000000005,80.47725833333334,80.47725833333334 19.315278333333335,80.47649666666668,80.47649666666668 19.31292833333333,80.47573666666668,80.47573666666668 19.310579999999998,80.47497499999999,80.47497499999999 19.30823333333333,80.47421500000002,80.47421500000002 19.305889999999998,80.47345499999999,80.47345499999999 19.30354833333333,80.47269500000002,80.47269500000002 19.30120666666667,80.47193500000002,80.47193500000002 19.29886666666667,80.47117499999999,80.47117499999999 19.296525,80.47041500000002,80.47041500000002 19.294185000000002,80.46965499999999,80.46965499999999 19.29185,80.46889333333333,80.46889333333333 19.289516666666668,80.46813166666666,80.46813166666666 19.28719,80.46736833333331,80.46736833333331 19.28486666666667,80.46660333333332,80.46660333333332 19.282548333333335,80.46583833333334,80.46583833333334 19.280226666666668,80.46507333333334,80.46507333333334 19.27791,80.46430833333335,80.46430833333335 19.275595,80.46354166666667,80.46354166666667 19.273285,80.46277666666666,80.46277666666666 19.27097333333333,80.46201166666667,80.46201166666667 19.268665,80.461245,80.461245 19.266366666666666,80.46048000000002,80.46048000000002 19.26407,80.459715,80.459715 19.261779999999998,80.45895000000002,80.45895000000002 19.25949833333333,80.458185,80.458185 19.25722,80.45741833333334,80.45741833333334 19.254936666666666,80.45665166666666,80.45665166666666 19.252656666666667,80.45588500000001,80.45588500000001 19.250383333333335,80.45511666666667,80.45511666666667 19.248111666666667,80.45434666666668,80.45434666666668 19.245836666666666,80.45357833333334,80.45357833333334 19.243561666666665,80.45280833333332,80.45280833333332 19.241283333333335,80.45204000000001,80.45204000000001 19.23899666666667,80.45127166666667,80.45127166666667 19.236701666666665,80.45050333333333,80.45050333333333 19.2344,80.44973666666667,80.44973666666667 19.232095,80.44896999999999,80.44896999999999 19.229791666666664,80.44820333333334,80.44820333333334 19.227484999999998,80.44743666666666,80.44743666666666 19.22517333333333,80.44667166666666,80.44667166666666 19.222861666666667,80.44590666666667,80.44590666666667 19.22055,80.44514000000002,80.44514000000002 19.21823666666667,80.44437500000001,80.44437500000001 19.21591833333333,80.44360999999999,80.44360999999999 19.213601666666666,80.442845,80.442845 19.211288333333332,80.44208,80.44208 19.208973333333333,80.44131500000002,80.44131500000002 19.206654999999998,80.44054833333334,80.44054833333334 19.204335,80.43978333333332,80.43978333333332 19.202013333333333,80.43901833333332,80.43901833333332 19.199681666666667,80.43825333333334,80.43825333333334 19.197340000000004,80.43748833333335,80.43748833333335 19.194994999999995,80.436725,80.436725 19.192646666666665,80.43595999999998,80.43595999999998 19.190291666666667,80.43519666666666,80.43519666666666 19.187933333333337,80.43443166666665,80.43443166666665 19.185579999999998,80.43366833333333,80.43366833333333 19.183231666666668,80.43290333333334,80.43290333333334 19.180883333333338,80.43213666666666,80.43213666666666 19.17853333333333,80.43137166666668,80.43137166666668 19.17618333333333,80.43060666666666,80.43060666666666 19.173836666666666,80.42984,80.42984 19.17148833333333,80.42907500000001,80.42907500000001 19.169135,80.42831,80.42831 19.16678,80.42754666666667,80.42754666666667 19.164423333333332,80.42678166666666,80.42678166666666 19.162065,80.42601833333333,80.42601833333333 19.15970666666667,80.42525333333333,80.42525333333333 19.15734833333333,80.42449,80.42449 19.154993333333334,80.42372666666668,80.42372666666668 19.15264,80.42296500000002,80.42296500000002 19.150290000000002,80.42220333333333,80.42220333333333 19.147943333333334,80.42144333333333,80.42144333333333 19.1456,80.42068499999999,80.42068499999999 19.143259999999998,80.41992666666668,80.41992666666668 19.140928333333335,80.41916833333335,80.41916833333335 19.138605,80.41841000000001,80.41841000000001 19.13628333333333,80.41765333333333,80.41765333333333 19.133963333333334,80.41689666666666,80.41689666666666 19.131649999999997,80.41613833333334,80.41613833333334 19.129335,80.41538,80.41538 19.12702,80.41462,80.41462 19.12470333333333,80.41386,80.41386 19.122383333333335,80.41309666666666,80.41309666666666 19.12005666666667,80.412335,80.412335 19.117721666666668,80.41157166666667,80.41157166666667 19.115378333333336,80.41080833333335,80.41080833333335 19.113023333333338,80.410045,80.410045 19.110660000000003,80.40928166666664,80.40928166666664 19.10829,80.40852000000001,80.40852000000001 19.105915000000003,80.40775833333335,80.40775833333335 19.103535,80.40699666666666,80.40699666666666 19.10115,80.40623666666666,80.40623666666666 19.098763333333334,80.40547666666666,80.40547666666666 19.096373333333332,80.40471833333332,80.40471833333332 19.093978333333336,80.40396000000001,80.40396000000001 19.091581666666666,80.40320333333334,80.40320333333334 19.089178333333333,80.40244833333333,80.40244833333333 19.086771666666667,80.401695,80.401695 19.084358333333334,80.40094166666667,80.40094166666667 19.081933333333335,80.40019000000001,80.40019000000001 19.079501666666665,80.39943833333335,80.39943833333335 19.07706166666667,80.39868833333334,80.39868833333334 19.074611666666666,80.39793833333334,80.39793833333334 19.072148333333335,80.39719000000001,80.39719000000001 19.069679999999998,80.39644166666666,80.39644166666666 19.06721,80.39569333333333,80.39569333333333 19.064733333333333,80.394945,80.394945 19.062258333333336,80.39419333333332,80.39419333333332 19.05979,80.39344166666666,80.39344166666666 19.05732166666667,80.39268833333334,80.39268833333334 19.054846666666666,80.39193333333333,80.39193333333333 19.052373333333335,80.39117999999999,80.39117999999999 19.049905,80.39042333333335,80.39042333333335 19.047441666666668,80.38966833333333,80.38966833333333 19.044983333333334,80.38891166666669,80.38891166666669 19.042529999999996,80.38815666666667,80.38815666666667 19.04008166666667,80.3874,80.3874 19.037639999999996,80.38664333333332,80.38664333333332 19.03520166666667,80.38588666666666,80.38588666666666 19.032766666666664,80.38513166666665,80.38513166666665 19.030328333333333,80.38437666666667,80.38437666666667 19.02789166666667,80.38362,80.38362 19.02545333333333,80.38286499999998,80.38286499999998 19.02301,80.38211,80.38211 19.020561666666666,80.381355,80.381355 19.01811,80.38060000000002,80.38060000000002 19.015651666666667,80.37984333333334,80.37984333333334 19.013186666666662,80.37908666666667,80.37908666666667 19.010726666666667,80.37833000000002,80.37833000000002 19.008271666666666,80.37757166666668,80.37757166666668 19.005820000000003,80.37681166666665,80.37681166666665 19.003371666666663,80.37605333333332,80.37605333333332 19.000933333333332,80.37529333333335,80.37529333333335 18.99850833333333,80.37453500000001,80.37453500000001 18.996096666666666,80.37377500000001,80.37377500000001 18.993698333333334,80.37301500000001,80.37301500000001 18.991319999999998,80.37225500000001,80.37225500000001 18.98896,80.37149500000001,80.37149500000001 18.986618333333336,80.37073500000001,80.37073500000001 18.98429,80.36997500000001,80.36997500000001 18.98197833333333,80.36921333333332,80.36921333333332 18.979675,80.36845166666666,80.36845166666666 18.977381666666666,80.36769,80.36769 18.975100000000005,80.36692666666667,80.36692666666667 18.972828333333336,80.36616166666666,80.36616166666666 18.97057666666667,80.365395,80.365395 18.968345,80.36462666666665,80.36462666666665 18.966124999999998,80.36385499999999,80.36385499999999 18.963918333333336,80.36308166666667,80.36308166666667 18.961731666666665,80.36230666666665,80.36230666666665 18.959561666666666,80.36152999999999,80.36152999999999 18.95740333333333,80.36075000000001,80.36075000000001 18.955255,80.35996999999999,80.35996999999999 18.953115,80.35918833333334,80.35918833333334 18.95097833333333,80.35840833333334,80.35840833333334 18.948845,80.35762666666666,80.35762666666666 18.94671166666667,80.35684499999999,80.35684499999999 18.944580000000002,80.356065,80.356065 18.94245,80.35528500000001,80.35528500000001 18.94031333333333,80.35450666666667,80.35450666666667 18.938168333333333,80.35373,80.35373 18.936011666666666,80.35295333333333,80.35295333333333 18.933845,80.35218,80.35218 18.93166666666667,80.35140666666666,80.35140666666666 18.929486666666666,80.350635,80.350635 18.927305,80.34986333333333,80.34986333333333 18.925114999999998,80.34909333333334,80.34909333333334 18.92291833333333,80.34832333333334,80.34832333333334 18.920723333333335,80.34755333333332,80.34755333333332 18.918533333333336,80.34678166666666,80.34678166666666 18.916341666666664,80.34601166666666,80.34601166666666 18.914148333333333,80.34524333333334,80.34524333333334 18.911953333333333,80.34447333333333,80.34447333333333 18.909755,80.34370666666668,80.34370666666668 18.907551666666667,80.34293833333332,80.34293833333332 18.905343333333334,80.34217166666667,80.34217166666667 18.903125000000003,80.34140666666669,80.34140666666669 18.900885000000002,80.34064166666667,80.34064166666667 18.89862666666667,80.33987666666665,80.33987666666665 18.896345,80.33911333333333,80.33911333333333 18.89405,80.33834833333334,80.33834833333334 18.891748333333336,80.33758166666668,80.33758166666668 18.889429999999997,80.336815,80.336815 18.887091666666667,80.33604833333332,80.33604833333332 18.884743333333333,80.33528166666666,80.33528166666666 18.882388333333328,80.33451333333335,80.33451333333335 18.88002666666667,80.33374333333332,80.33374333333332 18.877671666666668,80.33297333333333,80.33297333333333 18.87532666666667,80.33220166666666,80.33220166666666 18.872991666666667,80.33143,80.33143 18.870675000000006,80.33065666666666,80.33065666666666 18.868370000000002,80.32988499999999,80.32988499999999 18.86607833333333,80.329115,80.329115 18.863793333333334,80.328345,80.328345 18.861504999999998,80.32757666666666,80.32757666666666 18.85921666666667,80.32681,80.32681 18.85694,80.32604333333335,80.32604333333335 18.854668333333333,80.325275,80.325275 18.852398333333333,80.324505,80.324505 18.850133333333336,80.32373500000001,80.32373500000001 18.847876666666664,80.32296333333335,80.32296333333335 18.84561,80.32219,80.32219 18.843335000000003,80.32141666666665,80.32141666666665 18.84105,80.32064166666667,80.32064166666667 18.838751666666663,80.31986833333335,80.31986833333335 18.836445,80.31909333333334,80.31909333333334 18.834121666666665,80.31831833333332,80.31831833333332 18.831785,80.31754333333335,80.31754333333335 18.82944666666667,80.31676833333333,80.31676833333333 18.827105,80.31599333333332,80.31599333333332 18.824741666666668,80.31522,80.31522 18.822364999999998,80.31444833333335,80.31444833333335 18.819986666666665,80.31368,80.31368 18.817603333333334,80.31291333333333,80.31291333333333 18.8152,80.31214833333334,80.31214833333334 18.812784999999998,80.31138833333333,80.31138833333333 18.810363333333328,80.31063166666667,80.31063166666667 18.80793,80.30987833333334,80.30987833333334 18.805481666666665,80.30913000000001,80.30913000000001 18.803023333333332,80.30838499999999,80.30838499999999 18.800556666666665,80.30764333333333,80.30764333333333 18.79808,80.30690500000001,80.30690500000001 18.795585000000003,80.30617166666666,80.30617166666666 18.793083333333335,80.30543999999999,80.30543999999999 18.790575,80.30470833333335,80.30470833333335 18.788058333333332,80.30398000000001,80.30398000000001 18.785533333333337,80.30325166666667,80.30325166666667 18.783010000000004,80.30252333333333,80.30252333333333 18.780486666666665,80.301795,80.301795 18.777965,80.30106666666666,80.30106666666666 18.77545166666667,80.30033833333334,80.30033833333334 18.77295333333333,80.29960833333334,80.29960833333334 18.77046333333333,80.29887833333333,80.29887833333333 18.767985,80.29814666666667,80.29814666666667 18.76552333333333,80.29741333333334,80.29741333333334 18.763076666666667,80.29667833333332,80.29667833333332 18.76063666666667,80.29594166666666,80.29594166666666 18.758203333333334,80.295205,80.295205 18.75578,80.29446666666665,80.29446666666665 18.75336166666667,80.29372833333333,80.29372833333333 18.750946666666668,80.29299166666665,80.29299166666665 18.748543333333334,80.292255,80.292255 18.746153333333332,80.29152,80.29152 18.74378333333333,80.290785,80.290785 18.741435,80.29005000000001,80.29005000000001 18.739106666666665,80.28931500000002,80.28931500000002 18.736793333333335,80.28858166666669,80.28858166666669 18.73449,80.28784999999999,80.28784999999999 18.732198333333336,80.28711833333332,80.28711833333332 18.729916666666668,80.28638833333332,80.28638833333332 18.727645,80.28565833333334,80.28565833333334 18.725393333333333,80.28492666666665,80.28492666666665 18.723166666666668,80.28419500000001,80.28419500000001 18.72097333333333,80.28346166666668,80.28346166666668 18.718818333333335,80.28272666666666,80.28272666666666 18.716686666666664,80.28198666666668,80.28198666666668 18.714586666666666,80.281245,80.281245 18.712528333333335,80.28049833333331,80.28049833333331 18.71048333333333,80.27974666666668,80.27974666666668 18.70842166666667,80.278995,80.278995 18.706356666666668,80.27824166666666,80.27824166666666 18.70429833333333,80.27748333333335,80.27748333333335 18.702239999999996,80.27672500000001,80.27672500000001 18.700173333333332,80.27596166666666,80.27596166666666 18.69808666666667,80.27519833333334,80.27519833333334 18.695991666666664,80.27443333333333,80.27443333333333 18.693898333333333,80.27366666666666,80.27366666666666 18.69179666666667,80.27289666666668,80.27289666666668 18.68968166666667,80.27212666666667,80.27212666666667 18.687575000000002,80.271355,80.271355 18.68548333333333,80.27058000000001,80.27058000000001 18.68339833333333,80.26980333333331,80.26980333333331 18.681311666666666,80.26902499999998,80.26902499999998 18.679235000000002,80.268245,80.268245 18.67716666666667,80.26746333333332,80.26746333333332 18.675108333333334,80.26667833333332,80.26667833333332 18.673066666666664,80.26589166666665,80.26589166666665 18.671046666666665,80.26510166666668,80.26510166666668 18.669046666666667,80.26431,80.26431 18.667070000000002,80.26351500000001,80.26351500000001 18.665115,80.26271666666666,80.26271666666666 18.66319,80.26191666666666,80.26191666666666 18.661295,80.26111333333333,80.26111333333333 18.659415000000003,80.26030833333333,80.26030833333333 18.65755333333333,80.25950333333334,80.25950333333334 18.655715,80.25869666666668,80.25869666666668 18.6539,80.25789166666667,80.25789166666667 18.652095,80.25708833333333,80.25708833333333 18.650301666666664,80.25628833333333,80.25628833333333 18.64852833333334,80.25549000000001,80.25549000000001 18.64675,80.25469833333332,80.25469833333332 18.644949999999998,80.25391166666668,80.25391166666668 18.643130000000003,80.25313166666666,80.25313166666666 18.641295,80.25235500000001,80.25235500000001 18.63943833333333,80.25158166666667,80.25158166666667 18.637556666666665,80.25081333333333,80.25081333333333 18.635648333333332,80.25004833333334,80.25004833333334 18.63371,80.24928499999999,80.24928499999999 18.63173,80.24852666666668,80.24852666666668 18.629718333333333,80.24777166666667,80.24777166666667 18.627676666666666,80.24702,80.24702 18.625594999999997,80.24627333333332,80.24627333333332 18.623475000000003,80.24553,80.24553 18.621331666666666,80.24478833333333,80.24478833333333 18.61917833333333,80.24404999999999,80.24404999999999 18.617003333333333,80.24331333333333,80.24331333333333 18.61480333333333,80.24258,80.24258 18.612585000000003,80.24184833333334,80.24184833333334 18.610356666666664,80.24111500000001,80.24111500000001 18.60810833333333,80.24038333333333,80.24038333333333 18.605831666666667,80.23965333333334,80.23965333333334 18.603528333333337,80.238925,80.238925 18.601201666666668,80.23819666666665,80.23819666666665 18.59885166666667,80.23746833333334,80.23746833333334 18.596478333333337,80.23674333333332,80.23674333333332 18.594081666666668,80.23602,80.23602 18.591671666666667,80.23529666666666,80.23529666666666 18.589254999999998,80.23457333333333,80.23457333333333 18.586828333333333,80.23385333333334,80.23385333333334 18.58439,80.23313333333334,80.23313333333334 18.581950000000003,80.232415,80.232415 18.57950333333333,80.23169833333334,80.23169833333334 18.577041666666666,80.23098333333334,80.23098333333334 18.574565,80.23027000000002,80.23027000000002 18.572081666666666,80.22955833333334,80.22955833333334 18.569593333333334,80.22884833333333,80.22884833333333 18.567093333333332,80.22814,80.22814 18.564588333333333,80.22743333333334,80.22743333333334 18.562079999999998,80.22672666666668,80.22672666666668 18.55956833333333,80.22602333333332,80.22602333333332 18.557054999999995,80.22532166666667,80.22532166666667 18.554543333333335,80.22462,80.22462 18.552031666666668,80.22391833333333,80.22391833333333 18.549525,80.22321833333334,80.22321833333334 18.547018333333334,80.22251833333333,80.22251833333333 18.544515,80.22181833333335,80.22181833333335 18.54201833333333,80.22111833333334,80.22111833333334 18.539538333333336,80.22041666666667,80.22041666666667 18.537083333333335,80.21971166666667,80.21971166666667 18.534651666666665,80.21900666666667,80.21900666666667 18.532255,80.21829666666666,80.21829666666666 18.529909999999997,80.21758166666667,80.21758166666667 18.527615,80.21686166666666,80.21686166666666 18.525358333333337,80.21613833333333,80.21613833333333 18.523134999999996,80.21541166666665,80.21541166666665 18.520958333333333,80.21467999999999,80.21467999999999 18.518826666666666,80.213945,80.213945 18.516728333333337,80.21320666666668,80.21320666666668 18.514668333333336,80.21246500000001,80.21246500000001 18.512643333333333,80.21172166666666,80.21172166666666 18.510648333333332,80.21097499999999,80.21097499999999 18.508686666666662,80.21022666666667,80.21022666666667 18.50676,80.20947500000001,80.20947500000001 18.50486666666667,80.20872166666666,80.20872166666666 18.50300166666667,80.20796666666666,80.20796666666666 18.501158333333336,80.20721166666668,80.20721166666668 18.499335,80.206455,80.206455 18.497531666666664,80.2057,80.2057 18.495741666666667,80.20494500000001,80.20494500000001 18.493959999999998,80.20419166666667,80.20419166666667 18.492186666666665,80.20343999999999,80.20343999999999 18.490434999999998,80.20268833333333,80.20268833333333 18.48870166666667,80.20193666666667,80.20193666666667 18.486988333333336,80.20118666666666,80.20118666666666 18.485286666666667,80.200435,80.200435 18.483586666666664,80.199685,80.199685 18.4819,80.19893333333333,80.19893333333333 18.48023166666667,80.19818000000001,80.19818000000001 18.478565,80.19742666666666,80.19742666666666 18.476898333333338,80.19667333333334,80.19667333333334 18.475241666666665,80.19591999999999,80.19591999999999 18.473593333333334,80.19516499999999,80.19516499999999 18.471943333333336,80.19441,80.19441 18.470283333333334,80.19365333333333,80.19365333333333 18.468611666666668,80.19289833333335,80.19289833333335 18.466933333333337,80.19214166666667,80.19214166666667 18.465245000000003,80.19138500000001,80.19138500000001 18.463538333333336,80.19063,80.19063 18.46181,80.18987333333332,80.18987333333332 18.460054999999997,80.18911833333334,80.18911833333334 18.458283333333334,80.18836500000002,80.18836500000002 18.456505,80.18761,80.18761 18.454723333333334,80.18685833333333,80.18685833333333 18.452933333333334,80.18610666666667,80.18610666666667 18.451143333333334,80.18535499999999,80.18535499999999 18.449348333333333,80.18460499999999,80.18460499999999 18.44754,80.18385499999998,80.18385499999998 18.445719999999998,80.18310666666667,80.18310666666667 18.44389,80.18235999999999,80.18235999999999 18.442041666666668,80.18161500000001,80.18161500000001 18.440176666666662,80.18087000000001,80.18087000000001 18.438296666666666,80.18012666666667,80.18012666666667 18.43639833333333,80.179385,80.179385 18.434473333333337,80.17864666666665,80.17864666666665 18.432526666666668,80.17790833333333,80.17790833333333 18.430555000000002,80.17717166666667,80.17717166666667 18.428545,80.17643500000001,80.17643500000001 18.426496666666665,80.17570000000002,80.17570000000002 18.424403333333334,80.174965,80.174965 18.422265,80.17423333333333,80.17423333333333 18.420084999999997,80.17350166666667,80.17350166666667 18.417879999999997,80.17277166666666,80.17277166666666 18.415665,80.17204166666669,80.17204166666669 18.413438333333332,80.17130999999999,80.17130999999999 18.41120333333333,80.17058000000002,80.17058000000002 18.40895833333333,80.16984833333332,80.16984833333332 18.406703333333336,80.16911499999999,80.16911499999999 18.40442833333333,80.16838,80.16838 18.402131666666666,80.16764499999998,80.16764499999998 18.399818333333332,80.16690833333332,80.16690833333332 18.397488333333335,80.16617,80.16617 18.39514333333333,80.16543000000001,80.16543000000001 18.392789999999998,80.16468833333334,80.16468833333334 18.39043333333333,80.16394666666666,80.16394666666666 18.388073333333335,80.16320666666668,80.16320666666668 18.385718333333333,80.16246666666665,80.16246666666665 18.383368333333333,80.16172666666667,80.16172666666667 18.381023333333335,80.16098833333334,80.16098833333334 18.378680000000003,80.16025166666668,80.16025166666668 18.37633666666667,80.159515,80.159515 18.374004999999997,80.15878166666667,80.15878166666667 18.371685,80.15804666666665,80.15804666666665 18.36937,80.15731500000001,80.15731500000001 18.367071666666668,80.156585,80.156585 18.364793333333335,80.15585333333334,80.15585333333334 18.362523333333336,80.15512333333334,80.15512333333334 18.360255,80.15439333333333,80.15439333333333 18.35799666666667,80.15366333333333,80.15366333333333 18.355758333333334,80.15293166666666,80.15293166666666 18.35353166666667,80.1522,80.1522 18.351308333333336,80.15147000000002,80.15147000000002 18.34909833333333,80.15073999999998,80.15073999999998 18.34690333333333,80.15001000000001,80.15001000000001 18.344718333333336,80.14928166666667,80.14928166666667 18.34254,80.14855666666666,80.14855666666666 18.34038166666667,80.14783166666665,80.14783166666665 18.338243333333335,80.14710666666666,80.14710666666666 18.33610333333333,80.14638166666667,80.14638166666667 18.333966666666665,80.14565666666667,80.14565666666667 18.33185333333333,80.14493333333334,80.14493333333334 18.329748333333335,80.14421000000002,80.14421000000002 18.327640000000002,80.14348666666666,80.14348666666666 18.32553,80.14276666666667,80.14276666666667 18.323428333333336,80.14204666666667,80.14204666666667 18.321343333333335,80.14132666666666,80.14132666666666 18.31925333333333,80.140605,80.140605 18.317156666666662,80.139885,80.139885 18.315085,80.139165,80.139165 18.313041666666667,80.13844333333334,80.13844333333334 18.31099333333333,80.13772166666666,80.13772166666666 18.308928333333334,80.13700333333333,80.13700333333333 18.30688333333333,80.13628333333332,80.13628333333332 18.304864999999996,80.13556166666667,80.13556166666667 18.302844999999998,80.13483833333332,80.13483833333332 18.300813333333334,80.13411333333333,80.13411333333333 18.298775000000003,80.13338666666667,80.13338666666667 18.296725000000002,80.13265833333332,80.13265833333332 18.29465,80.13192999999998,80.13192999999998 18.292553333333334,80.131205,80.131205 18.29045166666667,80.13047833333334,80.13047833333334 18.28835666666667,80.12974833333334,80.12974833333334 18.286264999999997,80.12901833333333,80.12901833333333 18.284166666666668,80.12828666666667,80.12828666666667 18.282073333333337,80.12755333333334,80.12755333333334 18.279988333333332,80.12681666666668,80.12681666666668 18.27791,80.12607833333334,80.12607833333334 18.275838333333336,80.12533666666667,80.12533666666667 18.27377666666667,80.12459333333332,80.12459333333332 18.271723333333334,80.12384833333333,80.12384833333333 18.26968166666667,80.12310166666666,80.12310166666666 18.267646666666668,80.12235166666666,80.12235166666666 18.265618333333332,80.12160000000002,80.12160000000002 18.26359666666667,80.12084666666667,80.12084666666667 18.26158333333333,80.12009333333334,80.12009333333334 18.259574999999998,80.11933666666667,80.11933666666667 18.257561666666668,80.11858333333333,80.11858333333333 18.25556,80.117825,80.117825 18.253559999999997,80.117065,80.117065 18.251554999999996,80.116305,80.116305 18.249549999999996,80.115545,80.115545 18.247541666666667,80.11478333333334,80.11478333333334 18.24553,80.11402333333334,80.11402333333334 18.243533333333332,80.11326166666666,80.11326166666666 18.241543333333336,80.11250166666667,80.11250166666667 18.239543333333334,80.11174333333334,80.11174333333334 18.237546666666663,80.110985,80.110985 18.235561666666666,80.11022833333332,80.11022833333332 18.233575000000002,80.10947333333334,80.10947333333334 18.231575,80.10871833333333,80.10871833333333 18.22956166666667,80.10796666666667,80.10796666666667 18.22755666666666,80.10721333333332,80.10721333333332 18.22557,80.10645833333332,80.10645833333332 18.223566666666663,80.105705,80.105705 18.221546666666665,80.10495166666668,80.10495166666668 18.219526666666663,80.10419833333334,80.10419833333334 18.217513333333333,80.10344333333333,80.10344333333333 18.215493333333335,80.10269000000001,80.10269000000001 18.21346,80.101935,80.101935 18.21141666666667,80.10118166666668,80.10118166666668 18.209366666666664,80.10042666666666,80.10042666666666 18.207305,80.09967,80.09967 18.205235000000002,80.09891333333333,80.09891333333333 18.20316,80.09815499999999,80.09815499999999 18.20107833333333,80.09739499999999,80.09739499999999 18.19899333333333,80.09663499999999,80.09663499999999 18.19690833333333,80.09587333333333,80.09587333333333 18.194823333333332,80.09511,80.09511 18.192746666666668,80.09434666666667,80.09434666666667 18.190683333333332,80.09358166666665,80.09358166666665 18.188630000000003,80.092815,80.092815 18.186583333333335,80.09204833333332,80.09204833333332 18.184541666666664,80.09128333333334,80.09128333333334 18.18250833333333,80.09051666666667,80.09051666666667 18.18049166666667,80.08974833333333,80.08974833333333 18.178478333333334,80.08897999999999,80.08897999999999 18.176473333333334,80.08821166666667,80.08821166666667 18.17449,80.08744,80.08744 18.172523333333334,80.08666833333334,80.08666833333334 18.170553333333334,80.085895,80.085895 18.168580000000002,80.08512166666667,80.08512166666667 18.166608333333336,80.08434666666666,80.08434666666666 18.164645000000004,80.08357166666666,80.08357166666666 18.162693333333337,80.08279666666667,80.08279666666667 18.160746666666665,80.08202333333334,80.08202333333334 18.158808333333333,80.08125,80.08125 18.156876666666673,80.08047666666667,80.08047666666667 18.154951666666665,80.07970666666668,80.07970666666668 18.15303,80.07893666666668,80.07893666666668 18.15110833333333,80.07817166666666,80.07817166666666 18.149188333333335,80.07740666666668,80.07740666666668 18.147268333333333,80.07664666666666,80.07664666666666 18.145348333333335,80.07588666666668,80.07588666666668 18.14342,80.07513,80.07513 18.141488333333335,80.07437333333333,80.07437333333333 18.139559999999996,80.07361833333331,80.07361833333331 18.137624999999996,80.072865,80.072865 18.135681666666667,80.07211000000001,80.07211000000001 18.133738333333334,80.07135666666666,80.07135666666666 18.131793333333334,80.07060333333332,80.07060333333332 18.129835,80.06984833333331,80.06984833333331 18.127871666666667,80.06909499999999,80.06909499999999 18.12591333333333,80.06833833333334,80.06833833333334 18.123955000000002,80.06758333333333,80.06758333333333 18.12199,80.06682666666667,80.06682666666667 18.120021666666663,80.06606833333333,80.06606833333333 18.11805166666667,80.06531,80.06531 18.116078333333334,80.06455333333332,80.06455333333332 18.114098333333335,80.06379499999998,80.06379499999998 18.112115,80.06303833333334,80.06303833333334 18.110128333333332,80.06228,80.06228 18.108128333333333,80.06152499999999,80.06152499999999 18.10612,80.06077,80.06077 18.104096666666667,80.06001833333333,80.06001833333333 18.10206166666667,80.05926666666664,80.05926666666664 18.10002,80.05851666666668,80.05851666666668 18.097975,80.05776833333333,80.05776833333333 18.09592333333333,80.05702,80.05702 18.093865000000005,80.05627333333334,80.05627333333334 18.09180166666667,80.05552666666667,80.05552666666667 18.089731666666665,80.05478,80.05478 18.087654999999998,80.05403333333334,80.05403333333334 18.085569999999997,80.05328833333333,80.05328833333333 18.083478333333336,80.05254333333333,80.05254333333333 18.08138333333333,80.05179666666666,80.05179666666666 18.079276666666665,80.05105166666667,80.05105166666667 18.077156666666667,80.050305,80.050305 18.075028333333336,80.04956,80.04956 18.072895,80.048815,80.048815 18.070756666666664,80.04807,80.04807 18.06860666666667,80.047325,80.047325 18.066446666666664,80.04658166666665,80.04658166666665 18.064283333333332,80.04583833333332,80.04583833333332 18.06211333333333,80.04509333333334,80.04509333333334 18.059928333333332,80.04435166666667,80.04435166666667 18.05773333333333,80.04361,80.04361 18.055529999999997,80.04286833333335,80.04286833333335 18.053318333333337,80.04212833333334,80.04212833333334 18.051095000000004,80.04138666666667,80.04138666666667 18.048865000000003,80.04064666666667,80.04064666666667 18.04663,80.03990666666667,80.03990666666667 18.044393333333332,80.03916666666666,80.03916666666666 18.042154999999998,80.03842666666667,80.03842666666667 18.039918333333333,80.03768666666666,80.03768666666666 18.037686666666666,80.03694666666668,80.03694666666668 18.03546166666667,80.03620500000001,80.03620500000001 18.033243333333335,80.03546333333333,80.03546333333333 18.031041666666667,80.03472,80.03472 18.028853333333334,80.03397666666667,80.03397666666667 18.026685000000004,80.03323166666668,80.03323166666668 18.024548333333332,80.03248333333332,80.03248333333332 18.022445000000005,80.03173333333334,80.03173333333334 18.020369999999996,80.03097999999999,80.03097999999999 18.018321666666665,80.030225,80.030225 18.016295,80.02946833333333,80.02946833333333 18.01429,80.02871166666668,80.02871166666668 18.012301666666666,80.02795333333334,80.02795333333334 18.010328333333334,80.02719166666668,80.02719166666668 18.00837,80.02642999999999,80.02642999999999 18.00642,80.02566833333333,80.02566833333333 18.00447666666667,80.024905,80.024905 18.002543333333332,80.02413833333333,80.02413833333333 18.000619999999998,80.02337333333334,80.02337333333334 17.998706666666667,80.02260666666668,80.02260666666668 17.996801666666666,80.02183833333333,80.02183833333333 17.994911666666667,80.02107,80.02107 17.993031666666663,80.0203,80.0203 17.99115833333333,80.01953,80.01953 17.98928833333333,80.01876166666666,80.01876166666666 17.987425,80.01798999999998,80.01798999999998 17.985563333333335,80.01722166666667,80.01722166666667 17.983698333333336,80.01645166666667,80.01645166666667 17.981828333333333,80.015685,80.015685 17.97996666666667,80.01491833333333,80.01491833333333 17.978115,80.014155,80.014155 17.976255000000002,80.01339166666668,80.01339166666668 17.97439166666667,80.01263166666665,80.01263166666665 17.972518333333337,80.011875,80.011875 17.970635,80.01111833333333,80.01111833333333 17.968736666666665,80.01036500000001,80.01036500000001 17.966821666666664,80.00961333333333,80.00961333333333 17.964891666666663,80.00886333333334,80.00886333333334 17.962939999999996,80.008115,80.008115 17.960970000000003,80.007365,80.007365 17.958985,80.006615,80.006615 17.956985,80.005865,80.005865 17.954965,80.00511333333333,80.00511333333333 17.95292166666667,80.00436333333333,80.00436333333333 17.950856666666667,80.00361166666667,80.00361166666667 17.948773333333335,80.00286166666666,80.00286166666666 17.94666833333333,80.00211,80.00211 17.944538333333334,80.00136,80.00136 17.942385,80.00061,80.00061 17.940211666666666,79.99986000000001,79.99986000000001 17.938018333333332,79.99911000000002,79.99911000000002 17.935803333333336,79.99836166666667,79.99836166666667 17.933576666666667,79.99761333333333,79.99761333333333 17.931335000000004,79.996865,79.996865 17.929076666666663,79.99611833333334,79.99611833333334 17.926798333333334,79.99537333333333,79.99537333333333 17.92450333333333,79.99462666666668,79.99462666666668 17.922195,79.99388166666667,79.99388166666667 17.919868333333334,79.99313500000001,79.99313500000001 17.917520000000003,79.99239,79.99239 17.915153333333336,79.991645,79.991645 17.91277,79.9909,79.9909 17.91036833333333,79.99015666666666,79.99015666666666 17.90795,79.98941166666667,79.98941166666667 17.905516666666664,79.98866833333332,79.98866833333332 17.903075000000005,79.98792499999999,79.98792499999999 17.90064,79.98718000000001,79.98718000000001 17.89822,79.98643333333332,79.98643333333332 17.89581833333333,79.98568333333333,79.98568333333333 17.893443333333337,79.98493333333333,79.98493333333333 17.891096666666666,79.98417833333333,79.98417833333333 17.888778333333338,79.98342333333332,79.98342333333332 17.886493333333334,79.98266499999998,79.98266499999998 17.884238333333336,79.98190500000001,79.98190500000001 17.882013333333333,79.98114166666666,79.98114166666666 17.879815000000004,79.98037833333333,79.98037833333333 17.87764333333333,79.97961166666667,79.97961166666667 17.875495000000004,79.97884499999999,79.97884499999999 17.873366666666666,79.97807666666665,79.97807666666665 17.871260000000003,79.97731,79.97731 17.869175000000002,79.97654166666668,79.97654166666668 17.867105,79.975775,79.975775 17.86505,79.97500833333332,79.97500833333332 17.863005,79.97424166666666,79.97424166666666 17.86097,79.97347833333333,79.97347833333333 17.858948333333334,79.97271500000001,79.97271500000001 17.85694166666667,79.97195166666668,79.97195166666668 17.854960000000002,79.97118999999999,79.97118999999999 17.853,79.97042833333333,79.97042833333333 17.851063333333332,79.96966666666667,79.96966666666667 17.849153333333337,79.968905,79.968905 17.847261666666668,79.968145,79.968145 17.845375000000004,79.96738666666667,79.96738666666667 17.84349166666667,79.96663,79.96663 17.84161333333333,79.96587333333335,79.96587333333335 17.839741666666665,79.96511833333334,79.96511833333334 17.837871666666665,79.96436333333332,79.96436333333332 17.835995,79.96361166666668,79.96361166666668 17.834113333333335,79.96286166666668,79.96286166666668 17.832228333333333,79.96211,79.96211 17.830333333333336,79.96135833333332,79.96135833333332 17.82842833333333,79.96060666666666,79.96060666666666 17.826511666666665,79.95985166666665,79.95985166666665 17.82459,79.95909333333334,79.95909333333334 17.822655,79.95833333333334,79.95833333333334 17.820711666666664,79.95757166666668,79.95757166666668 17.818756666666662,79.95680666666667,79.95680666666667 17.81679333333333,79.95603999999999,79.95603999999999 17.81482666666667,79.95527,79.95527 17.812855,79.95449833333333,79.95449833333333 17.81087833333334,79.953725,79.953725 17.80889833333333,79.95295,79.95295 17.806913333333334,79.95217166666667,79.95217166666667 17.804928333333333,79.95139333333333,79.95139333333333 17.802938333333334,79.95061166666665,79.95061166666665 17.800945000000002,79.94983000000002,79.94983000000002 17.79894666666667,79.94904499999998,79.94904499999998 17.796944999999997,79.94826,79.94826 17.794941666666666,79.94747333333333,79.94747333333333 17.792943333333334,79.94668666666666,79.94668666666666 17.79095,79.94589833333333,79.94589833333333 17.788963333333335,79.94511000000001,79.94511000000001 17.786986666666667,79.94432166666667,79.94432166666667 17.785014999999998,79.94353166666667,79.94353166666667 17.783049999999996,79.94274333333334,79.94274333333334 17.781088333333333,79.94195333333334,79.94195333333334 17.779128333333333,79.94116333333332,79.94116333333332 17.777161666666668,79.94037333333335,79.94037333333335 17.775186666666663,79.939585,79.939585 17.773203333333335,79.93879833333335,79.93879833333335 17.771214999999998,79.93800999999999,79.93800999999999 17.769221666666667,79.93722333333335,79.93722333333335 17.767223333333334,79.93643666666668,79.93643666666668 17.76521166666667,79.93565166666667,79.93565166666667 17.763196666666666,79.934865,79.934865 17.761180000000003,79.93407833333335,79.93407833333335 17.75916,79.93329166666668,79.93329166666668 17.75714333333333,79.932505,79.932505 17.755131666666664,79.93171666666667,79.93171666666667 17.753121666666665,79.93092666666666,79.93092666666666 17.751106666666665,79.93013833333333,79.93013833333333 17.74909,79.92934666666667,79.92934666666667 17.74707,79.92855666666665,79.92855666666665 17.745043333333335,79.927765,79.927765 17.743015,79.92697333333334,79.92697333333334 17.740983333333336,79.92618000000002,79.92618000000002 17.738951666666665,79.92538833333333,79.92538833333333 17.736921666666667,79.92459666666667,79.92459666666667 17.734889999999996,79.923805,79.923805 17.73286166666667,79.92301666666667,79.92301666666667 17.730831666666667,79.92222833333334,79.92222833333334 17.728801666666666,79.92144333333334,79.92144333333334 17.72677333333333,79.92066,79.92066 17.724746666666665,79.91987833333332,79.91987833333332 17.722724999999997,79.91909833333335,79.91909833333335 17.72070666666667,79.91832166666667,79.91832166666667 17.718695,79.917545,79.917545 17.71668833333333,79.91677,79.91677 17.71468666666667,79.91599666666667,79.91599666666667 17.71268833333333,79.91522333333334,79.91522333333334 17.710695,79.91445166666666,79.91445166666666 17.708708333333334,79.91367833333334,79.91367833333334 17.706723333333333,79.91290666666669,79.91290666666669 17.704743333333333,79.91213499999999,79.91213499999999 17.702768333333335,79.91136333333334,79.91136333333334 17.7008,79.91059166666668,79.91059166666668 17.698835000000003,79.90982166666666,79.90982166666666 17.696873333333333,79.90905333333335,79.90905333333335 17.694913333333336,79.90828499999998,79.90828499999998 17.692958333333333,79.90751666666667,79.90751666666667 17.691005,79.90674833333334,79.90674833333334 17.689055000000003,79.90598,79.90598 17.687103333333337,79.90521166666666,79.90521166666666 17.685149999999997,79.904445,79.904445 17.68319166666667,79.90367666666666,79.90367666666666 17.681226666666664,79.90290833333334,79.90290833333334 17.679256666666667,79.90213999999999,79.90213999999999 17.677285,79.90137166666668,79.90137166666668 17.67531166666667,79.90060333333334,79.90060333333334 17.673345,79.899835,79.899835 17.67138333333333,79.89906500000001,79.89906500000001 17.669421666666665,79.898295,79.898295 17.667460000000002,79.89752333333333,79.89752333333333 17.665505,79.89675166666666,79.89675166666666 17.663555000000002,79.89597833333333,79.89597833333333 17.661608333333337,79.89520500000002,79.89520500000002 17.659666666666663,79.89443,79.89443 17.65772833333333,79.89365166666667,79.89365166666667 17.655788333333334,79.89287333333334,79.89287333333334 17.653843333333334,79.89209333333334,79.89209333333334 17.651885000000004,79.89131333333331,79.89131333333331 17.649908333333336,79.89053333333332,79.89053333333332 17.64791333333333,79.88975333333333,79.88975333333333 17.64590666666667,79.88897166666666,79.88897166666666 17.643886666666667,79.88819000000001,79.88819000000001 17.641845000000004,79.88740833333333,79.88740833333333 17.639786666666666,79.88662833333333,79.88662833333333 17.637714999999996,79.88584666666667,79.88584666666667 17.635633333333335,79.88506666666667,79.88506666666667 17.633538333333334,79.88428833333334,79.88428833333334 17.63143,79.88350833333334,79.88350833333334 17.629309999999997,79.88273000000001,79.88273000000001 17.627176666666667,79.88195166666665,79.88195166666665 17.625028333333333,79.88117333333334,79.88117333333334 17.62286666666667,79.88039666666667,79.88039666666667 17.620693333333335,79.87962,79.87962 17.618508333333335,79.87884500000001,79.87884500000001 17.61632,79.87806833333335,79.87806833333335 17.61413333333333,79.87728999999999,79.87728999999999 17.611951666666666,79.87651166666667,79.87651166666667 17.609771666666667,79.87573166666665,79.87573166666665 17.607588333333336,79.87495333333332,79.87495333333332 17.605405,79.87417333333332,79.87417333333332 17.60322,79.87339333333333,79.87339333333333 17.601028333333335,79.87261666666667,79.87261666666667 17.598836666666667,79.87183833333334,79.87183833333334 17.596653333333332,79.87106166666668,79.87106166666668 17.594483333333333,79.87028333333333,79.87028333333333 17.592326666666665,79.869505,79.869505 17.59018166666667,79.86872833333334,79.86872833333334 17.588043333333335,79.86795,79.86795 17.585913333333334,79.86717,79.86717 17.583791666666666,79.86639166666667,79.86639166666667 17.581676666666667,79.86561166666667,79.86561166666667 17.579566666666665,79.86482999999998,79.86482999999998 17.577461666666668,79.86404999999999,79.86404999999999 17.57536,79.86326666666668,79.86326666666668 17.573264999999996,79.862485,79.862485 17.571176666666666,79.8617,79.8617 17.569093333333335,79.86091666666665,79.86091666666665 17.567015,79.86013166666667,79.86013166666667 17.56494,79.859345,79.859345 17.56287,79.85855833333333,79.85855833333333 17.560806666666664,79.85777166666666,79.85777166666666 17.55874833333333,79.856985,79.856985 17.556696666666667,79.85619833333332,79.85619833333332 17.554656666666666,79.85541166666668,79.85541166666668 17.55262833333333,79.85462333333332,79.85462333333332 17.550613333333335,79.85383499999999,79.85383499999999 17.548601666666666,79.85304833333332,79.85304833333332 17.546593333333334,79.85226166666668,79.85226166666668 17.544590000000003,79.85147500000001,79.85147500000001 17.542585000000003,79.85069166666668,79.85069166666668 17.540573333333334,79.84990833333333,79.84990833333333 17.538563333333332,79.84912666666668,79.84912666666668 17.536563333333334,79.848345,79.848345 17.534573333333334,79.847565,79.847565 17.53258666666667,79.846785,79.846785 17.530608333333333,79.846005,79.846005 17.528640000000003,79.84522666666668,79.84522666666668 17.526685,79.84444833333333,79.84444833333333 17.52473833333333,79.84367,79.84367 17.522799999999997,79.84289166666667,79.84289166666667 17.52087166666667,79.84211499999999,79.84211499999999 17.518951666666663,79.84133666666666,79.84133666666666 17.517034999999996,79.84056000000001,79.84056000000001 17.51512333333333,79.83978166666668,79.83978166666668 17.513214999999995,79.83900333333332,79.83900333333332 17.511305,79.838225,79.838225 17.509393333333332,79.83744499999999,79.83744499999999 17.50747666666667,79.836665,79.836665 17.505548333333337,79.83588333333334,79.83588333333334 17.50361,79.83510333333334,79.83510333333334 17.50166,79.83431999999999,79.83431999999999 17.499693333333333,79.83353666666667,79.83353666666667 17.497711666666667,79.83275333333333,79.83275333333333 17.495716666666663,79.83196833333332,79.83196833333332 17.493715,79.83118333333334,79.83118333333334 17.491698333333332,79.83039666666667,79.83039666666667 17.48967,79.82961166666668,79.82961166666668 17.487634999999997,79.82882333333333,79.82882333333333 17.485596666666666,79.82803666666668,79.82803666666668 17.483551666666663,79.82725,79.82725 17.481508333333334,79.82646166666667,79.82646166666667 17.47947166666667,79.82567333333333,79.82567333333333 17.477446666666665,79.824885,79.824885 17.47543,79.82409666666668,79.82409666666668 17.473425000000002,79.82330833333334,79.82330833333334 17.471435,79.82251833333333,79.82251833333333 17.469456666666666,79.82172833333334,79.82172833333334 17.467488333333332,79.82093833333334,79.82093833333334 17.465526666666662,79.82014833333332,79.82014833333332 17.463565,79.81936000000002,79.81936000000002 17.461599999999997,79.81857333333335,79.81857333333335 17.45962666666667,79.81778666666668,79.81778666666668 17.457643333333333,79.81700333333333,79.81700333333333 17.455656666666666,79.81622,79.81622 17.453659999999996,79.81543833333332,79.81543833333332 17.45165833333333,79.81465666666666,79.81465666666666 17.449651666666668,79.81387666666667,79.81387666666667 17.447645,79.81309666666667,79.81309666666667 17.445635,79.81231833333334,79.81231833333334 17.44362666666667,79.81153833333332,79.81153833333332 17.441623333333332,79.81076,79.81076 17.439626666666665,79.80998166666667,79.80998166666667 17.437640000000002,79.80920333333334,79.80920333333334 17.435661666666665,79.808425,79.808425 17.433695,79.80764500000001,79.80764500000001 17.43173666666667,79.80686333333333,79.80686333333333 17.429785000000003,79.80608166666667,79.80608166666667 17.427836666666668,79.8053,79.8053 17.425888333333333,79.80451666666666,79.80451666666666 17.42393,79.80373333333334,79.80373333333334 17.421963333333338,79.80295,79.80295 17.41998666666667,79.80216333333333,79.80216333333333 17.418005,79.80137666666666,79.80137666666666 17.416014999999998,79.80058999999999,79.80058999999999 17.414015,79.79980166666665,79.79980166666665 17.41200833333333,79.79901166666666,79.79901166666666 17.40999833333333,79.79822333333333,79.79822333333333 17.407985,79.79743333333333,79.79743333333333 17.40596833333333,79.79664333333334,79.79664333333334 17.403953333333334,79.79585333333331,79.79585333333331 17.40194166666667,79.79506333333335,79.79506333333335 17.399926666666666,79.79427333333332,79.79427333333332 17.397906666666668,79.79348333333333,79.79348333333333 17.39589,79.79269333333333,79.79269333333333 17.393885,79.791905,79.791905 17.391885,79.791115,79.791115 17.389886666666666,79.790325,79.790325 17.387896666666663,79.78953666666666,79.78953666666666 17.385915,79.78875,79.78875 17.383935000000005,79.78796333333334,79.78796333333334 17.38195,79.78717666666667,79.78717666666667 17.379963333333333,79.78639333333332,79.78639333333332 17.37797833333333,79.78561,79.78561 17.37599,79.78482833333335,79.78482833333335 17.373998333333336,79.78404833333335,79.78404833333335 17.372008333333333,79.78326666666666,79.78326666666666 17.37001833333333,79.78248666666667,79.78248666666667 17.368023333333333,79.78170666666668,79.78170666666668 17.366019999999995,79.78092666666666,79.78092666666666 17.364013333333332,79.78014666666665,79.78014666666665 17.362001666666664,79.77936666666666,79.77936666666666 17.35998333333333,79.77858666666667,79.77858666666667 17.357960000000002,79.777805,79.777805 17.355929999999997,79.77702500000001,79.77702500000001 17.353898333333333,79.77624166666666,79.77624166666666 17.351868333333336,79.77546000000001,79.77546000000001 17.349833333333336,79.774675,79.774675 17.347796666666664,79.77389,79.77389 17.345760000000002,79.77310333333334,79.77310333333334 17.34372666666667,79.77231499999999,79.77231499999999 17.341691666666666,79.77152500000001,79.77152500000001 17.33965666666667,79.77073333333334,79.77073333333334 17.33762666666667,79.76993999999999,79.76993999999999 17.335601666666665,79.76914666666667,79.76914666666667 17.333586666666665,79.76835,79.76835 17.331575000000004,79.76755166666668,79.76755166666668 17.329565,79.76675166666668,79.76675166666668 17.327554999999997,79.76595166666667,79.76595166666667 17.325548333333334,79.76514833333334,79.76514833333334 17.323536666666666,79.76434666666667,79.76434666666667 17.321516666666664,79.76354333333335,79.76354333333335 17.319493333333334,79.76274166666667,79.76274166666667 17.317466666666668,79.76194000000001,79.76194000000001 17.315438333333333,79.76114,79.76114 17.313403333333333,79.76034166666666,79.76034166666666 17.31136833333333,79.75954666666665,79.75954666666665 17.309334999999997,79.75875166666667,79.75875166666667 17.307303333333333,79.75796,79.75796 17.305274999999998,79.75717,79.75717 17.303253333333338,79.75638166666667,79.75638166666667 17.301243333333332,79.75559666666666,79.75559666666666 17.299236666666662,79.75481333333333,79.75481333333333 17.297236666666667,79.75403166666668,79.75403166666668 17.295238333333334,79.75325166666666,79.75325166666666 17.293245000000002,79.75247333333333,79.75247333333333 17.291258333333335,79.75169666666667,79.75169666666667 17.28927666666667,79.75092333333333,79.75092333333333 17.287298333333332,79.75015,79.75015 17.285323333333334,79.74937833333334,79.74937833333334 17.283353333333334,79.74860833333335,79.74860833333335 17.281386666666663,79.74783999999998,79.74783999999998 17.279421666666668,79.74707333333333,79.74707333333333 17.277458333333335,79.74630833333335,79.74630833333335 17.275496666666665,79.74554333333334,79.74554333333334 17.273535000000003,79.74478000000002,79.74478000000002 17.271571666666663,79.74401833333333,79.74401833333333 17.26960833333333,79.743255,79.743255 17.267643333333336,79.74249333333334,79.74249333333334 17.265674999999998,79.74173000000002,79.74173000000002 17.263704999999998,79.740965,79.740965 17.26173,79.7402,79.7402 17.259746666666672,79.73943500000001,79.73943500000001 17.25775666666667,79.73866833333334,79.73866833333334 17.25575833333333,79.73790166666666,79.73790166666666 17.253753333333336,79.73713500000001,79.73713500000001 17.25174333333333,79.73636833333335,79.73636833333335 17.24973,79.73560166666667,79.73560166666667 17.247713333333337,79.73483333333333,79.73483333333333 17.24569666666667,79.73406666666666,79.73406666666666 17.243679999999998,79.73329999999999,79.73329999999999 17.241664999999998,79.73253333333334,79.73253333333334 17.239651666666667,79.73176666666666,79.73176666666666 17.23764166666667,79.73099833333335,79.73099833333335 17.235638333333334,79.73023166666668,79.73023166666668 17.233645000000003,79.729465,79.729465 17.231661666666668,79.72869666666666,79.72869666666666 17.229691666666668,79.72792666666668,79.72792666666668 17.22773,79.72715666666667,79.72715666666667 17.225775,79.726385,79.726385 17.223826666666664,79.72561166666667,79.72561166666667 17.221883333333334,79.72483833333334,79.72483833333334 17.219941666666667,79.72406333333333,79.72406333333333 17.218001666666662,79.72328833333333,79.72328833333333 17.216061666666665,79.72251166666668,79.72251166666668 17.214121666666667,79.72173500000001,79.72173500000001 17.21218,79.72095833333333,79.72095833333333 17.210235,79.72018,79.72018 17.208289999999998,79.71940000000001,79.71940000000001 17.20634,79.71862166666666,79.71862166666666 17.204388333333334,79.71784166666667,79.71784166666667 17.20243166666667,79.71706166666665,79.71706166666665 17.20047166666667,79.71628166666666,79.71628166666666 17.198504999999997,79.71550333333332,79.71550333333332 17.196536666666667,79.71472666666668,79.71472666666668 17.194563333333335,79.71395166666666,79.71395166666666 17.192585,79.71317666666668,79.71317666666668 17.190605,79.71240166666666,79.71240166666666 17.188621666666666,79.71162833333332,79.71162833333332 17.186633333333337,79.710855,79.710855 17.18463833333333,79.71008166666668,79.71008166666668 17.182639999999996,79.70930833333333,79.70930833333333 17.180636666666665,79.70853666666667,79.70853666666667 17.178628333333332,79.70776333333332,79.70776333333332 17.176621666666666,79.70699166666667,79.70699166666667 17.17462,79.70622,79.70622 17.172631666666668,79.70544666666666,79.70544666666666 17.170660000000005,79.70467333333333,79.70467333333333 17.168706666666665,79.70389833333334,79.70389833333334 17.166768333333334,79.70312333333334,79.70312333333334 17.164836666666666,79.70234833333333,79.70234833333333 17.162905000000002,79.701575,79.701575 17.160973333333335,79.7008,79.7008 17.159038333333335,79.70002666666664,79.70002666666664 17.157103333333335,79.69925166666667,79.69925166666667 17.155171666666664,79.69847833333334,79.69847833333334 17.153251666666662,79.69770166666667,79.69770166666667 17.151348333333335,79.696925,79.696925 17.149465,79.69614666666666,79.69614666666666 17.1476,79.69536666666667,79.69536666666667 17.14575166666667,79.69458333333334,79.69458333333334 17.143910000000005,79.6938,79.6938 17.142064999999995,79.69301666666668,79.69301666666668 17.14021666666667,79.69223000000001,79.69223000000001 17.138365,79.69144333333334,79.69144333333334 17.13650833333333,79.69065666666667,79.69065666666667 17.13464,79.68986833333334,79.68986833333334 17.132769999999997,79.68908,79.68908 17.130903333333332,79.68829000000001,79.68829000000001 17.129036666666664,79.68749833333332,79.68749833333332 17.127170000000003,79.68670666666667,79.68670666666667 17.12530333333333,79.68591333333333,79.68591333333333 17.12344166666667,79.68512166666667,79.68512166666667 17.12158,79.68432833333333,79.68432833333333 17.119706666666666,79.683535,79.683535 17.117818333333332,79.68274333333335,79.68274333333335 17.115911666666666,79.68195333333333,79.68195333333333 17.113984999999996,79.68116333333333,79.68116333333333 17.11203666666667,79.68037666666666,79.68037666666666 17.11006833333333,79.67959000000002,79.67959000000002 17.108081666666664,79.67880499999998,79.67880499999998 17.10608666666667,79.67802166666667,79.67802166666667 17.10408166666667,79.67723833333332,79.67723833333332 17.10206833333333,79.67645666666667,79.67645666666667 17.100046666666664,79.675675,79.675675 17.098025,79.674895,79.674895 17.096003333333332,79.67411333333332,79.67411333333332 17.093981666666664,79.67333333333333,79.67333333333333 17.091961666666666,79.67255333333333,79.67255333333333 17.08994666666667,79.67177166666667,79.67177166666667 17.08794166666667,79.67098999999999,79.67098999999999 17.085943333333336,79.67020833333333,79.67020833333333 17.083953333333334,79.669425,79.669425 17.081966666666666,79.66864333333332,79.66864333333332 17.07998166666667,79.66786,79.66786 17.07800333333333,79.66707666666666,79.66707666666666 17.076031666666665,79.66629333333334,79.66629333333334 17.07406333333333,79.66551166666666,79.66551166666666 17.07210166666667,79.66472833333333,79.66472833333333 17.070144999999997,79.66394666666667,79.66394666666667 17.068193333333333,79.66316333333333,79.66316333333333 17.066243333333336,79.66238166666668,79.66238166666668 17.06429333333333,79.66159999999999,79.66159999999999 17.062348333333333,79.66081833333332,79.66081833333332 17.060405,79.66003500000001,79.66003500000001 17.05846,79.65925333333333,79.65925333333333 17.056520000000003,79.65847166666667,79.65847166666667 17.05458666666667,79.65768833333333,79.65768833333333 17.052655,79.656905,79.656905 17.050723333333334,79.65611999999999,79.65611999999999 17.048795000000002,79.65533500000001,79.65533500000001 17.046868333333336,79.65454833333334,79.65454833333334 17.044943333333336,79.65376166666667,79.65376166666667 17.043018333333336,79.65297333333334,79.65297333333334 17.04110166666667,79.65218333333334,79.65218333333334 17.039186666666666,79.65139166666665,79.65139166666665 17.03727333333333,79.6506,79.6506 17.03536333333333,79.64980666666666,79.64980666666666 17.033455,79.64901166666668,79.64901166666668 17.03154666666667,79.64821833333333,79.64821833333333 17.02963666666667,79.64742166666666,79.64742166666666 17.027730000000002,79.646625,79.646625 17.025825,79.64582666666666,79.64582666666666 17.02391833333333,79.64502666666667,79.64502666666667 17.02201,79.64422500000002,79.64422500000002 17.020099999999996,79.64342166666667,79.64342166666667 17.018185,79.64261833333333,79.64261833333333 17.01626333333333,79.64181333333333,79.64181333333333 17.014329999999998,79.64100833333335,79.64100833333335 17.012386666666664,79.64020166666666,79.64020166666666 17.010431666666666,79.639395,79.639395 17.008463333333335,79.63858833333335,79.63858833333335 17.00648,79.63778000000002,79.63778000000002 17.004483333333337,79.63697166666667,79.63697166666667 17.002476666666666,79.63616166666667,79.63616166666667 17.000461666666666,79.63535166666668,79.63535166666668 16.998438333333336,79.63454333333335,79.63454333333335 16.996411666666663,79.63373333333334,79.63373333333334 16.994391666666672,79.63292166666666,79.63292166666666 16.992371666666667,79.63211166666666,79.63211166666666 16.99035,79.63130166666667,79.63130166666667 16.988328333333335,79.63049166666666,79.63049166666666 16.986315000000005,79.62968333333333,79.62968333333333 16.98430333333333,79.628875,79.628875 16.982294999999997,79.62807,79.62807 16.980295,79.62726500000001,79.62726500000001 16.97830666666667,79.62646000000001,79.62646000000001 16.97632666666667,79.62565833333333,79.62565833333333 16.974356666666665,79.62485666666667,79.62485666666667 16.972398333333338,79.62405666666668,79.62405666666668 16.970450000000003,79.62325833333333,79.62325833333333 16.968504999999997,79.62245999999999,79.62245999999999 16.96656833333333,79.62166333333333,79.62166333333333 16.96463166666667,79.62087000000001,79.62087000000001 16.962691666666668,79.62007666666666,79.62007666666666 16.960753333333333,79.61928333333334,79.61928333333334 16.958811666666666,79.61849166666666,79.61849166666666 16.956865,79.61770166666666,79.61770166666666 16.954913333333334,79.61691166666667,79.61691166666667 16.95295833333333,79.61612166666667,79.61612166666667 16.95099666666667,79.61533333333334,79.61533333333334 16.949031666666666,79.61454333333333,79.61454333333333 16.94706333333333,79.61375333333334,79.61375333333334 16.945091666666666,79.61296166666665,79.61296166666665 16.943113333333336,79.61216999999999,79.61216999999999 16.941133333333333,79.61137833333333,79.61137833333333 16.939151666666664,79.61058666666665,79.61058666666665 16.937166666666666,79.60979333333333,79.60979333333333 16.935181666666665,79.609,79.609 16.933199999999996,79.60820666666667,79.60820666666667 16.93122,79.60741166666666,79.60741166666666 16.92924166666667,79.60661499999999,79.60661499999999 16.92726833333333,79.60582,79.60582 16.925296666666668,79.60502166666666,79.60502166666666 16.923326666666664,79.60422499999999,79.60422499999999 16.92135833333333,79.60342666666666,79.60342666666666 16.919394999999998,79.60262833333333,79.60262833333333 16.917434999999998,79.60182999999999,79.60182999999999 16.915476666666663,79.60103000000001,79.60103000000001 16.913521666666668,79.60022999999998,79.60022999999998 16.91157166666667,79.59943,79.59943 16.909631666666666,79.59863,79.59863 16.9077,79.59782833333334,79.59782833333334 16.905775000000002,79.597025,79.597025 16.903848333333332,79.59622333333333,79.59622333333333 16.90191666666667,79.59542333333333,79.59542333333333 16.899973333333335,79.59462166666667,79.59462166666667 16.89802333333333,79.59382333333332,79.59382333333332 16.896058333333336,79.59302500000001,79.59302500000001 16.89407666666667,79.59222833333334,79.59222833333334 16.892075,79.59143333333334,79.59143333333334 16.890053333333334,79.59064,79.59064 16.888016666666662,79.58984666666667,79.58984666666667 16.885956666666665,79.58905500000002,79.58905500000002 16.883883333333333,79.58826499999999,79.58826499999999 16.881801666666668,79.587475,79.587475 16.87971333333333,79.58668333333334,79.58668333333334 16.877616666666665,79.58589333333333,79.58589333333333 16.875518333333332,79.58510333333334,79.58510333333334 16.873425,79.58431166666665,79.58431166666665 16.871336666666664,79.58352,79.58352 16.869251666666663,79.58272666666667,79.58272666666667 16.867171666666664,79.58193166666666,79.58193166666666 16.865101666666668,79.58113666666667,79.58113666666667 16.86304166666667,79.58033999999999,79.58033999999999 16.86099,79.57954166666666,79.57954166666666 16.858948333333334,79.57874166666667,79.57874166666667 16.856916666666667,79.57794000000001,79.57794000000001 16.85489,79.57713666666668,79.57713666666668 16.852863333333335,79.57633333333332,79.57633333333332 16.850836666666666,79.57552999999999,79.57552999999999 16.848811666666666,79.574725,79.574725 16.846786666666663,79.57392,79.57392 16.844759999999997,79.573115,79.573115 16.842726666666664,79.57230999999999,79.57230999999999 16.840688333333333,79.57150333333335,79.57150333333335 16.83864833333333,79.57069666666666,79.57069666666666 16.836615,79.56988999999999,79.56988999999999 16.83459333333333,79.56908,79.56908 16.832586666666668,79.56826833333332,79.56826833333332 16.830593333333336,79.56745333333335,79.56745333333335 16.82861333333333,79.56663666666668,79.56663666666668 16.826649999999997,79.56581833333333,79.56581833333333 16.824698333333334,79.56499666666667,79.56499666666667 16.822751666666665,79.56417499999999,79.56417499999999 16.820813333333337,79.56335166666666,79.56335166666666 16.818883333333336,79.56252833333332,79.56252833333332 16.816958333333336,79.561705,79.561705 16.815038333333334,79.56088166666666,79.56088166666666 16.813118333333332,79.56006000000001,79.56006000000001 16.811201666666665,79.55924,79.55924 16.809293333333336,79.55842166666667,79.55842166666667 16.807391666666668,79.55760333333332,79.55760333333332 16.8055,79.55678666666665,79.55678666666665 16.803621666666665,79.55597166666668,79.55597166666668 16.801755,79.55515833333334,79.55515833333334 16.799899999999997,79.554345,79.554345 16.798046666666668,79.55353333333333,79.55353333333333 16.796193333333335,79.55272499999998,79.55272499999998 16.79435166666667,79.551915,79.551915 16.79251,79.55110833333333,79.55110833333333 16.790656666666667,79.55030166666666,79.55030166666666 16.788793333333338,79.54949833333335,79.54949833333335 16.786916666666666,79.54869666666666,79.54869666666666 16.785025,79.54789666666667,79.54789666666667 16.78311666666667,79.54709666666665,79.54709666666665 16.781198333333332,79.54629833333334,79.54629833333334 16.77927,79.54549999999999,79.54549999999999 16.777331666666665,79.54470166666665,79.54470166666665 16.775381666666668,79.543905,79.543905 16.773428333333335,79.54310666666666,79.54310666666666 16.771475,79.54230833333332,79.54230833333332 16.769516666666668,79.54150833333334,79.54150833333334 16.767555,79.54070833333334,79.54070833333334 16.765595,79.53990833333334,79.53990833333334 16.763643333333334,79.53910666666667,79.53910666666667 16.7617,79.53830500000001,79.53830500000001 16.75977333333333,79.53750166666667,79.53750166666667 16.757866666666665,79.53669833333333,79.53669833333333 16.755968333333332,79.53589333333332,79.53589333333332 16.754078333333332,79.53508833333335,79.53508833333335 16.752196666666666,79.53428333333333,79.53428333333333 16.750321666666665,79.53347833333333,79.53347833333333 16.748443333333338,79.53267666666667,79.53267666666667 16.74656,79.531875,79.531875 16.744673333333335,79.53107666666666,79.53107666666666 16.742786666666664,79.53027833333334,79.53027833333334 16.74089833333333,79.52948333333333,79.52948333333333 16.739011666666666,79.52869166666665,79.52869166666665 16.737129999999997,79.52789999999999,79.52789999999999 16.735261666666666,79.52711166666666,79.52711166666666 16.733404999999998,79.52632499999999,79.52632499999999 16.731556666666666,79.52554,79.52554 16.729723333333332,79.524755,79.524755 16.72790333333333,79.52397166666665,79.52397166666665 16.72609333333333,79.52318666666667,79.52318666666667 16.724295,79.52240166666667,79.52240166666667 16.722510000000003,79.52161500000001,79.52161500000001 16.720730000000003,79.52082666666666,79.52082666666666 16.718948333333334,79.52003500000001,79.52003500000001 16.717156666666668,79.51924166666666,79.51924166666666 16.715341666666667,79.51844833333334,79.51844833333334 16.713496666666664,79.51765333333333,79.51765333333333 16.71162,79.51685833333333,79.51685833333333 16.709706666666666,79.51606166666669,79.51606166666669 16.707755,79.51526666666668,79.51526666666668 16.705773333333333,79.51447166666667,79.51447166666667 16.703768333333336,79.51367666666667,79.51367666666667 16.701735,79.51288166666666,79.51288166666666 16.699685,79.51208666666668,79.51208666666668 16.697633333333332,79.51128999999999,79.51128999999999 16.695588333333337,79.51049166666668,79.51049166666668 16.69354333333333,79.50969333333335,79.50969333333335 16.69149666666667,79.50889333333333,79.50889333333333 16.689458333333334,79.50808999999998,79.50808999999998 16.687425,79.50728666666667,79.50728666666667 16.68539666666667,79.50648166666666,79.50648166666666 16.68338,79.505675,79.505675 16.68138,79.50486833333333,79.50486833333333 16.67939833333333,79.50405833333333,79.50405833333333 16.677435,79.50324666666666,79.50324666666666 16.675486666666664,79.50243666666667,79.50243666666667 16.67353333333333,79.50162499999999,79.50162499999999 16.67158,79.500815,79.500815 16.669638333333335,79.50000333333334,79.50000333333334 16.667706666666668,79.49919166666666,79.49919166666666 16.665768333333332,79.49837833333332,79.49837833333332 16.663818333333335,79.49756666666667,79.49756666666667 16.661853333333333,79.496755,79.496755 16.659873333333334,79.49594333333334,79.49594333333334 16.65787666666667,79.49513166666667,79.49513166666667 16.655864999999995,79.49432,79.49432 16.653846666666666,79.49350666666666,79.49350666666666 16.651823333333333,79.49269333333332,79.49269333333332 16.649796666666667,79.49188000000001,79.49188000000001 16.64777,79.491065,79.491065 16.645748333333334,79.49025,79.49025 16.643726666666666,79.48943333333334,79.48943333333334 16.641703333333332,79.48861666666667,79.48861666666667 16.639683333333334,79.48779833333332,79.48779833333332 16.637661666666666,79.48697999999999,79.48697999999999 16.635638333333333,79.48616166666666,79.48616166666666 16.633615000000002,79.48534166666667,79.48534166666667 16.63159833333333,79.48452166666667,79.48452166666667 16.629583333333336,79.48370166666668,79.48370166666668 16.627568333333333,79.48288,79.48288 16.625555000000002,79.48206,79.48206 16.623541666666664,79.48123999999999,79.48123999999999 16.621528333333334,79.48042,79.48042 16.619523333333333,79.47960166666667,79.47960166666667 16.61753333333333,79.478785,79.478785 16.615554999999997,79.47796833333334,79.47796833333334 16.613590000000002,79.47715166666667,79.47715166666667 16.611636666666666,79.47633666666667,79.47633666666667 16.609693333333333,79.47552166666667,79.47552166666667 16.60775666666667,79.47470833333333,79.47470833333333 16.60582666666667,79.47389666666665,79.47389666666665 16.603913333333335,79.47308666666666,79.47308666666666 16.602016666666668,79.47227500000001,79.47227500000001 16.600138333333334,79.47146500000001,79.47146500000001 16.598275,79.470655,79.470655 16.596428333333332,79.469845,79.469845 16.594593333333336,79.46903499999999,79.46903499999999 16.59276,79.46822666666667,79.46822666666667 16.590933333333332,79.46741833333333,79.46741833333333 16.58911833333333,79.46661166666667,79.46661166666667 16.587316666666666,79.46580333333334,79.46580333333334 16.58552166666667,79.46499833333333,79.46499833333333 16.583735,79.46419333333333,79.46419333333333 16.58195666666667,79.46338833333333,79.46338833333333 16.580175,79.462585,79.462585 16.578383333333335,79.46178333333334,79.46178333333334 16.576591666666666,79.46098333333333,79.46098333333333 16.574798333333337,79.460185,79.460185 16.572996666666665,79.45938833333334,79.45938833333334 16.571186666666666,79.45859333333333,79.45859333333333 16.56937333333333,79.4578,79.4578 16.567563333333332,79.45700666666666,79.45700666666666 16.565745,79.456215,79.456215 16.56391666666667,79.45542333333333,79.45542333333333 16.56208333333333,79.45463166666667,79.45463166666667 16.560246666666668,79.45383833333335,79.45383833333335 16.55840166666667,79.45304333333334,79.45304333333334 16.556553333333333,79.45224833333333,79.45224833333333 16.554705000000002,79.45145333333333,79.45145333333333 16.552851666666665,79.45065833333332,79.45065833333332 16.550991666666672,79.44986333333334,79.44986333333334 16.549118333333336,79.44906833333333,79.44906833333333 16.547231666666665,79.448275,79.448275 16.54533,79.44748166666668,79.44748166666668 16.543409999999998,79.44669000000002,79.44669000000002 16.54146666666667,79.44589666666667,79.44589666666667 16.539508333333334,79.44510166666666,79.44510166666666 16.537540000000003,79.444305,79.444305 16.53555833333333,79.443505,79.443505 16.533563333333333,79.44270333333334,79.44270333333334 16.531560000000002,79.44189833333334,79.44189833333334 16.529549999999997,79.44109166666668,79.44109166666668 16.527536666666666,79.44028333333334,79.44028333333334 16.525525000000002,79.43947166666666,79.43947166666666 16.523511666666668,79.43865999999998,79.43865999999998 16.521494999999998,79.43784833333333,79.43784833333333 16.519478333333332,79.43703333333333,79.43703333333333 16.517463333333332,79.43621999999999,79.43621999999999 16.515448333333335,79.43540500000002,79.43540500000002 16.513436666666667,79.43458999999999,79.43458999999999 16.511431666666667,79.43377500000001,79.43377500000001 16.509426666666666,79.43295833333335,79.43295833333335 16.50742166666667,79.43214166666668,79.43214166666668 16.50541833333333,79.43132500000002,79.43132500000002 16.503415,79.43050833333335,79.43050833333335 16.501406666666664,79.42969166666666,79.42969166666666 16.499393333333334,79.42887499999999,79.42887499999999 16.497376666666664,79.42805833333333,79.42805833333333 16.495364999999996,79.42724166666666,79.42724166666666 16.49334833333333,79.42642666666669,79.42642666666669 16.491326666666662,79.42561000000002,79.42561000000002 16.489303333333336,79.42479333333335,79.42479333333335 16.48728,79.42397666666669,79.42397666666669 16.485251666666667,79.42316,79.42316 16.48322166666667,79.42234499999999,79.42234499999999 16.481198333333335,79.42152999999999,79.42152999999999 16.479178333333337,79.42071666666668,79.42071666666668 16.47716333333333,79.419905,79.419905 16.475156666666667,79.419095,79.419095 16.473153333333336,79.41828666666667,79.41828666666667 16.471154999999996,79.41747833333335,79.41747833333335 16.46916333333333,79.41667166666666,79.41667166666666 16.467181666666665,79.41586333333332,79.41586333333332 16.465204999999997,79.41505666666666,79.41505666666666 16.463235000000005,79.41425,79.41425 16.461270000000003,79.41344333333332,79.41344333333332 16.459311666666668,79.41263666666669,79.41263666666669 16.457356666666666,79.41183,79.41183 16.45540833333333,79.41102166666666,79.41102166666666 16.45346666666667,79.410215,79.410215 16.451526666666666,79.40940666666667,79.40940666666667 16.449589999999997,79.40859999999999,79.40859999999999 16.447654999999997,79.40779166666667,79.40779166666667 16.445725,79.40698333333334,79.40698333333334 16.443793333333335,79.406175,79.406175 16.441863333333334,79.40536499999999,79.40536499999999 16.439936666666664,79.404555,79.404555 16.438016666666663,79.40374499999999,79.40374499999999 16.4361,79.40293333333334,79.40293333333334 16.434184999999996,79.40212,79.40212 16.432276666666667,79.40130833333333,79.40130833333333 16.430373333333332,79.40049499999999,79.40049499999999 16.42846666666667,79.39968333333331,79.39968333333331 16.426556666666666,79.39887333333333,79.39887333333333 16.42465,79.39806333333334,79.39806333333334 16.422745000000003,79.397255,79.397255 16.42083166666667,79.39644833333334,79.39644833333334 16.418916666666664,79.395645,79.395645 16.417001666666668,79.39484166666665,79.39484166666665 16.415086666666664,79.39404,79.39404 16.413165,79.39323833333331,79.39323833333331 16.41124166666667,79.39244000000001,79.39244000000001 16.409316666666665,79.39164333333332,79.39164333333332 16.407391666666665,79.39084666666665,79.39084666666665 16.405465000000003,79.39005333333333,79.39005333333333 16.403533333333332,79.38926166666667,79.38926166666667 16.401598333333332,79.38847166666666,79.38847166666666 16.399661666666667,79.38768333333334,79.38768333333334 16.397721666666666,79.38689500000001,79.38689500000001 16.395785,79.38610833333334,79.38610833333334 16.393851666666666,79.38532166666667,79.38532166666667 16.39191333333333,79.384535,79.384535 16.38997,79.38374666666667,79.38374666666667 16.388028333333335,79.38296,79.38296 16.386084999999998,79.38217,79.38217 16.384140000000002,79.38138000000001,79.38138000000001 16.38219333333333,79.38058833333334,79.38058833333334 16.38025,79.37979499999999,79.37979499999999 16.37831,79.37900166666667,79.37900166666667 16.376385,79.378205,79.378205 16.374470000000002,79.37740833333334,79.37740833333334 16.37255833333333,79.37661,79.37661 16.370653333333333,79.37581,79.37581 16.36876,79.37501000000002,79.37501000000002 16.366873333333338,79.37420999999999,79.37420999999999 16.364991666666665,79.37341,79.37341 16.363118333333333,79.37260833333332,79.37260833333332 16.361253333333334,79.37180500000001,79.37180500000001 16.359393333333333,79.371,79.371 16.357538333333334,79.370195,79.370195 16.355695,79.36938833333333,79.36938833333333 16.353858333333335,79.36858,79.36858 16.35202833333333,79.36777000000001,79.36777000000001 16.350209999999997,79.36695666666667,79.36695666666667 16.348401666666664,79.36614333333333,79.36614333333333 16.34660166666667,79.36532999999999,79.36532999999999 16.344805,79.36451500000001,79.36451500000001 16.343013333333335,79.36370000000001,79.36370000000001 16.341224999999998,79.362885,79.362885 16.339443333333335,79.36207,79.36207 16.337664999999998,79.361255,79.361255 16.335883333333335,79.36044,79.36044 16.334103333333335,79.35962500000001,79.35962500000001 16.33232333333333,79.35881166666667,79.35881166666667 16.330546666666667,79.357995,79.357995 16.328773333333334,79.35718,79.35718 16.326998333333332,79.356365,79.356365 16.32522,79.35555,79.35555 16.323443333333334,79.35473499999999,79.35473499999999 16.321663333333333,79.35392166666668,79.35392166666668 16.31987666666667,79.35310833333334,79.35310833333334 16.318078333333336,79.352295,79.352295 16.316271666666665,79.35148333333335,79.35148333333335 16.314448333333335,79.35067166666667,79.35067166666667 16.312596666666664,79.34986333333333,79.34986333333333 16.310713333333332,79.349055,79.349055 16.30879333333333,79.34825166666667,79.34825166666667 16.30684666666667,79.34744833333332,79.34744833333332 16.30488,79.34664666666667,79.34664666666667 16.302891666666667,79.34584666666667,79.34584666666667 16.300891666666665,79.34505,79.34505 16.298886666666665,79.34425166666668,79.34425166666668 16.29688,79.343455,79.343455 16.294871666666666,79.34265833333333,79.34265833333333 16.292861666666663,79.34186166666667,79.34186166666667 16.290850000000002,79.34106333333334,79.34106333333334 16.288835,79.34026666666666,79.34026666666666 16.286818333333336,79.33946833333334,79.33946833333334 16.284803333333333,79.33867166666667,79.33867166666667 16.28278666666667,79.33787333333333,79.33787333333333 16.280765,79.33707666666668,79.33707666666668 16.27874333333333,79.33628,79.33628 16.276725000000003,79.33548333333333,79.33548333333333 16.274713333333334,79.33468666666667,79.33468666666667 16.272708333333334,79.33389,79.33389 16.270705,79.33309500000001,79.33309500000001 16.268715000000004,79.3323,79.3323 16.266741666666668,79.331505,79.331505 16.264778333333336,79.33071,79.33071 16.26282666666667,79.32991499999999,79.32991499999999 16.260883333333332,79.32912,79.32912 16.258950000000002,79.328325,79.328325 16.257023333333333,79.32753,79.32753 16.255105,79.32673333333332,79.32673333333332 16.253195,79.32593666666666,79.32593666666666 16.251288333333335,79.32513999999999,79.32513999999999 16.249381666666668,79.32434333333335,79.32434333333335 16.24748333333333,79.32354833333333,79.32354833333333 16.24559166666667,79.32275333333334,79.32275333333334 16.2437,79.32195833333333,79.32195833333333 16.241813333333337,79.32116500000001,79.32116500000001 16.23994,79.32037166666666,79.32037166666666 16.23808166666667,79.31957833333333,79.31957833333333 16.23624166666667,79.31878333333334,79.31878333333334 16.23442,79.31799,79.31799 16.232616666666672,79.31719499999998,79.31719499999998 16.230826666666665,79.31640166666666,79.31640166666666 16.229053333333333,79.31560833333333,79.31560833333333 16.22729833333333,79.31481500000001,79.31481500000001 16.225551666666668,79.31402333333335,79.31402333333335 16.22381333333333,79.31323333333333,79.31323333333333 16.222083333333334,79.31244333333333,79.31244333333333 16.22036166666667,79.311655,79.311655 16.218655,79.31086666666667,79.31086666666667 16.216961666666666,79.31008,79.31008 16.21527833333333,79.30929333333333,79.30929333333333 16.213606666666664,79.30850833333335,79.30850833333335 16.211946666666663,79.30772166666668,79.30772166666668 16.210296666666665,79.30693666666667,79.30693666666667 16.208645,79.30615,79.30615 16.206989999999998,79.305365,79.305365 16.205338333333334,79.30458166666666,79.30458166666666 16.203693333333337,79.303795,79.303795 16.202056666666667,79.30300999999999,79.30300999999999 16.20042,79.30222333333332,79.30222333333332 16.198781666666665,79.30143500000001,79.30143500000001 16.197146666666665,79.30064833333331,79.30064833333331 16.19551,79.29986000000001,79.29986000000001 16.193863333333333,79.29907166666668,79.29907166666668 16.19220833333333,79.29828333333332,79.29828333333332 16.190548333333336,79.29749666666667,79.29749666666667 16.188881666666667,79.29670833333331,79.29670833333331 16.187205,79.29592166666667,79.29592166666667 16.185520000000004,79.29513666666666,79.29513666666666 16.18383166666667,79.29435166666669,79.29435166666669 16.182139999999997,79.29356666666665,79.29356666666665 16.180441666666667,79.29278333333333,79.29278333333333 16.178738333333335,79.29200166666666,79.29200166666666 16.177038333333332,79.29122000000001,79.29122000000001 16.175341666666668,79.29043833333333,79.29043833333333 16.17364333333333,79.28965666666667,79.28965666666667 16.171944999999997,79.288875,79.288875 16.170246666666667,79.28809166666666,79.28809166666666 16.168550000000003,79.28731,79.28731 16.166848333333334,79.28652666666666,79.28652666666666 16.165143333333333,79.285745,79.285745 16.16344,79.28496333333332,79.28496333333332 16.16174,79.28418166666665,79.28418166666665 16.160041666666668,79.2834,79.2834 16.158343333333335,79.28262000000001,79.28262000000001 16.156648333333333,79.28184,79.28184 16.154956666666664,79.28106166666667,79.28106166666667 16.153266666666667,79.28028333333334,79.28028333333334 16.151580000000003,79.27950666666666,79.27950666666666 16.1499,79.27872833333333,79.27872833333333 16.148226666666666,79.27794833333334,79.27794833333334 16.146555,79.27716833333334,79.27716833333334 16.14488166666667,79.27638833333334,79.27638833333334 16.143206666666664,79.27560666666666,79.27560666666666 16.141526666666667,79.274825,79.274825 16.139838333333334,79.27404333333334,79.27404333333334 16.138143333333336,79.27326166666666,79.27326166666666 16.136438333333338,79.27248,79.27248 16.13472833333333,79.27170000000001,79.27170000000001 16.133008333333333,79.27091999999999,79.27091999999999 16.13128,79.27014000000001,79.27014000000001 16.129541666666668,79.26936000000002,79.26936000000002 16.12779833333333,79.26858166666666,79.26858166666666 16.126048333333333,79.26780166666668,79.26780166666668 16.124286666666666,79.26702333333333,79.26702333333333 16.122518333333332,79.266245,79.266245 16.12074,79.26546833333335,79.26546833333335 16.11895833333333,79.26469000000002,79.26469000000002 16.117175000000003,79.26391166666667,79.26391166666667 16.115389999999998,79.26313333333331,79.26313333333331 16.113598333333336,79.26235666666668,79.26235666666668 16.111805,79.26157833333333,79.26157833333333 16.110010000000003,79.26080333333333,79.26080333333333 16.108208333333337,79.26002666666666,79.26002666666666 16.106399999999997,79.25925333333333,79.25925333333333 16.104585000000004,79.25847999999999,79.25847999999999 16.102764999999998,79.25770999999999,79.25770999999999 16.100935,79.25693999999999,79.25693999999999 16.099099999999996,79.25617333333334,79.25617333333334 16.097258333333333,79.25540666666667,79.25540666666667 16.095415,79.25464166666669,79.25464166666669 16.093568333333334,79.25387833333333,79.25387833333333 16.09172333333333,79.25311666666667,79.25311666666667 16.08987666666667,79.25235500000001,79.25235500000001 16.088029999999996,79.25159500000001,79.25159500000001 16.086183333333334,79.25083666666667,79.25083666666667 16.08434,79.25007833333333,79.25007833333333 16.082496666666668,79.24932166666669,79.24932166666669 16.080649999999995,79.24856333333335,79.24856333333335 16.078805,79.24780500000001,79.24780500000001 16.076961666666666,79.24704499999999,79.24704499999999 16.075116666666666,79.24628333333332,79.24628333333332 16.07327166666667,79.24552,79.24552 16.071431666666665,79.24475666666667,79.24475666666667 16.0696,79.24399,79.24399 16.067771666666665,79.24322166666667,79.24322166666667 16.065941666666667,79.24245333333333,79.24245333333333 16.064114999999997,79.24168166666666,79.24168166666666 16.062291666666667,79.24090833333332,79.24090833333332 16.060465,79.24013333333333,79.24013333333333 16.058625,79.23935666666667,79.23935666666667 16.056773333333336,79.23857833333334,79.23857833333334 16.054915000000005,79.23779833333333,79.23779833333333 16.053048333333336,79.23701666666665,79.23701666666665 16.051173333333335,79.236235,79.236235 16.049288333333333,79.23545000000001,79.23545000000001 16.047395,79.23466666666667,79.23466666666667 16.045493333333333,79.23388166666668,79.23388166666668 16.043586666666666,79.23309666666667,79.23309666666667 16.041676666666667,79.23231333333332,79.23231333333332 16.039763333333333,79.23153166666667,79.23153166666667 16.037855,79.23075166666665,79.23075166666665 16.035955,79.22997166666667,79.22997166666667 16.03407,79.22919166666668,79.22919166666668 16.032189999999996,79.22841333333335,79.22841333333335 16.030316666666668,79.22763666666667,79.22763666666667 16.02845,79.22685833333334,79.22685833333334 16.02659666666667,79.22608000000001,79.22608000000001 16.024758333333335,79.22530166666667,79.22530166666667 16.02293,79.224525,79.224525 16.021111666666666,79.22374666666667,79.22374666666667 16.019305000000003,79.22296999999999,79.22296999999999 16.017509999999998,79.22219333333335,79.22219333333335 16.015721666666664,79.22141666666667,79.22141666666667 16.013941666666664,79.22064166666667,79.22064166666667 16.01217333333333,79.219865,79.219865 16.01041166666667,79.21908833333335,79.21908833333335 16.008663333333335,79.21831166666665,79.21831166666665 16.00693,79.217535,79.217535 16.005213333333334,79.21675666666667,79.21675666666667 16.003508333333333,79.21597833333334,79.21597833333334 16.001815,79.2152,79.2152 16.000135000000004,79.21442166666667,79.21442166666667 15.998461666666666,79.21364166666667,79.21364166666667 15.996789999999997,79.21286333333333,79.21286333333333 15.995120000000002,79.21208333333334,79.21208333333334 15.99345,79.21130499999998,79.21130499999998 15.991776666666665,79.21052666666667,79.21052666666667 15.990096666666668,79.20975,79.20975 15.988406666666664,79.20897333333333,79.20897333333333 15.986704999999999,79.20819666666665,79.20819666666665 15.984995,79.20742333333334,79.20742333333334 15.98327,79.20665000000001,79.20665000000001 15.981531666666667,79.20588,79.20588 15.979785,79.20510999999999,79.20510999999999 15.978028333333336,79.20434166666668,79.20434166666668 15.976263333333334,79.20357333333332,79.20357333333332 15.974489999999998,79.20280666666667,79.20280666666667 15.972713333333335,79.20203666666667,79.20203666666667 15.970931666666669,79.20126833333333,79.20126833333333 15.969143333333333,79.20049833333334,79.20049833333334 15.967351666666666,79.19972833333334,79.19972833333334 15.965554999999997,79.19895666666666,79.19895666666666 15.963753333333331,79.19818333333333,79.19818333333333 15.96194,79.19741166666667,79.19741166666667 15.960115,79.19663999999999,79.19663999999999 15.958278333333332,79.19586999999999,79.19586999999999 15.956434999999999,79.19509833333333,79.19509833333333 15.95458666666667,79.19432666666667,79.19432666666667 15.952736666666665,79.193555,79.193555 15.950890000000001,79.19278166666666,79.19278166666666 15.949046666666668,79.19200833333333,79.19200833333333 15.947201666666668,79.19123500000002,79.19123500000002 15.945351666666667,79.19046166666666,79.19046166666666 15.943506666666668,79.18969000000001,79.18969000000001 15.941665,79.18891666666666,79.18891666666666 15.939826666666667,79.18814333333334,79.18814333333334 15.937991666666669,79.18736999999999,79.18736999999999 15.936155,79.18659666666667,79.18659666666667 15.934316666666666,79.18582166666666,79.18582166666666 15.932479999999996,79.18504666666665,79.18504666666665 15.930646666666668,79.18427,79.18427 15.92882,79.18349333333333,79.18349333333333 15.926999999999998,79.18271333333334,79.18271333333334 15.925185,79.18193333333333,79.18193333333333 15.923376666666664,79.18115333333334,79.18115333333334 15.921578333333333,79.18037166666666,79.18037166666666 15.919796666666665,79.17958833333334,79.17958833333334 15.918031666666664,79.178805,79.178805 15.916285,79.17802166666667,79.17802166666667 15.914555,79.17723666666666,79.17723666666666 15.912846666666667,79.17645333333334,79.17645333333334 15.911158333333333,79.17566833333333,79.17566833333333 15.909485,79.17488333333336,79.17488333333336 15.907828333333335,79.17409833333332,79.17409833333332 15.906188333333334,79.17331166666668,79.17331166666668 15.904564999999998,79.17252666666667,79.17252666666667 15.902958333333332,79.17173833333334,79.17173833333334 15.901368333333336,79.17095166666667,79.17095166666667 15.89979,79.17016333333333,79.17016333333333 15.89822666666667,79.169375,79.169375 15.896673333333334,79.16858500000001,79.16858500000001 15.895128333333334,79.16779499999998,79.16779499999998 15.893591666666667,79.16700333333333,79.16700333333333 15.892061666666667,79.16621333333333,79.16621333333333 15.890533333333336,79.16542166666667,79.16542166666667 15.889001666666665,79.16462999999999,79.16462999999999 15.88747,79.16383833333333,79.16383833333333 15.885935,79.16304666666666,79.16304666666666 15.884398333333335,79.162255,79.162255 15.882848333333333,79.161465,79.161465 15.881279999999999,79.16067500000001,79.16067500000001 15.879691666666668,79.15988666666668,79.15988666666668 15.878081666666667,79.15909833333335,79.15909833333335 15.876449999999998,79.15831166666668,79.15831166666668 15.874796666666668,79.15752833333333,79.15752833333333 15.873125,79.156745,79.156745 15.871436666666666,79.15596333333332,79.15596333333332 15.869733333333333,79.15518333333333,79.15518333333333 15.868016666666666,79.15440333333333,79.15440333333333 15.866285000000001,79.15362666666665,79.15362666666665 15.864541666666666,79.15285000000002,79.15285000000002 15.862793333333332,79.152075,79.152075 15.861038333333331,79.15130000000002,79.15130000000002 15.859276666666666,79.15052666666666,79.15052666666666 15.85751166666667,79.14975500000001,79.14975500000001 15.855743333333331,79.14898333333335,79.14898333333335 15.853973333333332,79.14821166666667,79.14821166666667 15.852203333333334,79.14744,79.14744 15.850433333333335,79.14666833333334,79.14666833333334 15.848661666666665,79.14589666666669,79.14589666666669 15.846885,79.14512666666666,79.14512666666666 15.845108333333334,79.144355,79.144355 15.843326666666666,79.14358333333334,79.14358333333334 15.84153833333333,79.14281333333334,79.14281333333334 15.839748333333334,79.14204333333335,79.14204333333335 15.837959999999999,79.14127166666668,79.14127166666668 15.836174999999999,79.14050166666667,79.14050166666667 15.834391666666665,79.13973333333333,79.13973333333333 15.832608333333335,79.13896333333332,79.13896333333332 15.830829999999999,79.138195,79.138195 15.829056666666666,79.13742833333335,79.13742833333335 15.827285,79.13666166666667,79.13666166666667 15.825518333333331,79.13589666666665,79.13589666666665 15.823761666666666,79.13513166666667,79.13513166666667 15.822011666666667,79.13436833333334,79.13436833333334 15.820265,79.13360666666668,79.13360666666668 15.818525000000001,79.13284666666667,79.13284666666667 15.816793333333331,79.13208833333333,79.13208833333333 15.815066666666665,79.13132999999999,79.13132999999999 15.813348333333334,79.13057333333333,79.13057333333333 15.811636666666669,79.12981833333332,79.12981833333332 15.80992666666667,79.12906333333333,79.12906333333333 15.808214999999999,79.12831166666668,79.12831166666668 15.80651,79.12755833333334,79.12755833333334 15.804808333333336,79.12680666666665,79.12680666666665 15.80311,79.126055,79.126055 15.801416666666666,79.125305,79.125305 15.799729999999998,79.12455499999999,79.12455499999999 15.798048333333336,79.12380499999999,79.12380499999999 15.796373333333333,79.12305500000001,79.12305500000001 15.794706666666665,79.12230500000001,79.12230500000001 15.793048333333335,79.12155500000001,79.12155500000001 15.791398333333332,79.120805,79.120805 15.789754999999998,79.12005333333332,79.12005333333332 15.788118333333333,79.11930166666666,79.11930166666666 15.786486666666667,79.11855,79.11855 15.784856666666668,79.11779833333333,79.11779833333333 15.783229999999998,79.117045,79.117045 15.781605,79.11629166666665,79.11629166666665 15.77998,79.11553833333333,79.11553833333333 15.77835833333333,79.114785,79.114785 15.776741666666666,79.11403000000001,79.11403000000001 15.775124999999997,79.113275,79.113275 15.773508333333334,79.11251999999999,79.11251999999999 15.771894999999999,79.111765,79.111765 15.770285000000003,79.11101000000001,79.11101000000001 15.768675,79.110255,79.110255 15.767066666666665,79.10949999999998,79.10949999999998 15.765458333333333,79.10874666666666,79.10874666666666 15.763849999999998,79.10799166666668,79.10799166666668 15.762238333333336,79.10723833333333,79.10723833333333 15.760628333333333,79.10648333333333,79.10648333333333 15.759021666666667,79.10572999999998,79.10572999999998 15.757413333333332,79.10497666666666,79.10497666666666 15.755803333333333,79.10422166666667,79.10422166666667 15.754193333333335,79.10346833333332,79.10346833333332 15.752583333333332,79.10271333333333,79.10271333333333 15.750971666666667,79.10195999999998,79.10195999999998 15.749355,79.101205,79.101205 15.747736666666666,79.10045000000001,79.10045000000001 15.746120000000001,79.09969500000001,79.09969500000001 15.7445,79.09894,79.09894 15.742871666666668,79.09818499999999,79.09818499999999 15.741238333333335,79.09742833333334,79.09742833333334 15.739598333333333,79.09667333333333,79.09667333333333 15.737951666666667,79.09592,79.09592 15.736293333333332,79.095165,79.095165 15.73463,79.09441166666666,79.09441166666666 15.732961666666666,79.09365833333334,79.09365833333334 15.731291666666666,79.09290500000002,79.09290500000002 15.729611666666665,79.09215333333333,79.09215333333333 15.727919999999997,79.09140166666666,79.09140166666666 15.726225,79.09065166666666,79.09065166666666 15.72453,79.0899,79.0899 15.722823333333334,79.08914833333333,79.08914833333333 15.721103333333334,79.08839666666667,79.08839666666667 15.719374999999998,79.08764666666667,79.08764666666667 15.71764,79.086895,79.086895 15.71589166666667,79.086145,79.086145 15.714133333333335,79.08539333333334,79.08539333333334 15.712365,79.08464333333333,79.08464333333333 15.710589999999996,79.08389166666664,79.08389166666664 15.708806666666666,79.08314000000001,79.08314000000001 15.707020000000002,79.08238833333333,79.08238833333333 15.705231666666668,79.08163666666665,79.08163666666665 15.703445,79.08088333333333,79.08088333333333 15.701656666666667,79.08013166666667,79.08013166666667 15.699865,79.07937833333334,79.07937833333334 15.698075,79.07862666666665,79.07862666666665 15.696285,79.07787333333333,79.07787333333333 15.694494999999998,79.07712166666667,79.07712166666667 15.692708333333334,79.07637,79.07637 15.690926666666666,79.07561833333331,79.07561833333331 15.689151666666664,79.07486666666668,79.07486666666668 15.687383333333331,79.07411499999999,79.07411499999999 15.685629999999998,79.07336333333332,79.07336333333332 15.683890000000002,79.07261166666666,79.07261166666666 15.682165000000001,79.07186,79.07186 15.68045,79.07110833333333,79.07110833333333 15.678746666666665,79.07035833333333,79.07035833333333 15.677051666666667,79.06960666666667,79.06960666666667 15.675366666666667,79.06885666666666,79.06885666666666 15.673691666666665,79.06810833333333,79.06810833333333 15.672023333333334,79.06735833333333,79.06735833333333 15.670361666666667,79.06661000000001,79.06661000000001 15.668705,79.06586166666665,79.06586166666665 15.66705166666667,79.06511499999999,79.06511499999999 15.665399999999998,79.06436833333335,79.06436833333335 15.663755,79.06362166666666,79.06362166666666 15.662116666666668,79.06287499999999,79.06287499999999 15.660483333333332,79.06213,79.06213 15.658853333333331,79.06138333333332,79.06138333333332 15.657229999999998,79.06063666666667,79.06063666666667 15.655611666666669,79.05989,79.05989 15.654001666666666,79.05914333333334,79.05914333333334 15.652399999999998,79.058395,79.058395 15.650808333333336,79.05764500000001,79.05764500000001 15.649225000000001,79.056895,79.056895 15.647648333333333,79.05614333333334,79.05614333333334 15.646076666666668,79.05539000000002,79.05539000000002 15.644511666666666,79.05463666666667,79.05463666666667 15.642953333333333,79.05388166666667,79.05388166666667 15.641405,79.053125,79.053125 15.639865,79.05236833333332,79.05236833333332 15.638326666666668,79.05160999999998,79.05160999999998 15.636791666666667,79.05085333333334,79.05085333333334 15.635261666666667,79.050095,79.050095 15.633736666666668,79.04933666666669,79.04933666666669 15.632215,79.04857999999999,79.04857999999999 15.630696666666667,79.04782333333334,79.04782333333334 15.629178333333336,79.04706666666667,79.04706666666667 15.627654999999999,79.04631166666667,79.04631166666667 15.626125000000002,79.04555666666666,79.04555666666666 15.624591666666667,79.04480333333333,79.04480333333333 15.623056666666665,79.04405166666668,79.04405166666668 15.621515,79.0433,79.0433 15.619961666666665,79.04254833333331,79.04254833333331 15.618398333333335,79.04179833333332,79.04179833333332 15.61683,79.04104833333334,79.04104833333334 15.615248333333334,79.04029666666668,79.04029666666668 15.613653333333332,79.03954666666668,79.03954666666668 15.612048333333334,79.03879833333333,79.03879833333333 15.610440000000002,79.03804833333334,79.03804833333334 15.608821666666666,79.03729833333334,79.03729833333334 15.607193333333331,79.03654833333333,79.03654833333333 15.605559999999997,79.0358,79.0358 15.603921666666668,79.03505,79.03505 15.602283333333332,79.03429999999999,79.03429999999999 15.60063833333333,79.03355166666668,79.03355166666668 15.598988333333335,79.03280166666667,79.03280166666667 15.597333333333333,79.03205333333334,79.03205333333334 15.595683333333334,79.03130666666667,79.03130666666667 15.594035000000002,79.03056000000001,79.03056000000001 15.592385000000002,79.02981333333334,79.02981333333334 15.590736666666665,79.02906833333334,79.02906833333334 15.589091666666665,79.028325,79.028325 15.587446666666663,79.02758166666666,79.02758166666666 15.585799999999997,79.02683999999999,79.02683999999999 15.584151666666667,79.02609833333334,79.02609833333334 15.582508333333331,79.02535666666667,79.02535666666667 15.580868333333333,79.02461333333333,79.02461333333333 15.579231666666665,79.02387000000002,79.02387000000002 15.577598333333333,79.02312666666666,79.02312666666666 15.575966666666666,79.02238333333334,79.02238333333334 15.574339999999998,79.02163833333334,79.02163833333334 15.572715,79.02089166666667,79.02089166666667 15.571093333333334,79.02014666666668,79.02014666666668 15.569473333333335,79.0194,79.0194 15.567853333333336,79.01865500000001,79.01865500000001 15.566233333333331,79.01790833333334,79.01790833333334 15.564611666666668,79.01716333333334,79.01716333333334 15.562985,79.01641833333333,79.01641833333333 15.561358333333333,79.01567333333334,79.01567333333334 15.559731666666666,79.01492833333333,79.01492833333333 15.558101666666667,79.014185,79.014185 15.556470000000001,79.01344,79.01344 15.554841666666666,79.01269666666668,79.01269666666668 15.553210000000002,79.01195500000001,79.01195500000001 15.551575,79.01121333333334,79.01121333333334 15.549941666666665,79.01047333333332,79.01047333333332 15.54831,79.009735,79.009735 15.546678333333332,79.00899666666666,79.00899666666666 15.545046666666668,79.00826,79.00826 15.543411666666668,79.007525,79.007525 15.541771666666667,79.00679166666667,79.00679166666667 15.54013,79.00605833333334,79.00605833333334 15.538483333333334,79.00532666666668,79.00532666666668 15.536835,79.00459500000001,79.00459500000001 15.535179999999999,79.00386333333334,79.00386333333334 15.533518333333332,79.00312999999998,79.00312999999998 15.531855,79.00239666666666,79.00239666666666 15.530193333333333,79.00166166666666,79.00166166666666 15.528530000000002,79.00092500000001,79.00092500000001 15.526861666666663,79.00018833333333,79.00018833333333 15.525195000000002,78.99945000000001,78.99945000000001 15.523533333333335,78.99871,78.99871 15.521873333333334,78.99797,78.99797 15.520218333333332,78.99722833333334,78.99722833333334 15.518563333333336,78.99648666666667,78.99648666666667 15.516906666666669,78.995745,78.995745 15.515254999999998,78.99500333333334,78.99500333333334 15.513610000000003,78.99426166666667,78.99426166666667 15.511966666666668,78.99351833333334,78.99351833333334 15.510321666666668,78.99277666666666,78.99277666666666 15.508678333333336,78.99203333333332,78.99203333333332 15.507035,78.99129,78.99129 15.505386666666668,78.99054666666665,78.99054666666665 15.503734999999997,78.98980333333334,78.98980333333334 15.502078333333333,78.98905833333333,78.98905833333333 15.500414999999998,78.988315,78.988315 15.498745000000001,78.98756833333333,78.98756833333333 15.497066666666667,78.98682333333333,78.98682333333333 15.495378333333333,78.98607833333335,78.98607833333335 15.493688333333333,78.98533166666667,78.98533166666667 15.491998333333333,78.984585,78.984585 15.49031,78.98383833333334,78.98383833333334 15.488621666666665,78.98309,78.98309 15.486936666666669,78.98234333333333,78.98234333333333 15.485251666666665,78.98159666666668,78.98159666666668 15.483568333333334,78.98085,78.98085 15.481888333333332,78.98010500000001,78.98010500000001 15.480213333333332,78.97935833333334,78.97935833333334 15.478539999999997,78.978615,78.978615 15.476868333333336,78.97787166666667,78.97787166666667 15.475196666666667,78.97712833333333,78.97712833333333 15.473526666666665,78.97638666666666,78.97638666666666 15.47185666666667,78.975645,78.975645 15.470188333333331,78.97490500000002,78.97490500000002 15.46851666666667,78.97416499999999,78.97416499999999 15.46684,78.97342666666667,78.97342666666667 15.46516,78.97268833333334,78.97268833333334 15.463476666666667,78.97195166666668,78.97195166666668 15.461791666666667,78.97121333333334,78.97121333333334 15.460108333333334,78.97047666666668,78.97047666666668 15.458421666666666,78.96974166666666,78.96974166666666 15.456733333333332,78.969005,78.969005 15.455044999999998,78.96827,78.96827 15.453354999999998,78.96753666666667,78.96753666666667 15.451661666666666,78.96680166666668,78.96680166666668 15.449963333333336,78.96607000000002,78.96607000000002 15.448263333333333,78.96533833333332,78.96533833333332 15.446563333333332,78.96460666666668,78.96460666666668 15.444866666666668,78.96387666666668,78.96387666666668 15.443173333333334,78.96314666666667,78.96314666666667 15.441478333333336,78.96241666666667,78.96241666666667 15.439781666666667,78.96168833333333,78.96168833333333 15.438085000000003,78.96095999999999,78.96095999999999 15.436389999999998,78.96023333333332,78.96023333333332 15.434696666666664,78.95950500000001,78.95950500000001 15.433006666666666,78.95877833333333,78.95877833333333 15.431329999999997,78.95805000000001,78.95805000000001 15.429673333333334,78.95732166666667,78.95732166666667 15.428030000000001,78.95659,78.95659 15.426398333333337,78.95585833333334,78.95585833333334 15.424776666666666,78.95512500000001,78.95512500000001 15.42317,78.95438999999999,78.95438999999999 15.421578333333331,78.95365333333334,78.95365333333334 15.420001666666666,78.95291666666668,78.95291666666668 15.418435,78.95217833333332,78.95217833333332 15.41688,78.95144166666667,78.95144166666667 15.415338333333333,78.95070333333332,78.95070333333332 15.413803333333332,78.94996666666667,78.94996666666667 15.412276666666665,78.94923000000001,78.94923000000001 15.41075666666667,78.94849333333333,78.94849333333333 15.409254999999998,78.94775833333333,78.94775833333333 15.407774999999999,78.94702333333333,78.94702333333333 15.406313333333333,78.94628666666668,78.94628666666668 15.40487,78.94555,78.94555 15.403444999999998,78.94481333333334,78.94481333333334 15.402041666666667,78.944075,78.944075 15.400658333333336,78.94333666666667,78.94333666666667 15.399286666666669,78.94259833333335,78.94259833333335 15.397923333333331,78.94185833333331,78.94185833333331 15.396563333333333,78.94112,78.94112 15.395211666666668,78.94038166666667,78.94038166666667 15.393871666666668,78.93964333333332,78.93964333333332 15.392536666666668,78.938905,78.938905 15.391203333333333,78.93816833333332,78.93816833333332 15.389868333333334,78.93743166666667,78.93743166666667 15.388531666666664,78.936695,78.936695 15.38719166666667,78.93596000000001,78.93596000000001 15.385843333333332,78.93522500000002,78.93522500000002 15.384491666666667,78.93449,78.93449 15.383140000000001,78.93375333333334,78.93375333333334 15.38179,78.93301833333332,78.93301833333332 15.38043,78.93228333333333,78.93228333333333 15.379058333333333,78.93155166666666,78.93155166666666 15.377674999999998,78.93082166666666,78.93082166666666 15.376273333333334,78.93009333333332,78.93009333333332 15.37487,78.92936666666667,78.92936666666667 15.373478333333331,78.92863999999999,78.92863999999999 15.372076666666667,78.92791333333334,78.92791333333334 15.370651666666667,78.92719,78.92719 15.369228333333336,78.92646833333333,78.92646833333333 15.367808333333336,78.925745,78.925745 15.366368333333332,78.92502333333333,78.92502333333333 15.364921666666666,78.92430166666666,78.92430166666666 15.363466666666667,78.92358166666666,78.92358166666666 15.36199666666667,78.92286166666665,78.92286166666665 15.360506666666668,78.92214166666668,78.92214166666668 15.359004999999998,78.92142499999999,78.92142499999999 15.357491666666666,78.92070833333334,78.92070833333334 15.355966666666667,78.91999166666665,78.91999166666665 15.354429999999999,78.919275,78.919275 15.352886666666667,78.91855666666667,78.91855666666667 15.351333333333331,78.91783666666667,78.91783666666667 15.349766666666667,78.91711333333333,78.91711333333333 15.348188333333335,78.91638666666665,78.91638666666665 15.346593333333333,78.91565833333334,78.91565833333334 15.344979999999998,78.91492833333334,78.91492833333334 15.343343333333333,78.91419833333333,78.91419833333333 15.34169,78.91346666666666,78.91346666666666 15.34002,78.912735,78.912735 15.338338333333335,78.91200333333333,78.91200333333333 15.336643333333333,78.91127166666666,78.91127166666666 15.334939999999998,78.91053833333334,78.91053833333334 15.333228333333334,78.90980333333334,78.90980333333334 15.331515000000001,78.90906833333332,78.90906833333332 15.329798333333335,78.90832833333334,78.90832833333334 15.328076666666668,78.90758833333332,78.90758833333332 15.326355000000001,78.90684666666665,78.90684666666665 15.324636666666667,78.90610166666667,78.90610166666667 15.322925000000001,78.90535666666665,78.90535666666665 15.321216666666665,78.90460833333334,78.90460833333334 15.319506666666665,78.90386166666666,78.90386166666666 15.317798333333332,78.90311499999999,78.90311499999999 15.316091666666667,78.90236666666667,78.90236666666667 15.314383333333334,78.90161833333333,78.90161833333333 15.312673333333331,78.90087166666667,78.90087166666667 15.310965,78.90012333333334,78.90012333333334 15.309255,78.899375,78.899375 15.307543333333333,78.898625,78.898625 15.30583333333333,78.89787333333334,78.89787333333334 15.304123333333331,78.89711999999999,78.89711999999999 15.302411666666668,78.896365,78.896365 15.300696666666665,78.89560666666667,78.89560666666667 15.298981666666668,78.894845,78.894845 15.29727,78.89408166666668,78.89408166666668 15.29556,78.893315,78.893315 15.293848333333337,78.89254666666666,78.89254666666666 15.292138333333334,78.89177666666667,78.89177666666667 15.290431666666665,78.891005,78.891005 15.288733333333333,78.89023333333333,78.89023333333333 15.287043333333333,78.88945833333334,78.88945833333334 15.285361666666665,78.88868333333333,78.88868333333333 15.283681666666666,78.88790499999999,78.88790499999999 15.282003333333334,78.887125,78.887125 15.280326666666667,78.886345,78.886345 15.278648333333335,78.88556333333332,78.88556333333332 15.276961666666665,78.88478166666665,78.88478166666665 15.275271666666667,78.884,78.884 15.273575000000003,78.88321833333332,78.88321833333332 15.271865,78.88243666666668,78.88243666666668 15.270148333333337,78.88165666666666,78.88165666666666 15.268428333333336,78.88087666666667,78.88087666666667 15.266701666666664,78.88009833333334,78.88009833333334 15.264968333333334,78.87932333333332,78.87932333333332 15.263235000000002,78.87854666666668,78.87854666666668 15.261503333333334,78.87777166666666,78.87777166666666 15.259766666666668,78.876995,78.876995 15.25802333333333,78.87621666666668,78.87621666666668 15.256278333333334,78.875435,78.875435 15.254526666666667,78.87465166666665,78.87465166666665 15.252765,78.87386666666667,78.87386666666667 15.251001666666667,78.87308,78.87308 15.249234999999999,78.87229166666667,78.87229166666667 15.247461666666666,78.871505,78.871505 15.245683333333334,78.87071666666667,78.87071666666667 15.243903333333332,78.86993,78.86993 15.242116666666666,78.86914499999999,78.86914499999999 15.240329999999998,78.86836000000001,78.86836000000001 15.238546666666664,78.86757666666668,78.86757666666668 15.23676333333333,78.866795,78.866795 15.23498,78.86601333333334,78.86601333333334 15.233198333333332,78.86523333333332,78.86523333333332 15.23142,78.86445333333333,78.86445333333333 15.229641666666666,78.86367333333332,78.86367333333332 15.227861666666668,78.862895,78.862895 15.226081666666667,78.86211666666667,78.86211666666667 15.224308333333333,78.86133833333332,78.86133833333332 15.222541666666665,78.86055999999999,78.86055999999999 15.22078,78.85978333333334,78.85978333333334 15.219026666666666,78.85900666666667,78.85900666666667 15.21728,78.85823166666667,78.85823166666667 15.215538333333333,78.85746,78.85746 15.213803333333331,78.85668833333334,78.85668833333334 15.212076666666666,78.85591833333332,78.85591833333332 15.210353333333334,78.85515000000001,78.85515000000001 15.208628333333335,78.85438166666667,78.85438166666667 15.206904999999997,78.85361666666667,78.85361666666667 15.205186666666668,78.85285166666665,78.85285166666665 15.203466666666667,78.85208666666666,78.85208666666666 15.201743333333333,78.85132333333331,78.85132333333331 15.200019999999999,78.85055833333332,78.85055833333332 15.198290000000002,78.84979333333334,78.84979333333334 15.196553333333336,78.84902833333334,78.84902833333334 15.194813333333332,78.84826333333335,78.84826333333335 15.193075,78.84749666666667,78.84749666666667 15.191335,78.84672833333333,78.84672833333333 15.189591666666669,78.84596,78.84596 15.187848333333335,78.84519166666666,78.84519166666666 15.18611,78.84442,78.84442 15.184375000000001,78.84364833333335,78.84364833333335 15.182646666666667,78.84287333333333,78.84287333333333 15.180928333333336,78.84209666666666,78.84209666666666 15.17923,78.84131833333333,78.84131833333333 15.177558333333332,78.84053833333333,78.84053833333333 15.175901666666668,78.83975833333334,78.83975833333334 15.174248333333331,78.83897833333334,78.83897833333334 15.17261,78.8382,78.8382 15.170986666666666,78.83742166666667,78.83742166666667 15.169371666666667,78.83664666666667,78.83664666666667 15.167765000000001,78.83587166666665,78.83587166666665 15.166171666666667,78.83509666666667,78.83509666666667 15.1646,78.83432333333334,78.83432333333334 15.163031666666665,78.83355166666666,78.83355166666666 15.161468333333335,78.83278,78.83278 15.159920000000001,78.83201,78.83201 15.158386666666669,78.83123833333335,78.83123833333335 15.15685833333333,78.83046833333331,78.83046833333331 15.15534,78.82969666666666,78.82969666666666 15.153830000000003,78.828925,78.828925 15.15231,78.82815333333333,78.82815333333333 15.150786666666667,78.82737999999999,78.82737999999999 15.149266666666664,78.82660666666666,78.82660666666666 15.147743333333334,78.82583166666666,78.82583166666666 15.14621,78.82505833333333,78.82505833333333 15.144673333333332,78.82428333333336,78.82428333333336 15.143133333333333,78.82351,78.82351 15.141596666666665,78.822735,78.822735 15.140061666666668,78.82196,78.82196 15.138531666666667,78.821185,78.821185 15.137,78.82041166666666,78.82041166666666 15.135466666666666,78.81963833333333,78.81963833333333 15.133936666666669,78.818865,78.818865 15.132405000000002,78.81809333333335,78.81809333333335 15.130868333333334,78.81732166666666,78.81732166666666 15.129331666666666,78.81655,78.81655 15.127795,78.81578,78.81578 15.126251666666667,78.81501,78.81501 15.124703333333333,78.81424000000001,78.81424000000001 15.123155,78.81347166666667,78.81347166666667 15.121594999999997,78.812705,78.812705 15.120021666666666,78.81194166666667,78.81194166666667 15.118441666666667,78.81118,78.81118 15.116848333333333,78.81042166666666,78.81042166666666 15.115241666666668,78.809665,78.809665 15.113633333333333,78.80890999999998,78.80890999999998 15.112016666666666,78.80815833333332,78.80815833333332 15.110393333333331,78.80740833333333,78.80740833333333 15.108768333333332,78.80665999999998,78.80665999999998 15.107146666666665,78.80591166666667,78.80591166666667 15.105524999999998,78.80516499999999,78.80516499999999 15.103906666666669,78.80442166666667,78.80442166666667 15.102306666666667,78.80367833333334,78.80367833333334 15.100711666666665,78.80293666666667,78.80293666666667 15.099110000000001,78.80219833333334,78.80219833333334 15.097506666666668,78.80146166666668,78.80146166666668 15.09591,78.80072833333332,78.80072833333332 15.094305,78.799995,78.799995 15.092688333333335,78.79926499999999,78.79926499999999 15.091056666666667,78.79853666666668,78.79853666666668 15.089426666666666,78.79781,78.79781 15.087786666666666,78.79708333333333,78.79708333333333 15.086131666666667,78.79635833333334,78.79635833333334 15.084473333333333,78.79563499999999,78.79563499999999 15.082806666666665,78.79491,78.79491 15.081134999999998,78.79418666666666,78.79418666666666 15.079463333333335,78.79346333333334,78.79346333333334 15.077794999999998,78.79273833333335,78.79273833333335 15.076131666666667,78.79201,78.79201 15.074483333333335,78.79128166666666,78.79128166666666 15.072846666666665,78.79055,78.79055 15.071220000000002,78.78981666666667,78.78981666666667 15.069603333333333,78.78908166666668,78.78908166666668 15.067991666666668,78.78834666666665,78.78834666666665 15.066391666666666,78.78761,78.78761 15.064798333333332,78.78687333333335,78.78687333333335 15.063206666666668,78.786135,78.786135 15.061614999999998,78.78539666666667,78.78539666666667 15.060029999999998,78.78465833333333,78.78465833333333 15.058448333333333,78.78391833333332,78.78391833333332 15.056866666666666,78.78317999999999,78.78317999999999 15.055285,78.78244166666667,78.78244166666667 15.053706666666669,78.78170166666666,78.78170166666666 15.052126666666666,78.78096333333332,78.78096333333332 15.05054,78.780225,78.780225 15.04895166666667,78.77948666666667,78.77948666666667 15.047361666666665,78.77874666666666,78.77874666666666 15.04577,78.77800833333335,78.77800833333335 15.044175000000001,78.77727,78.77727 15.042575,78.77653166666667,78.77653166666667 15.040973333333332,78.77579333333333,78.77579333333333 15.039365000000004,78.77505500000001,78.77505500000001 15.037748333333333,78.77431999999999,78.77431999999999 15.036136666666668,78.77358333333333,78.77358333333333 15.034536666666668,78.77284833333333,78.77284833333333 15.03294,78.77211166666667,78.77211166666667 15.031341666666668,78.77137666666665,78.77137666666665 15.029758333333332,78.77064166666666,78.77064166666666 15.028208333333334,78.76990166666666,78.76990166666666 15.02669833333333,78.76916,78.76916 15.025235000000002,78.76841166666665,78.76841166666665 15.023806666666667,78.76765999999999,78.76765999999999 15.022415000000002,78.76690500000001,78.76690500000001 15.021051666666665,78.76614500000001,78.76614500000001 15.019721666666666,78.76538166666666,78.76538166666666 15.018433333333334,78.76461166666665,78.76461166666665 15.017171666666664,78.76384,78.76384 15.015926666666667,78.76306666666665,78.76306666666665 15.01471166666667,78.76229166666667,78.76229166666667 15.01353,78.76151166666666,78.76151166666666 15.012360000000001,78.76073333333333,78.76073333333333 15.011193333333331,78.75995333333334,78.75995333333334 15.010029999999999,78.75917333333334,78.75917333333334 15.008886666666669,78.75839166666665,78.75839166666665 15.007755000000001,78.75761,78.75761 15.006615,78.75682666666665,78.75682666666665 15.005463333333333,78.756045,78.756045 15.004315,78.75526166666667,78.75526166666667 15.003169999999999,78.75447833333332,78.75447833333332 15.002016666666668,78.75369333333332,78.75369333333332 15.000856666666667,78.75291,78.75291 14.999695,78.75212499999999,78.75212499999999 14.998536666666666,78.75134000000001,78.75134000000001 14.997370000000002,78.750555,78.750555 14.996186666666667,78.74977,78.74977 14.994983333333334,78.74898833333333,78.74898833333333 14.99376,78.74820666666665,78.74820666666665 14.992518333333331,78.74742666666666,78.74742666666666 14.991249999999999,78.74664833333333,78.74664833333333 14.989958333333334,78.74587166666667,78.74587166666667 14.988641666666666,78.74509666666667,78.74509666666667 14.98729666666667,78.74432333333331,78.74432333333331 14.98592,78.74355166666666,78.74355166666666 14.984513333333332,78.74278166666666,78.74278166666666 14.983076666666665,78.74201500000001,78.74201500000001 14.981616666666666,78.74124833333333,78.74124833333333 14.980128333333333,78.740485,78.740485 14.978616666666667,78.73972333333333,78.73972333333333 14.977084999999999,78.73896500000001,78.73896500000001 14.975531666666667,78.73820833333333,78.73820833333333 14.973953333333334,78.73745666666667,78.73745666666667 14.972356666666666,78.73670666666668,78.73670666666668 14.970743333333331,78.73595999999999,78.73595999999999 14.969108333333336,78.73521666666667,78.73521666666667 14.967461666666667,78.734475,78.734475 14.96580166666667,78.73373666666666,78.73373666666666 14.964128333333333,78.73299833333334,78.73299833333334 14.962446666666667,78.73226333333334,78.73226333333334 14.96076,78.73152833333334,78.73152833333334 14.95907833333333,78.73079500000001,78.73079500000001 14.957405000000001,78.73006,78.73006 14.955731666666667,78.72932666666667,78.72932666666667 14.954063333333334,78.72859333333334,78.72859333333334 14.952403333333333,78.72785999999998,78.72785999999998 14.950746666666666,78.72712666666665,78.72712666666665 14.949093333333334,78.72639333333332,78.72639333333332 14.94745,78.72565833333333,78.72565833333333 14.945816666666666,78.724925,78.724925 14.944193333333333,78.72418833333333,78.72418833333333 14.942578333333332,78.72345333333334,78.72345333333334 14.940968333333334,78.72271666666668,78.72271666666668 14.939365000000002,78.72198,78.72198 14.937769999999999,78.72124333333332,78.72124333333332 14.93617833333333,78.72050666666667,78.72050666666667 14.934586666666668,78.71977,78.71977 14.933000000000002,78.71903166666665,78.71903166666665 14.931415000000001,78.718295,78.718295 14.929826666666669,78.71755833333334,78.71755833333334 14.928233333333331,78.71682166666666,78.71682166666666 14.926635,78.716085,78.716085 14.925033333333332,78.71534833333334,78.71534833333334 14.92343,78.71461166666666,78.71461166666666 14.921825000000002,78.71387666666666,78.71387666666666 14.920213333333333,78.71314166666667,78.71314166666667 14.918598333333334,78.71240666666665,78.71240666666665 14.916983333333334,78.71167166666666,78.71167166666666 14.915365000000001,78.71093666666667,78.71093666666667 14.913744999999997,78.71020333333333,78.71020333333333 14.912121666666668,78.70947,78.70947 14.910496666666667,78.70873666666667,78.70873666666667 14.908866666666665,78.70800333333334,78.70800333333334 14.907233333333334,78.70727000000001,78.70727000000001 14.905601666666666,78.70653500000002,78.70653500000002 14.903963333333335,78.70580166666666,78.70580166666666 14.90232166666667,78.70506833333333,78.70506833333333 14.900684999999998,78.70433333333334,78.70433333333334 14.899046666666669,78.70359833333335,78.70359833333335 14.897405,78.70286333333333,78.70286333333333 14.895766666666669,78.70212833333333,78.70212833333333 14.894131666666667,78.70139166666667,78.70139166666667 14.892499999999998,78.70065500000001,78.70065500000001 14.890866666666668,78.69991833333333,78.69991833333333 14.889235,78.69917999999998,78.69917999999998 14.887604999999999,78.69844166666667,78.69844166666667 14.885971666666668,78.69770166666667,78.69770166666667 14.884329999999999,78.69696166666667,78.69696166666667 14.882681666666668,78.69622166666666,78.69622166666666 14.881025000000001,78.69548,78.69548 14.879358333333334,78.69474,78.69474 14.877680000000002,78.69400000000002,78.69400000000002 14.875991666666668,78.69326,78.69326 14.874296666666664,78.69251999999999,78.69251999999999 14.872595,78.69178000000001,78.69178000000001 14.870888333333335,78.69103833333334,78.69103833333334 14.869178333333332,78.69029833333335,78.69029833333335 14.867468333333333,78.68955833333334,78.68955833333334 14.865755,78.68881833333333,78.68881833333333 14.86404,78.68807666666667,78.68807666666667 14.862323333333332,78.68733666666667,78.68733666666667 14.860604999999998,78.686595,78.686595 14.858883333333331,78.685855,78.685855 14.85715833333333,78.685115,78.685115 14.855433333333334,78.68437666666668,78.68437666666668 14.853708333333335,78.68363666666667,78.68363666666667 14.851979999999998,78.68289833333334,78.68289833333334 14.850251666666667,78.68216,78.68216 14.848521666666665,78.68142333333334,78.68142333333334 14.846793333333334,78.680685,78.680685 14.845078333333333,78.67994833333334,78.67994833333334 14.843373333333334,78.67921000000001,78.67921000000001 14.84167666666667,78.67847166666667,78.67847166666667 14.839996666666666,78.67773333333332,78.67773333333332 14.838334999999999,78.67699333333333,78.67699333333333 14.836693333333335,78.67625,78.67625 14.83507,78.67550666666666,78.67550666666666 14.833466666666668,78.67476166666668,78.67476166666668 14.831881666666666,78.674015,78.674015 14.830311666666667,78.67326666666666,78.67326666666666 14.828755000000001,78.67251833333333,78.67251833333333 14.827213333333333,78.67176833333332,78.67176833333332 14.825698333333333,78.671015,78.671015 14.824205,78.67026166666668,78.67026166666668 14.822724999999998,78.669505,78.669505 14.821258333333331,78.66874833333333,78.66874833333333 14.819809999999999,78.66798999999999,78.66798999999999 14.818378333333332,78.66722833333333,78.66722833333333 14.816958333333332,78.666465,78.666465 14.815546666666668,78.66570000000002,78.66570000000002 14.814141666666668,78.66493333333334,78.66493333333334 14.812741666666668,78.66416333333333,78.66416333333333 14.811344999999998,78.66339500000001,78.66339500000001 14.80995,78.662625,78.662625 14.808556666666668,78.66185333333333,78.66185333333333 14.807173333333333,78.66108166666666,78.66108166666666 14.805798333333332,78.66030833333333,78.66030833333333 14.80443166666667,78.65953333333333,78.65953333333333 14.803069999999998,78.65875666666668,78.65875666666668 14.801715000000002,78.65797666666668,78.65797666666668 14.800366666666665,78.65719666666666,78.65719666666666 14.79902333333333,78.65641666666667,78.65641666666667 14.797675,78.655635,78.655635 14.796325000000001,78.65485166666666,78.65485166666666 14.794973333333333,78.65407,78.65407 14.793616666666667,78.65328833333332,78.65328833333332 14.792256666666665,78.652505,78.652505 14.790894999999999,78.65172,78.65172 14.789525000000001,78.65093499999999,78.65093499999999 14.788153333333334,78.65014666666666,78.65014666666666 14.78678,78.64935833333334,78.64935833333334 14.785403333333333,78.64856833333333,78.64856833333333 14.784028333333332,78.64777666666667,78.64777666666667 14.782659999999998,78.64698333333335,78.64698333333335 14.781294999999998,78.64618833333334,78.64618833333334 14.779933333333332,78.64539333333333,78.64539333333333 14.778571666666666,78.64459833333333,78.64459833333333 14.777206666666666,78.64380166666666,78.64380166666666 14.775836666666665,78.64300333333333,78.64300333333333 14.774459999999998,78.642205,78.642205 14.773071666666665,78.64140666666667,78.64140666666667 14.771669999999999,78.64060666666666,78.64060666666666 14.770249999999999,78.63980833333335,78.63980833333335 14.768826666666666,78.63900833333332,78.63900833333332 14.767396666666667,78.63820833333334,78.63820833333334 14.765950000000002,78.63740833333334,78.63740833333334 14.764503333333334,78.63660833333333,78.63660833333333 14.763065,78.63581000000002,78.63581000000002 14.761621666666667,78.63501166666666,78.63501166666666 14.760175000000002,78.63421333333334,78.63421333333334 14.758735000000001,78.63341666666666,78.63341666666666 14.757301666666669,78.63262166666665,78.63262166666665 14.755871666666668,78.63182666666667,78.63182666666667 14.754444999999997,78.63103333333333,78.63103333333333 14.753021666666665,78.63024166666668,78.63024166666668 14.751593333333336,78.62944999999999,78.62944999999999 14.750158333333331,78.62866,78.62866 14.748716666666667,78.62787166666666,78.62787166666666 14.74726,78.62708333333333,78.62708333333333 14.745791666666666,78.626295,78.626295 14.744314999999999,78.625505,78.625505 14.742826666666666,78.62471666666667,78.62471666666667 14.741326666666664,78.62392666666665,78.62392666666665 14.739818333333334,78.62313666666668,78.62313666666668 14.73830333333333,78.622345,78.622345 14.736775,78.62155333333334,78.62155333333334 14.735238333333333,78.62076166666667,78.62076166666667 14.733690000000001,78.61997000000001,78.61997000000001 14.73213,78.61917833333335,78.61917833333335 14.730559999999999,78.61838833333333,78.61838833333333 14.728983333333334,78.61759666666667,78.61759666666667 14.727395000000003,78.61680500000001,78.61680500000001 14.725796666666666,78.61601499999999,78.61601499999999 14.724193333333334,78.61522333333333,78.61522333333333 14.722583333333334,78.61443166666666,78.61443166666666 14.720958333333334,78.61364166666667,78.61364166666667 14.71933,78.61285000000001,78.61285000000001 14.717706666666666,78.61205833333332,78.61205833333332 14.71608,78.611265,78.611265 14.714448333333332,78.61047166666668,78.61047166666668 14.712816666666667,78.60967833333333,78.60967833333333 14.711181666666668,78.60888333333334,78.60888333333334 14.70954,78.60808999999999,78.60808999999999 14.707891666666667,78.60729666666667,78.60729666666667 14.706226666666664,78.60650333333332,78.60650333333332 14.704551666666667,78.60571,78.60571 14.702869999999999,78.60491666666667,78.60491666666667 14.701178333333333,78.60412500000001,78.60412500000001 14.699480000000001,78.60333333333332,78.60333333333332 14.697785,78.60254166666667,78.60254166666667 14.696090000000002,78.60174999999998,78.60174999999998 14.694391666666668,78.60095999999999,78.60095999999999 14.692691666666668,78.60016833333333,78.60016833333333 14.690986666666667,78.59937833333333,78.59937833333333 14.689276666666668,78.59858666666668,78.59858666666668 14.68756,78.59779333333334,78.59779333333334 14.68584,78.59699666666667,78.59699666666667 14.68412,78.59619833333333,78.59619833333333 14.682396666666666,78.59539666666666,78.59539666666666 14.680663333333333,78.59459333333332,78.59459333333332 14.678921666666668,78.59378833333334,78.59378833333334 14.677171666666668,78.59298166666667,78.59298166666667 14.675408333333335,78.59217166666667,78.59217166666667 14.673635000000003,78.59136166666666,78.59136166666666 14.67185,78.59055000000001,78.59055000000001 14.670055,78.58973833333333,78.58973833333333 14.668258333333332,78.58893,78.58893 14.666458333333333,78.58812166666667,78.58812166666667 14.664663333333332,78.58731666666667,78.58731666666667 14.662875000000001,78.58651499999999,78.58651499999999 14.661090000000003,78.58571333333333,78.58571333333333 14.659310000000003,78.58491666666666,78.58491666666666 14.657538333333333,78.58412166666668,78.58412166666668 14.655773333333332,78.58332833333334,78.58332833333334 14.654020000000001,78.58253500000002,78.58253500000002 14.652278333333335,78.581745,78.581745 14.650545,78.58095666666667,78.58095666666667 14.648823333333333,78.58016666666667,78.58016666666667 14.647115000000001,78.57937833333334,78.57937833333334 14.645413333333332,78.57859,78.57859 14.643724999999998,78.57780166666667,78.57780166666667 14.642048333333332,78.57701333333331,78.57701333333331 14.640381666666666,78.57622500000001,78.57622500000001 14.638723333333333,78.57543666666668,78.57543666666668 14.637071666666667,78.57465,78.57465 14.635428333333333,78.57386166666667,78.57386166666667 14.633786666666666,78.573075,78.573075 14.632148333333337,78.57228666666667,78.57228666666667 14.630508333333335,78.5715,78.5715 14.628868333333333,78.57071499999999,78.57071499999999 14.627223333333333,78.56992833333335,78.56992833333335 14.625575,78.56914333333334,78.56914333333334 14.623923333333334,78.56836,78.56836 14.622265,78.56757666666667,78.56757666666667 14.620603333333335,78.56679333333332,78.56679333333332 14.618935,78.56601166666667,78.56601166666667 14.617261666666664,78.56523166666665,78.56523166666665 14.615581666666666,78.56445166666667,78.56445166666667 14.613898333333335,78.56367333333331,78.56367333333331 14.612208333333335,78.56289666666667,78.56289666666667 14.61051333333333,78.56211833333333,78.56211833333333 14.608811666666668,78.56134166666666,78.56134166666666 14.607099999999999,78.56056666666667,78.56056666666667 14.605379999999998,78.55979,78.55979 14.603651666666668,78.559015,78.559015 14.601913333333334,78.55823999999998,78.55823999999998 14.600168333333334,78.55746333333335,78.55746333333335 14.598418333333331,78.55668666666666,78.55668666666666 14.596658333333334,78.55591166666666,78.55591166666666 14.594890000000001,78.55513333333333,78.55513333333333 14.593125000000002,78.55435499999999,78.55435499999999 14.591364999999998,78.553575,78.553575 14.589613333333334,78.552795,78.552795 14.587878333333332,78.55201166666667,78.55201166666667 14.586156666666668,78.55122666666666,78.55122666666666 14.584450000000002,78.55044166666666,78.55044166666666 14.582758333333334,78.54965666666668,78.54965666666668 14.581083333333332,78.54887166666667,78.54887166666667 14.579423333333335,78.54808666666666,78.54808666666666 14.577773333333335,78.54730166666666,78.54730166666666 14.576134999999999,78.54651833333334,78.54651833333334 14.57451,78.54573666666667,78.54573666666667 14.572895,78.54495499999999,78.54495499999999 14.571289999999998,78.54417666666666,78.54417666666666 14.569698333333335,78.5434,78.5434 14.568118333333333,78.542625,78.542625 14.566540000000003,78.54185000000001,78.54185000000001 14.564970000000002,78.54107833333333,78.54107833333333 14.563411666666665,78.540305,78.540305 14.561868333333333,78.53953166666666,78.53953166666666 14.560341666666666,78.53875833333333,78.53875833333333 14.558836666666664,78.53798333333333,78.53798333333333 14.55735,78.53720833333334,78.53720833333334 14.55587833333333,78.53643333333333,78.53643333333333 14.554426666666666,78.53565666666667,78.53565666666667 14.552996666666665,78.53488000000002,78.53488000000002 14.551585000000001,78.53410333333332,78.53410333333332 14.550186666666667,78.53332666666667,78.53332666666667 14.548793333333334,78.53255,78.53255 14.547406666666665,78.53177333333333,78.53177333333333 14.546021666666666,78.53099666666668,78.53099666666668 14.544636666666669,78.53021999999999,78.53021999999999 14.543246666666667,78.529445,78.529445 14.541846666666666,78.52866833333333,78.52866833333333 14.54043333333333,78.52789333333334,78.52789333333334 14.539006666666667,78.52711666666667,78.52711666666667 14.53757,78.52634166666667,78.52634166666667 14.536129999999998,78.52556333333332,78.52556333333332 14.534696666666665,78.524785,78.524785 14.533271666666666,78.524005,78.524005 14.531856666666664,78.523225,78.523225 14.530456666666664,78.52244333333334,78.52244333333334 14.529073333333333,78.52166166666666,78.52166166666666 14.527705,78.52087833333334,78.52087833333334 14.526341666666669,78.52009666666666,78.52009666666666 14.524981666666667,78.51931666666665,78.51931666666665 14.523625000000001,78.51853833333332,78.51853833333332 14.522269999999999,78.51776,78.51776 14.52091666666667,78.516985,78.516985 14.519568333333332,78.51621,78.51621 14.518220000000001,78.51543666666667,78.51543666666667 14.516873333333333,78.51466666666667,78.51466666666667 14.515531666666668,78.51389499999999,78.51389499999999 14.514198333333331,78.51312500000002,78.51312500000002 14.512866666666666,78.51235666666666,78.51235666666666 14.511538333333332,78.51158833333335,78.51158833333335 14.510221666666665,78.51082166666667,78.51082166666667 14.50891,78.51005333333333,78.51005333333333 14.507591666666668,78.50928833333334,78.50928833333334 14.506258333333335,78.50852333333334,78.50852333333334 14.504909999999997,78.50776000000002,78.50776000000002 14.503548333333335,78.50699833333333,78.50699833333333 14.502158333333332,78.50623833333333,78.50623833333333 14.500733333333336,78.50548166666668,78.50548166666668 14.499278333333333,78.50472500000001,78.50472500000001 14.49780666666667,78.50397,78.50397 14.496318333333333,78.50321666666666,78.50321666666666 14.494806666666667,78.502465,78.502465 14.49328,78.501715,78.501715 14.491755000000001,78.50096666666666,78.50096666666666 14.490219999999999,78.50021833333335,78.50021833333335 14.488666666666665,78.49947166666666,78.49947166666666 14.487098333333332,78.49872666666668,78.49872666666668 14.485513333333332,78.49798499999999,78.49798499999999 14.483913333333334,78.497245,78.497245 14.482295,78.49650833333334,78.49650833333334 14.48066,78.49577500000001,78.49577500000001 14.479008333333336,78.49504333333334,78.49504333333334 14.477339999999998,78.494315,78.494315 14.475660000000001,78.49359,78.49359 14.473971666666667,78.49286666666667,78.49286666666667 14.472273333333332,78.49214500000001,78.49214500000001 14.470566666666667,78.49142666666665,78.49142666666665 14.468859999999998,78.49071,78.49071 14.467154999999998,78.48999333333332,78.48999333333332 14.465456666666668,78.48927666666667,78.48927666666667 14.463774999999998,78.48856,78.48856 14.46211,78.48784166666667,78.48784166666667 14.460460000000001,78.48712166666665,78.48712166666665 14.458821666666665,78.48640166666668,78.48640166666668 14.457198333333334,78.48568,78.48568 14.455591666666665,78.48495666666665,78.48495666666665 14.453996666666669,78.48423166666666,78.48423166666666 14.452415,78.48350500000001,78.48350500000001 14.450846666666665,78.48277666666667,78.48277666666667 14.449288333333335,78.48204833333332,78.48204833333332 14.447738333333332,78.48131833333333,78.48131833333333 14.446191666666667,78.48058666666667,78.48058666666667 14.444648333333335,78.47985333333332,78.47985333333332 14.443106666666665,78.47911833333333,78.47911833333333 14.441573333333332,78.47838166666668,78.47838166666668 14.44005,78.47764166666667,78.47764166666667 14.438543333333334,78.47690166666666,78.47690166666666 14.437045000000001,78.47615833333332,78.47615833333332 14.435558333333331,78.47541666666665,78.47541666666665 14.434083333333334,78.47467166666667,78.47467166666667 14.43262,78.47392666666667,78.47392666666667 14.431166666666666,78.47318166666668,78.47318166666668 14.429726666666665,78.47243666666667,78.47243666666667 14.428303333333334,78.47169000000001,78.47169000000001 14.426893333333332,78.47094333333334,78.47094333333334 14.425495000000002,78.47019666666667,78.47019666666667 14.424113333333333,78.46944833333335,78.46944833333335 14.42275333333333,78.46870000000001,78.46870000000001 14.421405,78.46795,78.46795 14.420060000000001,78.4672,78.4672 14.418718333333334,78.46645000000001,78.46645000000001 14.417381666666664,78.4657,78.4657 14.416045,78.46495,78.46495 14.414706666666666,78.4642,78.4642 14.413366666666665,78.46345166666666,78.46345166666666 14.41202666666667,78.46270333333335,78.46270333333335 14.410681666666669,78.46195666666667,78.46195666666667 14.409329999999999,78.46121,78.46121 14.407975,78.46046666666666,78.46046666666666 14.406623333333336,78.45972166666668,78.45972166666668 14.405268333333334,78.45898000000001,78.45898000000001 14.403905,78.45823999999999,78.45823999999999 14.402536666666666,78.45750000000001,78.45750000000001 14.40117,78.45676166666667,78.45676166666667 14.399798333333333,78.45602333333332,78.45602333333332 14.398421666666664,78.45528666666667,78.45528666666667 14.397050000000002,78.45454833333334,78.45454833333334 14.395683333333334,78.45381166666665,78.45381166666665 14.394324999999998,78.45307333333334,78.45307333333334 14.39298,78.45233333333333,78.45233333333333 14.39165,78.45159333333334,78.45159333333334 14.390335,78.45085166666667,78.45085166666667 14.389033333333334,78.45010833333333,78.45010833333333 14.387746666666665,78.44936666666668,78.44936666666668 14.386475,78.44862166666665,78.44862166666665 14.385216666666667,78.44787833333334,78.44787833333334 14.383973333333332,78.44713333333334,78.44713333333334 14.38274,78.44638833333333,78.44638833333333 14.381515000000002,78.44564166666667,78.44564166666667 14.380293333333336,78.444895,78.444895 14.379076666666668,78.44414833333335,78.44414833333335 14.37785833333333,78.44340166666667,78.44340166666667 14.376631666666668,78.44265333333333,78.44265333333333 14.375386666666667,78.44190499999999,78.44190499999999 14.374126666666665,78.44115833333333,78.44115833333333 14.372850000000001,78.44041166666666,78.44041166666666 14.371551666666669,78.439665,78.439665 14.370226666666667,78.43891833333333,78.43891833333333 14.368878333333335,78.43817333333332,78.43817333333332 14.367505000000001,78.43742666666667,78.43742666666667 14.3661,78.43668,78.43668 14.364664999999999,78.43593333333334,78.43593333333334 14.363206666666667,78.43518666666667,78.43518666666667 14.361725000000002,78.43443999999998,78.43443999999998 14.360221666666666,78.43369333333334,78.43369333333334 14.358699999999997,78.43294666666668,78.43294666666668 14.357161666666665,78.43220166666667,78.43220166666667 14.355608333333333,78.43145500000001,78.43145500000001 14.354034999999998,78.43071,78.43071 14.352445000000001,78.42996333333335,78.42996333333335 14.35084166666667,78.42921666666668,78.42921666666668 14.349225,78.42846999999999,78.42846999999999 14.347595000000002,78.42772333333335,78.42772333333335 14.345953333333334,78.42697666666666,78.42697666666666 14.344303333333334,78.42623166666668,78.42623166666668 14.342643333333333,78.425485,78.425485 14.340971666666666,78.42474166666665,78.42474166666665 14.339286666666666,78.42399833333334,78.42399833333334 14.337585000000002,78.42325666666667,78.42325666666667 14.335866666666668,78.42251833333334,78.42251833333334 14.33413,78.42178333333332,78.42178333333332 14.332376666666669,78.42105,78.42105 14.330608333333332,78.42031999999999,78.42031999999999 14.328828333333334,78.41959333333334,78.41959333333334 14.327043333333332,78.41887166666666,78.41887166666666 14.325250000000002,78.41815166666666,78.41815166666666 14.323456666666667,78.417435,78.417435 14.321663333333332,78.41672000000001,78.41672000000001 14.319866666666666,78.41600666666668,78.41600666666668 14.31807,78.41529666666666,78.41529666666666 14.316278333333333,78.41458666666668,78.41458666666668 14.314493333333333,78.41388,78.41388 14.312716666666665,78.41317500000001,78.41317500000001 14.310956666666668,78.41247333333334,78.41247333333334 14.30923,78.41177166666667,78.41177166666667 14.307545000000001,78.41107333333333,78.41107333333333 14.305903333333331,78.41037666666665,78.41037666666665 14.304303333333333,78.40968166666666,78.40968166666666 14.302748333333334,78.40898999999999,78.40898999999999 14.301235000000002,78.40829833333333,78.40829833333333 14.299763333333333,78.40760833333334,78.40760833333334 14.298333333333334,78.40691833333334,78.40691833333334 14.296939999999998,78.40622833333333,78.40622833333333 14.295578333333331,78.40553833333334,78.40553833333334 14.29425666666667,78.40484833333333,78.40484833333333 14.292980000000002,78.40415666666665,78.40415666666665 14.291743333333333,78.40346500000001,78.40346500000001 14.290538333333332,78.40277166666667,78.40277166666667 14.28936666666667,78.40207666666667,78.40207666666667 14.288228333333333,78.40138000000002,78.40138000000002 14.28712,78.40068333333333,78.40068333333333 14.286036666666666,78.399985,78.399985 14.284983333333333,78.39928499999999,78.39928499999999 14.283958333333333,78.39858666666667,78.39858666666667 14.282955,78.39788666666666,78.39788666666666 14.281979999999997,78.39718666666666,78.39718666666666 14.28104666666667,78.39648833333334,78.39648833333334 14.280161666666666,78.39578666666667,78.39578666666667 14.279321666666666,78.39508666666667,78.39508666666667 14.27853,78.39438666666666,78.39438666666666 14.277790000000001,78.39368499999999,78.39368499999999 14.277101666666665,78.39298333333332,78.39298333333332 14.276456666666665,78.39228166666668,78.39228166666668 14.275863333333332,78.39158,78.39158 14.275316666666669,78.39087833333333,78.39087833333333 14.274811666666666,78.39017666666666,78.39017666666666 14.274345,78.38947499999999,78.38947499999999 14.273919999999999,78.38877166666666,78.38877166666666 14.273541666666665,78.38806833333332,78.38806833333332 14.273215000000002,78.38736499999999,78.38736499999999 14.272956666666667,78.38666166666668,78.38666166666668 14.272771666666666,78.38595833333335,78.38595833333335 14.272661666666666,78.38525500000002,78.38525500000002 14.272628333333333,78.38455333333334,78.38455333333334 14.272666666666664,78.383855,78.383855 14.272783333333333,78.38315833333333,78.38315833333333 14.272976666666667,78.38246666666669,78.38246666666669 14.273231666666668,78.38177666666667,78.38177666666667 14.273545,78.38109166666668,78.38109166666668 14.273903333333333,78.38041,78.38041 14.274286666666667,78.37973333333333,78.37973333333333 14.274685,78.37906,78.37906 14.275089999999999,78.37838833333335,78.37838833333335 14.27549,78.37772,78.37772 14.275875000000001,78.37705333333332,78.37705333333332 14.276253333333333,78.37638833333335,78.37638833333335 14.276625000000003,78.37572333333333,78.37572333333333 14.276986666666668,78.37506,78.37506 14.277333333333335,78.37439833333333,78.37439833333333 14.277665000000002,78.37373500000001,78.37373500000001 14.277978333333332,78.37307166666668,78.37307166666668 14.278271666666669,78.37240833333333,78.37240833333333 14.278545000000001,78.37174333333336,78.37174333333336 14.278801666666668,78.37107999999999,78.37107999999999 14.279051666666664,78.37041666666667,78.37041666666667 14.279288333333332,78.36975333333334,78.36975333333334 14.279513333333332,78.36909000000001,78.36909000000001 14.279728333333331,78.36842666666668,78.36842666666668 14.279936666666666,78.36776333333333,78.36776333333333 14.280145,78.3671,78.3671 14.280346666666667,78.36643666666667,78.36643666666667 14.280551666666668,78.365775,78.365775 14.280768333333334,78.36511333333333,78.36511333333333 14.280990000000001,78.36445166666667,78.36445166666667 14.281211666666664,78.36379166666667,78.36379166666667 14.281440000000002,78.36313,78.36313 14.281681666666667,78.36246833333333,78.36246833333333 14.281931666666667,78.36180666666667,78.36180666666667 14.282196666666668,78.36114333333333,78.36114333333333 14.282476666666666,78.36047833333335,78.36047833333335 14.282776666666665,78.35981333333335,78.35981333333335 14.283098333333331,78.35914833333332,78.35914833333332 14.283441666666665,78.35848333333334,78.35848333333334 14.283803333333333,78.35781833333334,78.35781833333334 14.284183333333333,78.35715333333333,78.35715333333333 14.284580000000002,78.35648833333333,78.35648833333333 14.284993333333334,78.35582500000001,78.35582500000001 14.285423333333332,78.35516166666667,78.35516166666667 14.285868333333333,78.3545,78.3545 14.286329999999998,78.35384,78.35384 14.286810000000001,78.35318000000001,78.35318000000001 14.287303333333334,78.35252166666669,78.35252166666669 14.28781166666667,78.35186499999999,78.35186499999999 14.288336666666664,78.35120833333333,78.35120833333333 14.288870000000001,78.35055500000001,78.35055500000001 14.289413333333334,78.34990166666667,78.34990166666667 14.289963333333333,78.34924999999998,78.34924999999998 14.29052,78.34859833333333,78.34859833333333 14.291081666666665,78.347945,78.347945 14.291643333333331,78.34729166666665,78.34729166666665 14.292208333333335,78.34663833333333,78.34663833333333 14.29278,78.34598333333332,78.34598333333332 14.293355000000002,78.34532833333333,78.34532833333333 14.293931666666666,78.34467333333335,78.34467333333335 14.294513333333336,78.34401666666665,78.34401666666665 14.295098333333334,78.34336166666667,78.34336166666667 14.295686666666665,78.34270500000001,78.34270500000001 14.296266666666668,78.34204833333334,78.34204833333334 14.296838333333334,78.34139,78.34139 14.297394999999998,78.34073,78.34073 14.297931666666665,78.34006833333333,78.34006833333333 14.298448333333333,78.33940666666666,78.33940666666666 14.298943333333334,78.33874333333333,78.33874333333333 14.299413333333334,78.33808,78.33808 14.299854999999999,78.33741666666667,78.33741666666667 14.300268333333333,78.33675499999998,78.33675499999998 14.300646666666667,78.336095,78.336095 14.300984999999999,78.335435,78.335435 14.30128833333333,78.33477666666666,78.33477666666666 14.301563333333336,78.33412000000001,78.33412000000001 14.301815,78.333465,78.333465 14.302045,78.33281333333332,78.33281333333332 14.302266666666666,78.33216333333333,78.33216333333333 14.302478333333331,78.331515,78.331515 14.302673333333333,78.33086666666667,78.33086666666667 14.302845,78.33022166666666,78.33022166666666 14.303,78.32957666666665,78.32957666666665 14.303136666666667,78.32893333333334,78.32893333333334 14.303256666666668,78.32829166666669,78.32829166666669 14.303355,78.32765333333333,78.32765333333333 14.30344,78.32701666666668,78.32701666666668 14.303513333333335,78.32638333333334,78.32638333333334 14.303575,78.32575166666668,78.32575166666668 14.303623333333332,78.32512333333334,78.32512333333334 14.303659999999999,78.32449833333334,78.32449833333334 14.303688333333332,78.32387333333332,78.32387333333332 14.30371,78.32325333333333,78.32325333333333 14.303726666666666,78.32263666666665,78.32263666666665 14.303736666666667,78.32202166666667,78.32202166666667 14.303749999999999,78.32141166666666,78.32141166666666 14.303770000000002,78.32080333333333,78.32080333333333 14.303811666666665,78.3202,78.3202 14.303896666666667,78.31960166666667,78.31960166666667 14.304041666666667,78.31900833333334,78.31900833333334 14.304266666666667,78.31842,78.31842 14.304579999999998,78.31783833333333,78.31783833333333 14.304996666666666,78.317265,78.317265 14.305513333333334,78.31670000000001,78.31670000000001 14.30612,78.316145,78.316145 14.306803333333333,78.31560166666668,78.31560166666668 14.307564999999999,78.31506666666668,78.31506666666668 14.308406666666666,78.31454333333333,78.31454333333333 14.309330000000001,78.31403166666668,78.31403166666668 14.310341666666666,78.31353166666666,78.31353166666666 14.31145166666667,78.31304666666666,78.31304666666666 14.312663333333335,78.31257833333335,78.31257833333335 14.313963333333334,78.31212666666666,78.31212666666666 14.315344999999999,78.31169000000001,78.31169000000001 14.3168,78.31127166666667,78.31127166666667 14.318320000000002,78.31086666666667,78.31086666666667 14.319896666666667,78.31047666666666,78.31047666666666 14.321526666666667,78.31009999999999,78.31009999999999 14.32321,78.30973666666668,78.30973666666668 14.324948333333333,78.30938833333333,78.30938833333333 14.326743333333331,78.309055,78.309055 14.328591666666668,78.30873833333334,78.30873833333334 14.330483333333333,78.30843666666667,78.30843666666667 14.332405000000001,78.30814500000001,78.30814500000001 14.334349999999999,78.30786166666668,78.30786166666668 14.336316666666669,78.30758833333333,78.30758833333333 14.338305,78.30732500000002,78.30732500000002 14.34031,78.30707,78.30707 14.34233,78.30682333333334,78.30682333333334 14.34436166666667,78.30658333333335,78.30658333333335 14.346405,78.30634833333333,78.30634833333333 14.348463333333333,78.30611833333334,78.30611833333334 14.350536666666668,78.305895,78.305895 14.352628333333334,78.30567666666667,78.30567666666667 14.354736666666668,78.30546666666669,78.30546666666669 14.356858333333333,78.30526499999998,78.30526499999998 14.358996666666668,78.30507333333333,78.30507333333333 14.361145,78.30488833333334,78.30488833333334 14.363304999999997,78.30470999999999,78.30470999999999 14.365476666666668,78.30453833333333,78.30453833333333 14.36766,78.30437333333332,78.30437333333332 14.369858333333331,78.30421333333334,78.30421333333334 14.372066666666667,78.30405833333333,78.30405833333333 14.374285000000002,78.30390833333333,78.30390833333333 14.376508333333335,78.30375833333333,78.30375833333333 14.37873,78.30360833333333,78.30360833333333 14.380953333333332,78.30345666666666,78.30345666666666 14.383173333333332,78.30330833333333,78.30330833333333 14.385391666666667,78.30316333333334,78.30316333333334 14.387606666666667,78.30301999999999,78.30301999999999 14.389820000000002,78.30287833333333,78.30287833333333 14.392033333333334,78.30273666666666,78.30273666666666 14.394251666666664,78.30259333333333,78.30259333333333 14.396471666666667,78.30244499999999,78.30244499999999 14.398691666666666,78.30229333333334,78.30229333333334 14.40091,78.30213833333335,78.30213833333335 14.403125000000001,78.30198000000001,78.30198000000001 14.405351666666665,78.30181999999999,78.30181999999999 14.407585,78.30165666666666,78.30165666666666 14.409821666666668,78.30149166666668,78.30149166666668 14.412056666666668,78.301325,78.301325 14.414293333333333,78.30115666666667,78.30115666666667 14.416533333333332,78.30098666666665,78.30098666666665 14.418783333333334,78.30081666666668,78.30081666666668 14.421041666666667,78.30064499999999,78.30064499999999 14.423313333333333,78.30047166666667,78.30047166666667 14.425605,78.30029833333333,78.30029833333333 14.427918333333333,78.30012333333335,78.30012333333335 14.430259999999999,78.29994833333333,78.29994833333333 14.432628333333334,78.29977333333332,78.29977333333332 14.435023333333332,78.29960166666666,78.29960166666666 14.437441666666665,78.29943,78.29943 14.439881666666668,78.29926,78.29926 14.44234166666667,78.29908999999999,78.29908999999999 14.444823333333334,78.29892666666666,78.29892666666666 14.44733,78.29876833333333,78.29876833333333 14.449858333333335,78.29861999999999,78.29861999999999 14.452401666666665,78.29847666666666,78.29847666666666 14.454963333333334,78.29834000000001,78.29834000000001 14.45753833333333,78.29821000000001,78.29821000000001 14.46013,78.29808666666665,78.29808666666665 14.462729999999999,78.29796999999999,78.29796999999999 14.465338333333335,78.29785833333332,78.29785833333332 14.46795,78.29774833333332,78.29774833333332 14.470563333333333,78.29764166666666,78.29764166666666 14.473176666666667,78.29753500000001,78.29753500000001 14.475789999999998,78.29742833333333,78.29742833333333 14.478399999999999,78.29732,78.29732 14.481008333333333,78.29720833333333,78.29720833333333 14.483611666666665,78.297095,78.297095 14.486208333333332,78.29697833333333,78.29697833333333 14.488796666666667,78.29686000000001,78.29686000000001 14.491375000000001,78.29673833333334,78.29673833333334 14.493945,78.296615,78.296615 14.496504999999997,78.29649166666665,78.29649166666665 14.499061666666668,78.29636833333335,78.29636833333335 14.501623333333336,78.29624333333334,78.29624333333334 14.504191666666669,78.29611833333334,78.29611833333334 14.506771666666669,78.29599333333334,78.29599333333334 14.509361666666667,78.29587,78.29587 14.511965000000002,78.295745,78.295745 14.514576666666668,78.29562166666668,78.29562166666668 14.517199999999999,78.29549833333334,78.29549833333334 14.519831666666667,78.29537666666667,78.29537666666667 14.522473333333334,78.29525500000001,78.29525500000001 14.525121666666667,78.29513333333331,78.29513333333331 14.527778333333334,78.29501166666667,78.29501166666667 14.530443333333336,78.29489166666667,78.29489166666667 14.53312,78.29476833333334,78.29476833333334 14.535803333333336,78.294645,78.294645 14.538496666666667,78.29451999999999,78.29451999999999 14.541199999999998,78.294395,78.294395 14.543913333333336,78.29426833333335,78.29426833333335 14.546636666666664,78.29414166666666,78.29414166666666 14.549371666666666,78.29402,78.29402 14.552118333333333,78.29390500000001,78.29390500000001 14.554875,78.293795,78.293795 14.557638333333333,78.29369166666666,78.29369166666666 14.560403333333333,78.29359333333335,78.29359333333335 14.563168333333332,78.29349999999998,78.29349999999998 14.565933333333332,78.29340833333333,78.29340833333333 14.568694999999998,78.29331833333335,78.29331833333335 14.571456666666666,78.29322666666668,78.29322666666668 14.574219999999999,78.29313166666668,78.29313166666668 14.576981666666665,78.29303333333334,78.29303333333334 14.579744999999999,78.29293166666666,78.29293166666666 14.582518333333333,78.29282666666667,78.29282666666667 14.585299999999998,78.29271999999999,78.29271999999999 14.588093333333331,78.29261333333334,78.29261333333334 14.590896666666666,78.29250666666667,78.29250666666667 14.593706666666666,78.29239999999999,78.29239999999999 14.596523333333336,78.292295,78.292295 14.59934666666667,78.29219166666667,78.29219166666667 14.602174999999999,78.29209000000002,78.29209000000002 14.605008333333336,78.29198833333332,78.29198833333332 14.607850000000001,78.29188833333333,78.29188833333333 14.610698333333334,78.29179000000002,78.29179000000002 14.613555,78.29169166666667,78.29169166666667 14.616421666666668,78.29159666666668,78.29159666666668 14.619299999999999,78.29150333333334,78.29150333333334 14.622188333333336,78.29141,78.29141 14.625085000000002,78.29131500000001,78.29131500000001 14.627986666666667,78.29121833333335,78.29121833333335 14.63088,78.29111833333334,78.29111833333334 14.633748333333331,78.29101333333332,78.29101333333332 14.636591666666666,78.29090833333332,78.29090833333332 14.639413333333335,78.29079833333334,78.29079833333334 14.642228333333334,78.29068666666667,78.29068666666667 14.645038333333332,78.29056999999999,78.29056999999999 14.647846666666666,78.29044666666667,78.29044666666667 14.65065333333333,78.29032000000001,78.29032000000001 14.653458333333333,78.290185,78.290185 14.656266666666667,78.29004166666667,78.29004166666667 14.659073333333332,78.28989166666666,78.28989166666666 14.661878333333336,78.289735,78.289735 14.66468166666667,78.28957166666667,78.28957166666667 14.667484999999997,78.28940333333334,78.28940333333334 14.67028,78.28922999999999,78.28922999999999 14.673058333333332,78.28905333333334,78.28905333333334 14.675818333333332,78.288875,78.288875 14.678558333333333,78.28869500000002,78.28869500000002 14.681281666666665,78.28851500000002,78.28851500000002 14.683984999999998,78.28833333333334,78.28833333333334 14.68667,78.28815333333334,78.28815333333334 14.689341666666667,78.28797333333334,78.28797333333334 14.692008333333334,78.28779333333333,78.28779333333333 14.694666666666667,78.28761333333333,78.28761333333333 14.697315,78.28742999999999,78.28742999999999 14.699963333333335,78.28724999999999,78.28724999999999 14.702616666666666,78.28707333333334,78.28707333333334 14.705274999999999,78.28689833333334,78.28689833333334 14.707938333333335,78.28672499999999,78.28672499999999 14.710604999999997,78.28655333333333,78.28655333333333 14.713284999999999,78.286385,78.286385 14.715976666666664,78.28621833333332,78.28621833333332 14.718683333333333,78.28605666666667,78.28605666666667 14.721406666666665,78.28589833333332,78.28589833333332 14.724133333333334,78.28574166666668,78.28574166666668 14.72686,78.285585,78.285585 14.729583333333336,78.28542999999999,78.28542999999999 14.732300000000002,78.28527666666666,78.28527666666666 14.735014999999999,78.28512666666667,78.28512666666667 14.737723333333333,78.28497666666667,78.28497666666667 14.74043,78.28482666666666,78.28482666666666 14.743131666666667,78.28467833333335,78.28467833333335 14.745831666666668,78.28453166666668,78.28453166666668 14.74853,78.284385,78.284385 14.75123,78.28423666666666,78.28423666666666 14.753929999999997,78.28408666666667,78.28408666666667 14.75663,78.28393666666666,78.28393666666666 14.75933,78.283785,78.283785 14.762025000000003,78.28363333333334,78.28363333333334 14.764709999999997,78.28347999999998,78.28347999999998 14.767385000000003,78.28332833333334,78.28332833333334 14.770050000000001,78.28317666666666,78.28317666666666 14.772706666666666,78.283025,78.283025 14.775358333333335,78.28287333333334,78.28287333333334 14.778000000000002,78.28272333333334,78.28272333333334 14.780631666666668,78.28257166666667,78.28257166666667 14.78325166666667,78.28242166666668,78.28242166666668 14.785861666666664,78.28227000000001,78.28227000000001 14.788465,78.28211833333333,78.28211833333333 14.791065,78.28196833333332,78.28196833333332 14.793661666666665,78.28182333333334,78.28182333333334 14.796255,78.28167833333335,78.28167833333335 14.798844999999998,78.28153333333333,78.28153333333333 14.801430000000002,78.28139166666666,78.28139166666666 14.804018333333332,78.28125,78.28125 14.806608333333335,78.28111,78.28111 14.809199999999999,78.28097,78.28097 14.81179,78.28083166666666,78.28083166666666 14.81438,78.28069166666668,78.28069166666668 14.816971666666667,78.28055333333334,78.28055333333334 14.819561666666667,78.28041666666667,78.28041666666667 14.822151666666665,78.28027999999999,78.28027999999999 14.824743333333334,78.28014333333334,78.28014333333334 14.827331666666664,78.28000666666667,78.28000666666667 14.829923333333333,78.27987,78.27987 14.832516666666669,78.27973499999999,78.27973499999999 14.835111666666668,78.2796,78.2796 14.837703333333332,78.27946666666668,78.27946666666668 14.840290000000001,78.27933666666667,78.27933666666667 14.842870000000001,78.27920666666667,78.27920666666667 14.845439999999998,78.27908000000001,78.27908000000001 14.848001666666667,78.27896000000001,78.27896000000001 14.850558333333332,78.27884499999999,78.27884499999999 14.853113333333333,78.27873333333335,78.27873333333335 14.85566833333333,78.27862333333334,78.27862333333334 14.858223333333333,78.27851666666668,78.27851666666668 14.860778333333334,78.27841499999998,78.27841499999998 14.863331666666665,78.27831666666667,78.27831666666667 14.865884999999999,78.27822333333333,78.27822333333333 14.868436666666664,78.27813166666665,78.27813166666665 14.870986666666665,78.27804499999999,78.27804499999999 14.873536666666666,78.27795833333333,78.27795833333333 14.876085,78.27787333333333,78.27787333333333 14.878635000000001,78.277785,78.277785 14.881188333333332,78.27769500000001,78.27769500000001 14.883745,78.27760333333333,78.27760333333333 14.886303333333332,78.27751166666665,78.27751166666665 14.888864999999997,78.27741833333333,78.27741833333333 14.891428333333332,78.27732333333333,78.27732333333333 14.893991666666668,78.27722666666666,78.27722666666666 14.896555000000001,78.27712833333332,78.27712833333332 14.89912,78.27702833333333,78.27702833333333 14.901683333333336,78.27692666666667,78.27692666666667 14.904250000000001,78.27681999999999,78.27681999999999 14.906816666666668,78.27671000000001,78.27671000000001 14.909385,78.27659833333334,78.27659833333334 14.911953333333333,78.27648333333335,78.27648333333335 14.914518333333335,78.276365,78.276365 14.917083333333334,78.27624166666666,78.27624166666666 14.919646666666663,78.27611499999999,78.27611499999999 14.922208333333332,78.275985,78.275985 14.924768333333335,78.27585166666665,78.27585166666665 14.927325,78.275715,78.275715 14.929878333333333,78.27557666666667,78.27557666666667 14.932428333333334,78.27543666666666,78.27543666666666 14.934973333333335,78.275295,78.275295 14.937516666666665,78.27515166666667,78.27515166666667 14.940056666666665,78.27500833333335,78.27500833333335 14.942593333333331,78.27486166666667,78.27486166666667 14.945126666666667,78.274715,78.274715 14.947648333333332,78.27456833333335,78.27456833333335 14.95015,78.27442166666667,78.27442166666667 14.952629999999997,78.27427333333333,78.27427333333333 14.955081666666668,78.27412833333332,78.27412833333332 14.957494999999998,78.273985,78.273985 14.959876666666664,78.273845,78.273845 14.962226666666668,78.27370666666667,78.27370666666667 14.964543333333333,78.27356999999999,78.27356999999999 14.966826666666668,78.273435,78.273435 14.96908,78.27330166666668,78.27330166666668 14.971306666666663,78.27317166666667,78.27317166666667 14.973509999999997,78.27304000000001,78.27304000000001 14.97569,78.27291166666667,78.27291166666667 14.977848333333334,78.27278333333332,78.27278333333332 14.979988333333331,78.27265833333334,78.27265833333334 14.982118333333336,78.272535,78.272535 14.984241666666664,78.27241333333333,78.27241333333333 14.986361666666667,78.27229333333334,78.27229333333334 14.988481666666665,78.27217333333333,78.27217333333333 14.990603333333334,78.27205666666667,78.27205666666667 14.992731666666668,78.27194333333334,78.27194333333334 14.994854999999998,78.27183333333333,78.27183333333333 14.996975,78.27172333333333,78.27172333333333 14.999090000000002,78.27161500000001,78.27161500000001 15.001196666666665,78.271505,78.271505 15.003301666666667,78.27139333333334,78.27139333333334 15.0054,78.27127833333334,78.27127833333334 15.007491666666665,78.27116333333335,78.27116333333335 15.009583333333335,78.27104833333333,78.27104833333333 15.011674999999999,78.270935,78.270935 15.013763333333335,78.27081833333334,78.27081833333334 15.01585,78.27069833333333,78.27069833333333 15.017933333333332,78.27057333333335,78.27057333333335 15.020015,78.27044666666666,78.27044666666666 15.022100000000002,78.27031999999998,78.27031999999998 15.024191666666665,78.27019333333332,78.27019333333332 15.026284999999998,78.27006833333334,78.27006833333334 15.028381666666668,78.26994166666665,78.26994166666665 15.03048,78.26981333333335,78.26981333333335 15.032580000000001,78.26968666666666,78.26968666666666 15.034678333333332,78.26956000000001,78.26956000000001 15.036773333333334,78.26943500000002,78.26943500000002 15.038864999999998,78.26931,78.26931 15.040958333333334,78.26918333333332,78.26918333333332 15.043055,78.26905500000001,78.26905500000001 15.045156666666667,78.268925,78.268925 15.047258333333332,78.26879333333333,78.26879333333333 15.049360000000002,78.26866333333334,78.26866333333334 15.051460000000002,78.26853333333332,78.26853333333332 15.053556666666669,78.26840500000002,78.26840500000002 15.055655,78.26827833333333,78.26827833333333 15.057748333333333,78.26815333333334,78.26815333333334 15.059834999999998,78.26803000000001,78.26803000000001 15.061914999999999,78.267905,78.267905 15.063993333333334,78.26778,78.26778 15.066068333333332,78.267655,78.267655 15.06814166666667,78.26753333333332,78.26753333333332 15.070213333333333,78.26741333333334,78.26741333333334 15.072280000000001,78.26729499999999,78.26729499999999 15.074336666666666,78.26717666666667,78.26717666666667 15.076386666666668,78.26706,78.26706 15.078435000000002,78.266945,78.266945 15.080478333333334,78.26682666666669,78.26682666666669 15.082508333333333,78.26670666666668,78.26670666666668 15.084523333333335,78.26658333333333,78.26658333333333 15.086524999999998,78.26646166666666,78.26646166666666 15.088518333333333,78.26634000000001,78.26634000000001 15.090503333333332,78.26622333333333,78.26622333333333 15.092483333333332,78.26610666666667,78.26610666666667 15.09446,78.26599333333334,78.26599333333334 15.096433333333334,78.26588,78.26588 15.098404999999998,78.26576833333334,78.26576833333334 15.100376666666667,78.26565666666667,78.26565666666667 15.102358333333333,78.26554999999999,78.26554999999999 15.104348333333334,78.26544666666666,78.26544666666666 15.106344999999997,78.26534833333334,78.26534833333334 15.108346666666668,78.26525166666669,78.26525166666669 15.110356666666668,78.26515666666666,78.26515666666666 15.112369999999999,78.26506333333333,78.26506333333333 15.114388333333334,78.26496833333333,78.26496833333333 15.116406666666666,78.26487499999999,78.26487499999999 15.118426666666668,78.26478166666668,78.26478166666668 15.120446666666666,78.26468833333332,78.26468833333332 15.122466666666666,78.26459666666665,78.26459666666665 15.124486666666668,78.264505,78.264505 15.126508333333334,78.26441833333334,78.26441833333334 15.128533333333335,78.26433333333333,78.26433333333333 15.130563333333335,78.26425333333333,78.26425333333333 15.132603333333336,78.26417666666667,78.26417666666667 15.134648333333333,78.26410166666668,78.26410166666668 15.136696666666666,78.26402666666667,78.26402666666667 15.138748333333334,78.26395333333333,78.26395333333333 15.140803333333336,78.26388,78.26388 15.142855,78.26380666666668,78.26380666666668 15.144903333333332,78.26373500000001,78.26373500000001 15.146956666666664,78.26366333333333,78.26366333333333 15.149016666666668,78.26359166666666,78.26359166666666 15.151081666666668,78.26351666666666,78.26351666666666 15.153145,78.26343833333333,78.26343833333333 15.15521,78.26335833333331,78.26335833333331 15.157271666666668,78.26327666666667,78.26327666666667 15.159321666666665,78.26318666666666,78.26318666666666 15.161363333333334,78.26309166666667,78.26309166666667 15.163393333333334,78.26299166666665,78.26299166666665 15.165415000000001,78.26289000000001,78.26289000000001 15.167428333333332,78.26278666666667,78.26278666666667 15.169433333333332,78.26268333333334,78.26268333333334 15.171431666666667,78.26257999999999,78.26257999999999 15.173428333333336,78.26248,78.26248 15.175423333333335,78.26238166666668,78.26238166666668 15.177416666666668,78.26228499999999,78.26228499999999 15.179411666666667,78.26218833333334,78.26218833333334 15.181406666666666,78.262095,78.262095 15.183405000000002,78.26200333333333,78.26200333333333 15.185401666666666,78.26191333333333,78.26191333333333 15.187395,78.26182166666668,78.26182166666668 15.18939,78.26173,78.26173 15.191386666666666,78.261635,78.261635 15.193381666666669,78.26153833333332,78.26153833333332 15.19537,78.26143499999999,78.26143499999999 15.197353333333336,78.26132666666666,78.26132666666666 15.199330000000003,78.26121333333333,78.26121333333333 15.201296666666666,78.26109333333333,78.26109333333333 15.203260000000002,78.26096833333334,78.26096833333334 15.205216666666669,78.26084,78.26084 15.207171666666666,78.26070666666666,78.26070666666666 15.209126666666668,78.26057166666665,78.26057166666665 15.211083333333333,78.26043666666666,78.26043666666666 15.21303666666667,78.26030333333334,78.26030333333334 15.214986666666666,78.26017499999999,78.26017499999999 15.216933333333333,78.26005,78.26005 15.218876666666667,78.25992833333333,78.25992833333333 15.220823333333332,78.25981166666668,78.25981166666668 15.222775,78.25970166666667,78.25970166666667 15.224736666666669,78.25959666666665,78.25959666666665 15.226706666666665,78.259495,78.259495 15.228678333333333,78.25939333333334,78.25939333333334 15.23066,78.25929166666667,78.25929166666667 15.23264666666667,78.259195,78.259195 15.234643333333334,78.25909833333334,78.25909833333334 15.236640000000001,78.25899833333334,78.25899833333334 15.23863833333333,78.25889666666667,78.25889666666667 15.24064,78.25879333333333,78.25879333333333 15.242646666666667,78.25869,78.25869 15.244653333333332,78.25858499999998,78.25858499999998 15.246666666666666,78.25847666666667,78.25847666666667 15.248685000000002,78.25836333333334,78.25836333333334 15.250701666666666,78.25824833333334,78.25824833333334 15.252719999999998,78.25812833333333,78.25812833333333 15.254735,78.25800666666666,78.25800666666666 15.25675,78.25788166666668,78.25788166666668 15.258766666666666,78.25775833333334,78.25775833333334 15.26078333333333,78.25763166666667,78.25763166666667 15.262798333333333,78.25750666666667,78.25750666666667 15.264811666666667,78.25738166666666,78.25738166666666 15.266824999999997,78.25725999999999,78.25725999999999 15.268846666666663,78.25714166666667,78.25714166666667 15.270875,78.25702666666665,78.25702666666665 15.272901666666666,78.256915,78.256915 15.274923333333334,78.25680000000001,78.25680000000001 15.276938333333332,78.25668499999999,78.25668499999999 15.27895,78.25657333333332,78.25657333333332 15.280964999999998,78.25646666666667,78.25646666666667 15.28298166666667,78.25636166666668,78.25636166666668 15.284996666666665,78.25626,78.25626 15.287015,78.25616,78.25616 15.28903,78.25605999999999,78.25605999999999 15.291041666666668,78.25595833333334,78.25595833333334 15.293053333333333,78.25585500000001,78.25585500000001 15.295061666666667,78.25575333333333,78.25575333333333 15.297068333333334,78.25564833333334,78.25564833333334 15.299075000000002,78.25554333333332,78.25554333333332 15.301081666666668,78.255435,78.255435 15.303091666666667,78.25532333333334,78.25532333333334 15.305106666666667,78.25520833333334,78.25520833333334 15.307123333333333,78.25509,78.25509 15.309146666666665,78.25496833333332,78.25496833333332 15.31117333333333,78.254845,78.254845 15.313208333333334,78.25472166666667,78.25472166666667 15.315248333333335,78.2546,78.2546 15.317291666666666,78.25448,78.25448 15.319338333333334,78.25436166666668,78.25436166666668 15.321385000000003,78.25424166666667,78.25424166666667 15.323431666666666,78.25412,78.25412 15.325476666666669,78.25399666666668,78.25399666666668 15.327530000000001,78.25387333333332,78.25387333333332 15.329588333333334,78.25375333333334,78.25375333333334 15.331656666666667,78.25363333333334,78.25363333333334 15.333729999999997,78.25351333333333,78.25351333333333 15.335806666666668,78.25339500000001,78.25339500000001 15.337881666666666,78.253275,78.253275 15.339951666666666,78.25315666666667,78.25315666666667 15.34201833333333,78.25304166666668,78.25304166666668 15.344083333333334,78.25292666666665,78.25292666666665 15.346141666666666,78.25281166666666,78.25281166666666 15.348201666666666,78.25269833333333,78.25269833333333 15.350271666666666,78.25258666666666,78.25258666666666 15.352346666666664,78.25247833333334,78.25247833333334 15.354423333333335,78.25237333333332,78.25237333333332 15.3565,78.25227000000001,78.25227000000001 15.358571666666668,78.25217,78.25217 15.360634999999997,78.25207166666668,78.25207166666668 15.362693333333333,78.25197333333334,78.25197333333334 15.364739999999998,78.25187166666666,78.25187166666666 15.366776666666665,78.25176833333333,78.25176833333333 15.3688,78.25165999999999,78.25165999999999 15.370815000000002,78.25155000000001,78.25155000000001 15.372829999999999,78.25143833333334,78.25143833333334 15.374849999999999,78.25132666666667,78.25132666666667 15.37687,78.251215,78.251215 15.378888333333336,78.25110000000001,78.25110000000001 15.380903333333332,78.25098500000001,78.25098500000001 15.382916666666665,78.25086666666667,78.25086666666667 15.384926666666669,78.250745,78.250745 15.386931666666666,78.25062166666667,78.25062166666667 15.388935,78.25049833333334,78.25049833333334 15.390935000000002,78.250375,78.250375 15.392935,78.25025333333332,78.25025333333332 15.394931666666665,78.25013166666665,78.25013166666665 15.396930000000001,78.25001333333333,78.25001333333333 15.398929999999998,78.24989833333333,78.24989833333333 15.400924999999997,78.24978333333334,78.24978333333334 15.402916666666666,78.24967166666667,78.24967166666667 15.40491,78.24956166666666,78.24956166666666 15.406895,78.24945333333332,78.24945333333332 15.408875000000002,78.249345,78.249345 15.410844999999998,78.249235,78.249235 15.412801666666667,78.24912499999999,78.24912499999999 15.414743333333334,78.24901333333335,78.24901333333335 15.416671666666666,78.24889833333333,78.24889833333333 15.41858833333333,78.24878333333334,78.24878333333334</coordinates>
            </LineString>
        </Placemark>
    </Document>
</kml>
